activity_id,planned_disbursement_index,type_code,period_start,period_end,amount,currency,value_date,provider_org_ref,provider_org_name,provider_org_type,provider_activity_id,receiver_org_ref,receiver_org_name,receiver_org_type,receiver_activity_id
NL-KVK-41160054-201432,0,1,2025-01-01,2025-03-31,219967.0,EUR,2025-01-01,,,,,,,,
NL-KVK-41160054-201508,0,1,2025-07-01,2026-06-30,4777976.61,EUR,2025-07-01,,,,,,,,
DAC-1601-INV-074669,0,1,2026-01-01,2026-03-31,0.0,USD,2026-01-01,DAC-1601,Gates Foundation,60,,,"Vital Strategies, Inc.",,
DAC-1601-INV-074669,1,1,2026-04-01,2026-06-30,0.0,USD,2026-04-01,DAC-1601,Gates Foundation,60,,,"Vital Strategies, Inc.",,
DAC-1601-INV-074669,2,1,2026-07-01,2026-09-30,0.0,USD,2026-07-01,DAC-1601,Gates Foundation,60,,,"Vital Strategies, Inc.",,
DAC-1601-INV-074669,3,1,2026-10-01,2026-12-31,0.0,USD,2026-10-01,DAC-1601,Gates Foundation,60,,,"Vital Strategies, Inc.",,
DAC-1601-INV-074669,4,1,2027-01-01,2027-03-31,1503091.0,USD,2027-01-01,DAC-1601,Gates Foundation,60,,,"Vital Strategies, Inc.",,
DAC-1601-INV-074669,5,1,2027-04-01,2027-06-30,0.0,USD,2027-04-01,DAC-1601,Gates Foundation,60,,,"Vital Strategies, Inc.",,
DAC-1601-INV-074669,6,1,2027-07-01,2027-09-30,0.0,USD,2027-07-01,DAC-1601,Gates Foundation,60,,,"Vital Strategies, Inc.",,
DAC-1601-INV-074669,7,1,2027-10-01,2027-12-31,0.0,USD,2027-10-01,DAC-1601,Gates Foundation,60,,,"Vital Strategies, Inc.",,
DAC-1601-INV-075238,0,1,2026-01-01,2026-03-31,0.0,USD,2026-01-01,DAC-1601,Gates Foundation,60,,,Opian Information Communication Technology PLC,,
DAC-1601-INV-075238,1,1,2026-04-01,2026-06-30,0.0,USD,2026-04-01,DAC-1601,Gates Foundation,60,,,Opian Information Communication Technology PLC,,
DAC-1601-INV-075238,2,1,2026-07-01,2026-09-30,357298.0,USD,2026-07-01,DAC-1601,Gates Foundation,60,,,Opian Information Communication Technology PLC,,
DAC-1601-INV-075238,3,1,2026-10-01,2026-12-31,0.0,USD,2026-10-01,DAC-1601,Gates Foundation,60,,,Opian Information Communication Technology PLC,,
DAC-1601-INV-075238,4,1,2027-01-01,2027-03-31,0.0,USD,2027-01-01,DAC-1601,Gates Foundation,60,,,Opian Information Communication Technology PLC,,
DAC-1601-INV-075238,5,1,2027-04-01,2027-06-30,0.0,USD,2027-04-01,DAC-1601,Gates Foundation,60,,,Opian Information Communication Technology PLC,,
DAC-1601-INV-075238,6,1,2027-07-01,2027-09-30,0.0,USD,2027-07-01,DAC-1601,Gates Foundation,60,,,Opian Information Communication Technology PLC,,
DAC-1601-INV-075238,7,1,2027-10-01,2027-12-31,0.0,USD,2027-10-01,DAC-1601,Gates Foundation,60,,,Opian Information Communication Technology PLC,,
KR-GOV-021-23ED00031,0,1,2026-01-01,2026-12-31,0.0,KRW,2026-01-01,KR-GOV-021,The Export-Import Bank of Korea(Economic Development Cooperation Fund),10,KR-GOV-021-23ED00031,,,,
DAC-1601-INV-070201,0,1,2026-01-01,2026-03-31,0.0,USD,2026-01-01,DAC-1601,Gates Foundation,60,,,University of Geneva,,
DAC-1601-INV-070201,1,1,2026-04-01,2026-06-30,0.0,USD,2026-04-01,DAC-1601,Gates Foundation,60,,,University of Geneva,,
DAC-1601-INV-070201,2,1,2026-07-01,2026-09-30,0.0,USD,2026-07-01,DAC-1601,Gates Foundation,60,,,University of Geneva,,
DAC-1601-INV-070201,3,1,2026-10-01,2026-12-31,0.0,USD,2026-10-01,DAC-1601,Gates Foundation,60,,,University of Geneva,,
DAC-1601-INV-070201,4,1,2027-01-01,2027-03-31,0.0,USD,2027-01-01,DAC-1601,Gates Foundation,60,,,University of Geneva,,
DAC-1601-INV-070201,5,1,2027-04-01,2027-06-30,0.0,USD,2027-04-01,DAC-1601,Gates Foundation,60,,,University of Geneva,,
DAC-1601-INV-070201,6,1,2027-07-01,2027-09-30,0.0,USD,2027-07-01,DAC-1601,Gates Foundation,60,,,University of Geneva,,
DAC-1601-INV-070201,7,1,2027-10-01,2027-12-31,0.0,USD,2027-10-01,DAC-1601,Gates Foundation,60,,,University of Geneva,,
KR-GOV-021-10ED00014,0,1,2026-01-01,2026-12-31,0.0,KRW,2026-01-01,KR-GOV-021,The Export-Import Bank of Korea(Economic Development Cooperation Fund),10,KR-GOV-021-10ED00014,,,,
DAC-1601-INV-091012,0,1,2026-01-01,2026-03-31,0.0,USD,2026-01-01,DAC-1601,Gates Foundation,60,,,World Health Organization,,
DAC-1601-INV-091012,1,1,2026-04-01,2026-06-30,0.0,USD,2026-04-01,DAC-1601,Gates Foundation,60,,,World Health Organization,,
DAC-1601-INV-091012,2,1,2026-07-01,2026-09-30,0.0,USD,2026-07-01,DAC-1601,Gates Foundation,60,,,World Health Organization,,
DAC-1601-INV-091012,3,1,2026-10-01,2026-12-31,0.0,USD,2026-10-01,DAC-1601,Gates Foundation,60,,,World Health Organization,,
DAC-1601-INV-091012,4,1,2027-01-01,2027-03-31,800000.0,USD,2027-01-01,DAC-1601,Gates Foundation,60,,,World Health Organization,,
DAC-1601-INV-091012,5,1,2027-04-01,2027-06-30,0.0,USD,2027-04-01,DAC-1601,Gates Foundation,60,,,World Health Organization,,
DAC-1601-INV-091012,6,1,2027-07-01,2027-09-30,0.0,USD,2027-07-01,DAC-1601,Gates Foundation,60,,,World Health Organization,,
DAC-1601-INV-091012,7,1,2027-10-01,2027-12-31,0.0,USD,2027-10-01,DAC-1601,Gates Foundation,60,,,World Health Organization,,
DAC-1601-INV-060621,0,1,2026-01-01,2026-03-31,0.0,USD,2026-01-01,DAC-1601,Gates Foundation,60,,,"Development Gateway, Inc.",,
DAC-1601-INV-060621,1,1,2026-04-01,2026-06-30,0.0,USD,2026-04-01,DAC-1601,Gates Foundation,60,,,"Development Gateway, Inc.",,
DAC-1601-INV-060621,2,1,2026-07-01,2026-09-30,0.0,USD,2026-07-01,DAC-1601,Gates Foundation,60,,,"Development Gateway, Inc.",,
DAC-1601-INV-060621,3,1,2026-10-01,2026-12-31,0.0,USD,2026-10-01,DAC-1601,Gates Foundation,60,,,"Development Gateway, Inc.",,
DAC-1601-INV-060621,4,1,2027-01-01,2027-03-31,965625.0,USD,2027-01-01,DAC-1601,Gates Foundation,60,,,"Development Gateway, Inc.",,
DAC-1601-INV-060621,5,1,2027-04-01,2027-06-30,0.0,USD,2027-04-01,DAC-1601,Gates Foundation,60,,,"Development Gateway, Inc.",,
DAC-1601-INV-060621,6,1,2027-07-01,2027-09-30,0.0,USD,2027-07-01,DAC-1601,Gates Foundation,60,,,"Development Gateway, Inc.",,
DAC-1601-INV-060621,7,1,2027-10-01,2027-12-31,0.0,USD,2027-10-01,DAC-1601,Gates Foundation,60,,,"Development Gateway, Inc.",,
KR-GOV-021-12ED00019,0,1,2026-01-01,2026-12-31,0.0,KRW,2026-01-01,KR-GOV-021,The Export-Import Bank of Korea(Economic Development Cooperation Fund),10,KR-GOV-021-12ED00019,,,,
CA-3-P012539001,0,,2026-04-01,2027-03-31,23633000.0,,2025-03-07,,,,,,,,
KR-GOV-021-22ED00010,0,1,2026-01-01,2026-12-31,0.0,KRW,2026-01-01,KR-GOV-021,The Export-Import Bank of Korea(Economic Development Cooperation Fund),10,KR-GOV-021-22ED00010,,,,
KR-GOV-021-22ED00028,0,1,2026-01-01,2026-12-31,0.0,KRW,2026-01-01,KR-GOV-021,The Export-Import Bank of Korea(Economic Development Cooperation Fund),10,KR-GOV-021-22ED00028,,,,
KR-GOV-021-09ED00009,0,1,2026-01-01,2026-12-31,0.0,KRW,2026-01-01,KR-GOV-021,The Export-Import Bank of Korea(Economic Development Cooperation Fund),10,KR-GOV-021-09ED00009,,,,
DAC-1601-INV-095061,0,1,2026-01-01,2026-03-31,0.0,USD,2026-01-01,DAC-1601,Gates Foundation,60,,,"Ministry of Health, Rwanda",,
DAC-1601-INV-095061,1,1,2026-04-01,2026-06-30,0.0,USD,2026-04-01,DAC-1601,Gates Foundation,60,,,"Ministry of Health, Rwanda",,
DAC-1601-INV-095061,2,1,2026-07-01,2026-09-30,0.0,USD,2026-07-01,DAC-1601,Gates Foundation,60,,,"Ministry of Health, Rwanda",,
DAC-1601-INV-095061,3,1,2026-10-01,2026-12-31,30000.0,USD,2026-10-01,DAC-1601,Gates Foundation,60,,,"Ministry of Health, Rwanda",,
DAC-1601-INV-095061,4,1,2027-01-01,2027-03-31,0.0,USD,2027-01-01,DAC-1601,Gates Foundation,60,,,"Ministry of Health, Rwanda",,
DAC-1601-INV-095061,5,1,2027-04-01,2027-06-30,0.0,USD,2027-04-01,DAC-1601,Gates Foundation,60,,,"Ministry of Health, Rwanda",,
DAC-1601-INV-095061,6,1,2027-07-01,2027-09-30,0.0,USD,2027-07-01,DAC-1601,Gates Foundation,60,,,"Ministry of Health, Rwanda",,
DAC-1601-INV-095061,7,1,2027-10-01,2027-12-31,0.0,USD,2027-10-01,DAC-1601,Gates Foundation,60,,,"Ministry of Health, Rwanda",,
DAC-1601-INV-091669,0,1,2026-01-01,2026-03-31,0.0,USD,2026-01-01,DAC-1601,Gates Foundation,60,,,Clinton Health Access Initiative Inc,,
DAC-1601-INV-091669,1,1,2026-04-01,2026-06-30,0.0,USD,2026-04-01,DAC-1601,Gates Foundation,60,,,Clinton Health Access Initiative Inc,,
DAC-1601-INV-091669,2,1,2026-07-01,2026-09-30,0.0,USD,2026-07-01,DAC-1601,Gates Foundation,60,,,Clinton Health Access Initiative Inc,,
DAC-1601-INV-091669,3,1,2026-10-01,2026-12-31,0.0,USD,2026-10-01,DAC-1601,Gates Foundation,60,,,Clinton Health Access Initiative Inc,,
DAC-1601-INV-091669,4,1,2027-01-01,2027-03-31,1759120.0,USD,2027-01-01,DAC-1601,Gates Foundation,60,,,Clinton Health Access Initiative Inc,,
DAC-1601-INV-091669,5,1,2027-04-01,2027-06-30,0.0,USD,2027-04-01,DAC-1601,Gates Foundation,60,,,Clinton Health Access Initiative Inc,,
DAC-1601-INV-091669,6,1,2027-07-01,2027-09-30,0.0,USD,2027-07-01,DAC-1601,Gates Foundation,60,,,Clinton Health Access Initiative Inc,,
DAC-1601-INV-091669,7,1,2027-10-01,2027-12-31,0.0,USD,2027-10-01,DAC-1601,Gates Foundation,60,,,Clinton Health Access Initiative Inc,,
KR-GOV-021-21ED00024,0,1,2026-01-01,2026-12-31,0.0,KRW,2026-01-01,KR-GOV-021,The Export-Import Bank of Korea(Economic Development Cooperation Fund),10,KR-GOV-021-21ED00024,,,,
KR-GOV-021-20ED00022,0,1,2026-01-01,2026-12-31,0.0,KRW,2026-01-01,KR-GOV-021,The Export-Import Bank of Korea(Economic Development Cooperation Fund),10,KR-GOV-021-20ED00022,,,,
KR-GOV-021-23ED00041,0,1,2026-01-01,2026-12-31,0.0,KRW,2026-01-01,KR-GOV-021,The Export-Import Bank of Korea(Economic Development Cooperation Fund),10,KR-GOV-021-23ED00041,,,,
DAC-1601-INV-095684,0,1,2026-01-01,2026-03-31,0.0,USD,2026-01-01,DAC-1601,Gates Foundation,60,,,Clinton Health Access Initiative Inc,,
DAC-1601-INV-095684,1,1,2026-04-01,2026-06-30,700000.0,USD,2026-04-01,DAC-1601,Gates Foundation,60,,,Clinton Health Access Initiative Inc,,
DAC-1601-INV-095684,2,1,2026-07-01,2026-09-30,0.0,USD,2026-07-01,DAC-1601,Gates Foundation,60,,,Clinton Health Access Initiative Inc,,
DAC-1601-INV-095684,3,1,2026-10-01,2026-12-31,0.0,USD,2026-10-01,DAC-1601,Gates Foundation,60,,,Clinton Health Access Initiative Inc,,
DAC-1601-INV-095684,4,1,2027-01-01,2027-03-31,1800000.0,USD,2027-01-01,DAC-1601,Gates Foundation,60,,,Clinton Health Access Initiative Inc,,
DAC-1601-INV-095684,5,1,2027-04-01,2027-06-30,0.0,USD,2027-04-01,DAC-1601,Gates Foundation,60,,,Clinton Health Access Initiative Inc,,
DAC-1601-INV-095684,6,1,2027-07-01,2027-09-30,0.0,USD,2027-07-01,DAC-1601,Gates Foundation,60,,,Clinton Health Access Initiative Inc,,
DAC-1601-INV-095684,7,1,2027-10-01,2027-12-31,0.0,USD,2027-10-01,DAC-1601,Gates Foundation,60,,,Clinton Health Access Initiative Inc,,
DAC-1601-INV-047794,0,1,2026-01-01,2026-03-31,0.0,USD,2026-01-01,DAC-1601,Gates Foundation,60,,,African Capacity Building Foundation,,
DAC-1601-INV-047794,1,1,2026-04-01,2026-06-30,0.0,USD,2026-04-01,DAC-1601,Gates Foundation,60,,,African Capacity Building Foundation,,
DAC-1601-INV-047794,2,1,2026-07-01,2026-09-30,2249981.0,USD,2026-07-01,DAC-1601,Gates Foundation,60,,,African Capacity Building Foundation,,
DAC-1601-INV-047794,3,1,2026-10-01,2026-12-31,0.0,USD,2026-10-01,DAC-1601,Gates Foundation,60,,,African Capacity Building Foundation,,
DAC-1601-INV-047794,4,1,2027-01-01,2027-03-31,0.0,USD,2027-01-01,DAC-1601,Gates Foundation,60,,,African Capacity Building Foundation,,
DAC-1601-INV-047794,5,1,2027-04-01,2027-06-30,0.0,USD,2027-04-01,DAC-1601,Gates Foundation,60,,,African Capacity Building Foundation,,
DAC-1601-INV-047794,6,1,2027-07-01,2027-09-30,0.0,USD,2027-07-01,DAC-1601,Gates Foundation,60,,,African Capacity Building Foundation,,
DAC-1601-INV-047794,7,1,2027-10-01,2027-12-31,0.0,USD,2027-10-01,DAC-1601,Gates Foundation,60,,,African Capacity Building Foundation,,
NL-KVK-41160054-201510,0,1,2025-01-01,2027-12-31,210000.0,USD,2025-01-01,,,,,,,,
DAC-1601-INV-085851,0,1,2026-01-01,2026-03-31,0.0,USD,2026-01-01,DAC-1601,Gates Foundation,60,,,HISP Tanzania Limited,,
DAC-1601-INV-085851,1,1,2026-04-01,2026-06-30,0.0,USD,2026-04-01,DAC-1601,Gates Foundation,60,,,HISP Tanzania Limited,,
DAC-1601-INV-085851,2,1,2026-07-01,2026-09-30,0.0,USD,2026-07-01,DAC-1601,Gates Foundation,60,,,HISP Tanzania Limited,,
DAC-1601-INV-085851,3,1,2026-10-01,2026-12-31,0.0,USD,2026-10-01,DAC-1601,Gates Foundation,60,,,HISP Tanzania Limited,,
DAC-1601-INV-085851,4,1,2027-01-01,2027-03-31,119155.0,USD,2027-01-01,DAC-1601,Gates Foundation,60,,,HISP Tanzania Limited,,
DAC-1601-INV-085851,5,1,2027-04-01,2027-06-30,0.0,USD,2027-04-01,DAC-1601,Gates Foundation,60,,,HISP Tanzania Limited,,
DAC-1601-INV-085851,6,1,2027-07-01,2027-09-30,0.0,USD,2027-07-01,DAC-1601,Gates Foundation,60,,,HISP Tanzania Limited,,
DAC-1601-INV-085851,7,1,2027-10-01,2027-12-31,0.0,USD,2027-10-01,DAC-1601,Gates Foundation,60,,,HISP Tanzania Limited,,
DAC-1601-INV-049856,0,1,2026-01-01,2026-03-31,0.0,USD,2026-01-01,DAC-1601,Gates Foundation,60,,,United States Fund for UNICEF,,
DAC-1601-INV-049856,1,1,2026-04-01,2026-06-30,0.0,USD,2026-04-01,DAC-1601,Gates Foundation,60,,,United States Fund for UNICEF,,
DAC-1601-INV-049856,2,1,2026-07-01,2026-09-30,0.0,USD,2026-07-01,DAC-1601,Gates Foundation,60,,,United States Fund for UNICEF,,
DAC-1601-INV-049856,3,1,2026-10-01,2026-12-31,0.0,USD,2026-10-01,DAC-1601,Gates Foundation,60,,,United States Fund for UNICEF,,
DAC-1601-INV-049856,4,1,2027-01-01,2027-03-31,0.0,USD,2027-01-01,DAC-1601,Gates Foundation,60,,,United States Fund for UNICEF,,
DAC-1601-INV-049856,5,1,2027-04-01,2027-06-30,0.0,USD,2027-04-01,DAC-1601,Gates Foundation,60,,,United States Fund for UNICEF,,
DAC-1601-INV-049856,6,1,2027-07-01,2027-09-30,0.0,USD,2027-07-01,DAC-1601,Gates Foundation,60,,,United States Fund for UNICEF,,
DAC-1601-INV-049856,7,1,2027-10-01,2027-12-31,0.0,USD,2027-10-01,DAC-1601,Gates Foundation,60,,,United States Fund for UNICEF,,
KR-GOV-021-20ED00045,0,1,2026-01-01,2026-12-31,0.0,KRW,2026-01-01,KR-GOV-021,The Export-Import Bank of Korea(Economic Development Cooperation Fund),10,KR-GOV-021-20ED00045,,,,
KR-GOV-010-KR-GOV-051-2026030102578,0,1,2026-01-01,2026-12-31,0.0,KRW,2026-06-30,KR-GOV-051,Korea International Cooperation Agency,10,KR-GOV-010-KR-GOV-051-2026030102578,,,,
DAC-1601-INV-095101,0,1,2026-01-01,2026-03-31,0.0,USD,2026-01-01,DAC-1601,Gates Foundation,60,,,University of Global Health Equity,,
DAC-1601-INV-095101,1,1,2026-04-01,2026-06-30,0.0,USD,2026-04-01,DAC-1601,Gates Foundation,60,,,University of Global Health Equity,,
DAC-1601-INV-095101,2,1,2026-07-01,2026-09-30,0.0,USD,2026-07-01,DAC-1601,Gates Foundation,60,,,University of Global Health Equity,,
DAC-1601-INV-095101,3,1,2026-10-01,2026-12-31,0.0,USD,2026-10-01,DAC-1601,Gates Foundation,60,,,University of Global Health Equity,,
DAC-1601-INV-095101,4,1,2027-01-01,2027-03-31,0.0,USD,2027-01-01,DAC-1601,Gates Foundation,60,,,University of Global Health Equity,,
DAC-1601-INV-095101,5,1,2027-04-01,2027-06-30,0.0,USD,2027-04-01,DAC-1601,Gates Foundation,60,,,University of Global Health Equity,,
DAC-1601-INV-095101,6,1,2027-07-01,2027-09-30,0.0,USD,2027-07-01,DAC-1601,Gates Foundation,60,,,University of Global Health Equity,,
DAC-1601-INV-095101,7,1,2027-10-01,2027-12-31,0.0,USD,2027-10-01,DAC-1601,Gates Foundation,60,,,University of Global Health Equity,,
KR-GOV-110-1352000_2023_013,0,1,2026-01-01,2026-12-31,156315466.0,KRW,2026-01-01,KR-GOV-110,Ministry of Health and Welfare,10,KR-GOV-110-1352000_2023_013,,,,
DAC-1601-INV-025784,0,1,2026-01-01,2026-03-31,0.0,USD,2026-01-01,DAC-1601,Gates Foundation,60,,,"JSI Research & Training Institute, Inc.",,
DAC-1601-INV-025784,1,1,2026-04-01,2026-06-30,0.0,USD,2026-04-01,DAC-1601,Gates Foundation,60,,,"JSI Research & Training Institute, Inc.",,
DAC-1601-INV-025784,2,1,2026-07-01,2026-09-30,2400000.0,USD,2026-07-01,DAC-1601,Gates Foundation,60,,,"JSI Research & Training Institute, Inc.",,
DAC-1601-INV-025784,3,1,2026-10-01,2026-12-31,0.0,USD,2026-10-01,DAC-1601,Gates Foundation,60,,,"JSI Research & Training Institute, Inc.",,
DAC-1601-INV-025784,4,1,2027-01-01,2027-03-31,0.0,USD,2027-01-01,DAC-1601,Gates Foundation,60,,,"JSI Research & Training Institute, Inc.",,
DAC-1601-INV-025784,5,1,2027-04-01,2027-06-30,0.0,USD,2027-04-01,DAC-1601,Gates Foundation,60,,,"JSI Research & Training Institute, Inc.",,
DAC-1601-INV-025784,6,1,2027-07-01,2027-09-30,798901.0,USD,2027-07-01,DAC-1601,Gates Foundation,60,,,"JSI Research & Training Institute, Inc.",,
DAC-1601-INV-025784,7,1,2027-10-01,2027-12-31,0.0,USD,2027-10-01,DAC-1601,Gates Foundation,60,,,"JSI Research & Training Institute, Inc.",,
DAC-1601-INV-066653,0,1,2026-01-01,2026-03-31,0.0,USD,2026-01-01,DAC-1601,Gates Foundation,60,,,London School of Hygiene and Tropical Medicine,,
DAC-1601-INV-066653,1,1,2026-04-01,2026-06-30,0.0,USD,2026-04-01,DAC-1601,Gates Foundation,60,,,London School of Hygiene and Tropical Medicine,,
DAC-1601-INV-066653,2,1,2026-07-01,2026-09-30,0.0,USD,2026-07-01,DAC-1601,Gates Foundation,60,,,London School of Hygiene and Tropical Medicine,,
DAC-1601-INV-066653,3,1,2026-10-01,2026-12-31,0.0,USD,2026-10-01,DAC-1601,Gates Foundation,60,,,London School of Hygiene and Tropical Medicine,,
DAC-1601-INV-066653,4,1,2027-01-01,2027-03-31,399841.0,USD,2027-01-01,DAC-1601,Gates Foundation,60,,,London School of Hygiene and Tropical Medicine,,
DAC-1601-INV-066653,5,1,2027-04-01,2027-06-30,0.0,USD,2027-04-01,DAC-1601,Gates Foundation,60,,,London School of Hygiene and Tropical Medicine,,
DAC-1601-INV-066653,6,1,2027-07-01,2027-09-30,0.0,USD,2027-07-01,DAC-1601,Gates Foundation,60,,,London School of Hygiene and Tropical Medicine,,
DAC-1601-INV-066653,7,1,2027-10-01,2027-12-31,0.0,USD,2027-10-01,DAC-1601,Gates Foundation,60,,,London School of Hygiene and Tropical Medicine,,
DAC-1601-INV-045980,0,1,2026-01-01,2026-03-31,0.0,USD,2026-01-01,DAC-1601,Gates Foundation,60,,,AMREF Health Africa,,
DAC-1601-INV-045980,1,1,2026-04-01,2026-06-30,6500000.0,USD,2026-04-01,DAC-1601,Gates Foundation,60,,,AMREF Health Africa,,
DAC-1601-INV-045980,2,1,2026-07-01,2026-09-30,0.0,USD,2026-07-01,DAC-1601,Gates Foundation,60,,,AMREF Health Africa,,
DAC-1601-INV-045980,3,1,2026-10-01,2026-12-31,0.0,USD,2026-10-01,DAC-1601,Gates Foundation,60,,,AMREF Health Africa,,
DAC-1601-INV-045980,4,1,2027-01-01,2027-03-31,0.0,USD,2027-01-01,DAC-1601,Gates Foundation,60,,,AMREF Health Africa,,
DAC-1601-INV-045980,5,1,2027-04-01,2027-06-30,3000000.0,USD,2027-04-01,DAC-1601,Gates Foundation,60,,,AMREF Health Africa,,
DAC-1601-INV-045980,6,1,2027-07-01,2027-09-30,0.0,USD,2027-07-01,DAC-1601,Gates Foundation,60,,,AMREF Health Africa,,
DAC-1601-INV-045980,7,1,2027-10-01,2027-12-31,0.0,USD,2027-10-01,DAC-1601,Gates Foundation,60,,,AMREF Health Africa,,
DAC-1601-INV-046160,0,1,2026-01-01,2026-03-31,0.0,USD,2026-01-01,DAC-1601,Gates Foundation,60,,,ThinkPlace Kenya Ltd.,,
DAC-1601-INV-046160,1,1,2026-04-01,2026-06-30,0.0,USD,2026-04-01,DAC-1601,Gates Foundation,60,,,ThinkPlace Kenya Ltd.,,
DAC-1601-INV-046160,2,1,2026-07-01,2026-09-30,0.0,USD,2026-07-01,DAC-1601,Gates Foundation,60,,,ThinkPlace Kenya Ltd.,,
DAC-1601-INV-046160,3,1,2026-10-01,2026-12-31,0.0,USD,2026-10-01,DAC-1601,Gates Foundation,60,,,ThinkPlace Kenya Ltd.,,
DAC-1601-INV-046160,4,1,2027-01-01,2027-03-31,0.0,USD,2027-01-01,DAC-1601,Gates Foundation,60,,,ThinkPlace Kenya Ltd.,,
DAC-1601-INV-046160,5,1,2027-04-01,2027-06-30,0.0,USD,2027-04-01,DAC-1601,Gates Foundation,60,,,ThinkPlace Kenya Ltd.,,
DAC-1601-INV-046160,6,1,2027-07-01,2027-09-30,0.0,USD,2027-07-01,DAC-1601,Gates Foundation,60,,,ThinkPlace Kenya Ltd.,,
DAC-1601-INV-046160,7,1,2027-10-01,2027-12-31,0.0,USD,2027-10-01,DAC-1601,Gates Foundation,60,,,ThinkPlace Kenya Ltd.,,
DAC-1601-INV-061461,0,1,2026-01-01,2026-03-31,0.0,USD,2026-01-01,DAC-1601,Gates Foundation,60,,,University of Gondar,,
DAC-1601-INV-061461,1,1,2026-04-01,2026-06-30,0.0,USD,2026-04-01,DAC-1601,Gates Foundation,60,,,University of Gondar,,
DAC-1601-INV-061461,2,1,2026-07-01,2026-09-30,1199869.0,USD,2026-07-01,DAC-1601,Gates Foundation,60,,,University of Gondar,,
DAC-1601-INV-061461,3,1,2026-10-01,2026-12-31,0.0,USD,2026-10-01,DAC-1601,Gates Foundation,60,,,University of Gondar,,
DAC-1601-INV-061461,4,1,2027-01-01,2027-03-31,0.0,USD,2027-01-01,DAC-1601,Gates Foundation,60,,,University of Gondar,,
DAC-1601-INV-061461,5,1,2027-04-01,2027-06-30,0.0,USD,2027-04-01,DAC-1601,Gates Foundation,60,,,University of Gondar,,
DAC-1601-INV-061461,6,1,2027-07-01,2027-09-30,0.0,USD,2027-07-01,DAC-1601,Gates Foundation,60,,,University of Gondar,,
DAC-1601-INV-061461,7,1,2027-10-01,2027-12-31,0.0,USD,2027-10-01,DAC-1601,Gates Foundation,60,,,University of Gondar,,
DAC-1601-INV-044135,0,1,2026-01-01,2026-03-31,1500000.0,USD,2026-01-01,DAC-1601,Gates Foundation,60,,,Ethiopian Public Health Institute,,
DAC-1601-INV-044135,1,1,2026-04-01,2026-06-30,0.0,USD,2026-04-01,DAC-1601,Gates Foundation,60,,,Ethiopian Public Health Institute,,
DAC-1601-INV-044135,2,1,2026-07-01,2026-09-30,0.0,USD,2026-07-01,DAC-1601,Gates Foundation,60,,,Ethiopian Public Health Institute,,
DAC-1601-INV-044135,3,1,2026-10-01,2026-12-31,0.0,USD,2026-10-01,DAC-1601,Gates Foundation,60,,,Ethiopian Public Health Institute,,
DAC-1601-INV-044135,4,1,2027-01-01,2027-03-31,492564.0,USD,2027-01-01,DAC-1601,Gates Foundation,60,,,Ethiopian Public Health Institute,,
DAC-1601-INV-044135,5,1,2027-04-01,2027-06-30,0.0,USD,2027-04-01,DAC-1601,Gates Foundation,60,,,Ethiopian Public Health Institute,,
DAC-1601-INV-044135,6,1,2027-07-01,2027-09-30,0.0,USD,2027-07-01,DAC-1601,Gates Foundation,60,,,Ethiopian Public Health Institute,,
DAC-1601-INV-044135,7,1,2027-10-01,2027-12-31,0.0,USD,2027-10-01,DAC-1601,Gates Foundation,60,,,Ethiopian Public Health Institute,,
DAC-1601-INV-095062,0,1,2026-01-01,2026-03-31,0.0,USD,2026-01-01,DAC-1601,Gates Foundation,60,,,Haramaya University,,
DAC-1601-INV-095062,1,1,2026-04-01,2026-06-30,0.0,USD,2026-04-01,DAC-1601,Gates Foundation,60,,,Haramaya University,,
DAC-1601-INV-095062,2,1,2026-07-01,2026-09-30,0.0,USD,2026-07-01,DAC-1601,Gates Foundation,60,,,Haramaya University,,
DAC-1601-INV-095062,3,1,2026-10-01,2026-12-31,30000.0,USD,2026-10-01,DAC-1601,Gates Foundation,60,,,Haramaya University,,
DAC-1601-INV-095062,4,1,2027-01-01,2027-03-31,0.0,USD,2027-01-01,DAC-1601,Gates Foundation,60,,,Haramaya University,,
DAC-1601-INV-095062,5,1,2027-04-01,2027-06-30,0.0,USD,2027-04-01,DAC-1601,Gates Foundation,60,,,Haramaya University,,
DAC-1601-INV-095062,6,1,2027-07-01,2027-09-30,0.0,USD,2027-07-01,DAC-1601,Gates Foundation,60,,,Haramaya University,,
DAC-1601-INV-095062,7,1,2027-10-01,2027-12-31,0.0,USD,2027-10-01,DAC-1601,Gates Foundation,60,,,Haramaya University,,
DAC-1601-INV-046277,0,1,2026-01-01,2026-03-31,0.0,USD,2026-01-01,DAC-1601,Gates Foundation,60,,,HABTech Solutions PLC,,
DAC-1601-INV-046277,1,1,2026-04-01,2026-06-30,0.0,USD,2026-04-01,DAC-1601,Gates Foundation,60,,,HABTech Solutions PLC,,
DAC-1601-INV-046277,2,1,2026-07-01,2026-09-30,798306.0,USD,2026-07-01,DAC-1601,Gates Foundation,60,,,HABTech Solutions PLC,,
DAC-1601-INV-046277,3,1,2026-10-01,2026-12-31,0.0,USD,2026-10-01,DAC-1601,Gates Foundation,60,,,HABTech Solutions PLC,,
DAC-1601-INV-046277,4,1,2027-01-01,2027-03-31,0.0,USD,2027-01-01,DAC-1601,Gates Foundation,60,,,HABTech Solutions PLC,,
DAC-1601-INV-046277,5,1,2027-04-01,2027-06-30,0.0,USD,2027-04-01,DAC-1601,Gates Foundation,60,,,HABTech Solutions PLC,,
DAC-1601-INV-046277,6,1,2027-07-01,2027-09-30,0.0,USD,2027-07-01,DAC-1601,Gates Foundation,60,,,HABTech Solutions PLC,,
DAC-1601-INV-046277,7,1,2027-10-01,2027-12-31,0.0,USD,2027-10-01,DAC-1601,Gates Foundation,60,,,HABTech Solutions PLC,,
DAC-1601-INV-089469,0,1,2026-01-01,2026-03-31,0.0,USD,2026-01-01,DAC-1601,Gates Foundation,60,,,Quantium Health South Africa,,
DAC-1601-INV-089469,1,1,2026-04-01,2026-06-30,0.0,USD,2026-04-01,DAC-1601,Gates Foundation,60,,,Quantium Health South Africa,,
DAC-1601-INV-089469,2,1,2026-07-01,2026-09-30,0.0,USD,2026-07-01,DAC-1601,Gates Foundation,60,,,Quantium Health South Africa,,
DAC-1601-INV-089469,3,1,2026-10-01,2026-12-31,0.0,USD,2026-10-01,DAC-1601,Gates Foundation,60,,,Quantium Health South Africa,,
DAC-1601-INV-089469,4,1,2027-01-01,2027-03-31,0.0,USD,2027-01-01,DAC-1601,Gates Foundation,60,,,Quantium Health South Africa,,
DAC-1601-INV-089469,5,1,2027-04-01,2027-06-30,0.0,USD,2027-04-01,DAC-1601,Gates Foundation,60,,,Quantium Health South Africa,,
DAC-1601-INV-089469,6,1,2027-07-01,2027-09-30,0.0,USD,2027-07-01,DAC-1601,Gates Foundation,60,,,Quantium Health South Africa,,
DAC-1601-INV-089469,7,1,2027-10-01,2027-12-31,0.0,USD,2027-10-01,DAC-1601,Gates Foundation,60,,,Quantium Health South Africa,,
DAC-1601-INV-060889,0,1,2026-01-01,2026-03-31,0.0,USD,2026-01-01,DAC-1601,Gates Foundation,60,,,Project HOPE,,
DAC-1601-INV-060889,1,1,2026-04-01,2026-06-30,0.0,USD,2026-04-01,DAC-1601,Gates Foundation,60,,,Project HOPE,,
DAC-1601-INV-060889,2,1,2026-07-01,2026-09-30,0.0,USD,2026-07-01,DAC-1601,Gates Foundation,60,,,Project HOPE,,
DAC-1601-INV-060889,3,1,2026-10-01,2026-12-31,0.0,USD,2026-10-01,DAC-1601,Gates Foundation,60,,,Project HOPE,,
DAC-1601-INV-060889,4,1,2027-01-01,2027-03-31,0.0,USD,2027-01-01,DAC-1601,Gates Foundation,60,,,Project HOPE,,
DAC-1601-INV-060889,5,1,2027-04-01,2027-06-30,0.0,USD,2027-04-01,DAC-1601,Gates Foundation,60,,,Project HOPE,,
DAC-1601-INV-060889,6,1,2027-07-01,2027-09-30,0.0,USD,2027-07-01,DAC-1601,Gates Foundation,60,,,Project HOPE,,
DAC-1601-INV-060889,7,1,2027-10-01,2027-12-31,0.0,USD,2027-10-01,DAC-1601,Gates Foundation,60,,,Project HOPE,,
XM-DAC-301-2-110677-001,0,1,2024-04-01,2025-03-31,275000.0,CAD,2024-04-01,XM-DAC-301-2,International Development Research Centre,15,,,African Population and Health Research Centre,23,
XM-DAC-301-2-110677-001,1,1,2027-04-01,2028-03-31,44975.0,CAD,2027-04-01,XM-DAC-301-2,International Development Research Centre,15,,,African Population and Health Research Centre,23,
XM-DAC-301-2-110677-001,2,1,2026-04-01,2027-03-31,58175.0,CAD,2026-04-01,XM-DAC-301-2,International Development Research Centre,15,,,African Population and Health Research Centre,23,
XM-DAC-301-2-110677-001,3,1,2025-04-01,2026-03-31,521350.0,CAD,2025-04-01,XM-DAC-301-2,International Development Research Centre,15,,,African Population and Health Research Centre,23,
DAC-1601-INV-074789,0,1,2026-01-01,2026-03-31,0.0,USD,2026-01-01,DAC-1601,Gates Foundation,60,,,Clinton Health Access Initiative (Kenya),,
DAC-1601-INV-074789,1,1,2026-04-01,2026-06-30,0.0,USD,2026-04-01,DAC-1601,Gates Foundation,60,,,Clinton Health Access Initiative (Kenya),,
DAC-1601-INV-074789,2,1,2026-07-01,2026-09-30,1399974.0,USD,2026-07-01,DAC-1601,Gates Foundation,60,,,Clinton Health Access Initiative (Kenya),,
DAC-1601-INV-074789,3,1,2026-10-01,2026-12-31,0.0,USD,2026-10-01,DAC-1601,Gates Foundation,60,,,Clinton Health Access Initiative (Kenya),,
DAC-1601-INV-074789,4,1,2027-01-01,2027-03-31,0.0,USD,2027-01-01,DAC-1601,Gates Foundation,60,,,Clinton Health Access Initiative (Kenya),,
DAC-1601-INV-074789,5,1,2027-04-01,2027-06-30,0.0,USD,2027-04-01,DAC-1601,Gates Foundation,60,,,Clinton Health Access Initiative (Kenya),,
DAC-1601-INV-074789,6,1,2027-07-01,2027-09-30,0.0,USD,2027-07-01,DAC-1601,Gates Foundation,60,,,Clinton Health Access Initiative (Kenya),,
DAC-1601-INV-074789,7,1,2027-10-01,2027-12-31,0.0,USD,2027-10-01,DAC-1601,Gates Foundation,60,,,Clinton Health Access Initiative (Kenya),,
DAC-1601-INV-087117,0,1,2026-01-01,2026-03-31,0.0,USD,2026-01-01,DAC-1601,Gates Foundation,60,,,"Liverpool School of Tropical Medicine, Kenya",,
DAC-1601-INV-087117,1,1,2026-04-01,2026-06-30,0.0,USD,2026-04-01,DAC-1601,Gates Foundation,60,,,"Liverpool School of Tropical Medicine, Kenya",,
DAC-1601-INV-087117,2,1,2026-07-01,2026-09-30,0.0,USD,2026-07-01,DAC-1601,Gates Foundation,60,,,"Liverpool School of Tropical Medicine, Kenya",,
DAC-1601-INV-087117,3,1,2026-10-01,2026-12-31,0.0,USD,2026-10-01,DAC-1601,Gates Foundation,60,,,"Liverpool School of Tropical Medicine, Kenya",,
DAC-1601-INV-087117,4,1,2027-01-01,2027-03-31,4154106.0,USD,2027-01-01,DAC-1601,Gates Foundation,60,,,"Liverpool School of Tropical Medicine, Kenya",,
DAC-1601-INV-087117,5,1,2027-04-01,2027-06-30,0.0,USD,2027-04-01,DAC-1601,Gates Foundation,60,,,"Liverpool School of Tropical Medicine, Kenya",,
DAC-1601-INV-087117,6,1,2027-07-01,2027-09-30,0.0,USD,2027-07-01,DAC-1601,Gates Foundation,60,,,"Liverpool School of Tropical Medicine, Kenya",,
DAC-1601-INV-087117,7,1,2027-10-01,2027-12-31,0.0,USD,2027-10-01,DAC-1601,Gates Foundation,60,,,"Liverpool School of Tropical Medicine, Kenya",,
DAC-1601-INV-044079,0,1,2026-01-01,2026-03-31,0.0,USD,2026-01-01,DAC-1601,Gates Foundation,60,,,University of Nairobi,,
DAC-1601-INV-044079,1,1,2026-04-01,2026-06-30,0.0,USD,2026-04-01,DAC-1601,Gates Foundation,60,,,University of Nairobi,,
DAC-1601-INV-044079,2,1,2026-07-01,2026-09-30,0.0,USD,2026-07-01,DAC-1601,Gates Foundation,60,,,University of Nairobi,,
DAC-1601-INV-044079,3,1,2026-10-01,2026-12-31,1818002.0,USD,2026-10-01,DAC-1601,Gates Foundation,60,,,University of Nairobi,,
DAC-1601-INV-044079,4,1,2027-01-01,2027-03-31,0.0,USD,2027-01-01,DAC-1601,Gates Foundation,60,,,University of Nairobi,,
DAC-1601-INV-044079,5,1,2027-04-01,2027-06-30,0.0,USD,2027-04-01,DAC-1601,Gates Foundation,60,,,University of Nairobi,,
DAC-1601-INV-044079,6,1,2027-07-01,2027-09-30,1225042.0,USD,2027-07-01,DAC-1601,Gates Foundation,60,,,University of Nairobi,,
DAC-1601-INV-044079,7,1,2027-10-01,2027-12-31,0.0,USD,2027-10-01,DAC-1601,Gates Foundation,60,,,University of Nairobi,,
DAC-1601-INV-062657,0,1,2026-01-01,2026-03-31,0.0,USD,2026-01-01,DAC-1601,Gates Foundation,60,,,African Population & Health Research Center,,
DAC-1601-INV-062657,1,1,2026-04-01,2026-06-30,0.0,USD,2026-04-01,DAC-1601,Gates Foundation,60,,,African Population & Health Research Center,,
DAC-1601-INV-062657,2,1,2026-07-01,2026-09-30,775927.0,USD,2026-07-01,DAC-1601,Gates Foundation,60,,,African Population & Health Research Center,,
DAC-1601-INV-062657,3,1,2026-10-01,2026-12-31,0.0,USD,2026-10-01,DAC-1601,Gates Foundation,60,,,African Population & Health Research Center,,
DAC-1601-INV-062657,4,1,2027-01-01,2027-03-31,0.0,USD,2027-01-01,DAC-1601,Gates Foundation,60,,,African Population & Health Research Center,,
DAC-1601-INV-062657,5,1,2027-04-01,2027-06-30,0.0,USD,2027-04-01,DAC-1601,Gates Foundation,60,,,African Population & Health Research Center,,
DAC-1601-INV-062657,6,1,2027-07-01,2027-09-30,591374.0,USD,2027-07-01,DAC-1601,Gates Foundation,60,,,African Population & Health Research Center,,
DAC-1601-INV-062657,7,1,2027-10-01,2027-12-31,0.0,USD,2027-10-01,DAC-1601,Gates Foundation,60,,,African Population & Health Research Center,,
DAC-1601-INV-060615,0,1,2026-01-01,2026-03-31,0.0,USD,2026-01-01,DAC-1601,Gates Foundation,60,,,"PeriGen, Inc",,
DAC-1601-INV-060615,1,1,2026-04-01,2026-06-30,0.0,USD,2026-04-01,DAC-1601,Gates Foundation,60,,,"PeriGen, Inc",,
DAC-1601-INV-060615,2,1,2026-07-01,2026-09-30,0.0,USD,2026-07-01,DAC-1601,Gates Foundation,60,,,"PeriGen, Inc",,
DAC-1601-INV-060615,3,1,2026-10-01,2026-12-31,0.0,USD,2026-10-01,DAC-1601,Gates Foundation,60,,,"PeriGen, Inc",,
DAC-1601-INV-060615,4,1,2027-01-01,2027-03-31,0.0,USD,2027-01-01,DAC-1601,Gates Foundation,60,,,"PeriGen, Inc",,
DAC-1601-INV-060615,5,1,2027-04-01,2027-06-30,485539.0,USD,2027-04-01,DAC-1601,Gates Foundation,60,,,"PeriGen, Inc",,
DAC-1601-INV-060615,6,1,2027-07-01,2027-09-30,0.0,USD,2027-07-01,DAC-1601,Gates Foundation,60,,,"PeriGen, Inc",,
DAC-1601-INV-060615,7,1,2027-10-01,2027-12-31,0.0,USD,2027-10-01,DAC-1601,Gates Foundation,60,,,"PeriGen, Inc",,
DAC-1601-INV-071227,0,1,2026-01-01,2026-03-31,0.0,USD,2026-01-01,DAC-1601,Gates Foundation,60,,,Campaign for Tobacco-Free Kids,,
DAC-1601-INV-071227,1,1,2026-04-01,2026-06-30,0.0,USD,2026-04-01,DAC-1601,Gates Foundation,60,,,Campaign for Tobacco-Free Kids,,
DAC-1601-INV-071227,2,1,2026-07-01,2026-09-30,0.0,USD,2026-07-01,DAC-1601,Gates Foundation,60,,,Campaign for Tobacco-Free Kids,,
DAC-1601-INV-071227,3,1,2026-10-01,2026-12-31,0.0,USD,2026-10-01,DAC-1601,Gates Foundation,60,,,Campaign for Tobacco-Free Kids,,
DAC-1601-INV-071227,4,1,2027-01-01,2027-03-31,3350000.0,USD,2027-01-01,DAC-1601,Gates Foundation,60,,,Campaign for Tobacco-Free Kids,,
DAC-1601-INV-071227,5,1,2027-04-01,2027-06-30,0.0,USD,2027-04-01,DAC-1601,Gates Foundation,60,,,Campaign for Tobacco-Free Kids,,
DAC-1601-INV-071227,6,1,2027-07-01,2027-09-30,0.0,USD,2027-07-01,DAC-1601,Gates Foundation,60,,,Campaign for Tobacco-Free Kids,,
DAC-1601-INV-071227,7,1,2027-10-01,2027-12-31,0.0,USD,2027-10-01,DAC-1601,Gates Foundation,60,,,Campaign for Tobacco-Free Kids,,
DAC-1601-INV-061043,0,1,2026-01-01,2026-03-31,0.0,USD,2026-01-01,DAC-1601,Gates Foundation,60,,,Financing Alliance for Health,,
DAC-1601-INV-061043,1,1,2026-04-01,2026-06-30,0.0,USD,2026-04-01,DAC-1601,Gates Foundation,60,,,Financing Alliance for Health,,
DAC-1601-INV-061043,2,1,2026-07-01,2026-09-30,0.0,USD,2026-07-01,DAC-1601,Gates Foundation,60,,,Financing Alliance for Health,,
DAC-1601-INV-061043,3,1,2026-10-01,2026-12-31,0.0,USD,2026-10-01,DAC-1601,Gates Foundation,60,,,Financing Alliance for Health,,
DAC-1601-INV-061043,4,1,2027-01-01,2027-03-31,0.0,USD,2027-01-01,DAC-1601,Gates Foundation,60,,,Financing Alliance for Health,,
DAC-1601-INV-061043,5,1,2027-04-01,2027-06-30,0.0,USD,2027-04-01,DAC-1601,Gates Foundation,60,,,Financing Alliance for Health,,
DAC-1601-INV-061043,6,1,2027-07-01,2027-09-30,0.0,USD,2027-07-01,DAC-1601,Gates Foundation,60,,,Financing Alliance for Health,,
DAC-1601-INV-061043,7,1,2027-10-01,2027-12-31,0.0,USD,2027-10-01,DAC-1601,Gates Foundation,60,,,Financing Alliance for Health,,
DAC-1601-INV-090390,0,1,2026-01-01,2026-03-31,0.0,USD,2026-01-01,DAC-1601,Gates Foundation,60,,,"ICF Incorporated, L.L.C.",,
DAC-1601-INV-090390,1,1,2026-04-01,2026-06-30,0.0,USD,2026-04-01,DAC-1601,Gates Foundation,60,,,"ICF Incorporated, L.L.C.",,
DAC-1601-INV-090390,2,1,2026-07-01,2026-09-30,0.0,USD,2026-07-01,DAC-1601,Gates Foundation,60,,,"ICF Incorporated, L.L.C.",,
DAC-1601-INV-090390,3,1,2026-10-01,2026-12-31,0.0,USD,2026-10-01,DAC-1601,Gates Foundation,60,,,"ICF Incorporated, L.L.C.",,
DAC-1601-INV-090390,4,1,2027-01-01,2027-03-31,3902365.0,USD,2027-01-01,DAC-1601,Gates Foundation,60,,,"ICF Incorporated, L.L.C.",,
DAC-1601-INV-090390,5,1,2027-04-01,2027-06-30,0.0,USD,2027-04-01,DAC-1601,Gates Foundation,60,,,"ICF Incorporated, L.L.C.",,
DAC-1601-INV-090390,6,1,2027-07-01,2027-09-30,0.0,USD,2027-07-01,DAC-1601,Gates Foundation,60,,,"ICF Incorporated, L.L.C.",,
DAC-1601-INV-090390,7,1,2027-10-01,2027-12-31,0.0,USD,2027-10-01,DAC-1601,Gates Foundation,60,,,"ICF Incorporated, L.L.C.",,
DAC-1601-INV-071981,0,1,2026-01-01,2026-03-31,0.0,USD,2026-01-01,DAC-1601,Gates Foundation,60,,,Tax Justice Network Africa,,
DAC-1601-INV-071981,1,1,2026-04-01,2026-06-30,0.0,USD,2026-04-01,DAC-1601,Gates Foundation,60,,,Tax Justice Network Africa,,
DAC-1601-INV-071981,2,1,2026-07-01,2026-09-30,0.0,USD,2026-07-01,DAC-1601,Gates Foundation,60,,,Tax Justice Network Africa,,
DAC-1601-INV-071981,3,1,2026-10-01,2026-12-31,0.0,USD,2026-10-01,DAC-1601,Gates Foundation,60,,,Tax Justice Network Africa,,
DAC-1601-INV-071981,4,1,2027-01-01,2027-03-31,1900000.0,USD,2027-01-01,DAC-1601,Gates Foundation,60,,,Tax Justice Network Africa,,
DAC-1601-INV-071981,5,1,2027-04-01,2027-06-30,0.0,USD,2027-04-01,DAC-1601,Gates Foundation,60,,,Tax Justice Network Africa,,
DAC-1601-INV-071981,6,1,2027-07-01,2027-09-30,0.0,USD,2027-07-01,DAC-1601,Gates Foundation,60,,,Tax Justice Network Africa,,
DAC-1601-INV-071981,7,1,2027-10-01,2027-12-31,0.0,USD,2027-10-01,DAC-1601,Gates Foundation,60,,,Tax Justice Network Africa,,
XI-IATI-EC_INTPA-2022-PC-13030,0,1,2026-02-01,2026-02-28,1674384.0,,2026-01-01,,European Commission - Directorate General for International Partnerships,15,XI-IATI-EC_INTPA-2022-PC-13030,,Third Country Government (Delegated co-operation),,
CA-3-P011791001,0,,2026-04-01,2027-03-31,6729271.0,,2023-05-25,,,,,,,,
CA-3-P011791001,1,,2027-04-01,2028-03-31,6900000.0,,2023-05-25,,,,,,,,
CA-3-P011791001,2,,2028-04-01,2029-03-31,5800000.0,,2023-05-25,,,,,,,,
DAC-1601-INV-044979,0,1,2026-01-01,2026-03-31,0.0,USD,2026-01-01,DAC-1601,Gates Foundation,60,,,GRID3 Inc,,
DAC-1601-INV-044979,1,1,2026-04-01,2026-06-30,0.0,USD,2026-04-01,DAC-1601,Gates Foundation,60,,,GRID3 Inc,,
DAC-1601-INV-044979,2,1,2026-07-01,2026-09-30,0.0,USD,2026-07-01,DAC-1601,Gates Foundation,60,,,GRID3 Inc,,
DAC-1601-INV-044979,3,1,2026-10-01,2026-12-31,0.0,USD,2026-10-01,DAC-1601,Gates Foundation,60,,,GRID3 Inc,,
DAC-1601-INV-044979,4,1,2027-01-01,2027-03-31,0.0,USD,2027-01-01,DAC-1601,Gates Foundation,60,,,GRID3 Inc,,
DAC-1601-INV-044979,5,1,2027-04-01,2027-06-30,0.0,USD,2027-04-01,DAC-1601,Gates Foundation,60,,,GRID3 Inc,,
DAC-1601-INV-044979,6,1,2027-07-01,2027-09-30,0.0,USD,2027-07-01,DAC-1601,Gates Foundation,60,,,GRID3 Inc,,
DAC-1601-INV-044979,7,1,2027-10-01,2027-12-31,0.0,USD,2027-10-01,DAC-1601,Gates Foundation,60,,,GRID3 Inc,,
DAC-1601-INV-016248,0,1,2026-01-01,2026-03-31,0.0,USD,2026-01-01,DAC-1601,Gates Foundation,60,,,Johns Hopkins University Bloomberg School of Public Health,,
DAC-1601-INV-016248,1,1,2026-04-01,2026-06-30,0.0,USD,2026-04-01,DAC-1601,Gates Foundation,60,,,Johns Hopkins University Bloomberg School of Public Health,,
DAC-1601-INV-016248,2,1,2026-07-01,2026-09-30,0.0,USD,2026-07-01,DAC-1601,Gates Foundation,60,,,Johns Hopkins University Bloomberg School of Public Health,,
DAC-1601-INV-016248,3,1,2026-10-01,2026-12-31,0.0,USD,2026-10-01,DAC-1601,Gates Foundation,60,,,Johns Hopkins University Bloomberg School of Public Health,,
DAC-1601-INV-016248,4,1,2027-01-01,2027-03-31,0.0,USD,2027-01-01,DAC-1601,Gates Foundation,60,,,Johns Hopkins University Bloomberg School of Public Health,,
DAC-1601-INV-016248,5,1,2027-04-01,2027-06-30,0.0,USD,2027-04-01,DAC-1601,Gates Foundation,60,,,Johns Hopkins University Bloomberg School of Public Health,,
DAC-1601-INV-016248,6,1,2027-07-01,2027-09-30,0.0,USD,2027-07-01,DAC-1601,Gates Foundation,60,,,Johns Hopkins University Bloomberg School of Public Health,,
DAC-1601-INV-016248,7,1,2027-10-01,2027-12-31,0.0,USD,2027-10-01,DAC-1601,Gates Foundation,60,,,Johns Hopkins University Bloomberg School of Public Health,,
KR-GOV-110-1352000_2023_010,0,1,2026-01-01,2026-12-31,531373149.0,KRW,2026-01-01,KR-GOV-110,Ministry of Health and Welfare,10,KR-GOV-110-1352000_2023_010,,,,
XM-DAC-301-2-110117-001,0,1,2023-04-01,2024-03-31,4000000.0,CAD,2023-04-01,XM-DAC-301-2,International Development Research Centre,15,,,World Health Organization,40,
XM-DAC-301-2-110117-001,1,1,2024-04-01,2025-03-31,845200.0,CAD,2024-04-01,XM-DAC-301-2,International Development Research Centre,15,,,World Health Organization,40,
XM-DAC-301-2-110117-001,2,1,2025-04-01,2026-03-31,700600.0,CAD,2025-04-01,XM-DAC-301-2,International Development Research Centre,15,,,World Health Organization,40,
DAC-1601-INV-044980,0,1,2026-01-01,2026-03-31,0.0,USD,2026-01-01,DAC-1601,Gates Foundation,60,,,Dev-Afrique Development Advisors,,
DAC-1601-INV-044980,1,1,2026-04-01,2026-06-30,0.0,USD,2026-04-01,DAC-1601,Gates Foundation,60,,,Dev-Afrique Development Advisors,,
DAC-1601-INV-044980,2,1,2026-07-01,2026-09-30,0.0,USD,2026-07-01,DAC-1601,Gates Foundation,60,,,Dev-Afrique Development Advisors,,
DAC-1601-INV-044980,3,1,2026-10-01,2026-12-31,0.0,USD,2026-10-01,DAC-1601,Gates Foundation,60,,,Dev-Afrique Development Advisors,,
DAC-1601-INV-044980,4,1,2027-01-01,2027-03-31,0.0,USD,2027-01-01,DAC-1601,Gates Foundation,60,,,Dev-Afrique Development Advisors,,
DAC-1601-INV-044980,5,1,2027-04-01,2027-06-30,0.0,USD,2027-04-01,DAC-1601,Gates Foundation,60,,,Dev-Afrique Development Advisors,,
DAC-1601-INV-044980,6,1,2027-07-01,2027-09-30,0.0,USD,2027-07-01,DAC-1601,Gates Foundation,60,,,Dev-Afrique Development Advisors,,
DAC-1601-INV-044980,7,1,2027-10-01,2027-12-31,0.0,USD,2027-10-01,DAC-1601,Gates Foundation,60,,,Dev-Afrique Development Advisors,,
DAC-1601-INV-056612,0,1,2026-01-01,2026-03-31,0.0,USD,2026-01-01,DAC-1601,Gates Foundation,60,,,Temple University - Of The Commonwealth System of Higher Education,,
DAC-1601-INV-056612,1,1,2026-04-01,2026-06-30,0.0,USD,2026-04-01,DAC-1601,Gates Foundation,60,,,Temple University - Of The Commonwealth System of Higher Education,,
DAC-1601-INV-056612,2,1,2026-07-01,2026-09-30,0.0,USD,2026-07-01,DAC-1601,Gates Foundation,60,,,Temple University - Of The Commonwealth System of Higher Education,,
DAC-1601-INV-056612,3,1,2026-10-01,2026-12-31,0.0,USD,2026-10-01,DAC-1601,Gates Foundation,60,,,Temple University - Of The Commonwealth System of Higher Education,,
DAC-1601-INV-056612,4,1,2027-01-01,2027-03-31,0.0,USD,2027-01-01,DAC-1601,Gates Foundation,60,,,Temple University - Of The Commonwealth System of Higher Education,,
DAC-1601-INV-056612,5,1,2027-04-01,2027-06-30,0.0,USD,2027-04-01,DAC-1601,Gates Foundation,60,,,Temple University - Of The Commonwealth System of Higher Education,,
DAC-1601-INV-056612,6,1,2027-07-01,2027-09-30,0.0,USD,2027-07-01,DAC-1601,Gates Foundation,60,,,Temple University - Of The Commonwealth System of Higher Education,,
DAC-1601-INV-056612,7,1,2027-10-01,2027-12-31,0.0,USD,2027-10-01,DAC-1601,Gates Foundation,60,,,Temple University - Of The Commonwealth System of Higher Education,,
DAC-1601-INV-061347,0,1,2026-01-01,2026-03-31,0.0,USD,2026-01-01,DAC-1601,Gates Foundation,60,,,African Population & Health Research Center,,
DAC-1601-INV-061347,1,1,2026-04-01,2026-06-30,0.0,USD,2026-04-01,DAC-1601,Gates Foundation,60,,,African Population & Health Research Center,,
DAC-1601-INV-061347,2,1,2026-07-01,2026-09-30,0.0,USD,2026-07-01,DAC-1601,Gates Foundation,60,,,African Population & Health Research Center,,
DAC-1601-INV-061347,3,1,2026-10-01,2026-12-31,0.0,USD,2026-10-01,DAC-1601,Gates Foundation,60,,,African Population & Health Research Center,,
DAC-1601-INV-061347,4,1,2027-01-01,2027-03-31,0.0,USD,2027-01-01,DAC-1601,Gates Foundation,60,,,African Population & Health Research Center,,
DAC-1601-INV-061347,5,1,2027-04-01,2027-06-30,0.0,USD,2027-04-01,DAC-1601,Gates Foundation,60,,,African Population & Health Research Center,,
DAC-1601-INV-061347,6,1,2027-07-01,2027-09-30,0.0,USD,2027-07-01,DAC-1601,Gates Foundation,60,,,African Population & Health Research Center,,
DAC-1601-INV-061347,7,1,2027-10-01,2027-12-31,0.0,USD,2027-10-01,DAC-1601,Gates Foundation,60,,,African Population & Health Research Center,,
DAC-1601-INV-043011,0,1,2026-01-01,2026-03-31,0.0,USD,2026-01-01,DAC-1601,Gates Foundation,60,,,Clinton Health Access Initiative Inc,,
DAC-1601-INV-043011,1,1,2026-04-01,2026-06-30,0.0,USD,2026-04-01,DAC-1601,Gates Foundation,60,,,Clinton Health Access Initiative Inc,,
DAC-1601-INV-043011,2,1,2026-07-01,2026-09-30,0.0,USD,2026-07-01,DAC-1601,Gates Foundation,60,,,Clinton Health Access Initiative Inc,,
DAC-1601-INV-043011,3,1,2026-10-01,2026-12-31,0.0,USD,2026-10-01,DAC-1601,Gates Foundation,60,,,Clinton Health Access Initiative Inc,,
DAC-1601-INV-043011,4,1,2027-01-01,2027-03-31,0.0,USD,2027-01-01,DAC-1601,Gates Foundation,60,,,Clinton Health Access Initiative Inc,,
DAC-1601-INV-043011,5,1,2027-04-01,2027-06-30,0.0,USD,2027-04-01,DAC-1601,Gates Foundation,60,,,Clinton Health Access Initiative Inc,,
DAC-1601-INV-043011,6,1,2027-07-01,2027-09-30,0.0,USD,2027-07-01,DAC-1601,Gates Foundation,60,,,Clinton Health Access Initiative Inc,,
DAC-1601-INV-043011,7,1,2027-10-01,2027-12-31,0.0,USD,2027-10-01,DAC-1601,Gates Foundation,60,,,Clinton Health Access Initiative Inc,,
DAC-1601-INV-090471,0,1,2026-01-01,2026-03-31,0.0,USD,2026-01-01,DAC-1601,Gates Foundation,60,,,Financing Alliance for Health,,
DAC-1601-INV-090471,1,1,2026-04-01,2026-06-30,0.0,USD,2026-04-01,DAC-1601,Gates Foundation,60,,,Financing Alliance for Health,,
DAC-1601-INV-090471,2,1,2026-07-01,2026-09-30,0.0,USD,2026-07-01,DAC-1601,Gates Foundation,60,,,Financing Alliance for Health,,
DAC-1601-INV-090471,3,1,2026-10-01,2026-12-31,0.0,USD,2026-10-01,DAC-1601,Gates Foundation,60,,,Financing Alliance for Health,,
DAC-1601-INV-090471,4,1,2027-01-01,2027-03-31,0.0,USD,2027-01-01,DAC-1601,Gates Foundation,60,,,Financing Alliance for Health,,
DAC-1601-INV-090471,5,1,2027-04-01,2027-06-30,0.0,USD,2027-04-01,DAC-1601,Gates Foundation,60,,,Financing Alliance for Health,,
DAC-1601-INV-090471,6,1,2027-07-01,2027-09-30,0.0,USD,2027-07-01,DAC-1601,Gates Foundation,60,,,Financing Alliance for Health,,
DAC-1601-INV-090471,7,1,2027-10-01,2027-12-31,0.0,USD,2027-10-01,DAC-1601,Gates Foundation,60,,,Financing Alliance for Health,,
DAC-1601-INV-077248,0,1,2026-01-01,2026-03-31,0.0,USD,2026-01-01,DAC-1601,Gates Foundation,60,,,Hospital for Sick Children,,
DAC-1601-INV-077248,1,1,2026-04-01,2026-06-30,0.0,USD,2026-04-01,DAC-1601,Gates Foundation,60,,,Hospital for Sick Children,,
DAC-1601-INV-077248,2,1,2026-07-01,2026-09-30,0.0,USD,2026-07-01,DAC-1601,Gates Foundation,60,,,Hospital for Sick Children,,
DAC-1601-INV-077248,3,1,2026-10-01,2026-12-31,0.0,USD,2026-10-01,DAC-1601,Gates Foundation,60,,,Hospital for Sick Children,,
DAC-1601-INV-077248,4,1,2027-01-01,2027-03-31,0.0,USD,2027-01-01,DAC-1601,Gates Foundation,60,,,Hospital for Sick Children,,
DAC-1601-INV-077248,5,1,2027-04-01,2027-06-30,0.0,USD,2027-04-01,DAC-1601,Gates Foundation,60,,,Hospital for Sick Children,,
DAC-1601-INV-077248,6,1,2027-07-01,2027-09-30,0.0,USD,2027-07-01,DAC-1601,Gates Foundation,60,,,Hospital for Sick Children,,
DAC-1601-INV-077248,7,1,2027-10-01,2027-12-31,0.0,USD,2027-10-01,DAC-1601,Gates Foundation,60,,,Hospital for Sick Children,,
DAC-1601-INV-077549,0,1,2026-01-01,2026-03-31,0.0,USD,2026-01-01,DAC-1601,Gates Foundation,60,,,Tanzania Medicines and Medical Devices Authority (TMDA),,
DAC-1601-INV-077549,1,1,2026-04-01,2026-06-30,0.0,USD,2026-04-01,DAC-1601,Gates Foundation,60,,,Tanzania Medicines and Medical Devices Authority (TMDA),,
DAC-1601-INV-077549,2,1,2026-07-01,2026-09-30,0.0,USD,2026-07-01,DAC-1601,Gates Foundation,60,,,Tanzania Medicines and Medical Devices Authority (TMDA),,
DAC-1601-INV-077549,3,1,2026-10-01,2026-12-31,0.0,USD,2026-10-01,DAC-1601,Gates Foundation,60,,,Tanzania Medicines and Medical Devices Authority (TMDA),,
DAC-1601-INV-077549,4,1,2027-01-01,2027-03-31,0.0,USD,2027-01-01,DAC-1601,Gates Foundation,60,,,Tanzania Medicines and Medical Devices Authority (TMDA),,
DAC-1601-INV-077549,5,1,2027-04-01,2027-06-30,0.0,USD,2027-04-01,DAC-1601,Gates Foundation,60,,,Tanzania Medicines and Medical Devices Authority (TMDA),,
DAC-1601-INV-077549,6,1,2027-07-01,2027-09-30,0.0,USD,2027-07-01,DAC-1601,Gates Foundation,60,,,Tanzania Medicines and Medical Devices Authority (TMDA),,
DAC-1601-INV-077549,7,1,2027-10-01,2027-12-31,0.0,USD,2027-10-01,DAC-1601,Gates Foundation,60,,,Tanzania Medicines and Medical Devices Authority (TMDA),,
DAC-1601-INV-067254,0,1,2026-01-01,2026-03-31,0.0,USD,2026-01-01,DAC-1601,Gates Foundation,60,,,Hatch Technologies,,
DAC-1601-INV-067254,1,1,2026-04-01,2026-06-30,0.0,USD,2026-04-01,DAC-1601,Gates Foundation,60,,,Hatch Technologies,,
DAC-1601-INV-067254,2,1,2026-07-01,2026-09-30,0.0,USD,2026-07-01,DAC-1601,Gates Foundation,60,,,Hatch Technologies,,
DAC-1601-INV-067254,3,1,2026-10-01,2026-12-31,0.0,USD,2026-10-01,DAC-1601,Gates Foundation,60,,,Hatch Technologies,,
DAC-1601-INV-067254,4,1,2027-01-01,2027-03-31,0.0,USD,2027-01-01,DAC-1601,Gates Foundation,60,,,Hatch Technologies,,
DAC-1601-INV-067254,5,1,2027-04-01,2027-06-30,0.0,USD,2027-04-01,DAC-1601,Gates Foundation,60,,,Hatch Technologies,,
DAC-1601-INV-067254,6,1,2027-07-01,2027-09-30,0.0,USD,2027-07-01,DAC-1601,Gates Foundation,60,,,Hatch Technologies,,
DAC-1601-INV-067254,7,1,2027-10-01,2027-12-31,0.0,USD,2027-10-01,DAC-1601,Gates Foundation,60,,,Hatch Technologies,,
DAC-1601-INV-059953,0,1,2026-01-01,2026-03-31,0.0,USD,2026-01-01,DAC-1601,Gates Foundation,60,,,Maisha Meds,,
DAC-1601-INV-059953,1,1,2026-04-01,2026-06-30,0.0,USD,2026-04-01,DAC-1601,Gates Foundation,60,,,Maisha Meds,,
DAC-1601-INV-059953,2,1,2026-07-01,2026-09-30,0.0,USD,2026-07-01,DAC-1601,Gates Foundation,60,,,Maisha Meds,,
DAC-1601-INV-059953,3,1,2026-10-01,2026-12-31,0.0,USD,2026-10-01,DAC-1601,Gates Foundation,60,,,Maisha Meds,,
DAC-1601-INV-059953,4,1,2027-01-01,2027-03-31,375068.0,USD,2027-01-01,DAC-1601,Gates Foundation,60,,,Maisha Meds,,
DAC-1601-INV-059953,5,1,2027-04-01,2027-06-30,0.0,USD,2027-04-01,DAC-1601,Gates Foundation,60,,,Maisha Meds,,
DAC-1601-INV-059953,6,1,2027-07-01,2027-09-30,0.0,USD,2027-07-01,DAC-1601,Gates Foundation,60,,,Maisha Meds,,
DAC-1601-INV-059953,7,1,2027-10-01,2027-12-31,0.0,USD,2027-10-01,DAC-1601,Gates Foundation,60,,,Maisha Meds,,
DAC-1601-INV-095066,0,1,2026-01-01,2026-03-31,0.0,USD,2026-01-01,DAC-1601,Gates Foundation,60,,,African Population & Health Research Center,,
DAC-1601-INV-095066,1,1,2026-04-01,2026-06-30,0.0,USD,2026-04-01,DAC-1601,Gates Foundation,60,,,African Population & Health Research Center,,
DAC-1601-INV-095066,2,1,2026-07-01,2026-09-30,0.0,USD,2026-07-01,DAC-1601,Gates Foundation,60,,,African Population & Health Research Center,,
DAC-1601-INV-095066,3,1,2026-10-01,2026-12-31,50000.0,USD,2026-10-01,DAC-1601,Gates Foundation,60,,,African Population & Health Research Center,,
DAC-1601-INV-095066,4,1,2027-01-01,2027-03-31,0.0,USD,2027-01-01,DAC-1601,Gates Foundation,60,,,African Population & Health Research Center,,
DAC-1601-INV-095066,5,1,2027-04-01,2027-06-30,0.0,USD,2027-04-01,DAC-1601,Gates Foundation,60,,,African Population & Health Research Center,,
DAC-1601-INV-095066,6,1,2027-07-01,2027-09-30,0.0,USD,2027-07-01,DAC-1601,Gates Foundation,60,,,African Population & Health Research Center,,
DAC-1601-INV-095066,7,1,2027-10-01,2027-12-31,0.0,USD,2027-10-01,DAC-1601,Gates Foundation,60,,,African Population & Health Research Center,,
DAC-1601-INV-079602,0,1,2026-01-01,2026-03-31,0.0,USD,2026-01-01,DAC-1601,Gates Foundation,60,,,Medic Mobile Inc.,,
DAC-1601-INV-079602,1,1,2026-04-01,2026-06-30,0.0,USD,2026-04-01,DAC-1601,Gates Foundation,60,,,Medic Mobile Inc.,,
DAC-1601-INV-079602,2,1,2026-07-01,2026-09-30,0.0,USD,2026-07-01,DAC-1601,Gates Foundation,60,,,Medic Mobile Inc.,,
DAC-1601-INV-079602,3,1,2026-10-01,2026-12-31,0.0,USD,2026-10-01,DAC-1601,Gates Foundation,60,,,Medic Mobile Inc.,,
DAC-1601-INV-079602,4,1,2027-01-01,2027-03-31,0.0,USD,2027-01-01,DAC-1601,Gates Foundation,60,,,Medic Mobile Inc.,,
DAC-1601-INV-079602,5,1,2027-04-01,2027-06-30,0.0,USD,2027-04-01,DAC-1601,Gates Foundation,60,,,Medic Mobile Inc.,,
DAC-1601-INV-079602,6,1,2027-07-01,2027-09-30,0.0,USD,2027-07-01,DAC-1601,Gates Foundation,60,,,Medic Mobile Inc.,,
DAC-1601-INV-079602,7,1,2027-10-01,2027-12-31,0.0,USD,2027-10-01,DAC-1601,Gates Foundation,60,,,Medic Mobile Inc.,,
XI-GRID-grid.7836.a-NIHR158451,0,2,2025-01-30,2025-03-31,18829.3,GBP,2025-03-31,NIHR15841,University of Cape Town,80,XI-GRID-grid.7836.a-NIHR158451,,,,
KR-GOV-010-KR-GOV-051-2026010100020,0,1,2026-01-01,2026-12-31,12282000000.0,KRW,2026-06-30,KR-GOV-051,Korea International Cooperation Agency,10,KR-GOV-010-KR-GOV-051-2026010100020,,,,
XI-IATI-EC_INTPA-2025-PC-54719,0,1,2026-04-01,2026-04-30,126280.0,,2026-01-01,,European Commission - Directorate General for International Partnerships,15,XI-IATI-EC_INTPA-2025-PC-54719,,Central Government,,
KR-GOV-110-1352000_2025_002,0,1,2026-01-01,2026-12-31,106390980.0,KRW,2026-01-01,KR-GOV-110,Ministry of Health and Welfare,10,KR-GOV-110-1352000_2025_002,,,,
CA-3-P011787001,0,,2026-04-01,2027-03-31,2337980.0,,2023-03-30,,,,,,,,
CA-3-P011787001,1,,2027-04-01,2028-03-31,1949492.0,,2023-03-30,,,,,,,,
XI-IATI-EC_INTPA-2024-PC-37015,0,1,2026-11-01,2026-11-30,625000.0,,2026-01-01,,European Commission - Directorate General for International Partnerships,15,XI-IATI-EC_INTPA-2024-PC-37015,,Third Country Government (Delegated co-operation),,
KR-GOV-110-1352000_2026_011,0,1,2026-01-01,2026-12-31,82266900.0,KRW,2026-01-01,KR-GOV-110,Ministry of Health and Welfare,10,KR-GOV-110-1352000_2026_011,,,,
KR-GOV-010-KR-GOV-051-2026030102580,0,1,2026-01-01,2026-12-31,0.0,KRW,2026-06-30,KR-GOV-051,Korea International Cooperation Agency,10,KR-GOV-010-KR-GOV-051-2026030102580,,,,
DAC-1601-INV-028246,0,1,2026-01-01,2026-03-31,0.0,USD,2026-01-01,DAC-1601,Gates Foundation,60,,,InSupply Health Limited,,
DAC-1601-INV-028246,1,1,2026-04-01,2026-06-30,0.0,USD,2026-04-01,DAC-1601,Gates Foundation,60,,,InSupply Health Limited,,
DAC-1601-INV-028246,2,1,2026-07-01,2026-09-30,0.0,USD,2026-07-01,DAC-1601,Gates Foundation,60,,,InSupply Health Limited,,
DAC-1601-INV-028246,3,1,2026-10-01,2026-12-31,0.0,USD,2026-10-01,DAC-1601,Gates Foundation,60,,,InSupply Health Limited,,
DAC-1601-INV-028246,4,1,2027-01-01,2027-03-31,206640.0,USD,2027-01-01,DAC-1601,Gates Foundation,60,,,InSupply Health Limited,,
DAC-1601-INV-028246,5,1,2027-04-01,2027-06-30,0.0,USD,2027-04-01,DAC-1601,Gates Foundation,60,,,InSupply Health Limited,,
DAC-1601-INV-028246,6,1,2027-07-01,2027-09-30,0.0,USD,2027-07-01,DAC-1601,Gates Foundation,60,,,InSupply Health Limited,,
DAC-1601-INV-028246,7,1,2027-10-01,2027-12-31,0.0,USD,2027-10-01,DAC-1601,Gates Foundation,60,,,InSupply Health Limited,,
DAC-1601-INV-075833,0,1,2026-01-01,2026-03-31,0.0,USD,2026-01-01,DAC-1601,Gates Foundation,60,,,United States Fund for UNICEF,,
DAC-1601-INV-075833,1,1,2026-04-01,2026-06-30,0.0,USD,2026-04-01,DAC-1601,Gates Foundation,60,,,United States Fund for UNICEF,,
DAC-1601-INV-075833,2,1,2026-07-01,2026-09-30,0.0,USD,2026-07-01,DAC-1601,Gates Foundation,60,,,United States Fund for UNICEF,,
DAC-1601-INV-075833,3,1,2026-10-01,2026-12-31,400000.0,USD,2026-10-01,DAC-1601,Gates Foundation,60,,,United States Fund for UNICEF,,
DAC-1601-INV-075833,4,1,2027-01-01,2027-03-31,0.0,USD,2027-01-01,DAC-1601,Gates Foundation,60,,,United States Fund for UNICEF,,
DAC-1601-INV-075833,5,1,2027-04-01,2027-06-30,0.0,USD,2027-04-01,DAC-1601,Gates Foundation,60,,,United States Fund for UNICEF,,
DAC-1601-INV-075833,6,1,2027-07-01,2027-09-30,0.0,USD,2027-07-01,DAC-1601,Gates Foundation,60,,,United States Fund for UNICEF,,
DAC-1601-INV-075833,7,1,2027-10-01,2027-12-31,0.0,USD,2027-10-01,DAC-1601,Gates Foundation,60,,,United States Fund for UNICEF,,
DAC-1601-INV-076299,0,1,2026-01-01,2026-03-31,0.0,USD,2026-01-01,DAC-1601,Gates Foundation,60,,,Metrics for Management,,
DAC-1601-INV-076299,1,1,2026-04-01,2026-06-30,0.0,USD,2026-04-01,DAC-1601,Gates Foundation,60,,,Metrics for Management,,
DAC-1601-INV-076299,2,1,2026-07-01,2026-09-30,0.0,USD,2026-07-01,DAC-1601,Gates Foundation,60,,,Metrics for Management,,
DAC-1601-INV-076299,3,1,2026-10-01,2026-12-31,0.0,USD,2026-10-01,DAC-1601,Gates Foundation,60,,,Metrics for Management,,
DAC-1601-INV-076299,4,1,2027-01-01,2027-03-31,0.0,USD,2027-01-01,DAC-1601,Gates Foundation,60,,,Metrics for Management,,
DAC-1601-INV-076299,5,1,2027-04-01,2027-06-30,0.0,USD,2027-04-01,DAC-1601,Gates Foundation,60,,,Metrics for Management,,
DAC-1601-INV-076299,6,1,2027-07-01,2027-09-30,0.0,USD,2027-07-01,DAC-1601,Gates Foundation,60,,,Metrics for Management,,
DAC-1601-INV-076299,7,1,2027-10-01,2027-12-31,0.0,USD,2027-10-01,DAC-1601,Gates Foundation,60,,,Metrics for Management,,
DAC-1601-INV-045252,0,1,2026-01-01,2026-03-31,0.0,USD,2026-01-01,DAC-1601,Gates Foundation,60,,,University of Glasgow,,
DAC-1601-INV-045252,1,1,2026-04-01,2026-06-30,0.0,USD,2026-04-01,DAC-1601,Gates Foundation,60,,,University of Glasgow,,
DAC-1601-INV-045252,2,1,2026-07-01,2026-09-30,0.0,USD,2026-07-01,DAC-1601,Gates Foundation,60,,,University of Glasgow,,
DAC-1601-INV-045252,3,1,2026-10-01,2026-12-31,0.0,USD,2026-10-01,DAC-1601,Gates Foundation,60,,,University of Glasgow,,
DAC-1601-INV-045252,4,1,2027-01-01,2027-03-31,0.0,USD,2027-01-01,DAC-1601,Gates Foundation,60,,,University of Glasgow,,
DAC-1601-INV-045252,5,1,2027-04-01,2027-06-30,0.0,USD,2027-04-01,DAC-1601,Gates Foundation,60,,,University of Glasgow,,
DAC-1601-INV-045252,6,1,2027-07-01,2027-09-30,0.0,USD,2027-07-01,DAC-1601,Gates Foundation,60,,,University of Glasgow,,
DAC-1601-INV-045252,7,1,2027-10-01,2027-12-31,0.0,USD,2027-10-01,DAC-1601,Gates Foundation,60,,,University of Glasgow,,
DAC-1601-INV-080620,0,1,2026-01-01,2026-03-31,0.0,USD,2026-01-01,DAC-1601,Gates Foundation,60,,,Tech for Health Equity (TFHE) Foundation,,
DAC-1601-INV-080620,1,1,2026-04-01,2026-06-30,0.0,USD,2026-04-01,DAC-1601,Gates Foundation,60,,,Tech for Health Equity (TFHE) Foundation,,
DAC-1601-INV-080620,2,1,2026-07-01,2026-09-30,0.0,USD,2026-07-01,DAC-1601,Gates Foundation,60,,,Tech for Health Equity (TFHE) Foundation,,
DAC-1601-INV-080620,3,1,2026-10-01,2026-12-31,1500000.0,USD,2026-10-01,DAC-1601,Gates Foundation,60,,,Tech for Health Equity (TFHE) Foundation,,
DAC-1601-INV-080620,4,1,2027-01-01,2027-03-31,0.0,USD,2027-01-01,DAC-1601,Gates Foundation,60,,,Tech for Health Equity (TFHE) Foundation,,
DAC-1601-INV-080620,5,1,2027-04-01,2027-06-30,0.0,USD,2027-04-01,DAC-1601,Gates Foundation,60,,,Tech for Health Equity (TFHE) Foundation,,
DAC-1601-INV-080620,6,1,2027-07-01,2027-09-30,0.0,USD,2027-07-01,DAC-1601,Gates Foundation,60,,,Tech for Health Equity (TFHE) Foundation,,
DAC-1601-INV-080620,7,1,2027-10-01,2027-12-31,782720.0,USD,2027-10-01,DAC-1601,Gates Foundation,60,,,Tech for Health Equity (TFHE) Foundation,,
DAC-1601-INV-083460,0,1,2026-01-01,2026-03-31,0.0,USD,2026-01-01,DAC-1601,Gates Foundation,60,,,Rwanda Biomedical Centre,,
DAC-1601-INV-083460,1,1,2026-04-01,2026-06-30,15000.0,USD,2026-04-01,DAC-1601,Gates Foundation,60,,,Rwanda Biomedical Centre,,
DAC-1601-INV-083460,2,1,2026-07-01,2026-09-30,0.0,USD,2026-07-01,DAC-1601,Gates Foundation,60,,,Rwanda Biomedical Centre,,
DAC-1601-INV-083460,3,1,2026-10-01,2026-12-31,0.0,USD,2026-10-01,DAC-1601,Gates Foundation,60,,,Rwanda Biomedical Centre,,
DAC-1601-INV-083460,4,1,2027-01-01,2027-03-31,728578.0,USD,2027-01-01,DAC-1601,Gates Foundation,60,,,Rwanda Biomedical Centre,,
DAC-1601-INV-083460,5,1,2027-04-01,2027-06-30,0.0,USD,2027-04-01,DAC-1601,Gates Foundation,60,,,Rwanda Biomedical Centre,,
DAC-1601-INV-083460,6,1,2027-07-01,2027-09-30,0.0,USD,2027-07-01,DAC-1601,Gates Foundation,60,,,Rwanda Biomedical Centre,,
DAC-1601-INV-083460,7,1,2027-10-01,2027-12-31,0.0,USD,2027-10-01,DAC-1601,Gates Foundation,60,,,Rwanda Biomedical Centre,,
KR-GOV-021-20ED00023,0,1,2026-01-01,2026-12-31,0.0,KRW,2026-01-01,KR-GOV-021,The Export-Import Bank of Korea(Economic Development Cooperation Fund),10,KR-GOV-021-20ED00023,,,,
DAC-1601-INV-036308,0,1,2026-01-01,2026-03-31,0.0,USD,2026-01-01,DAC-1601,Gates Foundation,60,,,Health Research Operations Kenya Limited,,
DAC-1601-INV-036308,1,1,2026-04-01,2026-06-30,0.0,USD,2026-04-01,DAC-1601,Gates Foundation,60,,,Health Research Operations Kenya Limited,,
DAC-1601-INV-036308,2,1,2026-07-01,2026-09-30,0.0,USD,2026-07-01,DAC-1601,Gates Foundation,60,,,Health Research Operations Kenya Limited,,
DAC-1601-INV-036308,3,1,2026-10-01,2026-12-31,0.0,USD,2026-10-01,DAC-1601,Gates Foundation,60,,,Health Research Operations Kenya Limited,,
DAC-1601-INV-036308,4,1,2027-01-01,2027-03-31,0.0,USD,2027-01-01,DAC-1601,Gates Foundation,60,,,Health Research Operations Kenya Limited,,
DAC-1601-INV-036308,5,1,2027-04-01,2027-06-30,0.0,USD,2027-04-01,DAC-1601,Gates Foundation,60,,,Health Research Operations Kenya Limited,,
DAC-1601-INV-036308,6,1,2027-07-01,2027-09-30,0.0,USD,2027-07-01,DAC-1601,Gates Foundation,60,,,Health Research Operations Kenya Limited,,
DAC-1601-INV-036308,7,1,2027-10-01,2027-12-31,0.0,USD,2027-10-01,DAC-1601,Gates Foundation,60,,,Health Research Operations Kenya Limited,,
DAC-1601-INV-084303,0,1,2026-01-01,2026-03-31,0.0,USD,2026-01-01,DAC-1601,Gates Foundation,60,,,Imperial College London,,
DAC-1601-INV-084303,1,1,2026-04-01,2026-06-30,0.0,USD,2026-04-01,DAC-1601,Gates Foundation,60,,,Imperial College London,,
DAC-1601-INV-084303,2,1,2026-07-01,2026-09-30,400000.0,USD,2026-07-01,DAC-1601,Gates Foundation,60,,,Imperial College London,,
DAC-1601-INV-084303,3,1,2026-10-01,2026-12-31,0.0,USD,2026-10-01,DAC-1601,Gates Foundation,60,,,Imperial College London,,
DAC-1601-INV-084303,4,1,2027-01-01,2027-03-31,0.0,USD,2027-01-01,DAC-1601,Gates Foundation,60,,,Imperial College London,,
DAC-1601-INV-084303,5,1,2027-04-01,2027-06-30,0.0,USD,2027-04-01,DAC-1601,Gates Foundation,60,,,Imperial College London,,
DAC-1601-INV-084303,6,1,2027-07-01,2027-09-30,449875.0,USD,2027-07-01,DAC-1601,Gates Foundation,60,,,Imperial College London,,
DAC-1601-INV-084303,7,1,2027-10-01,2027-12-31,0.0,USD,2027-10-01,DAC-1601,Gates Foundation,60,,,Imperial College London,,
DAC-1601-INV-059606,0,1,2026-01-01,2026-03-31,0.0,USD,2026-01-01,DAC-1601,Gates Foundation,60,,,Makerere University School of Public Health,,
DAC-1601-INV-059606,1,1,2026-04-01,2026-06-30,0.0,USD,2026-04-01,DAC-1601,Gates Foundation,60,,,Makerere University School of Public Health,,
DAC-1601-INV-059606,2,1,2026-07-01,2026-09-30,0.0,USD,2026-07-01,DAC-1601,Gates Foundation,60,,,Makerere University School of Public Health,,
DAC-1601-INV-059606,3,1,2026-10-01,2026-12-31,0.0,USD,2026-10-01,DAC-1601,Gates Foundation,60,,,Makerere University School of Public Health,,
DAC-1601-INV-059606,4,1,2027-01-01,2027-03-31,0.0,USD,2027-01-01,DAC-1601,Gates Foundation,60,,,Makerere University School of Public Health,,
DAC-1601-INV-059606,5,1,2027-04-01,2027-06-30,0.0,USD,2027-04-01,DAC-1601,Gates Foundation,60,,,Makerere University School of Public Health,,
DAC-1601-INV-059606,6,1,2027-07-01,2027-09-30,0.0,USD,2027-07-01,DAC-1601,Gates Foundation,60,,,Makerere University School of Public Health,,
DAC-1601-INV-059606,7,1,2027-10-01,2027-12-31,0.0,USD,2027-10-01,DAC-1601,Gates Foundation,60,,,Makerere University School of Public Health,,
DAC-1601-INV-067853,0,1,2026-01-01,2026-03-31,0.0,USD,2026-01-01,DAC-1601,Gates Foundation,60,,,Infectious Diseases Research Collaboration,,
DAC-1601-INV-067853,1,1,2026-04-01,2026-06-30,0.0,USD,2026-04-01,DAC-1601,Gates Foundation,60,,,Infectious Diseases Research Collaboration,,
DAC-1601-INV-067853,2,1,2026-07-01,2026-09-30,0.0,USD,2026-07-01,DAC-1601,Gates Foundation,60,,,Infectious Diseases Research Collaboration,,
DAC-1601-INV-067853,3,1,2026-10-01,2026-12-31,0.0,USD,2026-10-01,DAC-1601,Gates Foundation,60,,,Infectious Diseases Research Collaboration,,
DAC-1601-INV-067853,4,1,2027-01-01,2027-03-31,0.0,USD,2027-01-01,DAC-1601,Gates Foundation,60,,,Infectious Diseases Research Collaboration,,
DAC-1601-INV-067853,5,1,2027-04-01,2027-06-30,0.0,USD,2027-04-01,DAC-1601,Gates Foundation,60,,,Infectious Diseases Research Collaboration,,
DAC-1601-INV-067853,6,1,2027-07-01,2027-09-30,0.0,USD,2027-07-01,DAC-1601,Gates Foundation,60,,,Infectious Diseases Research Collaboration,,
DAC-1601-INV-067853,7,1,2027-10-01,2027-12-31,0.0,USD,2027-10-01,DAC-1601,Gates Foundation,60,,,Infectious Diseases Research Collaboration,,
DAC-1601-INV-036219,0,1,2026-01-01,2026-03-31,0.0,USD,2026-01-01,DAC-1601,Gates Foundation,60,,,University of Nairobi,,
DAC-1601-INV-036219,1,1,2026-04-01,2026-06-30,0.0,USD,2026-04-01,DAC-1601,Gates Foundation,60,,,University of Nairobi,,
DAC-1601-INV-036219,2,1,2026-07-01,2026-09-30,0.0,USD,2026-07-01,DAC-1601,Gates Foundation,60,,,University of Nairobi,,
DAC-1601-INV-036219,3,1,2026-10-01,2026-12-31,0.0,USD,2026-10-01,DAC-1601,Gates Foundation,60,,,University of Nairobi,,
DAC-1601-INV-036219,4,1,2027-01-01,2027-03-31,0.0,USD,2027-01-01,DAC-1601,Gates Foundation,60,,,University of Nairobi,,
DAC-1601-INV-036219,5,1,2027-04-01,2027-06-30,0.0,USD,2027-04-01,DAC-1601,Gates Foundation,60,,,University of Nairobi,,
DAC-1601-INV-036219,6,1,2027-07-01,2027-09-30,0.0,USD,2027-07-01,DAC-1601,Gates Foundation,60,,,University of Nairobi,,
DAC-1601-INV-036219,7,1,2027-10-01,2027-12-31,0.0,USD,2027-10-01,DAC-1601,Gates Foundation,60,,,University of Nairobi,,
XM-DAC-301-2-110629-001,0,1,2026-04-01,2027-03-31,263700.0,CAD,2026-04-01,XM-DAC-301-2,International Development Research Centre,15,,,International Center for Tropical Agriculture,80,
XM-DAC-301-2-110629-001,1,1,2027-04-01,2028-03-31,235200.0,CAD,2027-04-01,XM-DAC-301-2,International Development Research Centre,15,,,International Center for Tropical Agriculture,80,
XM-DAC-301-2-110629-001,2,1,2025-04-01,2026-03-31,298200.0,CAD,2025-04-01,XM-DAC-301-2,International Development Research Centre,15,,,International Center for Tropical Agriculture,80,
DAC-1601-INV-042213,0,1,2026-01-01,2026-03-31,0.0,USD,2026-01-01,DAC-1601,Gates Foundation,60,,,Harvard University,,
DAC-1601-INV-042213,1,1,2026-04-01,2026-06-30,0.0,USD,2026-04-01,DAC-1601,Gates Foundation,60,,,Harvard University,,
DAC-1601-INV-042213,2,1,2026-07-01,2026-09-30,0.0,USD,2026-07-01,DAC-1601,Gates Foundation,60,,,Harvard University,,
DAC-1601-INV-042213,3,1,2026-10-01,2026-12-31,0.0,USD,2026-10-01,DAC-1601,Gates Foundation,60,,,Harvard University,,
DAC-1601-INV-042213,4,1,2027-01-01,2027-03-31,0.0,USD,2027-01-01,DAC-1601,Gates Foundation,60,,,Harvard University,,
DAC-1601-INV-042213,5,1,2027-04-01,2027-06-30,0.0,USD,2027-04-01,DAC-1601,Gates Foundation,60,,,Harvard University,,
DAC-1601-INV-042213,6,1,2027-07-01,2027-09-30,0.0,USD,2027-07-01,DAC-1601,Gates Foundation,60,,,Harvard University,,
DAC-1601-INV-042213,7,1,2027-10-01,2027-12-31,0.0,USD,2027-10-01,DAC-1601,Gates Foundation,60,,,Harvard University,,
DAC-1601-INV-072647,0,1,2026-01-01,2026-03-31,0.0,USD,2026-01-01,DAC-1601,Gates Foundation,60,,,Civil Society Scaling-Up Nutrition in Nigeria,,
DAC-1601-INV-072647,1,1,2026-04-01,2026-06-30,0.0,USD,2026-04-01,DAC-1601,Gates Foundation,60,,,Civil Society Scaling-Up Nutrition in Nigeria,,
DAC-1601-INV-072647,2,1,2026-07-01,2026-09-30,0.0,USD,2026-07-01,DAC-1601,Gates Foundation,60,,,Civil Society Scaling-Up Nutrition in Nigeria,,
DAC-1601-INV-072647,3,1,2026-10-01,2026-12-31,0.0,USD,2026-10-01,DAC-1601,Gates Foundation,60,,,Civil Society Scaling-Up Nutrition in Nigeria,,
DAC-1601-INV-072647,4,1,2027-01-01,2027-03-31,0.0,USD,2027-01-01,DAC-1601,Gates Foundation,60,,,Civil Society Scaling-Up Nutrition in Nigeria,,
DAC-1601-INV-072647,5,1,2027-04-01,2027-06-30,1348175.0,USD,2027-04-01,DAC-1601,Gates Foundation,60,,,Civil Society Scaling-Up Nutrition in Nigeria,,
DAC-1601-INV-072647,6,1,2027-07-01,2027-09-30,0.0,USD,2027-07-01,DAC-1601,Gates Foundation,60,,,Civil Society Scaling-Up Nutrition in Nigeria,,
DAC-1601-INV-072647,7,1,2027-10-01,2027-12-31,0.0,USD,2027-10-01,DAC-1601,Gates Foundation,60,,,Civil Society Scaling-Up Nutrition in Nigeria,,
DAC-1601-INV-075235,0,1,2026-01-01,2026-03-31,0.0,USD,2026-01-01,DAC-1601,Gates Foundation,60,,,United Nations Population Fund,,
DAC-1601-INV-075235,1,1,2026-04-01,2026-06-30,0.0,USD,2026-04-01,DAC-1601,Gates Foundation,60,,,United Nations Population Fund,,
DAC-1601-INV-075235,2,1,2026-07-01,2026-09-30,0.0,USD,2026-07-01,DAC-1601,Gates Foundation,60,,,United Nations Population Fund,,
DAC-1601-INV-075235,3,1,2026-10-01,2026-12-31,0.0,USD,2026-10-01,DAC-1601,Gates Foundation,60,,,United Nations Population Fund,,
DAC-1601-INV-075235,4,1,2027-01-01,2027-03-31,1000000.0,USD,2027-01-01,DAC-1601,Gates Foundation,60,,,United Nations Population Fund,,
DAC-1601-INV-075235,5,1,2027-04-01,2027-06-30,0.0,USD,2027-04-01,DAC-1601,Gates Foundation,60,,,United Nations Population Fund,,
DAC-1601-INV-075235,6,1,2027-07-01,2027-09-30,0.0,USD,2027-07-01,DAC-1601,Gates Foundation,60,,,United Nations Population Fund,,
DAC-1601-INV-075235,7,1,2027-10-01,2027-12-31,0.0,USD,2027-10-01,DAC-1601,Gates Foundation,60,,,United Nations Population Fund,,
DAC-1601-INV-074895,0,1,2026-01-01,2026-03-31,0.0,USD,2026-01-01,DAC-1601,Gates Foundation,60,,,Addis Ababa Science and Technology University,,
DAC-1601-INV-074895,1,1,2026-04-01,2026-06-30,0.0,USD,2026-04-01,DAC-1601,Gates Foundation,60,,,Addis Ababa Science and Technology University,,
DAC-1601-INV-074895,2,1,2026-07-01,2026-09-30,0.0,USD,2026-07-01,DAC-1601,Gates Foundation,60,,,Addis Ababa Science and Technology University,,
DAC-1601-INV-074895,3,1,2026-10-01,2026-12-31,0.0,USD,2026-10-01,DAC-1601,Gates Foundation,60,,,Addis Ababa Science and Technology University,,
DAC-1601-INV-074895,4,1,2027-01-01,2027-03-31,0.0,USD,2027-01-01,DAC-1601,Gates Foundation,60,,,Addis Ababa Science and Technology University,,
DAC-1601-INV-074895,5,1,2027-04-01,2027-06-30,0.0,USD,2027-04-01,DAC-1601,Gates Foundation,60,,,Addis Ababa Science and Technology University,,
DAC-1601-INV-074895,6,1,2027-07-01,2027-09-30,0.0,USD,2027-07-01,DAC-1601,Gates Foundation,60,,,Addis Ababa Science and Technology University,,
DAC-1601-INV-074895,7,1,2027-10-01,2027-12-31,0.0,USD,2027-10-01,DAC-1601,Gates Foundation,60,,,Addis Ababa Science and Technology University,,
DAC-1601-INV-087123,0,1,2026-01-01,2026-03-31,0.0,USD,2026-01-01,DAC-1601,Gates Foundation,60,,,The George Washington University,,
DAC-1601-INV-087123,1,1,2026-04-01,2026-06-30,0.0,USD,2026-04-01,DAC-1601,Gates Foundation,60,,,The George Washington University,,
DAC-1601-INV-087123,2,1,2026-07-01,2026-09-30,0.0,USD,2026-07-01,DAC-1601,Gates Foundation,60,,,The George Washington University,,
DAC-1601-INV-087123,3,1,2026-10-01,2026-12-31,0.0,USD,2026-10-01,DAC-1601,Gates Foundation,60,,,The George Washington University,,
DAC-1601-INV-087123,4,1,2027-01-01,2027-03-31,2998150.0,USD,2027-01-01,DAC-1601,Gates Foundation,60,,,The George Washington University,,
DAC-1601-INV-087123,5,1,2027-04-01,2027-06-30,0.0,USD,2027-04-01,DAC-1601,Gates Foundation,60,,,The George Washington University,,
DAC-1601-INV-087123,6,1,2027-07-01,2027-09-30,0.0,USD,2027-07-01,DAC-1601,Gates Foundation,60,,,The George Washington University,,
DAC-1601-INV-087123,7,1,2027-10-01,2027-12-31,0.0,USD,2027-10-01,DAC-1601,Gates Foundation,60,,,The George Washington University,,
GB-GOV-26-ISPF-MRC-8BZDF48-7Z3R57R-SSDNZHQ,0,1,2024-10-01,2024-12-31,102229.17,GBP,2024-10-01,GB-GOV-26,"DEPARTMENT FOR SCIENCE, INNOVATION AND TECHNOLOGY",10,,,,,
GB-GOV-26-ISPF-MRC-8BZDF48-7Z3R57R-SSDNZHQ,1,1,2025-01-01,2025-03-31,102229.11,GBP,2025-01-01,GB-GOV-26,"DEPARTMENT FOR SCIENCE, INNOVATION AND TECHNOLOGY",10,,,,,
GB-GOV-26-ISPF-MRC-8BZDF48-7Z3R57R-SSDNZHQ,2,2,2025-04-01,2025-06-30,106921.03,GBP,2025-04-01,GB-GOV-26,"DEPARTMENT FOR SCIENCE, INNOVATION AND TECHNOLOGY",10,,,,,
GB-GOV-26-ISPF-MRC-8BZDF48-7Z3R57R-SSDNZHQ,3,2,2025-07-01,2025-09-30,106921.02,GBP,2025-07-01,GB-GOV-26,"DEPARTMENT FOR SCIENCE, INNOVATION AND TECHNOLOGY",10,,,,,
GB-GOV-26-ISPF-MRC-8BZDF48-7Z3R57R-SSDNZHQ,4,2,2025-10-01,2025-12-31,96339.88,GBP,2025-10-01,GB-GOV-26,"DEPARTMENT FOR SCIENCE, INNOVATION AND TECHNOLOGY",10,,,,,
GB-GOV-26-ISPF-MRC-8BZDF48-7Z3R57R-SSDNZHQ,5,2,2026-01-01,2026-03-31,96339.88,GBP,2026-01-01,GB-GOV-26,"DEPARTMENT FOR SCIENCE, INNOVATION AND TECHNOLOGY",10,,,,,
GB-GOV-26-ISPF-MRC-8BZDF48-7Z3R57R-SSDNZHQ,6,2,2026-04-01,2026-06-30,96339.88,GBP,2026-04-01,GB-GOV-26,"DEPARTMENT FOR SCIENCE, INNOVATION AND TECHNOLOGY",10,,,,,
GB-GOV-26-ISPF-MRC-8BZDF48-7Z3R57R-SSDNZHQ,7,2,2026-07-01,2026-09-30,96339.88,GBP,2026-07-01,GB-GOV-26,"DEPARTMENT FOR SCIENCE, INNOVATION AND TECHNOLOGY",10,,,,,
GB-GOV-26-ISPF-MRC-8BZDF48-7Z3R57R-SSDNZHQ,8,2,2026-10-01,2026-12-31,98612.77,GBP,2026-10-01,GB-GOV-26,"DEPARTMENT FOR SCIENCE, INNOVATION AND TECHNOLOGY",10,,,,,
GB-GOV-26-ISPF-MRC-8BZDF48-7Z3R57R-SSDNZHQ,9,2,2027-01-01,2027-03-31,98612.77,GBP,2027-01-01,GB-GOV-26,"DEPARTMENT FOR SCIENCE, INNOVATION AND TECHNOLOGY",10,,,,,
GB-GOV-26-ISPF-MRC-8BZDF48-7Z3R57R-SSDNZHQ,10,2,2027-04-01,2027-06-30,98612.77,GBP,2027-04-01,GB-GOV-26,"DEPARTMENT FOR SCIENCE, INNOVATION AND TECHNOLOGY",10,,,,,
GB-GOV-26-ISPF-MRC-8BZDF48-7Z3R57R-SSDNZHQ,11,1,2027-07-01,2027-09-30,93920.86,GBP,2027-07-01,GB-GOV-26,"DEPARTMENT FOR SCIENCE, INNOVATION AND TECHNOLOGY",10,,,,,
GB-GOV-26-ISPF-MRC-8BZDF48-7Z3R57R-SSDNZHQ,12,2,2027-10-01,2027-12-31,96250.09,GBP,2027-10-01,GB-GOV-26,"DEPARTMENT FOR SCIENCE, INNOVATION AND TECHNOLOGY",10,,,,,
GB-GOV-26-ISPF-MRC-8BZDF48-7Z3R57R-SSDNZHQ,13,2,2028-01-01,2028-03-31,96250.09,GBP,2028-01-01,GB-GOV-26,"DEPARTMENT FOR SCIENCE, INNOVATION AND TECHNOLOGY",10,,,,,
GB-GOV-26-ISPF-MRC-8BZDF48-7Z3R57R-SSDNZHQ,14,2,2028-04-01,2028-06-30,96250.09,GBP,2028-04-01,GB-GOV-26,"DEPARTMENT FOR SCIENCE, INNOVATION AND TECHNOLOGY",10,,,,,
GB-GOV-26-ISPF-MRC-8BZDF48-7Z3R57R-SSDNZHQ,15,2,2028-07-01,2028-09-30,96250.06,GBP,2028-07-01,GB-GOV-26,"DEPARTMENT FOR SCIENCE, INNOVATION AND TECHNOLOGY",10,,,,,
XI-GRID-grid.11194.3c-RLP,0,1,2024-07-01,2024-08-31,2007062.0,EUR,2024-08-31,XM-DAC-7,Embassy of the Kingdom of the Netherlands,10,XM-DAC-7-PPR-4000006658,XI-GRID-grid-11194.3c,Activity implementation,80,XI-GRID-grid.11194.3c-RLP
DAC-1601-INV-068864,0,1,2026-01-01,2026-03-31,0.0,USD,2026-01-01,DAC-1601,Gates Foundation,60,,,Swiss Tropical & Public Health Institute,,
DAC-1601-INV-068864,1,1,2026-04-01,2026-06-30,999028.0,USD,2026-04-01,DAC-1601,Gates Foundation,60,,,Swiss Tropical & Public Health Institute,,
DAC-1601-INV-068864,2,1,2026-07-01,2026-09-30,0.0,USD,2026-07-01,DAC-1601,Gates Foundation,60,,,Swiss Tropical & Public Health Institute,,
DAC-1601-INV-068864,3,1,2026-10-01,2026-12-31,0.0,USD,2026-10-01,DAC-1601,Gates Foundation,60,,,Swiss Tropical & Public Health Institute,,
DAC-1601-INV-068864,4,1,2027-01-01,2027-03-31,0.0,USD,2027-01-01,DAC-1601,Gates Foundation,60,,,Swiss Tropical & Public Health Institute,,
DAC-1601-INV-068864,5,1,2027-04-01,2027-06-30,0.0,USD,2027-04-01,DAC-1601,Gates Foundation,60,,,Swiss Tropical & Public Health Institute,,
DAC-1601-INV-068864,6,1,2027-07-01,2027-09-30,0.0,USD,2027-07-01,DAC-1601,Gates Foundation,60,,,Swiss Tropical & Public Health Institute,,
DAC-1601-INV-068864,7,1,2027-10-01,2027-12-31,0.0,USD,2027-10-01,DAC-1601,Gates Foundation,60,,,Swiss Tropical & Public Health Institute,,
KR-GOV-110-1352000_2023_011,0,1,2026-01-01,2026-12-31,987469309.0,KRW,2026-01-01,KR-GOV-110,Ministry of Health and Welfare,10,KR-GOV-110-1352000_2023_011,,,,
KR-GOV-010-KR-GOV-051-2025010100029,0,1,2026-01-01,2026-12-31,1274797907.0,KRW,2026-06-30,KR-GOV-051,Korea International Cooperation Agency,10,KR-GOV-010-KR-GOV-051-2025010100029,,,,
KR-GOV-010-KR-GOV-051-2026030702424,0,1,2026-01-01,2026-12-31,0.0,KRW,2026-06-30,KR-GOV-051,Korea International Cooperation Agency,10,KR-GOV-010-KR-GOV-051-2026030702424,,,,
KR-GOV-010-KR-GOV-051-2026070100927,0,1,2026-01-01,2026-12-31,1025447920.0,KRW,2026-06-30,KR-GOV-051,Korea International Cooperation Agency,10,KR-GOV-010-KR-GOV-051-2026070100927,,,,
XM-DAC-41122-Somalia-3920/A0/06/101/011,0,2,2014-01-01,2014-12-31,1774112.0,USD,2026-07-31,XM-DAC-41122,,40,,,,,
XM-DAC-41122-Somalia-3920/A0/06/101/011,1,2,2015-01-01,2015-12-31,742880.0,USD,2026-07-31,XM-DAC-41122,,40,,,,,
XM-DAC-41122-Somalia-3920/A0/06/101/011,2,2,2017-01-01,2017-12-31,1138904.0,USD,2026-07-31,XM-DAC-41122,,40,,,,,
XM-DAC-41122-Somalia-3920/A0/06/101/011,3,2,2016-01-01,2016-12-31,1291196.0,USD,2026-07-31,XM-DAC-41122,,40,,,,,
DAC-1601-INV-061041,0,1,2026-01-01,2026-03-31,0.0,USD,2026-01-01,DAC-1601,Gates Foundation,60,,,University of Washington Foundation,,
DAC-1601-INV-061041,1,1,2026-04-01,2026-06-30,0.0,USD,2026-04-01,DAC-1601,Gates Foundation,60,,,University of Washington Foundation,,
DAC-1601-INV-061041,2,1,2026-07-01,2026-09-30,0.0,USD,2026-07-01,DAC-1601,Gates Foundation,60,,,University of Washington Foundation,,
DAC-1601-INV-061041,3,1,2026-10-01,2026-12-31,0.0,USD,2026-10-01,DAC-1601,Gates Foundation,60,,,University of Washington Foundation,,
DAC-1601-INV-061041,4,1,2027-01-01,2027-03-31,0.0,USD,2027-01-01,DAC-1601,Gates Foundation,60,,,University of Washington Foundation,,
DAC-1601-INV-061041,5,1,2027-04-01,2027-06-30,631668.0,USD,2027-04-01,DAC-1601,Gates Foundation,60,,,University of Washington Foundation,,
DAC-1601-INV-061041,6,1,2027-07-01,2027-09-30,0.0,USD,2027-07-01,DAC-1601,Gates Foundation,60,,,University of Washington Foundation,,
DAC-1601-INV-061041,7,1,2027-10-01,2027-12-31,0.0,USD,2027-10-01,DAC-1601,Gates Foundation,60,,,University of Washington Foundation,,
DAC-1601-INV-058035,0,1,2026-01-01,2026-03-31,0.0,USD,2026-01-01,DAC-1601,Gates Foundation,60,,,Tandem,,
DAC-1601-INV-058035,1,1,2026-04-01,2026-06-30,0.0,USD,2026-04-01,DAC-1601,Gates Foundation,60,,,Tandem,,
DAC-1601-INV-058035,2,1,2026-07-01,2026-09-30,0.0,USD,2026-07-01,DAC-1601,Gates Foundation,60,,,Tandem,,
DAC-1601-INV-058035,3,1,2026-10-01,2026-12-31,0.0,USD,2026-10-01,DAC-1601,Gates Foundation,60,,,Tandem,,
DAC-1601-INV-058035,4,1,2027-01-01,2027-03-31,0.0,USD,2027-01-01,DAC-1601,Gates Foundation,60,,,Tandem,,
DAC-1601-INV-058035,5,1,2027-04-01,2027-06-30,0.0,USD,2027-04-01,DAC-1601,Gates Foundation,60,,,Tandem,,
DAC-1601-INV-058035,6,1,2027-07-01,2027-09-30,0.0,USD,2027-07-01,DAC-1601,Gates Foundation,60,,,Tandem,,
DAC-1601-INV-058035,7,1,2027-10-01,2027-12-31,0.0,USD,2027-10-01,DAC-1601,Gates Foundation,60,,,Tandem,,
XM-DAC-41122-Somalia-3920/A0/06/005/007,0,2,2015-01-01,2015-12-31,392660.0,USD,2026-07-31,XM-DAC-41122,,40,,,,,
XM-DAC-41122-Somalia-3920/A0/06/005/007,1,2,2014-01-01,2014-12-31,392660.0,USD,2026-07-31,XM-DAC-41122,,40,,,,,
XM-DAC-41122-Somalia-3920/A0/06/005/007,2,2,2013-01-01,2013-12-31,392660.0,USD,2026-07-31,XM-DAC-41122,,40,,,,,
XM-DAC-41122-Somalia-3920/A0/06/005/007,3,2,2012-01-01,2012-12-31,1551540.0,USD,2026-07-31,XM-DAC-41122,,40,,,,,
XM-DAC-41122-Rwanda-3750/A0/04/220/003,0,2,2013-01-01,2013-12-31,2370000.0,USD,2026-07-31,XM-DAC-41122,,40,,,,,
XM-DAC-41122-Rwanda-3750/A0/04/220/003,1,2,2012-01-01,2012-12-31,1795538.0,USD,2026-07-31,XM-DAC-41122,,40,,,,,
DAC-1601-INV-071951,0,1,2026-01-01,2026-03-31,0.0,USD,2026-01-01,DAC-1601,Gates Foundation,60,,,"The Global Fund to Fight AIDS, Tuberculosis and Malaria",,
DAC-1601-INV-071951,1,1,2026-04-01,2026-06-30,0.0,USD,2026-04-01,DAC-1601,Gates Foundation,60,,,"The Global Fund to Fight AIDS, Tuberculosis and Malaria",,
DAC-1601-INV-071951,2,1,2026-07-01,2026-09-30,0.0,USD,2026-07-01,DAC-1601,Gates Foundation,60,,,"The Global Fund to Fight AIDS, Tuberculosis and Malaria",,
DAC-1601-INV-071951,3,1,2026-10-01,2026-12-31,0.0,USD,2026-10-01,DAC-1601,Gates Foundation,60,,,"The Global Fund to Fight AIDS, Tuberculosis and Malaria",,
DAC-1601-INV-071951,4,1,2027-01-01,2027-03-31,0.0,USD,2027-01-01,DAC-1601,Gates Foundation,60,,,"The Global Fund to Fight AIDS, Tuberculosis and Malaria",,
DAC-1601-INV-071951,5,1,2027-04-01,2027-06-30,0.0,USD,2027-04-01,DAC-1601,Gates Foundation,60,,,"The Global Fund to Fight AIDS, Tuberculosis and Malaria",,
DAC-1601-INV-071951,6,1,2027-07-01,2027-09-30,0.0,USD,2027-07-01,DAC-1601,Gates Foundation,60,,,"The Global Fund to Fight AIDS, Tuberculosis and Malaria",,
DAC-1601-INV-071951,7,1,2027-10-01,2027-12-31,0.0,USD,2027-10-01,DAC-1601,Gates Foundation,60,,,"The Global Fund to Fight AIDS, Tuberculosis and Malaria",,
KR-GOV-010-KR-GOV-051-2026030102590,0,1,2026-01-01,2026-12-31,0.0,KRW,2026-06-30,KR-GOV-051,Korea International Cooperation Agency,10,KR-GOV-010-KR-GOV-051-2026030102590,,,,
GB-GOV-26-ISPF-MRC-8BZDF48-9L3AM9N-DUVXRZT,0,1,2024-04-01,2024-06-30,187142.0,GBP,2024-04-01,GB-GOV-26,"DEPARTMENT FOR SCIENCE, INNOVATION AND TECHNOLOGY",10,,,,,
GB-GOV-26-ISPF-MRC-8BZDF48-9L3AM9N-DUVXRZT,1,2,2024-07-01,2024-09-30,317213.13,GBP,2024-07-01,GB-GOV-26,"DEPARTMENT FOR SCIENCE, INNOVATION AND TECHNOLOGY",10,,,,,
GB-GOV-26-ISPF-MRC-8BZDF48-9L3AM9N-DUVXRZT,2,2,2024-10-01,2024-12-31,158606.56,GBP,2024-10-01,GB-GOV-26,"DEPARTMENT FOR SCIENCE, INNOVATION AND TECHNOLOGY",10,,,,,
GB-GOV-26-ISPF-MRC-8BZDF48-9L3AM9N-DUVXRZT,3,2,2025-01-01,2025-03-31,158606.56,GBP,2025-01-01,GB-GOV-26,"DEPARTMENT FOR SCIENCE, INNOVATION AND TECHNOLOGY",10,,,,,
GB-GOV-26-ISPF-MRC-8BZDF48-9L3AM9N-DUVXRZT,4,2,2025-04-01,2025-06-30,162539.99,GBP,2025-04-01,GB-GOV-26,"DEPARTMENT FOR SCIENCE, INNOVATION AND TECHNOLOGY",10,,,,,
GB-GOV-26-ISPF-MRC-8BZDF48-9L3AM9N-DUVXRZT,5,2,2025-07-01,2025-09-30,162539.99,GBP,2025-07-01,GB-GOV-26,"DEPARTMENT FOR SCIENCE, INNOVATION AND TECHNOLOGY",10,,,,,
GB-GOV-26-ISPF-MRC-8BZDF48-9L3AM9N-DUVXRZT,6,2,2025-10-01,2025-12-31,162539.99,GBP,2025-10-01,GB-GOV-26,"DEPARTMENT FOR SCIENCE, INNOVATION AND TECHNOLOGY",10,,,,,
GB-GOV-26-ISPF-MRC-8BZDF48-9L3AM9N-DUVXRZT,7,2,2026-01-01,2026-03-31,162539.99,GBP,2026-01-01,GB-GOV-26,"DEPARTMENT FOR SCIENCE, INNOVATION AND TECHNOLOGY",10,,,,,
GB-GOV-26-ISPF-MRC-8BZDF48-9L3AM9N-DUVXRZT,8,2,2026-04-01,2026-06-30,166570.99,GBP,2026-04-01,GB-GOV-26,"DEPARTMENT FOR SCIENCE, INNOVATION AND TECHNOLOGY",10,,,,,
GB-GOV-26-ISPF-MRC-8BZDF48-9L3AM9N-DUVXRZT,9,2,2026-07-01,2026-09-30,166570.98,GBP,2026-07-01,GB-GOV-26,"DEPARTMENT FOR SCIENCE, INNOVATION AND TECHNOLOGY",10,,,,,
DAC-1601-INV-062627,0,1,2026-01-01,2026-03-31,0.0,USD,2026-01-01,DAC-1601,Gates Foundation,60,,,Sanru Asbl,,
DAC-1601-INV-062627,1,1,2026-04-01,2026-06-30,0.0,USD,2026-04-01,DAC-1601,Gates Foundation,60,,,Sanru Asbl,,
DAC-1601-INV-062627,2,1,2026-07-01,2026-09-30,0.0,USD,2026-07-01,DAC-1601,Gates Foundation,60,,,Sanru Asbl,,
DAC-1601-INV-062627,3,1,2026-10-01,2026-12-31,0.0,USD,2026-10-01,DAC-1601,Gates Foundation,60,,,Sanru Asbl,,
DAC-1601-INV-062627,4,1,2027-01-01,2027-03-31,0.0,USD,2027-01-01,DAC-1601,Gates Foundation,60,,,Sanru Asbl,,
DAC-1601-INV-062627,5,1,2027-04-01,2027-06-30,0.0,USD,2027-04-01,DAC-1601,Gates Foundation,60,,,Sanru Asbl,,
DAC-1601-INV-062627,6,1,2027-07-01,2027-09-30,0.0,USD,2027-07-01,DAC-1601,Gates Foundation,60,,,Sanru Asbl,,
DAC-1601-INV-062627,7,1,2027-10-01,2027-12-31,0.0,USD,2027-10-01,DAC-1601,Gates Foundation,60,,,Sanru Asbl,,
DAC-1601-INV-050353,0,1,2026-01-01,2026-03-31,0.0,USD,2026-01-01,DAC-1601,Gates Foundation,60,,,University of North Carolina at Chapel Hill,,
DAC-1601-INV-050353,1,1,2026-04-01,2026-06-30,0.0,USD,2026-04-01,DAC-1601,Gates Foundation,60,,,University of North Carolina at Chapel Hill,,
DAC-1601-INV-050353,2,1,2026-07-01,2026-09-30,0.0,USD,2026-07-01,DAC-1601,Gates Foundation,60,,,University of North Carolina at Chapel Hill,,
DAC-1601-INV-050353,3,1,2026-10-01,2026-12-31,0.0,USD,2026-10-01,DAC-1601,Gates Foundation,60,,,University of North Carolina at Chapel Hill,,
DAC-1601-INV-050353,4,1,2027-01-01,2027-03-31,0.0,USD,2027-01-01,DAC-1601,Gates Foundation,60,,,University of North Carolina at Chapel Hill,,
DAC-1601-INV-050353,5,1,2027-04-01,2027-06-30,0.0,USD,2027-04-01,DAC-1601,Gates Foundation,60,,,University of North Carolina at Chapel Hill,,
DAC-1601-INV-050353,6,1,2027-07-01,2027-09-30,0.0,USD,2027-07-01,DAC-1601,Gates Foundation,60,,,University of North Carolina at Chapel Hill,,
DAC-1601-INV-050353,7,1,2027-10-01,2027-12-31,0.0,USD,2027-10-01,DAC-1601,Gates Foundation,60,,,University of North Carolina at Chapel Hill,,
XM-DAC-41122-Democratic Republic of Congo-0990/A0/05/301/015,0,2,2012-01-01,2012-12-31,817805.0,USD,2026-07-31,XM-DAC-41122,,40,,,,,
DAC-1601-INV-080248,0,1,2026-01-01,2026-03-31,0.0,USD,2026-01-01,DAC-1601,Gates Foundation,60,,,Aberystwyth University,,
DAC-1601-INV-080248,1,1,2026-04-01,2026-06-30,0.0,USD,2026-04-01,DAC-1601,Gates Foundation,60,,,Aberystwyth University,,
DAC-1601-INV-080248,2,1,2026-07-01,2026-09-30,0.0,USD,2026-07-01,DAC-1601,Gates Foundation,60,,,Aberystwyth University,,
DAC-1601-INV-080248,3,1,2026-10-01,2026-12-31,1101508.0,USD,2026-10-01,DAC-1601,Gates Foundation,60,,,Aberystwyth University,,
DAC-1601-INV-080248,4,1,2027-01-01,2027-03-31,0.0,USD,2027-01-01,DAC-1601,Gates Foundation,60,,,Aberystwyth University,,
DAC-1601-INV-080248,5,1,2027-04-01,2027-06-30,0.0,USD,2027-04-01,DAC-1601,Gates Foundation,60,,,Aberystwyth University,,
DAC-1601-INV-080248,6,1,2027-07-01,2027-09-30,0.0,USD,2027-07-01,DAC-1601,Gates Foundation,60,,,Aberystwyth University,,
DAC-1601-INV-080248,7,1,2027-10-01,2027-12-31,773206.0,USD,2027-10-01,DAC-1601,Gates Foundation,60,,,Aberystwyth University,,
DAC-1601-INV-067322,0,1,2026-01-01,2026-03-31,0.0,USD,2026-01-01,DAC-1601,Gates Foundation,60,,,Ifakara Health Institute,,
DAC-1601-INV-067322,1,1,2026-04-01,2026-06-30,0.0,USD,2026-04-01,DAC-1601,Gates Foundation,60,,,Ifakara Health Institute,,
DAC-1601-INV-067322,2,1,2026-07-01,2026-09-30,1500000.0,USD,2026-07-01,DAC-1601,Gates Foundation,60,,,Ifakara Health Institute,,
DAC-1601-INV-067322,3,1,2026-10-01,2026-12-31,0.0,USD,2026-10-01,DAC-1601,Gates Foundation,60,,,Ifakara Health Institute,,
DAC-1601-INV-067322,4,1,2027-01-01,2027-03-31,0.0,USD,2027-01-01,DAC-1601,Gates Foundation,60,,,Ifakara Health Institute,,
DAC-1601-INV-067322,5,1,2027-04-01,2027-06-30,0.0,USD,2027-04-01,DAC-1601,Gates Foundation,60,,,Ifakara Health Institute,,
DAC-1601-INV-067322,6,1,2027-07-01,2027-09-30,0.0,USD,2027-07-01,DAC-1601,Gates Foundation,60,,,Ifakara Health Institute,,
DAC-1601-INV-067322,7,1,2027-10-01,2027-12-31,0.0,USD,2027-10-01,DAC-1601,Gates Foundation,60,,,Ifakara Health Institute,,
DAC-1601-INV-070227,0,1,2026-01-01,2026-03-31,0.0,USD,2026-01-01,DAC-1601,Gates Foundation,60,,,Ifakara Health Institute,,
DAC-1601-INV-070227,1,1,2026-04-01,2026-06-30,0.0,USD,2026-04-01,DAC-1601,Gates Foundation,60,,,Ifakara Health Institute,,
DAC-1601-INV-070227,2,1,2026-07-01,2026-09-30,199994.0,USD,2026-07-01,DAC-1601,Gates Foundation,60,,,Ifakara Health Institute,,
DAC-1601-INV-070227,3,1,2026-10-01,2026-12-31,0.0,USD,2026-10-01,DAC-1601,Gates Foundation,60,,,Ifakara Health Institute,,
DAC-1601-INV-070227,4,1,2027-01-01,2027-03-31,0.0,USD,2027-01-01,DAC-1601,Gates Foundation,60,,,Ifakara Health Institute,,
DAC-1601-INV-070227,5,1,2027-04-01,2027-06-30,0.0,USD,2027-04-01,DAC-1601,Gates Foundation,60,,,Ifakara Health Institute,,
DAC-1601-INV-070227,6,1,2027-07-01,2027-09-30,0.0,USD,2027-07-01,DAC-1601,Gates Foundation,60,,,Ifakara Health Institute,,
DAC-1601-INV-070227,7,1,2027-10-01,2027-12-31,0.0,USD,2027-10-01,DAC-1601,Gates Foundation,60,,,Ifakara Health Institute,,
DAC-1601-INV-052526,0,1,2026-01-01,2026-03-31,1542799.0,USD,2026-01-01,DAC-1601,Gates Foundation,60,,,Ifakara Health Institute,,
DAC-1601-INV-052526,1,1,2026-04-01,2026-06-30,0.0,USD,2026-04-01,DAC-1601,Gates Foundation,60,,,Ifakara Health Institute,,
DAC-1601-INV-052526,2,1,2026-07-01,2026-09-30,0.0,USD,2026-07-01,DAC-1601,Gates Foundation,60,,,Ifakara Health Institute,,
DAC-1601-INV-052526,3,1,2026-10-01,2026-12-31,0.0,USD,2026-10-01,DAC-1601,Gates Foundation,60,,,Ifakara Health Institute,,
DAC-1601-INV-052526,4,1,2027-01-01,2027-03-31,0.0,USD,2027-01-01,DAC-1601,Gates Foundation,60,,,Ifakara Health Institute,,
DAC-1601-INV-052526,5,1,2027-04-01,2027-06-30,0.0,USD,2027-04-01,DAC-1601,Gates Foundation,60,,,Ifakara Health Institute,,
DAC-1601-INV-052526,6,1,2027-07-01,2027-09-30,0.0,USD,2027-07-01,DAC-1601,Gates Foundation,60,,,Ifakara Health Institute,,
DAC-1601-INV-052526,7,1,2027-10-01,2027-12-31,0.0,USD,2027-10-01,DAC-1601,Gates Foundation,60,,,Ifakara Health Institute,,
DAC-1601-INV-058071,0,1,2026-01-01,2026-03-31,0.0,USD,2026-01-01,DAC-1601,Gates Foundation,60,,,Imperial College London,,
DAC-1601-INV-058071,1,1,2026-04-01,2026-06-30,0.0,USD,2026-04-01,DAC-1601,Gates Foundation,60,,,Imperial College London,,
DAC-1601-INV-058071,2,1,2026-07-01,2026-09-30,0.0,USD,2026-07-01,DAC-1601,Gates Foundation,60,,,Imperial College London,,
DAC-1601-INV-058071,3,1,2026-10-01,2026-12-31,0.0,USD,2026-10-01,DAC-1601,Gates Foundation,60,,,Imperial College London,,
DAC-1601-INV-058071,4,1,2027-01-01,2027-03-31,0.0,USD,2027-01-01,DAC-1601,Gates Foundation,60,,,Imperial College London,,
DAC-1601-INV-058071,5,1,2027-04-01,2027-06-30,0.0,USD,2027-04-01,DAC-1601,Gates Foundation,60,,,Imperial College London,,
DAC-1601-INV-058071,6,1,2027-07-01,2027-09-30,0.0,USD,2027-07-01,DAC-1601,Gates Foundation,60,,,Imperial College London,,
DAC-1601-INV-058071,7,1,2027-10-01,2027-12-31,0.0,USD,2027-10-01,DAC-1601,Gates Foundation,60,,,Imperial College London,,
DAC-1601-INV-074258,0,1,2026-01-01,2026-03-31,0.0,USD,2026-01-01,DAC-1601,Gates Foundation,60,,,Population Services International,,
DAC-1601-INV-074258,1,1,2026-04-01,2026-06-30,0.0,USD,2026-04-01,DAC-1601,Gates Foundation,60,,,Population Services International,,
DAC-1601-INV-074258,2,1,2026-07-01,2026-09-30,0.0,USD,2026-07-01,DAC-1601,Gates Foundation,60,,,Population Services International,,
DAC-1601-INV-074258,3,1,2026-10-01,2026-12-31,0.0,USD,2026-10-01,DAC-1601,Gates Foundation,60,,,Population Services International,,
DAC-1601-INV-074258,4,1,2027-01-01,2027-03-31,1300000.0,USD,2027-01-01,DAC-1601,Gates Foundation,60,,,Population Services International,,
DAC-1601-INV-074258,5,1,2027-04-01,2027-06-30,0.0,USD,2027-04-01,DAC-1601,Gates Foundation,60,,,Population Services International,,
DAC-1601-INV-074258,6,1,2027-07-01,2027-09-30,0.0,USD,2027-07-01,DAC-1601,Gates Foundation,60,,,Population Services International,,
DAC-1601-INV-074258,7,1,2027-10-01,2027-12-31,0.0,USD,2027-10-01,DAC-1601,Gates Foundation,60,,,Population Services International,,
KR-GOV-110-1352000_2026_008,0,1,2026-01-01,2026-12-31,85294550.0,KRW,2026-01-01,KR-GOV-110,Ministry of Health and Welfare,10,KR-GOV-110-1352000_2026_008,,,,
KR-GOV-010-KR-GOV-051-2026030802677,0,1,2026-01-01,2026-12-31,0.0,KRW,2026-06-30,KR-GOV-051,Korea International Cooperation Agency,10,KR-GOV-010-KR-GOV-051-2026030802677,,,,
KR-GOV-010-KR-GOV-051-2025010100015,0,1,2026-01-01,2026-12-31,877245232.0,KRW,2026-06-30,KR-GOV-051,Korea International Cooperation Agency,10,KR-GOV-010-KR-GOV-051-2025010100015,,,,
XM-DAC-41122-South Sudan-4040/A0/03/001/008,0,2,2022-01-01,2022-12-31,17742699.0,USD,2026-07-31,XM-DAC-41122,,40,,,,,
XM-DAC-41122-South Sudan-4040/A0/03/001/008,1,2,2021-01-01,2021-12-31,1972559.0,USD,2026-07-31,XM-DAC-41122,,40,,,,,
KR-GOV-010-KR-GOV-051-2026030102579,0,1,2026-01-01,2026-12-31,0.0,KRW,2026-06-30,KR-GOV-051,Korea International Cooperation Agency,10,KR-GOV-010-KR-GOV-051-2026030102579,,,,
DAC-1601-INV-070936,0,1,2026-01-01,2026-03-31,0.0,USD,2026-01-01,DAC-1601,Gates Foundation,60,,,United States Fund for UNICEF,,
DAC-1601-INV-070936,1,1,2026-04-01,2026-06-30,0.0,USD,2026-04-01,DAC-1601,Gates Foundation,60,,,United States Fund for UNICEF,,
DAC-1601-INV-070936,2,1,2026-07-01,2026-09-30,0.0,USD,2026-07-01,DAC-1601,Gates Foundation,60,,,United States Fund for UNICEF,,
DAC-1601-INV-070936,3,1,2026-10-01,2026-12-31,0.0,USD,2026-10-01,DAC-1601,Gates Foundation,60,,,United States Fund for UNICEF,,
DAC-1601-INV-070936,4,1,2027-01-01,2027-03-31,0.0,USD,2027-01-01,DAC-1601,Gates Foundation,60,,,United States Fund for UNICEF,,
DAC-1601-INV-070936,5,1,2027-04-01,2027-06-30,0.0,USD,2027-04-01,DAC-1601,Gates Foundation,60,,,United States Fund for UNICEF,,
DAC-1601-INV-070936,6,1,2027-07-01,2027-09-30,0.0,USD,2027-07-01,DAC-1601,Gates Foundation,60,,,United States Fund for UNICEF,,
DAC-1601-INV-070936,7,1,2027-10-01,2027-12-31,0.0,USD,2027-10-01,DAC-1601,Gates Foundation,60,,,United States Fund for UNICEF,,
KR-GOV-110-1352000_2022_010,0,1,2026-01-01,2026-12-31,329056023.0,KRW,2026-01-01,KR-GOV-110,Ministry of Health and Welfare,10,KR-GOV-110-1352000_2022_010,,,,
KR-GOV-010-KR-GOV-051-2026030802676,0,1,2026-01-01,2026-12-31,0.0,KRW,2026-06-30,KR-GOV-051,Korea International Cooperation Agency,10,KR-GOV-010-KR-GOV-051-2026030802676,,,,
KR-GOV-010-KR-GOV-051-2026030702393,0,1,2026-01-01,2026-12-31,0.0,KRW,2026-06-30,KR-GOV-051,Korea International Cooperation Agency,10,KR-GOV-010-KR-GOV-051-2026030702393,,,,
KR-GOV-010-KR-GOV-051-2026030102596,0,1,2026-01-01,2026-12-31,0.0,KRW,2026-06-30,KR-GOV-051,Korea International Cooperation Agency,10,KR-GOV-010-KR-GOV-051-2026030102596,,,,
XM-DAC-41122-Somalia-3920/A0/06/001/008,0,2,2013-01-01,2013-12-31,8437.0,USD,2026-07-31,XM-DAC-41122,,40,,,,,
XM-DAC-41122-Somalia-3920/A0/06/001/008,1,2,2012-01-01,2012-12-31,323.0,USD,2026-07-31,XM-DAC-41122,,40,,,,,
GB-GOV-26-ISPF-MRC-8BZDF48-7Z3R57R-U57VD4F,0,1,2024-10-01,2024-12-31,152210.71,GBP,2024-10-01,GB-GOV-26,"DEPARTMENT FOR SCIENCE, INNOVATION AND TECHNOLOGY",10,,,,,
GB-GOV-26-ISPF-MRC-8BZDF48-7Z3R57R-U57VD4F,1,1,2025-01-01,2025-03-31,152210.77,GBP,2025-01-01,GB-GOV-26,"DEPARTMENT FOR SCIENCE, INNOVATION AND TECHNOLOGY",10,,,,,
GB-GOV-26-ISPF-MRC-8BZDF48-7Z3R57R-U57VD4F,2,1,2025-04-01,2025-06-30,152210.77,GBP,2025-04-01,GB-GOV-26,"DEPARTMENT FOR SCIENCE, INNOVATION AND TECHNOLOGY",10,,,,,
GB-GOV-26-ISPF-MRC-8BZDF48-7Z3R57R-U57VD4F,3,1,2025-07-01,2025-09-30,152210.77,GBP,2025-07-01,GB-GOV-26,"DEPARTMENT FOR SCIENCE, INNOVATION AND TECHNOLOGY",10,,,,,
GB-GOV-26-ISPF-MRC-8BZDF48-7Z3R57R-U57VD4F,4,2,2025-10-01,2025-12-31,152210.77,GBP,2025-10-01,GB-GOV-26,"DEPARTMENT FOR SCIENCE, INNOVATION AND TECHNOLOGY",10,,,,,
GB-GOV-26-ISPF-MRC-8BZDF48-7Z3R57R-U57VD4F,5,1,2026-01-01,2026-03-31,155985.59,GBP,2026-01-01,GB-GOV-26,"DEPARTMENT FOR SCIENCE, INNOVATION AND TECHNOLOGY",10,,,,,
GB-GOV-26-ISPF-MRC-8BZDF48-7Z3R57R-U57VD4F,6,1,2026-04-01,2026-06-30,155985.59,GBP,2026-04-01,GB-GOV-26,"DEPARTMENT FOR SCIENCE, INNOVATION AND TECHNOLOGY",10,,,,,
GB-GOV-26-ISPF-MRC-8BZDF48-7Z3R57R-U57VD4F,7,1,2026-07-01,2026-09-30,155985.59,GBP,2026-07-01,GB-GOV-26,"DEPARTMENT FOR SCIENCE, INNOVATION AND TECHNOLOGY",10,,,,,
GB-GOV-26-ISPF-MRC-8BZDF48-7Z3R57R-U57VD4F,8,2,2026-10-01,2026-12-31,155985.59,GBP,2026-10-01,GB-GOV-26,"DEPARTMENT FOR SCIENCE, INNOVATION AND TECHNOLOGY",10,,,,,
GB-GOV-26-ISPF-MRC-8BZDF48-7Z3R57R-U57VD4F,9,1,2027-01-01,2027-03-31,159854.03,GBP,2027-01-01,GB-GOV-26,"DEPARTMENT FOR SCIENCE, INNOVATION AND TECHNOLOGY",10,,,,,
GB-GOV-26-ISPF-MRC-8BZDF48-7Z3R57R-U57VD4F,10,1,2027-04-01,2027-06-30,159854.03,GBP,2027-04-01,GB-GOV-26,"DEPARTMENT FOR SCIENCE, INNOVATION AND TECHNOLOGY",10,,,,,
GB-GOV-26-ISPF-MRC-8BZDF48-7Z3R57R-U57VD4F,11,2,2027-07-01,2027-09-30,159854.03,GBP,2027-07-01,GB-GOV-26,"DEPARTMENT FOR SCIENCE, INNOVATION AND TECHNOLOGY",10,,,,,
GB-GOV-26-ISPF-MRC-8BZDF48-7Z3R57R-U57VD4F,12,1,2027-10-01,2027-12-31,179524.94,GBP,2027-10-01,GB-GOV-26,"DEPARTMENT FOR SCIENCE, INNOVATION AND TECHNOLOGY",10,,,,,
XI-IATI-EC_INTPA-2022-PC-15616,0,1,2026-02-01,2026-02-28,716353.0,,2026-01-01,,European Commission - Directorate General for International Partnerships,15,XI-IATI-EC_INTPA-2022-PC-15616,,INTERNATIONAL NGO,,
XI-IATI-EC_INTPA-2022-PC-14482,0,1,2026-04-01,2026-04-30,564750.0,,2026-01-01,,European Commission - Directorate General for International Partnerships,15,XI-IATI-EC_INTPA-2022-PC-14482,,INTERNATIONAL NGO,,
XI-IATI-EC_INTPA-2022-PC-15617,0,1,2026-06-01,2026-06-30,848761.0,,2026-01-01,,European Commission - Directorate General for International Partnerships,15,XI-IATI-EC_INTPA-2022-PC-15617,,INTERNATIONAL NGO,,
CA-3-P011365001,0,,2026-04-01,2027-03-31,2366833.0,,2023-10-06,,,,,,,,
CA-3-P011365001,1,,2027-04-01,2028-03-31,1259648.0,,2023-10-06,,,,,,,,
CA-3-P011365001,2,,2028-04-01,2029-03-31,494606.0,,2023-10-06,,,,,,,,
XI-IATI-EC_INTPA-2020-PCC-418108,0,1,2026-04-01,2026-04-30,200220.52,,2026-01-01,,European Commission - Directorate General for International Partnerships,15,XI-IATI-EC_INTPA-2020-PCC-418108,,Donor country-based NGO,,
KR-GOV-010-KR-GOV-051-2024040102601,0,1,2026-01-01,2026-12-31,0.0,KRW,2026-06-30,KR-GOV-051,Korea International Cooperation Agency,10,KR-GOV-010-KR-GOV-051-2024040102601,,,,
DAC-1601-INV-081860,0,1,2026-01-01,2026-03-31,0.0,USD,2026-01-01,DAC-1601,Gates Foundation,60,,,University of California San Francisco,,
DAC-1601-INV-081860,1,1,2026-04-01,2026-06-30,0.0,USD,2026-04-01,DAC-1601,Gates Foundation,60,,,University of California San Francisco,,
DAC-1601-INV-081860,2,1,2026-07-01,2026-09-30,0.0,USD,2026-07-01,DAC-1601,Gates Foundation,60,,,University of California San Francisco,,
DAC-1601-INV-081860,3,1,2026-10-01,2026-12-31,0.0,USD,2026-10-01,DAC-1601,Gates Foundation,60,,,University of California San Francisco,,
DAC-1601-INV-081860,4,1,2027-01-01,2027-03-31,409754.0,USD,2027-01-01,DAC-1601,Gates Foundation,60,,,University of California San Francisco,,
DAC-1601-INV-081860,5,1,2027-04-01,2027-06-30,0.0,USD,2027-04-01,DAC-1601,Gates Foundation,60,,,University of California San Francisco,,
DAC-1601-INV-081860,6,1,2027-07-01,2027-09-30,0.0,USD,2027-07-01,DAC-1601,Gates Foundation,60,,,University of California San Francisco,,
DAC-1601-INV-081860,7,1,2027-10-01,2027-12-31,0.0,USD,2027-10-01,DAC-1601,Gates Foundation,60,,,University of California San Francisco,,
DAC-1601-INV-069975,0,1,2026-01-01,2026-03-31,0.0,USD,2026-01-01,DAC-1601,Gates Foundation,60,,,Infectious Diseases Research Collaboration,,
DAC-1601-INV-069975,1,1,2026-04-01,2026-06-30,0.0,USD,2026-04-01,DAC-1601,Gates Foundation,60,,,Infectious Diseases Research Collaboration,,
DAC-1601-INV-069975,2,1,2026-07-01,2026-09-30,0.0,USD,2026-07-01,DAC-1601,Gates Foundation,60,,,Infectious Diseases Research Collaboration,,
DAC-1601-INV-069975,3,1,2026-10-01,2026-12-31,0.0,USD,2026-10-01,DAC-1601,Gates Foundation,60,,,Infectious Diseases Research Collaboration,,
DAC-1601-INV-069975,4,1,2027-01-01,2027-03-31,844852.0,USD,2027-01-01,DAC-1601,Gates Foundation,60,,,Infectious Diseases Research Collaboration,,
DAC-1601-INV-069975,5,1,2027-04-01,2027-06-30,0.0,USD,2027-04-01,DAC-1601,Gates Foundation,60,,,Infectious Diseases Research Collaboration,,
DAC-1601-INV-069975,6,1,2027-07-01,2027-09-30,0.0,USD,2027-07-01,DAC-1601,Gates Foundation,60,,,Infectious Diseases Research Collaboration,,
DAC-1601-INV-069975,7,1,2027-10-01,2027-12-31,0.0,USD,2027-10-01,DAC-1601,Gates Foundation,60,,,Infectious Diseases Research Collaboration,,
DAC-1601-INV-052649,0,1,2026-01-01,2026-03-31,0.0,USD,2026-01-01,DAC-1601,Gates Foundation,60,,,Infectious Diseases Research Collaboration,,
DAC-1601-INV-052649,1,1,2026-04-01,2026-06-30,0.0,USD,2026-04-01,DAC-1601,Gates Foundation,60,,,Infectious Diseases Research Collaboration,,
DAC-1601-INV-052649,2,1,2026-07-01,2026-09-30,0.0,USD,2026-07-01,DAC-1601,Gates Foundation,60,,,Infectious Diseases Research Collaboration,,
DAC-1601-INV-052649,3,1,2026-10-01,2026-12-31,0.0,USD,2026-10-01,DAC-1601,Gates Foundation,60,,,Infectious Diseases Research Collaboration,,
DAC-1601-INV-052649,4,1,2027-01-01,2027-03-31,0.0,USD,2027-01-01,DAC-1601,Gates Foundation,60,,,Infectious Diseases Research Collaboration,,
DAC-1601-INV-052649,5,1,2027-04-01,2027-06-30,0.0,USD,2027-04-01,DAC-1601,Gates Foundation,60,,,Infectious Diseases Research Collaboration,,
DAC-1601-INV-052649,6,1,2027-07-01,2027-09-30,0.0,USD,2027-07-01,DAC-1601,Gates Foundation,60,,,Infectious Diseases Research Collaboration,,
DAC-1601-INV-052649,7,1,2027-10-01,2027-12-31,0.0,USD,2027-10-01,DAC-1601,Gates Foundation,60,,,Infectious Diseases Research Collaboration,,
KR-GOV-010-KR-GOV-051-2025010100006,0,1,2026-01-01,2026-12-31,999761344.0,KRW,2026-06-30,KR-GOV-051,Korea International Cooperation Agency,10,KR-GOV-010-KR-GOV-051-2025010100006,,,,
DAC-1601-INV-056287,0,1,2026-01-01,2026-03-31,0.0,USD,2026-01-01,DAC-1601,Gates Foundation,60,,,Duke University,,
DAC-1601-INV-056287,1,1,2026-04-01,2026-06-30,0.0,USD,2026-04-01,DAC-1601,Gates Foundation,60,,,Duke University,,
DAC-1601-INV-056287,2,1,2026-07-01,2026-09-30,0.0,USD,2026-07-01,DAC-1601,Gates Foundation,60,,,Duke University,,
DAC-1601-INV-056287,3,1,2026-10-01,2026-12-31,0.0,USD,2026-10-01,DAC-1601,Gates Foundation,60,,,Duke University,,
DAC-1601-INV-056287,4,1,2027-01-01,2027-03-31,0.0,USD,2027-01-01,DAC-1601,Gates Foundation,60,,,Duke University,,
DAC-1601-INV-056287,5,1,2027-04-01,2027-06-30,0.0,USD,2027-04-01,DAC-1601,Gates Foundation,60,,,Duke University,,
DAC-1601-INV-056287,6,1,2027-07-01,2027-09-30,0.0,USD,2027-07-01,DAC-1601,Gates Foundation,60,,,Duke University,,
DAC-1601-INV-056287,7,1,2027-10-01,2027-12-31,0.0,USD,2027-10-01,DAC-1601,Gates Foundation,60,,,Duke University,,
DAC-1601-INV-059081,0,1,2026-01-01,2026-03-31,0.0,USD,2026-01-01,DAC-1601,Gates Foundation,60,,,Strathmore University,,
DAC-1601-INV-059081,1,1,2026-04-01,2026-06-30,0.0,USD,2026-04-01,DAC-1601,Gates Foundation,60,,,Strathmore University,,
DAC-1601-INV-059081,2,1,2026-07-01,2026-09-30,0.0,USD,2026-07-01,DAC-1601,Gates Foundation,60,,,Strathmore University,,
DAC-1601-INV-059081,3,1,2026-10-01,2026-12-31,0.0,USD,2026-10-01,DAC-1601,Gates Foundation,60,,,Strathmore University,,
DAC-1601-INV-059081,4,1,2027-01-01,2027-03-31,0.0,USD,2027-01-01,DAC-1601,Gates Foundation,60,,,Strathmore University,,
DAC-1601-INV-059081,5,1,2027-04-01,2027-06-30,0.0,USD,2027-04-01,DAC-1601,Gates Foundation,60,,,Strathmore University,,
DAC-1601-INV-059081,6,1,2027-07-01,2027-09-30,0.0,USD,2027-07-01,DAC-1601,Gates Foundation,60,,,Strathmore University,,
DAC-1601-INV-059081,7,1,2027-10-01,2027-12-31,0.0,USD,2027-10-01,DAC-1601,Gates Foundation,60,,,Strathmore University,,
NL-KVK-41160054-201529,0,1,2025-10-14,2026-04-15,200000.0,EUR,2025-10-14,,,,,,,,
DAC-1601-INV-050277,0,1,2026-01-01,2026-03-31,0.0,USD,2026-01-01,DAC-1601,Gates Foundation,60,,,Addis Ababa University,,
DAC-1601-INV-050277,1,1,2026-04-01,2026-06-30,0.0,USD,2026-04-01,DAC-1601,Gates Foundation,60,,,Addis Ababa University,,
DAC-1601-INV-050277,2,1,2026-07-01,2026-09-30,0.0,USD,2026-07-01,DAC-1601,Gates Foundation,60,,,Addis Ababa University,,
DAC-1601-INV-050277,3,1,2026-10-01,2026-12-31,0.0,USD,2026-10-01,DAC-1601,Gates Foundation,60,,,Addis Ababa University,,
DAC-1601-INV-050277,4,1,2027-01-01,2027-03-31,0.0,USD,2027-01-01,DAC-1601,Gates Foundation,60,,,Addis Ababa University,,
DAC-1601-INV-050277,5,1,2027-04-01,2027-06-30,0.0,USD,2027-04-01,DAC-1601,Gates Foundation,60,,,Addis Ababa University,,
DAC-1601-INV-050277,6,1,2027-07-01,2027-09-30,0.0,USD,2027-07-01,DAC-1601,Gates Foundation,60,,,Addis Ababa University,,
DAC-1601-INV-050277,7,1,2027-10-01,2027-12-31,0.0,USD,2027-10-01,DAC-1601,Gates Foundation,60,,,Addis Ababa University,,
XM-DAC-41122-Rwanda-3750/A0/04/310/002,0,2,2013-01-01,2013-12-31,185000.0,USD,2026-07-31,XM-DAC-41122,,40,,,,,
XM-DAC-41122-Rwanda-3750/A0/04/310/002,1,2,2012-01-01,2012-12-31,20402.0,USD,2026-07-31,XM-DAC-41122,,40,,,,,
KR-GOV-110-1352000_2023_012,0,1,2026-01-01,2026-12-31,0.0,KRW,2026-01-01,KR-GOV-110,Ministry of Health and Welfare,10,KR-GOV-110-1352000_2023_012,,,,
KR-GOV-010-KR-GOV-051-2026030102562,0,1,2026-01-01,2026-12-31,0.0,KRW,2026-06-30,KR-GOV-051,Korea International Cooperation Agency,10,KR-GOV-010-KR-GOV-051-2026030102562,,,,
XM-DAC-41122-South Sudan-4040/A0/01/002/001,0,2,2014-01-01,2014-12-31,22468.0,USD,2026-07-31,XM-DAC-41122,,40,,,,,
XM-DAC-41122-South Sudan-4040/A0/01/002/001,1,2,2013-01-01,2013-12-31,647154.0,USD,2026-07-31,XM-DAC-41122,,40,,,,,
XM-DAC-41122-South Sudan-4040/A0/01/002/001,2,2,2012-01-01,2012-12-31,382980.0,USD,2026-07-31,XM-DAC-41122,,40,,,,,
XM-DAC-41122-Somalia-3920/A0/06/001/009,0,2,2013-01-01,2013-12-31,2800.0,USD,2026-07-31,XM-DAC-41122,,40,,,,,
XM-DAC-41122-Somalia-3920/A0/06/001/009,1,2,2012-01-01,2012-12-31,388179.0,USD,2026-07-31,XM-DAC-41122,,40,,,,,
XM-DAC-41122-Somalia-3920/A0/06/001/009,2,2,2014-01-01,2014-12-31,1680.0,USD,2026-07-31,XM-DAC-41122,,40,,,,,
DAC-1601-INV-093220,0,1,2026-01-01,2026-03-31,0.0,USD,2026-01-01,DAC-1601,Gates Foundation,60,,,Jhpiego Corporation,,
DAC-1601-INV-093220,1,1,2026-04-01,2026-06-30,0.0,USD,2026-04-01,DAC-1601,Gates Foundation,60,,,Jhpiego Corporation,,
DAC-1601-INV-093220,2,1,2026-07-01,2026-09-30,0.0,USD,2026-07-01,DAC-1601,Gates Foundation,60,,,Jhpiego Corporation,,
DAC-1601-INV-093220,3,1,2026-10-01,2026-12-31,91500.0,USD,2026-10-01,DAC-1601,Gates Foundation,60,,,Jhpiego Corporation,,
DAC-1601-INV-093220,4,1,2027-01-01,2027-03-31,0.0,USD,2027-01-01,DAC-1601,Gates Foundation,60,,,Jhpiego Corporation,,
DAC-1601-INV-093220,5,1,2027-04-01,2027-06-30,0.0,USD,2027-04-01,DAC-1601,Gates Foundation,60,,,Jhpiego Corporation,,
DAC-1601-INV-093220,6,1,2027-07-01,2027-09-30,0.0,USD,2027-07-01,DAC-1601,Gates Foundation,60,,,Jhpiego Corporation,,
DAC-1601-INV-093220,7,1,2027-10-01,2027-12-31,0.0,USD,2027-10-01,DAC-1601,Gates Foundation,60,,,Jhpiego Corporation,,
DAC-1601-INV-035091,0,1,2026-01-01,2026-03-31,0.0,USD,2026-01-01,DAC-1601,Gates Foundation,60,,,CDC Foundation,,
DAC-1601-INV-035091,1,1,2026-04-01,2026-06-30,0.0,USD,2026-04-01,DAC-1601,Gates Foundation,60,,,CDC Foundation,,
DAC-1601-INV-035091,2,1,2026-07-01,2026-09-30,0.0,USD,2026-07-01,DAC-1601,Gates Foundation,60,,,CDC Foundation,,
DAC-1601-INV-035091,3,1,2026-10-01,2026-12-31,0.0,USD,2026-10-01,DAC-1601,Gates Foundation,60,,,CDC Foundation,,
DAC-1601-INV-035091,4,1,2027-01-01,2027-03-31,0.0,USD,2027-01-01,DAC-1601,Gates Foundation,60,,,CDC Foundation,,
DAC-1601-INV-035091,5,1,2027-04-01,2027-06-30,0.0,USD,2027-04-01,DAC-1601,Gates Foundation,60,,,CDC Foundation,,
DAC-1601-INV-035091,6,1,2027-07-01,2027-09-30,0.0,USD,2027-07-01,DAC-1601,Gates Foundation,60,,,CDC Foundation,,
DAC-1601-INV-035091,7,1,2027-10-01,2027-12-31,0.0,USD,2027-10-01,DAC-1601,Gates Foundation,60,,,CDC Foundation,,
DAC-1601-INV-036442,0,1,2026-01-01,2026-03-31,0.0,USD,2026-01-01,DAC-1601,Gates Foundation,60,,,Health Research Operations Kenya Limited,,
DAC-1601-INV-036442,1,1,2026-04-01,2026-06-30,0.0,USD,2026-04-01,DAC-1601,Gates Foundation,60,,,Health Research Operations Kenya Limited,,
DAC-1601-INV-036442,2,1,2026-07-01,2026-09-30,0.0,USD,2026-07-01,DAC-1601,Gates Foundation,60,,,Health Research Operations Kenya Limited,,
DAC-1601-INV-036442,3,1,2026-10-01,2026-12-31,0.0,USD,2026-10-01,DAC-1601,Gates Foundation,60,,,Health Research Operations Kenya Limited,,
DAC-1601-INV-036442,4,1,2027-01-01,2027-03-31,0.0,USD,2027-01-01,DAC-1601,Gates Foundation,60,,,Health Research Operations Kenya Limited,,
DAC-1601-INV-036442,5,1,2027-04-01,2027-06-30,0.0,USD,2027-04-01,DAC-1601,Gates Foundation,60,,,Health Research Operations Kenya Limited,,
DAC-1601-INV-036442,6,1,2027-07-01,2027-09-30,0.0,USD,2027-07-01,DAC-1601,Gates Foundation,60,,,Health Research Operations Kenya Limited,,
DAC-1601-INV-036442,7,1,2027-10-01,2027-12-31,0.0,USD,2027-10-01,DAC-1601,Gates Foundation,60,,,Health Research Operations Kenya Limited,,
KR-GOV-110-1352000_2021_007,0,1,2026-01-01,2026-12-31,0.0,KRW,2026-01-01,KR-GOV-110,Ministry of Health and Welfare,10,KR-GOV-110-1352000_2021_007,,,,
KR-GOV-010-KR-GOV-051-2024040102602,0,1,2026-01-01,2026-12-31,0.0,KRW,2026-06-30,KR-GOV-051,Korea International Cooperation Agency,10,KR-GOV-010-KR-GOV-051-2024040102602,,,,
XM-DAC-41122-Democratic Republic of Congo-0990/A0/05/301/009,0,2,2012-01-01,2012-12-31,594852.0,USD,2026-07-31,XM-DAC-41122,,40,,,,,
XM-DAC-41122-United Rep. of Tanzania-4550/A0/04/101/001,0,2,2013-01-01,2013-12-31,1563641.0,USD,2026-07-31,XM-DAC-41122,,40,,,,,
XM-DAC-41122-United Rep. of Tanzania-4550/A0/04/101/001,1,2,2012-01-01,2012-12-31,857496.0,USD,2026-07-31,XM-DAC-41122,,40,,,,,
XM-DAC-41122-United Rep. of Tanzania-4550/A0/04/101/001,2,2,2016-01-01,2016-12-31,385652.0,USD,2026-07-31,XM-DAC-41122,,40,,,,,
XM-DAC-41122-United Rep. of Tanzania-4550/A0/04/101/001,3,2,2015-01-01,2015-12-31,623613.0,USD,2026-07-31,XM-DAC-41122,,40,,,,,
XM-DAC-41122-United Rep. of Tanzania-4550/A0/04/101/001,4,2,2014-01-01,2014-12-31,1639247.0,USD,2026-07-31,XM-DAC-41122,,40,,,,,
XM-DAC-41122-Somalia-3920/A0/06/005/008,0,2,2012-01-01,2012-12-31,38000.0,USD,2026-07-31,XM-DAC-41122,,40,,,,,
XM-DAC-41122-Somalia-3920/A0/06/005/008,1,2,2013-01-01,2013-12-31,38529.0,USD,2026-07-31,XM-DAC-41122,,40,,,,,
XM-DAC-41122-Somalia-3920/A0/06/005/008,2,2,2014-01-01,2014-12-31,38529.0,USD,2026-07-31,XM-DAC-41122,,40,,,,,
XM-DAC-41122-Somalia-3920/A0/06/005/008,3,2,2015-01-01,2015-12-31,38529.0,USD,2026-07-31,XM-DAC-41122,,40,,,,,
XM-DAC-41122-Somalia-3920/A0/06/022/002,0,2,2012-01-01,2012-12-31,19710.0,USD,2026-07-31,XM-DAC-41122,,40,,,,,
XM-DAC-41122-Democratic Republic of Congo-0990/A0/05/301/007,0,2,2012-01-01,2012-12-31,263153.0,USD,2026-07-31,XM-DAC-41122,,40,,,,,
XM-DAC-41122-Democratic Republic of Congo-0990/A0/05/301/087,0,2,2026-01-01,2026-12-31,0.0,USD,2026-07-31,XM-DAC-41122,,,40,,,,
XM-DAC-41122-Democratic Republic of Congo-0990/A0/05/301/005,0,2,2012-01-01,2012-12-31,410975.0,USD,2026-07-31,XM-DAC-41122,,40,,,,,
XM-DAC-41122-United Rep. of Tanzania-4550/A0/04/101/006,0,2,2012-01-01,2012-12-31,1812281.0,USD,2026-07-31,XM-DAC-41122,,40,,,,,
XM-DAC-41122-United Rep. of Tanzania-4550/A0/04/101/006,1,2,2014-01-01,2014-12-31,1910893.0,USD,2026-07-31,XM-DAC-41122,,40,,,,,
XM-DAC-41122-United Rep. of Tanzania-4550/A0/04/101/006,2,2,2013-01-01,2013-12-31,1975341.0,USD,2026-07-31,XM-DAC-41122,,40,,,,,
XM-DAC-41122-United Rep. of Tanzania-4550/A0/04/101/006,3,2,2015-01-01,2015-12-31,964400.0,USD,2026-07-31,XM-DAC-41122,,40,,,,,
XM-DAC-41122-United Rep. of Tanzania-4550/A0/04/101/006,4,2,2016-01-01,2016-12-31,4892135.0,USD,2026-07-31,XM-DAC-41122,,40,,,,,
DAC-1601-INV-056895,0,1,2026-01-01,2026-03-31,0.0,USD,2026-01-01,DAC-1601,Gates Foundation,60,,,Addis Ababa University,,
DAC-1601-INV-056895,1,1,2026-04-01,2026-06-30,1663957.0,USD,2026-04-01,DAC-1601,Gates Foundation,60,,,Addis Ababa University,,
DAC-1601-INV-056895,2,1,2026-07-01,2026-09-30,0.0,USD,2026-07-01,DAC-1601,Gates Foundation,60,,,Addis Ababa University,,
DAC-1601-INV-056895,3,1,2026-10-01,2026-12-31,0.0,USD,2026-10-01,DAC-1601,Gates Foundation,60,,,Addis Ababa University,,
DAC-1601-INV-056895,4,1,2027-01-01,2027-03-31,0.0,USD,2027-01-01,DAC-1601,Gates Foundation,60,,,Addis Ababa University,,
DAC-1601-INV-056895,5,1,2027-04-01,2027-06-30,807330.0,USD,2027-04-01,DAC-1601,Gates Foundation,60,,,Addis Ababa University,,
DAC-1601-INV-056895,6,1,2027-07-01,2027-09-30,0.0,USD,2027-07-01,DAC-1601,Gates Foundation,60,,,Addis Ababa University,,
DAC-1601-INV-056895,7,1,2027-10-01,2027-12-31,0.0,USD,2027-10-01,DAC-1601,Gates Foundation,60,,,Addis Ababa University,,
DAC-1601-INV-080183,0,1,2026-01-01,2026-03-31,0.0,USD,2026-01-01,DAC-1601,Gates Foundation,60,,,Last Mile Health,,
DAC-1601-INV-080183,1,1,2026-04-01,2026-06-30,0.0,USD,2026-04-01,DAC-1601,Gates Foundation,60,,,Last Mile Health,,
DAC-1601-INV-080183,2,1,2026-07-01,2026-09-30,0.0,USD,2026-07-01,DAC-1601,Gates Foundation,60,,,Last Mile Health,,
DAC-1601-INV-080183,3,1,2026-10-01,2026-12-31,0.0,USD,2026-10-01,DAC-1601,Gates Foundation,60,,,Last Mile Health,,
DAC-1601-INV-080183,4,1,2027-01-01,2027-03-31,0.0,USD,2027-01-01,DAC-1601,Gates Foundation,60,,,Last Mile Health,,
DAC-1601-INV-080183,5,1,2027-04-01,2027-06-30,630000.0,USD,2027-04-01,DAC-1601,Gates Foundation,60,,,Last Mile Health,,
DAC-1601-INV-080183,6,1,2027-07-01,2027-09-30,0.0,USD,2027-07-01,DAC-1601,Gates Foundation,60,,,Last Mile Health,,
DAC-1601-INV-080183,7,1,2027-10-01,2027-12-31,0.0,USD,2027-10-01,DAC-1601,Gates Foundation,60,,,Last Mile Health,,
XM-DAC-41122-Somalia-3920/A0/06/012/011,0,2,2012-01-01,2012-12-31,54973.0,USD,2026-07-31,XM-DAC-41122,,40,,,,,
XM-DAC-41122-Democratic Republic of Congo-0990/A0/05/303/086,0,2,2012-01-01,2012-12-31,266642.0,USD,2026-07-31,XM-DAC-41122,,40,,,,,
XM-DAC-41122-Democratic Republic of Congo-0990/A0/05/303/065,0,2,2012-01-01,2012-12-31,723626.0,USD,2026-07-31,XM-DAC-41122,,40,,,,,
XI-IATI-EC_INTPA-2026-PC-73577,0,1,2026-07-01,2026-07-31,5000000.0,,2026-01-01,,European Commission - Directorate General for International Partnerships,15,XI-IATI-EC_INTPA-2026-PC-73577,,Other public entities in recipient country,,
XI-IATI-EC_INTPA-2026-PC-54171,0,1,2026-07-01,2026-07-31,1250000.0,,2026-01-01,,European Commission - Directorate General for International Partnerships,15,XI-IATI-EC_INTPA-2026-PC-54171,,Other public entities in recipient country,,
XI-IATI-EC_INTPA-2026-PC-73567,0,1,2026-07-01,2026-07-31,5000000.0,,2026-01-01,,European Commission - Directorate General for International Partnerships,15,XI-IATI-EC_INTPA-2026-PC-73567,,Other public entities in recipient country,,
XI-IATI-EC_INTPA-2026-PC-76425,0,1,2026-06-01,2026-06-30,1000000.0,,2026-01-01,,European Commission - Directorate General for International Partnerships,15,XI-IATI-EC_INTPA-2026-PC-76425,,Other public entities in recipient country,,
XI-IATI-EC_INTPA-2026-PC-54169,0,1,2026-07-01,2026-07-31,5000000.0,,2026-01-01,,European Commission - Directorate General for International Partnerships,15,XI-IATI-EC_INTPA-2026-PC-54169,,INTERNATIONAL NGO,,
XM-DAC-41122-South Sudan-4040/A0/03/002/005,0,2,2020-01-01,2020-12-31,3732190.0,USD,2026-07-31,XM-DAC-41122,,40,,,,,
XM-DAC-41122-South Sudan-4040/A0/03/002/005,1,2,2021-01-01,2021-12-31,4253891.0,USD,2026-07-31,XM-DAC-41122,,40,,,,,
XM-DAC-41122-South Sudan-4040/A0/03/002/005,2,2,2022-01-01,2022-12-31,6837972.0,USD,2026-07-31,XM-DAC-41122,,40,,,,,
XM-DAC-41122-South Sudan-4040/A0/03/002/005,3,2,2019-01-01,2019-12-31,4004440.0,USD,2026-07-31,XM-DAC-41122,,40,,,,,
DAC-1601-INV-076674,0,1,2026-01-01,2026-03-31,0.0,USD,2026-01-01,DAC-1601,Gates Foundation,60,,,Ecole Polytechnique Fédérale de Lausanne,,
DAC-1601-INV-076674,1,1,2026-04-01,2026-06-30,1561404.0,USD,2026-04-01,DAC-1601,Gates Foundation,60,,,Ecole Polytechnique Fédérale de Lausanne,,
DAC-1601-INV-076674,2,1,2026-07-01,2026-09-30,0.0,USD,2026-07-01,DAC-1601,Gates Foundation,60,,,Ecole Polytechnique Fédérale de Lausanne,,
DAC-1601-INV-076674,3,1,2026-10-01,2026-12-31,0.0,USD,2026-10-01,DAC-1601,Gates Foundation,60,,,Ecole Polytechnique Fédérale de Lausanne,,
DAC-1601-INV-076674,4,1,2027-01-01,2027-03-31,0.0,USD,2027-01-01,DAC-1601,Gates Foundation,60,,,Ecole Polytechnique Fédérale de Lausanne,,
DAC-1601-INV-076674,5,1,2027-04-01,2027-06-30,1471824.0,USD,2027-04-01,DAC-1601,Gates Foundation,60,,,Ecole Polytechnique Fédérale de Lausanne,,
DAC-1601-INV-076674,6,1,2027-07-01,2027-09-30,0.0,USD,2027-07-01,DAC-1601,Gates Foundation,60,,,Ecole Polytechnique Fédérale de Lausanne,,
DAC-1601-INV-076674,7,1,2027-10-01,2027-12-31,0.0,USD,2027-10-01,DAC-1601,Gates Foundation,60,,,Ecole Polytechnique Fédérale de Lausanne,,
XM-DAC-41122-Democratic Republic of Congo-0990/A0/05/301/059,0,2,2026-01-01,2026-12-31,0.0,USD,2026-07-31,XM-DAC-41122,,,40,,,,
XM-DAC-41122-Democratic Republic of Congo-0990/A0/05/301/018,0,2,2012-01-01,2012-12-31,227646.0,USD,2026-07-31,XM-DAC-41122,,40,,,,,
XM-DAC-41122-Democratic Republic of Congo-0990/A0/05/301/011,0,2,2012-01-01,2012-12-31,65295.0,USD,2026-07-31,XM-DAC-41122,,40,,,,,
XM-DAC-41122-Somalia-3920/A0/06/001/012,0,2,2014-01-01,2014-12-31,4230.0,USD,2026-07-31,XM-DAC-41122,,40,,,,,
XM-DAC-41122-Somalia-3920/A0/06/001/012,1,2,2013-01-01,2013-12-31,24498.0,USD,2026-07-31,XM-DAC-41122,,40,,,,,
XM-DAC-41122-Somalia-3920/A0/06/001/012,2,2,2012-01-01,2012-12-31,80127.0,USD,2026-07-31,XM-DAC-41122,,40,,,,,
DAC-1601-INV-032502,0,1,2026-01-01,2026-03-31,0.0,USD,2026-01-01,DAC-1601,Gates Foundation,60,,,United States Fund for UNICEF,,
DAC-1601-INV-032502,1,1,2026-04-01,2026-06-30,0.0,USD,2026-04-01,DAC-1601,Gates Foundation,60,,,United States Fund for UNICEF,,
DAC-1601-INV-032502,2,1,2026-07-01,2026-09-30,0.0,USD,2026-07-01,DAC-1601,Gates Foundation,60,,,United States Fund for UNICEF,,
DAC-1601-INV-032502,3,1,2026-10-01,2026-12-31,0.0,USD,2026-10-01,DAC-1601,Gates Foundation,60,,,United States Fund for UNICEF,,
DAC-1601-INV-032502,4,1,2027-01-01,2027-03-31,0.0,USD,2027-01-01,DAC-1601,Gates Foundation,60,,,United States Fund for UNICEF,,
DAC-1601-INV-032502,5,1,2027-04-01,2027-06-30,0.0,USD,2027-04-01,DAC-1601,Gates Foundation,60,,,United States Fund for UNICEF,,
DAC-1601-INV-032502,6,1,2027-07-01,2027-09-30,0.0,USD,2027-07-01,DAC-1601,Gates Foundation,60,,,United States Fund for UNICEF,,
DAC-1601-INV-032502,7,1,2027-10-01,2027-12-31,0.0,USD,2027-10-01,DAC-1601,Gates Foundation,60,,,United States Fund for UNICEF,,
KR-GOV-010-KR-GOV-051-2025070100345,0,1,2026-01-01,2026-12-31,0.0,KRW,2026-06-30,KR-GOV-051,Korea International Cooperation Agency,10,KR-GOV-010-KR-GOV-051-2025070100345,,,,
XM-DAC-41122-Rwanda-3750/A0/04/220/006,0,2,2013-01-01,2013-12-31,120670.0,USD,2026-07-31,XM-DAC-41122,,40,,,,,
XM-DAC-41122-Somalia-3920/A0/06/101/006,0,2,2014-01-01,2014-12-31,470329.0,USD,2026-07-31,XM-DAC-41122,,40,,,,,
XM-DAC-41122-Somalia-3920/A0/06/101/006,1,2,2015-01-01,2015-12-31,359961.0,USD,2026-07-31,XM-DAC-41122,,40,,,,,
XM-DAC-41122-Somalia-3920/A0/06/101/006,2,2,2017-01-01,2017-12-31,3419.0,USD,2026-07-31,XM-DAC-41122,,40,,,,,
XM-DAC-41122-Somalia-3920/A0/06/101/006,3,2,2016-01-01,2016-12-31,979999.0,USD,2026-07-31,XM-DAC-41122,,40,,,,,
XM-DAC-41122-Democratic Republic of Congo-0990/A0/05/301/097,0,2,2012-01-01,2012-12-31,3623760.0,USD,2026-07-31,XM-DAC-41122,,40,,,,,
XM-DAC-41122-Democratic Republic of Congo-0990/A0/05/301/006,0,2,2012-01-01,2012-12-31,342487.0,USD,2026-07-31,XM-DAC-41122,,40,,,,,
XM-DAC-41122-United Rep. of Tanzania-4550/A0/04/101/010,0,2,2012-01-01,2012-12-31,2035268.0,USD,2026-07-31,XM-DAC-41122,,40,,,,,
XM-DAC-41122-United Rep. of Tanzania-4550/A0/04/101/010,1,2,2013-01-01,2013-12-31,2713555.0,USD,2026-07-31,XM-DAC-41122,,40,,,,,
XM-DAC-41122-United Rep. of Tanzania-4550/A0/04/101/010,2,2,2014-01-01,2014-12-31,2686690.0,USD,2026-07-31,XM-DAC-41122,,40,,,,,
XM-DAC-41122-United Rep. of Tanzania-4550/A0/04/101/010,3,2,2015-01-01,2015-12-31,1922792.0,USD,2026-07-31,XM-DAC-41122,,40,,,,,
XM-DAC-41122-United Rep. of Tanzania-4550/A0/04/101/010,4,2,2016-01-01,2016-12-31,1339282.0,USD,2026-07-31,XM-DAC-41122,,40,,,,,
XM-DAC-41122-United Rep. of Tanzania-4550/A0/04/701/006,0,2,2012-01-01,2012-12-31,33694.0,USD,2026-07-31,XM-DAC-41122,,40,,,,,
KR-GOV-010-KR-GOV-051-2022010100143,0,1,2026-01-01,2026-12-31,50042826.0,KRW,2026-06-30,KR-GOV-051,Korea International Cooperation Agency,10,KR-GOV-010-KR-GOV-051-2022010100143,,,,
KR-GOV-010-KR-GOV-051-2026030702412,0,1,2026-01-01,2026-12-31,0.0,KRW,2026-06-30,KR-GOV-051,Korea International Cooperation Agency,10,KR-GOV-010-KR-GOV-051-2026030702412,,,,
DAC-1601-INV-076805,0,1,2026-01-01,2026-03-31,0.0,USD,2026-01-01,DAC-1601,Gates Foundation,60,,,Society for Family Health - Rwanda,,
DAC-1601-INV-076805,1,1,2026-04-01,2026-06-30,0.0,USD,2026-04-01,DAC-1601,Gates Foundation,60,,,Society for Family Health - Rwanda,,
DAC-1601-INV-076805,2,1,2026-07-01,2026-09-30,0.0,USD,2026-07-01,DAC-1601,Gates Foundation,60,,,Society for Family Health - Rwanda,,
DAC-1601-INV-076805,3,1,2026-10-01,2026-12-31,0.0,USD,2026-10-01,DAC-1601,Gates Foundation,60,,,Society for Family Health - Rwanda,,
DAC-1601-INV-076805,4,1,2027-01-01,2027-03-31,0.0,USD,2027-01-01,DAC-1601,Gates Foundation,60,,,Society for Family Health - Rwanda,,
DAC-1601-INV-076805,5,1,2027-04-01,2027-06-30,0.0,USD,2027-04-01,DAC-1601,Gates Foundation,60,,,Society for Family Health - Rwanda,,
DAC-1601-INV-076805,6,1,2027-07-01,2027-09-30,0.0,USD,2027-07-01,DAC-1601,Gates Foundation,60,,,Society for Family Health - Rwanda,,
DAC-1601-INV-076805,7,1,2027-10-01,2027-12-31,0.0,USD,2027-10-01,DAC-1601,Gates Foundation,60,,,Society for Family Health - Rwanda,,
DAC-1601-INV-074084,0,1,2026-01-01,2026-03-31,0.0,USD,2026-01-01,DAC-1601,Gates Foundation,60,,,Irembo Limited,,
DAC-1601-INV-074084,1,1,2026-04-01,2026-06-30,407483.0,USD,2026-04-01,DAC-1601,Gates Foundation,60,,,Irembo Limited,,
DAC-1601-INV-074084,2,1,2026-07-01,2026-09-30,1018708.0,USD,2026-07-01,DAC-1601,Gates Foundation,60,,,Irembo Limited,,
DAC-1601-INV-074084,3,1,2026-10-01,2026-12-31,0.0,USD,2026-10-01,DAC-1601,Gates Foundation,60,,,Irembo Limited,,
DAC-1601-INV-074084,4,1,2027-01-01,2027-03-31,814967.0,USD,2027-01-01,DAC-1601,Gates Foundation,60,,,Irembo Limited,,
DAC-1601-INV-074084,5,1,2027-04-01,2027-06-30,0.0,USD,2027-04-01,DAC-1601,Gates Foundation,60,,,Irembo Limited,,
DAC-1601-INV-074084,6,1,2027-07-01,2027-09-30,0.0,USD,2027-07-01,DAC-1601,Gates Foundation,60,,,Irembo Limited,,
DAC-1601-INV-074084,7,1,2027-10-01,2027-12-31,0.0,USD,2027-10-01,DAC-1601,Gates Foundation,60,,,Irembo Limited,,
DAC-1601-INV-096952,0,1,2026-01-01,2026-03-31,0.0,USD,2026-01-01,DAC-1601,Gates Foundation,60,,,eFiche Limited,,
DAC-1601-INV-096952,1,1,2026-04-01,2026-06-30,0.0,USD,2026-04-01,DAC-1601,Gates Foundation,60,,,eFiche Limited,,
DAC-1601-INV-096952,2,1,2026-07-01,2026-09-30,963251.0,USD,2026-07-01,DAC-1601,Gates Foundation,60,,,eFiche Limited,,
DAC-1601-INV-096952,3,1,2026-10-01,2026-12-31,0.0,USD,2026-10-01,DAC-1601,Gates Foundation,60,,,eFiche Limited,,
DAC-1601-INV-096952,4,1,2027-01-01,2027-03-31,0.0,USD,2027-01-01,DAC-1601,Gates Foundation,60,,,eFiche Limited,,
DAC-1601-INV-096952,5,1,2027-04-01,2027-06-30,0.0,USD,2027-04-01,DAC-1601,Gates Foundation,60,,,eFiche Limited,,
DAC-1601-INV-096952,6,1,2027-07-01,2027-09-30,0.0,USD,2027-07-01,DAC-1601,Gates Foundation,60,,,eFiche Limited,,
DAC-1601-INV-096952,7,1,2027-10-01,2027-12-31,0.0,USD,2027-10-01,DAC-1601,Gates Foundation,60,,,eFiche Limited,,
DAC-1601-INV-081781,0,1,2026-01-01,2026-03-31,233695.0,USD,2026-01-01,DAC-1601,Gates Foundation,60,,,Resolve to Save Lives,,
DAC-1601-INV-081781,1,1,2026-04-01,2026-06-30,0.0,USD,2026-04-01,DAC-1601,Gates Foundation,60,,,Resolve to Save Lives,,
DAC-1601-INV-081781,2,1,2026-07-01,2026-09-30,0.0,USD,2026-07-01,DAC-1601,Gates Foundation,60,,,Resolve to Save Lives,,
DAC-1601-INV-081781,3,1,2026-10-01,2026-12-31,0.0,USD,2026-10-01,DAC-1601,Gates Foundation,60,,,Resolve to Save Lives,,
DAC-1601-INV-081781,4,1,2027-01-01,2027-03-31,0.0,USD,2027-01-01,DAC-1601,Gates Foundation,60,,,Resolve to Save Lives,,
DAC-1601-INV-081781,5,1,2027-04-01,2027-06-30,0.0,USD,2027-04-01,DAC-1601,Gates Foundation,60,,,Resolve to Save Lives,,
DAC-1601-INV-081781,6,1,2027-07-01,2027-09-30,0.0,USD,2027-07-01,DAC-1601,Gates Foundation,60,,,Resolve to Save Lives,,
DAC-1601-INV-081781,7,1,2027-10-01,2027-12-31,0.0,USD,2027-10-01,DAC-1601,Gates Foundation,60,,,Resolve to Save Lives,,
DAC-1601-INV-087607,0,1,2026-01-01,2026-03-31,0.0,USD,2026-01-01,DAC-1601,Gates Foundation,60,,,Zenysis Technologies Inc.,,
DAC-1601-INV-087607,1,1,2026-04-01,2026-06-30,0.0,USD,2026-04-01,DAC-1601,Gates Foundation,60,,,Zenysis Technologies Inc.,,
DAC-1601-INV-087607,2,1,2026-07-01,2026-09-30,300000.0,USD,2026-07-01,DAC-1601,Gates Foundation,60,,,Zenysis Technologies Inc.,,
DAC-1601-INV-087607,3,1,2026-10-01,2026-12-31,0.0,USD,2026-10-01,DAC-1601,Gates Foundation,60,,,Zenysis Technologies Inc.,,
DAC-1601-INV-087607,4,1,2027-01-01,2027-03-31,200000.0,USD,2027-01-01,DAC-1601,Gates Foundation,60,,,Zenysis Technologies Inc.,,
DAC-1601-INV-087607,5,1,2027-04-01,2027-06-30,0.0,USD,2027-04-01,DAC-1601,Gates Foundation,60,,,Zenysis Technologies Inc.,,
DAC-1601-INV-087607,6,1,2027-07-01,2027-09-30,0.0,USD,2027-07-01,DAC-1601,Gates Foundation,60,,,Zenysis Technologies Inc.,,
DAC-1601-INV-087607,7,1,2027-10-01,2027-12-31,0.0,USD,2027-10-01,DAC-1601,Gates Foundation,60,,,Zenysis Technologies Inc.,,
DAC-1601-INV-094484,0,1,2026-01-01,2026-03-31,0.0,USD,2026-01-01,DAC-1601,Gates Foundation,60,,,"Brigham and Women's Hospital, Inc.",,
DAC-1601-INV-094484,1,1,2026-04-01,2026-06-30,0.0,USD,2026-04-01,DAC-1601,Gates Foundation,60,,,"Brigham and Women's Hospital, Inc.",,
DAC-1601-INV-094484,2,1,2026-07-01,2026-09-30,0.0,USD,2026-07-01,DAC-1601,Gates Foundation,60,,,"Brigham and Women's Hospital, Inc.",,
DAC-1601-INV-094484,3,1,2026-10-01,2026-12-31,761762.0,USD,2026-10-01,DAC-1601,Gates Foundation,60,,,"Brigham and Women's Hospital, Inc.",,
DAC-1601-INV-094484,4,1,2027-01-01,2027-03-31,0.0,USD,2027-01-01,DAC-1601,Gates Foundation,60,,,"Brigham and Women's Hospital, Inc.",,
DAC-1601-INV-094484,5,1,2027-04-01,2027-06-30,0.0,USD,2027-04-01,DAC-1601,Gates Foundation,60,,,"Brigham and Women's Hospital, Inc.",,
DAC-1601-INV-094484,6,1,2027-07-01,2027-09-30,0.0,USD,2027-07-01,DAC-1601,Gates Foundation,60,,,"Brigham and Women's Hospital, Inc.",,
DAC-1601-INV-094484,7,1,2027-10-01,2027-12-31,0.0,USD,2027-10-01,DAC-1601,Gates Foundation,60,,,"Brigham and Women's Hospital, Inc.",,
XM-DAC-41122-Democratic Republic of Congo-0990/A0/05/301/096,0,2,2012-01-01,2012-12-31,22633811.0,USD,2026-07-31,XM-DAC-41122,,40,,,,,
KR-GOV-010-KR-GOV-051-2026030102589,0,1,2026-01-01,2026-12-31,0.0,KRW,2026-06-30,KR-GOV-051,Korea International Cooperation Agency,10,KR-GOV-010-KR-GOV-051-2026030102589,,,,
KR-GOV-010-KR-GOV-051-2024070100563,0,1,2026-01-01,2026-12-31,0.0,KRW,2026-06-30,KR-GOV-051,Korea International Cooperation Agency,10,KR-GOV-010-KR-GOV-051-2024070100563,,,,
DAC-1601-INV-086719,0,1,2026-01-01,2026-03-31,0.0,USD,2026-01-01,DAC-1601,Gates Foundation,60,,,Africa Academy for Public Health,,
DAC-1601-INV-086719,1,1,2026-04-01,2026-06-30,0.0,USD,2026-04-01,DAC-1601,Gates Foundation,60,,,Africa Academy for Public Health,,
DAC-1601-INV-086719,2,1,2026-07-01,2026-09-30,0.0,USD,2026-07-01,DAC-1601,Gates Foundation,60,,,Africa Academy for Public Health,,
DAC-1601-INV-086719,3,1,2026-10-01,2026-12-31,0.0,USD,2026-10-01,DAC-1601,Gates Foundation,60,,,Africa Academy for Public Health,,
DAC-1601-INV-086719,4,1,2027-01-01,2027-03-31,0.0,USD,2027-01-01,DAC-1601,Gates Foundation,60,,,Africa Academy for Public Health,,
DAC-1601-INV-086719,5,1,2027-04-01,2027-06-30,0.0,USD,2027-04-01,DAC-1601,Gates Foundation,60,,,Africa Academy for Public Health,,
DAC-1601-INV-086719,6,1,2027-07-01,2027-09-30,0.0,USD,2027-07-01,DAC-1601,Gates Foundation,60,,,Africa Academy for Public Health,,
DAC-1601-INV-086719,7,1,2027-10-01,2027-12-31,0.0,USD,2027-10-01,DAC-1601,Gates Foundation,60,,,Africa Academy for Public Health,,
DAC-1601-INV-085627,0,1,2026-01-01,2026-03-31,0.0,USD,2026-01-01,DAC-1601,Gates Foundation,60,,,Tanzania Food and Nutrition Centre,,
DAC-1601-INV-085627,1,1,2026-04-01,2026-06-30,0.0,USD,2026-04-01,DAC-1601,Gates Foundation,60,,,Tanzania Food and Nutrition Centre,,
DAC-1601-INV-085627,2,1,2026-07-01,2026-09-30,0.0,USD,2026-07-01,DAC-1601,Gates Foundation,60,,,Tanzania Food and Nutrition Centre,,
DAC-1601-INV-085627,3,1,2026-10-01,2026-12-31,150000.0,USD,2026-10-01,DAC-1601,Gates Foundation,60,,,Tanzania Food and Nutrition Centre,,
DAC-1601-INV-085627,4,1,2027-01-01,2027-03-31,0.0,USD,2027-01-01,DAC-1601,Gates Foundation,60,,,Tanzania Food and Nutrition Centre,,
DAC-1601-INV-085627,5,1,2027-04-01,2027-06-30,150000.0,USD,2027-04-01,DAC-1601,Gates Foundation,60,,,Tanzania Food and Nutrition Centre,,
DAC-1601-INV-085627,6,1,2027-07-01,2027-09-30,0.0,USD,2027-07-01,DAC-1601,Gates Foundation,60,,,Tanzania Food and Nutrition Centre,,
DAC-1601-INV-085627,7,1,2027-10-01,2027-12-31,217902.0,USD,2027-10-01,DAC-1601,Gates Foundation,60,,,Tanzania Food and Nutrition Centre,,
DAC-1601-INV-044514,0,1,2026-01-01,2026-03-31,0.0,USD,2026-01-01,DAC-1601,Gates Foundation,60,,,The George Washington University,,
DAC-1601-INV-044514,1,1,2026-04-01,2026-06-30,0.0,USD,2026-04-01,DAC-1601,Gates Foundation,60,,,The George Washington University,,
DAC-1601-INV-044514,2,1,2026-07-01,2026-09-30,0.0,USD,2026-07-01,DAC-1601,Gates Foundation,60,,,The George Washington University,,
DAC-1601-INV-044514,3,1,2026-10-01,2026-12-31,0.0,USD,2026-10-01,DAC-1601,Gates Foundation,60,,,The George Washington University,,
DAC-1601-INV-044514,4,1,2027-01-01,2027-03-31,0.0,USD,2027-01-01,DAC-1601,Gates Foundation,60,,,The George Washington University,,
DAC-1601-INV-044514,5,1,2027-04-01,2027-06-30,0.0,USD,2027-04-01,DAC-1601,Gates Foundation,60,,,The George Washington University,,
DAC-1601-INV-044514,6,1,2027-07-01,2027-09-30,0.0,USD,2027-07-01,DAC-1601,Gates Foundation,60,,,The George Washington University,,
DAC-1601-INV-044514,7,1,2027-10-01,2027-12-31,0.0,USD,2027-10-01,DAC-1601,Gates Foundation,60,,,The George Washington University,,
DAC-1601-INV-079668,0,1,2026-01-01,2026-03-31,0.0,USD,2026-01-01,DAC-1601,Gates Foundation,60,,,Harvard T.H. Chan School of Public Health,,
DAC-1601-INV-079668,1,1,2026-04-01,2026-06-30,0.0,USD,2026-04-01,DAC-1601,Gates Foundation,60,,,Harvard T.H. Chan School of Public Health,,
DAC-1601-INV-079668,2,1,2026-07-01,2026-09-30,0.0,USD,2026-07-01,DAC-1601,Gates Foundation,60,,,Harvard T.H. Chan School of Public Health,,
DAC-1601-INV-079668,3,1,2026-10-01,2026-12-31,0.0,USD,2026-10-01,DAC-1601,Gates Foundation,60,,,Harvard T.H. Chan School of Public Health,,
DAC-1601-INV-079668,4,1,2027-01-01,2027-03-31,0.0,USD,2027-01-01,DAC-1601,Gates Foundation,60,,,Harvard T.H. Chan School of Public Health,,
DAC-1601-INV-079668,5,1,2027-04-01,2027-06-30,0.0,USD,2027-04-01,DAC-1601,Gates Foundation,60,,,Harvard T.H. Chan School of Public Health,,
DAC-1601-INV-079668,6,1,2027-07-01,2027-09-30,0.0,USD,2027-07-01,DAC-1601,Gates Foundation,60,,,Harvard T.H. Chan School of Public Health,,
DAC-1601-INV-079668,7,1,2027-10-01,2027-12-31,0.0,USD,2027-10-01,DAC-1601,Gates Foundation,60,,,Harvard T.H. Chan School of Public Health,,
XM-DAC-301-2-110810-001,0,1,2028-04-01,2029-03-31,253010.0,CAD,2028-04-01,XM-DAC-301-2,International Development Research Centre,15,,,SWISS FOUNDATION FOR DEVELOPMENT COOPERATION (SWISS AID TANZANIA),21,
XM-DAC-301-2-110810-001,1,1,2026-04-01,2027-03-31,275160.0,CAD,2026-04-01,XM-DAC-301-2,International Development Research Centre,15,,,SWISS FOUNDATION FOR DEVELOPMENT COOPERATION (SWISS AID TANZANIA),21,
XM-DAC-301-2-110810-001,2,1,2029-04-01,2030-03-31,99940.0,CAD,2029-04-01,XM-DAC-301-2,International Development Research Centre,15,,,SWISS FOUNDATION FOR DEVELOPMENT COOPERATION (SWISS AID TANZANIA),21,
XM-DAC-301-2-110810-001,3,1,2027-04-01,2028-03-31,294750.0,CAD,2027-04-01,XM-DAC-301-2,International Development Research Centre,15,,,SWISS FOUNDATION FOR DEVELOPMENT COOPERATION (SWISS AID TANZANIA),21,
XM-DAC-301-2-110810-001,4,1,2025-04-01,2026-03-31,58100.0,CAD,2025-04-01,XM-DAC-301-2,International Development Research Centre,15,,,SWISS FOUNDATION FOR DEVELOPMENT COOPERATION (SWISS AID TANZANIA),21,
XM-DAC-41122-South Sudan-4040/A0/01/008/004,0,2,2014-01-01,2014-12-31,43819.0,USD,2026-07-31,XM-DAC-41122,,40,,,,,
XM-DAC-41122-South Sudan-4040/A0/01/008/004,1,2,2015-01-01,2015-12-31,4246869.0,USD,2026-07-31,XM-DAC-41122,,40,,,,,
XM-DAC-41122-South Sudan-4040/A0/01/008/004,2,2,2016-01-01,2016-12-31,2034568.0,USD,2026-07-31,XM-DAC-41122,,40,,,,,
XM-DAC-41122-Rwanda-3750/A0/04/220/002,0,2,2012-01-01,2012-12-31,49126.0,USD,2026-07-31,XM-DAC-41122,,40,,,,,
XM-DAC-41122-Rwanda-3750/A0/04/220/002,1,2,2013-01-01,2013-12-31,323000.0,USD,2026-07-31,XM-DAC-41122,,40,,,,,
DAC-1601-INV-045796,0,1,2026-01-01,2026-03-31,0.0,USD,2026-01-01,DAC-1601,Gates Foundation,60,,,The END Fund,,
DAC-1601-INV-045796,1,1,2026-04-01,2026-06-30,0.0,USD,2026-04-01,DAC-1601,Gates Foundation,60,,,The END Fund,,
DAC-1601-INV-045796,2,1,2026-07-01,2026-09-30,0.0,USD,2026-07-01,DAC-1601,Gates Foundation,60,,,The END Fund,,
DAC-1601-INV-045796,3,1,2026-10-01,2026-12-31,0.0,USD,2026-10-01,DAC-1601,Gates Foundation,60,,,The END Fund,,
DAC-1601-INV-045796,4,1,2027-01-01,2027-03-31,0.0,USD,2027-01-01,DAC-1601,Gates Foundation,60,,,The END Fund,,
DAC-1601-INV-045796,5,1,2027-04-01,2027-06-30,0.0,USD,2027-04-01,DAC-1601,Gates Foundation,60,,,The END Fund,,
DAC-1601-INV-045796,6,1,2027-07-01,2027-09-30,0.0,USD,2027-07-01,DAC-1601,Gates Foundation,60,,,The END Fund,,
DAC-1601-INV-045796,7,1,2027-10-01,2027-12-31,0.0,USD,2027-10-01,DAC-1601,Gates Foundation,60,,,The END Fund,,
DAC-1601-INV-069333,0,1,2026-01-01,2026-03-31,0.0,USD,2026-01-01,DAC-1601,Gates Foundation,60,,,University of California San Francisco,,
DAC-1601-INV-069333,1,1,2026-04-01,2026-06-30,0.0,USD,2026-04-01,DAC-1601,Gates Foundation,60,,,University of California San Francisco,,
DAC-1601-INV-069333,2,1,2026-07-01,2026-09-30,3000000.0,USD,2026-07-01,DAC-1601,Gates Foundation,60,,,University of California San Francisco,,
DAC-1601-INV-069333,3,1,2026-10-01,2026-12-31,0.0,USD,2026-10-01,DAC-1601,Gates Foundation,60,,,University of California San Francisco,,
DAC-1601-INV-069333,4,1,2027-01-01,2027-03-31,0.0,USD,2027-01-01,DAC-1601,Gates Foundation,60,,,University of California San Francisco,,
DAC-1601-INV-069333,5,1,2027-04-01,2027-06-30,0.0,USD,2027-04-01,DAC-1601,Gates Foundation,60,,,University of California San Francisco,,
DAC-1601-INV-069333,6,1,2027-07-01,2027-09-30,1139305.0,USD,2027-07-01,DAC-1601,Gates Foundation,60,,,University of California San Francisco,,
DAC-1601-INV-069333,7,1,2027-10-01,2027-12-31,0.0,USD,2027-10-01,DAC-1601,Gates Foundation,60,,,University of California San Francisco,,
XM-DAC-301-2-110955-001,0,1,2027-04-01,2028-03-31,231330.0,CAD,2027-04-01,XM-DAC-301-2,International Development Research Centre,15,,,Center for Rapid Evidence Synthesis,23,
XM-DAC-301-2-110955-001,1,1,2028-04-01,2029-03-31,124640.0,CAD,2028-04-01,XM-DAC-301-2,International Development Research Centre,15,,,Center for Rapid Evidence Synthesis,23,
XM-DAC-301-2-110955-001,2,1,2026-04-01,2027-03-31,620030.0,CAD,2026-04-01,XM-DAC-301-2,International Development Research Centre,15,,,Center for Rapid Evidence Synthesis,23,
XM-DAC-301-2-110955-001,3,1,2025-04-01,2026-03-31,270400.0,CAD,2025-04-01,XM-DAC-301-2,International Development Research Centre,15,,,Center for Rapid Evidence Synthesis,23,
XM-DAC-41122-Ethiopia-1410/A0/05/308/008,0,2,2013-01-01,2013-12-31,2747844.0,USD,2026-07-31,XM-DAC-41122,,40,,,,,
XM-DAC-41122-Ethiopia-1410/A0/05/308/008,1,2,2014-01-01,2014-12-31,271134.0,USD,2026-07-31,XM-DAC-41122,,40,,,,,
XM-DAC-41122-Ethiopia-1410/A0/05/308/008,2,2,2016-01-01,2016-12-31,-91.0,USD,2026-07-31,XM-DAC-41122,,40,,,,,
XM-DAC-41122-Ethiopia-1410/A0/05/308/008,3,2,2012-01-01,2012-12-31,513269.0,USD,2026-07-31,XM-DAC-41122,,40,,,,,
XM-DAC-41122-Ethiopia-1410/A0/05/101/015,0,2,2014-01-01,2014-12-31,1006114.0,USD,2026-07-31,XM-DAC-41122,,40,,,,,
XM-DAC-41122-Ethiopia-1410/A0/05/101/015,1,2,2015-01-01,2015-12-31,-1424.0,USD,2026-07-31,XM-DAC-41122,,40,,,,,
XM-DAC-41122-Ethiopia-1410/A0/05/101/015,2,2,2016-01-01,2016-12-31,-232.0,USD,2026-07-31,XM-DAC-41122,,40,,,,,
XM-DAC-41122-Ethiopia-1410/A0/05/002/006,0,2,2014-01-01,2014-12-31,50475.0,USD,2026-07-31,XM-DAC-41122,,40,,,,,
XM-DAC-41122-Ethiopia-1410/A0/05/002/006,1,2,2015-01-01,2015-12-31,100948.0,USD,2026-07-31,XM-DAC-41122,,40,,,,,
XM-DAC-41122-Ethiopia-1410/A0/05/002/006,2,2,2016-01-01,2016-12-31,215444.0,USD,2026-07-31,XM-DAC-41122,,40,,,,,
XM-DAC-41122-Ethiopia-1410/A0/05/002/005,0,2,2015-01-01,2015-12-31,740296.0,USD,2026-07-31,XM-DAC-41122,,40,,,,,
XM-DAC-41122-Ethiopia-1410/A0/05/002/005,1,2,2016-01-01,2016-12-31,1038582.0,USD,2026-07-31,XM-DAC-41122,,40,,,,,
XM-DAC-41122-Ethiopia-1410/A0/05/002/005,2,2,2014-01-01,2014-12-31,370148.0,USD,2026-07-31,XM-DAC-41122,,40,,,,,
DAC-1601-INV-088484,0,1,2026-01-01,2026-03-31,0.0,USD,2026-01-01,DAC-1601,Gates Foundation,60,,,Global Alliance for Improved Nutrition,,
DAC-1601-INV-088484,1,1,2026-04-01,2026-06-30,0.0,USD,2026-04-01,DAC-1601,Gates Foundation,60,,,Global Alliance for Improved Nutrition,,
DAC-1601-INV-088484,2,1,2026-07-01,2026-09-30,0.0,USD,2026-07-01,DAC-1601,Gates Foundation,60,,,Global Alliance for Improved Nutrition,,
DAC-1601-INV-088484,3,1,2026-10-01,2026-12-31,1675430.0,USD,2026-10-01,DAC-1601,Gates Foundation,60,,,Global Alliance for Improved Nutrition,,
DAC-1601-INV-088484,4,1,2027-01-01,2027-03-31,2434910.0,USD,2027-01-01,DAC-1601,Gates Foundation,60,,,Global Alliance for Improved Nutrition,,
DAC-1601-INV-088484,5,1,2027-04-01,2027-06-30,0.0,USD,2027-04-01,DAC-1601,Gates Foundation,60,,,Global Alliance for Improved Nutrition,,
DAC-1601-INV-088484,6,1,2027-07-01,2027-09-30,0.0,USD,2027-07-01,DAC-1601,Gates Foundation,60,,,Global Alliance for Improved Nutrition,,
DAC-1601-INV-088484,7,1,2027-10-01,2027-12-31,0.0,USD,2027-10-01,DAC-1601,Gates Foundation,60,,,Global Alliance for Improved Nutrition,,
XM-DAC-41122-South Sudan-4040/A0/01/008/001,0,2,2014-01-01,2014-12-31,464098.0,USD,2026-07-31,XM-DAC-41122,,40,,,,,
XM-DAC-41122-South Sudan-4040/A0/01/008/001,1,2,2015-01-01,2015-12-31,17168912.0,USD,2026-07-31,XM-DAC-41122,,40,,,,,
XM-DAC-41122-South Sudan-4040/A0/01/008/001,2,2,2016-01-01,2016-12-31,16600118.0,USD,2026-07-31,XM-DAC-41122,,40,,,,,
XM-DAC-301-2-110838-001,0,1,2027-04-01,2028-03-31,476550.0,CAD,2027-04-01,XM-DAC-301-2,International Development Research Centre,15,,,Uganda National Council for Science and Technology,15,
XM-DAC-301-2-110838-001,1,1,2026-04-01,2027-03-31,826150.0,CAD,2026-04-01,XM-DAC-301-2,International Development Research Centre,15,,,Uganda National Council for Science and Technology,15,
XM-DAC-301-2-110838-001,2,1,2030-04-01,2031-03-31,139993.0,CAD,2030-04-01,XM-DAC-301-2,International Development Research Centre,15,,,Uganda National Council for Science and Technology,15,
XM-DAC-301-2-110838-001,3,1,2028-04-01,2029-03-31,271100.0,CAD,2028-04-01,XM-DAC-301-2,International Development Research Centre,15,,,Uganda National Council for Science and Technology,15,
XM-DAC-301-2-110838-001,4,1,2029-04-01,2030-03-31,233707.0,CAD,2029-04-01,XM-DAC-301-2,International Development Research Centre,15,,,Uganda National Council for Science and Technology,15,
XM-DAC-301-2-110838-001,5,1,2025-04-01,2026-03-31,52400.0,CAD,2025-04-01,XM-DAC-301-2,International Development Research Centre,15,,,Uganda National Council for Science and Technology,15,
DAC-1601-INV-077662,0,1,2026-01-01,2026-03-31,0.0,USD,2026-01-01,DAC-1601,Gates Foundation,60,,,Niyel Suarl,,
DAC-1601-INV-077662,1,1,2026-04-01,2026-06-30,0.0,USD,2026-04-01,DAC-1601,Gates Foundation,60,,,Niyel Suarl,,
DAC-1601-INV-077662,2,1,2026-07-01,2026-09-30,0.0,USD,2026-07-01,DAC-1601,Gates Foundation,60,,,Niyel Suarl,,
DAC-1601-INV-077662,3,1,2026-10-01,2026-12-31,0.0,USD,2026-10-01,DAC-1601,Gates Foundation,60,,,Niyel Suarl,,
DAC-1601-INV-077662,4,1,2027-01-01,2027-03-31,234878.0,USD,2027-01-01,DAC-1601,Gates Foundation,60,,,Niyel Suarl,,
DAC-1601-INV-077662,5,1,2027-04-01,2027-06-30,0.0,USD,2027-04-01,DAC-1601,Gates Foundation,60,,,Niyel Suarl,,
DAC-1601-INV-077662,6,1,2027-07-01,2027-09-30,0.0,USD,2027-07-01,DAC-1601,Gates Foundation,60,,,Niyel Suarl,,
DAC-1601-INV-077662,7,1,2027-10-01,2027-12-31,0.0,USD,2027-10-01,DAC-1601,Gates Foundation,60,,,Niyel Suarl,,
DAC-1601-INV-096512,0,1,2026-01-01,2026-03-31,0.0,USD,2026-01-01,DAC-1601,Gates Foundation,60,,,African Population & Health Research Center,,
DAC-1601-INV-096512,1,1,2026-04-01,2026-06-30,0.0,USD,2026-04-01,DAC-1601,Gates Foundation,60,,,African Population & Health Research Center,,
DAC-1601-INV-096512,2,1,2026-07-01,2026-09-30,0.0,USD,2026-07-01,DAC-1601,Gates Foundation,60,,,African Population & Health Research Center,,
DAC-1601-INV-096512,3,1,2026-10-01,2026-12-31,0.0,USD,2026-10-01,DAC-1601,Gates Foundation,60,,,African Population & Health Research Center,,
DAC-1601-INV-096512,4,1,2027-01-01,2027-03-31,0.0,USD,2027-01-01,DAC-1601,Gates Foundation,60,,,African Population & Health Research Center,,
DAC-1601-INV-096512,5,1,2027-04-01,2027-06-30,0.0,USD,2027-04-01,DAC-1601,Gates Foundation,60,,,African Population & Health Research Center,,
DAC-1601-INV-096512,6,1,2027-07-01,2027-09-30,0.0,USD,2027-07-01,DAC-1601,Gates Foundation,60,,,African Population & Health Research Center,,
DAC-1601-INV-096512,7,1,2027-10-01,2027-12-31,0.0,USD,2027-10-01,DAC-1601,Gates Foundation,60,,,African Population & Health Research Center,,
XM-DAC-41122-Ethiopia-1410/A0/05/102/003,0,2,2015-01-01,2015-12-31,1057465.0,USD,2026-07-31,XM-DAC-41122,,40,,,,,
XM-DAC-41122-Ethiopia-1410/A0/05/102/003,1,2,2014-01-01,2014-12-31,1760000.0,USD,2026-07-31,XM-DAC-41122,,40,,,,,
XM-DAC-41122-Ethiopia-1410/A0/05/102/003,2,2,2013-01-01,2013-12-31,3067501.0,USD,2026-07-31,XM-DAC-41122,,40,,,,,
XM-DAC-41122-Ethiopia-1410/A0/05/102/003,3,2,2012-01-01,2012-12-31,3154876.0,USD,2026-07-31,XM-DAC-41122,,40,,,,,
XM-DAC-41122-Ethiopia-1410/A0/05/001/006,0,2,2014-01-01,2014-12-31,1760000.0,USD,2026-07-31,XM-DAC-41122,,40,,,,,
XM-DAC-41122-Ethiopia-1410/A0/05/001/006,1,2,2016-01-01,2016-12-31,8558259.0,USD,2026-07-31,XM-DAC-41122,,40,,,,,
XM-DAC-41122-Ethiopia-1410/A0/05/001/006,2,2,2015-01-01,2015-12-31,3520000.0,USD,2026-07-31,XM-DAC-41122,,40,,,,,
XM-DAC-41122-Somalia-3920/A0/06/019/003,0,2,2012-01-01,2012-12-31,17741.0,USD,2026-07-31,XM-DAC-41122,,40,,,,,
XM-DAC-41122-Somalia-3920/A0/06/017/003,0,2,2012-01-01,2012-12-31,328504.0,USD,2026-07-31,XM-DAC-41122,,40,,,,,
XM-DAC-41122-Somalia-3920/A0/06/017/003,1,2,2017-01-01,2017-12-31,9869.0,USD,2026-07-31,XM-DAC-41122,,40,,,,,
XM-DAC-41122-Somalia-3920/A0/06/019/001,0,2,2012-01-01,2012-12-31,19680.0,USD,2026-07-31,XM-DAC-41122,,40,,,,,
XM-DAC-41122-Somalia-3920/A0/06/019/008,0,2,2012-01-01,2012-12-31,17992.0,USD,2026-07-31,XM-DAC-41122,,40,,,,,
XM-DAC-41122-Somalia-3920/A0/06/019/013,0,2,2012-01-01,2012-12-31,67322.0,USD,2026-07-31,XM-DAC-41122,,40,,,,,
XM-DAC-41122-Somalia-3920/A0/06/017/012,0,2,2012-01-01,2012-12-31,179379.0,USD,2026-07-31,XM-DAC-41122,,40,,,,,
XM-DAC-41122-Somalia-3920/A0/06/019/015,0,2,2012-01-01,2012-12-31,33556.0,USD,2026-07-31,XM-DAC-41122,,40,,,,,
DAC-1601-INV-059083,0,1,2026-01-01,2026-03-31,0.0,USD,2026-01-01,DAC-1601,Gates Foundation,60,,,Makerere University School of Public Health,,
DAC-1601-INV-059083,1,1,2026-04-01,2026-06-30,0.0,USD,2026-04-01,DAC-1601,Gates Foundation,60,,,Makerere University School of Public Health,,
DAC-1601-INV-059083,2,1,2026-07-01,2026-09-30,0.0,USD,2026-07-01,DAC-1601,Gates Foundation,60,,,Makerere University School of Public Health,,
DAC-1601-INV-059083,3,1,2026-10-01,2026-12-31,0.0,USD,2026-10-01,DAC-1601,Gates Foundation,60,,,Makerere University School of Public Health,,
DAC-1601-INV-059083,4,1,2027-01-01,2027-03-31,0.0,USD,2027-01-01,DAC-1601,Gates Foundation,60,,,Makerere University School of Public Health,,
DAC-1601-INV-059083,5,1,2027-04-01,2027-06-30,0.0,USD,2027-04-01,DAC-1601,Gates Foundation,60,,,Makerere University School of Public Health,,
DAC-1601-INV-059083,6,1,2027-07-01,2027-09-30,0.0,USD,2027-07-01,DAC-1601,Gates Foundation,60,,,Makerere University School of Public Health,,
DAC-1601-INV-059083,7,1,2027-10-01,2027-12-31,0.0,USD,2027-10-01,DAC-1601,Gates Foundation,60,,,Makerere University School of Public Health,,
DAC-1601-INV-042796,0,1,2026-01-01,2026-03-31,0.0,USD,2026-01-01,DAC-1601,Gates Foundation,60,,,Rice University,,
DAC-1601-INV-042796,1,1,2026-04-01,2026-06-30,0.0,USD,2026-04-01,DAC-1601,Gates Foundation,60,,,Rice University,,
DAC-1601-INV-042796,2,1,2026-07-01,2026-09-30,0.0,USD,2026-07-01,DAC-1601,Gates Foundation,60,,,Rice University,,
DAC-1601-INV-042796,3,1,2026-10-01,2026-12-31,0.0,USD,2026-10-01,DAC-1601,Gates Foundation,60,,,Rice University,,
DAC-1601-INV-042796,4,1,2027-01-01,2027-03-31,4000000.0,USD,2027-01-01,DAC-1601,Gates Foundation,60,,,Rice University,,
DAC-1601-INV-042796,5,1,2027-04-01,2027-06-30,0.0,USD,2027-04-01,DAC-1601,Gates Foundation,60,,,Rice University,,
DAC-1601-INV-042796,6,1,2027-07-01,2027-09-30,0.0,USD,2027-07-01,DAC-1601,Gates Foundation,60,,,Rice University,,
DAC-1601-INV-042796,7,1,2027-10-01,2027-12-31,0.0,USD,2027-10-01,DAC-1601,Gates Foundation,60,,,Rice University,,
DAC-1601-INV-057929,0,1,2026-01-01,2026-03-31,0.0,USD,2026-01-01,DAC-1601,Gates Foundation,60,,,Sonder Collective,,
DAC-1601-INV-057929,1,1,2026-04-01,2026-06-30,0.0,USD,2026-04-01,DAC-1601,Gates Foundation,60,,,Sonder Collective,,
DAC-1601-INV-057929,2,1,2026-07-01,2026-09-30,0.0,USD,2026-07-01,DAC-1601,Gates Foundation,60,,,Sonder Collective,,
DAC-1601-INV-057929,3,1,2026-10-01,2026-12-31,0.0,USD,2026-10-01,DAC-1601,Gates Foundation,60,,,Sonder Collective,,
DAC-1601-INV-057929,4,1,2027-01-01,2027-03-31,0.0,USD,2027-01-01,DAC-1601,Gates Foundation,60,,,Sonder Collective,,
DAC-1601-INV-057929,5,1,2027-04-01,2027-06-30,0.0,USD,2027-04-01,DAC-1601,Gates Foundation,60,,,Sonder Collective,,
DAC-1601-INV-057929,6,1,2027-07-01,2027-09-30,0.0,USD,2027-07-01,DAC-1601,Gates Foundation,60,,,Sonder Collective,,
DAC-1601-INV-057929,7,1,2027-10-01,2027-12-31,0.0,USD,2027-10-01,DAC-1601,Gates Foundation,60,,,Sonder Collective,,
XM-DAC-41122-Democratic Republic of Congo-0990/A0/05/301/003,0,2,2012-01-01,2012-12-31,350818.0,USD,2026-07-31,XM-DAC-41122,,40,,,,,
DAC-1601-INV-079622,0,1,2026-01-01,2026-03-31,0.0,USD,2026-01-01,DAC-1601,Gates Foundation,60,,,Resolve to Save Lives,,
DAC-1601-INV-079622,1,1,2026-04-01,2026-06-30,0.0,USD,2026-04-01,DAC-1601,Gates Foundation,60,,,Resolve to Save Lives,,
DAC-1601-INV-079622,2,1,2026-07-01,2026-09-30,0.0,USD,2026-07-01,DAC-1601,Gates Foundation,60,,,Resolve to Save Lives,,
DAC-1601-INV-079622,3,1,2026-10-01,2026-12-31,0.0,USD,2026-10-01,DAC-1601,Gates Foundation,60,,,Resolve to Save Lives,,
DAC-1601-INV-079622,4,1,2027-01-01,2027-03-31,0.0,USD,2027-01-01,DAC-1601,Gates Foundation,60,,,Resolve to Save Lives,,
DAC-1601-INV-079622,5,1,2027-04-01,2027-06-30,0.0,USD,2027-04-01,DAC-1601,Gates Foundation,60,,,Resolve to Save Lives,,
DAC-1601-INV-079622,6,1,2027-07-01,2027-09-30,0.0,USD,2027-07-01,DAC-1601,Gates Foundation,60,,,Resolve to Save Lives,,
DAC-1601-INV-079622,7,1,2027-10-01,2027-12-31,0.0,USD,2027-10-01,DAC-1601,Gates Foundation,60,,,Resolve to Save Lives,,
DAC-1601-INV-077731,0,1,2026-01-01,2026-03-31,0.0,USD,2026-01-01,DAC-1601,Gates Foundation,60,,,Impact Santé Afrique,,
DAC-1601-INV-077731,1,1,2026-04-01,2026-06-30,0.0,USD,2026-04-01,DAC-1601,Gates Foundation,60,,,Impact Santé Afrique,,
DAC-1601-INV-077731,2,1,2026-07-01,2026-09-30,0.0,USD,2026-07-01,DAC-1601,Gates Foundation,60,,,Impact Santé Afrique,,
DAC-1601-INV-077731,3,1,2026-10-01,2026-12-31,0.0,USD,2026-10-01,DAC-1601,Gates Foundation,60,,,Impact Santé Afrique,,
DAC-1601-INV-077731,4,1,2027-01-01,2027-03-31,699457.0,USD,2027-01-01,DAC-1601,Gates Foundation,60,,,Impact Santé Afrique,,
DAC-1601-INV-077731,5,1,2027-04-01,2027-06-30,0.0,USD,2027-04-01,DAC-1601,Gates Foundation,60,,,Impact Santé Afrique,,
DAC-1601-INV-077731,6,1,2027-07-01,2027-09-30,0.0,USD,2027-07-01,DAC-1601,Gates Foundation,60,,,Impact Santé Afrique,,
DAC-1601-INV-077731,7,1,2027-10-01,2027-12-31,0.0,USD,2027-10-01,DAC-1601,Gates Foundation,60,,,Impact Santé Afrique,,
DAC-1601-INV-093517,0,1,2026-01-01,2026-03-31,0.0,USD,2026-01-01,DAC-1601,Gates Foundation,60,,,Makerere University,,
DAC-1601-INV-093517,1,1,2026-04-01,2026-06-30,0.0,USD,2026-04-01,DAC-1601,Gates Foundation,60,,,Makerere University,,
DAC-1601-INV-093517,2,1,2026-07-01,2026-09-30,0.0,USD,2026-07-01,DAC-1601,Gates Foundation,60,,,Makerere University,,
DAC-1601-INV-093517,3,1,2026-10-01,2026-12-31,0.0,USD,2026-10-01,DAC-1601,Gates Foundation,60,,,Makerere University,,
DAC-1601-INV-093517,4,1,2027-01-01,2027-03-31,260168.0,USD,2027-01-01,DAC-1601,Gates Foundation,60,,,Makerere University,,
DAC-1601-INV-093517,5,1,2027-04-01,2027-06-30,0.0,USD,2027-04-01,DAC-1601,Gates Foundation,60,,,Makerere University,,
DAC-1601-INV-093517,6,1,2027-07-01,2027-09-30,0.0,USD,2027-07-01,DAC-1601,Gates Foundation,60,,,Makerere University,,
DAC-1601-INV-093517,7,1,2027-10-01,2027-12-31,0.0,USD,2027-10-01,DAC-1601,Gates Foundation,60,,,Makerere University,,
DAC-1601-INV-058707,0,1,2026-01-01,2026-03-31,0.0,USD,2026-01-01,DAC-1601,Gates Foundation,60,,,Central Public Health Laboratories (CPHL),,
DAC-1601-INV-058707,1,1,2026-04-01,2026-06-30,0.0,USD,2026-04-01,DAC-1601,Gates Foundation,60,,,Central Public Health Laboratories (CPHL),,
DAC-1601-INV-058707,2,1,2026-07-01,2026-09-30,0.0,USD,2026-07-01,DAC-1601,Gates Foundation,60,,,Central Public Health Laboratories (CPHL),,
DAC-1601-INV-058707,3,1,2026-10-01,2026-12-31,0.0,USD,2026-10-01,DAC-1601,Gates Foundation,60,,,Central Public Health Laboratories (CPHL),,
DAC-1601-INV-058707,4,1,2027-01-01,2027-03-31,0.0,USD,2027-01-01,DAC-1601,Gates Foundation,60,,,Central Public Health Laboratories (CPHL),,
DAC-1601-INV-058707,5,1,2027-04-01,2027-06-30,0.0,USD,2027-04-01,DAC-1601,Gates Foundation,60,,,Central Public Health Laboratories (CPHL),,
DAC-1601-INV-058707,6,1,2027-07-01,2027-09-30,0.0,USD,2027-07-01,DAC-1601,Gates Foundation,60,,,Central Public Health Laboratories (CPHL),,
DAC-1601-INV-058707,7,1,2027-10-01,2027-12-31,0.0,USD,2027-10-01,DAC-1601,Gates Foundation,60,,,Central Public Health Laboratories (CPHL),,
XM-DAC-301-2-110755-001,0,1,2025-04-01,2026-03-31,208800.0,CAD,2025-04-01,XM-DAC-301-2,International Development Research Centre,15,,,Makerere University,80,
XM-DAC-301-2-110755-001,1,1,2028-04-01,2029-03-31,79860.0,CAD,2028-04-01,XM-DAC-301-2,International Development Research Centre,15,,,Makerere University,80,
XM-DAC-301-2-110755-001,2,1,2027-04-01,2028-03-31,122040.0,CAD,2027-04-01,XM-DAC-301-2,International Development Research Centre,15,,,Makerere University,80,
XM-DAC-301-2-110755-001,3,1,2026-04-01,2027-03-31,387900.0,CAD,2026-04-01,XM-DAC-301-2,International Development Research Centre,15,,,Makerere University,80,
XM-DAC-41122-Rwanda-3750/A0/05/100/001,0,2,2015-01-01,2015-12-31,38928.0,USD,2026-07-31,XM-DAC-41122,,40,,,,,
XM-DAC-41122-Rwanda-3750/A0/05/100/001,1,2,2016-01-01,2016-12-31,329744.0,USD,2026-07-31,XM-DAC-41122,,40,,,,,
XM-DAC-41122-Rwanda-3750/A0/05/100/001,2,2,2017-01-01,2017-12-31,72758.0,USD,2026-07-31,XM-DAC-41122,,40,,,,,
XM-DAC-41122-Rwanda-3750/A0/05/100/007,0,2,2018-01-01,2018-12-31,961670.0,USD,2026-07-31,XM-DAC-41122,,40,,,,,
XM-DAC-41122-Rwanda-3750/A0/05/100/007,1,2,2017-01-01,2017-12-31,1947138.0,USD,2026-07-31,XM-DAC-41122,,40,,,,,
XM-DAC-41122-Rwanda-3750/A0/05/100/007,2,2,2016-01-01,2016-12-31,2089887.0,USD,2026-07-31,XM-DAC-41122,,40,,,,,
XM-DAC-41122-Rwanda-3750/A0/05/100/007,3,2,2015-01-01,2015-12-31,86204.0,USD,2026-07-31,XM-DAC-41122,,40,,,,,
XM-DAC-41122-Ethiopia-1410/A0/05/001/008,0,2,2016-01-01,2016-12-31,1150479.0,USD,2026-07-31,XM-DAC-41122,,40,,,,,
XM-DAC-41122-Ethiopia-1410/A0/05/001/008,1,2,2015-01-01,2015-12-31,1703078.0,USD,2026-07-31,XM-DAC-41122,,40,,,,,
XM-DAC-41122-Ethiopia-1410/A0/05/001/008,2,2,2014-01-01,2014-12-31,851539.0,USD,2026-07-31,XM-DAC-41122,,40,,,,,
XM-DAC-41122-Ethiopia-1410/A0/05/101/017,0,2,2014-01-01,2014-12-31,1206806.0,USD,2026-07-31,XM-DAC-41122,,40,,,,,
XM-DAC-41122-Ethiopia-1410/A0/05/101/017,1,2,2015-01-01,2015-12-31,308.0,USD,2026-07-31,XM-DAC-41122,,40,,,,,
XM-DAC-41122-Ethiopia-1410/A0/05/101/017,2,2,2016-01-01,2016-12-31,386.0,USD,2026-07-31,XM-DAC-41122,,40,,,,,
XM-DAC-41122-Ethiopia-1410/A0/05/001/009,0,2,2016-01-01,2016-12-31,290191.0,USD,2026-07-31,XM-DAC-41122,,40,,,,,
XM-DAC-41122-Ethiopia-1410/A0/05/001/009,1,2,2015-01-01,2015-12-31,415473.0,USD,2026-07-31,XM-DAC-41122,,40,,,,,
XM-DAC-41122-Ethiopia-1410/A0/05/001/009,2,2,2014-01-01,2014-12-31,211261.0,USD,2026-07-31,XM-DAC-41122,,40,,,,,
XM-DAC-41122-Ethiopia-1410/A0/05/101/011,0,2,2015-01-01,2015-12-31,309.0,USD,2026-07-31,XM-DAC-41122,,40,,,,,
XM-DAC-41122-Ethiopia-1410/A0/05/101/011,1,2,2012-01-01,2012-12-31,1311324.0,USD,2026-07-31,XM-DAC-41122,,40,,,,,
XM-DAC-41122-Ethiopia-1410/A0/05/101/011,2,2,2013-01-01,2013-12-31,2644382.0,USD,2026-07-31,XM-DAC-41122,,40,,,,,
XM-DAC-41122-Ethiopia-1410/A0/05/101/011,3,2,2014-01-01,2014-12-31,851540.0,USD,2026-07-31,XM-DAC-41122,,40,,,,,
XM-DAC-41122-Ethiopia-1410/A0/05/101/011,4,2,2016-01-01,2016-12-31,4.0,USD,2026-07-31,XM-DAC-41122,,40,,,,,
DAC-1601-INV-060372,0,1,2026-01-01,2026-03-31,0.0,USD,2026-01-01,DAC-1601,Gates Foundation,60,,,World Health Organization Regional Office for Africa,,
DAC-1601-INV-060372,1,1,2026-04-01,2026-06-30,0.0,USD,2026-04-01,DAC-1601,Gates Foundation,60,,,World Health Organization Regional Office for Africa,,
DAC-1601-INV-060372,2,1,2026-07-01,2026-09-30,0.0,USD,2026-07-01,DAC-1601,Gates Foundation,60,,,World Health Organization Regional Office for Africa,,
DAC-1601-INV-060372,3,1,2026-10-01,2026-12-31,0.0,USD,2026-10-01,DAC-1601,Gates Foundation,60,,,World Health Organization Regional Office for Africa,,
DAC-1601-INV-060372,4,1,2027-01-01,2027-03-31,0.0,USD,2027-01-01,DAC-1601,Gates Foundation,60,,,World Health Organization Regional Office for Africa,,
DAC-1601-INV-060372,5,1,2027-04-01,2027-06-30,0.0,USD,2027-04-01,DAC-1601,Gates Foundation,60,,,World Health Organization Regional Office for Africa,,
DAC-1601-INV-060372,6,1,2027-07-01,2027-09-30,0.0,USD,2027-07-01,DAC-1601,Gates Foundation,60,,,World Health Organization Regional Office for Africa,,
DAC-1601-INV-060372,7,1,2027-10-01,2027-12-31,0.0,USD,2027-10-01,DAC-1601,Gates Foundation,60,,,World Health Organization Regional Office for Africa,,
XM-DAC-41122-Ethiopia-1410/A0/05/001/001,0,2,2016-01-01,2016-12-31,2586737.0,USD,2026-07-31,XM-DAC-41122,,40,,,,,
XM-DAC-41122-Ethiopia-1410/A0/05/001/001,1,2,2015-01-01,2015-12-31,3190982.0,USD,2026-07-31,XM-DAC-41122,,40,,,,,
XM-DAC-41122-Ethiopia-1410/A0/05/001/001,2,2,2014-01-01,2014-12-31,1595491.0,USD,2026-07-31,XM-DAC-41122,,40,,,,,
XM-DAC-41122-Ethiopia-1410/A0/05/103/002,0,2,2013-01-01,2013-12-31,2925687.0,USD,2026-07-31,XM-DAC-41122,,40,,,,,
XM-DAC-41122-Ethiopia-1410/A0/05/103/002,1,2,2012-01-01,2012-12-31,172322.0,USD,2026-07-31,XM-DAC-41122,,40,,,,,
XM-DAC-41122-Ethiopia-1410/A0/05/103/002,2,2,2014-01-01,2014-12-31,774502.0,USD,2026-07-31,XM-DAC-41122,,40,,,,,
XM-DAC-41122-Ethiopia-1410/A0/05/103/002,3,2,2015-01-01,2015-12-31,2420.0,USD,2026-07-31,XM-DAC-41122,,40,,,,,
XM-DAC-41122-Ethiopia-1410/A0/05/103/002,4,2,2016-01-01,2016-12-31,25738.0,USD,2026-07-31,XM-DAC-41122,,40,,,,,
XM-DAC-41122-Ethiopia-1410/A0/05/001/002,0,2,2014-01-01,2014-12-31,228750.0,USD,2026-07-31,XM-DAC-41122,,40,,,,,
XM-DAC-41122-Ethiopia-1410/A0/05/001/002,1,2,2016-01-01,2016-12-31,300672.0,USD,2026-07-31,XM-DAC-41122,,40,,,,,
XM-DAC-41122-Ethiopia-1410/A0/05/001/002,2,2,2015-01-01,2015-12-31,457501.0,USD,2026-07-31,XM-DAC-41122,,40,,,,,
XM-DAC-41122-Ethiopia-1410/A0/05/101/004,0,2,2013-01-01,2013-12-31,1002595.0,USD,2026-07-31,XM-DAC-41122,,40,,,,,
XM-DAC-41122-Ethiopia-1410/A0/05/101/004,1,2,2014-01-01,2014-12-31,500000.0,USD,2026-07-31,XM-DAC-41122,,40,,,,,
XM-DAC-41122-Ethiopia-1410/A0/05/101/004,2,2,2015-01-01,2015-12-31,18297.0,USD,2026-07-31,XM-DAC-41122,,40,,,,,
XM-DAC-41122-Ethiopia-1410/A0/05/101/004,3,2,2012-01-01,2012-12-31,997405.0,USD,2026-07-31,XM-DAC-41122,,40,,,,,
KR-GOV-010-KR-GOV-051-2024010101178,0,1,2026-01-01,2026-12-31,433171533.0,KRW,2026-06-30,KR-GOV-051,Korea International Cooperation Agency,10,KR-GOV-010-KR-GOV-051-2024010101178,,,,
DAC-1601-INV-037989,0,1,2026-01-01,2026-03-31,0.0,USD,2026-01-01,DAC-1601,Gates Foundation,60,,,Nutrition International,,
DAC-1601-INV-037989,1,1,2026-04-01,2026-06-30,0.0,USD,2026-04-01,DAC-1601,Gates Foundation,60,,,Nutrition International,,
DAC-1601-INV-037989,2,1,2026-07-01,2026-09-30,0.0,USD,2026-07-01,DAC-1601,Gates Foundation,60,,,Nutrition International,,
DAC-1601-INV-037989,3,1,2026-10-01,2026-12-31,0.0,USD,2026-10-01,DAC-1601,Gates Foundation,60,,,Nutrition International,,
DAC-1601-INV-037989,4,1,2027-01-01,2027-03-31,0.0,USD,2027-01-01,DAC-1601,Gates Foundation,60,,,Nutrition International,,
DAC-1601-INV-037989,5,1,2027-04-01,2027-06-30,0.0,USD,2027-04-01,DAC-1601,Gates Foundation,60,,,Nutrition International,,
DAC-1601-INV-037989,6,1,2027-07-01,2027-09-30,0.0,USD,2027-07-01,DAC-1601,Gates Foundation,60,,,Nutrition International,,
DAC-1601-INV-037989,7,1,2027-10-01,2027-12-31,0.0,USD,2027-10-01,DAC-1601,Gates Foundation,60,,,Nutrition International,,
DAC-1601-INV-086146,0,1,2026-01-01,2026-03-31,0.0,USD,2026-01-01,DAC-1601,Gates Foundation,60,,,Nutrition International,,
DAC-1601-INV-086146,1,1,2026-04-01,2026-06-30,0.0,USD,2026-04-01,DAC-1601,Gates Foundation,60,,,Nutrition International,,
DAC-1601-INV-086146,2,1,2026-07-01,2026-09-30,0.0,USD,2026-07-01,DAC-1601,Gates Foundation,60,,,Nutrition International,,
DAC-1601-INV-086146,3,1,2026-10-01,2026-12-31,1510687.0,USD,2026-10-01,DAC-1601,Gates Foundation,60,,,Nutrition International,,
DAC-1601-INV-086146,4,1,2027-01-01,2027-03-31,0.0,USD,2027-01-01,DAC-1601,Gates Foundation,60,,,Nutrition International,,
DAC-1601-INV-086146,5,1,2027-04-01,2027-06-30,0.0,USD,2027-04-01,DAC-1601,Gates Foundation,60,,,Nutrition International,,
DAC-1601-INV-086146,6,1,2027-07-01,2027-09-30,0.0,USD,2027-07-01,DAC-1601,Gates Foundation,60,,,Nutrition International,,
DAC-1601-INV-086146,7,1,2027-10-01,2027-12-31,920302.0,USD,2027-10-01,DAC-1601,Gates Foundation,60,,,Nutrition International,,
DAC-1601-INV-080243,0,1,2026-01-01,2026-03-31,0.0,USD,2026-01-01,DAC-1601,Gates Foundation,60,,,Boston College,,
DAC-1601-INV-080243,1,1,2026-04-01,2026-06-30,0.0,USD,2026-04-01,DAC-1601,Gates Foundation,60,,,Boston College,,
DAC-1601-INV-080243,2,1,2026-07-01,2026-09-30,0.0,USD,2026-07-01,DAC-1601,Gates Foundation,60,,,Boston College,,
DAC-1601-INV-080243,3,1,2026-10-01,2026-12-31,0.0,USD,2026-10-01,DAC-1601,Gates Foundation,60,,,Boston College,,
DAC-1601-INV-080243,4,1,2027-01-01,2027-03-31,0.0,USD,2027-01-01,DAC-1601,Gates Foundation,60,,,Boston College,,
DAC-1601-INV-080243,5,1,2027-04-01,2027-06-30,0.0,USD,2027-04-01,DAC-1601,Gates Foundation,60,,,Boston College,,
DAC-1601-INV-080243,6,1,2027-07-01,2027-09-30,0.0,USD,2027-07-01,DAC-1601,Gates Foundation,60,,,Boston College,,
DAC-1601-INV-080243,7,1,2027-10-01,2027-12-31,0.0,USD,2027-10-01,DAC-1601,Gates Foundation,60,,,Boston College,,
DAC-1601-INV-042779,0,1,2026-01-01,2026-03-31,850000.0,USD,2026-01-01,DAC-1601,Gates Foundation,60,,,Addis Ababa University,,
DAC-1601-INV-042779,1,1,2026-04-01,2026-06-30,0.0,USD,2026-04-01,DAC-1601,Gates Foundation,60,,,Addis Ababa University,,
DAC-1601-INV-042779,2,1,2026-07-01,2026-09-30,0.0,USD,2026-07-01,DAC-1601,Gates Foundation,60,,,Addis Ababa University,,
DAC-1601-INV-042779,3,1,2026-10-01,2026-12-31,0.0,USD,2026-10-01,DAC-1601,Gates Foundation,60,,,Addis Ababa University,,
DAC-1601-INV-042779,4,1,2027-01-01,2027-03-31,500000.0,USD,2027-01-01,DAC-1601,Gates Foundation,60,,,Addis Ababa University,,
DAC-1601-INV-042779,5,1,2027-04-01,2027-06-30,0.0,USD,2027-04-01,DAC-1601,Gates Foundation,60,,,Addis Ababa University,,
DAC-1601-INV-042779,6,1,2027-07-01,2027-09-30,0.0,USD,2027-07-01,DAC-1601,Gates Foundation,60,,,Addis Ababa University,,
DAC-1601-INV-042779,7,1,2027-10-01,2027-12-31,0.0,USD,2027-10-01,DAC-1601,Gates Foundation,60,,,Addis Ababa University,,
DAC-1601-INV-044006,0,1,2026-01-01,2026-03-31,749844.0,USD,2026-01-01,DAC-1601,Gates Foundation,60,,,United States Fund for UNICEF,,
DAC-1601-INV-044006,1,1,2026-04-01,2026-06-30,0.0,USD,2026-04-01,DAC-1601,Gates Foundation,60,,,United States Fund for UNICEF,,
DAC-1601-INV-044006,2,1,2026-07-01,2026-09-30,0.0,USD,2026-07-01,DAC-1601,Gates Foundation,60,,,United States Fund for UNICEF,,
DAC-1601-INV-044006,3,1,2026-10-01,2026-12-31,0.0,USD,2026-10-01,DAC-1601,Gates Foundation,60,,,United States Fund for UNICEF,,
DAC-1601-INV-044006,4,1,2027-01-01,2027-03-31,0.0,USD,2027-01-01,DAC-1601,Gates Foundation,60,,,United States Fund for UNICEF,,
DAC-1601-INV-044006,5,1,2027-04-01,2027-06-30,0.0,USD,2027-04-01,DAC-1601,Gates Foundation,60,,,United States Fund for UNICEF,,
DAC-1601-INV-044006,6,1,2027-07-01,2027-09-30,0.0,USD,2027-07-01,DAC-1601,Gates Foundation,60,,,United States Fund for UNICEF,,
DAC-1601-INV-044006,7,1,2027-10-01,2027-12-31,0.0,USD,2027-10-01,DAC-1601,Gates Foundation,60,,,United States Fund for UNICEF,,
DAC-1601-INV-044161,0,1,2026-01-01,2026-03-31,250113.0,USD,2026-01-01,DAC-1601,Gates Foundation,60,,,United States Fund for UNICEF,,
DAC-1601-INV-044161,1,1,2026-04-01,2026-06-30,0.0,USD,2026-04-01,DAC-1601,Gates Foundation,60,,,United States Fund for UNICEF,,
DAC-1601-INV-044161,2,1,2026-07-01,2026-09-30,0.0,USD,2026-07-01,DAC-1601,Gates Foundation,60,,,United States Fund for UNICEF,,
DAC-1601-INV-044161,3,1,2026-10-01,2026-12-31,0.0,USD,2026-10-01,DAC-1601,Gates Foundation,60,,,United States Fund for UNICEF,,
DAC-1601-INV-044161,4,1,2027-01-01,2027-03-31,0.0,USD,2027-01-01,DAC-1601,Gates Foundation,60,,,United States Fund for UNICEF,,
DAC-1601-INV-044161,5,1,2027-04-01,2027-06-30,0.0,USD,2027-04-01,DAC-1601,Gates Foundation,60,,,United States Fund for UNICEF,,
DAC-1601-INV-044161,6,1,2027-07-01,2027-09-30,0.0,USD,2027-07-01,DAC-1601,Gates Foundation,60,,,United States Fund for UNICEF,,
DAC-1601-INV-044161,7,1,2027-10-01,2027-12-31,0.0,USD,2027-10-01,DAC-1601,Gates Foundation,60,,,United States Fund for UNICEF,,
DAC-1601-OPP1184363,0,1,2026-01-01,2026-03-31,0.0,USD,2026-01-01,DAC-1601,Gates Foundation,60,,,Brown University,,
DAC-1601-OPP1184363,1,1,2026-04-01,2026-06-30,0.0,USD,2026-04-01,DAC-1601,Gates Foundation,60,,,Brown University,,
DAC-1601-OPP1184363,2,1,2026-07-01,2026-09-30,0.0,USD,2026-07-01,DAC-1601,Gates Foundation,60,,,Brown University,,
DAC-1601-OPP1184363,3,1,2026-10-01,2026-12-31,0.0,USD,2026-10-01,DAC-1601,Gates Foundation,60,,,Brown University,,
DAC-1601-OPP1184363,4,1,2027-01-01,2027-03-31,0.0,USD,2027-01-01,DAC-1601,Gates Foundation,60,,,Brown University,,
DAC-1601-OPP1184363,5,1,2027-04-01,2027-06-30,0.0,USD,2027-04-01,DAC-1601,Gates Foundation,60,,,Brown University,,
DAC-1601-OPP1184363,6,1,2027-07-01,2027-09-30,0.0,USD,2027-07-01,DAC-1601,Gates Foundation,60,,,Brown University,,
DAC-1601-OPP1184363,7,1,2027-10-01,2027-12-31,0.0,USD,2027-10-01,DAC-1601,Gates Foundation,60,,,Brown University,,
DAC-1601-INV-078600,0,1,2026-01-01,2026-03-31,0.0,USD,2026-01-01,DAC-1601,Gates Foundation,60,,,Yadam Foundation,,
DAC-1601-INV-078600,1,1,2026-04-01,2026-06-30,0.0,USD,2026-04-01,DAC-1601,Gates Foundation,60,,,Yadam Foundation,,
DAC-1601-INV-078600,2,1,2026-07-01,2026-09-30,0.0,USD,2026-07-01,DAC-1601,Gates Foundation,60,,,Yadam Foundation,,
DAC-1601-INV-078600,3,1,2026-10-01,2026-12-31,0.0,USD,2026-10-01,DAC-1601,Gates Foundation,60,,,Yadam Foundation,,
DAC-1601-INV-078600,4,1,2027-01-01,2027-03-31,0.0,USD,2027-01-01,DAC-1601,Gates Foundation,60,,,Yadam Foundation,,
DAC-1601-INV-078600,5,1,2027-04-01,2027-06-30,0.0,USD,2027-04-01,DAC-1601,Gates Foundation,60,,,Yadam Foundation,,
DAC-1601-INV-078600,6,1,2027-07-01,2027-09-30,0.0,USD,2027-07-01,DAC-1601,Gates Foundation,60,,,Yadam Foundation,,
DAC-1601-INV-078600,7,1,2027-10-01,2027-12-31,0.0,USD,2027-10-01,DAC-1601,Gates Foundation,60,,,Yadam Foundation,,
DAC-1601-INV-042705,0,1,2026-01-01,2026-03-31,0.0,USD,2026-01-01,DAC-1601,Gates Foundation,60,,,Harvard T.H. Chan School of Public Health,,
DAC-1601-INV-042705,1,1,2026-04-01,2026-06-30,0.0,USD,2026-04-01,DAC-1601,Gates Foundation,60,,,Harvard T.H. Chan School of Public Health,,
DAC-1601-INV-042705,2,1,2026-07-01,2026-09-30,0.0,USD,2026-07-01,DAC-1601,Gates Foundation,60,,,Harvard T.H. Chan School of Public Health,,
DAC-1601-INV-042705,3,1,2026-10-01,2026-12-31,0.0,USD,2026-10-01,DAC-1601,Gates Foundation,60,,,Harvard T.H. Chan School of Public Health,,
DAC-1601-INV-042705,4,1,2027-01-01,2027-03-31,0.0,USD,2027-01-01,DAC-1601,Gates Foundation,60,,,Harvard T.H. Chan School of Public Health,,
DAC-1601-INV-042705,5,1,2027-04-01,2027-06-30,0.0,USD,2027-04-01,DAC-1601,Gates Foundation,60,,,Harvard T.H. Chan School of Public Health,,
DAC-1601-INV-042705,6,1,2027-07-01,2027-09-30,0.0,USD,2027-07-01,DAC-1601,Gates Foundation,60,,,Harvard T.H. Chan School of Public Health,,
DAC-1601-INV-042705,7,1,2027-10-01,2027-12-31,0.0,USD,2027-10-01,DAC-1601,Gates Foundation,60,,,Harvard T.H. Chan School of Public Health,,
DAC-1601-INV-075466,0,1,2026-01-01,2026-03-31,0.0,USD,2026-01-01,DAC-1601,Gates Foundation,60,,,Addis Ababa University,,
DAC-1601-INV-075466,1,1,2026-04-01,2026-06-30,0.0,USD,2026-04-01,DAC-1601,Gates Foundation,60,,,Addis Ababa University,,
DAC-1601-INV-075466,2,1,2026-07-01,2026-09-30,0.0,USD,2026-07-01,DAC-1601,Gates Foundation,60,,,Addis Ababa University,,
DAC-1601-INV-075466,3,1,2026-10-01,2026-12-31,0.0,USD,2026-10-01,DAC-1601,Gates Foundation,60,,,Addis Ababa University,,
DAC-1601-INV-075466,4,1,2027-01-01,2027-03-31,0.0,USD,2027-01-01,DAC-1601,Gates Foundation,60,,,Addis Ababa University,,
DAC-1601-INV-075466,5,1,2027-04-01,2027-06-30,0.0,USD,2027-04-01,DAC-1601,Gates Foundation,60,,,Addis Ababa University,,
DAC-1601-INV-075466,6,1,2027-07-01,2027-09-30,0.0,USD,2027-07-01,DAC-1601,Gates Foundation,60,,,Addis Ababa University,,
DAC-1601-INV-075466,7,1,2027-10-01,2027-12-31,0.0,USD,2027-10-01,DAC-1601,Gates Foundation,60,,,Addis Ababa University,,
XM-DAC-301-2-110856-001,0,1,2026-04-01,2027-03-31,156176.0,CAD,2026-04-01,XM-DAC-301-2,International Development Research Centre,15,,,Policy Studies Institute,10,
XM-DAC-301-2-110856-001,1,1,2025-04-01,2026-03-31,241200.0,CAD,2025-04-01,XM-DAC-301-2,International Development Research Centre,15,,,Policy Studies Institute,10,
XM-DAC-41122-Ethiopia-1410/A0/05/308/007,0,2,2012-01-01,2012-12-31,1110012.0,USD,2026-07-31,XM-DAC-41122,,40,,,,,
XM-DAC-41122-Ethiopia-1410/A0/05/308/007,1,2,2013-01-01,2013-12-31,22862277.0,USD,2026-07-31,XM-DAC-41122,,40,,,,,
XM-DAC-41122-Ethiopia-1410/A0/05/308/007,2,2,2014-01-01,2014-12-31,1534855.0,USD,2026-07-31,XM-DAC-41122,,40,,,,,
XM-DAC-41122-Ethiopia-1410/A0/05/308/007,3,2,2016-01-01,2016-12-31,109118.0,USD,2026-07-31,XM-DAC-41122,,40,,,,,
XM-DAC-41122-Ethiopia-1410/A0/05/308/007,4,2,2015-01-01,2015-12-31,3129913.0,USD,2026-07-31,XM-DAC-41122,,40,,,,,
XM-DAC-41122-Rwanda-3750/A0/04/230/002,0,2,2013-01-01,2013-12-31,417060.0,USD,2026-07-31,XM-DAC-41122,,40,,,,,
XM-DAC-41122-Rwanda-3750/A0/04/230/002,1,2,2012-01-01,2012-12-31,171102.0,USD,2026-07-31,XM-DAC-41122,,40,,,,,
DAC-1601-INV-092145,0,1,2026-01-01,2026-03-31,0.0,USD,2026-01-01,DAC-1601,Gates Foundation,60,,,University of California San Diego,,
DAC-1601-INV-092145,1,1,2026-04-01,2026-06-30,0.0,USD,2026-04-01,DAC-1601,Gates Foundation,60,,,University of California San Diego,,
DAC-1601-INV-092145,2,1,2026-07-01,2026-09-30,0.0,USD,2026-07-01,DAC-1601,Gates Foundation,60,,,University of California San Diego,,
DAC-1601-INV-092145,3,1,2026-10-01,2026-12-31,0.0,USD,2026-10-01,DAC-1601,Gates Foundation,60,,,University of California San Diego,,
DAC-1601-INV-092145,4,1,2027-01-01,2027-03-31,0.0,USD,2027-01-01,DAC-1601,Gates Foundation,60,,,University of California San Diego,,
DAC-1601-INV-092145,5,1,2027-04-01,2027-06-30,0.0,USD,2027-04-01,DAC-1601,Gates Foundation,60,,,University of California San Diego,,
DAC-1601-INV-092145,6,1,2027-07-01,2027-09-30,0.0,USD,2027-07-01,DAC-1601,Gates Foundation,60,,,University of California San Diego,,
DAC-1601-INV-092145,7,1,2027-10-01,2027-12-31,0.0,USD,2027-10-01,DAC-1601,Gates Foundation,60,,,University of California San Diego,,
XM-DAC-41122-South Sudan-4040/A0/02/002/001,0,2,2018-01-01,2018-12-31,26261000.0,USD,2026-07-31,XM-DAC-41122,,40,,,,,
XM-DAC-41122-South Sudan-4040/A0/02/002/001,1,2,2017-01-01,2017-12-31,1981776.0,USD,2026-07-31,XM-DAC-41122,,40,,,,,
XM-DAC-41122-South Sudan-4040/A0/02/002/001,2,2,2016-01-01,2016-12-31,1424252.0,USD,2026-07-31,XM-DAC-41122,,40,,,,,
XM-DAC-41122-South Sudan-4040/A0/03/002/006,0,2,2022-01-01,2022-12-31,3014596.0,USD,2026-07-31,XM-DAC-41122,,40,,,,,
CA-3-P011371001,0,,2026-04-01,2027-03-31,1366860.0,,2023-03-31,,,,,,,,
CA-3-P011371001,1,,2027-04-01,2028-03-31,1570754.0,,2023-03-31,,,,,,,,
CA-3-P011371001,2,,2028-04-01,2029-03-31,50000.0,,2023-03-31,,,,,,,,
XM-DAC-41122-Somalia-3920/A0/06/102/002,0,2,2016-01-01,2016-12-31,1358986.0,USD,2026-07-31,XM-DAC-41122,,40,,,,,
XM-DAC-41122-Somalia-3920/A0/06/102/002,1,2,2017-01-01,2017-12-31,2405441.0,USD,2026-07-31,XM-DAC-41122,,40,,,,,
XM-DAC-41122-Somalia-3920/A0/06/102/002,2,2,2015-01-01,2015-12-31,2449075.0,USD,2026-07-31,XM-DAC-41122,,40,,,,,
XM-DAC-41122-Somalia-3920/A0/06/102/002,3,2,2014-01-01,2014-12-31,2347270.0,USD,2026-07-31,XM-DAC-41122,,40,,,,,
XM-DAC-41122-South Sudan-4040/A0/03/001/004,0,2,2019-01-01,2019-12-31,3718272.0,USD,2026-07-31,XM-DAC-41122,,40,,,,,
XM-DAC-41122-South Sudan-4040/A0/03/001/004,1,2,2020-01-01,2020-12-31,3156335.0,USD,2026-07-31,XM-DAC-41122,,40,,,,,
XM-DAC-41122-South Sudan-4040/A0/03/001/004,2,2,2022-01-01,2022-12-31,12573792.0,USD,2026-07-31,XM-DAC-41122,,40,,,,,
XM-DAC-41122-South Sudan-4040/A0/03/001/004,3,2,2021-01-01,2021-12-31,3762536.0,USD,2026-07-31,XM-DAC-41122,,40,,,,,
DAC-1601-INV-088488,0,1,2026-01-01,2026-03-31,0.0,USD,2026-01-01,DAC-1601,Gates Foundation,60,,,AMREF Health Africa,,
DAC-1601-INV-088488,1,1,2026-04-01,2026-06-30,0.0,USD,2026-04-01,DAC-1601,Gates Foundation,60,,,AMREF Health Africa,,
DAC-1601-INV-088488,2,1,2026-07-01,2026-09-30,0.0,USD,2026-07-01,DAC-1601,Gates Foundation,60,,,AMREF Health Africa,,
DAC-1601-INV-088488,3,1,2026-10-01,2026-12-31,0.0,USD,2026-10-01,DAC-1601,Gates Foundation,60,,,AMREF Health Africa,,
DAC-1601-INV-088488,4,1,2027-01-01,2027-03-31,500000.0,USD,2027-01-01,DAC-1601,Gates Foundation,60,,,AMREF Health Africa,,
DAC-1601-INV-088488,5,1,2027-04-01,2027-06-30,0.0,USD,2027-04-01,DAC-1601,Gates Foundation,60,,,AMREF Health Africa,,
DAC-1601-INV-088488,6,1,2027-07-01,2027-09-30,0.0,USD,2027-07-01,DAC-1601,Gates Foundation,60,,,AMREF Health Africa,,
DAC-1601-INV-088488,7,1,2027-10-01,2027-12-31,0.0,USD,2027-10-01,DAC-1601,Gates Foundation,60,,,AMREF Health Africa,,
DAC-1601-INV-095503,0,1,2026-01-01,2026-03-31,0.0,USD,2026-01-01,DAC-1601,Gates Foundation,60,,,Access to Nutrition Initiative,,
DAC-1601-INV-095503,1,1,2026-04-01,2026-06-30,0.0,USD,2026-04-01,DAC-1601,Gates Foundation,60,,,Access to Nutrition Initiative,,
DAC-1601-INV-095503,2,1,2026-07-01,2026-09-30,0.0,USD,2026-07-01,DAC-1601,Gates Foundation,60,,,Access to Nutrition Initiative,,
DAC-1601-INV-095503,3,1,2026-10-01,2026-12-31,0.0,USD,2026-10-01,DAC-1601,Gates Foundation,60,,,Access to Nutrition Initiative,,
DAC-1601-INV-095503,4,1,2027-01-01,2027-03-31,1069236.0,USD,2027-01-01,DAC-1601,Gates Foundation,60,,,Access to Nutrition Initiative,,
DAC-1601-INV-095503,5,1,2027-04-01,2027-06-30,0.0,USD,2027-04-01,DAC-1601,Gates Foundation,60,,,Access to Nutrition Initiative,,
DAC-1601-INV-095503,6,1,2027-07-01,2027-09-30,0.0,USD,2027-07-01,DAC-1601,Gates Foundation,60,,,Access to Nutrition Initiative,,
DAC-1601-INV-095503,7,1,2027-10-01,2027-12-31,0.0,USD,2027-10-01,DAC-1601,Gates Foundation,60,,,Access to Nutrition Initiative,,
DAC-1601-INV-025356,0,1,2026-01-01,2026-03-31,0.0,USD,2026-01-01,DAC-1601,Gates Foundation,60,,,World Health Organization,,
DAC-1601-INV-025356,1,1,2026-04-01,2026-06-30,0.0,USD,2026-04-01,DAC-1601,Gates Foundation,60,,,World Health Organization,,
DAC-1601-INV-025356,2,1,2026-07-01,2026-09-30,0.0,USD,2026-07-01,DAC-1601,Gates Foundation,60,,,World Health Organization,,
DAC-1601-INV-025356,3,1,2026-10-01,2026-12-31,0.0,USD,2026-10-01,DAC-1601,Gates Foundation,60,,,World Health Organization,,
DAC-1601-INV-025356,4,1,2027-01-01,2027-03-31,0.0,USD,2027-01-01,DAC-1601,Gates Foundation,60,,,World Health Organization,,
DAC-1601-INV-025356,5,1,2027-04-01,2027-06-30,0.0,USD,2027-04-01,DAC-1601,Gates Foundation,60,,,World Health Organization,,
DAC-1601-INV-025356,6,1,2027-07-01,2027-09-30,0.0,USD,2027-07-01,DAC-1601,Gates Foundation,60,,,World Health Organization,,
DAC-1601-INV-025356,7,1,2027-10-01,2027-12-31,0.0,USD,2027-10-01,DAC-1601,Gates Foundation,60,,,World Health Organization,,
DAC-1601-INV-094800,0,1,2026-01-01,2026-03-31,0.0,USD,2026-01-01,DAC-1601,Gates Foundation,60,,,SouthBridge Investments,,
DAC-1601-INV-094800,1,1,2026-04-01,2026-06-30,0.0,USD,2026-04-01,DAC-1601,Gates Foundation,60,,,SouthBridge Investments,,
DAC-1601-INV-094800,2,1,2026-07-01,2026-09-30,159169.0,USD,2026-07-01,DAC-1601,Gates Foundation,60,,,SouthBridge Investments,,
DAC-1601-INV-094800,3,1,2026-10-01,2026-12-31,0.0,USD,2026-10-01,DAC-1601,Gates Foundation,60,,,SouthBridge Investments,,
DAC-1601-INV-094800,4,1,2027-01-01,2027-03-31,0.0,USD,2027-01-01,DAC-1601,Gates Foundation,60,,,SouthBridge Investments,,
DAC-1601-INV-094800,5,1,2027-04-01,2027-06-30,0.0,USD,2027-04-01,DAC-1601,Gates Foundation,60,,,SouthBridge Investments,,
DAC-1601-INV-094800,6,1,2027-07-01,2027-09-30,0.0,USD,2027-07-01,DAC-1601,Gates Foundation,60,,,SouthBridge Investments,,
DAC-1601-INV-094800,7,1,2027-10-01,2027-12-31,0.0,USD,2027-10-01,DAC-1601,Gates Foundation,60,,,SouthBridge Investments,,
XI-IATI-EC_INTPA-2016-PCC-380039,0,1,2026-02-01,2026-02-28,37758.0,,2026-01-01,,European Commission - Directorate General for International Partnerships,15,XI-IATI-EC_INTPA-2016-PCC-380039,,"University, college or other teaching institution, research institute or think-tank",,
DAC-1601-INV-079278,0,1,2026-01-01,2026-03-31,0.0,USD,2026-01-01,DAC-1601,Gates Foundation,60,,,"Liverpool School of Tropical Medicine, Kenya",,
DAC-1601-INV-079278,1,1,2026-04-01,2026-06-30,0.0,USD,2026-04-01,DAC-1601,Gates Foundation,60,,,"Liverpool School of Tropical Medicine, Kenya",,
DAC-1601-INV-079278,2,1,2026-07-01,2026-09-30,0.0,USD,2026-07-01,DAC-1601,Gates Foundation,60,,,"Liverpool School of Tropical Medicine, Kenya",,
DAC-1601-INV-079278,3,1,2026-10-01,2026-12-31,0.0,USD,2026-10-01,DAC-1601,Gates Foundation,60,,,"Liverpool School of Tropical Medicine, Kenya",,
DAC-1601-INV-079278,4,1,2027-01-01,2027-03-31,0.0,USD,2027-01-01,DAC-1601,Gates Foundation,60,,,"Liverpool School of Tropical Medicine, Kenya",,
DAC-1601-INV-079278,5,1,2027-04-01,2027-06-30,0.0,USD,2027-04-01,DAC-1601,Gates Foundation,60,,,"Liverpool School of Tropical Medicine, Kenya",,
DAC-1601-INV-079278,6,1,2027-07-01,2027-09-30,0.0,USD,2027-07-01,DAC-1601,Gates Foundation,60,,,"Liverpool School of Tropical Medicine, Kenya",,
DAC-1601-INV-079278,7,1,2027-10-01,2027-12-31,0.0,USD,2027-10-01,DAC-1601,Gates Foundation,60,,,"Liverpool School of Tropical Medicine, Kenya",,
DAC-1601-INV-070819,0,1,2026-01-01,2026-03-31,0.0,USD,2026-01-01,DAC-1601,Gates Foundation,60,,,Kenya Medical Research Institute,,
DAC-1601-INV-070819,1,1,2026-04-01,2026-06-30,0.0,USD,2026-04-01,DAC-1601,Gates Foundation,60,,,Kenya Medical Research Institute,,
DAC-1601-INV-070819,2,1,2026-07-01,2026-09-30,0.0,USD,2026-07-01,DAC-1601,Gates Foundation,60,,,Kenya Medical Research Institute,,
DAC-1601-INV-070819,3,1,2026-10-01,2026-12-31,0.0,USD,2026-10-01,DAC-1601,Gates Foundation,60,,,Kenya Medical Research Institute,,
DAC-1601-INV-070819,4,1,2027-01-01,2027-03-31,500000.0,USD,2027-01-01,DAC-1601,Gates Foundation,60,,,Kenya Medical Research Institute,,
DAC-1601-INV-070819,5,1,2027-04-01,2027-06-30,750000.0,USD,2027-04-01,DAC-1601,Gates Foundation,60,,,Kenya Medical Research Institute,,
DAC-1601-INV-070819,6,1,2027-07-01,2027-09-30,0.0,USD,2027-07-01,DAC-1601,Gates Foundation,60,,,Kenya Medical Research Institute,,
DAC-1601-INV-070819,7,1,2027-10-01,2027-12-31,0.0,USD,2027-10-01,DAC-1601,Gates Foundation,60,,,Kenya Medical Research Institute,,
DAC-1601-INV-033629,0,1,2026-01-01,2026-03-31,0.0,USD,2026-01-01,DAC-1601,Gates Foundation,60,,,Health Research Operations Kenya Limited,,
DAC-1601-INV-033629,1,1,2026-04-01,2026-06-30,0.0,USD,2026-04-01,DAC-1601,Gates Foundation,60,,,Health Research Operations Kenya Limited,,
DAC-1601-INV-033629,2,1,2026-07-01,2026-09-30,0.0,USD,2026-07-01,DAC-1601,Gates Foundation,60,,,Health Research Operations Kenya Limited,,
DAC-1601-INV-033629,3,1,2026-10-01,2026-12-31,0.0,USD,2026-10-01,DAC-1601,Gates Foundation,60,,,Health Research Operations Kenya Limited,,
DAC-1601-INV-033629,4,1,2027-01-01,2027-03-31,0.0,USD,2027-01-01,DAC-1601,Gates Foundation,60,,,Health Research Operations Kenya Limited,,
DAC-1601-INV-033629,5,1,2027-04-01,2027-06-30,0.0,USD,2027-04-01,DAC-1601,Gates Foundation,60,,,Health Research Operations Kenya Limited,,
DAC-1601-INV-033629,6,1,2027-07-01,2027-09-30,0.0,USD,2027-07-01,DAC-1601,Gates Foundation,60,,,Health Research Operations Kenya Limited,,
DAC-1601-INV-033629,7,1,2027-10-01,2027-12-31,0.0,USD,2027-10-01,DAC-1601,Gates Foundation,60,,,Health Research Operations Kenya Limited,,
DAC-1601-INV-055726,0,1,2026-01-01,2026-03-31,0.0,USD,2026-01-01,DAC-1601,Gates Foundation,60,,,"JSI Research & Training Institute, Inc.",,
DAC-1601-INV-055726,1,1,2026-04-01,2026-06-30,0.0,USD,2026-04-01,DAC-1601,Gates Foundation,60,,,"JSI Research & Training Institute, Inc.",,
DAC-1601-INV-055726,2,1,2026-07-01,2026-09-30,0.0,USD,2026-07-01,DAC-1601,Gates Foundation,60,,,"JSI Research & Training Institute, Inc.",,
DAC-1601-INV-055726,3,1,2026-10-01,2026-12-31,0.0,USD,2026-10-01,DAC-1601,Gates Foundation,60,,,"JSI Research & Training Institute, Inc.",,
DAC-1601-INV-055726,4,1,2027-01-01,2027-03-31,2466145.0,USD,2027-01-01,DAC-1601,Gates Foundation,60,,,"JSI Research & Training Institute, Inc.",,
DAC-1601-INV-055726,5,1,2027-04-01,2027-06-30,0.0,USD,2027-04-01,DAC-1601,Gates Foundation,60,,,"JSI Research & Training Institute, Inc.",,
DAC-1601-INV-055726,6,1,2027-07-01,2027-09-30,0.0,USD,2027-07-01,DAC-1601,Gates Foundation,60,,,"JSI Research & Training Institute, Inc.",,
DAC-1601-INV-055726,7,1,2027-10-01,2027-12-31,0.0,USD,2027-10-01,DAC-1601,Gates Foundation,60,,,"JSI Research & Training Institute, Inc.",,
XM-DAC-41122-Somalia-3920/A0/06/015/014,0,2,2012-01-01,2012-12-31,323688.0,USD,2026-07-31,XM-DAC-41122,,40,,,,,
XI-IATI-EC_INTPA-2023-PC-28428,0,1,2026-12-01,2026-12-31,7400000.0,,2026-01-01,,European Commission - Directorate General for International Partnerships,15,XI-IATI-EC_INTPA-2023-PC-28428,,International Bank for Reconstruction and Development,,
XM-DAC-41122-Somalia-3920/A0/06/001/013,0,2,2012-01-01,2012-12-31,506851.0,USD,2026-07-31,XM-DAC-41122,,40,,,,,
DAC-1601-INV-049906,0,1,2026-01-01,2026-03-31,0.0,USD,2026-01-01,DAC-1601,Gates Foundation,60,,,London School of Hygiene and Tropical Medicine,,
DAC-1601-INV-049906,1,1,2026-04-01,2026-06-30,0.0,USD,2026-04-01,DAC-1601,Gates Foundation,60,,,London School of Hygiene and Tropical Medicine,,
DAC-1601-INV-049906,2,1,2026-07-01,2026-09-30,0.0,USD,2026-07-01,DAC-1601,Gates Foundation,60,,,London School of Hygiene and Tropical Medicine,,
DAC-1601-INV-049906,3,1,2026-10-01,2026-12-31,0.0,USD,2026-10-01,DAC-1601,Gates Foundation,60,,,London School of Hygiene and Tropical Medicine,,
DAC-1601-INV-049906,4,1,2027-01-01,2027-03-31,301439.0,USD,2027-01-01,DAC-1601,Gates Foundation,60,,,London School of Hygiene and Tropical Medicine,,
DAC-1601-INV-049906,5,1,2027-04-01,2027-06-30,0.0,USD,2027-04-01,DAC-1601,Gates Foundation,60,,,London School of Hygiene and Tropical Medicine,,
DAC-1601-INV-049906,6,1,2027-07-01,2027-09-30,0.0,USD,2027-07-01,DAC-1601,Gates Foundation,60,,,London School of Hygiene and Tropical Medicine,,
DAC-1601-INV-049906,7,1,2027-10-01,2027-12-31,0.0,USD,2027-10-01,DAC-1601,Gates Foundation,60,,,London School of Hygiene and Tropical Medicine,,
XM-DAC-41122-Somalia-3920/A0/06/001/002,0,2,2015-01-01,2015-12-31,608606.0,USD,2026-07-31,XM-DAC-41122,,40,,,,,
XM-DAC-41122-Somalia-3920/A0/06/001/002,1,2,2014-01-01,2014-12-31,5220557.0,USD,2026-07-31,XM-DAC-41122,,40,,,,,
XM-DAC-41122-Somalia-3920/A0/06/001/002,2,2,2013-01-01,2013-12-31,7007603.0,USD,2026-07-31,XM-DAC-41122,,40,,,,,
XM-DAC-41122-Somalia-3920/A0/06/001/002,3,2,2012-01-01,2012-12-31,230771.0,USD,2026-07-31,XM-DAC-41122,,40,,,,,
XM-DAC-41122-Somalia-3920/A0/06/001/002,4,2,2016-01-01,2016-12-31,79805.0,USD,2026-07-31,XM-DAC-41122,,40,,,,,
XM-DAC-41122-Somalia-3920/A0/06/001/002,5,2,2017-01-01,2017-12-31,11417.0,USD,2026-07-31,XM-DAC-41122,,40,,,,,
XM-DAC-41122-Somalia-3920/A0/06/101/007,0,2,2016-01-01,2016-12-31,6963621.0,USD,2026-07-31,XM-DAC-41122,,40,,,,,
XM-DAC-41122-Somalia-3920/A0/06/101/007,1,2,2017-01-01,2017-12-31,2500.0,USD,2026-07-31,XM-DAC-41122,,40,,,,,
XM-DAC-41122-Somalia-3920/A0/06/101/007,2,2,2014-01-01,2014-12-31,11124.0,USD,2026-07-31,XM-DAC-41122,,40,,,,,
DAC-1601-INV-064440,0,1,2026-01-01,2026-03-31,0.0,USD,2026-01-01,DAC-1601,Gates Foundation,60,,,World Health Organization Somalia Country Office,,
DAC-1601-INV-064440,1,1,2026-04-01,2026-06-30,0.0,USD,2026-04-01,DAC-1601,Gates Foundation,60,,,World Health Organization Somalia Country Office,,
DAC-1601-INV-064440,2,1,2026-07-01,2026-09-30,428533.75,USD,2026-07-01,DAC-1601,Gates Foundation,60,,,World Health Organization Somalia Country Office,,
DAC-1601-INV-064440,3,1,2026-10-01,2026-12-31,0.0,USD,2026-10-01,DAC-1601,Gates Foundation,60,,,World Health Organization Somalia Country Office,,
DAC-1601-INV-064440,4,1,2027-01-01,2027-03-31,428533.75,USD,2027-01-01,DAC-1601,Gates Foundation,60,,,World Health Organization Somalia Country Office,,
DAC-1601-INV-064440,5,1,2027-04-01,2027-06-30,0.0,USD,2027-04-01,DAC-1601,Gates Foundation,60,,,World Health Organization Somalia Country Office,,
DAC-1601-INV-064440,6,1,2027-07-01,2027-09-30,0.0,USD,2027-07-01,DAC-1601,Gates Foundation,60,,,World Health Organization Somalia Country Office,,
DAC-1601-INV-064440,7,1,2027-10-01,2027-12-31,0.0,USD,2027-10-01,DAC-1601,Gates Foundation,60,,,World Health Organization Somalia Country Office,,
XM-DAC-41122-Democratic Republic of Congo-0990/A0/07/007/002,0,2,2022-01-01,2022-12-31,5228.0,USD,2026-07-31,XM-DAC-41122,,40,,,,,
XM-DAC-41122-Democratic Republic of Congo-0990/A0/07/007/002,1,2,2020-01-01,2020-12-31,1185751.0,USD,2026-07-31,XM-DAC-41122,,40,,,,,
XM-DAC-41122-Democratic Republic of Congo-0990/A0/07/007/002,2,2,2021-01-01,2021-12-31,250333.0,USD,2026-07-31,XM-DAC-41122,,40,,,,,
XM-DAC-41122-Democratic Republic of Congo-0990/A0/07/007/002,3,2,2023-01-01,2023-12-31,113.0,USD,2026-07-31,XM-DAC-41122,,40,,,,,
XM-DAC-41122-Democratic Republic of Congo-0990/A0/07/007/002,4,2,2024-01-01,2024-12-31,-5057.0,USD,2026-07-31,XM-DAC-41122,,40,,,,,
XM-DAC-41122-Somalia-3920/A0/06/001/007,0,2,2013-01-01,2013-12-31,250000.0,USD,2026-07-31,XM-DAC-41122,,40,,,,,
XM-DAC-41122-Somalia-3920/A0/06/001/007,1,2,2014-01-01,2014-12-31,250000.0,USD,2026-07-31,XM-DAC-41122,,40,,,,,
XM-DAC-41122-Somalia-3920/A0/06/001/007,2,2,2015-01-01,2015-12-31,250000.0,USD,2026-07-31,XM-DAC-41122,,40,,,,,
XM-DAC-41122-Somalia-3920/A0/06/001/007,3,2,2012-01-01,2012-12-31,1474.0,USD,2026-07-31,XM-DAC-41122,,40,,,,,
XM-DAC-41122-Democratic Republic of Congo-0990/A0/05/301/004,0,2,2012-01-01,2012-12-31,846323.0,USD,2026-07-31,XM-DAC-41122,,40,,,,,
XM-DAC-41122-Democratic Republic of Congo-0990/A0/05/301/075,0,2,2026-01-01,2026-12-31,0.0,USD,2026-07-31,XM-DAC-41122,,,40,,,,
XM-DAC-41122-Democratic Republic of Congo-0990/A0/05/301/023,0,2,2012-01-01,2012-12-31,211307.0,USD,2026-07-31,XM-DAC-41122,,40,,,,,
XM-DAC-41122-Democratic Republic of Congo-0990/A0/05/305/034,0,2,2012-01-01,2012-12-31,212188.0,USD,2026-07-31,XM-DAC-41122,,40,,,,,
XM-DAC-41122-Ethiopia-1410/A0/05/101/007,0,2,2014-01-01,2014-12-31,75771.0,USD,2026-07-31,XM-DAC-41122,,40,,,,,
XM-DAC-41122-Ethiopia-1410/A0/05/101/007,1,2,2013-01-01,2013-12-31,303083.0,USD,2026-07-31,XM-DAC-41122,,40,,,,,
XM-DAC-41122-Ethiopia-1410/A0/05/101/007,2,2,2012-01-01,2012-12-31,2667.0,USD,2026-07-31,XM-DAC-41122,,40,,,,,
XM-DAC-41122-Ethiopia-1410/A0/05/101/007,3,2,2015-01-01,2015-12-31,-3116.0,USD,2026-07-31,XM-DAC-41122,,40,,,,,
XM-DAC-41122-Rwanda-3750/A0/05/002/003,0,2,2017-01-01,2017-12-31,1128660.0,USD,2026-07-31,XM-DAC-41122,,40,,,,,
XM-DAC-41122-Rwanda-3750/A0/05/002/003,1,2,2016-01-01,2016-12-31,1128660.0,USD,2026-07-31,XM-DAC-41122,,40,,,,,
XM-DAC-41122-Rwanda-3750/A0/05/002/003,2,2,2015-01-01,2015-12-31,1128660.0,USD,2026-07-31,XM-DAC-41122,,40,,,,,
XM-DAC-41122-Rwanda-3750/A0/05/002/003,3,2,2014-01-01,2014-12-31,942660.0,USD,2026-07-31,XM-DAC-41122,,40,,,,,
XM-DAC-41122-Rwanda-3750/A0/05/002/003,4,2,2013-01-01,2013-12-31,378330.0,USD,2026-07-31,XM-DAC-41122,,40,,,,,
XM-DAC-41122-Rwanda-3750/A0/05/002/003,5,2,2018-01-01,2018-12-31,378330.0,USD,2026-07-31,XM-DAC-41122,,40,,,,,
CA-3-P013192001,0,,2026-04-01,2027-03-31,2333333.0,,2025-03-21,,,,,,,,
CA-3-P013192001,1,,2027-04-01,2028-03-31,2333333.0,,2025-03-21,,,,,,,,
CA-3-P013192001,2,,2028-04-01,2029-03-31,2333333.0,,2025-03-21,,,,,,,,
XM-DAC-301-2-110075-001,0,1,2025-04-01,2026-03-31,216311.0,CAD,2025-04-01,XM-DAC-301-2,International Development Research Centre,15,,,Institut National de Recherche Biomédicale,15,
XM-DAC-301-2-110075-001,1,1,2024-04-01,2025-03-31,335255.0,CAD,2024-04-01,XM-DAC-301-2,International Development Research Centre,15,,,Institut National de Recherche Biomédicale,15,
XM-DAC-301-2-110075-001,2,1,2027-04-01,2028-03-31,164940.0,CAD,2027-04-01,XM-DAC-301-2,International Development Research Centre,15,,,Institut National de Recherche Biomédicale,15,
XM-DAC-301-2-110075-001,3,1,2026-04-01,2027-03-31,253730.0,CAD,2026-04-01,XM-DAC-301-2,International Development Research Centre,15,,,Institut National de Recherche Biomédicale,15,
XM-DAC-301-2-110075-001,4,1,2023-04-01,2024-03-31,197571.0,CAD,2023-04-01,XM-DAC-301-2,International Development Research Centre,15,,,Institut National de Recherche Biomédicale,15,
XM-DAC-301-2-110075-001,5,1,2022-04-01,2023-03-31,258400.0,CAD,2022-04-01,XM-DAC-301-2,International Development Research Centre,15,,,Institut National de Recherche Biomédicale,15,
KR-GOV-010-KR-GOV-051-2024040103063,0,1,2026-01-01,2026-12-31,71169681.0,KRW,2026-06-30,KR-GOV-051,Korea International Cooperation Agency,10,KR-GOV-010-KR-GOV-051-2024040103063,,,,
KR-GOV-010-KR-GOV-051-2024010100089,0,1,2026-01-01,2026-12-31,750632000.0,KRW,2026-06-30,KR-GOV-051,Korea International Cooperation Agency,10,KR-GOV-010-KR-GOV-051-2024010100089,,,,
DAC-1601-INV-079976,0,1,2026-01-01,2026-03-31,0.0,USD,2026-01-01,DAC-1601,Gates Foundation,60,,,University of Geneva,,
DAC-1601-INV-079976,1,1,2026-04-01,2026-06-30,0.0,USD,2026-04-01,DAC-1601,Gates Foundation,60,,,University of Geneva,,
DAC-1601-INV-079976,2,1,2026-07-01,2026-09-30,0.0,USD,2026-07-01,DAC-1601,Gates Foundation,60,,,University of Geneva,,
DAC-1601-INV-079976,3,1,2026-10-01,2026-12-31,0.0,USD,2026-10-01,DAC-1601,Gates Foundation,60,,,University of Geneva,,
DAC-1601-INV-079976,4,1,2027-01-01,2027-03-31,0.0,USD,2027-01-01,DAC-1601,Gates Foundation,60,,,University of Geneva,,
DAC-1601-INV-079976,5,1,2027-04-01,2027-06-30,0.0,USD,2027-04-01,DAC-1601,Gates Foundation,60,,,University of Geneva,,
DAC-1601-INV-079976,6,1,2027-07-01,2027-09-30,0.0,USD,2027-07-01,DAC-1601,Gates Foundation,60,,,University of Geneva,,
DAC-1601-INV-079976,7,1,2027-10-01,2027-12-31,0.0,USD,2027-10-01,DAC-1601,Gates Foundation,60,,,University of Geneva,,
DAC-1601-INV-085623,0,1,2026-01-01,2026-03-31,0.0,USD,2026-01-01,DAC-1601,Gates Foundation,60,,,"University of California, Los Angeles",,
DAC-1601-INV-085623,1,1,2026-04-01,2026-06-30,0.0,USD,2026-04-01,DAC-1601,Gates Foundation,60,,,"University of California, Los Angeles",,
DAC-1601-INV-085623,2,1,2026-07-01,2026-09-30,0.0,USD,2026-07-01,DAC-1601,Gates Foundation,60,,,"University of California, Los Angeles",,
DAC-1601-INV-085623,3,1,2026-10-01,2026-12-31,0.0,USD,2026-10-01,DAC-1601,Gates Foundation,60,,,"University of California, Los Angeles",,
DAC-1601-INV-085623,4,1,2027-01-01,2027-03-31,0.0,USD,2027-01-01,DAC-1601,Gates Foundation,60,,,"University of California, Los Angeles",,
DAC-1601-INV-085623,5,1,2027-04-01,2027-06-30,0.0,USD,2027-04-01,DAC-1601,Gates Foundation,60,,,"University of California, Los Angeles",,
DAC-1601-INV-085623,6,1,2027-07-01,2027-09-30,0.0,USD,2027-07-01,DAC-1601,Gates Foundation,60,,,"University of California, Los Angeles",,
DAC-1601-INV-085623,7,1,2027-10-01,2027-12-31,0.0,USD,2027-10-01,DAC-1601,Gates Foundation,60,,,"University of California, Los Angeles",,
DAC-1601-INV-091533,0,1,2026-01-01,2026-03-31,0.0,USD,2026-01-01,DAC-1601,Gates Foundation,60,,,University of Birmingham,,
DAC-1601-INV-091533,1,1,2026-04-01,2026-06-30,0.0,USD,2026-04-01,DAC-1601,Gates Foundation,60,,,University of Birmingham,,
DAC-1601-INV-091533,2,1,2026-07-01,2026-09-30,0.0,USD,2026-07-01,DAC-1601,Gates Foundation,60,,,University of Birmingham,,
DAC-1601-INV-091533,3,1,2026-10-01,2026-12-31,0.0,USD,2026-10-01,DAC-1601,Gates Foundation,60,,,University of Birmingham,,
DAC-1601-INV-091533,4,1,2027-01-01,2027-03-31,518405.0,USD,2027-01-01,DAC-1601,Gates Foundation,60,,,University of Birmingham,,
DAC-1601-INV-091533,5,1,2027-04-01,2027-06-30,0.0,USD,2027-04-01,DAC-1601,Gates Foundation,60,,,University of Birmingham,,
DAC-1601-INV-091533,6,1,2027-07-01,2027-09-30,0.0,USD,2027-07-01,DAC-1601,Gates Foundation,60,,,University of Birmingham,,
DAC-1601-INV-091533,7,1,2027-10-01,2027-12-31,0.0,USD,2027-10-01,DAC-1601,Gates Foundation,60,,,University of Birmingham,,
DAC-1601-INV-016251,0,1,2026-01-01,2026-03-31,0.0,USD,2026-01-01,DAC-1601,Gates Foundation,60,,,Lualaba Provincial Health Division,,
DAC-1601-INV-016251,1,1,2026-04-01,2026-06-30,100000.0,USD,2026-04-01,DAC-1601,Gates Foundation,60,,,Lualaba Provincial Health Division,,
DAC-1601-INV-016251,2,1,2026-07-01,2026-09-30,0.0,USD,2026-07-01,DAC-1601,Gates Foundation,60,,,Lualaba Provincial Health Division,,
DAC-1601-INV-016251,3,1,2026-10-01,2026-12-31,0.0,USD,2026-10-01,DAC-1601,Gates Foundation,60,,,Lualaba Provincial Health Division,,
DAC-1601-INV-016251,4,1,2027-01-01,2027-03-31,0.0,USD,2027-01-01,DAC-1601,Gates Foundation,60,,,Lualaba Provincial Health Division,,
DAC-1601-INV-016251,5,1,2027-04-01,2027-06-30,0.0,USD,2027-04-01,DAC-1601,Gates Foundation,60,,,Lualaba Provincial Health Division,,
DAC-1601-INV-016251,6,1,2027-07-01,2027-09-30,0.0,USD,2027-07-01,DAC-1601,Gates Foundation,60,,,Lualaba Provincial Health Division,,
DAC-1601-INV-016251,7,1,2027-10-01,2027-12-31,0.0,USD,2027-10-01,DAC-1601,Gates Foundation,60,,,Lualaba Provincial Health Division,,
DAC-1601-INV-094164,0,1,2026-01-01,2026-03-31,0.0,USD,2026-01-01,DAC-1601,Gates Foundation,60,,,Africa Communications Media Group,,
DAC-1601-INV-094164,1,1,2026-04-01,2026-06-30,0.0,USD,2026-04-01,DAC-1601,Gates Foundation,60,,,Africa Communications Media Group,,
DAC-1601-INV-094164,2,1,2026-07-01,2026-09-30,0.0,USD,2026-07-01,DAC-1601,Gates Foundation,60,,,Africa Communications Media Group,,
DAC-1601-INV-094164,3,1,2026-10-01,2026-12-31,0.0,USD,2026-10-01,DAC-1601,Gates Foundation,60,,,Africa Communications Media Group,,
DAC-1601-INV-094164,4,1,2027-01-01,2027-03-31,219656.5,USD,2027-01-01,DAC-1601,Gates Foundation,60,,,Africa Communications Media Group,,
DAC-1601-INV-094164,5,1,2027-04-01,2027-06-30,0.0,USD,2027-04-01,DAC-1601,Gates Foundation,60,,,Africa Communications Media Group,,
DAC-1601-INV-094164,6,1,2027-07-01,2027-09-30,0.0,USD,2027-07-01,DAC-1601,Gates Foundation,60,,,Africa Communications Media Group,,
DAC-1601-INV-094164,7,1,2027-10-01,2027-12-31,0.0,USD,2027-10-01,DAC-1601,Gates Foundation,60,,,Africa Communications Media Group,,
DAC-1601-INV-073284,0,1,2026-01-01,2026-03-31,0.0,USD,2026-01-01,DAC-1601,Gates Foundation,60,,,"University of California, Los Angeles",,
DAC-1601-INV-073284,1,1,2026-04-01,2026-06-30,0.0,USD,2026-04-01,DAC-1601,Gates Foundation,60,,,"University of California, Los Angeles",,
DAC-1601-INV-073284,2,1,2026-07-01,2026-09-30,400000.0,USD,2026-07-01,DAC-1601,Gates Foundation,60,,,"University of California, Los Angeles",,
DAC-1601-INV-073284,3,1,2026-10-01,2026-12-31,0.0,USD,2026-10-01,DAC-1601,Gates Foundation,60,,,"University of California, Los Angeles",,
DAC-1601-INV-073284,4,1,2027-01-01,2027-03-31,0.0,USD,2027-01-01,DAC-1601,Gates Foundation,60,,,"University of California, Los Angeles",,
DAC-1601-INV-073284,5,1,2027-04-01,2027-06-30,0.0,USD,2027-04-01,DAC-1601,Gates Foundation,60,,,"University of California, Los Angeles",,
DAC-1601-INV-073284,6,1,2027-07-01,2027-09-30,0.0,USD,2027-07-01,DAC-1601,Gates Foundation,60,,,"University of California, Los Angeles",,
DAC-1601-INV-073284,7,1,2027-10-01,2027-12-31,0.0,USD,2027-10-01,DAC-1601,Gates Foundation,60,,,"University of California, Los Angeles",,
DAC-1601-INV-069960,0,1,2026-01-01,2026-03-31,0.0,USD,2026-01-01,DAC-1601,Gates Foundation,60,,,International Organization for Migration,,
DAC-1601-INV-069960,1,1,2026-04-01,2026-06-30,0.0,USD,2026-04-01,DAC-1601,Gates Foundation,60,,,International Organization for Migration,,
DAC-1601-INV-069960,2,1,2026-07-01,2026-09-30,0.0,USD,2026-07-01,DAC-1601,Gates Foundation,60,,,International Organization for Migration,,
DAC-1601-INV-069960,3,1,2026-10-01,2026-12-31,0.0,USD,2026-10-01,DAC-1601,Gates Foundation,60,,,International Organization for Migration,,
DAC-1601-INV-069960,4,1,2027-01-01,2027-03-31,0.0,USD,2027-01-01,DAC-1601,Gates Foundation,60,,,International Organization for Migration,,
DAC-1601-INV-069960,5,1,2027-04-01,2027-06-30,0.0,USD,2027-04-01,DAC-1601,Gates Foundation,60,,,International Organization for Migration,,
DAC-1601-INV-069960,6,1,2027-07-01,2027-09-30,0.0,USD,2027-07-01,DAC-1601,Gates Foundation,60,,,International Organization for Migration,,
DAC-1601-INV-069960,7,1,2027-10-01,2027-12-31,0.0,USD,2027-10-01,DAC-1601,Gates Foundation,60,,,International Organization for Migration,,
DAC-1601-INV-070333,0,1,2026-01-01,2026-03-31,0.0,USD,2026-01-01,DAC-1601,Gates Foundation,60,,,Institut National de Recherche Biomédicale (INRB),,
DAC-1601-INV-070333,1,1,2026-04-01,2026-06-30,599855.0,USD,2026-04-01,DAC-1601,Gates Foundation,60,,,Institut National de Recherche Biomédicale (INRB),,
DAC-1601-INV-070333,2,1,2026-07-01,2026-09-30,0.0,USD,2026-07-01,DAC-1601,Gates Foundation,60,,,Institut National de Recherche Biomédicale (INRB),,
DAC-1601-INV-070333,3,1,2026-10-01,2026-12-31,0.0,USD,2026-10-01,DAC-1601,Gates Foundation,60,,,Institut National de Recherche Biomédicale (INRB),,
DAC-1601-INV-070333,4,1,2027-01-01,2027-03-31,0.0,USD,2027-01-01,DAC-1601,Gates Foundation,60,,,Institut National de Recherche Biomédicale (INRB),,
DAC-1601-INV-070333,5,1,2027-04-01,2027-06-30,0.0,USD,2027-04-01,DAC-1601,Gates Foundation,60,,,Institut National de Recherche Biomédicale (INRB),,
DAC-1601-INV-070333,6,1,2027-07-01,2027-09-30,0.0,USD,2027-07-01,DAC-1601,Gates Foundation,60,,,Institut National de Recherche Biomédicale (INRB),,
DAC-1601-INV-070333,7,1,2027-10-01,2027-12-31,0.0,USD,2027-10-01,DAC-1601,Gates Foundation,60,,,Institut National de Recherche Biomédicale (INRB),,
DAC-1601-INV-076274,0,1,2026-01-01,2026-03-31,0.0,USD,2026-01-01,DAC-1601,Gates Foundation,60,,,Institut National de Recherche Biomédicale (INRB),,
DAC-1601-INV-076274,1,1,2026-04-01,2026-06-30,0.0,USD,2026-04-01,DAC-1601,Gates Foundation,60,,,Institut National de Recherche Biomédicale (INRB),,
DAC-1601-INV-076274,2,1,2026-07-01,2026-09-30,0.0,USD,2026-07-01,DAC-1601,Gates Foundation,60,,,Institut National de Recherche Biomédicale (INRB),,
DAC-1601-INV-076274,3,1,2026-10-01,2026-12-31,316453.0,USD,2026-10-01,DAC-1601,Gates Foundation,60,,,Institut National de Recherche Biomédicale (INRB),,
DAC-1601-INV-076274,4,1,2027-01-01,2027-03-31,0.0,USD,2027-01-01,DAC-1601,Gates Foundation,60,,,Institut National de Recherche Biomédicale (INRB),,
DAC-1601-INV-076274,5,1,2027-04-01,2027-06-30,0.0,USD,2027-04-01,DAC-1601,Gates Foundation,60,,,Institut National de Recherche Biomédicale (INRB),,
DAC-1601-INV-076274,6,1,2027-07-01,2027-09-30,0.0,USD,2027-07-01,DAC-1601,Gates Foundation,60,,,Institut National de Recherche Biomédicale (INRB),,
DAC-1601-INV-076274,7,1,2027-10-01,2027-12-31,0.0,USD,2027-10-01,DAC-1601,Gates Foundation,60,,,Institut National de Recherche Biomédicale (INRB),,
DAC-1601-INV-077454,0,1,2026-01-01,2026-03-31,0.0,USD,2026-01-01,DAC-1601,Gates Foundation,60,,,International Vaccine Institute,,
DAC-1601-INV-077454,1,1,2026-04-01,2026-06-30,0.0,USD,2026-04-01,DAC-1601,Gates Foundation,60,,,International Vaccine Institute,,
DAC-1601-INV-077454,2,1,2026-07-01,2026-09-30,0.0,USD,2026-07-01,DAC-1601,Gates Foundation,60,,,International Vaccine Institute,,
DAC-1601-INV-077454,3,1,2026-10-01,2026-12-31,0.0,USD,2026-10-01,DAC-1601,Gates Foundation,60,,,International Vaccine Institute,,
DAC-1601-INV-077454,4,1,2027-01-01,2027-03-31,0.0,USD,2027-01-01,DAC-1601,Gates Foundation,60,,,International Vaccine Institute,,
DAC-1601-INV-077454,5,1,2027-04-01,2027-06-30,0.0,USD,2027-04-01,DAC-1601,Gates Foundation,60,,,International Vaccine Institute,,
DAC-1601-INV-077454,6,1,2027-07-01,2027-09-30,0.0,USD,2027-07-01,DAC-1601,Gates Foundation,60,,,International Vaccine Institute,,
DAC-1601-INV-077454,7,1,2027-10-01,2027-12-31,0.0,USD,2027-10-01,DAC-1601,Gates Foundation,60,,,International Vaccine Institute,,
DAC-1601-INV-078633,0,1,2026-01-01,2026-03-31,0.0,USD,2026-01-01,DAC-1601,Gates Foundation,60,,,Institute of Tropical Medicine,,
DAC-1601-INV-078633,1,1,2026-04-01,2026-06-30,0.0,USD,2026-04-01,DAC-1601,Gates Foundation,60,,,Institute of Tropical Medicine,,
DAC-1601-INV-078633,2,1,2026-07-01,2026-09-30,3000000.0,USD,2026-07-01,DAC-1601,Gates Foundation,60,,,Institute of Tropical Medicine,,
DAC-1601-INV-078633,3,1,2026-10-01,2026-12-31,0.0,USD,2026-10-01,DAC-1601,Gates Foundation,60,,,Institute of Tropical Medicine,,
DAC-1601-INV-078633,4,1,2027-01-01,2027-03-31,3014968.0,USD,2027-01-01,DAC-1601,Gates Foundation,60,,,Institute of Tropical Medicine,,
DAC-1601-INV-078633,5,1,2027-04-01,2027-06-30,0.0,USD,2027-04-01,DAC-1601,Gates Foundation,60,,,Institute of Tropical Medicine,,
DAC-1601-INV-078633,6,1,2027-07-01,2027-09-30,3000000.0,USD,2027-07-01,DAC-1601,Gates Foundation,60,,,Institute of Tropical Medicine,,
DAC-1601-INV-078633,7,1,2027-10-01,2027-12-31,0.0,USD,2027-10-01,DAC-1601,Gates Foundation,60,,,Institute of Tropical Medicine,,
DAC-1601-INV-055656,0,1,2026-01-01,2026-03-31,0.0,USD,2026-01-01,DAC-1601,Gates Foundation,60,,,Drugs for Neglected Diseases Initiative,,
DAC-1601-INV-055656,1,1,2026-04-01,2026-06-30,0.0,USD,2026-04-01,DAC-1601,Gates Foundation,60,,,Drugs for Neglected Diseases Initiative,,
DAC-1601-INV-055656,2,1,2026-07-01,2026-09-30,0.0,USD,2026-07-01,DAC-1601,Gates Foundation,60,,,Drugs for Neglected Diseases Initiative,,
DAC-1601-INV-055656,3,1,2026-10-01,2026-12-31,0.0,USD,2026-10-01,DAC-1601,Gates Foundation,60,,,Drugs for Neglected Diseases Initiative,,
DAC-1601-INV-055656,4,1,2027-01-01,2027-03-31,0.0,USD,2027-01-01,DAC-1601,Gates Foundation,60,,,Drugs for Neglected Diseases Initiative,,
DAC-1601-INV-055656,5,1,2027-04-01,2027-06-30,1531712.0,USD,2027-04-01,DAC-1601,Gates Foundation,60,,,Drugs for Neglected Diseases Initiative,,
DAC-1601-INV-055656,6,1,2027-07-01,2027-09-30,0.0,USD,2027-07-01,DAC-1601,Gates Foundation,60,,,Drugs for Neglected Diseases Initiative,,
DAC-1601-INV-055656,7,1,2027-10-01,2027-12-31,0.0,USD,2027-10-01,DAC-1601,Gates Foundation,60,,,Drugs for Neglected Diseases Initiative,,
DAC-1601-INV-059244,0,1,2026-01-01,2026-03-31,0.0,USD,2026-01-01,DAC-1601,Gates Foundation,60,,,Epicentre,,
DAC-1601-INV-059244,1,1,2026-04-01,2026-06-30,0.0,USD,2026-04-01,DAC-1601,Gates Foundation,60,,,Epicentre,,
DAC-1601-INV-059244,2,1,2026-07-01,2026-09-30,0.0,USD,2026-07-01,DAC-1601,Gates Foundation,60,,,Epicentre,,
DAC-1601-INV-059244,3,1,2026-10-01,2026-12-31,0.0,USD,2026-10-01,DAC-1601,Gates Foundation,60,,,Epicentre,,
DAC-1601-INV-059244,4,1,2027-01-01,2027-03-31,0.0,USD,2027-01-01,DAC-1601,Gates Foundation,60,,,Epicentre,,
DAC-1601-INV-059244,5,1,2027-04-01,2027-06-30,0.0,USD,2027-04-01,DAC-1601,Gates Foundation,60,,,Epicentre,,
DAC-1601-INV-059244,6,1,2027-07-01,2027-09-30,0.0,USD,2027-07-01,DAC-1601,Gates Foundation,60,,,Epicentre,,
DAC-1601-INV-059244,7,1,2027-10-01,2027-12-31,0.0,USD,2027-10-01,DAC-1601,Gates Foundation,60,,,Epicentre,,
DAC-1601-INV-063515,0,1,2026-01-01,2026-03-31,0.0,USD,2026-01-01,DAC-1601,Gates Foundation,60,,,Drugs for Neglected Diseases Initiative,,
DAC-1601-INV-063515,1,1,2026-04-01,2026-06-30,0.0,USD,2026-04-01,DAC-1601,Gates Foundation,60,,,Drugs for Neglected Diseases Initiative,,
DAC-1601-INV-063515,2,1,2026-07-01,2026-09-30,0.0,USD,2026-07-01,DAC-1601,Gates Foundation,60,,,Drugs for Neglected Diseases Initiative,,
DAC-1601-INV-063515,3,1,2026-10-01,2026-12-31,0.0,USD,2026-10-01,DAC-1601,Gates Foundation,60,,,Drugs for Neglected Diseases Initiative,,
DAC-1601-INV-063515,4,1,2027-01-01,2027-03-31,0.0,USD,2027-01-01,DAC-1601,Gates Foundation,60,,,Drugs for Neglected Diseases Initiative,,
DAC-1601-INV-063515,5,1,2027-04-01,2027-06-30,0.0,USD,2027-04-01,DAC-1601,Gates Foundation,60,,,Drugs for Neglected Diseases Initiative,,
DAC-1601-INV-063515,6,1,2027-07-01,2027-09-30,0.0,USD,2027-07-01,DAC-1601,Gates Foundation,60,,,Drugs for Neglected Diseases Initiative,,
DAC-1601-INV-063515,7,1,2027-10-01,2027-12-31,0.0,USD,2027-10-01,DAC-1601,Gates Foundation,60,,,Drugs for Neglected Diseases Initiative,,
DAC-1601-INV-068865,0,1,2026-01-01,2026-03-31,0.0,USD,2026-01-01,DAC-1601,Gates Foundation,60,,,Ecole de Santé Publique,,
DAC-1601-INV-068865,1,1,2026-04-01,2026-06-30,0.0,USD,2026-04-01,DAC-1601,Gates Foundation,60,,,Ecole de Santé Publique,,
DAC-1601-INV-068865,2,1,2026-07-01,2026-09-30,0.0,USD,2026-07-01,DAC-1601,Gates Foundation,60,,,Ecole de Santé Publique,,
DAC-1601-INV-068865,3,1,2026-10-01,2026-12-31,250000.0,USD,2026-10-01,DAC-1601,Gates Foundation,60,,,Ecole de Santé Publique,,
DAC-1601-INV-068865,4,1,2027-01-01,2027-03-31,750000.0,USD,2027-01-01,DAC-1601,Gates Foundation,60,,,Ecole de Santé Publique,,
DAC-1601-INV-068865,5,1,2027-04-01,2027-06-30,0.0,USD,2027-04-01,DAC-1601,Gates Foundation,60,,,Ecole de Santé Publique,,
DAC-1601-INV-068865,6,1,2027-07-01,2027-09-30,0.0,USD,2027-07-01,DAC-1601,Gates Foundation,60,,,Ecole de Santé Publique,,
DAC-1601-INV-068865,7,1,2027-10-01,2027-12-31,0.0,USD,2027-10-01,DAC-1601,Gates Foundation,60,,,Ecole de Santé Publique,,
DAC-1601-INV-082265,0,1,2026-01-01,2026-03-31,0.0,USD,2026-01-01,DAC-1601,Gates Foundation,60,,,International Vaccine Institute,,
DAC-1601-INV-082265,1,1,2026-04-01,2026-06-30,0.0,USD,2026-04-01,DAC-1601,Gates Foundation,60,,,International Vaccine Institute,,
DAC-1601-INV-082265,2,1,2026-07-01,2026-09-30,0.0,USD,2026-07-01,DAC-1601,Gates Foundation,60,,,International Vaccine Institute,,
DAC-1601-INV-082265,3,1,2026-10-01,2026-12-31,0.0,USD,2026-10-01,DAC-1601,Gates Foundation,60,,,International Vaccine Institute,,
DAC-1601-INV-082265,4,1,2027-01-01,2027-03-31,0.0,USD,2027-01-01,DAC-1601,Gates Foundation,60,,,International Vaccine Institute,,
DAC-1601-INV-082265,5,1,2027-04-01,2027-06-30,0.0,USD,2027-04-01,DAC-1601,Gates Foundation,60,,,International Vaccine Institute,,
DAC-1601-INV-082265,6,1,2027-07-01,2027-09-30,0.0,USD,2027-07-01,DAC-1601,Gates Foundation,60,,,International Vaccine Institute,,
DAC-1601-INV-082265,7,1,2027-10-01,2027-12-31,0.0,USD,2027-10-01,DAC-1601,Gates Foundation,60,,,International Vaccine Institute,,
DAC-1601-INV-095767,0,1,2026-01-01,2026-03-31,0.0,USD,2026-01-01,DAC-1601,Gates Foundation,60,,,Biosurv International Ltd,,
DAC-1601-INV-095767,1,1,2026-04-01,2026-06-30,0.0,USD,2026-04-01,DAC-1601,Gates Foundation,60,,,Biosurv International Ltd,,
DAC-1601-INV-095767,2,1,2026-07-01,2026-09-30,0.0,USD,2026-07-01,DAC-1601,Gates Foundation,60,,,Biosurv International Ltd,,
DAC-1601-INV-095767,3,1,2026-10-01,2026-12-31,0.0,USD,2026-10-01,DAC-1601,Gates Foundation,60,,,Biosurv International Ltd,,
DAC-1601-INV-095767,4,1,2027-01-01,2027-03-31,238424.0,USD,2027-01-01,DAC-1601,Gates Foundation,60,,,Biosurv International Ltd,,
DAC-1601-INV-095767,5,1,2027-04-01,2027-06-30,0.0,USD,2027-04-01,DAC-1601,Gates Foundation,60,,,Biosurv International Ltd,,
DAC-1601-INV-095767,6,1,2027-07-01,2027-09-30,0.0,USD,2027-07-01,DAC-1601,Gates Foundation,60,,,Biosurv International Ltd,,
DAC-1601-INV-095767,7,1,2027-10-01,2027-12-31,0.0,USD,2027-10-01,DAC-1601,Gates Foundation,60,,,Biosurv International Ltd,,
DAC-1601-INV-052016,0,1,2026-01-01,2026-03-31,0.0,USD,2026-01-01,DAC-1601,Gates Foundation,60,,,Coordination Nationale de Renforcement du Système Communautaire,,
DAC-1601-INV-052016,1,1,2026-04-01,2026-06-30,0.0,USD,2026-04-01,DAC-1601,Gates Foundation,60,,,Coordination Nationale de Renforcement du Système Communautaire,,
DAC-1601-INV-052016,2,1,2026-07-01,2026-09-30,0.0,USD,2026-07-01,DAC-1601,Gates Foundation,60,,,Coordination Nationale de Renforcement du Système Communautaire,,
DAC-1601-INV-052016,3,1,2026-10-01,2026-12-31,0.0,USD,2026-10-01,DAC-1601,Gates Foundation,60,,,Coordination Nationale de Renforcement du Système Communautaire,,
DAC-1601-INV-052016,4,1,2027-01-01,2027-03-31,0.0,USD,2027-01-01,DAC-1601,Gates Foundation,60,,,Coordination Nationale de Renforcement du Système Communautaire,,
DAC-1601-INV-052016,5,1,2027-04-01,2027-06-30,0.0,USD,2027-04-01,DAC-1601,Gates Foundation,60,,,Coordination Nationale de Renforcement du Système Communautaire,,
DAC-1601-INV-052016,6,1,2027-07-01,2027-09-30,0.0,USD,2027-07-01,DAC-1601,Gates Foundation,60,,,Coordination Nationale de Renforcement du Système Communautaire,,
DAC-1601-INV-052016,7,1,2027-10-01,2027-12-31,0.0,USD,2027-10-01,DAC-1601,Gates Foundation,60,,,Coordination Nationale de Renforcement du Système Communautaire,,
DAC-1601-INV-063420,0,1,2026-01-01,2026-03-31,0.0,USD,2026-01-01,DAC-1601,Gates Foundation,60,,,Ben-Gurion University of the Negev,,
DAC-1601-INV-063420,1,1,2026-04-01,2026-06-30,0.0,USD,2026-04-01,DAC-1601,Gates Foundation,60,,,Ben-Gurion University of the Negev,,
DAC-1601-INV-063420,2,1,2026-07-01,2026-09-30,0.0,USD,2026-07-01,DAC-1601,Gates Foundation,60,,,Ben-Gurion University of the Negev,,
DAC-1601-INV-063420,3,1,2026-10-01,2026-12-31,0.0,USD,2026-10-01,DAC-1601,Gates Foundation,60,,,Ben-Gurion University of the Negev,,
DAC-1601-INV-063420,4,1,2027-01-01,2027-03-31,0.0,USD,2027-01-01,DAC-1601,Gates Foundation,60,,,Ben-Gurion University of the Negev,,
DAC-1601-INV-063420,5,1,2027-04-01,2027-06-30,0.0,USD,2027-04-01,DAC-1601,Gates Foundation,60,,,Ben-Gurion University of the Negev,,
DAC-1601-INV-063420,6,1,2027-07-01,2027-09-30,0.0,USD,2027-07-01,DAC-1601,Gates Foundation,60,,,Ben-Gurion University of the Negev,,
DAC-1601-INV-063420,7,1,2027-10-01,2027-12-31,0.0,USD,2027-10-01,DAC-1601,Gates Foundation,60,,,Ben-Gurion University of the Negev,,
DAC-1601-INV-080886,0,1,2026-01-01,2026-03-31,0.0,USD,2026-01-01,DAC-1601,Gates Foundation,60,,,PATH,,
DAC-1601-INV-080886,1,1,2026-04-01,2026-06-30,0.0,USD,2026-04-01,DAC-1601,Gates Foundation,60,,,PATH,,
DAC-1601-INV-080886,2,1,2026-07-01,2026-09-30,0.0,USD,2026-07-01,DAC-1601,Gates Foundation,60,,,PATH,,
DAC-1601-INV-080886,3,1,2026-10-01,2026-12-31,0.0,USD,2026-10-01,DAC-1601,Gates Foundation,60,,,PATH,,
DAC-1601-INV-080886,4,1,2027-01-01,2027-03-31,0.0,USD,2027-01-01,DAC-1601,Gates Foundation,60,,,PATH,,
DAC-1601-INV-080886,5,1,2027-04-01,2027-06-30,0.0,USD,2027-04-01,DAC-1601,Gates Foundation,60,,,PATH,,
DAC-1601-INV-080886,6,1,2027-07-01,2027-09-30,0.0,USD,2027-07-01,DAC-1601,Gates Foundation,60,,,PATH,,
DAC-1601-INV-080886,7,1,2027-10-01,2027-12-31,0.0,USD,2027-10-01,DAC-1601,Gates Foundation,60,,,PATH,,
DAC-1601-INV-086143,0,1,2026-01-01,2026-03-31,0.0,USD,2026-01-01,DAC-1601,Gates Foundation,60,,,PATH,,
DAC-1601-INV-086143,1,1,2026-04-01,2026-06-30,0.0,USD,2026-04-01,DAC-1601,Gates Foundation,60,,,PATH,,
DAC-1601-INV-086143,2,1,2026-07-01,2026-09-30,0.0,USD,2026-07-01,DAC-1601,Gates Foundation,60,,,PATH,,
DAC-1601-INV-086143,3,1,2026-10-01,2026-12-31,0.0,USD,2026-10-01,DAC-1601,Gates Foundation,60,,,PATH,,
DAC-1601-INV-086143,4,1,2027-01-01,2027-03-31,0.0,USD,2027-01-01,DAC-1601,Gates Foundation,60,,,PATH,,
DAC-1601-INV-086143,5,1,2027-04-01,2027-06-30,0.0,USD,2027-04-01,DAC-1601,Gates Foundation,60,,,PATH,,
DAC-1601-INV-086143,6,1,2027-07-01,2027-09-30,0.0,USD,2027-07-01,DAC-1601,Gates Foundation,60,,,PATH,,
DAC-1601-INV-086143,7,1,2027-10-01,2027-12-31,0.0,USD,2027-10-01,DAC-1601,Gates Foundation,60,,,PATH,,
DAC-1601-INV-089921,0,1,2026-01-01,2026-03-31,300000.0,USD,2026-01-01,DAC-1601,Gates Foundation,60,,,PATH,,
DAC-1601-INV-089921,1,1,2026-04-01,2026-06-30,0.0,USD,2026-04-01,DAC-1601,Gates Foundation,60,,,PATH,,
DAC-1601-INV-089921,2,1,2026-07-01,2026-09-30,0.0,USD,2026-07-01,DAC-1601,Gates Foundation,60,,,PATH,,
DAC-1601-INV-089921,3,1,2026-10-01,2026-12-31,0.0,USD,2026-10-01,DAC-1601,Gates Foundation,60,,,PATH,,
DAC-1601-INV-089921,4,1,2027-01-01,2027-03-31,0.0,USD,2027-01-01,DAC-1601,Gates Foundation,60,,,PATH,,
DAC-1601-INV-089921,5,1,2027-04-01,2027-06-30,0.0,USD,2027-04-01,DAC-1601,Gates Foundation,60,,,PATH,,
DAC-1601-INV-089921,6,1,2027-07-01,2027-09-30,0.0,USD,2027-07-01,DAC-1601,Gates Foundation,60,,,PATH,,
DAC-1601-INV-089921,7,1,2027-10-01,2027-12-31,0.0,USD,2027-10-01,DAC-1601,Gates Foundation,60,,,PATH,,
DAC-1601-OPP1205132,0,1,2026-01-01,2026-03-31,0.0,USD,2026-01-01,DAC-1601,Gates Foundation,60,,,"Provincial Health Division, Haut Lomami Province",,
DAC-1601-OPP1205132,1,1,2026-04-01,2026-06-30,0.0,USD,2026-04-01,DAC-1601,Gates Foundation,60,,,"Provincial Health Division, Haut Lomami Province",,
DAC-1601-OPP1205132,2,1,2026-07-01,2026-09-30,0.0,USD,2026-07-01,DAC-1601,Gates Foundation,60,,,"Provincial Health Division, Haut Lomami Province",,
DAC-1601-OPP1205132,3,1,2026-10-01,2026-12-31,0.0,USD,2026-10-01,DAC-1601,Gates Foundation,60,,,"Provincial Health Division, Haut Lomami Province",,
DAC-1601-OPP1205132,4,1,2027-01-01,2027-03-31,0.0,USD,2027-01-01,DAC-1601,Gates Foundation,60,,,"Provincial Health Division, Haut Lomami Province",,
DAC-1601-OPP1205132,5,1,2027-04-01,2027-06-30,0.0,USD,2027-04-01,DAC-1601,Gates Foundation,60,,,"Provincial Health Division, Haut Lomami Province",,
DAC-1601-OPP1205132,6,1,2027-07-01,2027-09-30,0.0,USD,2027-07-01,DAC-1601,Gates Foundation,60,,,"Provincial Health Division, Haut Lomami Province",,
DAC-1601-OPP1205132,7,1,2027-10-01,2027-12-31,0.0,USD,2027-10-01,DAC-1601,Gates Foundation,60,,,"Provincial Health Division, Haut Lomami Province",,
DAC-1601-INV-084488,0,1,2026-01-01,2026-03-31,0.0,USD,2026-01-01,DAC-1601,Gates Foundation,60,,,VillageReach,,
DAC-1601-INV-084488,1,1,2026-04-01,2026-06-30,650000.0,USD,2026-04-01,DAC-1601,Gates Foundation,60,,,VillageReach,,
DAC-1601-INV-084488,2,1,2026-07-01,2026-09-30,0.0,USD,2026-07-01,DAC-1601,Gates Foundation,60,,,VillageReach,,
DAC-1601-INV-084488,3,1,2026-10-01,2026-12-31,0.0,USD,2026-10-01,DAC-1601,Gates Foundation,60,,,VillageReach,,
DAC-1601-INV-084488,4,1,2027-01-01,2027-03-31,0.0,USD,2027-01-01,DAC-1601,Gates Foundation,60,,,VillageReach,,
DAC-1601-INV-084488,5,1,2027-04-01,2027-06-30,0.0,USD,2027-04-01,DAC-1601,Gates Foundation,60,,,VillageReach,,
DAC-1601-INV-084488,6,1,2027-07-01,2027-09-30,0.0,USD,2027-07-01,DAC-1601,Gates Foundation,60,,,VillageReach,,
DAC-1601-INV-084488,7,1,2027-10-01,2027-12-31,0.0,USD,2027-10-01,DAC-1601,Gates Foundation,60,,,VillageReach,,
DAC-1601-INV-092251,0,1,2026-01-01,2026-03-31,0.0,USD,2026-01-01,DAC-1601,Gates Foundation,60,,,VillageReach,,
DAC-1601-INV-092251,1,1,2026-04-01,2026-06-30,0.0,USD,2026-04-01,DAC-1601,Gates Foundation,60,,,VillageReach,,
DAC-1601-INV-092251,2,1,2026-07-01,2026-09-30,0.0,USD,2026-07-01,DAC-1601,Gates Foundation,60,,,VillageReach,,
DAC-1601-INV-092251,3,1,2026-10-01,2026-12-31,0.0,USD,2026-10-01,DAC-1601,Gates Foundation,60,,,VillageReach,,
DAC-1601-INV-092251,4,1,2027-01-01,2027-03-31,0.0,USD,2027-01-01,DAC-1601,Gates Foundation,60,,,VillageReach,,
DAC-1601-INV-092251,5,1,2027-04-01,2027-06-30,0.0,USD,2027-04-01,DAC-1601,Gates Foundation,60,,,VillageReach,,
DAC-1601-INV-092251,6,1,2027-07-01,2027-09-30,0.0,USD,2027-07-01,DAC-1601,Gates Foundation,60,,,VillageReach,,
DAC-1601-INV-092251,7,1,2027-10-01,2027-12-31,0.0,USD,2027-10-01,DAC-1601,Gates Foundation,60,,,VillageReach,,
DAC-1601-INV-101607,0,1,2026-01-01,2026-03-31,0.0,USD,2026-01-01,DAC-1601,Gates Foundation,60,,,VillageReach,,
DAC-1601-INV-101607,1,1,2026-04-01,2026-06-30,0.0,USD,2026-04-01,DAC-1601,Gates Foundation,60,,,VillageReach,,
DAC-1601-INV-101607,2,1,2026-07-01,2026-09-30,0.0,USD,2026-07-01,DAC-1601,Gates Foundation,60,,,VillageReach,,
DAC-1601-INV-101607,3,1,2026-10-01,2026-12-31,0.0,USD,2026-10-01,DAC-1601,Gates Foundation,60,,,VillageReach,,
DAC-1601-INV-101607,4,1,2027-01-01,2027-03-31,0.0,USD,2027-01-01,DAC-1601,Gates Foundation,60,,,VillageReach,,
DAC-1601-INV-101607,5,1,2027-04-01,2027-06-30,0.0,USD,2027-04-01,DAC-1601,Gates Foundation,60,,,VillageReach,,
DAC-1601-INV-101607,6,1,2027-07-01,2027-09-30,0.0,USD,2027-07-01,DAC-1601,Gates Foundation,60,,,VillageReach,,
DAC-1601-INV-101607,7,1,2027-10-01,2027-12-31,0.0,USD,2027-10-01,DAC-1601,Gates Foundation,60,,,VillageReach,,
DAC-1601-INV-031353,0,1,2026-01-01,2026-03-31,0.0,USD,2026-01-01,DAC-1601,Gates Foundation,60,,,Institute of Tropical Medicine,,
DAC-1601-INV-031353,1,1,2026-04-01,2026-06-30,0.0,USD,2026-04-01,DAC-1601,Gates Foundation,60,,,Institute of Tropical Medicine,,
DAC-1601-INV-031353,2,1,2026-07-01,2026-09-30,0.0,USD,2026-07-01,DAC-1601,Gates Foundation,60,,,Institute of Tropical Medicine,,
DAC-1601-INV-031353,3,1,2026-10-01,2026-12-31,0.0,USD,2026-10-01,DAC-1601,Gates Foundation,60,,,Institute of Tropical Medicine,,
DAC-1601-INV-031353,4,1,2027-01-01,2027-03-31,0.0,USD,2027-01-01,DAC-1601,Gates Foundation,60,,,Institute of Tropical Medicine,,
DAC-1601-INV-031353,5,1,2027-04-01,2027-06-30,0.0,USD,2027-04-01,DAC-1601,Gates Foundation,60,,,Institute of Tropical Medicine,,
DAC-1601-INV-031353,6,1,2027-07-01,2027-09-30,0.0,USD,2027-07-01,DAC-1601,Gates Foundation,60,,,Institute of Tropical Medicine,,
DAC-1601-INV-031353,7,1,2027-10-01,2027-12-31,0.0,USD,2027-10-01,DAC-1601,Gates Foundation,60,,,Institute of Tropical Medicine,,
DAC-1601-INV-090281,0,1,2026-01-01,2026-03-31,0.0,USD,2026-01-01,DAC-1601,Gates Foundation,60,,,Institut National de Recherche Biomédicale (INRB),,
DAC-1601-INV-090281,1,1,2026-04-01,2026-06-30,195117.0,USD,2026-04-01,DAC-1601,Gates Foundation,60,,,Institut National de Recherche Biomédicale (INRB),,
DAC-1601-INV-090281,2,1,2026-07-01,2026-09-30,0.0,USD,2026-07-01,DAC-1601,Gates Foundation,60,,,Institut National de Recherche Biomédicale (INRB),,
DAC-1601-INV-090281,3,1,2026-10-01,2026-12-31,0.0,USD,2026-10-01,DAC-1601,Gates Foundation,60,,,Institut National de Recherche Biomédicale (INRB),,
DAC-1601-INV-090281,4,1,2027-01-01,2027-03-31,0.0,USD,2027-01-01,DAC-1601,Gates Foundation,60,,,Institut National de Recherche Biomédicale (INRB),,
DAC-1601-INV-090281,5,1,2027-04-01,2027-06-30,0.0,USD,2027-04-01,DAC-1601,Gates Foundation,60,,,Institut National de Recherche Biomédicale (INRB),,
DAC-1601-INV-090281,6,1,2027-07-01,2027-09-30,0.0,USD,2027-07-01,DAC-1601,Gates Foundation,60,,,Institut National de Recherche Biomédicale (INRB),,
DAC-1601-INV-090281,7,1,2027-10-01,2027-12-31,0.0,USD,2027-10-01,DAC-1601,Gates Foundation,60,,,Institut National de Recherche Biomédicale (INRB),,
DAC-1601-INV-092934,0,1,2026-01-01,2026-03-31,0.0,USD,2026-01-01,DAC-1601,Gates Foundation,60,,,Institut National de Recherche Biomédicale (INRB),,
DAC-1601-INV-092934,1,1,2026-04-01,2026-06-30,0.0,USD,2026-04-01,DAC-1601,Gates Foundation,60,,,Institut National de Recherche Biomédicale (INRB),,
DAC-1601-INV-092934,2,1,2026-07-01,2026-09-30,0.0,USD,2026-07-01,DAC-1601,Gates Foundation,60,,,Institut National de Recherche Biomédicale (INRB),,
DAC-1601-INV-092934,3,1,2026-10-01,2026-12-31,0.0,USD,2026-10-01,DAC-1601,Gates Foundation,60,,,Institut National de Recherche Biomédicale (INRB),,
DAC-1601-INV-092934,4,1,2027-01-01,2027-03-31,0.0,USD,2027-01-01,DAC-1601,Gates Foundation,60,,,Institut National de Recherche Biomédicale (INRB),,
DAC-1601-INV-092934,5,1,2027-04-01,2027-06-30,0.0,USD,2027-04-01,DAC-1601,Gates Foundation,60,,,Institut National de Recherche Biomédicale (INRB),,
DAC-1601-INV-092934,6,1,2027-07-01,2027-09-30,0.0,USD,2027-07-01,DAC-1601,Gates Foundation,60,,,Institut National de Recherche Biomédicale (INRB),,
DAC-1601-INV-092934,7,1,2027-10-01,2027-12-31,0.0,USD,2027-10-01,DAC-1601,Gates Foundation,60,,,Institut National de Recherche Biomédicale (INRB),,
DAC-1601-INV-062382,0,1,2026-01-01,2026-03-31,0.0,USD,2026-01-01,DAC-1601,Gates Foundation,60,,,St. Paul’s Hospital Millennium Medical College,,
DAC-1601-INV-062382,1,1,2026-04-01,2026-06-30,0.0,USD,2026-04-01,DAC-1601,Gates Foundation,60,,,St. Paul’s Hospital Millennium Medical College,,
DAC-1601-INV-062382,2,1,2026-07-01,2026-09-30,189020.0,USD,2026-07-01,DAC-1601,Gates Foundation,60,,,St. Paul’s Hospital Millennium Medical College,,
DAC-1601-INV-062382,3,1,2026-10-01,2026-12-31,0.0,USD,2026-10-01,DAC-1601,Gates Foundation,60,,,St. Paul’s Hospital Millennium Medical College,,
DAC-1601-INV-062382,4,1,2027-01-01,2027-03-31,0.0,USD,2027-01-01,DAC-1601,Gates Foundation,60,,,St. Paul’s Hospital Millennium Medical College,,
DAC-1601-INV-062382,5,1,2027-04-01,2027-06-30,0.0,USD,2027-04-01,DAC-1601,Gates Foundation,60,,,St. Paul’s Hospital Millennium Medical College,,
DAC-1601-INV-062382,6,1,2027-07-01,2027-09-30,0.0,USD,2027-07-01,DAC-1601,Gates Foundation,60,,,St. Paul’s Hospital Millennium Medical College,,
DAC-1601-INV-062382,7,1,2027-10-01,2027-12-31,0.0,USD,2027-10-01,DAC-1601,Gates Foundation,60,,,St. Paul’s Hospital Millennium Medical College,,
XM-DAC-41122-Democratic Republic of Congo-0990/A0/05/301/019,0,2,2012-01-01,2012-12-31,363935.0,USD,2026-07-31,XM-DAC-41122,,40,,,,,
XM-DAC-41122-Democratic Republic of Congo-0990/A0/05/301/013,0,2,2012-01-01,2012-12-31,87905.0,USD,2026-07-31,XM-DAC-41122,,40,,,,,
XM-DAC-41122-Ethiopia-1410/A0/05/101/012,0,2,2012-01-01,2012-12-31,743168.0,USD,2026-07-31,XM-DAC-41122,,40,,,,,
XM-DAC-41122-Ethiopia-1410/A0/05/101/012,1,2,2013-01-01,2013-12-31,481346.0,USD,2026-07-31,XM-DAC-41122,,40,,,,,
XM-DAC-41122-Ethiopia-1410/A0/05/101/012,2,2,2014-01-01,2014-12-31,4279.0,USD,2026-07-31,XM-DAC-41122,,40,,,,,
XM-DAC-41122-Ethiopia-1410/A0/05/101/012,3,2,2015-01-01,2015-12-31,6.0,USD,2026-07-31,XM-DAC-41122,,40,,,,,
XM-DAC-41122-Democratic Republic of Congo-0990/A0/05/301/002,0,2,2012-01-01,2012-12-31,2775754.0,USD,2026-07-31,XM-DAC-41122,,40,,,,,
XM-DAC-41122-Somalia-3920/A0/06/101/010,0,2,2017-01-01,2017-12-31,13848096.0,USD,2026-07-31,XM-DAC-41122,,40,,,,,
XM-DAC-41122-Somalia-3920/A0/06/101/010,1,2,2016-01-01,2016-12-31,6327516.0,USD,2026-07-31,XM-DAC-41122,,40,,,,,
XM-DAC-41122-Somalia-3920/A0/06/101/010,2,2,2015-01-01,2015-12-31,5721778.0,USD,2026-07-31,XM-DAC-41122,,40,,,,,
XM-DAC-41122-Somalia-3920/A0/06/101/010,3,2,2014-01-01,2014-12-31,3439899.0,USD,2026-07-31,XM-DAC-41122,,40,,,,,
KR-GOV-010-KR-GOV-051-2024040103055,0,1,2026-01-01,2026-12-31,71169681.0,KRW,2026-06-30,KR-GOV-051,Korea International Cooperation Agency,10,KR-GOV-010-KR-GOV-051-2024040103055,,,,
XM-DAC-41122-United Rep. of Tanzania-4550/A0/04/101/002,0,2,2015-01-01,2015-12-31,836267.0,USD,2026-07-31,XM-DAC-41122,,40,,,,,
XM-DAC-41122-United Rep. of Tanzania-4550/A0/04/101/002,1,2,2014-01-01,2014-12-31,1162584.0,USD,2026-07-31,XM-DAC-41122,,40,,,,,
XM-DAC-41122-United Rep. of Tanzania-4550/A0/04/101/002,2,2,2012-01-01,2012-12-31,9789.0,USD,2026-07-31,XM-DAC-41122,,40,,,,,
XM-DAC-41122-United Rep. of Tanzania-4550/A0/04/101/002,3,2,2013-01-01,2013-12-31,1044291.0,USD,2026-07-31,XM-DAC-41122,,40,,,,,
XM-DAC-41122-United Rep. of Tanzania-4550/A0/04/706/008,0,2,2012-01-01,2012-12-31,9863.0,USD,2026-07-31,XM-DAC-41122,,40,,,,,
XM-DAC-41122-Somalia-3920/A0/06/005/013,0,2,2015-01-01,2015-12-31,500000.0,USD,2026-07-31,XM-DAC-41122,,40,,,,,
XM-DAC-41122-Somalia-3920/A0/06/005/013,1,2,2014-01-01,2014-12-31,500000.0,USD,2026-07-31,XM-DAC-41122,,40,,,,,
XM-DAC-41122-Somalia-3920/A0/06/005/013,2,2,2013-01-01,2013-12-31,500000.0,USD,2026-07-31,XM-DAC-41122,,40,,,,,
XM-DAC-41122-Somalia-3920/A0/06/005/013,3,2,2012-01-01,2012-12-31,94117.0,USD,2026-07-31,XM-DAC-41122,,40,,,,,
XI-IATI-EC_INTPA-2023-PC-23088,0,1,2026-04-01,2026-04-30,210000.0,,2026-01-01,,European Commission - Directorate General for International Partnerships,15,XI-IATI-EC_INTPA-2023-PC-23088,,INTERNATIONAL NGO,,
XI-IATI-EC_INTPA-2024-PC-34021,0,1,2026-11-01,2026-11-30,180000.0,,2026-01-01,,European Commission - Directorate General for International Partnerships,15,XI-IATI-EC_INTPA-2024-PC-34021,,Other public entities in recipient country,,
XI-IATI-EC_INTPA-2025-PC-60498,0,1,2026-03-01,2026-03-31,34650.0,,2026-01-01,,European Commission - Directorate General for International Partnerships,15,XI-IATI-EC_INTPA-2025-PC-60498,,INTERNATIONAL NGO,,
XI-IATI-EC_INTPA-2024-PC-35685,0,1,2026-02-01,2026-02-28,1332385.32,,2026-01-01,,European Commission - Directorate General for International Partnerships,15,XI-IATI-EC_INTPA-2024-PC-35685,,Other public entities in recipient country,,
XI-IATI-EC_INTPA-2024-PC-37007,0,1,2026-03-01,2026-03-31,233236.8,,2026-01-01,,European Commission - Directorate General for International Partnerships,15,XI-IATI-EC_INTPA-2024-PC-37007,,Save the Children,,
XI-IATI-EC_INTPA-2024-PC-37007,1,1,2026-11-01,2026-11-30,240000.0,,2026-01-01,,European Commission - Directorate General for International Partnerships,15,XI-IATI-EC_INTPA-2024-PC-37007,,Save the Children,,
XI-IATI-EC_INTPA-2024-PC-40209,0,1,2026-11-01,2026-11-30,1073331.75,,2026-01-01,,European Commission - Directorate General for International Partnerships,15,XI-IATI-EC_INTPA-2024-PC-40209,,Other public entities in recipient country,,
XI-IATI-EC_INTPA-2024-PC-23230,0,1,2026-11-01,2026-11-30,149100.0,,2026-01-01,,European Commission - Directorate General for International Partnerships,15,XI-IATI-EC_INTPA-2024-PC-23230,,Other public entities in recipient country,,
XI-IATI-EC_INTPA-2024-PC-23230,1,1,2026-03-01,2026-03-31,341507.0,,2026-01-01,,European Commission - Directorate General for International Partnerships,15,XI-IATI-EC_INTPA-2024-PC-23230,,Other public entities in recipient country,,
XI-IATI-EC_INTPA-2023-PC-26414,0,1,2026-04-01,2026-04-30,747414.375,,2026-01-01,,European Commission - Directorate General for International Partnerships,15,XI-IATI-EC_INTPA-2023-PC-26414,,Other public entities in recipient country,,
XI-IATI-EC_INTPA-2024-PC-35800,0,1,2026-08-01,2026-08-31,225000.0,,2026-01-01,,European Commission - Directorate General for International Partnerships,15,XI-IATI-EC_INTPA-2024-PC-35800,,Other public entities in recipient country,,
XI-IATI-EC_INTPA-2024-PC-35800,1,1,2026-03-01,2026-03-31,769170.2,,2026-01-01,,European Commission - Directorate General for International Partnerships,15,XI-IATI-EC_INTPA-2024-PC-35800,,Other public entities in recipient country,,
DAC-1601-INV-060359,0,1,2026-01-01,2026-03-31,0.0,USD,2026-01-01,DAC-1601,Gates Foundation,60,,,Sanru Asbl,,
DAC-1601-INV-060359,1,1,2026-04-01,2026-06-30,0.0,USD,2026-04-01,DAC-1601,Gates Foundation,60,,,Sanru Asbl,,
DAC-1601-INV-060359,2,1,2026-07-01,2026-09-30,0.0,USD,2026-07-01,DAC-1601,Gates Foundation,60,,,Sanru Asbl,,
DAC-1601-INV-060359,3,1,2026-10-01,2026-12-31,0.0,USD,2026-10-01,DAC-1601,Gates Foundation,60,,,Sanru Asbl,,
DAC-1601-INV-060359,4,1,2027-01-01,2027-03-31,0.0,USD,2027-01-01,DAC-1601,Gates Foundation,60,,,Sanru Asbl,,
DAC-1601-INV-060359,5,1,2027-04-01,2027-06-30,0.0,USD,2027-04-01,DAC-1601,Gates Foundation,60,,,Sanru Asbl,,
DAC-1601-INV-060359,6,1,2027-07-01,2027-09-30,0.0,USD,2027-07-01,DAC-1601,Gates Foundation,60,,,Sanru Asbl,,
DAC-1601-INV-060359,7,1,2027-10-01,2027-12-31,0.0,USD,2027-10-01,DAC-1601,Gates Foundation,60,,,Sanru Asbl,,
DAC-1601-INV-054534,0,1,2026-01-01,2026-03-31,0.0,USD,2026-01-01,DAC-1601,Gates Foundation,60,,,VillageReach,,
DAC-1601-INV-054534,1,1,2026-04-01,2026-06-30,0.0,USD,2026-04-01,DAC-1601,Gates Foundation,60,,,VillageReach,,
DAC-1601-INV-054534,2,1,2026-07-01,2026-09-30,0.0,USD,2026-07-01,DAC-1601,Gates Foundation,60,,,VillageReach,,
DAC-1601-INV-054534,3,1,2026-10-01,2026-12-31,0.0,USD,2026-10-01,DAC-1601,Gates Foundation,60,,,VillageReach,,
DAC-1601-INV-054534,4,1,2027-01-01,2027-03-31,0.0,USD,2027-01-01,DAC-1601,Gates Foundation,60,,,VillageReach,,
DAC-1601-INV-054534,5,1,2027-04-01,2027-06-30,0.0,USD,2027-04-01,DAC-1601,Gates Foundation,60,,,VillageReach,,
DAC-1601-INV-054534,6,1,2027-07-01,2027-09-30,0.0,USD,2027-07-01,DAC-1601,Gates Foundation,60,,,VillageReach,,
DAC-1601-INV-054534,7,1,2027-10-01,2027-12-31,0.0,USD,2027-10-01,DAC-1601,Gates Foundation,60,,,VillageReach,,
DAC-1601-INV-075108,0,1,2026-01-01,2026-03-31,0.0,USD,2026-01-01,DAC-1601,Gates Foundation,60,,,VillageReach,,
DAC-1601-INV-075108,1,1,2026-04-01,2026-06-30,0.0,USD,2026-04-01,DAC-1601,Gates Foundation,60,,,VillageReach,,
DAC-1601-INV-075108,2,1,2026-07-01,2026-09-30,0.0,USD,2026-07-01,DAC-1601,Gates Foundation,60,,,VillageReach,,
DAC-1601-INV-075108,3,1,2026-10-01,2026-12-31,0.0,USD,2026-10-01,DAC-1601,Gates Foundation,60,,,VillageReach,,
DAC-1601-INV-075108,4,1,2027-01-01,2027-03-31,0.0,USD,2027-01-01,DAC-1601,Gates Foundation,60,,,VillageReach,,
DAC-1601-INV-075108,5,1,2027-04-01,2027-06-30,0.0,USD,2027-04-01,DAC-1601,Gates Foundation,60,,,VillageReach,,
DAC-1601-INV-075108,6,1,2027-07-01,2027-09-30,0.0,USD,2027-07-01,DAC-1601,Gates Foundation,60,,,VillageReach,,
DAC-1601-INV-075108,7,1,2027-10-01,2027-12-31,0.0,USD,2027-10-01,DAC-1601,Gates Foundation,60,,,VillageReach,,
CA-3-P007987001,0,,2026-04-01,2027-03-31,203021.0,,2022-01-28,,,,,,,,
XM-DAC-41122-Democratic Republic of Congo-0990/A0/05/301/021,0,2,2012-01-01,2012-12-31,14282064.0,USD,2026-07-31,XM-DAC-41122,,40,,,,,
KR-GOV-010-KR-GOV-051-2026030702425,0,1,2026-01-01,2026-12-31,0.0,KRW,2026-06-30,KR-GOV-051,Korea International Cooperation Agency,10,KR-GOV-010-KR-GOV-051-2026030702425,,,,
DAC-1601-INV-071789,0,1,2026-01-01,2026-03-31,0.0,USD,2026-01-01,DAC-1601,Gates Foundation,60,,,Muhimbili University of Health and Allied Sciences,,
DAC-1601-INV-071789,1,1,2026-04-01,2026-06-30,0.0,USD,2026-04-01,DAC-1601,Gates Foundation,60,,,Muhimbili University of Health and Allied Sciences,,
DAC-1601-INV-071789,2,1,2026-07-01,2026-09-30,0.0,USD,2026-07-01,DAC-1601,Gates Foundation,60,,,Muhimbili University of Health and Allied Sciences,,
DAC-1601-INV-071789,3,1,2026-10-01,2026-12-31,154438.0,USD,2026-10-01,DAC-1601,Gates Foundation,60,,,Muhimbili University of Health and Allied Sciences,,
DAC-1601-INV-071789,4,1,2027-01-01,2027-03-31,0.0,USD,2027-01-01,DAC-1601,Gates Foundation,60,,,Muhimbili University of Health and Allied Sciences,,
DAC-1601-INV-071789,5,1,2027-04-01,2027-06-30,0.0,USD,2027-04-01,DAC-1601,Gates Foundation,60,,,Muhimbili University of Health and Allied Sciences,,
DAC-1601-INV-071789,6,1,2027-07-01,2027-09-30,0.0,USD,2027-07-01,DAC-1601,Gates Foundation,60,,,Muhimbili University of Health and Allied Sciences,,
DAC-1601-INV-071789,7,1,2027-10-01,2027-12-31,0.0,USD,2027-10-01,DAC-1601,Gates Foundation,60,,,Muhimbili University of Health and Allied Sciences,,
KR-GOV-010-KR-GOV-051-2025040102900,0,1,2026-01-01,2026-12-31,0.0,KRW,2026-06-30,KR-GOV-051,Korea International Cooperation Agency,10,KR-GOV-010-KR-GOV-051-2025040102900,,,,
DAC-1601-INV-064271,0,1,2026-01-01,2026-03-31,0.0,USD,2026-01-01,DAC-1601,Gates Foundation,60,,,National Council for Science and Technology,,
DAC-1601-INV-064271,1,1,2026-04-01,2026-06-30,0.0,USD,2026-04-01,DAC-1601,Gates Foundation,60,,,National Council for Science and Technology,,
DAC-1601-INV-064271,2,1,2026-07-01,2026-09-30,0.0,USD,2026-07-01,DAC-1601,Gates Foundation,60,,,National Council for Science and Technology,,
DAC-1601-INV-064271,3,1,2026-10-01,2026-12-31,0.0,USD,2026-10-01,DAC-1601,Gates Foundation,60,,,National Council for Science and Technology,,
DAC-1601-INV-064271,4,1,2027-01-01,2027-03-31,0.0,USD,2027-01-01,DAC-1601,Gates Foundation,60,,,National Council for Science and Technology,,
DAC-1601-INV-064271,5,1,2027-04-01,2027-06-30,0.0,USD,2027-04-01,DAC-1601,Gates Foundation,60,,,National Council for Science and Technology,,
DAC-1601-INV-064271,6,1,2027-07-01,2027-09-30,0.0,USD,2027-07-01,DAC-1601,Gates Foundation,60,,,National Council for Science and Technology,,
DAC-1601-INV-064271,7,1,2027-10-01,2027-12-31,0.0,USD,2027-10-01,DAC-1601,Gates Foundation,60,,,National Council for Science and Technology,,
DAC-1601-INV-089064,0,1,2026-01-01,2026-03-31,1187500.0,USD,2026-01-01,DAC-1601,Gates Foundation,60,,,Centre for the Fourth Industrial Revolution,,
DAC-1601-INV-089064,1,1,2026-04-01,2026-06-30,0.0,USD,2026-04-01,DAC-1601,Gates Foundation,60,,,Centre for the Fourth Industrial Revolution,,
DAC-1601-INV-089064,2,1,2026-07-01,2026-09-30,0.0,USD,2026-07-01,DAC-1601,Gates Foundation,60,,,Centre for the Fourth Industrial Revolution,,
DAC-1601-INV-089064,3,1,2026-10-01,2026-12-31,2685487.0,USD,2026-10-01,DAC-1601,Gates Foundation,60,,,Centre for the Fourth Industrial Revolution,,
DAC-1601-INV-089064,4,1,2027-01-01,2027-03-31,0.0,USD,2027-01-01,DAC-1601,Gates Foundation,60,,,Centre for the Fourth Industrial Revolution,,
DAC-1601-INV-089064,5,1,2027-04-01,2027-06-30,0.0,USD,2027-04-01,DAC-1601,Gates Foundation,60,,,Centre for the Fourth Industrial Revolution,,
DAC-1601-INV-089064,6,1,2027-07-01,2027-09-30,0.0,USD,2027-07-01,DAC-1601,Gates Foundation,60,,,Centre for the Fourth Industrial Revolution,,
DAC-1601-INV-089064,7,1,2027-10-01,2027-12-31,2080318.0,USD,2027-10-01,DAC-1601,Gates Foundation,60,,,Centre for the Fourth Industrial Revolution,,
DAC-1601-INV-061342,0,1,2026-01-01,2026-03-31,0.0,USD,2026-01-01,DAC-1601,Gates Foundation,60,,,Clinton Health Access Initiative Inc,,
DAC-1601-INV-061342,1,1,2026-04-01,2026-06-30,0.0,USD,2026-04-01,DAC-1601,Gates Foundation,60,,,Clinton Health Access Initiative Inc,,
DAC-1601-INV-061342,2,1,2026-07-01,2026-09-30,0.0,USD,2026-07-01,DAC-1601,Gates Foundation,60,,,Clinton Health Access Initiative Inc,,
DAC-1601-INV-061342,3,1,2026-10-01,2026-12-31,0.0,USD,2026-10-01,DAC-1601,Gates Foundation,60,,,Clinton Health Access Initiative Inc,,
DAC-1601-INV-061342,4,1,2027-01-01,2027-03-31,0.0,USD,2027-01-01,DAC-1601,Gates Foundation,60,,,Clinton Health Access Initiative Inc,,
DAC-1601-INV-061342,5,1,2027-04-01,2027-06-30,0.0,USD,2027-04-01,DAC-1601,Gates Foundation,60,,,Clinton Health Access Initiative Inc,,
DAC-1601-INV-061342,6,1,2027-07-01,2027-09-30,0.0,USD,2027-07-01,DAC-1601,Gates Foundation,60,,,Clinton Health Access Initiative Inc,,
DAC-1601-INV-061342,7,1,2027-10-01,2027-12-31,0.0,USD,2027-10-01,DAC-1601,Gates Foundation,60,,,Clinton Health Access Initiative Inc,,
DAC-1601-INV-074124,0,1,2026-01-01,2026-03-31,0.0,USD,2026-01-01,DAC-1601,Gates Foundation,60,,,"CausalFoundry, Inc.",,
DAC-1601-INV-074124,1,1,2026-04-01,2026-06-30,0.0,USD,2026-04-01,DAC-1601,Gates Foundation,60,,,"CausalFoundry, Inc.",,
DAC-1601-INV-074124,2,1,2026-07-01,2026-09-30,0.0,USD,2026-07-01,DAC-1601,Gates Foundation,60,,,"CausalFoundry, Inc.",,
DAC-1601-INV-074124,3,1,2026-10-01,2026-12-31,0.0,USD,2026-10-01,DAC-1601,Gates Foundation,60,,,"CausalFoundry, Inc.",,
DAC-1601-INV-074124,4,1,2027-01-01,2027-03-31,0.0,USD,2027-01-01,DAC-1601,Gates Foundation,60,,,"CausalFoundry, Inc.",,
DAC-1601-INV-074124,5,1,2027-04-01,2027-06-30,0.0,USD,2027-04-01,DAC-1601,Gates Foundation,60,,,"CausalFoundry, Inc.",,
DAC-1601-INV-074124,6,1,2027-07-01,2027-09-30,0.0,USD,2027-07-01,DAC-1601,Gates Foundation,60,,,"CausalFoundry, Inc.",,
DAC-1601-INV-074124,7,1,2027-10-01,2027-12-31,0.0,USD,2027-10-01,DAC-1601,Gates Foundation,60,,,"CausalFoundry, Inc.",,
DAC-1601-INV-087492,0,1,2026-01-01,2026-03-31,0.0,USD,2026-01-01,DAC-1601,Gates Foundation,60,,,Rwanda Medical Supply (RMS) Ltd,,
DAC-1601-INV-087492,1,1,2026-04-01,2026-06-30,0.0,USD,2026-04-01,DAC-1601,Gates Foundation,60,,,Rwanda Medical Supply (RMS) Ltd,,
DAC-1601-INV-087492,2,1,2026-07-01,2026-09-30,0.0,USD,2026-07-01,DAC-1601,Gates Foundation,60,,,Rwanda Medical Supply (RMS) Ltd,,
DAC-1601-INV-087492,3,1,2026-10-01,2026-12-31,0.0,USD,2026-10-01,DAC-1601,Gates Foundation,60,,,Rwanda Medical Supply (RMS) Ltd,,
DAC-1601-INV-087492,4,1,2027-01-01,2027-03-31,0.0,USD,2027-01-01,DAC-1601,Gates Foundation,60,,,Rwanda Medical Supply (RMS) Ltd,,
DAC-1601-INV-087492,5,1,2027-04-01,2027-06-30,0.0,USD,2027-04-01,DAC-1601,Gates Foundation,60,,,Rwanda Medical Supply (RMS) Ltd,,
DAC-1601-INV-087492,6,1,2027-07-01,2027-09-30,0.0,USD,2027-07-01,DAC-1601,Gates Foundation,60,,,Rwanda Medical Supply (RMS) Ltd,,
DAC-1601-INV-087492,7,1,2027-10-01,2027-12-31,0.0,USD,2027-10-01,DAC-1601,Gates Foundation,60,,,Rwanda Medical Supply (RMS) Ltd,,
DAC-1601-INV-093227,0,1,2026-01-01,2026-03-31,0.0,USD,2026-01-01,DAC-1601,Gates Foundation,60,,,World Health Organization,,
DAC-1601-INV-093227,1,1,2026-04-01,2026-06-30,0.0,USD,2026-04-01,DAC-1601,Gates Foundation,60,,,World Health Organization,,
DAC-1601-INV-093227,2,1,2026-07-01,2026-09-30,0.0,USD,2026-07-01,DAC-1601,Gates Foundation,60,,,World Health Organization,,
DAC-1601-INV-093227,3,1,2026-10-01,2026-12-31,0.0,USD,2026-10-01,DAC-1601,Gates Foundation,60,,,World Health Organization,,
DAC-1601-INV-093227,4,1,2027-01-01,2027-03-31,0.0,USD,2027-01-01,DAC-1601,Gates Foundation,60,,,World Health Organization,,
DAC-1601-INV-093227,5,1,2027-04-01,2027-06-30,0.0,USD,2027-04-01,DAC-1601,Gates Foundation,60,,,World Health Organization,,
DAC-1601-INV-093227,6,1,2027-07-01,2027-09-30,0.0,USD,2027-07-01,DAC-1601,Gates Foundation,60,,,World Health Organization,,
DAC-1601-INV-093227,7,1,2027-10-01,2027-12-31,0.0,USD,2027-10-01,DAC-1601,Gates Foundation,60,,,World Health Organization,,
CA-3-P011788001,0,,2026-04-01,2027-03-31,3928746.0,,2023-05-23,,,,,,,,
CA-3-P011788001,1,,2027-04-01,2028-03-31,2234333.0,,2023-05-23,,,,,,,,
CA-3-P011788001,2,,2028-04-01,2029-03-31,248096.0,,2023-05-23,,,,,,,,
DAC-1601-INV-091791,0,1,2026-01-01,2026-03-31,0.0,USD,2026-01-01,DAC-1601,Gates Foundation,60,,,United States Fund for UNICEF,,
DAC-1601-INV-091791,1,1,2026-04-01,2026-06-30,0.0,USD,2026-04-01,DAC-1601,Gates Foundation,60,,,United States Fund for UNICEF,,
DAC-1601-INV-091791,2,1,2026-07-01,2026-09-30,1000000.0,USD,2026-07-01,DAC-1601,Gates Foundation,60,,,United States Fund for UNICEF,,
DAC-1601-INV-091791,3,1,2026-10-01,2026-12-31,0.0,USD,2026-10-01,DAC-1601,Gates Foundation,60,,,United States Fund for UNICEF,,
DAC-1601-INV-091791,4,1,2027-01-01,2027-03-31,718745.0,USD,2027-01-01,DAC-1601,Gates Foundation,60,,,United States Fund for UNICEF,,
DAC-1601-INV-091791,5,1,2027-04-01,2027-06-30,0.0,USD,2027-04-01,DAC-1601,Gates Foundation,60,,,United States Fund for UNICEF,,
DAC-1601-INV-091791,6,1,2027-07-01,2027-09-30,0.0,USD,2027-07-01,DAC-1601,Gates Foundation,60,,,United States Fund for UNICEF,,
DAC-1601-INV-091791,7,1,2027-10-01,2027-12-31,0.0,USD,2027-10-01,DAC-1601,Gates Foundation,60,,,United States Fund for UNICEF,,
XM-DAC-41122-Rwanda-3750/A0/05/100/003,0,2,2015-01-01,2015-12-31,1173930.0,USD,2026-07-31,XM-DAC-41122,,40,,,,,
XM-DAC-41122-Rwanda-3750/A0/05/100/003,1,2,2016-01-01,2016-12-31,1248983.0,USD,2026-07-31,XM-DAC-41122,,40,,,,,
XM-DAC-41122-Rwanda-3750/A0/05/100/003,2,2,2017-01-01,2017-12-31,1876630.0,USD,2026-07-31,XM-DAC-41122,,40,,,,,
XM-DAC-41122-Rwanda-3750/A0/05/100/003,3,2,2018-01-01,2018-12-31,838713.0,USD,2026-07-31,XM-DAC-41122,,40,,,,,
XM-DAC-41122-South Sudan-4040/A0/01/001/002,0,2,2015-01-01,2015-12-31,900000.0,USD,2026-07-31,XM-DAC-41122,,40,,,,,
XM-DAC-41122-South Sudan-4040/A0/01/001/002,1,2,2014-01-01,2014-12-31,2605973.0,USD,2026-07-31,XM-DAC-41122,,40,,,,,
XM-DAC-41122-South Sudan-4040/A0/01/001/002,2,2,2013-01-01,2013-12-31,5350105.0,USD,2026-07-31,XM-DAC-41122,,40,,,,,
XM-DAC-41122-South Sudan-4040/A0/01/001/002,3,2,2012-01-01,2012-12-31,3907911.0,USD,2026-07-31,XM-DAC-41122,,40,,,,,
XM-DAC-41122-South Sudan-4040/A0/01/001/002,4,2,2016-01-01,2016-12-31,475000.0,USD,2026-07-31,XM-DAC-41122,,40,,,,,
DAC-1601-INV-060797,0,1,2026-01-01,2026-03-31,0.0,USD,2026-01-01,DAC-1601,Gates Foundation,60,,,The George Washington University,,
DAC-1601-INV-060797,1,1,2026-04-01,2026-06-30,0.0,USD,2026-04-01,DAC-1601,Gates Foundation,60,,,The George Washington University,,
DAC-1601-INV-060797,2,1,2026-07-01,2026-09-30,0.0,USD,2026-07-01,DAC-1601,Gates Foundation,60,,,The George Washington University,,
DAC-1601-INV-060797,3,1,2026-10-01,2026-12-31,0.0,USD,2026-10-01,DAC-1601,Gates Foundation,60,,,The George Washington University,,
DAC-1601-INV-060797,4,1,2027-01-01,2027-03-31,0.0,USD,2027-01-01,DAC-1601,Gates Foundation,60,,,The George Washington University,,
DAC-1601-INV-060797,5,1,2027-04-01,2027-06-30,0.0,USD,2027-04-01,DAC-1601,Gates Foundation,60,,,The George Washington University,,
DAC-1601-INV-060797,6,1,2027-07-01,2027-09-30,0.0,USD,2027-07-01,DAC-1601,Gates Foundation,60,,,The George Washington University,,
DAC-1601-INV-060797,7,1,2027-10-01,2027-12-31,0.0,USD,2027-10-01,DAC-1601,Gates Foundation,60,,,The George Washington University,,
DAC-1601-INV-050252,0,1,2026-01-01,2026-03-31,0.0,USD,2026-01-01,DAC-1601,Gates Foundation,60,,,PATH,,
DAC-1601-INV-050252,1,1,2026-04-01,2026-06-30,0.0,USD,2026-04-01,DAC-1601,Gates Foundation,60,,,PATH,,
DAC-1601-INV-050252,2,1,2026-07-01,2026-09-30,0.0,USD,2026-07-01,DAC-1601,Gates Foundation,60,,,PATH,,
DAC-1601-INV-050252,3,1,2026-10-01,2026-12-31,0.0,USD,2026-10-01,DAC-1601,Gates Foundation,60,,,PATH,,
DAC-1601-INV-050252,4,1,2027-01-01,2027-03-31,0.0,USD,2027-01-01,DAC-1601,Gates Foundation,60,,,PATH,,
DAC-1601-INV-050252,5,1,2027-04-01,2027-06-30,0.0,USD,2027-04-01,DAC-1601,Gates Foundation,60,,,PATH,,
DAC-1601-INV-050252,6,1,2027-07-01,2027-09-30,0.0,USD,2027-07-01,DAC-1601,Gates Foundation,60,,,PATH,,
DAC-1601-INV-050252,7,1,2027-10-01,2027-12-31,0.0,USD,2027-10-01,DAC-1601,Gates Foundation,60,,,PATH,,
DAC-1601-INV-056441,0,1,2026-01-01,2026-03-31,0.0,USD,2026-01-01,DAC-1601,Gates Foundation,60,,,PATH,,
DAC-1601-INV-056441,1,1,2026-04-01,2026-06-30,0.0,USD,2026-04-01,DAC-1601,Gates Foundation,60,,,PATH,,
DAC-1601-INV-056441,2,1,2026-07-01,2026-09-30,0.0,USD,2026-07-01,DAC-1601,Gates Foundation,60,,,PATH,,
DAC-1601-INV-056441,3,1,2026-10-01,2026-12-31,0.0,USD,2026-10-01,DAC-1601,Gates Foundation,60,,,PATH,,
DAC-1601-INV-056441,4,1,2027-01-01,2027-03-31,0.0,USD,2027-01-01,DAC-1601,Gates Foundation,60,,,PATH,,
DAC-1601-INV-056441,5,1,2027-04-01,2027-06-30,7755053.0,USD,2027-04-01,DAC-1601,Gates Foundation,60,,,PATH,,
DAC-1601-INV-056441,6,1,2027-07-01,2027-09-30,0.0,USD,2027-07-01,DAC-1601,Gates Foundation,60,,,PATH,,
DAC-1601-INV-056441,7,1,2027-10-01,2027-12-31,0.0,USD,2027-10-01,DAC-1601,Gates Foundation,60,,,PATH,,
DAC-1601-INV-058288,0,1,2026-01-01,2026-03-31,0.0,USD,2026-01-01,DAC-1601,Gates Foundation,60,,,African Medicines Agency,,
DAC-1601-INV-058288,1,1,2026-04-01,2026-06-30,0.0,USD,2026-04-01,DAC-1601,Gates Foundation,60,,,African Medicines Agency,,
DAC-1601-INV-058288,2,1,2026-07-01,2026-09-30,0.0,USD,2026-07-01,DAC-1601,Gates Foundation,60,,,African Medicines Agency,,
DAC-1601-INV-058288,3,1,2026-10-01,2026-12-31,0.0,USD,2026-10-01,DAC-1601,Gates Foundation,60,,,African Medicines Agency,,
DAC-1601-INV-058288,4,1,2027-01-01,2027-03-31,0.0,USD,2027-01-01,DAC-1601,Gates Foundation,60,,,African Medicines Agency,,
DAC-1601-INV-058288,5,1,2027-04-01,2027-06-30,0.0,USD,2027-04-01,DAC-1601,Gates Foundation,60,,,African Medicines Agency,,
DAC-1601-INV-058288,6,1,2027-07-01,2027-09-30,0.0,USD,2027-07-01,DAC-1601,Gates Foundation,60,,,African Medicines Agency,,
DAC-1601-INV-058288,7,1,2027-10-01,2027-12-31,0.0,USD,2027-10-01,DAC-1601,Gates Foundation,60,,,African Medicines Agency,,
XM-DAC-41122-Somalia-3920/A0/06/001/003,0,2,2012-01-01,2012-12-31,920759.0,USD,2026-07-31,XM-DAC-41122,,40,,,,,
XM-DAC-41122-Somalia-3920/A0/06/001/003,1,2,2013-01-01,2013-12-31,2422054.0,USD,2026-07-31,XM-DAC-41122,,40,,,,,
XM-DAC-41122-Somalia-3920/A0/06/001/003,2,2,2014-01-01,2014-12-31,952781.0,USD,2026-07-31,XM-DAC-41122,,40,,,,,
XM-DAC-41122-Somalia-3920/A0/06/001/003,3,2,2015-01-01,2015-12-31,172307.0,USD,2026-07-31,XM-DAC-41122,,40,,,,,
XM-DAC-41122-Somalia-3920/A0/06/001/003,4,2,2017-01-01,2017-12-31,-35847.0,USD,2026-07-31,XM-DAC-41122,,40,,,,,
XM-DAC-41122-Somalia-3920/A0/06/001/003,5,2,2016-01-01,2016-12-31,39595.0,USD,2026-07-31,XM-DAC-41122,,40,,,,,
XM-DAC-41122-Somalia-3920/A0/06/001/043,0,2,2017-01-01,2017-12-31,136649.0,USD,2026-07-31,XM-DAC-41122,,40,,,,,
XM-DAC-41122-Somalia-3920/A0/06/001/043,1,2,2016-01-01,2016-12-31,52850.0,USD,2026-07-31,XM-DAC-41122,,40,,,,,
XM-DAC-41122-Somalia-3920/A0/06/001/043,2,2,2015-01-01,2015-12-31,1284976.0,USD,2026-07-31,XM-DAC-41122,,40,,,,,
XM-DAC-41122-Somalia-3920/A0/06/001/043,3,2,2014-01-01,2014-12-31,5414123.0,USD,2026-07-31,XM-DAC-41122,,40,,,,,
XM-DAC-41122-Somalia-3920/A0/06/001/043,4,2,2013-01-01,2013-12-31,25028365.0,USD,2026-07-31,XM-DAC-41122,,40,,,,,
XM-DAC-41122-Somalia-3920/A0/06/001/043,5,2,2012-01-01,2012-12-31,188608.0,USD,2026-07-31,XM-DAC-41122,,40,,,,,
XM-DAC-41122-South Sudan-4040/A0/03/001/011,0,2,2022-01-01,2022-12-31,4489145.0,USD,2026-07-31,XM-DAC-41122,,40,,,,,
XM-DAC-41122-South Sudan-4040/A0/01/001/003,0,2,2013-01-01,2013-12-31,16256898.0,USD,2026-07-31,XM-DAC-41122,,40,,,,,
XM-DAC-41122-South Sudan-4040/A0/01/001/003,1,2,2014-01-01,2014-12-31,8395658.0,USD,2026-07-31,XM-DAC-41122,,40,,,,,
XM-DAC-41122-South Sudan-4040/A0/01/001/003,2,2,2015-01-01,2015-12-31,1825000.0,USD,2026-07-31,XM-DAC-41122,,40,,,,,
XM-DAC-41122-South Sudan-4040/A0/01/001/003,3,2,2016-01-01,2016-12-31,925000.0,USD,2026-07-31,XM-DAC-41122,,40,,,,,
XM-DAC-41122-South Sudan-4040/A0/01/001/003,4,2,2012-01-01,2012-12-31,11644677.0,USD,2026-07-31,XM-DAC-41122,,40,,,,,
XM-DAC-41122-Somalia-3920/A0/06/020/018,0,2,2012-01-01,2012-12-31,27841.0,USD,2026-07-31,XM-DAC-41122,,40,,,,,
XM-DAC-41122-South Sudan-4040/A0/02/001/002,0,2,2016-01-01,2016-12-31,479257.0,USD,2026-07-31,XM-DAC-41122,,40,,,,,
XM-DAC-41122-South Sudan-4040/A0/02/001/002,1,2,2017-01-01,2017-12-31,1329449.0,USD,2026-07-31,XM-DAC-41122,,40,,,,,
XM-DAC-41122-South Sudan-4040/A0/02/001/002,2,2,2018-01-01,2018-12-31,9320133.0,USD,2026-07-31,XM-DAC-41122,,40,,,,,
XM-DAC-301-2-110291-001,0,1,2025-04-01,2026-03-31,309035.0,CAD,2025-04-01,XM-DAC-301-2,International Development Research Centre,15,,,Drugs for Neglected Diseases initiative,21,
XM-DAC-301-2-110291-001,1,1,2027-04-01,2028-03-31,41965.0,CAD,2027-04-01,XM-DAC-301-2,International Development Research Centre,15,,,Drugs for Neglected Diseases initiative,21,
XM-DAC-301-2-110291-001,2,1,2024-04-01,2025-03-31,488300.0,CAD,2024-04-01,XM-DAC-301-2,International Development Research Centre,15,,,Drugs for Neglected Diseases initiative,21,
XM-DAC-41122-Rwanda-3750/A0/04/230/006,0,2,2012-01-01,2012-12-31,61940.0,USD,2026-07-31,XM-DAC-41122,,40,,,,,
XM-DAC-41122-Rwanda-3750/A0/04/230/006,1,2,2013-01-01,2013-12-31,36194.0,USD,2026-07-31,XM-DAC-41122,,40,,,,,
XM-DAC-41122-Rwanda-3750/A0/04/230/001,0,2,2013-01-01,2013-12-31,60000.0,USD,2026-07-31,XM-DAC-41122,,40,,,,,
XM-DAC-41122-Rwanda-3750/A0/04/230/001,1,2,2012-01-01,2012-12-31,62383.0,USD,2026-07-31,XM-DAC-41122,,40,,,,,
XM-DAC-41122-Somalia-3920/A0/06/012/006,0,2,2012-01-01,2012-12-31,3802483.0,USD,2026-07-31,XM-DAC-41122,,40,,,,,
XM-DAC-41122-Somalia-3920/A0/06/012/006,1,2,2013-01-01,2013-12-31,786820.0,USD,2026-07-31,XM-DAC-41122,,40,,,,,
XM-DAC-41122-Somalia-3920/A0/06/012/006,2,2,2014-01-01,2014-12-31,786820.0,USD,2026-07-31,XM-DAC-41122,,40,,,,,
XM-DAC-41122-Somalia-3920/A0/06/012/006,3,2,2015-01-01,2015-12-31,650000.0,USD,2026-07-31,XM-DAC-41122,,40,,,,,
XM-DAC-41122-Somalia-3920/A0/06/012/006,4,2,2016-01-01,2016-12-31,645.0,USD,2026-07-31,XM-DAC-41122,,40,,,,,
XM-DAC-41122-Somalia-3920/A0/06/012/002,0,2,2016-01-01,2016-12-31,51093.0,USD,2026-07-31,XM-DAC-41122,,40,,,,,
XM-DAC-41122-Somalia-3920/A0/06/012/002,1,2,2015-01-01,2015-12-31,4157274.0,USD,2026-07-31,XM-DAC-41122,,40,,,,,
XM-DAC-41122-Somalia-3920/A0/06/012/002,2,2,2014-01-01,2014-12-31,5157274.0,USD,2026-07-31,XM-DAC-41122,,40,,,,,
XM-DAC-41122-Somalia-3920/A0/06/012/002,3,2,2012-01-01,2012-12-31,9618167.0,USD,2026-07-31,XM-DAC-41122,,40,,,,,
XM-DAC-41122-Somalia-3920/A0/06/012/002,4,2,2013-01-01,2013-12-31,6112941.0,USD,2026-07-31,XM-DAC-41122,,40,,,,,
XM-DAC-41122-Somalia-3920/A0/06/012/018,0,2,2012-01-01,2012-12-31,16548.0,USD,2026-07-31,XM-DAC-41122,,40,,,,,
XM-DAC-41122-Somalia-3920/A0/06/012/018,1,2,2014-01-01,2014-12-31,24653.0,USD,2026-07-31,XM-DAC-41122,,40,,,,,
XM-DAC-7-PPR-250000378,0,,2025-01-01,2025-01-01,1000000.0,,2026-01-01,,,,,,,,
XM-DAC-7-PPR-250000378,1,,2026-01-01,2026-01-01,0.0,,2026-01-01,,,,,,,,
XM-DAC-7-PPR-250000499,0,,2025-01-01,2025-01-01,1000000.0,,2026-01-01,,,,,,,,
XM-DAC-7-PPR-250000499,1,,2026-01-01,2026-01-01,0.0,,2026-01-01,,,,,,,,
KR-GOV-110-GRP_0000194261,0,1,2026-01-01,2026-12-31,1194592618.0,KRW,2026-01-01,KR-GOV-110,Ministry of Health and Welfare,10,KR-GOV-110-GRP_0000194261,,,,
DAC-1601-INV-096292,0,1,2026-01-01,2026-03-31,0.0,USD,2026-01-01,DAC-1601,Gates Foundation,60,,,Uganda National Institute of Public Health,,
DAC-1601-INV-096292,1,1,2026-04-01,2026-06-30,0.0,USD,2026-04-01,DAC-1601,Gates Foundation,60,,,Uganda National Institute of Public Health,,
DAC-1601-INV-096292,2,1,2026-07-01,2026-09-30,0.0,USD,2026-07-01,DAC-1601,Gates Foundation,60,,,Uganda National Institute of Public Health,,
DAC-1601-INV-096292,3,1,2026-10-01,2026-12-31,0.0,USD,2026-10-01,DAC-1601,Gates Foundation,60,,,Uganda National Institute of Public Health,,
DAC-1601-INV-096292,4,1,2027-01-01,2027-03-31,99120.0,USD,2027-01-01,DAC-1601,Gates Foundation,60,,,Uganda National Institute of Public Health,,
DAC-1601-INV-096292,5,1,2027-04-01,2027-06-30,0.0,USD,2027-04-01,DAC-1601,Gates Foundation,60,,,Uganda National Institute of Public Health,,
DAC-1601-INV-096292,6,1,2027-07-01,2027-09-30,0.0,USD,2027-07-01,DAC-1601,Gates Foundation,60,,,Uganda National Institute of Public Health,,
DAC-1601-INV-096292,7,1,2027-10-01,2027-12-31,0.0,USD,2027-10-01,DAC-1601,Gates Foundation,60,,,Uganda National Institute of Public Health,,
DAC-1601-INV-095630,0,1,2026-01-01,2026-03-31,0.0,USD,2026-01-01,DAC-1601,Gates Foundation,60,,,Makerere University College of Health Sciences,,
DAC-1601-INV-095630,1,1,2026-04-01,2026-06-30,0.0,USD,2026-04-01,DAC-1601,Gates Foundation,60,,,Makerere University College of Health Sciences,,
DAC-1601-INV-095630,2,1,2026-07-01,2026-09-30,0.0,USD,2026-07-01,DAC-1601,Gates Foundation,60,,,Makerere University College of Health Sciences,,
DAC-1601-INV-095630,3,1,2026-10-01,2026-12-31,0.0,USD,2026-10-01,DAC-1601,Gates Foundation,60,,,Makerere University College of Health Sciences,,
DAC-1601-INV-095630,4,1,2027-01-01,2027-03-31,206214.0,USD,2027-01-01,DAC-1601,Gates Foundation,60,,,Makerere University College of Health Sciences,,
DAC-1601-INV-095630,5,1,2027-04-01,2027-06-30,0.0,USD,2027-04-01,DAC-1601,Gates Foundation,60,,,Makerere University College of Health Sciences,,
DAC-1601-INV-095630,6,1,2027-07-01,2027-09-30,0.0,USD,2027-07-01,DAC-1601,Gates Foundation,60,,,Makerere University College of Health Sciences,,
DAC-1601-INV-095630,7,1,2027-10-01,2027-12-31,0.0,USD,2027-10-01,DAC-1601,Gates Foundation,60,,,Makerere University College of Health Sciences,,
DAC-1601-INV-087236,0,1,2026-01-01,2026-03-31,0.0,USD,2026-01-01,DAC-1601,Gates Foundation,60,,,"City St. George’s, University of London",,
DAC-1601-INV-087236,1,1,2026-04-01,2026-06-30,0.0,USD,2026-04-01,DAC-1601,Gates Foundation,60,,,"City St. George’s, University of London",,
DAC-1601-INV-087236,2,1,2026-07-01,2026-09-30,0.0,USD,2026-07-01,DAC-1601,Gates Foundation,60,,,"City St. George’s, University of London",,
DAC-1601-INV-087236,3,1,2026-10-01,2026-12-31,220915.0,USD,2026-10-01,DAC-1601,Gates Foundation,60,,,"City St. George’s, University of London",,
DAC-1601-INV-087236,4,1,2027-01-01,2027-03-31,0.0,USD,2027-01-01,DAC-1601,Gates Foundation,60,,,"City St. George’s, University of London",,
DAC-1601-INV-087236,5,1,2027-04-01,2027-06-30,0.0,USD,2027-04-01,DAC-1601,Gates Foundation,60,,,"City St. George’s, University of London",,
DAC-1601-INV-087236,6,1,2027-07-01,2027-09-30,148546.0,USD,2027-07-01,DAC-1601,Gates Foundation,60,,,"City St. George’s, University of London",,
DAC-1601-INV-087236,7,1,2027-10-01,2027-12-31,0.0,USD,2027-10-01,DAC-1601,Gates Foundation,60,,,"City St. George’s, University of London",,
DAC-1601-INV-094011,0,1,2026-01-01,2026-03-31,0.0,USD,2026-01-01,DAC-1601,Gates Foundation,60,,,World Alliance for Lung and Intensive Care Medicine in Uganda LTD,,
DAC-1601-INV-094011,1,1,2026-04-01,2026-06-30,0.0,USD,2026-04-01,DAC-1601,Gates Foundation,60,,,World Alliance for Lung and Intensive Care Medicine in Uganda LTD,,
DAC-1601-INV-094011,2,1,2026-07-01,2026-09-30,0.0,USD,2026-07-01,DAC-1601,Gates Foundation,60,,,World Alliance for Lung and Intensive Care Medicine in Uganda LTD,,
DAC-1601-INV-094011,3,1,2026-10-01,2026-12-31,0.0,USD,2026-10-01,DAC-1601,Gates Foundation,60,,,World Alliance for Lung and Intensive Care Medicine in Uganda LTD,,
DAC-1601-INV-094011,4,1,2027-01-01,2027-03-31,400000.0,USD,2027-01-01,DAC-1601,Gates Foundation,60,,,World Alliance for Lung and Intensive Care Medicine in Uganda LTD,,
DAC-1601-INV-094011,5,1,2027-04-01,2027-06-30,0.0,USD,2027-04-01,DAC-1601,Gates Foundation,60,,,World Alliance for Lung and Intensive Care Medicine in Uganda LTD,,
DAC-1601-INV-094011,6,1,2027-07-01,2027-09-30,0.0,USD,2027-07-01,DAC-1601,Gates Foundation,60,,,World Alliance for Lung and Intensive Care Medicine in Uganda LTD,,
DAC-1601-INV-094011,7,1,2027-10-01,2027-12-31,0.0,USD,2027-10-01,DAC-1601,Gates Foundation,60,,,World Alliance for Lung and Intensive Care Medicine in Uganda LTD,,
DAC-1601-INV-073592,0,1,2026-01-01,2026-03-31,0.0,USD,2026-01-01,DAC-1601,Gates Foundation,60,,,Ifakara Health Institute,,
DAC-1601-INV-073592,1,1,2026-04-01,2026-06-30,0.0,USD,2026-04-01,DAC-1601,Gates Foundation,60,,,Ifakara Health Institute,,
DAC-1601-INV-073592,2,1,2026-07-01,2026-09-30,0.0,USD,2026-07-01,DAC-1601,Gates Foundation,60,,,Ifakara Health Institute,,
DAC-1601-INV-073592,3,1,2026-10-01,2026-12-31,0.0,USD,2026-10-01,DAC-1601,Gates Foundation,60,,,Ifakara Health Institute,,
DAC-1601-INV-073592,4,1,2027-01-01,2027-03-31,335000.0,USD,2027-01-01,DAC-1601,Gates Foundation,60,,,Ifakara Health Institute,,
DAC-1601-INV-073592,5,1,2027-04-01,2027-06-30,0.0,USD,2027-04-01,DAC-1601,Gates Foundation,60,,,Ifakara Health Institute,,
DAC-1601-INV-073592,6,1,2027-07-01,2027-09-30,0.0,USD,2027-07-01,DAC-1601,Gates Foundation,60,,,Ifakara Health Institute,,
DAC-1601-INV-073592,7,1,2027-10-01,2027-12-31,0.0,USD,2027-10-01,DAC-1601,Gates Foundation,60,,,Ifakara Health Institute,,
DAC-1601-INV-003079,0,1,2026-01-01,2026-03-31,0.0,USD,2026-01-01,DAC-1601,Gates Foundation,60,,,Ifakara Health Institute,,
DAC-1601-INV-003079,1,1,2026-04-01,2026-06-30,0.0,USD,2026-04-01,DAC-1601,Gates Foundation,60,,,Ifakara Health Institute,,
DAC-1601-INV-003079,2,1,2026-07-01,2026-09-30,0.0,USD,2026-07-01,DAC-1601,Gates Foundation,60,,,Ifakara Health Institute,,
DAC-1601-INV-003079,3,1,2026-10-01,2026-12-31,0.0,USD,2026-10-01,DAC-1601,Gates Foundation,60,,,Ifakara Health Institute,,
DAC-1601-INV-003079,4,1,2027-01-01,2027-03-31,0.0,USD,2027-01-01,DAC-1601,Gates Foundation,60,,,Ifakara Health Institute,,
DAC-1601-INV-003079,5,1,2027-04-01,2027-06-30,0.0,USD,2027-04-01,DAC-1601,Gates Foundation,60,,,Ifakara Health Institute,,
DAC-1601-INV-003079,6,1,2027-07-01,2027-09-30,0.0,USD,2027-07-01,DAC-1601,Gates Foundation,60,,,Ifakara Health Institute,,
DAC-1601-INV-003079,7,1,2027-10-01,2027-12-31,0.0,USD,2027-10-01,DAC-1601,Gates Foundation,60,,,Ifakara Health Institute,,
DAC-1601-INV-050952,0,1,2026-01-01,2026-03-31,0.0,USD,2026-01-01,DAC-1601,Gates Foundation,60,,,"TechnoServe, Inc.",,
DAC-1601-INV-050952,1,1,2026-04-01,2026-06-30,0.0,USD,2026-04-01,DAC-1601,Gates Foundation,60,,,"TechnoServe, Inc.",,
DAC-1601-INV-050952,2,1,2026-07-01,2026-09-30,0.0,USD,2026-07-01,DAC-1601,Gates Foundation,60,,,"TechnoServe, Inc.",,
DAC-1601-INV-050952,3,1,2026-10-01,2026-12-31,0.0,USD,2026-10-01,DAC-1601,Gates Foundation,60,,,"TechnoServe, Inc.",,
DAC-1601-INV-050952,4,1,2027-01-01,2027-03-31,0.0,USD,2027-01-01,DAC-1601,Gates Foundation,60,,,"TechnoServe, Inc.",,
DAC-1601-INV-050952,5,1,2027-04-01,2027-06-30,0.0,USD,2027-04-01,DAC-1601,Gates Foundation,60,,,"TechnoServe, Inc.",,
DAC-1601-INV-050952,6,1,2027-07-01,2027-09-30,0.0,USD,2027-07-01,DAC-1601,Gates Foundation,60,,,"TechnoServe, Inc.",,
DAC-1601-INV-050952,7,1,2027-10-01,2027-12-31,0.0,USD,2027-10-01,DAC-1601,Gates Foundation,60,,,"TechnoServe, Inc.",,
DAC-1601-INV-096543,0,1,2026-01-01,2026-03-31,0.0,USD,2026-01-01,DAC-1601,Gates Foundation,60,,,Family Health International,,
DAC-1601-INV-096543,1,1,2026-04-01,2026-06-30,0.0,USD,2026-04-01,DAC-1601,Gates Foundation,60,,,Family Health International,,
DAC-1601-INV-096543,2,1,2026-07-01,2026-09-30,0.0,USD,2026-07-01,DAC-1601,Gates Foundation,60,,,Family Health International,,
DAC-1601-INV-096543,3,1,2026-10-01,2026-12-31,0.0,USD,2026-10-01,DAC-1601,Gates Foundation,60,,,Family Health International,,
DAC-1601-INV-096543,4,1,2027-01-01,2027-03-31,499602.0,USD,2027-01-01,DAC-1601,Gates Foundation,60,,,Family Health International,,
DAC-1601-INV-096543,5,1,2027-04-01,2027-06-30,0.0,USD,2027-04-01,DAC-1601,Gates Foundation,60,,,Family Health International,,
DAC-1601-INV-096543,6,1,2027-07-01,2027-09-30,0.0,USD,2027-07-01,DAC-1601,Gates Foundation,60,,,Family Health International,,
DAC-1601-INV-096543,7,1,2027-10-01,2027-12-31,0.0,USD,2027-10-01,DAC-1601,Gates Foundation,60,,,Family Health International,,
DAC-1601-INV-062470,0,1,2026-01-01,2026-03-31,0.0,USD,2026-01-01,DAC-1601,Gates Foundation,60,,,Gudina Tumsa Foundation,,
DAC-1601-INV-062470,1,1,2026-04-01,2026-06-30,0.0,USD,2026-04-01,DAC-1601,Gates Foundation,60,,,Gudina Tumsa Foundation,,
DAC-1601-INV-062470,2,1,2026-07-01,2026-09-30,0.0,USD,2026-07-01,DAC-1601,Gates Foundation,60,,,Gudina Tumsa Foundation,,
DAC-1601-INV-062470,3,1,2026-10-01,2026-12-31,0.0,USD,2026-10-01,DAC-1601,Gates Foundation,60,,,Gudina Tumsa Foundation,,
DAC-1601-INV-062470,4,1,2027-01-01,2027-03-31,0.0,USD,2027-01-01,DAC-1601,Gates Foundation,60,,,Gudina Tumsa Foundation,,
DAC-1601-INV-062470,5,1,2027-04-01,2027-06-30,0.0,USD,2027-04-01,DAC-1601,Gates Foundation,60,,,Gudina Tumsa Foundation,,
DAC-1601-INV-062470,6,1,2027-07-01,2027-09-30,0.0,USD,2027-07-01,DAC-1601,Gates Foundation,60,,,Gudina Tumsa Foundation,,
DAC-1601-INV-062470,7,1,2027-10-01,2027-12-31,0.0,USD,2027-10-01,DAC-1601,Gates Foundation,60,,,Gudina Tumsa Foundation,,
US-EIN-27-1414646-DFIDACCESS4,0,2,2018-01-01,2018-03-31,2173751.0,GBP,2018-02-23,DFID,,,,Clinton Health Access Initiative,,,
US-EIN-27-1414646-DFIDACCESS4,1,2,2018-04-01,2018-06-30,1532611.0,GBP,2018-05-14,DFID,,,,Clinton Health Access Initiative,,,
US-EIN-27-1414646-DFIDACCESS4,2,2,2018-07-01,2018-09-30,2402682.0,GBP,2018-08-14,DFID,,,,Clinton Health Access Initiative,,,
US-EIN-27-1414646-DFIDACCESS4,3,2,2018-10-01,2018-12-31,2799100.0,GBP,2018-11-13,DFID,,,,Clinton Health Access Initiative,,,
US-EIN-27-1414646-DFIDACCESS4,4,2,2019-01-01,2019-03-31,1527092.0,GBP,2019-02-22,DFID,,,,Clinton Health Access Initiative,,,
US-EIN-27-1414646-DFIDACCESS4,5,2,2019-04-01,2019-06-30,2670765.0,GBP,2019-05-15,DFID,,,,Clinton Health Access Initiative,,,
US-EIN-27-1414646-DFIDACCESS4,6,2,2019-07-01,2019-09-30,2463903.0,GBP,2019-08-15,DFID,,,,Clinton Health Access Initative,,,
US-EIN-27-1414646-DFIDACCESS4,7,2,2019-10-01,2019-12-31,3238349.0,GBP,2019-11-15,DFID,,,,Clinton Health Access Initiative,,,
US-EIN-27-1414646-DFIDACCESS4,8,2,2020-01-01,2020-03-31,2463167.0,GBP,2020-02-14,DFID,,,,Clinton Health Access Initiative,,,
US-EIN-27-1414646-DFIDACCESS4,9,2,2020-04-01,2020-06-30,1787272.33,GBP,2020-05-29,DFID,,,,Clinton Health Access Initiative,,,
US-EIN-27-1414646-DFIDACCESS4,10,2,2020-01-01,2020-03-31,893635.0,GBP,2020-06-12,DFID,,,,Clinton Health Access Initiative,,,
US-EIN-27-1414646-DFIDACCESS4,11,2,2020-06-01,2020-07-31,1047670.67,GBP,2020-08-12,DFID,,,,Clinton Health Access Initiative,,,
US-EIN-27-1414646-DFIDACCESS4,12,2,2020-08-17,2020-09-30,1501674.0,GBP,2020-08-17,DFID,,,,Clinton Heath Access Initiative,,,
US-EIN-27-1414646-DFIDACCESS4,13,2,2020-10-01,2020-12-31,2426969.0,GBP,2020-11-20,DFID,,,,Clinton Heath Access Initiative,,,
US-EIN-27-1414646-DFIDACCESS4,14,2,2021-01-01,2021-03-31,1996786.0,GBP,2021-01-25,DFID,,,,Clinton Heath Access Initiative,,,
US-EIN-27-1414646-DFIDACCESS4,15,2,2021-04-01,2021-06-30,2093643.0,GBP,2021-02-15,DFID,,,,Clinton Heath Access Initiative,,,
US-EIN-27-1414646-DFIDACCESS4,16,2,2021-07-01,2021-09-30,2593643.0,GBP,2021-02-15,DFID,,,,Clinton Heath Access Initiative,,,
US-EIN-27-1414646-DFIDACCESS4,17,2,2021-10-01,2021-12-31,3093643.0,GBP,2021-02-15,DFID,,,,Clinton Heath Access Initiative,,,
US-EIN-27-1414646-DFIDACCESS4,18,2,2022-01-01,2022-03-31,2593644.0,GBP,2021-02-15,DFID,,,,Clinton Heath Access Initiative,,,
US-EIN-27-1414646-DFIDACCESS4,19,2,2022-04-01,2022-06-30,2100000.0,GBP,2021-02-15,DFID,,,,Clinton Heath Access Initiative,,,
US-EIN-27-1414646-DFIDACCESS4,20,2,2022-07-01,2022-09-30,2600000.0,GBP,2021-02-15,DFID,,,,Clinton Heath Access Initiative,,,
US-EIN-27-1414646-DFIDACCESS4,21,2,2022-10-01,2022-12-31,3200000.0,GBP,2021-02-15,DFID,,,,Clinton Heath Access Initiative,,,
US-EIN-27-1414646-DFIDACCESS4,22,2,2023-01-01,2023-03-31,2100000.0,GBP,2021-02-15,DFID,,,,Clinton Heath Access Initiative,,,
US-EIN-27-1414646-DFIDACCESS4,23,2,2023-04-01,2023-06-30,3700000.0,GBP,2021-02-15,DFID,,,,Clinton Heath Access Initiative,,,
XM-DAC-41122-Ethiopia-1410/A0/05/102/007,0,2,2012-01-01,2012-12-31,310151.0,USD,2026-07-31,XM-DAC-41122,,40,,,,,
XM-DAC-41122-Ethiopia-1410/A0/05/102/007,1,2,2014-01-01,2014-12-31,575000.0,USD,2026-07-31,XM-DAC-41122,,40,,,,,
XM-DAC-41122-Ethiopia-1410/A0/05/102/007,2,2,2013-01-01,2013-12-31,1989847.0,USD,2026-07-31,XM-DAC-41122,,40,,,,,
XM-DAC-41122-Ethiopia-1410/A0/05/102/008,0,2,2015-01-01,2015-12-31,151636.0,USD,2026-07-31,XM-DAC-41122,,40,,,,,
XM-DAC-41122-Ethiopia-1410/A0/05/102/008,1,2,2012-01-01,2012-12-31,3305849.0,USD,2026-07-31,XM-DAC-41122,,40,,,,,
XM-DAC-41122-Ethiopia-1410/A0/05/102/008,2,2,2013-01-01,2013-12-31,1796082.0,USD,2026-07-31,XM-DAC-41122,,40,,,,,
XM-DAC-41122-Ethiopia-1410/A0/05/102/008,3,2,2016-01-01,2016-12-31,1551.0,USD,2026-07-31,XM-DAC-41122,,40,,,,,
XM-DAC-41122-Ethiopia-1410/A0/05/102/008,4,2,2014-01-01,2014-12-31,1316722.0,USD,2026-07-31,XM-DAC-41122,,40,,,,,
XM-DAC-41122-Ethiopia-1410/A0/05/102/009,0,2,2012-01-01,2012-12-31,31739.0,USD,2026-07-31,XM-DAC-41122,,40,,,,,
XM-DAC-41122-Ethiopia-1410/A0/05/102/009,1,2,2013-01-01,2013-12-31,550528.0,USD,2026-07-31,XM-DAC-41122,,40,,,,,
XM-DAC-41122-Ethiopia-1410/A0/05/102/009,2,2,2014-01-01,2014-12-31,137632.0,USD,2026-07-31,XM-DAC-41122,,40,,,,,
XM-DAC-41122-United Rep. of Tanzania-4550/A0/04/102/003,0,2,2012-01-01,2012-12-31,1766603.0,USD,2026-07-31,XM-DAC-41122,,40,,,,,
XM-DAC-41122-United Rep. of Tanzania-4550/A0/04/102/003,1,2,2013-01-01,2013-12-31,1392780.0,USD,2026-07-31,XM-DAC-41122,,40,,,,,
XM-DAC-41122-United Rep. of Tanzania-4550/A0/04/102/003,2,2,2014-01-01,2014-12-31,1063709.0,USD,2026-07-31,XM-DAC-41122,,40,,,,,
XM-DAC-41122-United Rep. of Tanzania-4550/A0/04/102/003,3,2,2016-01-01,2016-12-31,1215853.0,USD,2026-07-31,XM-DAC-41122,,40,,,,,
XM-DAC-41122-United Rep. of Tanzania-4550/A0/04/102/003,4,2,2015-01-01,2015-12-31,400598.0,USD,2026-07-31,XM-DAC-41122,,40,,,,,
XM-DAC-41122-Somalia-3920/A0/06/001/011,0,2,2012-01-01,2012-12-31,17385.0,USD,2026-07-31,XM-DAC-41122,,40,,,,,
XM-DAC-41122-Somalia-3920/A0/06/001/011,1,2,2013-01-01,2013-12-31,12381.0,USD,2026-07-31,XM-DAC-41122,,40,,,,,
XM-DAC-41122-Rwanda-3750/A0/04/230/004,0,2,2013-01-01,2013-12-31,150000.0,USD,2026-07-31,XM-DAC-41122,,40,,,,,
XM-DAC-41122-Rwanda-3750/A0/04/230/004,1,2,2012-01-01,2012-12-31,42287.0,USD,2026-07-31,XM-DAC-41122,,40,,,,,
XM-DAC-41122-Somalia-3920/A0/06/101/004,0,2,2014-01-01,2014-12-31,151044.0,USD,2026-07-31,XM-DAC-41122,,40,,,,,
XM-DAC-41122-Somalia-3920/A0/06/101/004,1,2,2015-01-01,2015-12-31,628418.0,USD,2026-07-31,XM-DAC-41122,,40,,,,,
XM-DAC-41122-Somalia-3920/A0/06/101/004,2,2,2017-01-01,2017-12-31,338315.0,USD,2026-07-31,XM-DAC-41122,,40,,,,,
XM-DAC-41122-Somalia-3920/A0/06/101/004,3,2,2016-01-01,2016-12-31,3660000.0,USD,2026-07-31,XM-DAC-41122,,40,,,,,
DAC-1601-INV-072659,0,1,2026-01-01,2026-03-31,0.0,USD,2026-01-01,DAC-1601,Gates Foundation,60,,,Ethiopia Federal Ministry of Health,,
DAC-1601-INV-072659,1,1,2026-04-01,2026-06-30,0.0,USD,2026-04-01,DAC-1601,Gates Foundation,60,,,Ethiopia Federal Ministry of Health,,
DAC-1601-INV-072659,2,1,2026-07-01,2026-09-30,0.0,USD,2026-07-01,DAC-1601,Gates Foundation,60,,,Ethiopia Federal Ministry of Health,,
DAC-1601-INV-072659,3,1,2026-10-01,2026-12-31,0.0,USD,2026-10-01,DAC-1601,Gates Foundation,60,,,Ethiopia Federal Ministry of Health,,
DAC-1601-INV-072659,4,1,2027-01-01,2027-03-31,1000000.0,USD,2027-01-01,DAC-1601,Gates Foundation,60,,,Ethiopia Federal Ministry of Health,,
DAC-1601-INV-072659,5,1,2027-04-01,2027-06-30,0.0,USD,2027-04-01,DAC-1601,Gates Foundation,60,,,Ethiopia Federal Ministry of Health,,
DAC-1601-INV-072659,6,1,2027-07-01,2027-09-30,0.0,USD,2027-07-01,DAC-1601,Gates Foundation,60,,,Ethiopia Federal Ministry of Health,,
DAC-1601-INV-072659,7,1,2027-10-01,2027-12-31,0.0,USD,2027-10-01,DAC-1601,Gates Foundation,60,,,Ethiopia Federal Ministry of Health,,
DAC-1601-INV-062472,0,1,2026-01-01,2026-03-31,0.0,USD,2026-01-01,DAC-1601,Gates Foundation,60,,,"City St. George’s, University of London",,
DAC-1601-INV-062472,1,1,2026-04-01,2026-06-30,0.0,USD,2026-04-01,DAC-1601,Gates Foundation,60,,,"City St. George’s, University of London",,
DAC-1601-INV-062472,2,1,2026-07-01,2026-09-30,0.0,USD,2026-07-01,DAC-1601,Gates Foundation,60,,,"City St. George’s, University of London",,
DAC-1601-INV-062472,3,1,2026-10-01,2026-12-31,0.0,USD,2026-10-01,DAC-1601,Gates Foundation,60,,,"City St. George’s, University of London",,
DAC-1601-INV-062472,4,1,2027-01-01,2027-03-31,0.0,USD,2027-01-01,DAC-1601,Gates Foundation,60,,,"City St. George’s, University of London",,
DAC-1601-INV-062472,5,1,2027-04-01,2027-06-30,0.0,USD,2027-04-01,DAC-1601,Gates Foundation,60,,,"City St. George’s, University of London",,
DAC-1601-INV-062472,6,1,2027-07-01,2027-09-30,0.0,USD,2027-07-01,DAC-1601,Gates Foundation,60,,,"City St. George’s, University of London",,
DAC-1601-INV-062472,7,1,2027-10-01,2027-12-31,0.0,USD,2027-10-01,DAC-1601,Gates Foundation,60,,,"City St. George’s, University of London",,
XM-DAC-41122-Ethiopia-1410/A0/05/101/003,0,2,2015-01-01,2015-12-31,109662.0,USD,2026-07-31,XM-DAC-41122,,40,,,,,
XM-DAC-41122-Ethiopia-1410/A0/05/101/003,1,2,2012-01-01,2012-12-31,576854.0,USD,2026-07-31,XM-DAC-41122,,40,,,,,
XM-DAC-41122-Ethiopia-1410/A0/05/101/003,2,2,2013-01-01,2013-12-31,533209.0,USD,2026-07-31,XM-DAC-41122,,40,,,,,
XM-DAC-41122-Ethiopia-1410/A0/05/101/003,3,2,2014-01-01,2014-12-31,122732.0,USD,2026-07-31,XM-DAC-41122,,40,,,,,
DAC-1601-INV-086291,0,1,2026-01-01,2026-03-31,0.0,USD,2026-01-01,DAC-1601,Gates Foundation,60,,,University of Gondar,,
DAC-1601-INV-086291,1,1,2026-04-01,2026-06-30,0.0,USD,2026-04-01,DAC-1601,Gates Foundation,60,,,University of Gondar,,
DAC-1601-INV-086291,2,1,2026-07-01,2026-09-30,0.0,USD,2026-07-01,DAC-1601,Gates Foundation,60,,,University of Gondar,,
DAC-1601-INV-086291,3,1,2026-10-01,2026-12-31,0.0,USD,2026-10-01,DAC-1601,Gates Foundation,60,,,University of Gondar,,
DAC-1601-INV-086291,4,1,2027-01-01,2027-03-31,399886.0,USD,2027-01-01,DAC-1601,Gates Foundation,60,,,University of Gondar,,
DAC-1601-INV-086291,5,1,2027-04-01,2027-06-30,0.0,USD,2027-04-01,DAC-1601,Gates Foundation,60,,,University of Gondar,,
DAC-1601-INV-086291,6,1,2027-07-01,2027-09-30,0.0,USD,2027-07-01,DAC-1601,Gates Foundation,60,,,University of Gondar,,
DAC-1601-INV-086291,7,1,2027-10-01,2027-12-31,0.0,USD,2027-10-01,DAC-1601,Gates Foundation,60,,,University of Gondar,,
DAC-1601-INV-079020,0,1,2026-01-01,2026-03-31,0.0,USD,2026-01-01,DAC-1601,Gates Foundation,60,,,London School of Hygiene and Tropical Medicine,,
DAC-1601-INV-079020,1,1,2026-04-01,2026-06-30,0.0,USD,2026-04-01,DAC-1601,Gates Foundation,60,,,London School of Hygiene and Tropical Medicine,,
DAC-1601-INV-079020,2,1,2026-07-01,2026-09-30,0.0,USD,2026-07-01,DAC-1601,Gates Foundation,60,,,London School of Hygiene and Tropical Medicine,,
DAC-1601-INV-079020,3,1,2026-10-01,2026-12-31,0.0,USD,2026-10-01,DAC-1601,Gates Foundation,60,,,London School of Hygiene and Tropical Medicine,,
DAC-1601-INV-079020,4,1,2027-01-01,2027-03-31,0.0,USD,2027-01-01,DAC-1601,Gates Foundation,60,,,London School of Hygiene and Tropical Medicine,,
DAC-1601-INV-079020,5,1,2027-04-01,2027-06-30,0.0,USD,2027-04-01,DAC-1601,Gates Foundation,60,,,London School of Hygiene and Tropical Medicine,,
DAC-1601-INV-079020,6,1,2027-07-01,2027-09-30,0.0,USD,2027-07-01,DAC-1601,Gates Foundation,60,,,London School of Hygiene and Tropical Medicine,,
DAC-1601-INV-079020,7,1,2027-10-01,2027-12-31,0.0,USD,2027-10-01,DAC-1601,Gates Foundation,60,,,London School of Hygiene and Tropical Medicine,,
DAC-1601-INV-095626,0,1,2026-01-01,2026-03-31,0.0,USD,2026-01-01,DAC-1601,Gates Foundation,60,,,London School of Hygiene and Tropical Medicine,,
DAC-1601-INV-095626,1,1,2026-04-01,2026-06-30,0.0,USD,2026-04-01,DAC-1601,Gates Foundation,60,,,London School of Hygiene and Tropical Medicine,,
DAC-1601-INV-095626,2,1,2026-07-01,2026-09-30,0.0,USD,2026-07-01,DAC-1601,Gates Foundation,60,,,London School of Hygiene and Tropical Medicine,,
DAC-1601-INV-095626,3,1,2026-10-01,2026-12-31,0.0,USD,2026-10-01,DAC-1601,Gates Foundation,60,,,London School of Hygiene and Tropical Medicine,,
DAC-1601-INV-095626,4,1,2027-01-01,2027-03-31,220811.0,USD,2027-01-01,DAC-1601,Gates Foundation,60,,,London School of Hygiene and Tropical Medicine,,
DAC-1601-INV-095626,5,1,2027-04-01,2027-06-30,0.0,USD,2027-04-01,DAC-1601,Gates Foundation,60,,,London School of Hygiene and Tropical Medicine,,
DAC-1601-INV-095626,6,1,2027-07-01,2027-09-30,0.0,USD,2027-07-01,DAC-1601,Gates Foundation,60,,,London School of Hygiene and Tropical Medicine,,
DAC-1601-INV-095626,7,1,2027-10-01,2027-12-31,0.0,USD,2027-10-01,DAC-1601,Gates Foundation,60,,,London School of Hygiene and Tropical Medicine,,
DAC-1601-INV-066510,0,1,2026-01-01,2026-03-31,0.0,USD,2026-01-01,DAC-1601,Gates Foundation,60,,,London School of Hygiene and Tropical Medicine,,
DAC-1601-INV-066510,1,1,2026-04-01,2026-06-30,0.0,USD,2026-04-01,DAC-1601,Gates Foundation,60,,,London School of Hygiene and Tropical Medicine,,
DAC-1601-INV-066510,2,1,2026-07-01,2026-09-30,0.0,USD,2026-07-01,DAC-1601,Gates Foundation,60,,,London School of Hygiene and Tropical Medicine,,
DAC-1601-INV-066510,3,1,2026-10-01,2026-12-31,0.0,USD,2026-10-01,DAC-1601,Gates Foundation,60,,,London School of Hygiene and Tropical Medicine,,
DAC-1601-INV-066510,4,1,2027-01-01,2027-03-31,0.0,USD,2027-01-01,DAC-1601,Gates Foundation,60,,,London School of Hygiene and Tropical Medicine,,
DAC-1601-INV-066510,5,1,2027-04-01,2027-06-30,0.0,USD,2027-04-01,DAC-1601,Gates Foundation,60,,,London School of Hygiene and Tropical Medicine,,
DAC-1601-INV-066510,6,1,2027-07-01,2027-09-30,0.0,USD,2027-07-01,DAC-1601,Gates Foundation,60,,,London School of Hygiene and Tropical Medicine,,
DAC-1601-INV-066510,7,1,2027-10-01,2027-12-31,0.0,USD,2027-10-01,DAC-1601,Gates Foundation,60,,,London School of Hygiene and Tropical Medicine,,
DAC-1601-INV-087143,0,1,2026-01-01,2026-03-31,0.0,USD,2026-01-01,DAC-1601,Gates Foundation,60,,,AMREF Health Africa,,
DAC-1601-INV-087143,1,1,2026-04-01,2026-06-30,99996.0,USD,2026-04-01,DAC-1601,Gates Foundation,60,,,AMREF Health Africa,,
DAC-1601-INV-087143,2,1,2026-07-01,2026-09-30,0.0,USD,2026-07-01,DAC-1601,Gates Foundation,60,,,AMREF Health Africa,,
DAC-1601-INV-087143,3,1,2026-10-01,2026-12-31,0.0,USD,2026-10-01,DAC-1601,Gates Foundation,60,,,AMREF Health Africa,,
DAC-1601-INV-087143,4,1,2027-01-01,2027-03-31,0.0,USD,2027-01-01,DAC-1601,Gates Foundation,60,,,AMREF Health Africa,,
DAC-1601-INV-087143,5,1,2027-04-01,2027-06-30,0.0,USD,2027-04-01,DAC-1601,Gates Foundation,60,,,AMREF Health Africa,,
DAC-1601-INV-087143,6,1,2027-07-01,2027-09-30,0.0,USD,2027-07-01,DAC-1601,Gates Foundation,60,,,AMREF Health Africa,,
DAC-1601-INV-087143,7,1,2027-10-01,2027-12-31,0.0,USD,2027-10-01,DAC-1601,Gates Foundation,60,,,AMREF Health Africa,,
DAC-1601-INV-085947,0,1,2026-01-01,2026-03-31,0.0,USD,2026-01-01,DAC-1601,Gates Foundation,60,,,Health Poverty Action,,
DAC-1601-INV-085947,1,1,2026-04-01,2026-06-30,0.0,USD,2026-04-01,DAC-1601,Gates Foundation,60,,,Health Poverty Action,,
DAC-1601-INV-085947,2,1,2026-07-01,2026-09-30,0.0,USD,2026-07-01,DAC-1601,Gates Foundation,60,,,Health Poverty Action,,
DAC-1601-INV-085947,3,1,2026-10-01,2026-12-31,0.0,USD,2026-10-01,DAC-1601,Gates Foundation,60,,,Health Poverty Action,,
DAC-1601-INV-085947,4,1,2027-01-01,2027-03-31,0.0,USD,2027-01-01,DAC-1601,Gates Foundation,60,,,Health Poverty Action,,
DAC-1601-INV-085947,5,1,2027-04-01,2027-06-30,0.0,USD,2027-04-01,DAC-1601,Gates Foundation,60,,,Health Poverty Action,,
DAC-1601-INV-085947,6,1,2027-07-01,2027-09-30,0.0,USD,2027-07-01,DAC-1601,Gates Foundation,60,,,Health Poverty Action,,
DAC-1601-INV-085947,7,1,2027-10-01,2027-12-31,0.0,USD,2027-10-01,DAC-1601,Gates Foundation,60,,,Health Poverty Action,,
DAC-1601-INV-049001,0,1,2026-01-01,2026-03-31,0.0,USD,2026-01-01,DAC-1601,Gates Foundation,60,,,Ghent University,,
DAC-1601-INV-049001,1,1,2026-04-01,2026-06-30,0.0,USD,2026-04-01,DAC-1601,Gates Foundation,60,,,Ghent University,,
DAC-1601-INV-049001,2,1,2026-07-01,2026-09-30,0.0,USD,2026-07-01,DAC-1601,Gates Foundation,60,,,Ghent University,,
DAC-1601-INV-049001,3,1,2026-10-01,2026-12-31,0.0,USD,2026-10-01,DAC-1601,Gates Foundation,60,,,Ghent University,,
DAC-1601-INV-049001,4,1,2027-01-01,2027-03-31,0.0,USD,2027-01-01,DAC-1601,Gates Foundation,60,,,Ghent University,,
DAC-1601-INV-049001,5,1,2027-04-01,2027-06-30,0.0,USD,2027-04-01,DAC-1601,Gates Foundation,60,,,Ghent University,,
DAC-1601-INV-049001,6,1,2027-07-01,2027-09-30,0.0,USD,2027-07-01,DAC-1601,Gates Foundation,60,,,Ghent University,,
DAC-1601-INV-049001,7,1,2027-10-01,2027-12-31,0.0,USD,2027-10-01,DAC-1601,Gates Foundation,60,,,Ghent University,,
DAC-1601-INV-077742,0,1,2026-01-01,2026-03-31,0.0,USD,2026-01-01,DAC-1601,Gates Foundation,60,,,"JSI Research & Training Institute, Inc.",,
DAC-1601-INV-077742,1,1,2026-04-01,2026-06-30,0.0,USD,2026-04-01,DAC-1601,Gates Foundation,60,,,"JSI Research & Training Institute, Inc.",,
DAC-1601-INV-077742,2,1,2026-07-01,2026-09-30,0.0,USD,2026-07-01,DAC-1601,Gates Foundation,60,,,"JSI Research & Training Institute, Inc.",,
DAC-1601-INV-077742,3,1,2026-10-01,2026-12-31,0.0,USD,2026-10-01,DAC-1601,Gates Foundation,60,,,"JSI Research & Training Institute, Inc.",,
DAC-1601-INV-077742,4,1,2027-01-01,2027-03-31,0.0,USD,2027-01-01,DAC-1601,Gates Foundation,60,,,"JSI Research & Training Institute, Inc.",,
DAC-1601-INV-077742,5,1,2027-04-01,2027-06-30,0.0,USD,2027-04-01,DAC-1601,Gates Foundation,60,,,"JSI Research & Training Institute, Inc.",,
DAC-1601-INV-077742,6,1,2027-07-01,2027-09-30,0.0,USD,2027-07-01,DAC-1601,Gates Foundation,60,,,"JSI Research & Training Institute, Inc.",,
DAC-1601-INV-077742,7,1,2027-10-01,2027-12-31,0.0,USD,2027-10-01,DAC-1601,Gates Foundation,60,,,"JSI Research & Training Institute, Inc.",,
DAC-1601-INV-071126,0,1,2026-01-01,2026-03-31,0.0,USD,2026-01-01,DAC-1601,Gates Foundation,60,,,PATH,,
DAC-1601-INV-071126,1,1,2026-04-01,2026-06-30,0.0,USD,2026-04-01,DAC-1601,Gates Foundation,60,,,PATH,,
DAC-1601-INV-071126,2,1,2026-07-01,2026-09-30,0.0,USD,2026-07-01,DAC-1601,Gates Foundation,60,,,PATH,,
DAC-1601-INV-071126,3,1,2026-10-01,2026-12-31,0.0,USD,2026-10-01,DAC-1601,Gates Foundation,60,,,PATH,,
DAC-1601-INV-071126,4,1,2027-01-01,2027-03-31,0.0,USD,2027-01-01,DAC-1601,Gates Foundation,60,,,PATH,,
DAC-1601-INV-071126,5,1,2027-04-01,2027-06-30,0.0,USD,2027-04-01,DAC-1601,Gates Foundation,60,,,PATH,,
DAC-1601-INV-071126,6,1,2027-07-01,2027-09-30,0.0,USD,2027-07-01,DAC-1601,Gates Foundation,60,,,PATH,,
DAC-1601-INV-071126,7,1,2027-10-01,2027-12-31,0.0,USD,2027-10-01,DAC-1601,Gates Foundation,60,,,PATH,,
DAC-1601-INV-075897,0,1,2026-01-01,2026-03-31,0.0,USD,2026-01-01,DAC-1601,Gates Foundation,60,,,Project HOPE,,
DAC-1601-INV-075897,1,1,2026-04-01,2026-06-30,0.0,USD,2026-04-01,DAC-1601,Gates Foundation,60,,,Project HOPE,,
DAC-1601-INV-075897,2,1,2026-07-01,2026-09-30,0.0,USD,2026-07-01,DAC-1601,Gates Foundation,60,,,Project HOPE,,
DAC-1601-INV-075897,3,1,2026-10-01,2026-12-31,0.0,USD,2026-10-01,DAC-1601,Gates Foundation,60,,,Project HOPE,,
DAC-1601-INV-075897,4,1,2027-01-01,2027-03-31,0.0,USD,2027-01-01,DAC-1601,Gates Foundation,60,,,Project HOPE,,
DAC-1601-INV-075897,5,1,2027-04-01,2027-06-30,0.0,USD,2027-04-01,DAC-1601,Gates Foundation,60,,,Project HOPE,,
DAC-1601-INV-075897,6,1,2027-07-01,2027-09-30,0.0,USD,2027-07-01,DAC-1601,Gates Foundation,60,,,Project HOPE,,
DAC-1601-INV-075897,7,1,2027-10-01,2027-12-31,0.0,USD,2027-10-01,DAC-1601,Gates Foundation,60,,,Project HOPE,,
DAC-1601-INV-090032,0,1,2026-01-01,2026-03-31,0.0,USD,2026-01-01,DAC-1601,Gates Foundation,60,,,International Rescue Committee,,
DAC-1601-INV-090032,1,1,2026-04-01,2026-06-30,0.0,USD,2026-04-01,DAC-1601,Gates Foundation,60,,,International Rescue Committee,,
DAC-1601-INV-090032,2,1,2026-07-01,2026-09-30,0.0,USD,2026-07-01,DAC-1601,Gates Foundation,60,,,International Rescue Committee,,
DAC-1601-INV-090032,3,1,2026-10-01,2026-12-31,0.0,USD,2026-10-01,DAC-1601,Gates Foundation,60,,,International Rescue Committee,,
DAC-1601-INV-090032,4,1,2027-01-01,2027-03-31,300000.0,USD,2027-01-01,DAC-1601,Gates Foundation,60,,,International Rescue Committee,,
DAC-1601-INV-090032,5,1,2027-04-01,2027-06-30,0.0,USD,2027-04-01,DAC-1601,Gates Foundation,60,,,International Rescue Committee,,
DAC-1601-INV-090032,6,1,2027-07-01,2027-09-30,0.0,USD,2027-07-01,DAC-1601,Gates Foundation,60,,,International Rescue Committee,,
DAC-1601-INV-090032,7,1,2027-10-01,2027-12-31,0.0,USD,2027-10-01,DAC-1601,Gates Foundation,60,,,International Rescue Committee,,
XM-DAC-41122-Somalia-3920/A0/06/001/001,0,2,2015-01-01,2015-12-31,2662889.0,USD,2026-07-31,XM-DAC-41122,,40,,,,,
XM-DAC-41122-Somalia-3920/A0/06/001/001,1,2,2014-01-01,2014-12-31,2662889.0,USD,2026-07-31,XM-DAC-41122,,40,,,,,
XM-DAC-41122-Somalia-3920/A0/06/001/001,2,2,2013-01-01,2013-12-31,2662889.0,USD,2026-07-31,XM-DAC-41122,,40,,,,,
XM-DAC-41122-Somalia-3920/A0/06/001/001,3,2,2012-01-01,2012-12-31,534474.0,USD,2026-07-31,XM-DAC-41122,,40,,,,,
XM-DAC-41122-Somalia-3920/A0/06/001/001,4,2,2016-01-01,2016-12-31,280.0,USD,2026-07-31,XM-DAC-41122,,40,,,,,
XM-DAC-41122-Somalia-3920/A0/06/101/012,0,2,2014-01-01,2014-12-31,757506.0,USD,2026-07-31,XM-DAC-41122,,40,,,,,
XM-DAC-41122-Somalia-3920/A0/06/101/012,1,2,2015-01-01,2015-12-31,184303.0,USD,2026-07-31,XM-DAC-41122,,40,,,,,
XM-DAC-41122-Somalia-3920/A0/06/101/012,2,2,2016-01-01,2016-12-31,243907.0,USD,2026-07-31,XM-DAC-41122,,40,,,,,
XM-DAC-41122-Somalia-3920/A0/06/101/012,3,2,2017-01-01,2017-12-31,1022528.0,USD,2026-07-31,XM-DAC-41122,,40,,,,,
XM-DAC-41122-Somalia-3920/A0/06/015/010,0,2,2012-01-01,2012-12-31,454972.0,USD,2026-07-31,XM-DAC-41122,,40,,,,,
XM-DAC-41122-Somalia-3920/A0/06/015/010,1,2,2013-01-01,2013-12-31,2635.0,USD,2026-07-31,XM-DAC-41122,,40,,,,,
XM-DAC-41122-Somalia-3920/A0/06/015/010,2,2,2014-01-01,2014-12-31,200.0,USD,2026-07-31,XM-DAC-41122,,40,,,,,
XM-DAC-41122-Somalia-3920/A0/06/015/010,3,2,2015-01-01,2015-12-31,86.0,USD,2026-07-31,XM-DAC-41122,,40,,,,,
XM-DAC-41122-Ethiopia-1410/A0/05/101/005,0,2,2013-01-01,2013-12-31,1273075.0,USD,2026-07-31,XM-DAC-41122,,40,,,,,
XM-DAC-41122-Ethiopia-1410/A0/05/101/005,1,2,2012-01-01,2012-12-31,247652.0,USD,2026-07-31,XM-DAC-41122,,40,,,,,
XM-DAC-41122-Ethiopia-1410/A0/05/101/005,2,2,2014-01-01,2014-12-31,380182.0,USD,2026-07-31,XM-DAC-41122,,40,,,,,
XM-DAC-41122-Ethiopia-1410/A0/05/102/005,0,2,2013-01-01,2013-12-31,944698.0,USD,2026-07-31,XM-DAC-41122,,40,,,,,
XM-DAC-41122-Ethiopia-1410/A0/05/102/005,1,2,2014-01-01,2014-12-31,261516.0,USD,2026-07-31,XM-DAC-41122,,40,,,,,
XM-DAC-41122-Ethiopia-1410/A0/05/102/005,2,2,2012-01-01,2012-12-31,101364.0,USD,2026-07-31,XM-DAC-41122,,40,,,,,
XM-DAC-41122-Ethiopia-1410/A0/05/101/006,0,2,2014-01-01,2014-12-31,2124.0,USD,2026-07-31,XM-DAC-41122,,40,,,,,
XM-DAC-41122-Ethiopia-1410/A0/05/101/006,1,2,2013-01-01,2013-12-31,91625.0,USD,2026-07-31,XM-DAC-41122,,40,,,,,
XM-DAC-41122-Ethiopia-1410/A0/05/101/006,2,2,2012-01-01,2012-12-31,91626.0,USD,2026-07-31,XM-DAC-41122,,40,,,,,
XM-DAC-41122-Ethiopia-1410/A0/05/101/001,0,2,2015-01-01,2015-12-31,17062.0,USD,2026-07-31,XM-DAC-41122,,40,,,,,
XM-DAC-41122-Ethiopia-1410/A0/05/101/001,1,2,2014-01-01,2014-12-31,344087.0,USD,2026-07-31,XM-DAC-41122,,40,,,,,
XM-DAC-41122-Ethiopia-1410/A0/05/101/001,2,2,2012-01-01,2012-12-31,201042.0,USD,2026-07-31,XM-DAC-41122,,40,,,,,
XM-DAC-41122-Ethiopia-1410/A0/05/101/001,3,2,2013-01-01,2013-12-31,1175304.0,USD,2026-07-31,XM-DAC-41122,,40,,,,,
XM-DAC-41122-Rwanda-3750/A0/05/100/002,0,2,2018-01-01,2018-12-31,2381773.0,USD,2026-07-31,XM-DAC-41122,,40,,,,,
XM-DAC-41122-Rwanda-3750/A0/05/100/002,1,2,2017-01-01,2017-12-31,8623474.0,USD,2026-07-31,XM-DAC-41122,,40,,,,,
XM-DAC-41122-Rwanda-3750/A0/05/100/002,2,2,2016-01-01,2016-12-31,6629470.0,USD,2026-07-31,XM-DAC-41122,,40,,,,,
XM-DAC-41122-Rwanda-3750/A0/05/100/002,3,2,2015-01-01,2015-12-31,4389590.0,USD,2026-07-31,XM-DAC-41122,,40,,,,,
XM-DAC-41122-Democratic Republic of Congo-0990/A0/06/001/009,0,2,2017-01-01,2017-12-31,13444.0,USD,2026-07-31,XM-DAC-41122,,40,,,,,
XM-DAC-41122-Democratic Republic of Congo-0990/A0/05/307/036,0,2,2012-01-01,2012-12-31,79157.0,USD,2026-07-31,XM-DAC-41122,,40,,,,,
DAC-1601-INV-089124,0,1,2026-01-01,2026-03-31,0.0,USD,2026-01-01,DAC-1601,Gates Foundation,60,,,Family Health International,,
DAC-1601-INV-089124,1,1,2026-04-01,2026-06-30,0.0,USD,2026-04-01,DAC-1601,Gates Foundation,60,,,Family Health International,,
DAC-1601-INV-089124,2,1,2026-07-01,2026-09-30,0.0,USD,2026-07-01,DAC-1601,Gates Foundation,60,,,Family Health International,,
DAC-1601-INV-089124,3,1,2026-10-01,2026-12-31,100000.0,USD,2026-10-01,DAC-1601,Gates Foundation,60,,,Family Health International,,
DAC-1601-INV-089124,4,1,2027-01-01,2027-03-31,0.0,USD,2027-01-01,DAC-1601,Gates Foundation,60,,,Family Health International,,
DAC-1601-INV-089124,5,1,2027-04-01,2027-06-30,0.0,USD,2027-04-01,DAC-1601,Gates Foundation,60,,,Family Health International,,
DAC-1601-INV-089124,6,1,2027-07-01,2027-09-30,0.0,USD,2027-07-01,DAC-1601,Gates Foundation,60,,,Family Health International,,
DAC-1601-INV-089124,7,1,2027-10-01,2027-12-31,0.0,USD,2027-10-01,DAC-1601,Gates Foundation,60,,,Family Health International,,
XM-DAC-41122-Somalia-3920/A0/06/023/008,0,2,2012-01-01,2012-12-31,11043.0,USD,2026-07-31,XM-DAC-41122,,40,,,,,
XM-DAC-41122-Somalia-3920/A0/06/022/008,0,2,2012-01-01,2012-12-31,65350.0,USD,2026-07-31,XM-DAC-41122,,40,,,,,
XM-DAC-41122-Somalia-3920/A0/06/020/017,0,2,2012-01-01,2012-12-31,265815.0,USD,2026-07-31,XM-DAC-41122,,40,,,,,
XM-DAC-41122-Democratic Republic of Congo-0990/A0/05/301/020,0,2,2012-01-01,2012-12-31,4666589.0,USD,2026-07-31,XM-DAC-41122,,40,,,,,
XM-DAC-41122-Somalia-3920/A0/06/102/001,0,2,2016-01-01,2016-12-31,16515703.0,USD,2026-07-31,XM-DAC-41122,,40,,,,,
XM-DAC-41122-Somalia-3920/A0/06/102/001,1,2,2017-01-01,2017-12-31,25857141.0,USD,2026-07-31,XM-DAC-41122,,40,,,,,
XM-DAC-41122-Somalia-3920/A0/06/102/001,2,2,2015-01-01,2015-12-31,19033905.0,USD,2026-07-31,XM-DAC-41122,,40,,,,,
XM-DAC-41122-Somalia-3920/A0/06/102/001,3,2,2014-01-01,2014-12-31,12228774.0,USD,2026-07-31,XM-DAC-41122,,40,,,,,
DAC-1601-INV-056437,0,1,2026-01-01,2026-03-31,0.0,USD,2026-01-01,DAC-1601,Gates Foundation,60,,,Malaria Partners International,,
DAC-1601-INV-056437,1,1,2026-04-01,2026-06-30,0.0,USD,2026-04-01,DAC-1601,Gates Foundation,60,,,Malaria Partners International,,
DAC-1601-INV-056437,2,1,2026-07-01,2026-09-30,0.0,USD,2026-07-01,DAC-1601,Gates Foundation,60,,,Malaria Partners International,,
DAC-1601-INV-056437,3,1,2026-10-01,2026-12-31,0.0,USD,2026-10-01,DAC-1601,Gates Foundation,60,,,Malaria Partners International,,
DAC-1601-INV-056437,4,1,2027-01-01,2027-03-31,0.0,USD,2027-01-01,DAC-1601,Gates Foundation,60,,,Malaria Partners International,,
DAC-1601-INV-056437,5,1,2027-04-01,2027-06-30,0.0,USD,2027-04-01,DAC-1601,Gates Foundation,60,,,Malaria Partners International,,
DAC-1601-INV-056437,6,1,2027-07-01,2027-09-30,0.0,USD,2027-07-01,DAC-1601,Gates Foundation,60,,,Malaria Partners International,,
DAC-1601-INV-056437,7,1,2027-10-01,2027-12-31,0.0,USD,2027-10-01,DAC-1601,Gates Foundation,60,,,Malaria Partners International,,
XM-DAC-41122-South Sudan-4040/A0/01/002/101,0,2,2014-01-01,2014-12-31,1180000.0,USD,2026-07-31,XM-DAC-41122,,40,,,,,
XM-DAC-41122-South Sudan-4040/A0/01/002/101,1,2,2016-01-01,2016-12-31,710000.0,USD,2026-07-31,XM-DAC-41122,,40,,,,,
XM-DAC-41122-South Sudan-4040/A0/01/002/101,2,2,2015-01-01,2015-12-31,1180000.0,USD,2026-07-31,XM-DAC-41122,,40,,,,,
XM-DAC-41122-Democratic Republic of Congo-0990/A0/05/301/099,0,2,2012-01-01,2012-12-31,28643.0,USD,2026-07-31,XM-DAC-41122,,40,,,,,
XM-DAC-41122-Kenya-2400/A0/05/007/001,0,2,2014-01-01,2014-12-31,535410.0,USD,2026-07-31,XM-DAC-41122,,40,,,,,
XM-DAC-41122-Kenya-2400/A0/05/007/001,1,2,2015-01-01,2015-12-31,803390.0,USD,2026-07-31,XM-DAC-41122,,40,,,,,
XM-DAC-41122-Kenya-2400/A0/05/007/001,2,2,2018-01-01,2018-12-31,357500.0,USD,2026-07-31,XM-DAC-41122,,40,,,,,
XM-DAC-41122-Kenya-2400/A0/05/007/001,3,2,2017-01-01,2017-12-31,715000.0,USD,2026-07-31,XM-DAC-41122,,40,,,,,
XM-DAC-41122-Kenya-2400/A0/05/007/001,4,2,2016-01-01,2016-12-31,1507395.0,USD,2026-07-31,XM-DAC-41122,,40,,,,,
GB-COH-10633588-Ascend,0,1,2019-06-01,2022-03-31,0.0,GBP,2019-10-14,,,,,,,,
KR-GOV-010-KR-GOV-051-2026030702394,0,1,2026-01-01,2026-12-31,0.0,KRW,2026-06-30,KR-GOV-051,Korea International Cooperation Agency,10,KR-GOV-010-KR-GOV-051-2026030702394,,,,
XI-IATI-EC_INTPA-2022-PC-20119,0,1,2026-06-01,2026-06-30,1141734.25,,2026-01-01,,European Commission - Directorate General for International Partnerships,15,XI-IATI-EC_INTPA-2022-PC-20119,,United Nations Children's Fund,,
XI-IATI-EC_INTPA-2022-PC-20034,0,1,2026-06-01,2026-06-30,248049.25,,2026-01-01,,European Commission - Directorate General for International Partnerships,15,XI-IATI-EC_INTPA-2022-PC-20034,,Third Country Government (Delegated co-operation),,
XI-IATI-EC_INTPA-2023-PC-22174,0,1,2026-06-01,2026-06-30,112500.0,,2026-01-01,,European Commission - Directorate General for International Partnerships,15,XI-IATI-EC_INTPA-2023-PC-22174,,Other multilateral institution,,
DAC-1601-INV-034117,0,1,2026-01-01,2026-03-31,0.0,USD,2026-01-01,DAC-1601,Gates Foundation,60,,,"MERQ Consultancy, PLC",,
DAC-1601-INV-034117,1,1,2026-04-01,2026-06-30,0.0,USD,2026-04-01,DAC-1601,Gates Foundation,60,,,"MERQ Consultancy, PLC",,
DAC-1601-INV-034117,2,1,2026-07-01,2026-09-30,0.0,USD,2026-07-01,DAC-1601,Gates Foundation,60,,,"MERQ Consultancy, PLC",,
DAC-1601-INV-034117,3,1,2026-10-01,2026-12-31,478369.0,USD,2026-10-01,DAC-1601,Gates Foundation,60,,,"MERQ Consultancy, PLC",,
DAC-1601-INV-034117,4,1,2027-01-01,2027-03-31,0.0,USD,2027-01-01,DAC-1601,Gates Foundation,60,,,"MERQ Consultancy, PLC",,
DAC-1601-INV-034117,5,1,2027-04-01,2027-06-30,0.0,USD,2027-04-01,DAC-1601,Gates Foundation,60,,,"MERQ Consultancy, PLC",,
DAC-1601-INV-034117,6,1,2027-07-01,2027-09-30,0.0,USD,2027-07-01,DAC-1601,Gates Foundation,60,,,"MERQ Consultancy, PLC",,
DAC-1601-INV-034117,7,1,2027-10-01,2027-12-31,101130.0,USD,2027-10-01,DAC-1601,Gates Foundation,60,,,"MERQ Consultancy, PLC",,
DAC-1601-INV-033509,0,1,2026-01-01,2026-03-31,0.0,USD,2026-01-01,DAC-1601,Gates Foundation,60,,,Ethiopia Federal Ministry of Health,,
DAC-1601-INV-033509,1,1,2026-04-01,2026-06-30,0.0,USD,2026-04-01,DAC-1601,Gates Foundation,60,,,Ethiopia Federal Ministry of Health,,
DAC-1601-INV-033509,2,1,2026-07-01,2026-09-30,0.0,USD,2026-07-01,DAC-1601,Gates Foundation,60,,,Ethiopia Federal Ministry of Health,,
DAC-1601-INV-033509,3,1,2026-10-01,2026-12-31,6100000.0,USD,2026-10-01,DAC-1601,Gates Foundation,60,,,Ethiopia Federal Ministry of Health,,
DAC-1601-INV-033509,4,1,2027-01-01,2027-03-31,0.0,USD,2027-01-01,DAC-1601,Gates Foundation,60,,,Ethiopia Federal Ministry of Health,,
DAC-1601-INV-033509,5,1,2027-04-01,2027-06-30,0.0,USD,2027-04-01,DAC-1601,Gates Foundation,60,,,Ethiopia Federal Ministry of Health,,
DAC-1601-INV-033509,6,1,2027-07-01,2027-09-30,0.0,USD,2027-07-01,DAC-1601,Gates Foundation,60,,,Ethiopia Federal Ministry of Health,,
DAC-1601-INV-033509,7,1,2027-10-01,2027-12-31,7800000.0,USD,2027-10-01,DAC-1601,Gates Foundation,60,,,Ethiopia Federal Ministry of Health,,
DAC-1601-INV-002643,0,1,2026-01-01,2026-03-31,0.0,USD,2026-01-01,DAC-1601,Gates Foundation,60,,,AMREF Health Africa,,
DAC-1601-INV-002643,1,1,2026-04-01,2026-06-30,0.0,USD,2026-04-01,DAC-1601,Gates Foundation,60,,,AMREF Health Africa,,
DAC-1601-INV-002643,2,1,2026-07-01,2026-09-30,1756510.0,USD,2026-07-01,DAC-1601,Gates Foundation,60,,,AMREF Health Africa,,
DAC-1601-INV-002643,3,1,2026-10-01,2026-12-31,0.0,USD,2026-10-01,DAC-1601,Gates Foundation,60,,,AMREF Health Africa,,
DAC-1601-INV-002643,4,1,2027-01-01,2027-03-31,0.0,USD,2027-01-01,DAC-1601,Gates Foundation,60,,,AMREF Health Africa,,
DAC-1601-INV-002643,5,1,2027-04-01,2027-06-30,0.0,USD,2027-04-01,DAC-1601,Gates Foundation,60,,,AMREF Health Africa,,
DAC-1601-INV-002643,6,1,2027-07-01,2027-09-30,0.0,USD,2027-07-01,DAC-1601,Gates Foundation,60,,,AMREF Health Africa,,
DAC-1601-INV-002643,7,1,2027-10-01,2027-12-31,0.0,USD,2027-10-01,DAC-1601,Gates Foundation,60,,,AMREF Health Africa,,
DAC-1601-INV-037995,0,1,2026-01-01,2026-03-31,0.0,USD,2026-01-01,DAC-1601,Gates Foundation,60,,,"JSI Research & Training Institute, Inc.",,
DAC-1601-INV-037995,1,1,2026-04-01,2026-06-30,1684159.0,USD,2026-04-01,DAC-1601,Gates Foundation,60,,,"JSI Research & Training Institute, Inc.",,
DAC-1601-INV-037995,2,1,2026-07-01,2026-09-30,0.0,USD,2026-07-01,DAC-1601,Gates Foundation,60,,,"JSI Research & Training Institute, Inc.",,
DAC-1601-INV-037995,3,1,2026-10-01,2026-12-31,0.0,USD,2026-10-01,DAC-1601,Gates Foundation,60,,,"JSI Research & Training Institute, Inc.",,
DAC-1601-INV-037995,4,1,2027-01-01,2027-03-31,0.0,USD,2027-01-01,DAC-1601,Gates Foundation,60,,,"JSI Research & Training Institute, Inc.",,
DAC-1601-INV-037995,5,1,2027-04-01,2027-06-30,0.0,USD,2027-04-01,DAC-1601,Gates Foundation,60,,,"JSI Research & Training Institute, Inc.",,
DAC-1601-INV-037995,6,1,2027-07-01,2027-09-30,0.0,USD,2027-07-01,DAC-1601,Gates Foundation,60,,,"JSI Research & Training Institute, Inc.",,
DAC-1601-INV-037995,7,1,2027-10-01,2027-12-31,0.0,USD,2027-10-01,DAC-1601,Gates Foundation,60,,,"JSI Research & Training Institute, Inc.",,
DAC-1601-INV-058392,0,1,2026-01-01,2026-03-31,0.0,USD,2026-01-01,DAC-1601,Gates Foundation,60,,,Management Sciences for Health,,
DAC-1601-INV-058392,1,1,2026-04-01,2026-06-30,0.0,USD,2026-04-01,DAC-1601,Gates Foundation,60,,,Management Sciences for Health,,
DAC-1601-INV-058392,2,1,2026-07-01,2026-09-30,0.0,USD,2026-07-01,DAC-1601,Gates Foundation,60,,,Management Sciences for Health,,
DAC-1601-INV-058392,3,1,2026-10-01,2026-12-31,0.0,USD,2026-10-01,DAC-1601,Gates Foundation,60,,,Management Sciences for Health,,
DAC-1601-INV-058392,4,1,2027-01-01,2027-03-31,0.0,USD,2027-01-01,DAC-1601,Gates Foundation,60,,,Management Sciences for Health,,
DAC-1601-INV-058392,5,1,2027-04-01,2027-06-30,0.0,USD,2027-04-01,DAC-1601,Gates Foundation,60,,,Management Sciences for Health,,
DAC-1601-INV-058392,6,1,2027-07-01,2027-09-30,0.0,USD,2027-07-01,DAC-1601,Gates Foundation,60,,,Management Sciences for Health,,
DAC-1601-INV-058392,7,1,2027-10-01,2027-12-31,0.0,USD,2027-10-01,DAC-1601,Gates Foundation,60,,,Management Sciences for Health,,
DAC-1601-INV-044194,0,1,2026-01-01,2026-03-31,0.0,USD,2026-01-01,DAC-1601,Gates Foundation,60,,,Clinton Health Access Initiative Inc,,
DAC-1601-INV-044194,1,1,2026-04-01,2026-06-30,0.0,USD,2026-04-01,DAC-1601,Gates Foundation,60,,,Clinton Health Access Initiative Inc,,
DAC-1601-INV-044194,2,1,2026-07-01,2026-09-30,0.0,USD,2026-07-01,DAC-1601,Gates Foundation,60,,,Clinton Health Access Initiative Inc,,
DAC-1601-INV-044194,3,1,2026-10-01,2026-12-31,0.0,USD,2026-10-01,DAC-1601,Gates Foundation,60,,,Clinton Health Access Initiative Inc,,
DAC-1601-INV-044194,4,1,2027-01-01,2027-03-31,0.0,USD,2027-01-01,DAC-1601,Gates Foundation,60,,,Clinton Health Access Initiative Inc,,
DAC-1601-INV-044194,5,1,2027-04-01,2027-06-30,0.0,USD,2027-04-01,DAC-1601,Gates Foundation,60,,,Clinton Health Access Initiative Inc,,
DAC-1601-INV-044194,6,1,2027-07-01,2027-09-30,0.0,USD,2027-07-01,DAC-1601,Gates Foundation,60,,,Clinton Health Access Initiative Inc,,
DAC-1601-INV-044194,7,1,2027-10-01,2027-12-31,0.0,USD,2027-10-01,DAC-1601,Gates Foundation,60,,,Clinton Health Access Initiative Inc,,
DAC-1601-INV-060921,0,1,2026-01-01,2026-03-31,0.0,USD,2026-01-01,DAC-1601,Gates Foundation,60,,,United States Fund for UNICEF,,
DAC-1601-INV-060921,1,1,2026-04-01,2026-06-30,0.0,USD,2026-04-01,DAC-1601,Gates Foundation,60,,,United States Fund for UNICEF,,
DAC-1601-INV-060921,2,1,2026-07-01,2026-09-30,0.0,USD,2026-07-01,DAC-1601,Gates Foundation,60,,,United States Fund for UNICEF,,
DAC-1601-INV-060921,3,1,2026-10-01,2026-12-31,0.0,USD,2026-10-01,DAC-1601,Gates Foundation,60,,,United States Fund for UNICEF,,
DAC-1601-INV-060921,4,1,2027-01-01,2027-03-31,0.0,USD,2027-01-01,DAC-1601,Gates Foundation,60,,,United States Fund for UNICEF,,
DAC-1601-INV-060921,5,1,2027-04-01,2027-06-30,0.0,USD,2027-04-01,DAC-1601,Gates Foundation,60,,,United States Fund for UNICEF,,
DAC-1601-INV-060921,6,1,2027-07-01,2027-09-30,0.0,USD,2027-07-01,DAC-1601,Gates Foundation,60,,,United States Fund for UNICEF,,
DAC-1601-INV-060921,7,1,2027-10-01,2027-12-31,0.0,USD,2027-10-01,DAC-1601,Gates Foundation,60,,,United States Fund for UNICEF,,
DAC-1601-INV-064565,0,1,2026-01-01,2026-03-31,0.0,USD,2026-01-01,DAC-1601,Gates Foundation,60,,,International Bank for Reconstruction and Development,,
DAC-1601-INV-064565,1,1,2026-04-01,2026-06-30,0.0,USD,2026-04-01,DAC-1601,Gates Foundation,60,,,International Bank for Reconstruction and Development,,
DAC-1601-INV-064565,2,1,2026-07-01,2026-09-30,0.0,USD,2026-07-01,DAC-1601,Gates Foundation,60,,,International Bank for Reconstruction and Development,,
DAC-1601-INV-064565,3,1,2026-10-01,2026-12-31,0.0,USD,2026-10-01,DAC-1601,Gates Foundation,60,,,International Bank for Reconstruction and Development,,
DAC-1601-INV-064565,4,1,2027-01-01,2027-03-31,2500000.0,USD,2027-01-01,DAC-1601,Gates Foundation,60,,,International Bank for Reconstruction and Development,,
DAC-1601-INV-064565,5,1,2027-04-01,2027-06-30,0.0,USD,2027-04-01,DAC-1601,Gates Foundation,60,,,International Bank for Reconstruction and Development,,
DAC-1601-INV-064565,6,1,2027-07-01,2027-09-30,0.0,USD,2027-07-01,DAC-1601,Gates Foundation,60,,,International Bank for Reconstruction and Development,,
DAC-1601-INV-064565,7,1,2027-10-01,2027-12-31,0.0,USD,2027-10-01,DAC-1601,Gates Foundation,60,,,International Bank for Reconstruction and Development,,
DAC-1601-INV-045969,0,1,2026-01-01,2026-03-31,0.0,USD,2026-01-01,DAC-1601,Gates Foundation,60,,,UN Women,,
DAC-1601-INV-045969,1,1,2026-04-01,2026-06-30,0.0,USD,2026-04-01,DAC-1601,Gates Foundation,60,,,UN Women,,
DAC-1601-INV-045969,2,1,2026-07-01,2026-09-30,0.0,USD,2026-07-01,DAC-1601,Gates Foundation,60,,,UN Women,,
DAC-1601-INV-045969,3,1,2026-10-01,2026-12-31,0.0,USD,2026-10-01,DAC-1601,Gates Foundation,60,,,UN Women,,
DAC-1601-INV-045969,4,1,2027-01-01,2027-03-31,0.0,USD,2027-01-01,DAC-1601,Gates Foundation,60,,,UN Women,,
DAC-1601-INV-045969,5,1,2027-04-01,2027-06-30,0.0,USD,2027-04-01,DAC-1601,Gates Foundation,60,,,UN Women,,
DAC-1601-INV-045969,6,1,2027-07-01,2027-09-30,0.0,USD,2027-07-01,DAC-1601,Gates Foundation,60,,,UN Women,,
DAC-1601-INV-045969,7,1,2027-10-01,2027-12-31,0.0,USD,2027-10-01,DAC-1601,Gates Foundation,60,,,UN Women,,
DAC-1601-INV-042788,0,1,2026-01-01,2026-03-31,0.0,USD,2026-01-01,DAC-1601,Gates Foundation,60,,,Ethiopian Pediatrics Society,,
DAC-1601-INV-042788,1,1,2026-04-01,2026-06-30,0.0,USD,2026-04-01,DAC-1601,Gates Foundation,60,,,Ethiopian Pediatrics Society,,
DAC-1601-INV-042788,2,1,2026-07-01,2026-09-30,0.0,USD,2026-07-01,DAC-1601,Gates Foundation,60,,,Ethiopian Pediatrics Society,,
DAC-1601-INV-042788,3,1,2026-10-01,2026-12-31,0.0,USD,2026-10-01,DAC-1601,Gates Foundation,60,,,Ethiopian Pediatrics Society,,
DAC-1601-INV-042788,4,1,2027-01-01,2027-03-31,0.0,USD,2027-01-01,DAC-1601,Gates Foundation,60,,,Ethiopian Pediatrics Society,,
DAC-1601-INV-042788,5,1,2027-04-01,2027-06-30,0.0,USD,2027-04-01,DAC-1601,Gates Foundation,60,,,Ethiopian Pediatrics Society,,
DAC-1601-INV-042788,6,1,2027-07-01,2027-09-30,0.0,USD,2027-07-01,DAC-1601,Gates Foundation,60,,,Ethiopian Pediatrics Society,,
DAC-1601-INV-042788,7,1,2027-10-01,2027-12-31,0.0,USD,2027-10-01,DAC-1601,Gates Foundation,60,,,Ethiopian Pediatrics Society,,
DAC-1601-INV-044204,0,1,2026-01-01,2026-03-31,0.0,USD,2026-01-01,DAC-1601,Gates Foundation,60,,,Harvard T.H. Chan School of Public Health,,
DAC-1601-INV-044204,1,1,2026-04-01,2026-06-30,0.0,USD,2026-04-01,DAC-1601,Gates Foundation,60,,,Harvard T.H. Chan School of Public Health,,
DAC-1601-INV-044204,2,1,2026-07-01,2026-09-30,1650306.0,USD,2026-07-01,DAC-1601,Gates Foundation,60,,,Harvard T.H. Chan School of Public Health,,
DAC-1601-INV-044204,3,1,2026-10-01,2026-12-31,0.0,USD,2026-10-01,DAC-1601,Gates Foundation,60,,,Harvard T.H. Chan School of Public Health,,
DAC-1601-INV-044204,4,1,2027-01-01,2027-03-31,0.0,USD,2027-01-01,DAC-1601,Gates Foundation,60,,,Harvard T.H. Chan School of Public Health,,
DAC-1601-INV-044204,5,1,2027-04-01,2027-06-30,0.0,USD,2027-04-01,DAC-1601,Gates Foundation,60,,,Harvard T.H. Chan School of Public Health,,
DAC-1601-INV-044204,6,1,2027-07-01,2027-09-30,0.0,USD,2027-07-01,DAC-1601,Gates Foundation,60,,,Harvard T.H. Chan School of Public Health,,
DAC-1601-INV-044204,7,1,2027-10-01,2027-12-31,0.0,USD,2027-10-01,DAC-1601,Gates Foundation,60,,,Harvard T.H. Chan School of Public Health,,
DAC-1601-INV-064140,0,1,2026-01-01,2026-03-31,0.0,USD,2026-01-01,DAC-1601,Gates Foundation,60,,,Clinton Health Access Initiative Inc,,
DAC-1601-INV-064140,1,1,2026-04-01,2026-06-30,0.0,USD,2026-04-01,DAC-1601,Gates Foundation,60,,,Clinton Health Access Initiative Inc,,
DAC-1601-INV-064140,2,1,2026-07-01,2026-09-30,0.0,USD,2026-07-01,DAC-1601,Gates Foundation,60,,,Clinton Health Access Initiative Inc,,
DAC-1601-INV-064140,3,1,2026-10-01,2026-12-31,0.0,USD,2026-10-01,DAC-1601,Gates Foundation,60,,,Clinton Health Access Initiative Inc,,
DAC-1601-INV-064140,4,1,2027-01-01,2027-03-31,0.0,USD,2027-01-01,DAC-1601,Gates Foundation,60,,,Clinton Health Access Initiative Inc,,
DAC-1601-INV-064140,5,1,2027-04-01,2027-06-30,0.0,USD,2027-04-01,DAC-1601,Gates Foundation,60,,,Clinton Health Access Initiative Inc,,
DAC-1601-INV-064140,6,1,2027-07-01,2027-09-30,0.0,USD,2027-07-01,DAC-1601,Gates Foundation,60,,,Clinton Health Access Initiative Inc,,
DAC-1601-INV-064140,7,1,2027-10-01,2027-12-31,0.0,USD,2027-10-01,DAC-1601,Gates Foundation,60,,,Clinton Health Access Initiative Inc,,
DAC-1601-INV-072401,0,1,2026-01-01,2026-03-31,0.0,USD,2026-01-01,DAC-1601,Gates Foundation,60,,,Addis Ababa University,,
DAC-1601-INV-072401,1,1,2026-04-01,2026-06-30,0.0,USD,2026-04-01,DAC-1601,Gates Foundation,60,,,Addis Ababa University,,
DAC-1601-INV-072401,2,1,2026-07-01,2026-09-30,214415.0,USD,2026-07-01,DAC-1601,Gates Foundation,60,,,Addis Ababa University,,
DAC-1601-INV-072401,3,1,2026-10-01,2026-12-31,0.0,USD,2026-10-01,DAC-1601,Gates Foundation,60,,,Addis Ababa University,,
DAC-1601-INV-072401,4,1,2027-01-01,2027-03-31,0.0,USD,2027-01-01,DAC-1601,Gates Foundation,60,,,Addis Ababa University,,
DAC-1601-INV-072401,5,1,2027-04-01,2027-06-30,0.0,USD,2027-04-01,DAC-1601,Gates Foundation,60,,,Addis Ababa University,,
DAC-1601-INV-072401,6,1,2027-07-01,2027-09-30,238675.0,USD,2027-07-01,DAC-1601,Gates Foundation,60,,,Addis Ababa University,,
DAC-1601-INV-072401,7,1,2027-10-01,2027-12-31,0.0,USD,2027-10-01,DAC-1601,Gates Foundation,60,,,Addis Ababa University,,
DAC-1601-INV-074660,0,1,2026-01-01,2026-03-31,0.0,USD,2026-01-01,DAC-1601,Gates Foundation,60,,,Addis Ababa University,,
DAC-1601-INV-074660,1,1,2026-04-01,2026-06-30,0.0,USD,2026-04-01,DAC-1601,Gates Foundation,60,,,Addis Ababa University,,
DAC-1601-INV-074660,2,1,2026-07-01,2026-09-30,0.0,USD,2026-07-01,DAC-1601,Gates Foundation,60,,,Addis Ababa University,,
DAC-1601-INV-074660,3,1,2026-10-01,2026-12-31,0.0,USD,2026-10-01,DAC-1601,Gates Foundation,60,,,Addis Ababa University,,
DAC-1601-INV-074660,4,1,2027-01-01,2027-03-31,404682.0,USD,2027-01-01,DAC-1601,Gates Foundation,60,,,Addis Ababa University,,
DAC-1601-INV-074660,5,1,2027-04-01,2027-06-30,0.0,USD,2027-04-01,DAC-1601,Gates Foundation,60,,,Addis Ababa University,,
DAC-1601-INV-074660,6,1,2027-07-01,2027-09-30,0.0,USD,2027-07-01,DAC-1601,Gates Foundation,60,,,Addis Ababa University,,
DAC-1601-INV-074660,7,1,2027-10-01,2027-12-31,0.0,USD,2027-10-01,DAC-1601,Gates Foundation,60,,,Addis Ababa University,,
DAC-1601-INV-073802,0,1,2026-01-01,2026-03-31,0.0,USD,2026-01-01,DAC-1601,Gates Foundation,60,,,WEEMA International Inc,,
DAC-1601-INV-073802,1,1,2026-04-01,2026-06-30,0.0,USD,2026-04-01,DAC-1601,Gates Foundation,60,,,WEEMA International Inc,,
DAC-1601-INV-073802,2,1,2026-07-01,2026-09-30,200000.0,USD,2026-07-01,DAC-1601,Gates Foundation,60,,,WEEMA International Inc,,
DAC-1601-INV-073802,3,1,2026-10-01,2026-12-31,0.0,USD,2026-10-01,DAC-1601,Gates Foundation,60,,,WEEMA International Inc,,
DAC-1601-INV-073802,4,1,2027-01-01,2027-03-31,100000.0,USD,2027-01-01,DAC-1601,Gates Foundation,60,,,WEEMA International Inc,,
DAC-1601-INV-073802,5,1,2027-04-01,2027-06-30,0.0,USD,2027-04-01,DAC-1601,Gates Foundation,60,,,WEEMA International Inc,,
DAC-1601-INV-073802,6,1,2027-07-01,2027-09-30,0.0,USD,2027-07-01,DAC-1601,Gates Foundation,60,,,WEEMA International Inc,,
DAC-1601-INV-073802,7,1,2027-10-01,2027-12-31,0.0,USD,2027-10-01,DAC-1601,Gates Foundation,60,,,WEEMA International Inc,,
DAC-1601-INV-087044,0,1,2026-01-01,2026-03-31,0.0,USD,2026-01-01,DAC-1601,Gates Foundation,60,,,Population Services International,,
DAC-1601-INV-087044,1,1,2026-04-01,2026-06-30,0.0,USD,2026-04-01,DAC-1601,Gates Foundation,60,,,Population Services International,,
DAC-1601-INV-087044,2,1,2026-07-01,2026-09-30,0.0,USD,2026-07-01,DAC-1601,Gates Foundation,60,,,Population Services International,,
DAC-1601-INV-087044,3,1,2026-10-01,2026-12-31,0.0,USD,2026-10-01,DAC-1601,Gates Foundation,60,,,Population Services International,,
DAC-1601-INV-087044,4,1,2027-01-01,2027-03-31,3150000.0,USD,2027-01-01,DAC-1601,Gates Foundation,60,,,Population Services International,,
DAC-1601-INV-087044,5,1,2027-04-01,2027-06-30,0.0,USD,2027-04-01,DAC-1601,Gates Foundation,60,,,Population Services International,,
DAC-1601-INV-087044,6,1,2027-07-01,2027-09-30,0.0,USD,2027-07-01,DAC-1601,Gates Foundation,60,,,Population Services International,,
DAC-1601-INV-087044,7,1,2027-10-01,2027-12-31,0.0,USD,2027-10-01,DAC-1601,Gates Foundation,60,,,Population Services International,,
DAC-1601-INV-059777,0,1,2026-01-01,2026-03-31,0.0,USD,2026-01-01,DAC-1601,Gates Foundation,60,,,"Results for Development Institute, Inc.",,
DAC-1601-INV-059777,1,1,2026-04-01,2026-06-30,0.0,USD,2026-04-01,DAC-1601,Gates Foundation,60,,,"Results for Development Institute, Inc.",,
DAC-1601-INV-059777,2,1,2026-07-01,2026-09-30,0.0,USD,2026-07-01,DAC-1601,Gates Foundation,60,,,"Results for Development Institute, Inc.",,
DAC-1601-INV-059777,3,1,2026-10-01,2026-12-31,0.0,USD,2026-10-01,DAC-1601,Gates Foundation,60,,,"Results for Development Institute, Inc.",,
DAC-1601-INV-059777,4,1,2027-01-01,2027-03-31,848433.0,USD,2027-01-01,DAC-1601,Gates Foundation,60,,,"Results for Development Institute, Inc.",,
DAC-1601-INV-059777,5,1,2027-04-01,2027-06-30,0.0,USD,2027-04-01,DAC-1601,Gates Foundation,60,,,"Results for Development Institute, Inc.",,
DAC-1601-INV-059777,6,1,2027-07-01,2027-09-30,0.0,USD,2027-07-01,DAC-1601,Gates Foundation,60,,,"Results for Development Institute, Inc.",,
DAC-1601-INV-059777,7,1,2027-10-01,2027-12-31,0.0,USD,2027-10-01,DAC-1601,Gates Foundation,60,,,"Results for Development Institute, Inc.",,
DAC-1601-INV-060888,0,1,2026-01-01,2026-03-31,0.0,USD,2026-01-01,DAC-1601,Gates Foundation,60,,,Project HOPE,,
DAC-1601-INV-060888,1,1,2026-04-01,2026-06-30,0.0,USD,2026-04-01,DAC-1601,Gates Foundation,60,,,Project HOPE,,
DAC-1601-INV-060888,2,1,2026-07-01,2026-09-30,0.0,USD,2026-07-01,DAC-1601,Gates Foundation,60,,,Project HOPE,,
DAC-1601-INV-060888,3,1,2026-10-01,2026-12-31,0.0,USD,2026-10-01,DAC-1601,Gates Foundation,60,,,Project HOPE,,
DAC-1601-INV-060888,4,1,2027-01-01,2027-03-31,0.0,USD,2027-01-01,DAC-1601,Gates Foundation,60,,,Project HOPE,,
DAC-1601-INV-060888,5,1,2027-04-01,2027-06-30,0.0,USD,2027-04-01,DAC-1601,Gates Foundation,60,,,Project HOPE,,
DAC-1601-INV-060888,6,1,2027-07-01,2027-09-30,0.0,USD,2027-07-01,DAC-1601,Gates Foundation,60,,,Project HOPE,,
DAC-1601-INV-060888,7,1,2027-10-01,2027-12-31,0.0,USD,2027-10-01,DAC-1601,Gates Foundation,60,,,Project HOPE,,
DAC-1601-INV-048214,0,1,2026-01-01,2026-03-31,0.0,USD,2026-01-01,DAC-1601,Gates Foundation,60,,,Armauer Hansen Research Institute,,
DAC-1601-INV-048214,1,1,2026-04-01,2026-06-30,0.0,USD,2026-04-01,DAC-1601,Gates Foundation,60,,,Armauer Hansen Research Institute,,
DAC-1601-INV-048214,2,1,2026-07-01,2026-09-30,0.0,USD,2026-07-01,DAC-1601,Gates Foundation,60,,,Armauer Hansen Research Institute,,
DAC-1601-INV-048214,3,1,2026-10-01,2026-12-31,0.0,USD,2026-10-01,DAC-1601,Gates Foundation,60,,,Armauer Hansen Research Institute,,
DAC-1601-INV-048214,4,1,2027-01-01,2027-03-31,1000000.0,USD,2027-01-01,DAC-1601,Gates Foundation,60,,,Armauer Hansen Research Institute,,
DAC-1601-INV-048214,5,1,2027-04-01,2027-06-30,0.0,USD,2027-04-01,DAC-1601,Gates Foundation,60,,,Armauer Hansen Research Institute,,
DAC-1601-INV-048214,6,1,2027-07-01,2027-09-30,0.0,USD,2027-07-01,DAC-1601,Gates Foundation,60,,,Armauer Hansen Research Institute,,
DAC-1601-INV-048214,7,1,2027-10-01,2027-12-31,0.0,USD,2027-10-01,DAC-1601,Gates Foundation,60,,,Armauer Hansen Research Institute,,
XM-DAC-41122-Somalia-3920/A0/06/101/001,0,2,2016-01-01,2016-12-31,26467998.0,USD,2026-07-31,XM-DAC-41122,,40,,,,,
XM-DAC-41122-Somalia-3920/A0/06/101/001,1,2,2015-01-01,2015-12-31,18444028.0,USD,2026-07-31,XM-DAC-41122,,40,,,,,
XM-DAC-41122-Somalia-3920/A0/06/101/001,2,2,2017-01-01,2017-12-31,18545997.0,USD,2026-07-31,XM-DAC-41122,,40,,,,,
XM-DAC-41122-Somalia-3920/A0/06/101/001,3,2,2014-01-01,2014-12-31,11494511.0,USD,2026-07-31,XM-DAC-41122,,40,,,,,
CA-3-P012748001,0,,2026-04-01,2027-03-31,2300000.0,,2024-12-03,,,,,,,,
CA-3-P012748001,1,,2027-04-01,2028-03-31,2300000.0,,2024-12-03,,,,,,,,
CA-3-P012748001,2,,2028-04-01,2029-03-31,2200000.0,,2024-12-03,,,,,,,,
DAC-1601-INV-074202,0,1,2026-01-01,2026-03-31,0.0,USD,2026-01-01,DAC-1601,Gates Foundation,60,,,South African Medical Research Council,,
DAC-1601-INV-074202,1,1,2026-04-01,2026-06-30,0.0,USD,2026-04-01,DAC-1601,Gates Foundation,60,,,South African Medical Research Council,,
DAC-1601-INV-074202,2,1,2026-07-01,2026-09-30,0.0,USD,2026-07-01,DAC-1601,Gates Foundation,60,,,South African Medical Research Council,,
DAC-1601-INV-074202,3,1,2026-10-01,2026-12-31,0.0,USD,2026-10-01,DAC-1601,Gates Foundation,60,,,South African Medical Research Council,,
DAC-1601-INV-074202,4,1,2027-01-01,2027-03-31,0.0,USD,2027-01-01,DAC-1601,Gates Foundation,60,,,South African Medical Research Council,,
DAC-1601-INV-074202,5,1,2027-04-01,2027-06-30,0.0,USD,2027-04-01,DAC-1601,Gates Foundation,60,,,South African Medical Research Council,,
DAC-1601-INV-074202,6,1,2027-07-01,2027-09-30,0.0,USD,2027-07-01,DAC-1601,Gates Foundation,60,,,South African Medical Research Council,,
DAC-1601-INV-074202,7,1,2027-10-01,2027-12-31,0.0,USD,2027-10-01,DAC-1601,Gates Foundation,60,,,South African Medical Research Council,,
DAC-1601-INV-030727,0,1,2026-01-01,2026-03-31,0.0,USD,2026-01-01,DAC-1601,Gates Foundation,60,,,World Health Organization,,
DAC-1601-INV-030727,1,1,2026-04-01,2026-06-30,0.0,USD,2026-04-01,DAC-1601,Gates Foundation,60,,,World Health Organization,,
DAC-1601-INV-030727,2,1,2026-07-01,2026-09-30,0.0,USD,2026-07-01,DAC-1601,Gates Foundation,60,,,World Health Organization,,
DAC-1601-INV-030727,3,1,2026-10-01,2026-12-31,0.0,USD,2026-10-01,DAC-1601,Gates Foundation,60,,,World Health Organization,,
DAC-1601-INV-030727,4,1,2027-01-01,2027-03-31,0.0,USD,2027-01-01,DAC-1601,Gates Foundation,60,,,World Health Organization,,
DAC-1601-INV-030727,5,1,2027-04-01,2027-06-30,0.0,USD,2027-04-01,DAC-1601,Gates Foundation,60,,,World Health Organization,,
DAC-1601-INV-030727,6,1,2027-07-01,2027-09-30,0.0,USD,2027-07-01,DAC-1601,Gates Foundation,60,,,World Health Organization,,
DAC-1601-INV-030727,7,1,2027-10-01,2027-12-31,0.0,USD,2027-10-01,DAC-1601,Gates Foundation,60,,,World Health Organization,,
XM-DAC-41122-United Rep. of Tanzania-4550/A0/04/706/006,0,2,2012-01-01,2012-12-31,3094.0,USD,2026-07-31,XM-DAC-41122,,40,,,,,
XM-DAC-41122-United Rep. of Tanzania-4550/A0/04/701/007,0,2,2012-01-01,2012-12-31,399144.0,USD,2026-07-31,XM-DAC-41122,,40,,,,,
DAC-1601-INV-078825,0,1,2026-01-01,2026-03-31,0.0,USD,2026-01-01,DAC-1601,Gates Foundation,60,,,"Liverpool School of Tropical Medicine, Kenya",,
DAC-1601-INV-078825,1,1,2026-04-01,2026-06-30,0.0,USD,2026-04-01,DAC-1601,Gates Foundation,60,,,"Liverpool School of Tropical Medicine, Kenya",,
DAC-1601-INV-078825,2,1,2026-07-01,2026-09-30,0.0,USD,2026-07-01,DAC-1601,Gates Foundation,60,,,"Liverpool School of Tropical Medicine, Kenya",,
DAC-1601-INV-078825,3,1,2026-10-01,2026-12-31,0.0,USD,2026-10-01,DAC-1601,Gates Foundation,60,,,"Liverpool School of Tropical Medicine, Kenya",,
DAC-1601-INV-078825,4,1,2027-01-01,2027-03-31,0.0,USD,2027-01-01,DAC-1601,Gates Foundation,60,,,"Liverpool School of Tropical Medicine, Kenya",,
DAC-1601-INV-078825,5,1,2027-04-01,2027-06-30,0.0,USD,2027-04-01,DAC-1601,Gates Foundation,60,,,"Liverpool School of Tropical Medicine, Kenya",,
DAC-1601-INV-078825,6,1,2027-07-01,2027-09-30,0.0,USD,2027-07-01,DAC-1601,Gates Foundation,60,,,"Liverpool School of Tropical Medicine, Kenya",,
DAC-1601-INV-078825,7,1,2027-10-01,2027-12-31,0.0,USD,2027-10-01,DAC-1601,Gates Foundation,60,,,"Liverpool School of Tropical Medicine, Kenya",,
DAC-1601-INV-078953,0,1,2026-01-01,2026-03-31,0.0,USD,2026-01-01,DAC-1601,Gates Foundation,60,,,Kenya Pharmacy and Poisons Board,,
DAC-1601-INV-078953,1,1,2026-04-01,2026-06-30,0.0,USD,2026-04-01,DAC-1601,Gates Foundation,60,,,Kenya Pharmacy and Poisons Board,,
DAC-1601-INV-078953,2,1,2026-07-01,2026-09-30,0.0,USD,2026-07-01,DAC-1601,Gates Foundation,60,,,Kenya Pharmacy and Poisons Board,,
DAC-1601-INV-078953,3,1,2026-10-01,2026-12-31,0.0,USD,2026-10-01,DAC-1601,Gates Foundation,60,,,Kenya Pharmacy and Poisons Board,,
DAC-1601-INV-078953,4,1,2027-01-01,2027-03-31,0.0,USD,2027-01-01,DAC-1601,Gates Foundation,60,,,Kenya Pharmacy and Poisons Board,,
DAC-1601-INV-078953,5,1,2027-04-01,2027-06-30,0.0,USD,2027-04-01,DAC-1601,Gates Foundation,60,,,Kenya Pharmacy and Poisons Board,,
DAC-1601-INV-078953,6,1,2027-07-01,2027-09-30,0.0,USD,2027-07-01,DAC-1601,Gates Foundation,60,,,Kenya Pharmacy and Poisons Board,,
DAC-1601-INV-078953,7,1,2027-10-01,2027-12-31,0.0,USD,2027-10-01,DAC-1601,Gates Foundation,60,,,Kenya Pharmacy and Poisons Board,,
DAC-1601-INV-079156,0,1,2026-01-01,2026-03-31,0.0,USD,2026-01-01,DAC-1601,Gates Foundation,60,,,Kenya Medical Research Institute,,
DAC-1601-INV-079156,1,1,2026-04-01,2026-06-30,0.0,USD,2026-04-01,DAC-1601,Gates Foundation,60,,,Kenya Medical Research Institute,,
DAC-1601-INV-079156,2,1,2026-07-01,2026-09-30,0.0,USD,2026-07-01,DAC-1601,Gates Foundation,60,,,Kenya Medical Research Institute,,
DAC-1601-INV-079156,3,1,2026-10-01,2026-12-31,0.0,USD,2026-10-01,DAC-1601,Gates Foundation,60,,,Kenya Medical Research Institute,,
DAC-1601-INV-079156,4,1,2027-01-01,2027-03-31,0.0,USD,2027-01-01,DAC-1601,Gates Foundation,60,,,Kenya Medical Research Institute,,
DAC-1601-INV-079156,5,1,2027-04-01,2027-06-30,0.0,USD,2027-04-01,DAC-1601,Gates Foundation,60,,,Kenya Medical Research Institute,,
DAC-1601-INV-079156,6,1,2027-07-01,2027-09-30,0.0,USD,2027-07-01,DAC-1601,Gates Foundation,60,,,Kenya Medical Research Institute,,
DAC-1601-INV-079156,7,1,2027-10-01,2027-12-31,0.0,USD,2027-10-01,DAC-1601,Gates Foundation,60,,,Kenya Medical Research Institute,,
DAC-1601-INV-086280,0,1,2026-01-01,2026-03-31,300000.0,USD,2026-01-01,DAC-1601,Gates Foundation,60,,,Kenya Medical Research Institute,,
DAC-1601-INV-086280,1,1,2026-04-01,2026-06-30,0.0,USD,2026-04-01,DAC-1601,Gates Foundation,60,,,Kenya Medical Research Institute,,
DAC-1601-INV-086280,2,1,2026-07-01,2026-09-30,0.0,USD,2026-07-01,DAC-1601,Gates Foundation,60,,,Kenya Medical Research Institute,,
DAC-1601-INV-086280,3,1,2026-10-01,2026-12-31,0.0,USD,2026-10-01,DAC-1601,Gates Foundation,60,,,Kenya Medical Research Institute,,
DAC-1601-INV-086280,4,1,2027-01-01,2027-03-31,0.0,USD,2027-01-01,DAC-1601,Gates Foundation,60,,,Kenya Medical Research Institute,,
DAC-1601-INV-086280,5,1,2027-04-01,2027-06-30,0.0,USD,2027-04-01,DAC-1601,Gates Foundation,60,,,Kenya Medical Research Institute,,
DAC-1601-INV-086280,6,1,2027-07-01,2027-09-30,0.0,USD,2027-07-01,DAC-1601,Gates Foundation,60,,,Kenya Medical Research Institute,,
DAC-1601-INV-086280,7,1,2027-10-01,2027-12-31,0.0,USD,2027-10-01,DAC-1601,Gates Foundation,60,,,Kenya Medical Research Institute,,
DAC-1601-INV-095210,0,1,2026-01-01,2026-03-31,0.0,USD,2026-01-01,DAC-1601,Gates Foundation,60,,,"Liverpool School of Tropical Medicine, Kenya",,
DAC-1601-INV-095210,1,1,2026-04-01,2026-06-30,0.0,USD,2026-04-01,DAC-1601,Gates Foundation,60,,,"Liverpool School of Tropical Medicine, Kenya",,
DAC-1601-INV-095210,2,1,2026-07-01,2026-09-30,0.0,USD,2026-07-01,DAC-1601,Gates Foundation,60,,,"Liverpool School of Tropical Medicine, Kenya",,
DAC-1601-INV-095210,3,1,2026-10-01,2026-12-31,472947.0,USD,2026-10-01,DAC-1601,Gates Foundation,60,,,"Liverpool School of Tropical Medicine, Kenya",,
DAC-1601-INV-095210,4,1,2027-01-01,2027-03-31,0.0,USD,2027-01-01,DAC-1601,Gates Foundation,60,,,"Liverpool School of Tropical Medicine, Kenya",,
DAC-1601-INV-095210,5,1,2027-04-01,2027-06-30,0.0,USD,2027-04-01,DAC-1601,Gates Foundation,60,,,"Liverpool School of Tropical Medicine, Kenya",,
DAC-1601-INV-095210,6,1,2027-07-01,2027-09-30,0.0,USD,2027-07-01,DAC-1601,Gates Foundation,60,,,"Liverpool School of Tropical Medicine, Kenya",,
DAC-1601-INV-095210,7,1,2027-10-01,2027-12-31,243659.0,USD,2027-10-01,DAC-1601,Gates Foundation,60,,,"Liverpool School of Tropical Medicine, Kenya",,
DAC-1601-OPP1176271,0,1,2026-01-01,2026-03-31,0.0,USD,2026-01-01,DAC-1601,Gates Foundation,60,,,London School of Hygiene and Tropical Medicine,,
DAC-1601-OPP1176271,1,1,2026-04-01,2026-06-30,0.0,USD,2026-04-01,DAC-1601,Gates Foundation,60,,,London School of Hygiene and Tropical Medicine,,
DAC-1601-OPP1176271,2,1,2026-07-01,2026-09-30,0.0,USD,2026-07-01,DAC-1601,Gates Foundation,60,,,London School of Hygiene and Tropical Medicine,,
DAC-1601-OPP1176271,3,1,2026-10-01,2026-12-31,0.0,USD,2026-10-01,DAC-1601,Gates Foundation,60,,,London School of Hygiene and Tropical Medicine,,
DAC-1601-OPP1176271,4,1,2027-01-01,2027-03-31,0.0,USD,2027-01-01,DAC-1601,Gates Foundation,60,,,London School of Hygiene and Tropical Medicine,,
DAC-1601-OPP1176271,5,1,2027-04-01,2027-06-30,0.0,USD,2027-04-01,DAC-1601,Gates Foundation,60,,,London School of Hygiene and Tropical Medicine,,
DAC-1601-OPP1176271,6,1,2027-07-01,2027-09-30,0.0,USD,2027-07-01,DAC-1601,Gates Foundation,60,,,London School of Hygiene and Tropical Medicine,,
DAC-1601-OPP1176271,7,1,2027-10-01,2027-12-31,0.0,USD,2027-10-01,DAC-1601,Gates Foundation,60,,,London School of Hygiene and Tropical Medicine,,
DAC-1601-INV-063608,0,1,2026-01-01,2026-03-31,0.0,USD,2026-01-01,DAC-1601,Gates Foundation,60,,,"Liverpool School of Tropical Medicine, Kenya",,
DAC-1601-INV-063608,1,1,2026-04-01,2026-06-30,0.0,USD,2026-04-01,DAC-1601,Gates Foundation,60,,,"Liverpool School of Tropical Medicine, Kenya",,
DAC-1601-INV-063608,2,1,2026-07-01,2026-09-30,0.0,USD,2026-07-01,DAC-1601,Gates Foundation,60,,,"Liverpool School of Tropical Medicine, Kenya",,
DAC-1601-INV-063608,3,1,2026-10-01,2026-12-31,0.0,USD,2026-10-01,DAC-1601,Gates Foundation,60,,,"Liverpool School of Tropical Medicine, Kenya",,
DAC-1601-INV-063608,4,1,2027-01-01,2027-03-31,0.0,USD,2027-01-01,DAC-1601,Gates Foundation,60,,,"Liverpool School of Tropical Medicine, Kenya",,
DAC-1601-INV-063608,5,1,2027-04-01,2027-06-30,0.0,USD,2027-04-01,DAC-1601,Gates Foundation,60,,,"Liverpool School of Tropical Medicine, Kenya",,
DAC-1601-INV-063608,6,1,2027-07-01,2027-09-30,0.0,USD,2027-07-01,DAC-1601,Gates Foundation,60,,,"Liverpool School of Tropical Medicine, Kenya",,
DAC-1601-INV-063608,7,1,2027-10-01,2027-12-31,0.0,USD,2027-10-01,DAC-1601,Gates Foundation,60,,,"Liverpool School of Tropical Medicine, Kenya",,
DAC-1601-INV-091047,0,1,2026-01-01,2026-03-31,0.0,USD,2026-01-01,DAC-1601,Gates Foundation,60,,,African Health and Economic Transformation Institute (AHETI),,
DAC-1601-INV-091047,1,1,2026-04-01,2026-06-30,0.0,USD,2026-04-01,DAC-1601,Gates Foundation,60,,,African Health and Economic Transformation Institute (AHETI),,
DAC-1601-INV-091047,2,1,2026-07-01,2026-09-30,0.0,USD,2026-07-01,DAC-1601,Gates Foundation,60,,,African Health and Economic Transformation Institute (AHETI),,
DAC-1601-INV-091047,3,1,2026-10-01,2026-12-31,200000.0,USD,2026-10-01,DAC-1601,Gates Foundation,60,,,African Health and Economic Transformation Institute (AHETI),,
DAC-1601-INV-091047,4,1,2027-01-01,2027-03-31,0.0,USD,2027-01-01,DAC-1601,Gates Foundation,60,,,African Health and Economic Transformation Institute (AHETI),,
DAC-1601-INV-091047,5,1,2027-04-01,2027-06-30,0.0,USD,2027-04-01,DAC-1601,Gates Foundation,60,,,African Health and Economic Transformation Institute (AHETI),,
DAC-1601-INV-091047,6,1,2027-07-01,2027-09-30,0.0,USD,2027-07-01,DAC-1601,Gates Foundation,60,,,African Health and Economic Transformation Institute (AHETI),,
DAC-1601-INV-091047,7,1,2027-10-01,2027-12-31,100000.0,USD,2027-10-01,DAC-1601,Gates Foundation,60,,,African Health and Economic Transformation Institute (AHETI),,
DAC-1601-INV-073132,0,1,2026-01-01,2026-03-31,0.0,USD,2026-01-01,DAC-1601,Gates Foundation,60,,,Health Research Operations Kenya Limited,,
DAC-1601-INV-073132,1,1,2026-04-01,2026-06-30,0.0,USD,2026-04-01,DAC-1601,Gates Foundation,60,,,Health Research Operations Kenya Limited,,
DAC-1601-INV-073132,2,1,2026-07-01,2026-09-30,0.0,USD,2026-07-01,DAC-1601,Gates Foundation,60,,,Health Research Operations Kenya Limited,,
DAC-1601-INV-073132,3,1,2026-10-01,2026-12-31,0.0,USD,2026-10-01,DAC-1601,Gates Foundation,60,,,Health Research Operations Kenya Limited,,
DAC-1601-INV-073132,4,1,2027-01-01,2027-03-31,0.0,USD,2027-01-01,DAC-1601,Gates Foundation,60,,,Health Research Operations Kenya Limited,,
DAC-1601-INV-073132,5,1,2027-04-01,2027-06-30,0.0,USD,2027-04-01,DAC-1601,Gates Foundation,60,,,Health Research Operations Kenya Limited,,
DAC-1601-INV-073132,6,1,2027-07-01,2027-09-30,0.0,USD,2027-07-01,DAC-1601,Gates Foundation,60,,,Health Research Operations Kenya Limited,,
DAC-1601-INV-073132,7,1,2027-10-01,2027-12-31,0.0,USD,2027-10-01,DAC-1601,Gates Foundation,60,,,Health Research Operations Kenya Limited,,
DAC-1601-INV-076405,0,1,2026-01-01,2026-03-31,0.0,USD,2026-01-01,DAC-1601,Gates Foundation,60,,,Health Research Operations Kenya Limited,,
DAC-1601-INV-076405,1,1,2026-04-01,2026-06-30,0.0,USD,2026-04-01,DAC-1601,Gates Foundation,60,,,Health Research Operations Kenya Limited,,
DAC-1601-INV-076405,2,1,2026-07-01,2026-09-30,0.0,USD,2026-07-01,DAC-1601,Gates Foundation,60,,,Health Research Operations Kenya Limited,,
DAC-1601-INV-076405,3,1,2026-10-01,2026-12-31,0.0,USD,2026-10-01,DAC-1601,Gates Foundation,60,,,Health Research Operations Kenya Limited,,
DAC-1601-INV-076405,4,1,2027-01-01,2027-03-31,0.0,USD,2027-01-01,DAC-1601,Gates Foundation,60,,,Health Research Operations Kenya Limited,,
DAC-1601-INV-076405,5,1,2027-04-01,2027-06-30,0.0,USD,2027-04-01,DAC-1601,Gates Foundation,60,,,Health Research Operations Kenya Limited,,
DAC-1601-INV-076405,6,1,2027-07-01,2027-09-30,0.0,USD,2027-07-01,DAC-1601,Gates Foundation,60,,,Health Research Operations Kenya Limited,,
DAC-1601-INV-076405,7,1,2027-10-01,2027-12-31,0.0,USD,2027-10-01,DAC-1601,Gates Foundation,60,,,Health Research Operations Kenya Limited,,
DAC-1601-INV-078827,0,1,2026-01-01,2026-03-31,0.0,USD,2026-01-01,DAC-1601,Gates Foundation,60,,,Health Research Operations Kenya Limited,,
DAC-1601-INV-078827,1,1,2026-04-01,2026-06-30,0.0,USD,2026-04-01,DAC-1601,Gates Foundation,60,,,Health Research Operations Kenya Limited,,
DAC-1601-INV-078827,2,1,2026-07-01,2026-09-30,0.0,USD,2026-07-01,DAC-1601,Gates Foundation,60,,,Health Research Operations Kenya Limited,,
DAC-1601-INV-078827,3,1,2026-10-01,2026-12-31,0.0,USD,2026-10-01,DAC-1601,Gates Foundation,60,,,Health Research Operations Kenya Limited,,
DAC-1601-INV-078827,4,1,2027-01-01,2027-03-31,0.0,USD,2027-01-01,DAC-1601,Gates Foundation,60,,,Health Research Operations Kenya Limited,,
DAC-1601-INV-078827,5,1,2027-04-01,2027-06-30,0.0,USD,2027-04-01,DAC-1601,Gates Foundation,60,,,Health Research Operations Kenya Limited,,
DAC-1601-INV-078827,6,1,2027-07-01,2027-09-30,0.0,USD,2027-07-01,DAC-1601,Gates Foundation,60,,,Health Research Operations Kenya Limited,,
DAC-1601-INV-078827,7,1,2027-10-01,2027-12-31,0.0,USD,2027-10-01,DAC-1601,Gates Foundation,60,,,Health Research Operations Kenya Limited,,
DAC-1601-INV-081500,0,1,2026-01-01,2026-03-31,0.0,USD,2026-01-01,DAC-1601,Gates Foundation,60,,,Health Research Operations Kenya Limited,,
DAC-1601-INV-081500,1,1,2026-04-01,2026-06-30,0.0,USD,2026-04-01,DAC-1601,Gates Foundation,60,,,Health Research Operations Kenya Limited,,
DAC-1601-INV-081500,2,1,2026-07-01,2026-09-30,0.0,USD,2026-07-01,DAC-1601,Gates Foundation,60,,,Health Research Operations Kenya Limited,,
DAC-1601-INV-081500,3,1,2026-10-01,2026-12-31,0.0,USD,2026-10-01,DAC-1601,Gates Foundation,60,,,Health Research Operations Kenya Limited,,
DAC-1601-INV-081500,4,1,2027-01-01,2027-03-31,197041.0,USD,2027-01-01,DAC-1601,Gates Foundation,60,,,Health Research Operations Kenya Limited,,
DAC-1601-INV-081500,5,1,2027-04-01,2027-06-30,0.0,USD,2027-04-01,DAC-1601,Gates Foundation,60,,,Health Research Operations Kenya Limited,,
DAC-1601-INV-081500,6,1,2027-07-01,2027-09-30,0.0,USD,2027-07-01,DAC-1601,Gates Foundation,60,,,Health Research Operations Kenya Limited,,
DAC-1601-INV-081500,7,1,2027-10-01,2027-12-31,0.0,USD,2027-10-01,DAC-1601,Gates Foundation,60,,,Health Research Operations Kenya Limited,,
DAC-1601-INV-087904,0,1,2026-01-01,2026-03-31,0.0,USD,2026-01-01,DAC-1601,Gates Foundation,60,,,Health Research Operations Kenya Limited,,
DAC-1601-INV-087904,1,1,2026-04-01,2026-06-30,0.0,USD,2026-04-01,DAC-1601,Gates Foundation,60,,,Health Research Operations Kenya Limited,,
DAC-1601-INV-087904,2,1,2026-07-01,2026-09-30,0.0,USD,2026-07-01,DAC-1601,Gates Foundation,60,,,Health Research Operations Kenya Limited,,
DAC-1601-INV-087904,3,1,2026-10-01,2026-12-31,0.0,USD,2026-10-01,DAC-1601,Gates Foundation,60,,,Health Research Operations Kenya Limited,,
DAC-1601-INV-087904,4,1,2027-01-01,2027-03-31,0.0,USD,2027-01-01,DAC-1601,Gates Foundation,60,,,Health Research Operations Kenya Limited,,
DAC-1601-INV-087904,5,1,2027-04-01,2027-06-30,0.0,USD,2027-04-01,DAC-1601,Gates Foundation,60,,,Health Research Operations Kenya Limited,,
DAC-1601-INV-087904,6,1,2027-07-01,2027-09-30,0.0,USD,2027-07-01,DAC-1601,Gates Foundation,60,,,Health Research Operations Kenya Limited,,
DAC-1601-INV-087904,7,1,2027-10-01,2027-12-31,0.0,USD,2027-10-01,DAC-1601,Gates Foundation,60,,,Health Research Operations Kenya Limited,,
DAC-1601-INV-091756,0,1,2026-01-01,2026-03-31,0.0,USD,2026-01-01,DAC-1601,Gates Foundation,60,,,"HumanTruths, Inc.",,
DAC-1601-INV-091756,1,1,2026-04-01,2026-06-30,0.0,USD,2026-04-01,DAC-1601,Gates Foundation,60,,,"HumanTruths, Inc.",,
DAC-1601-INV-091756,2,1,2026-07-01,2026-09-30,0.0,USD,2026-07-01,DAC-1601,Gates Foundation,60,,,"HumanTruths, Inc.",,
DAC-1601-INV-091756,3,1,2026-10-01,2026-12-31,0.0,USD,2026-10-01,DAC-1601,Gates Foundation,60,,,"HumanTruths, Inc.",,
DAC-1601-INV-091756,4,1,2027-01-01,2027-03-31,0.0,USD,2027-01-01,DAC-1601,Gates Foundation,60,,,"HumanTruths, Inc.",,
DAC-1601-INV-091756,5,1,2027-04-01,2027-06-30,0.0,USD,2027-04-01,DAC-1601,Gates Foundation,60,,,"HumanTruths, Inc.",,
DAC-1601-INV-091756,6,1,2027-07-01,2027-09-30,0.0,USD,2027-07-01,DAC-1601,Gates Foundation,60,,,"HumanTruths, Inc.",,
DAC-1601-INV-091756,7,1,2027-10-01,2027-12-31,0.0,USD,2027-10-01,DAC-1601,Gates Foundation,60,,,"HumanTruths, Inc.",,
DAC-1601-INV-094041,0,1,2026-01-01,2026-03-31,0.0,USD,2026-01-01,DAC-1601,Gates Foundation,60,,,Health Research Operations Kenya Limited,,
DAC-1601-INV-094041,1,1,2026-04-01,2026-06-30,0.0,USD,2026-04-01,DAC-1601,Gates Foundation,60,,,Health Research Operations Kenya Limited,,
DAC-1601-INV-094041,2,1,2026-07-01,2026-09-30,0.0,USD,2026-07-01,DAC-1601,Gates Foundation,60,,,Health Research Operations Kenya Limited,,
DAC-1601-INV-094041,3,1,2026-10-01,2026-12-31,0.0,USD,2026-10-01,DAC-1601,Gates Foundation,60,,,Health Research Operations Kenya Limited,,
DAC-1601-INV-094041,4,1,2027-01-01,2027-03-31,143006.0,USD,2027-01-01,DAC-1601,Gates Foundation,60,,,Health Research Operations Kenya Limited,,
DAC-1601-INV-094041,5,1,2027-04-01,2027-06-30,0.0,USD,2027-04-01,DAC-1601,Gates Foundation,60,,,Health Research Operations Kenya Limited,,
DAC-1601-INV-094041,6,1,2027-07-01,2027-09-30,0.0,USD,2027-07-01,DAC-1601,Gates Foundation,60,,,Health Research Operations Kenya Limited,,
DAC-1601-INV-094041,7,1,2027-10-01,2027-12-31,0.0,USD,2027-10-01,DAC-1601,Gates Foundation,60,,,Health Research Operations Kenya Limited,,
DAC-1601-INV-071189,0,1,2026-01-01,2026-03-31,0.0,USD,2026-01-01,DAC-1601,Gates Foundation,60,,,Clinton Health Access Initiative (Kenya),,
DAC-1601-INV-071189,1,1,2026-04-01,2026-06-30,0.0,USD,2026-04-01,DAC-1601,Gates Foundation,60,,,Clinton Health Access Initiative (Kenya),,
DAC-1601-INV-071189,2,1,2026-07-01,2026-09-30,0.0,USD,2026-07-01,DAC-1601,Gates Foundation,60,,,Clinton Health Access Initiative (Kenya),,
DAC-1601-INV-071189,3,1,2026-10-01,2026-12-31,0.0,USD,2026-10-01,DAC-1601,Gates Foundation,60,,,Clinton Health Access Initiative (Kenya),,
DAC-1601-INV-071189,4,1,2027-01-01,2027-03-31,0.0,USD,2027-01-01,DAC-1601,Gates Foundation,60,,,Clinton Health Access Initiative (Kenya),,
DAC-1601-INV-071189,5,1,2027-04-01,2027-06-30,0.0,USD,2027-04-01,DAC-1601,Gates Foundation,60,,,Clinton Health Access Initiative (Kenya),,
DAC-1601-INV-071189,6,1,2027-07-01,2027-09-30,0.0,USD,2027-07-01,DAC-1601,Gates Foundation,60,,,Clinton Health Access Initiative (Kenya),,
DAC-1601-INV-071189,7,1,2027-10-01,2027-12-31,0.0,USD,2027-10-01,DAC-1601,Gates Foundation,60,,,Clinton Health Access Initiative (Kenya),,
DAC-1601-INV-091224,0,1,2026-01-01,2026-03-31,0.0,USD,2026-01-01,DAC-1601,Gates Foundation,60,,,Johns Hopkins University Bloomberg School of Public Health,,
DAC-1601-INV-091224,1,1,2026-04-01,2026-06-30,0.0,USD,2026-04-01,DAC-1601,Gates Foundation,60,,,Johns Hopkins University Bloomberg School of Public Health,,
DAC-1601-INV-091224,2,1,2026-07-01,2026-09-30,0.0,USD,2026-07-01,DAC-1601,Gates Foundation,60,,,Johns Hopkins University Bloomberg School of Public Health,,
DAC-1601-INV-091224,3,1,2026-10-01,2026-12-31,0.0,USD,2026-10-01,DAC-1601,Gates Foundation,60,,,Johns Hopkins University Bloomberg School of Public Health,,
DAC-1601-INV-091224,4,1,2027-01-01,2027-03-31,2000000.0,USD,2027-01-01,DAC-1601,Gates Foundation,60,,,Johns Hopkins University Bloomberg School of Public Health,,
DAC-1601-INV-091224,5,1,2027-04-01,2027-06-30,0.0,USD,2027-04-01,DAC-1601,Gates Foundation,60,,,Johns Hopkins University Bloomberg School of Public Health,,
DAC-1601-INV-091224,6,1,2027-07-01,2027-09-30,4000000.0,USD,2027-07-01,DAC-1601,Gates Foundation,60,,,Johns Hopkins University Bloomberg School of Public Health,,
DAC-1601-INV-091224,7,1,2027-10-01,2027-12-31,0.0,USD,2027-10-01,DAC-1601,Gates Foundation,60,,,Johns Hopkins University Bloomberg School of Public Health,,
DAC-1601-INV-049213,0,1,2026-01-01,2026-03-31,0.0,USD,2026-01-01,DAC-1601,Gates Foundation,60,,,Emory University,,
DAC-1601-INV-049213,1,1,2026-04-01,2026-06-30,0.0,USD,2026-04-01,DAC-1601,Gates Foundation,60,,,Emory University,,
DAC-1601-INV-049213,2,1,2026-07-01,2026-09-30,0.0,USD,2026-07-01,DAC-1601,Gates Foundation,60,,,Emory University,,
DAC-1601-INV-049213,3,1,2026-10-01,2026-12-31,0.0,USD,2026-10-01,DAC-1601,Gates Foundation,60,,,Emory University,,
DAC-1601-INV-049213,4,1,2027-01-01,2027-03-31,0.0,USD,2027-01-01,DAC-1601,Gates Foundation,60,,,Emory University,,
DAC-1601-INV-049213,5,1,2027-04-01,2027-06-30,0.0,USD,2027-04-01,DAC-1601,Gates Foundation,60,,,Emory University,,
DAC-1601-INV-049213,6,1,2027-07-01,2027-09-30,0.0,USD,2027-07-01,DAC-1601,Gates Foundation,60,,,Emory University,,
DAC-1601-INV-049213,7,1,2027-10-01,2027-12-31,0.0,USD,2027-10-01,DAC-1601,Gates Foundation,60,,,Emory University,,
DAC-1601-INV-068395,0,1,2026-01-01,2026-03-31,0.0,USD,2026-01-01,DAC-1601,Gates Foundation,60,,,United States Fund for UNICEF,,
DAC-1601-INV-068395,1,1,2026-04-01,2026-06-30,0.0,USD,2026-04-01,DAC-1601,Gates Foundation,60,,,United States Fund for UNICEF,,
DAC-1601-INV-068395,2,1,2026-07-01,2026-09-30,0.0,USD,2026-07-01,DAC-1601,Gates Foundation,60,,,United States Fund for UNICEF,,
DAC-1601-INV-068395,3,1,2026-10-01,2026-12-31,4276835.54,USD,2026-10-01,DAC-1601,Gates Foundation,60,,,United States Fund for UNICEF,,
DAC-1601-INV-068395,4,1,2027-01-01,2027-03-31,0.0,USD,2027-01-01,DAC-1601,Gates Foundation,60,,,United States Fund for UNICEF,,
DAC-1601-INV-068395,5,1,2027-04-01,2027-06-30,0.0,USD,2027-04-01,DAC-1601,Gates Foundation,60,,,United States Fund for UNICEF,,
DAC-1601-INV-068395,6,1,2027-07-01,2027-09-30,0.0,USD,2027-07-01,DAC-1601,Gates Foundation,60,,,United States Fund for UNICEF,,
DAC-1601-INV-068395,7,1,2027-10-01,2027-12-31,0.0,USD,2027-10-01,DAC-1601,Gates Foundation,60,,,United States Fund for UNICEF,,
XM-DAC-301-2-110733-001,0,1,2026-04-01,2027-03-31,420940.0,CAD,2026-04-01,XM-DAC-301-2,International Development Research Centre,15,,,Jacaranda Health Solutions Limited,72,
XM-DAC-301-2-110733-001,1,1,2025-04-01,2026-03-31,121380.0,CAD,2025-04-01,XM-DAC-301-2,International Development Research Centre,15,,,Jacaranda Health Solutions Limited,72,
XM-DAC-301-2-110733-001,2,1,2027-04-01,2028-03-31,536600.0,CAD,2027-04-01,XM-DAC-301-2,International Development Research Centre,15,,,Jacaranda Health Solutions Limited,72,
XM-DAC-301-2-110733-001,3,1,2028-04-01,2029-03-31,119880.0,CAD,2028-04-01,XM-DAC-301-2,International Development Research Centre,15,,,Jacaranda Health Solutions Limited,72,
XM-DAC-41122-Somalia-3920/A0/06/001/040,0,2,2016-01-01,2016-12-31,-881.0,USD,2026-07-31,XM-DAC-41122,,40,,,,,
XM-DAC-41122-Somalia-3920/A0/06/001/040,1,2,2015-01-01,2015-12-31,488600.0,USD,2026-07-31,XM-DAC-41122,,40,,,,,
XM-DAC-41122-Somalia-3920/A0/06/001/040,2,2,2014-01-01,2014-12-31,488600.0,USD,2026-07-31,XM-DAC-41122,,40,,,,,
XM-DAC-41122-Somalia-3920/A0/06/001/040,3,2,2013-01-01,2013-12-31,488600.0,USD,2026-07-31,XM-DAC-41122,,40,,,,,
XM-DAC-41122-Somalia-3920/A0/06/001/040,4,2,2012-01-01,2012-12-31,53048.0,USD,2026-07-31,XM-DAC-41122,,40,,,,,
XM-DAC-41122-Somalia-3920/A0/06/001/040,5,2,2017-01-01,2017-12-31,-40882.0,USD,2026-07-31,XM-DAC-41122,,40,,,,,
XM-DAC-41122-Kenya-2400/A0/05/007/002,0,2,2018-01-01,2018-12-31,301250.0,USD,2026-07-31,XM-DAC-41122,,40,,,,,
XM-DAC-41122-Kenya-2400/A0/05/007/002,1,2,2017-01-01,2017-12-31,602500.0,USD,2026-07-31,XM-DAC-41122,,40,,,,,
XM-DAC-41122-Kenya-2400/A0/05/007/002,2,2,2015-01-01,2015-12-31,621735.0,USD,2026-07-31,XM-DAC-41122,,40,,,,,
XM-DAC-41122-Kenya-2400/A0/05/007/002,3,2,2016-01-01,2016-12-31,1788135.0,USD,2026-07-31,XM-DAC-41122,,40,,,,,
XM-DAC-41122-Kenya-2400/A0/05/007/002,4,2,2014-01-01,2014-12-31,488658.0,USD,2026-07-31,XM-DAC-41122,,40,,,,,
XM-DAC-41122-United Rep. of Tanzania-4550/A0/04/101/005,0,2,2016-01-01,2016-12-31,6175793.0,USD,2026-07-31,XM-DAC-41122,,40,,,,,
XM-DAC-41122-United Rep. of Tanzania-4550/A0/04/101/005,1,2,2012-01-01,2012-12-31,2735689.0,USD,2026-07-31,XM-DAC-41122,,40,,,,,
XM-DAC-41122-United Rep. of Tanzania-4550/A0/04/101/005,2,2,2013-01-01,2013-12-31,2565422.0,USD,2026-07-31,XM-DAC-41122,,40,,,,,
XM-DAC-41122-United Rep. of Tanzania-4550/A0/04/101/005,3,2,2014-01-01,2014-12-31,2175984.0,USD,2026-07-31,XM-DAC-41122,,40,,,,,
XM-DAC-41122-United Rep. of Tanzania-4550/A0/04/101/005,4,2,2015-01-01,2015-12-31,1466694.0,USD,2026-07-31,XM-DAC-41122,,40,,,,,
XM-DAC-41122-South Sudan-4040/A0/01/008/002,0,2,2014-01-01,2014-12-31,19396.0,USD,2026-07-31,XM-DAC-41122,,40,,,,,
XM-DAC-41122-South Sudan-4040/A0/01/008/002,1,2,2015-01-01,2015-12-31,367135.0,USD,2026-07-31,XM-DAC-41122,,40,,,,,
XM-DAC-41122-South Sudan-4040/A0/01/008/002,2,2,2016-01-01,2016-12-31,257024.0,USD,2026-07-31,XM-DAC-41122,,40,,,,,
CA-3-P011372001,0,,2026-04-01,2027-03-31,924376.0,,2023-03-30,,,,,,,,
CA-3-P011372001,1,,2027-04-01,2028-03-31,338399.0,,2023-03-30,,,,,,,,
XM-DAC-41122-Democratic Republic of Congo-0990/A0/05/303/087,0,2,2012-01-01,2012-12-31,679957.0,USD,2026-07-31,XM-DAC-41122,,40,,,,,
KR-GOV-010-KR-GOV-051-2021010100126,0,1,2026-01-01,2026-12-31,957466210.0,KRW,2026-06-30,KR-GOV-051,Korea International Cooperation Agency,10,KR-GOV-010-KR-GOV-051-2021010100126,,,,
DAC-1601-INV-089216,0,1,2026-01-01,2026-03-31,0.0,USD,2026-01-01,DAC-1601,Gates Foundation,60,,,Council of Governors,,
DAC-1601-INV-089216,1,1,2026-04-01,2026-06-30,0.0,USD,2026-04-01,DAC-1601,Gates Foundation,60,,,Council of Governors,,
DAC-1601-INV-089216,2,1,2026-07-01,2026-09-30,0.0,USD,2026-07-01,DAC-1601,Gates Foundation,60,,,Council of Governors,,
DAC-1601-INV-089216,3,1,2026-10-01,2026-12-31,330356.0,USD,2026-10-01,DAC-1601,Gates Foundation,60,,,Council of Governors,,
DAC-1601-INV-089216,4,1,2027-01-01,2027-03-31,0.0,USD,2027-01-01,DAC-1601,Gates Foundation,60,,,Council of Governors,,
DAC-1601-INV-089216,5,1,2027-04-01,2027-06-30,0.0,USD,2027-04-01,DAC-1601,Gates Foundation,60,,,Council of Governors,,
DAC-1601-INV-089216,6,1,2027-07-01,2027-09-30,0.0,USD,2027-07-01,DAC-1601,Gates Foundation,60,,,Council of Governors,,
DAC-1601-INV-089216,7,1,2027-10-01,2027-12-31,290875.0,USD,2027-10-01,DAC-1601,Gates Foundation,60,,,Council of Governors,,
DAC-1601-INV-078901,0,1,2026-01-01,2026-03-31,0.0,USD,2026-01-01,DAC-1601,Gates Foundation,60,,,International Centre for Reproductive Health Kenya,,
DAC-1601-INV-078901,1,1,2026-04-01,2026-06-30,0.0,USD,2026-04-01,DAC-1601,Gates Foundation,60,,,International Centre for Reproductive Health Kenya,,
DAC-1601-INV-078901,2,1,2026-07-01,2026-09-30,0.0,USD,2026-07-01,DAC-1601,Gates Foundation,60,,,International Centre for Reproductive Health Kenya,,
DAC-1601-INV-078901,3,1,2026-10-01,2026-12-31,0.0,USD,2026-10-01,DAC-1601,Gates Foundation,60,,,International Centre for Reproductive Health Kenya,,
DAC-1601-INV-078901,4,1,2027-01-01,2027-03-31,1500000.0,USD,2027-01-01,DAC-1601,Gates Foundation,60,,,International Centre for Reproductive Health Kenya,,
DAC-1601-INV-078901,5,1,2027-04-01,2027-06-30,0.0,USD,2027-04-01,DAC-1601,Gates Foundation,60,,,International Centre for Reproductive Health Kenya,,
DAC-1601-INV-078901,6,1,2027-07-01,2027-09-30,0.0,USD,2027-07-01,DAC-1601,Gates Foundation,60,,,International Centre for Reproductive Health Kenya,,
DAC-1601-INV-078901,7,1,2027-10-01,2027-12-31,0.0,USD,2027-10-01,DAC-1601,Gates Foundation,60,,,International Centre for Reproductive Health Kenya,,
DAC-1601-INV-060917,0,1,2026-01-01,2026-03-31,0.0,USD,2026-01-01,DAC-1601,Gates Foundation,60,,,"Financial Sector Deepening, Kenya",,
DAC-1601-INV-060917,1,1,2026-04-01,2026-06-30,0.0,USD,2026-04-01,DAC-1601,Gates Foundation,60,,,"Financial Sector Deepening, Kenya",,
DAC-1601-INV-060917,2,1,2026-07-01,2026-09-30,0.0,USD,2026-07-01,DAC-1601,Gates Foundation,60,,,"Financial Sector Deepening, Kenya",,
DAC-1601-INV-060917,3,1,2026-10-01,2026-12-31,0.0,USD,2026-10-01,DAC-1601,Gates Foundation,60,,,"Financial Sector Deepening, Kenya",,
DAC-1601-INV-060917,4,1,2027-01-01,2027-03-31,440000.0,USD,2027-01-01,DAC-1601,Gates Foundation,60,,,"Financial Sector Deepening, Kenya",,
DAC-1601-INV-060917,5,1,2027-04-01,2027-06-30,0.0,USD,2027-04-01,DAC-1601,Gates Foundation,60,,,"Financial Sector Deepening, Kenya",,
DAC-1601-INV-060917,6,1,2027-07-01,2027-09-30,0.0,USD,2027-07-01,DAC-1601,Gates Foundation,60,,,"Financial Sector Deepening, Kenya",,
DAC-1601-INV-060917,7,1,2027-10-01,2027-12-31,0.0,USD,2027-10-01,DAC-1601,Gates Foundation,60,,,"Financial Sector Deepening, Kenya",,
DAC-1601-INV-055899,0,1,2026-01-01,2026-03-31,0.0,USD,2026-01-01,DAC-1601,Gates Foundation,60,,,International Bank for Reconstruction and Development,,
DAC-1601-INV-055899,1,1,2026-04-01,2026-06-30,0.0,USD,2026-04-01,DAC-1601,Gates Foundation,60,,,International Bank for Reconstruction and Development,,
DAC-1601-INV-055899,2,1,2026-07-01,2026-09-30,500000.0,USD,2026-07-01,DAC-1601,Gates Foundation,60,,,International Bank for Reconstruction and Development,,
DAC-1601-INV-055899,3,1,2026-10-01,2026-12-31,0.0,USD,2026-10-01,DAC-1601,Gates Foundation,60,,,International Bank for Reconstruction and Development,,
DAC-1601-INV-055899,4,1,2027-01-01,2027-03-31,0.0,USD,2027-01-01,DAC-1601,Gates Foundation,60,,,International Bank for Reconstruction and Development,,
DAC-1601-INV-055899,5,1,2027-04-01,2027-06-30,0.0,USD,2027-04-01,DAC-1601,Gates Foundation,60,,,International Bank for Reconstruction and Development,,
DAC-1601-INV-055899,6,1,2027-07-01,2027-09-30,250000.0,USD,2027-07-01,DAC-1601,Gates Foundation,60,,,International Bank for Reconstruction and Development,,
DAC-1601-INV-055899,7,1,2027-10-01,2027-12-31,0.0,USD,2027-10-01,DAC-1601,Gates Foundation,60,,,International Bank for Reconstruction and Development,,
DAC-1601-INV-055639,0,1,2026-01-01,2026-03-31,0.0,USD,2026-01-01,DAC-1601,Gates Foundation,60,,,Health NGOs' Network (HENNET),,
DAC-1601-INV-055639,1,1,2026-04-01,2026-06-30,0.0,USD,2026-04-01,DAC-1601,Gates Foundation,60,,,Health NGOs' Network (HENNET),,
DAC-1601-INV-055639,2,1,2026-07-01,2026-09-30,0.0,USD,2026-07-01,DAC-1601,Gates Foundation,60,,,Health NGOs' Network (HENNET),,
DAC-1601-INV-055639,3,1,2026-10-01,2026-12-31,0.0,USD,2026-10-01,DAC-1601,Gates Foundation,60,,,Health NGOs' Network (HENNET),,
DAC-1601-INV-055639,4,1,2027-01-01,2027-03-31,60956.0,USD,2027-01-01,DAC-1601,Gates Foundation,60,,,Health NGOs' Network (HENNET),,
DAC-1601-INV-055639,5,1,2027-04-01,2027-06-30,0.0,USD,2027-04-01,DAC-1601,Gates Foundation,60,,,Health NGOs' Network (HENNET),,
DAC-1601-INV-055639,6,1,2027-07-01,2027-09-30,0.0,USD,2027-07-01,DAC-1601,Gates Foundation,60,,,Health NGOs' Network (HENNET),,
DAC-1601-INV-055639,7,1,2027-10-01,2027-12-31,0.0,USD,2027-10-01,DAC-1601,Gates Foundation,60,,,Health NGOs' Network (HENNET),,
DAC-1601-INV-074295,0,1,2026-01-01,2026-03-31,0.0,USD,2026-01-01,DAC-1601,Gates Foundation,60,,,Hecta Limited,,
DAC-1601-INV-074295,1,1,2026-04-01,2026-06-30,0.0,USD,2026-04-01,DAC-1601,Gates Foundation,60,,,Hecta Limited,,
DAC-1601-INV-074295,2,1,2026-07-01,2026-09-30,0.0,USD,2026-07-01,DAC-1601,Gates Foundation,60,,,Hecta Limited,,
DAC-1601-INV-074295,3,1,2026-10-01,2026-12-31,0.0,USD,2026-10-01,DAC-1601,Gates Foundation,60,,,Hecta Limited,,
DAC-1601-INV-074295,4,1,2027-01-01,2027-03-31,0.0,USD,2027-01-01,DAC-1601,Gates Foundation,60,,,Hecta Limited,,
DAC-1601-INV-074295,5,1,2027-04-01,2027-06-30,0.0,USD,2027-04-01,DAC-1601,Gates Foundation,60,,,Hecta Limited,,
DAC-1601-INV-074295,6,1,2027-07-01,2027-09-30,0.0,USD,2027-07-01,DAC-1601,Gates Foundation,60,,,Hecta Limited,,
DAC-1601-INV-074295,7,1,2027-10-01,2027-12-31,0.0,USD,2027-10-01,DAC-1601,Gates Foundation,60,,,Hecta Limited,,
DAC-1601-INV-076620,0,1,2026-01-01,2026-03-31,0.0,USD,2026-01-01,DAC-1601,Gates Foundation,60,,,Health Research Operations Kenya Limited,,
DAC-1601-INV-076620,1,1,2026-04-01,2026-06-30,0.0,USD,2026-04-01,DAC-1601,Gates Foundation,60,,,Health Research Operations Kenya Limited,,
DAC-1601-INV-076620,2,1,2026-07-01,2026-09-30,0.0,USD,2026-07-01,DAC-1601,Gates Foundation,60,,,Health Research Operations Kenya Limited,,
DAC-1601-INV-076620,3,1,2026-10-01,2026-12-31,0.0,USD,2026-10-01,DAC-1601,Gates Foundation,60,,,Health Research Operations Kenya Limited,,
DAC-1601-INV-076620,4,1,2027-01-01,2027-03-31,0.0,USD,2027-01-01,DAC-1601,Gates Foundation,60,,,Health Research Operations Kenya Limited,,
DAC-1601-INV-076620,5,1,2027-04-01,2027-06-30,0.0,USD,2027-04-01,DAC-1601,Gates Foundation,60,,,Health Research Operations Kenya Limited,,
DAC-1601-INV-076620,6,1,2027-07-01,2027-09-30,0.0,USD,2027-07-01,DAC-1601,Gates Foundation,60,,,Health Research Operations Kenya Limited,,
DAC-1601-INV-076620,7,1,2027-10-01,2027-12-31,0.0,USD,2027-10-01,DAC-1601,Gates Foundation,60,,,Health Research Operations Kenya Limited,,
DAC-1601-INV-084632,0,1,2026-01-01,2026-03-31,0.0,USD,2026-01-01,DAC-1601,Gates Foundation,60,,,Health Research Operations Kenya Limited,,
DAC-1601-INV-084632,1,1,2026-04-01,2026-06-30,0.0,USD,2026-04-01,DAC-1601,Gates Foundation,60,,,Health Research Operations Kenya Limited,,
DAC-1601-INV-084632,2,1,2026-07-01,2026-09-30,800000.0,USD,2026-07-01,DAC-1601,Gates Foundation,60,,,Health Research Operations Kenya Limited,,
DAC-1601-INV-084632,3,1,2026-10-01,2026-12-31,0.0,USD,2026-10-01,DAC-1601,Gates Foundation,60,,,Health Research Operations Kenya Limited,,
DAC-1601-INV-084632,4,1,2027-01-01,2027-03-31,0.0,USD,2027-01-01,DAC-1601,Gates Foundation,60,,,Health Research Operations Kenya Limited,,
DAC-1601-INV-084632,5,1,2027-04-01,2027-06-30,0.0,USD,2027-04-01,DAC-1601,Gates Foundation,60,,,Health Research Operations Kenya Limited,,
DAC-1601-INV-084632,6,1,2027-07-01,2027-09-30,800000.0,USD,2027-07-01,DAC-1601,Gates Foundation,60,,,Health Research Operations Kenya Limited,,
DAC-1601-INV-084632,7,1,2027-10-01,2027-12-31,0.0,USD,2027-10-01,DAC-1601,Gates Foundation,60,,,Health Research Operations Kenya Limited,,
DAC-1601-INV-049230,0,1,2026-01-01,2026-03-31,0.0,USD,2026-01-01,DAC-1601,Gates Foundation,60,,,Health Research Operations Kenya Limited,,
DAC-1601-INV-049230,1,1,2026-04-01,2026-06-30,0.0,USD,2026-04-01,DAC-1601,Gates Foundation,60,,,Health Research Operations Kenya Limited,,
DAC-1601-INV-049230,2,1,2026-07-01,2026-09-30,0.0,USD,2026-07-01,DAC-1601,Gates Foundation,60,,,Health Research Operations Kenya Limited,,
DAC-1601-INV-049230,3,1,2026-10-01,2026-12-31,0.0,USD,2026-10-01,DAC-1601,Gates Foundation,60,,,Health Research Operations Kenya Limited,,
DAC-1601-INV-049230,4,1,2027-01-01,2027-03-31,0.0,USD,2027-01-01,DAC-1601,Gates Foundation,60,,,Health Research Operations Kenya Limited,,
DAC-1601-INV-049230,5,1,2027-04-01,2027-06-30,0.0,USD,2027-04-01,DAC-1601,Gates Foundation,60,,,Health Research Operations Kenya Limited,,
DAC-1601-INV-049230,6,1,2027-07-01,2027-09-30,0.0,USD,2027-07-01,DAC-1601,Gates Foundation,60,,,Health Research Operations Kenya Limited,,
DAC-1601-INV-049230,7,1,2027-10-01,2027-12-31,0.0,USD,2027-10-01,DAC-1601,Gates Foundation,60,,,Health Research Operations Kenya Limited,,
DAC-1601-INV-036236,0,1,2026-01-01,2026-03-31,0.0,USD,2026-01-01,DAC-1601,Gates Foundation,60,,,Health Research Operations Kenya Limited,,
DAC-1601-INV-036236,1,1,2026-04-01,2026-06-30,0.0,USD,2026-04-01,DAC-1601,Gates Foundation,60,,,Health Research Operations Kenya Limited,,
DAC-1601-INV-036236,2,1,2026-07-01,2026-09-30,0.0,USD,2026-07-01,DAC-1601,Gates Foundation,60,,,Health Research Operations Kenya Limited,,
DAC-1601-INV-036236,3,1,2026-10-01,2026-12-31,0.0,USD,2026-10-01,DAC-1601,Gates Foundation,60,,,Health Research Operations Kenya Limited,,
DAC-1601-INV-036236,4,1,2027-01-01,2027-03-31,0.0,USD,2027-01-01,DAC-1601,Gates Foundation,60,,,Health Research Operations Kenya Limited,,
DAC-1601-INV-036236,5,1,2027-04-01,2027-06-30,0.0,USD,2027-04-01,DAC-1601,Gates Foundation,60,,,Health Research Operations Kenya Limited,,
DAC-1601-INV-036236,6,1,2027-07-01,2027-09-30,0.0,USD,2027-07-01,DAC-1601,Gates Foundation,60,,,Health Research Operations Kenya Limited,,
DAC-1601-INV-036236,7,1,2027-10-01,2027-12-31,0.0,USD,2027-10-01,DAC-1601,Gates Foundation,60,,,Health Research Operations Kenya Limited,,
DAC-1601-INV-087002,0,1,2026-01-01,2026-03-31,0.0,USD,2026-01-01,DAC-1601,Gates Foundation,60,,,Savannah Informatics Ltd,,
DAC-1601-INV-087002,1,1,2026-04-01,2026-06-30,0.0,USD,2026-04-01,DAC-1601,Gates Foundation,60,,,Savannah Informatics Ltd,,
DAC-1601-INV-087002,2,1,2026-07-01,2026-09-30,175000.0,USD,2026-07-01,DAC-1601,Gates Foundation,60,,,Savannah Informatics Ltd,,
DAC-1601-INV-087002,3,1,2026-10-01,2026-12-31,0.0,USD,2026-10-01,DAC-1601,Gates Foundation,60,,,Savannah Informatics Ltd,,
DAC-1601-INV-087002,4,1,2027-01-01,2027-03-31,300000.0,USD,2027-01-01,DAC-1601,Gates Foundation,60,,,Savannah Informatics Ltd,,
DAC-1601-INV-087002,5,1,2027-04-01,2027-06-30,0.0,USD,2027-04-01,DAC-1601,Gates Foundation,60,,,Savannah Informatics Ltd,,
DAC-1601-INV-087002,6,1,2027-07-01,2027-09-30,280000.0,USD,2027-07-01,DAC-1601,Gates Foundation,60,,,Savannah Informatics Ltd,,
DAC-1601-INV-087002,7,1,2027-10-01,2027-12-31,0.0,USD,2027-10-01,DAC-1601,Gates Foundation,60,,,Savannah Informatics Ltd,,
DAC-1601-INV-061669,0,1,2026-01-01,2026-03-31,0.0,USD,2026-01-01,DAC-1601,Gates Foundation,60,,,Clinton Health Access Initiative Inc,,
DAC-1601-INV-061669,1,1,2026-04-01,2026-06-30,0.0,USD,2026-04-01,DAC-1601,Gates Foundation,60,,,Clinton Health Access Initiative Inc,,
DAC-1601-INV-061669,2,1,2026-07-01,2026-09-30,0.0,USD,2026-07-01,DAC-1601,Gates Foundation,60,,,Clinton Health Access Initiative Inc,,
DAC-1601-INV-061669,3,1,2026-10-01,2026-12-31,0.0,USD,2026-10-01,DAC-1601,Gates Foundation,60,,,Clinton Health Access Initiative Inc,,
DAC-1601-INV-061669,4,1,2027-01-01,2027-03-31,0.0,USD,2027-01-01,DAC-1601,Gates Foundation,60,,,Clinton Health Access Initiative Inc,,
DAC-1601-INV-061669,5,1,2027-04-01,2027-06-30,0.0,USD,2027-04-01,DAC-1601,Gates Foundation,60,,,Clinton Health Access Initiative Inc,,
DAC-1601-INV-061669,6,1,2027-07-01,2027-09-30,0.0,USD,2027-07-01,DAC-1601,Gates Foundation,60,,,Clinton Health Access Initiative Inc,,
DAC-1601-INV-061669,7,1,2027-10-01,2027-12-31,0.0,USD,2027-10-01,DAC-1601,Gates Foundation,60,,,Clinton Health Access Initiative Inc,,
DAC-1601-INV-067565,0,1,2026-01-01,2026-03-31,0.0,USD,2026-01-01,DAC-1601,Gates Foundation,60,,,Panorama Global,,
DAC-1601-INV-067565,1,1,2026-04-01,2026-06-30,0.0,USD,2026-04-01,DAC-1601,Gates Foundation,60,,,Panorama Global,,
DAC-1601-INV-067565,2,1,2026-07-01,2026-09-30,0.0,USD,2026-07-01,DAC-1601,Gates Foundation,60,,,Panorama Global,,
DAC-1601-INV-067565,3,1,2026-10-01,2026-12-31,149760.0,USD,2026-10-01,DAC-1601,Gates Foundation,60,,,Panorama Global,,
DAC-1601-INV-067565,4,1,2027-01-01,2027-03-31,0.0,USD,2027-01-01,DAC-1601,Gates Foundation,60,,,Panorama Global,,
DAC-1601-INV-067565,5,1,2027-04-01,2027-06-30,0.0,USD,2027-04-01,DAC-1601,Gates Foundation,60,,,Panorama Global,,
DAC-1601-INV-067565,6,1,2027-07-01,2027-09-30,0.0,USD,2027-07-01,DAC-1601,Gates Foundation,60,,,Panorama Global,,
DAC-1601-INV-067565,7,1,2027-10-01,2027-12-31,809543.0,USD,2027-10-01,DAC-1601,Gates Foundation,60,,,Panorama Global,,
XM-DAC-41122-Somalia-3920/A0/06/001/015,0,2,2012-01-01,2012-12-31,-217278.0,USD,2026-07-31,XM-DAC-41122,,40,,,,,
XM-DAC-41122-Somalia-3920/A0/06/001/015,1,2,2014-01-01,2014-12-31,4036.0,USD,2026-07-31,XM-DAC-41122,,40,,,,,
XM-DAC-41122-Somalia-3920/A0/06/001/015,2,2,2015-01-01,2015-12-31,574.0,USD,2026-07-31,XM-DAC-41122,,40,,,,,
XM-DAC-41122-Democratic Republic of Congo-0990/A0/05/305/033,0,2,2012-01-01,2012-12-31,583163.0,USD,2026-07-31,XM-DAC-41122,,40,,,,,
XM-DAC-41122-Rwanda-3750/A0/05/002/004,0,2,2014-01-01,2014-12-31,1184700.0,USD,2026-07-31,XM-DAC-41122,,40,,,,,
XM-DAC-41122-Rwanda-3750/A0/05/002/004,1,2,2015-01-01,2015-12-31,1184700.0,USD,2026-07-31,XM-DAC-41122,,40,,,,,
XM-DAC-41122-Rwanda-3750/A0/05/002/004,2,2,2016-01-01,2016-12-31,1126575.0,USD,2026-07-31,XM-DAC-41122,,40,,,,,
XM-DAC-41122-Rwanda-3750/A0/05/002/004,3,2,2017-01-01,2017-12-31,1068450.0,USD,2026-07-31,XM-DAC-41122,,40,,,,,
XM-DAC-41122-Rwanda-3750/A0/05/002/004,4,2,2018-01-01,2018-12-31,592350.0,USD,2026-07-31,XM-DAC-41122,,40,,,,,
XM-DAC-41122-Rwanda-3750/A0/05/002/004,5,2,2013-01-01,2013-12-31,592350.0,USD,2026-07-31,XM-DAC-41122,,40,,,,,
XM-DAC-41122-Rwanda-3750/A0/05/003/004,0,2,2018-01-01,2018-12-31,130200.0,USD,2026-07-31,XM-DAC-41122,,40,,,,,
XM-DAC-41122-Rwanda-3750/A0/05/003/004,1,2,2017-01-01,2017-12-31,260400.0,USD,2026-07-31,XM-DAC-41122,,40,,,,,
XM-DAC-41122-Rwanda-3750/A0/05/003/004,2,2,2013-01-01,2013-12-31,130200.0,USD,2026-07-31,XM-DAC-41122,,40,,,,,
XM-DAC-41122-Rwanda-3750/A0/05/003/004,3,2,2014-01-01,2014-12-31,260400.0,USD,2026-07-31,XM-DAC-41122,,40,,,,,
XM-DAC-41122-Rwanda-3750/A0/05/003/004,4,2,2015-01-01,2015-12-31,260400.0,USD,2026-07-31,XM-DAC-41122,,40,,,,,
XM-DAC-41122-Rwanda-3750/A0/05/003/004,5,2,2016-01-01,2016-12-31,260400.0,USD,2026-07-31,XM-DAC-41122,,40,,,,,
XM-DAC-41122-South Sudan-4040/A0/01/001/001,0,2,2013-01-01,2013-12-31,17392269.0,USD,2026-07-31,XM-DAC-41122,,40,,,,,
XM-DAC-41122-South Sudan-4040/A0/01/001/001,1,2,2014-01-01,2014-12-31,12763829.0,USD,2026-07-31,XM-DAC-41122,,40,,,,,
XM-DAC-41122-South Sudan-4040/A0/01/001/001,2,2,2015-01-01,2015-12-31,6196204.0,USD,2026-07-31,XM-DAC-41122,,40,,,,,
XM-DAC-41122-South Sudan-4040/A0/01/001/001,3,2,2016-01-01,2016-12-31,1675000.0,USD,2026-07-31,XM-DAC-41122,,40,,,,,
XM-DAC-41122-South Sudan-4040/A0/01/001/001,4,2,2012-01-01,2012-12-31,14215940.0,USD,2026-07-31,XM-DAC-41122,,40,,,,,
DAC-1601-INV-074255,0,1,2026-01-01,2026-03-31,0.0,USD,2026-01-01,DAC-1601,Gates Foundation,60,,,"The Global Fund to Fight AIDS, Tuberculosis and Malaria",,
DAC-1601-INV-074255,1,1,2026-04-01,2026-06-30,0.0,USD,2026-04-01,DAC-1601,Gates Foundation,60,,,"The Global Fund to Fight AIDS, Tuberculosis and Malaria",,
DAC-1601-INV-074255,2,1,2026-07-01,2026-09-30,0.0,USD,2026-07-01,DAC-1601,Gates Foundation,60,,,"The Global Fund to Fight AIDS, Tuberculosis and Malaria",,
DAC-1601-INV-074255,3,1,2026-10-01,2026-12-31,0.0,USD,2026-10-01,DAC-1601,Gates Foundation,60,,,"The Global Fund to Fight AIDS, Tuberculosis and Malaria",,
DAC-1601-INV-074255,4,1,2027-01-01,2027-03-31,701795.0,USD,2027-01-01,DAC-1601,Gates Foundation,60,,,"The Global Fund to Fight AIDS, Tuberculosis and Malaria",,
DAC-1601-INV-074255,5,1,2027-04-01,2027-06-30,0.0,USD,2027-04-01,DAC-1601,Gates Foundation,60,,,"The Global Fund to Fight AIDS, Tuberculosis and Malaria",,
DAC-1601-INV-074255,6,1,2027-07-01,2027-09-30,0.0,USD,2027-07-01,DAC-1601,Gates Foundation,60,,,"The Global Fund to Fight AIDS, Tuberculosis and Malaria",,
DAC-1601-INV-074255,7,1,2027-10-01,2027-12-31,0.0,USD,2027-10-01,DAC-1601,Gates Foundation,60,,,"The Global Fund to Fight AIDS, Tuberculosis and Malaria",,
XM-DAC-41122-South Sudan-4040/A0/01/002/004,0,2,2013-01-01,2013-12-31,12632318.0,USD,2026-07-31,XM-DAC-41122,,40,,,,,
XM-DAC-41122-South Sudan-4040/A0/01/002/004,1,2,2012-01-01,2012-12-31,10302791.0,USD,2026-07-31,XM-DAC-41122,,40,,,,,
XM-DAC-41122-South Sudan-4040/A0/01/002/004,2,2,2014-01-01,2014-12-31,1791432.0,USD,2026-07-31,XM-DAC-41122,,40,,,,,
XM-DAC-41122-South Sudan-4040/A0/01/002/004,3,2,2015-01-01,2015-12-31,342422.0,USD,2026-07-31,XM-DAC-41122,,40,,,,,
XM-DAC-41122-South Sudan-4040/A0/01/002/004,4,2,2016-01-01,2016-12-31,32320.0,USD,2026-07-31,XM-DAC-41122,,40,,,,,
XM-DAC-41122-Somalia-3920/A0/06/101/003,0,2,2015-01-01,2015-12-31,1050341.0,USD,2026-07-31,XM-DAC-41122,,40,,,,,
XM-DAC-41122-Somalia-3920/A0/06/101/003,1,2,2017-01-01,2017-12-31,9450.0,USD,2026-07-31,XM-DAC-41122,,40,,,,,
XM-DAC-41122-Somalia-3920/A0/06/101/003,2,2,2016-01-01,2016-12-31,130136.0,USD,2026-07-31,XM-DAC-41122,,40,,,,,
XM-DAC-41122-Somalia-3920/A0/06/101/003,3,2,2014-01-01,2014-12-31,556466.0,USD,2026-07-31,XM-DAC-41122,,40,,,,,
DAC-1601-INV-056090,0,1,2026-01-01,2026-03-31,0.0,USD,2026-01-01,DAC-1601,Gates Foundation,60,,,Management Sciences for Health,,
DAC-1601-INV-056090,1,1,2026-04-01,2026-06-30,0.0,USD,2026-04-01,DAC-1601,Gates Foundation,60,,,Management Sciences for Health,,
DAC-1601-INV-056090,2,1,2026-07-01,2026-09-30,0.0,USD,2026-07-01,DAC-1601,Gates Foundation,60,,,Management Sciences for Health,,
DAC-1601-INV-056090,3,1,2026-10-01,2026-12-31,0.0,USD,2026-10-01,DAC-1601,Gates Foundation,60,,,Management Sciences for Health,,
DAC-1601-INV-056090,4,1,2027-01-01,2027-03-31,0.0,USD,2027-01-01,DAC-1601,Gates Foundation,60,,,Management Sciences for Health,,
DAC-1601-INV-056090,5,1,2027-04-01,2027-06-30,0.0,USD,2027-04-01,DAC-1601,Gates Foundation,60,,,Management Sciences for Health,,
DAC-1601-INV-056090,6,1,2027-07-01,2027-09-30,0.0,USD,2027-07-01,DAC-1601,Gates Foundation,60,,,Management Sciences for Health,,
DAC-1601-INV-056090,7,1,2027-10-01,2027-12-31,0.0,USD,2027-10-01,DAC-1601,Gates Foundation,60,,,Management Sciences for Health,,
XM-DAC-301-2-109866-001,0,1,2022-04-01,2023-03-31,351200.0,CAD,2022-04-01,XM-DAC-301-2,International Development Research Centre,15,,,Wits Health Consortium (Proprietary) Ltd.,22,
XM-DAC-301-2-109866-001,1,1,2025-04-01,2026-03-31,42070.0,CAD,2025-04-01,XM-DAC-301-2,International Development Research Centre,15,,,Wits Health Consortium (Proprietary) Ltd.,22,
XM-DAC-301-2-109866-001,2,1,2024-04-01,2025-03-31,138130.0,CAD,2024-04-01,XM-DAC-301-2,International Development Research Centre,15,,,Wits Health Consortium (Proprietary) Ltd.,22,
XM-DAC-301-2-109866-001,3,1,2023-04-01,2024-03-31,310000.0,CAD,2023-04-01,XM-DAC-301-2,International Development Research Centre,15,,,Wits Health Consortium (Proprietary) Ltd.,22,
DAC-1601-INV-068491,0,1,2026-01-01,2026-03-31,0.0,USD,2026-01-01,DAC-1601,Gates Foundation,60,,,The Rotary Foundation of Rotary International,,
DAC-1601-INV-068491,1,1,2026-04-01,2026-06-30,0.0,USD,2026-04-01,DAC-1601,Gates Foundation,60,,,The Rotary Foundation of Rotary International,,
DAC-1601-INV-068491,2,1,2026-07-01,2026-09-30,3000000.0,USD,2026-07-01,DAC-1601,Gates Foundation,60,,,The Rotary Foundation of Rotary International,,
DAC-1601-INV-068491,3,1,2026-10-01,2026-12-31,0.0,USD,2026-10-01,DAC-1601,Gates Foundation,60,,,The Rotary Foundation of Rotary International,,
DAC-1601-INV-068491,4,1,2027-01-01,2027-03-31,0.0,USD,2027-01-01,DAC-1601,Gates Foundation,60,,,The Rotary Foundation of Rotary International,,
DAC-1601-INV-068491,5,1,2027-04-01,2027-06-30,0.0,USD,2027-04-01,DAC-1601,Gates Foundation,60,,,The Rotary Foundation of Rotary International,,
DAC-1601-INV-068491,6,1,2027-07-01,2027-09-30,0.0,USD,2027-07-01,DAC-1601,Gates Foundation,60,,,The Rotary Foundation of Rotary International,,
DAC-1601-INV-068491,7,1,2027-10-01,2027-12-31,0.0,USD,2027-10-01,DAC-1601,Gates Foundation,60,,,The Rotary Foundation of Rotary International,,
XM-DAC-41122-South Sudan-4040/A0/01/001/099,0,2,2015-01-01,2015-12-31,2347828.0,USD,2026-07-31,XM-DAC-41122,,40,,,,,
XM-DAC-41122-South Sudan-4040/A0/01/001/099,1,2,2016-01-01,2016-12-31,1030362.0,USD,2026-07-31,XM-DAC-41122,,40,,,,,
XM-DAC-41122-South Sudan-4040/A0/01/001/099,2,2,2014-01-01,2014-12-31,3563299.0,USD,2026-07-31,XM-DAC-41122,,40,,,,,
XM-DAC-41122-South Sudan-4040/A0/01/001/099,3,2,2013-01-01,2013-12-31,5428363.0,USD,2026-07-31,XM-DAC-41122,,40,,,,,
XM-DAC-41122-South Sudan-4040/A0/01/001/099,4,2,2012-01-01,2012-12-31,5640551.0,USD,2026-07-31,XM-DAC-41122,,40,,,,,
XM-DAC-41122-Somalia-3920/A0/06/016/003,0,2,2014-01-01,2014-12-31,109881.0,USD,2026-07-31,XM-DAC-41122,,40,,,,,
XM-DAC-41122-Somalia-3920/A0/06/016/003,1,2,2013-01-01,2013-12-31,-74659.0,USD,2026-07-31,XM-DAC-41122,,40,,,,,
XM-DAC-41122-Somalia-3920/A0/06/016/003,2,2,2012-01-01,2012-12-31,1056256.0,USD,2026-07-31,XM-DAC-41122,,40,,,,,
XM-DAC-41122-Somalia-3920/A0/06/019/012,0,2,2012-01-01,2012-12-31,34779.0,USD,2026-07-31,XM-DAC-41122,,40,,,,,
XM-DAC-301-2-110620-001,0,1,2027-04-01,2028-03-31,380572.0,CAD,2027-04-01,XM-DAC-301-2,International Development Research Centre,15,,,AMREF HEALTH AFRICA IN KENYA,23,
XM-DAC-301-2-110620-001,1,1,2028-04-01,2029-03-31,122272.0,CAD,2028-04-01,XM-DAC-301-2,International Development Research Centre,15,,,AMREF HEALTH AFRICA IN KENYA,23,
XM-DAC-301-2-110620-001,2,1,2024-04-01,2025-03-31,210200.0,CAD,2024-04-01,XM-DAC-301-2,International Development Research Centre,15,,,AMREF HEALTH AFRICA IN KENYA,23,
XM-DAC-301-2-110620-001,3,1,2025-04-01,2026-03-31,1777786.0,CAD,2025-04-01,XM-DAC-301-2,International Development Research Centre,15,,,AMREF HEALTH AFRICA IN KENYA,23,
XM-DAC-301-2-110620-001,4,1,2026-04-01,2027-03-31,510216.0,CAD,2026-04-01,XM-DAC-301-2,International Development Research Centre,15,,,AMREF HEALTH AFRICA IN KENYA,23,
XM-DAC-301-2-110620-001,5,1,2029-04-01,2030-03-31,336056.0,CAD,2029-04-01,XM-DAC-301-2,International Development Research Centre,15,,,AMREF HEALTH AFRICA IN KENYA,23,
DAC-1601-INV-052944,0,1,2026-01-01,2026-03-31,0.0,USD,2026-01-01,DAC-1601,Gates Foundation,60,,,Stanford University,,
DAC-1601-INV-052944,1,1,2026-04-01,2026-06-30,0.0,USD,2026-04-01,DAC-1601,Gates Foundation,60,,,Stanford University,,
DAC-1601-INV-052944,2,1,2026-07-01,2026-09-30,0.0,USD,2026-07-01,DAC-1601,Gates Foundation,60,,,Stanford University,,
DAC-1601-INV-052944,3,1,2026-10-01,2026-12-31,0.0,USD,2026-10-01,DAC-1601,Gates Foundation,60,,,Stanford University,,
DAC-1601-INV-052944,4,1,2027-01-01,2027-03-31,0.0,USD,2027-01-01,DAC-1601,Gates Foundation,60,,,Stanford University,,
DAC-1601-INV-052944,5,1,2027-04-01,2027-06-30,0.0,USD,2027-04-01,DAC-1601,Gates Foundation,60,,,Stanford University,,
DAC-1601-INV-052944,6,1,2027-07-01,2027-09-30,0.0,USD,2027-07-01,DAC-1601,Gates Foundation,60,,,Stanford University,,
DAC-1601-INV-052944,7,1,2027-10-01,2027-12-31,0.0,USD,2027-10-01,DAC-1601,Gates Foundation,60,,,Stanford University,,
DAC-1601-INV-052111,0,1,2026-01-01,2026-03-31,0.0,USD,2026-01-01,DAC-1601,Gates Foundation,60,,,Global Alliance for Improved Nutrition,,
DAC-1601-INV-052111,1,1,2026-04-01,2026-06-30,0.0,USD,2026-04-01,DAC-1601,Gates Foundation,60,,,Global Alliance for Improved Nutrition,,
DAC-1601-INV-052111,2,1,2026-07-01,2026-09-30,0.0,USD,2026-07-01,DAC-1601,Gates Foundation,60,,,Global Alliance for Improved Nutrition,,
DAC-1601-INV-052111,3,1,2026-10-01,2026-12-31,0.0,USD,2026-10-01,DAC-1601,Gates Foundation,60,,,Global Alliance for Improved Nutrition,,
DAC-1601-INV-052111,4,1,2027-01-01,2027-03-31,0.0,USD,2027-01-01,DAC-1601,Gates Foundation,60,,,Global Alliance for Improved Nutrition,,
DAC-1601-INV-052111,5,1,2027-04-01,2027-06-30,0.0,USD,2027-04-01,DAC-1601,Gates Foundation,60,,,Global Alliance for Improved Nutrition,,
DAC-1601-INV-052111,6,1,2027-07-01,2027-09-30,0.0,USD,2027-07-01,DAC-1601,Gates Foundation,60,,,Global Alliance for Improved Nutrition,,
DAC-1601-INV-052111,7,1,2027-10-01,2027-12-31,0.0,USD,2027-10-01,DAC-1601,Gates Foundation,60,,,Global Alliance for Improved Nutrition,,
XM-DAC-41122-United Rep. of Tanzania-4550/A0/04/101/004,0,2,2014-01-01,2014-12-31,1196461.0,USD,2026-07-31,XM-DAC-41122,,40,,,,,
XM-DAC-41122-United Rep. of Tanzania-4550/A0/04/101/004,1,2,2012-01-01,2012-12-31,162823.0,USD,2026-07-31,XM-DAC-41122,,40,,,,,
XM-DAC-41122-United Rep. of Tanzania-4550/A0/04/101/004,2,2,2013-01-01,2013-12-31,1077984.0,USD,2026-07-31,XM-DAC-41122,,40,,,,,
XM-DAC-41122-United Rep. of Tanzania-4550/A0/04/101/004,3,2,2015-01-01,2015-12-31,492843.0,USD,2026-07-31,XM-DAC-41122,,40,,,,,
XM-DAC-41122-United Rep. of Tanzania-4550/A0/04/101/004,4,2,2016-01-01,2016-12-31,958679.0,USD,2026-07-31,XM-DAC-41122,,40,,,,,
XM-DAC-41122-Rwanda-3750/A0/07/880/015,0,2,2029-01-01,2029-12-31,835000.0,USD,2026-07-31,XM-DAC-41122,,40,,,,,
XM-DAC-41122-Rwanda-3750/A0/07/880/015,1,2,2028-01-01,2028-12-31,846000.0,USD,2026-07-31,XM-DAC-41122,,40,,,,,
XM-DAC-41122-Rwanda-3750/A0/07/880/015,2,2,2027-01-01,2027-12-31,831000.0,USD,2026-07-31,XM-DAC-41122,,40,,,,,
XM-DAC-41122-Rwanda-3750/A0/07/880/015,3,2,2026-01-01,2026-12-31,1175465.0,USD,2026-07-31,XM-DAC-41122,,40,,,,,
XM-DAC-41122-Rwanda-3750/A0/07/880/015,4,2,2025-01-01,2025-12-31,661870.0,USD,2026-07-31,XM-DAC-41122,,40,,,,,
XM-DAC-41122-Rwanda-3750/A0/04/230/003,0,2,2012-01-01,2012-12-31,7601847.0,USD,2026-07-31,XM-DAC-41122,,40,,,,,
XM-DAC-41122-Rwanda-3750/A0/04/230/003,1,2,2013-01-01,2013-12-31,4887515.0,USD,2026-07-31,XM-DAC-41122,,40,,,,,
XM-DAC-41122-Uganda-4380/A0/04/105/003,0,2,2014-01-01,2014-12-31,10007308.0,USD,2026-07-31,XM-DAC-41122,,40,,,,,
XM-DAC-41122-Uganda-4380/A0/04/105/003,1,2,2015-01-01,2015-12-31,9021681.0,USD,2026-07-31,XM-DAC-41122,,40,,,,,
XM-DAC-41122-Uganda-4380/A0/04/105/003,2,2,2012-01-01,2012-12-31,6952590.0,USD,2026-07-31,XM-DAC-41122,,40,,,,,
XM-DAC-41122-Uganda-4380/A0/04/105/003,3,2,2013-01-01,2013-12-31,10548536.0,USD,2026-07-31,XM-DAC-41122,,40,,,,,
DAC-1601-INV-042016,0,1,2026-01-01,2026-03-31,0.0,USD,2026-01-01,DAC-1601,Gates Foundation,60,,,The Chartered Institute of Procurement and Supply,,
DAC-1601-INV-042016,1,1,2026-04-01,2026-06-30,0.0,USD,2026-04-01,DAC-1601,Gates Foundation,60,,,The Chartered Institute of Procurement and Supply,,
DAC-1601-INV-042016,2,1,2026-07-01,2026-09-30,0.0,USD,2026-07-01,DAC-1601,Gates Foundation,60,,,The Chartered Institute of Procurement and Supply,,
DAC-1601-INV-042016,3,1,2026-10-01,2026-12-31,0.0,USD,2026-10-01,DAC-1601,Gates Foundation,60,,,The Chartered Institute of Procurement and Supply,,
DAC-1601-INV-042016,4,1,2027-01-01,2027-03-31,614254.0,USD,2027-01-01,DAC-1601,Gates Foundation,60,,,The Chartered Institute of Procurement and Supply,,
DAC-1601-INV-042016,5,1,2027-04-01,2027-06-30,0.0,USD,2027-04-01,DAC-1601,Gates Foundation,60,,,The Chartered Institute of Procurement and Supply,,
DAC-1601-INV-042016,6,1,2027-07-01,2027-09-30,0.0,USD,2027-07-01,DAC-1601,Gates Foundation,60,,,The Chartered Institute of Procurement and Supply,,
DAC-1601-INV-042016,7,1,2027-10-01,2027-12-31,0.0,USD,2027-10-01,DAC-1601,Gates Foundation,60,,,The Chartered Institute of Procurement and Supply,,
XI-IATI-EC_INTPA-2024-PC-28014,0,1,2026-07-01,2026-07-31,73662.5,,2026-01-01,,European Commission - Directorate General for International Partnerships,15,XI-IATI-EC_INTPA-2024-PC-28014,,INTERNATIONAL NGO,,
XM-DAC-41122-Rwanda-3750/A0/04/220/001,0,2,2012-01-01,2012-12-31,495523.0,USD,2026-07-31,XM-DAC-41122,,40,,,,,
XM-DAC-41122-Rwanda-3750/A0/04/220/001,1,2,2013-01-01,2013-12-31,1210000.0,USD,2026-07-31,XM-DAC-41122,,40,,,,,
XM-DAC-41122-Ethiopia-1410/A0/06/002/005,0,2,2020-01-01,2020-12-31,1897037.0,USD,2026-07-31,XM-DAC-41122,,40,,,,,
XM-DAC-41122-Ethiopia-1410/A0/06/002/005,1,2,2019-01-01,2019-12-31,3637930.0,USD,2026-07-31,XM-DAC-41122,,40,,,,,
XM-DAC-41122-Ethiopia-1410/A0/06/002/005,2,2,2017-01-01,2017-12-31,2304491.0,USD,2026-07-31,XM-DAC-41122,,40,,,,,
XM-DAC-41122-Ethiopia-1410/A0/06/002/005,3,2,2018-01-01,2018-12-31,2304491.0,USD,2026-07-31,XM-DAC-41122,,40,,,,,
XM-DAC-41122-Ethiopia-1410/A0/06/002/005,4,2,2016-01-01,2016-12-31,1152245.0,USD,2026-07-31,XM-DAC-41122,,40,,,,,
XM-DAC-41122-Ethiopia-1410/A0/07/001/004,0,2,2020-01-01,2020-12-31,89850.0,USD,2026-07-31,XM-DAC-41122,,40,,,,,
XM-DAC-41122-Ethiopia-1410/A0/07/001/004,1,2,2021-01-01,2021-12-31,179689.0,USD,2026-07-31,XM-DAC-41122,,40,,,,,
XM-DAC-41122-Ethiopia-1410/A0/07/001/004,2,2,2022-01-01,2022-12-31,179689.0,USD,2026-07-31,XM-DAC-41122,,40,,,,,
XM-DAC-41122-Ethiopia-1410/A0/07/001/004,3,2,2023-01-01,2023-12-31,441044.0,USD,2026-07-31,XM-DAC-41122,,40,,,,,
XM-DAC-41122-Ethiopia-1410/A0/07/001/004,4,2,2025-01-01,2025-12-31,89848.0,USD,2026-07-31,XM-DAC-41122,,40,,,,,
XM-DAC-41122-Ethiopia-1410/A0/07/001/004,5,2,2024-01-01,2024-12-31,691000.0,USD,2026-07-31,XM-DAC-41122,,40,,,,,
XM-DAC-41122-Ethiopia-1410/A0/07/002/005,0,2,2020-01-01,2020-12-31,307336.0,USD,2026-07-31,XM-DAC-41122,,40,,,,,
XM-DAC-41122-Ethiopia-1410/A0/07/002/005,1,2,2025-01-01,2025-12-31,442351.0,USD,2026-07-31,XM-DAC-41122,,40,,,,,
XM-DAC-41122-Ethiopia-1410/A0/07/002/005,2,2,2024-01-01,2024-12-31,918266.0,USD,2026-07-31,XM-DAC-41122,,40,,,,,
XM-DAC-41122-Ethiopia-1410/A0/07/002/005,3,2,2023-01-01,2023-12-31,772067.0,USD,2026-07-31,XM-DAC-41122,,40,,,,,
XM-DAC-41122-Ethiopia-1410/A0/07/002/005,4,2,2022-01-01,2022-12-31,704859.0,USD,2026-07-31,XM-DAC-41122,,40,,,,,
XM-DAC-41122-Ethiopia-1410/A0/07/002/005,5,2,2021-01-01,2021-12-31,643764.0,USD,2026-07-31,XM-DAC-41122,,40,,,,,
XM-DAC-41122-Ethiopia-1410/A0/07/002/006,0,2,2020-01-01,2020-12-31,1317430.0,USD,2026-07-31,XM-DAC-41122,,40,,,,,
XM-DAC-41122-Ethiopia-1410/A0/07/002/006,1,2,2025-01-01,2025-12-31,1768771.0,USD,2026-07-31,XM-DAC-41122,,40,,,,,
XM-DAC-41122-Ethiopia-1410/A0/07/002/006,2,2,2024-01-01,2024-12-31,5528981.0,USD,2026-07-31,XM-DAC-41122,,40,,,,,
XM-DAC-41122-Ethiopia-1410/A0/07/002/006,3,2,2023-01-01,2023-12-31,3224471.0,USD,2026-07-31,XM-DAC-41122,,40,,,,,
XM-DAC-41122-Ethiopia-1410/A0/07/002/006,4,2,2022-01-01,2022-12-31,3078216.0,USD,2026-07-31,XM-DAC-41122,,40,,,,,
XM-DAC-41122-Ethiopia-1410/A0/07/002/006,5,2,2021-01-01,2021-12-31,2936555.0,USD,2026-07-31,XM-DAC-41122,,40,,,,,
XM-DAC-41122-Ethiopia-1410/A0/07/001/005,0,2,2021-01-01,2021-12-31,3771251.0,USD,2026-07-31,XM-DAC-41122,,40,,,,,
XM-DAC-41122-Ethiopia-1410/A0/07/001/005,1,2,2022-01-01,2022-12-31,3895138.0,USD,2026-07-31,XM-DAC-41122,,40,,,,,
XM-DAC-41122-Ethiopia-1410/A0/07/001/005,2,2,2023-01-01,2023-12-31,5833113.0,USD,2026-07-31,XM-DAC-41122,,40,,,,,
XM-DAC-41122-Ethiopia-1410/A0/07/001/005,3,2,2024-01-01,2024-12-31,7726185.0,USD,2026-07-31,XM-DAC-41122,,40,,,,,
XM-DAC-41122-Ethiopia-1410/A0/07/001/005,4,2,2025-01-01,2025-12-31,2234044.0,USD,2026-07-31,XM-DAC-41122,,40,,,,,
XM-DAC-41122-Ethiopia-1410/A0/07/001/005,5,2,2020-01-01,2020-12-31,1826483.0,USD,2026-07-31,XM-DAC-41122,,40,,,,,
XM-DAC-41122-South Sudan-4040/A0/02/001/001,0,2,2016-01-01,2016-12-31,3238532.0,USD,2026-07-31,XM-DAC-41122,,40,,,,,
XM-DAC-41122-South Sudan-4040/A0/02/001/001,1,2,2018-01-01,2018-12-31,10341941.0,USD,2026-07-31,XM-DAC-41122,,40,,,,,
XM-DAC-41122-South Sudan-4040/A0/02/001/001,2,2,2017-01-01,2017-12-31,6792577.0,USD,2026-07-31,XM-DAC-41122,,40,,,,,
XM-DAC-41122-Ethiopia-1410/A0/05/001/004,0,2,2014-01-01,2014-12-31,3153010.0,USD,2026-07-31,XM-DAC-41122,,40,,,,,
XM-DAC-41122-Ethiopia-1410/A0/05/001/004,1,2,2015-01-01,2015-12-31,6306020.0,USD,2026-07-31,XM-DAC-41122,,40,,,,,
XM-DAC-41122-Ethiopia-1410/A0/05/001/004,2,2,2016-01-01,2016-12-31,2414732.0,USD,2026-07-31,XM-DAC-41122,,40,,,,,
XM-DAC-41122-Rwanda-3750/A0/05/003/001,0,2,2016-01-01,2016-12-31,4387365.0,USD,2026-07-31,XM-DAC-41122,,40,,,,,
XM-DAC-41122-Rwanda-3750/A0/05/003/001,1,2,2015-01-01,2015-12-31,3168600.0,USD,2026-07-31,XM-DAC-41122,,40,,,,,
XM-DAC-41122-Rwanda-3750/A0/05/003/001,2,2,2017-01-01,2017-12-31,5431290.0,USD,2026-07-31,XM-DAC-41122,,40,,,,,
XM-DAC-41122-Rwanda-3750/A0/05/003/001,3,2,2018-01-01,2018-12-31,1398300.0,USD,2026-07-31,XM-DAC-41122,,40,,,,,
XM-DAC-41122-Rwanda-3750/A0/05/003/001,4,2,2013-01-01,2013-12-31,1398300.0,USD,2026-07-31,XM-DAC-41122,,40,,,,,
XM-DAC-41122-Rwanda-3750/A0/05/003/001,5,2,2014-01-01,2014-12-31,3027240.0,USD,2026-07-31,XM-DAC-41122,,40,,,,,
XM-DAC-41122-Somalia-3920/A0/06/003/005,0,2,2015-01-01,2015-12-31,360733.0,USD,2026-07-31,XM-DAC-41122,,40,,,,,
XM-DAC-41122-Somalia-3920/A0/06/003/005,1,2,2014-01-01,2014-12-31,360733.0,USD,2026-07-31,XM-DAC-41122,,40,,,,,
XM-DAC-41122-Somalia-3920/A0/06/003/005,2,2,2013-01-01,2013-12-31,360733.0,USD,2026-07-31,XM-DAC-41122,,40,,,,,
XM-DAC-41122-Somalia-3920/A0/06/003/005,3,2,2012-01-01,2012-12-31,289494.0,USD,2026-07-31,XM-DAC-41122,,40,,,,,
XM-DAC-41122-Somalia-3920/A0/06/003/005,4,2,2016-01-01,2016-12-31,23828.0,USD,2026-07-31,XM-DAC-41122,,40,,,,,
XM-DAC-41122-South Sudan-4040/A0/03/001/006,0,2,2019-01-01,2019-12-31,266716.0,USD,2026-07-31,XM-DAC-41122,,40,,,,,
XM-DAC-41122-South Sudan-4040/A0/03/001/006,1,2,2020-01-01,2020-12-31,869492.0,USD,2026-07-31,XM-DAC-41122,,40,,,,,
XM-DAC-41122-South Sudan-4040/A0/03/001/006,2,2,2021-01-01,2021-12-31,1502760.0,USD,2026-07-31,XM-DAC-41122,,40,,,,,
XM-DAC-41122-Kenya-2400/A0/04/009/001,0,2,2012-01-01,2012-12-31,1196666.0,USD,2026-07-31,XM-DAC-41122,,40,,,,,
XM-DAC-41122-Kenya-2400/A0/04/009/001,1,2,2014-01-01,2014-12-31,10267609.0,USD,2026-07-31,XM-DAC-41122,,40,,,,,
XM-DAC-41122-Kenya-2400/A0/04/009/001,2,2,2013-01-01,2013-12-31,16340951.0,USD,2026-07-31,XM-DAC-41122,,40,,,,,
XM-DAC-41122-Somalia-3920/A0/06/003/008,0,2,2015-01-01,2015-12-31,285232.0,USD,2026-07-31,XM-DAC-41122,,40,,,,,
XM-DAC-41122-Somalia-3920/A0/06/003/008,1,2,2012-01-01,2012-12-31,60094.0,USD,2026-07-31,XM-DAC-41122,,40,,,,,
XM-DAC-41122-Somalia-3920/A0/06/003/008,2,2,2013-01-01,2013-12-31,285232.0,USD,2026-07-31,XM-DAC-41122,,40,,,,,
XM-DAC-41122-Somalia-3920/A0/06/003/008,3,2,2014-01-01,2014-12-31,285232.0,USD,2026-07-31,XM-DAC-41122,,40,,,,,
DAC-1601-INV-076353,0,1,2026-01-01,2026-03-31,0.0,USD,2026-01-01,DAC-1601,Gates Foundation,60,,,Development Catalysts,,
DAC-1601-INV-076353,1,1,2026-04-01,2026-06-30,0.0,USD,2026-04-01,DAC-1601,Gates Foundation,60,,,Development Catalysts,,
DAC-1601-INV-076353,2,1,2026-07-01,2026-09-30,0.0,USD,2026-07-01,DAC-1601,Gates Foundation,60,,,Development Catalysts,,
DAC-1601-INV-076353,3,1,2026-10-01,2026-12-31,0.0,USD,2026-10-01,DAC-1601,Gates Foundation,60,,,Development Catalysts,,
DAC-1601-INV-076353,4,1,2027-01-01,2027-03-31,0.0,USD,2027-01-01,DAC-1601,Gates Foundation,60,,,Development Catalysts,,
DAC-1601-INV-076353,5,1,2027-04-01,2027-06-30,0.0,USD,2027-04-01,DAC-1601,Gates Foundation,60,,,Development Catalysts,,
DAC-1601-INV-076353,6,1,2027-07-01,2027-09-30,0.0,USD,2027-07-01,DAC-1601,Gates Foundation,60,,,Development Catalysts,,
DAC-1601-INV-076353,7,1,2027-10-01,2027-12-31,0.0,USD,2027-10-01,DAC-1601,Gates Foundation,60,,,Development Catalysts,,
XM-DAC-301-2-109812-003,0,1,2026-04-01,2027-03-31,269900.0,CAD,2026-04-01,XM-DAC-301-2,International Development Research Centre,15,,,Institut National de Recherche Biomédicale,15,
XM-DAC-301-2-109812-003,1,1,2023-04-01,2024-03-31,1243000.0,CAD,2023-04-01,XM-DAC-301-2,International Development Research Centre,15,,,Institut National de Recherche Biomédicale,15,
DAC-1601-INV-031899,0,1,2026-01-01,2026-03-31,0.0,USD,2026-01-01,DAC-1601,Gates Foundation,60,,,International Finance Corporation,,
DAC-1601-INV-031899,1,1,2026-04-01,2026-06-30,0.0,USD,2026-04-01,DAC-1601,Gates Foundation,60,,,International Finance Corporation,,
DAC-1601-INV-031899,2,1,2026-07-01,2026-09-30,0.0,USD,2026-07-01,DAC-1601,Gates Foundation,60,,,International Finance Corporation,,
DAC-1601-INV-031899,3,1,2026-10-01,2026-12-31,0.0,USD,2026-10-01,DAC-1601,Gates Foundation,60,,,International Finance Corporation,,
DAC-1601-INV-031899,4,1,2027-01-01,2027-03-31,0.0,USD,2027-01-01,DAC-1601,Gates Foundation,60,,,International Finance Corporation,,
DAC-1601-INV-031899,5,1,2027-04-01,2027-06-30,0.0,USD,2027-04-01,DAC-1601,Gates Foundation,60,,,International Finance Corporation,,
DAC-1601-INV-031899,6,1,2027-07-01,2027-09-30,0.0,USD,2027-07-01,DAC-1601,Gates Foundation,60,,,International Finance Corporation,,
DAC-1601-INV-031899,7,1,2027-10-01,2027-12-31,0.0,USD,2027-10-01,DAC-1601,Gates Foundation,60,,,International Finance Corporation,,
XM-DAC-41122-Somalia-3920/A0/06/002/003,0,2,2016-01-01,2016-12-31,111801.0,USD,2026-07-31,XM-DAC-41122,,40,,,,,
XM-DAC-41122-Somalia-3920/A0/06/002/003,1,2,2015-01-01,2015-12-31,133103.0,USD,2026-07-31,XM-DAC-41122,,40,,,,,
XM-DAC-41122-Somalia-3920/A0/06/002/003,2,2,2014-01-01,2014-12-31,49205.0,USD,2026-07-31,XM-DAC-41122,,40,,,,,
XM-DAC-41122-Somalia-3920/A0/06/002/003,3,2,2013-01-01,2013-12-31,735521.0,USD,2026-07-31,XM-DAC-41122,,40,,,,,
XM-DAC-41122-Somalia-3920/A0/06/002/003,4,2,2012-01-01,2012-12-31,195896.0,USD,2026-07-31,XM-DAC-41122,,40,,,,,
DAC-1601-INV-083106,0,1,2026-01-01,2026-03-31,0.0,USD,2026-01-01,DAC-1601,Gates Foundation,60,,,Africa Clinical Research Network Foundation,,
DAC-1601-INV-083106,1,1,2026-04-01,2026-06-30,0.0,USD,2026-04-01,DAC-1601,Gates Foundation,60,,,Africa Clinical Research Network Foundation,,
DAC-1601-INV-083106,2,1,2026-07-01,2026-09-30,0.0,USD,2026-07-01,DAC-1601,Gates Foundation,60,,,Africa Clinical Research Network Foundation,,
DAC-1601-INV-083106,3,1,2026-10-01,2026-12-31,0.0,USD,2026-10-01,DAC-1601,Gates Foundation,60,,,Africa Clinical Research Network Foundation,,
DAC-1601-INV-083106,4,1,2027-01-01,2027-03-31,850382.0,USD,2027-01-01,DAC-1601,Gates Foundation,60,,,Africa Clinical Research Network Foundation,,
DAC-1601-INV-083106,5,1,2027-04-01,2027-06-30,0.0,USD,2027-04-01,DAC-1601,Gates Foundation,60,,,Africa Clinical Research Network Foundation,,
DAC-1601-INV-083106,6,1,2027-07-01,2027-09-30,0.0,USD,2027-07-01,DAC-1601,Gates Foundation,60,,,Africa Clinical Research Network Foundation,,
DAC-1601-INV-083106,7,1,2027-10-01,2027-12-31,0.0,USD,2027-10-01,DAC-1601,Gates Foundation,60,,,Africa Clinical Research Network Foundation,,
XM-DAC-41122-Uganda-4380/A0/04/105/004,0,2,2015-01-01,2015-12-31,5283751.0,USD,2026-07-31,XM-DAC-41122,,40,,,,,
XM-DAC-41122-Uganda-4380/A0/04/105/004,1,2,2014-01-01,2014-12-31,6563030.0,USD,2026-07-31,XM-DAC-41122,,40,,,,,
XM-DAC-41122-Uganda-4380/A0/04/105/004,2,2,2012-01-01,2012-12-31,4330892.0,USD,2026-07-31,XM-DAC-41122,,40,,,,,
XM-DAC-41122-Uganda-4380/A0/04/105/004,3,2,2013-01-01,2013-12-31,6913659.0,USD,2026-07-31,XM-DAC-41122,,40,,,,,
XM-DAC-41122-Democratic Republic of Congo-0990/A0/05/301/014,0,2,2012-01-01,2012-12-31,451408.0,USD,2026-07-31,XM-DAC-41122,,40,,,,,
XM-DAC-41122-Democratic Republic of Congo-0990/A0/05/301/001,0,2,2012-01-01,2012-12-31,35446.0,USD,2026-07-31,XM-DAC-41122,,40,,,,,
XM-DAC-41122-Democratic Republic of Congo-0990/A0/05/301/016,0,2,2012-01-01,2012-12-31,497938.0,USD,2026-07-31,XM-DAC-41122,,40,,,,,
XM-DAC-41122-Democratic Republic of Congo-0990/A0/05/303/068,0,2,2012-01-01,2012-12-31,8437967.0,USD,2026-07-31,XM-DAC-41122,,40,,,,,
KR-GOV-110-1352000_2024_003,0,1,2026-01-01,2026-12-31,1780000000.0,KRW,2026-01-01,KR-GOV-110,Ministry of Health and Welfare,10,KR-GOV-110-1352000_2024_003,,,,
KR-GOV-010-KR-GOV-051-2026010100018,0,1,2026-01-01,2026-12-31,6860838131.0,KRW,2026-06-30,KR-GOV-051,Korea International Cooperation Agency,10,KR-GOV-010-KR-GOV-051-2026010100018,,,,
KR-GOV-010-KR-GOV-051-2026030102588,0,1,2026-01-01,2026-12-31,0.0,KRW,2026-06-30,KR-GOV-051,Korea International Cooperation Agency,10,KR-GOV-010-KR-GOV-051-2026030102588,,,,
KR-GOV-010-KR-GOV-051-2025040102901,0,1,2026-01-01,2026-12-31,0.0,KRW,2026-06-30,KR-GOV-051,Korea International Cooperation Agency,10,KR-GOV-010-KR-GOV-051-2025040102901,,,,
KR-GOV-010-KR-GOV-051-2026040101252,0,1,2026-01-01,2026-12-31,0.0,KRW,2026-06-30,KR-GOV-051,Korea International Cooperation Agency,10,KR-GOV-010-KR-GOV-051-2026040101252,,,,
DAC-1601-INV-093599,0,1,2026-01-01,2026-03-31,0.0,USD,2026-01-01,DAC-1601,Gates Foundation,60,,,Jakaya Mrisho Kikwete Foundation,,
DAC-1601-INV-093599,1,1,2026-04-01,2026-06-30,0.0,USD,2026-04-01,DAC-1601,Gates Foundation,60,,,Jakaya Mrisho Kikwete Foundation,,
DAC-1601-INV-093599,2,1,2026-07-01,2026-09-30,0.0,USD,2026-07-01,DAC-1601,Gates Foundation,60,,,Jakaya Mrisho Kikwete Foundation,,
DAC-1601-INV-093599,3,1,2026-10-01,2026-12-31,0.0,USD,2026-10-01,DAC-1601,Gates Foundation,60,,,Jakaya Mrisho Kikwete Foundation,,
DAC-1601-INV-093599,4,1,2027-01-01,2027-03-31,0.0,USD,2027-01-01,DAC-1601,Gates Foundation,60,,,Jakaya Mrisho Kikwete Foundation,,
DAC-1601-INV-093599,5,1,2027-04-01,2027-06-30,0.0,USD,2027-04-01,DAC-1601,Gates Foundation,60,,,Jakaya Mrisho Kikwete Foundation,,
DAC-1601-INV-093599,6,1,2027-07-01,2027-09-30,0.0,USD,2027-07-01,DAC-1601,Gates Foundation,60,,,Jakaya Mrisho Kikwete Foundation,,
DAC-1601-INV-093599,7,1,2027-10-01,2027-12-31,0.0,USD,2027-10-01,DAC-1601,Gates Foundation,60,,,Jakaya Mrisho Kikwete Foundation,,
DAC-1601-INV-080185,0,1,2026-01-01,2026-03-31,0.0,USD,2026-01-01,DAC-1601,Gates Foundation,60,,,"Touch Health, Inc.",,
DAC-1601-INV-080185,1,1,2026-04-01,2026-06-30,0.0,USD,2026-04-01,DAC-1601,Gates Foundation,60,,,"Touch Health, Inc.",,
DAC-1601-INV-080185,2,1,2026-07-01,2026-09-30,0.0,USD,2026-07-01,DAC-1601,Gates Foundation,60,,,"Touch Health, Inc.",,
DAC-1601-INV-080185,3,1,2026-10-01,2026-12-31,0.0,USD,2026-10-01,DAC-1601,Gates Foundation,60,,,"Touch Health, Inc.",,
DAC-1601-INV-080185,4,1,2027-01-01,2027-03-31,0.0,USD,2027-01-01,DAC-1601,Gates Foundation,60,,,"Touch Health, Inc.",,
DAC-1601-INV-080185,5,1,2027-04-01,2027-06-30,0.0,USD,2027-04-01,DAC-1601,Gates Foundation,60,,,"Touch Health, Inc.",,
DAC-1601-INV-080185,6,1,2027-07-01,2027-09-30,0.0,USD,2027-07-01,DAC-1601,Gates Foundation,60,,,"Touch Health, Inc.",,
DAC-1601-INV-080185,7,1,2027-10-01,2027-12-31,0.0,USD,2027-10-01,DAC-1601,Gates Foundation,60,,,"Touch Health, Inc.",,
DAC-1601-INV-081605,0,1,2026-01-01,2026-03-31,0.0,USD,2026-01-01,DAC-1601,Gates Foundation,60,,,IntraHealth International Inc.,,
DAC-1601-INV-081605,1,1,2026-04-01,2026-06-30,0.0,USD,2026-04-01,DAC-1601,Gates Foundation,60,,,IntraHealth International Inc.,,
DAC-1601-INV-081605,2,1,2026-07-01,2026-09-30,0.0,USD,2026-07-01,DAC-1601,Gates Foundation,60,,,IntraHealth International Inc.,,
DAC-1601-INV-081605,3,1,2026-10-01,2026-12-31,0.0,USD,2026-10-01,DAC-1601,Gates Foundation,60,,,IntraHealth International Inc.,,
DAC-1601-INV-081605,4,1,2027-01-01,2027-03-31,0.0,USD,2027-01-01,DAC-1601,Gates Foundation,60,,,IntraHealth International Inc.,,
DAC-1601-INV-081605,5,1,2027-04-01,2027-06-30,0.0,USD,2027-04-01,DAC-1601,Gates Foundation,60,,,IntraHealth International Inc.,,
DAC-1601-INV-081605,6,1,2027-07-01,2027-09-30,0.0,USD,2027-07-01,DAC-1601,Gates Foundation,60,,,IntraHealth International Inc.,,
DAC-1601-INV-081605,7,1,2027-10-01,2027-12-31,0.0,USD,2027-10-01,DAC-1601,Gates Foundation,60,,,IntraHealth International Inc.,,
DAC-1601-INV-091240,0,1,2026-01-01,2026-03-31,0.0,USD,2026-01-01,DAC-1601,Gates Foundation,60,,,Delivery Associates Limited,,
DAC-1601-INV-091240,1,1,2026-04-01,2026-06-30,1810275.0,USD,2026-04-01,DAC-1601,Gates Foundation,60,,,Delivery Associates Limited,,
DAC-1601-INV-091240,2,1,2026-07-01,2026-09-30,0.0,USD,2026-07-01,DAC-1601,Gates Foundation,60,,,Delivery Associates Limited,,
DAC-1601-INV-091240,3,1,2026-10-01,2026-12-31,0.0,USD,2026-10-01,DAC-1601,Gates Foundation,60,,,Delivery Associates Limited,,
DAC-1601-INV-091240,4,1,2027-01-01,2027-03-31,1197146.0,USD,2027-01-01,DAC-1601,Gates Foundation,60,,,Delivery Associates Limited,,
DAC-1601-INV-091240,5,1,2027-04-01,2027-06-30,0.0,USD,2027-04-01,DAC-1601,Gates Foundation,60,,,Delivery Associates Limited,,
DAC-1601-INV-091240,6,1,2027-07-01,2027-09-30,0.0,USD,2027-07-01,DAC-1601,Gates Foundation,60,,,Delivery Associates Limited,,
DAC-1601-INV-091240,7,1,2027-10-01,2027-12-31,0.0,USD,2027-10-01,DAC-1601,Gates Foundation,60,,,Delivery Associates Limited,,
DAC-1601-INV-096673,0,1,2026-01-01,2026-03-31,0.0,USD,2026-01-01,DAC-1601,Gates Foundation,60,,,Tanzania Medicines and Medical Devices Authority (TMDA),,
DAC-1601-INV-096673,1,1,2026-04-01,2026-06-30,0.0,USD,2026-04-01,DAC-1601,Gates Foundation,60,,,Tanzania Medicines and Medical Devices Authority (TMDA),,
DAC-1601-INV-096673,2,1,2026-07-01,2026-09-30,0.0,USD,2026-07-01,DAC-1601,Gates Foundation,60,,,Tanzania Medicines and Medical Devices Authority (TMDA),,
DAC-1601-INV-096673,3,1,2026-10-01,2026-12-31,0.0,USD,2026-10-01,DAC-1601,Gates Foundation,60,,,Tanzania Medicines and Medical Devices Authority (TMDA),,
DAC-1601-INV-096673,4,1,2027-01-01,2027-03-31,0.0,USD,2027-01-01,DAC-1601,Gates Foundation,60,,,Tanzania Medicines and Medical Devices Authority (TMDA),,
DAC-1601-INV-096673,5,1,2027-04-01,2027-06-30,0.0,USD,2027-04-01,DAC-1601,Gates Foundation,60,,,Tanzania Medicines and Medical Devices Authority (TMDA),,
DAC-1601-INV-096673,6,1,2027-07-01,2027-09-30,0.0,USD,2027-07-01,DAC-1601,Gates Foundation,60,,,Tanzania Medicines and Medical Devices Authority (TMDA),,
DAC-1601-INV-096673,7,1,2027-10-01,2027-12-31,0.0,USD,2027-10-01,DAC-1601,Gates Foundation,60,,,Tanzania Medicines and Medical Devices Authority (TMDA),,
DAC-1601-INV-061395,0,1,2026-01-01,2026-03-31,0.0,USD,2026-01-01,DAC-1601,Gates Foundation,60,,,International Food Policy Research Institute,,
DAC-1601-INV-061395,1,1,2026-04-01,2026-06-30,0.0,USD,2026-04-01,DAC-1601,Gates Foundation,60,,,International Food Policy Research Institute,,
DAC-1601-INV-061395,2,1,2026-07-01,2026-09-30,0.0,USD,2026-07-01,DAC-1601,Gates Foundation,60,,,International Food Policy Research Institute,,
DAC-1601-INV-061395,3,1,2026-10-01,2026-12-31,0.0,USD,2026-10-01,DAC-1601,Gates Foundation,60,,,International Food Policy Research Institute,,
DAC-1601-INV-061395,4,1,2027-01-01,2027-03-31,0.0,USD,2027-01-01,DAC-1601,Gates Foundation,60,,,International Food Policy Research Institute,,
DAC-1601-INV-061395,5,1,2027-04-01,2027-06-30,0.0,USD,2027-04-01,DAC-1601,Gates Foundation,60,,,International Food Policy Research Institute,,
DAC-1601-INV-061395,6,1,2027-07-01,2027-09-30,0.0,USD,2027-07-01,DAC-1601,Gates Foundation,60,,,International Food Policy Research Institute,,
DAC-1601-INV-061395,7,1,2027-10-01,2027-12-31,0.0,USD,2027-10-01,DAC-1601,Gates Foundation,60,,,International Food Policy Research Institute,,
XM-DAC-41122-United Rep. of Tanzania-4550/A0/04/701/002,0,2,2012-01-01,2012-12-31,22954.0,USD,2026-07-31,XM-DAC-41122,,40,,,,,
DAC-1601-INV-047156,0,1,2026-01-01,2026-03-31,0.0,USD,2026-01-01,DAC-1601,Gates Foundation,60,,,Johns Hopkins University Bloomberg School of Public Health,,
DAC-1601-INV-047156,1,1,2026-04-01,2026-06-30,0.0,USD,2026-04-01,DAC-1601,Gates Foundation,60,,,Johns Hopkins University Bloomberg School of Public Health,,
DAC-1601-INV-047156,2,1,2026-07-01,2026-09-30,0.0,USD,2026-07-01,DAC-1601,Gates Foundation,60,,,Johns Hopkins University Bloomberg School of Public Health,,
DAC-1601-INV-047156,3,1,2026-10-01,2026-12-31,0.0,USD,2026-10-01,DAC-1601,Gates Foundation,60,,,Johns Hopkins University Bloomberg School of Public Health,,
DAC-1601-INV-047156,4,1,2027-01-01,2027-03-31,0.0,USD,2027-01-01,DAC-1601,Gates Foundation,60,,,Johns Hopkins University Bloomberg School of Public Health,,
DAC-1601-INV-047156,5,1,2027-04-01,2027-06-30,0.0,USD,2027-04-01,DAC-1601,Gates Foundation,60,,,Johns Hopkins University Bloomberg School of Public Health,,
DAC-1601-INV-047156,6,1,2027-07-01,2027-09-30,0.0,USD,2027-07-01,DAC-1601,Gates Foundation,60,,,Johns Hopkins University Bloomberg School of Public Health,,
DAC-1601-INV-047156,7,1,2027-10-01,2027-12-31,0.0,USD,2027-10-01,DAC-1601,Gates Foundation,60,,,Johns Hopkins University Bloomberg School of Public Health,,
DAC-1601-INV-061233,0,1,2026-01-01,2026-03-31,0.0,USD,2026-01-01,DAC-1601,Gates Foundation,60,,,University of Warwick,,
DAC-1601-INV-061233,1,1,2026-04-01,2026-06-30,0.0,USD,2026-04-01,DAC-1601,Gates Foundation,60,,,University of Warwick,,
DAC-1601-INV-061233,2,1,2026-07-01,2026-09-30,0.0,USD,2026-07-01,DAC-1601,Gates Foundation,60,,,University of Warwick,,
DAC-1601-INV-061233,3,1,2026-10-01,2026-12-31,850000.0,USD,2026-10-01,DAC-1601,Gates Foundation,60,,,University of Warwick,,
DAC-1601-INV-061233,4,1,2027-01-01,2027-03-31,0.0,USD,2027-01-01,DAC-1601,Gates Foundation,60,,,University of Warwick,,
DAC-1601-INV-061233,5,1,2027-04-01,2027-06-30,0.0,USD,2027-04-01,DAC-1601,Gates Foundation,60,,,University of Warwick,,
DAC-1601-INV-061233,6,1,2027-07-01,2027-09-30,0.0,USD,2027-07-01,DAC-1601,Gates Foundation,60,,,University of Warwick,,
DAC-1601-INV-061233,7,1,2027-10-01,2027-12-31,784873.0,USD,2027-10-01,DAC-1601,Gates Foundation,60,,,University of Warwick,,
DAC-1601-INV-047157,0,1,2026-01-01,2026-03-31,0.0,USD,2026-01-01,DAC-1601,Gates Foundation,60,,,Africa Public Health Foundation,,
DAC-1601-INV-047157,1,1,2026-04-01,2026-06-30,0.0,USD,2026-04-01,DAC-1601,Gates Foundation,60,,,Africa Public Health Foundation,,
DAC-1601-INV-047157,2,1,2026-07-01,2026-09-30,0.0,USD,2026-07-01,DAC-1601,Gates Foundation,60,,,Africa Public Health Foundation,,
DAC-1601-INV-047157,3,1,2026-10-01,2026-12-31,0.0,USD,2026-10-01,DAC-1601,Gates Foundation,60,,,Africa Public Health Foundation,,
DAC-1601-INV-047157,4,1,2027-01-01,2027-03-31,0.0,USD,2027-01-01,DAC-1601,Gates Foundation,60,,,Africa Public Health Foundation,,
DAC-1601-INV-047157,5,1,2027-04-01,2027-06-30,0.0,USD,2027-04-01,DAC-1601,Gates Foundation,60,,,Africa Public Health Foundation,,
DAC-1601-INV-047157,6,1,2027-07-01,2027-09-30,0.0,USD,2027-07-01,DAC-1601,Gates Foundation,60,,,Africa Public Health Foundation,,
DAC-1601-INV-047157,7,1,2027-10-01,2027-12-31,0.0,USD,2027-10-01,DAC-1601,Gates Foundation,60,,,Africa Public Health Foundation,,
XM-DAC-41122-Somalia-3920/A0/06/101/002,0,2,2015-01-01,2015-12-31,14925943.0,USD,2026-07-31,XM-DAC-41122,,40,,,,,
XM-DAC-41122-Somalia-3920/A0/06/101/002,1,2,2014-01-01,2014-12-31,9513470.0,USD,2026-07-31,XM-DAC-41122,,40,,,,,
XM-DAC-41122-Somalia-3920/A0/06/101/002,2,2,2016-01-01,2016-12-31,19374889.0,USD,2026-07-31,XM-DAC-41122,,40,,,,,
XM-DAC-41122-Somalia-3920/A0/06/101/002,3,2,2017-01-01,2017-12-31,9478175.0,USD,2026-07-31,XM-DAC-41122,,40,,,,,
XM-DAC-41122-Somalia-3920/A0/06/002/008,0,2,2013-01-01,2013-12-31,20741944.0,USD,2026-07-31,XM-DAC-41122,,40,,,,,
XM-DAC-41122-Somalia-3920/A0/06/002/008,1,2,2014-01-01,2014-12-31,2492407.0,USD,2026-07-31,XM-DAC-41122,,40,,,,,
XM-DAC-41122-Somalia-3920/A0/06/002/008,2,2,2015-01-01,2015-12-31,1521384.0,USD,2026-07-31,XM-DAC-41122,,40,,,,,
XM-DAC-41122-Somalia-3920/A0/06/002/008,3,2,2016-01-01,2016-12-31,-863869.0,USD,2026-07-31,XM-DAC-41122,,40,,,,,
XM-DAC-41122-Somalia-3920/A0/06/002/008,4,2,2012-01-01,2012-12-31,22670624.0,USD,2026-07-31,XM-DAC-41122,,40,,,,,
DAC-1601-OPP1211787,0,1,2026-01-01,2026-03-31,0.0,USD,2026-01-01,DAC-1601,Gates Foundation,60,,,London School of Hygiene and Tropical Medicine,,
DAC-1601-OPP1211787,1,1,2026-04-01,2026-06-30,0.0,USD,2026-04-01,DAC-1601,Gates Foundation,60,,,London School of Hygiene and Tropical Medicine,,
DAC-1601-OPP1211787,2,1,2026-07-01,2026-09-30,0.0,USD,2026-07-01,DAC-1601,Gates Foundation,60,,,London School of Hygiene and Tropical Medicine,,
DAC-1601-OPP1211787,3,1,2026-10-01,2026-12-31,0.0,USD,2026-10-01,DAC-1601,Gates Foundation,60,,,London School of Hygiene and Tropical Medicine,,
DAC-1601-OPP1211787,4,1,2027-01-01,2027-03-31,0.0,USD,2027-01-01,DAC-1601,Gates Foundation,60,,,London School of Hygiene and Tropical Medicine,,
DAC-1601-OPP1211787,5,1,2027-04-01,2027-06-30,0.0,USD,2027-04-01,DAC-1601,Gates Foundation,60,,,London School of Hygiene and Tropical Medicine,,
DAC-1601-OPP1211787,6,1,2027-07-01,2027-09-30,0.0,USD,2027-07-01,DAC-1601,Gates Foundation,60,,,London School of Hygiene and Tropical Medicine,,
DAC-1601-OPP1211787,7,1,2027-10-01,2027-12-31,0.0,USD,2027-10-01,DAC-1601,Gates Foundation,60,,,London School of Hygiene and Tropical Medicine,,
XM-DAC-41122-Somalia-3920/A0/06/102/003,0,2,2014-01-01,2014-12-31,894415.0,USD,2026-07-31,XM-DAC-41122,,40,,,,,
XM-DAC-41122-Somalia-3920/A0/06/102/003,1,2,2015-01-01,2015-12-31,1892957.0,USD,2026-07-31,XM-DAC-41122,,40,,,,,
XM-DAC-41122-Somalia-3920/A0/06/102/003,2,2,2016-01-01,2016-12-31,1292794.0,USD,2026-07-31,XM-DAC-41122,,40,,,,,
XM-DAC-41122-Somalia-3920/A0/06/102/003,3,2,2017-01-01,2017-12-31,819821.0,USD,2026-07-31,XM-DAC-41122,,40,,,,,
XM-DAC-41122-Somalia-3920/A0/06/001/010,0,2,2015-01-01,2015-12-31,1027702.0,USD,2026-07-31,XM-DAC-41122,,40,,,,,
XM-DAC-41122-Somalia-3920/A0/06/001/010,1,2,2014-01-01,2014-12-31,1027702.0,USD,2026-07-31,XM-DAC-41122,,40,,,,,
XM-DAC-41122-Somalia-3920/A0/06/001/010,2,2,2013-01-01,2013-12-31,1027702.0,USD,2026-07-31,XM-DAC-41122,,40,,,,,
XM-DAC-41122-Somalia-3920/A0/06/001/010,3,2,2012-01-01,2012-12-31,505.0,USD,2026-07-31,XM-DAC-41122,,40,,,,,
XM-DAC-41122-South Sudan-4040/A0/02/001/005,0,2,2016-01-01,2016-12-31,419542.0,USD,2026-07-31,XM-DAC-41122,,40,,,,,
XM-DAC-41122-South Sudan-4040/A0/02/001/005,1,2,2017-01-01,2017-12-31,839085.0,USD,2026-07-31,XM-DAC-41122,,40,,,,,
XM-DAC-41122-South Sudan-4040/A0/02/001/005,2,2,2018-01-01,2018-12-31,419542.0,USD,2026-07-31,XM-DAC-41122,,40,,,,,
DAC-1601-INV-060578,0,1,2026-01-01,2026-03-31,0.0,USD,2026-01-01,DAC-1601,Gates Foundation,60,,,"JSI Research & Training Institute, Inc.",,
DAC-1601-INV-060578,1,1,2026-04-01,2026-06-30,0.0,USD,2026-04-01,DAC-1601,Gates Foundation,60,,,"JSI Research & Training Institute, Inc.",,
DAC-1601-INV-060578,2,1,2026-07-01,2026-09-30,0.0,USD,2026-07-01,DAC-1601,Gates Foundation,60,,,"JSI Research & Training Institute, Inc.",,
DAC-1601-INV-060578,3,1,2026-10-01,2026-12-31,0.0,USD,2026-10-01,DAC-1601,Gates Foundation,60,,,"JSI Research & Training Institute, Inc.",,
DAC-1601-INV-060578,4,1,2027-01-01,2027-03-31,0.0,USD,2027-01-01,DAC-1601,Gates Foundation,60,,,"JSI Research & Training Institute, Inc.",,
DAC-1601-INV-060578,5,1,2027-04-01,2027-06-30,0.0,USD,2027-04-01,DAC-1601,Gates Foundation,60,,,"JSI Research & Training Institute, Inc.",,
DAC-1601-INV-060578,6,1,2027-07-01,2027-09-30,0.0,USD,2027-07-01,DAC-1601,Gates Foundation,60,,,"JSI Research & Training Institute, Inc.",,
DAC-1601-INV-060578,7,1,2027-10-01,2027-12-31,0.0,USD,2027-10-01,DAC-1601,Gates Foundation,60,,,"JSI Research & Training Institute, Inc.",,
XM-DAC-41122-Democratic Republic of Congo-0990/A0/05/305/096,0,2,2012-01-01,2012-12-31,469914.0,USD,2026-07-31,XM-DAC-41122,,40,,,,,
XM-DAC-41122-South Sudan-4040/A0/02/003/002,0,2,2017-01-01,2017-12-31,657581.0,USD,2026-07-31,XM-DAC-41122,,40,,,,,
XM-DAC-41122-South Sudan-4040/A0/02/003/002,1,2,2018-01-01,2018-12-31,3130000.0,USD,2026-07-31,XM-DAC-41122,,40,,,,,
XM-DAC-41122-South Sudan-4040/A0/02/003/002,2,2,2016-01-01,2016-12-31,120240.0,USD,2026-07-31,XM-DAC-41122,,40,,,,,
DAC-1601-INV-061643,0,1,2026-01-01,2026-03-31,0.0,USD,2026-01-01,DAC-1601,Gates Foundation,60,,,Institute for Healthcare Improvement,,
DAC-1601-INV-061643,1,1,2026-04-01,2026-06-30,0.0,USD,2026-04-01,DAC-1601,Gates Foundation,60,,,Institute for Healthcare Improvement,,
DAC-1601-INV-061643,2,1,2026-07-01,2026-09-30,0.0,USD,2026-07-01,DAC-1601,Gates Foundation,60,,,Institute for Healthcare Improvement,,
DAC-1601-INV-061643,3,1,2026-10-01,2026-12-31,0.0,USD,2026-10-01,DAC-1601,Gates Foundation,60,,,Institute for Healthcare Improvement,,
DAC-1601-INV-061643,4,1,2027-01-01,2027-03-31,0.0,USD,2027-01-01,DAC-1601,Gates Foundation,60,,,Institute for Healthcare Improvement,,
DAC-1601-INV-061643,5,1,2027-04-01,2027-06-30,0.0,USD,2027-04-01,DAC-1601,Gates Foundation,60,,,Institute for Healthcare Improvement,,
DAC-1601-INV-061643,6,1,2027-07-01,2027-09-30,0.0,USD,2027-07-01,DAC-1601,Gates Foundation,60,,,Institute for Healthcare Improvement,,
DAC-1601-INV-061643,7,1,2027-10-01,2027-12-31,0.0,USD,2027-10-01,DAC-1601,Gates Foundation,60,,,Institute for Healthcare Improvement,,
XM-DAC-41122-Rwanda-3750/A0/05/100/005,0,2,2018-01-01,2018-12-31,378048.0,USD,2026-07-31,XM-DAC-41122,,40,,,,,
XM-DAC-41122-Rwanda-3750/A0/05/100/005,1,2,2017-01-01,2017-12-31,443165.0,USD,2026-07-31,XM-DAC-41122,,40,,,,,
XM-DAC-41122-Rwanda-3750/A0/05/100/005,2,2,2016-01-01,2016-12-31,478531.0,USD,2026-07-31,XM-DAC-41122,,40,,,,,
XM-DAC-41122-Rwanda-3750/A0/05/100/005,3,2,2015-01-01,2015-12-31,218001.0,USD,2026-07-31,XM-DAC-41122,,40,,,,,
DAC-1601-INV-095819,0,1,2026-01-01,2026-03-31,0.0,USD,2026-01-01,DAC-1601,Gates Foundation,60,,,BlueSquare,,
DAC-1601-INV-095819,1,1,2026-04-01,2026-06-30,0.0,USD,2026-04-01,DAC-1601,Gates Foundation,60,,,BlueSquare,,
DAC-1601-INV-095819,2,1,2026-07-01,2026-09-30,0.0,USD,2026-07-01,DAC-1601,Gates Foundation,60,,,BlueSquare,,
DAC-1601-INV-095819,3,1,2026-10-01,2026-12-31,0.0,USD,2026-10-01,DAC-1601,Gates Foundation,60,,,BlueSquare,,
DAC-1601-INV-095819,4,1,2027-01-01,2027-03-31,1500883.0,USD,2027-01-01,DAC-1601,Gates Foundation,60,,,BlueSquare,,
DAC-1601-INV-095819,5,1,2027-04-01,2027-06-30,0.0,USD,2027-04-01,DAC-1601,Gates Foundation,60,,,BlueSquare,,
DAC-1601-INV-095819,6,1,2027-07-01,2027-09-30,0.0,USD,2027-07-01,DAC-1601,Gates Foundation,60,,,BlueSquare,,
DAC-1601-INV-095819,7,1,2027-10-01,2027-12-31,0.0,USD,2027-10-01,DAC-1601,Gates Foundation,60,,,BlueSquare,,
XM-DAC-41122-Democratic Republic of Congo-0990/A0/05/303/084,0,2,2012-01-01,2012-12-31,1828416.0,USD,2026-07-31,XM-DAC-41122,,40,,,,,
XM-DAC-41122-South Sudan-4040/A0/02/001/006,0,2,2017-01-01,2017-12-31,1909459.0,USD,2026-07-31,XM-DAC-41122,,40,,,,,
XM-DAC-41122-South Sudan-4040/A0/02/001/006,1,2,2016-01-01,2016-12-31,1263338.0,USD,2026-07-31,XM-DAC-41122,,40,,,,,
XM-DAC-41122-South Sudan-4040/A0/02/001/006,2,2,2018-01-01,2018-12-31,5222084.0,USD,2026-07-31,XM-DAC-41122,,40,,,,,
XM-DAC-41122-Democratic Republic of Congo-0990/A0/07/007/007,0,2,2023-01-01,2023-12-31,4276.0,USD,2026-07-31,XM-DAC-41122,,40,,,,,
XM-DAC-41122-Democratic Republic of Congo-0990/A0/07/007/007,1,2,2022-01-01,2022-12-31,32441.0,USD,2026-07-31,XM-DAC-41122,,40,,,,,
XM-DAC-41122-Democratic Republic of Congo-0990/A0/07/007/007,2,2,2021-01-01,2021-12-31,3497453.0,USD,2026-07-31,XM-DAC-41122,,40,,,,,
XM-DAC-41122-Democratic Republic of Congo-0990/A0/07/007/007,3,2,2020-01-01,2020-12-31,64100900.0,USD,2026-07-31,XM-DAC-41122,,40,,,,,
XM-DAC-41122-Democratic Republic of Congo-0990/A0/07/007/007,4,2,2024-01-01,2024-12-31,-2983.0,USD,2026-07-31,XM-DAC-41122,,40,,,,,
XM-DAC-41122-Ethiopia-1410/A0/05/203/004,0,2,2013-01-01,2013-12-31,3175755.0,USD,2026-07-31,XM-DAC-41122,,40,,,,,
XM-DAC-41122-Ethiopia-1410/A0/05/203/004,1,2,2014-01-01,2014-12-31,1019793.0,USD,2026-07-31,XM-DAC-41122,,40,,,,,
XM-DAC-41122-Ethiopia-1410/A0/05/203/004,2,2,2015-01-01,2015-12-31,48760.0,USD,2026-07-31,XM-DAC-41122,,40,,,,,
XM-DAC-41122-Ethiopia-1410/A0/05/203/004,3,2,2012-01-01,2012-12-31,903417.0,USD,2026-07-31,XM-DAC-41122,,40,,,,,
XM-DAC-41122-Ethiopia-1410/A0/05/203/005,0,2,2012-01-01,2012-12-31,632180.0,USD,2026-07-31,XM-DAC-41122,,40,,,,,
XM-DAC-41122-Ethiopia-1410/A0/05/203/005,1,2,2015-01-01,2015-12-31,21563.0,USD,2026-07-31,XM-DAC-41122,,40,,,,,
XM-DAC-41122-Ethiopia-1410/A0/05/203/005,2,2,2014-01-01,2014-12-31,224486.0,USD,2026-07-31,XM-DAC-41122,,40,,,,,
XM-DAC-41122-Ethiopia-1410/A0/05/203/005,3,2,2013-01-01,2013-12-31,265760.0,USD,2026-07-31,XM-DAC-41122,,40,,,,,
XM-DAC-41122-Somalia-3920/A0/06/003/004,0,2,2016-01-01,2016-12-31,6044.0,USD,2026-07-31,XM-DAC-41122,,40,,,,,
XM-DAC-41122-Somalia-3920/A0/06/003/004,1,2,2015-01-01,2015-12-31,224177.0,USD,2026-07-31,XM-DAC-41122,,40,,,,,
XM-DAC-41122-Somalia-3920/A0/06/003/004,2,2,2014-01-01,2014-12-31,224177.0,USD,2026-07-31,XM-DAC-41122,,40,,,,,
XM-DAC-41122-Somalia-3920/A0/06/003/004,3,2,2013-01-01,2013-12-31,224177.0,USD,2026-07-31,XM-DAC-41122,,40,,,,,
XM-DAC-41122-Somalia-3920/A0/06/003/004,4,2,2012-01-01,2012-12-31,146288.0,USD,2026-07-31,XM-DAC-41122,,40,,,,,
XM-DAC-41122-Kenya-2400/A0/04/009/002,0,2,2014-01-01,2014-12-31,527890.0,USD,2026-07-31,XM-DAC-41122,,40,,,,,
XM-DAC-41122-Kenya-2400/A0/04/009/002,1,2,2013-01-01,2013-12-31,595008.0,USD,2026-07-31,XM-DAC-41122,,40,,,,,
XM-DAC-41122-Kenya-2400/A0/04/009/002,2,2,2012-01-01,2012-12-31,1136666.0,USD,2026-07-31,XM-DAC-41122,,40,,,,,
XM-DAC-41122-Kenya-2400/A0/04/008/002,0,2,2012-01-01,2012-12-31,2159358.0,USD,2026-07-31,XM-DAC-41122,,40,,,,,
XM-DAC-41122-Kenya-2400/A0/04/008/002,1,2,2013-01-01,2013-12-31,5634477.0,USD,2026-07-31,XM-DAC-41122,,40,,,,,
XM-DAC-41122-Kenya-2400/A0/04/008/002,2,2,2014-01-01,2014-12-31,13680293.0,USD,2026-07-31,XM-DAC-41122,,40,,,,,
XM-DAC-41122-United Rep. of Tanzania-4550/A0/04/101/003,0,2,2016-01-01,2016-12-31,27628.0,USD,2026-07-31,XM-DAC-41122,,40,,,,,
XM-DAC-41122-United Rep. of Tanzania-4550/A0/04/101/003,1,2,2015-01-01,2015-12-31,334437.0,USD,2026-07-31,XM-DAC-41122,,40,,,,,
XM-DAC-41122-United Rep. of Tanzania-4550/A0/04/101/003,2,2,2013-01-01,2013-12-31,309813.0,USD,2026-07-31,XM-DAC-41122,,40,,,,,
XM-DAC-41122-United Rep. of Tanzania-4550/A0/04/101/003,3,2,2014-01-01,2014-12-31,339418.0,USD,2026-07-31,XM-DAC-41122,,40,,,,,
XM-DAC-41122-United Rep. of Tanzania-4550/A0/04/101/003,4,2,2012-01-01,2012-12-31,173792.0,USD,2026-07-31,XM-DAC-41122,,40,,,,,
XM-DAC-41122-United Rep. of Tanzania-4550/A0/04/706/005,0,2,2012-01-01,2012-12-31,15985.0,USD,2026-07-31,XM-DAC-41122,,40,,,,,
XM-DAC-41122-Ethiopia-1410/A0/05/001/005,0,2,2015-01-01,2015-12-31,1404462.0,USD,2026-07-31,XM-DAC-41122,,40,,,,,
XM-DAC-41122-Ethiopia-1410/A0/05/001/005,1,2,2014-01-01,2014-12-31,702231.0,USD,2026-07-31,XM-DAC-41122,,40,,,,,
XM-DAC-41122-Ethiopia-1410/A0/05/001/005,2,2,2016-01-01,2016-12-31,2668416.0,USD,2026-07-31,XM-DAC-41122,,40,,,,,
NL-KVK-41152786-SP1027A,0,,2017-12-01,2018-12-01,3966649.0,,2017-12-01,,Embassy of the Kingdom of the Netherlands in Rwanda,10,XM-DAC-7-PPR-4000000923,NL-KVK-41152786,SNV Netherlands Development Organisation,21,
NL-KVK-41152786-SP1027A,1,,2019-01-01,2019-12-31,3976351.0,,2018-11-01,,Embassy of the Kingdom of the Netherlands in Rwanda,10,XM-DAC-7-PPR-4000000923,NL-KVK-41152786,SNV Netherlands Development Organisation,21,
NL-KVK-41152786-SP1027A,2,,2020-01-01,2020-12-31,5856242.0,,2019-11-01,,Embassy of the Kingdom of the Netherlands in Rwanda,10,XM-DAC-7-PPR-4000000923,NL-KVK-41152786,SNV Netherlands Development Organisation,21,
NL-KVK-41152786-SP1027A,3,,2021-01-01,2021-12-31,2766085.0,,2020-11-01,,Embassy of the Kingdom of the Netherlands in Rwanda,10,XM-DAC-7-PPR-4000000923,NL-KVK-41152786,SNV Netherlands Development Organisation,21,
XM-DAC-41122-Democratic Republic of Congo-0990/A0/07/007/009,0,2,2020-01-01,2020-12-31,528265.0,USD,2026-07-31,XM-DAC-41122,,40,,,,,
XM-DAC-41122-Democratic Republic of Congo-0990/A0/07/007/009,1,2,2021-01-01,2021-12-31,35367.0,USD,2026-07-31,XM-DAC-41122,,40,,,,,
XM-DAC-41122-Democratic Republic of Congo-0990/A0/07/007/009,2,2,2024-01-01,2024-12-31,-289.0,USD,2026-07-31,XM-DAC-41122,,40,,,,,
XM-DAC-41122-South Sudan-4040/A0/02/002/003,0,2,2018-01-01,2018-12-31,1488000.0,USD,2026-07-31,XM-DAC-41122,,40,,,,,
XM-DAC-41122-South Sudan-4040/A0/02/002/003,1,2,2017-01-01,2017-12-31,25000.0,USD,2026-07-31,XM-DAC-41122,,40,,,,,
XM-DAC-41122-South Sudan-4040/A0/02/002/003,2,2,2016-01-01,2016-12-31,12500.0,USD,2026-07-31,XM-DAC-41122,,40,,,,,
XM-DAC-41122-Ethiopia-1410/A0/05/002/003,0,2,2014-01-01,2014-12-31,37885.0,USD,2026-07-31,XM-DAC-41122,,40,,,,,
XM-DAC-41122-Ethiopia-1410/A0/05/002/003,1,2,2016-01-01,2016-12-31,1343854.0,USD,2026-07-31,XM-DAC-41122,,40,,,,,
XM-DAC-41122-Ethiopia-1410/A0/05/002/003,2,2,2015-01-01,2015-12-31,75771.0,USD,2026-07-31,XM-DAC-41122,,40,,,,,
XM-DAC-41122-Democratic Republic of Congo-0990/A0/05/303/085,0,2,2012-01-01,2012-12-31,1462718.0,USD,2026-07-31,XM-DAC-41122,,40,,,,,
XM-DAC-41122-Democratic Republic of Congo-0990/A0/05/303/095,0,2,2012-01-01,2012-12-31,356240.0,USD,2026-07-31,XM-DAC-41122,,40,,,,,
XM-DAC-41122-South Sudan-4040/A0/01/001/007,0,2,2012-01-01,2012-12-31,2999401.0,USD,2026-07-31,XM-DAC-41122,,40,,,,,
XM-DAC-41122-South Sudan-4040/A0/01/001/007,1,2,2013-01-01,2013-12-31,825153.0,USD,2026-07-31,XM-DAC-41122,,40,,,,,
XM-DAC-41122-South Sudan-4040/A0/01/001/007,2,2,2015-01-01,2015-12-31,303638.0,USD,2026-07-31,XM-DAC-41122,,40,,,,,
XM-DAC-41122-South Sudan-4040/A0/01/001/007,3,2,2014-01-01,2014-12-31,303638.0,USD,2026-07-31,XM-DAC-41122,,40,,,,,
XM-DAC-41122-South Sudan-4040/A0/01/001/007,4,2,2016-01-01,2016-12-31,253638.0,USD,2026-07-31,XM-DAC-41122,,40,,,,,
XM-DAC-41122-Somalia-3920/A0/06/800/019,0,2,2014-01-01,2014-12-31,1867.0,USD,2026-07-31,XM-DAC-41122,,40,,,,,
XM-DAC-41122-Ethiopia-1410/A0/05/102/002,0,2,2016-01-01,2016-12-31,45129.0,USD,2026-07-31,XM-DAC-41122,,40,,,,,
XM-DAC-41122-Ethiopia-1410/A0/05/102/002,1,2,2015-01-01,2015-12-31,135207.0,USD,2026-07-31,XM-DAC-41122,,40,,,,,
XM-DAC-41122-Ethiopia-1410/A0/05/102/002,2,2,2014-01-01,2014-12-31,1227869.0,USD,2026-07-31,XM-DAC-41122,,40,,,,,
XM-DAC-41122-Ethiopia-1410/A0/05/102/002,3,2,2013-01-01,2013-12-31,418804.0,USD,2026-07-31,XM-DAC-41122,,40,,,,,
XM-DAC-41122-Ethiopia-1410/A0/05/102/002,4,2,2012-01-01,2012-12-31,5310294.0,USD,2026-07-31,XM-DAC-41122,,40,,,,,
XM-DAC-41122-Ethiopia-1410/A0/05/102/011,0,2,2013-01-01,2013-12-31,61385.0,USD,2026-07-31,XM-DAC-41122,,40,,,,,
XM-DAC-41122-Ethiopia-1410/A0/05/102/011,1,2,2014-01-01,2014-12-31,1693669.0,USD,2026-07-31,XM-DAC-41122,,40,,,,,
XM-DAC-41122-Ethiopia-1410/A0/05/102/011,2,2,2016-01-01,2016-12-31,28805.0,USD,2026-07-31,XM-DAC-41122,,40,,,,,
XM-DAC-41122-Ethiopia-1410/A0/05/102/011,3,2,2015-01-01,2015-12-31,371745.0,USD,2026-07-31,XM-DAC-41122,,40,,,,,
XM-DAC-41122-South Sudan-4040/A0/02/002/002,0,2,2018-01-01,2018-12-31,2662000.0,USD,2026-07-31,XM-DAC-41122,,40,,,,,
XM-DAC-41122-South Sudan-4040/A0/02/002/002,1,2,2017-01-01,2017-12-31,1040819.0,USD,2026-07-31,XM-DAC-41122,,40,,,,,
XM-DAC-41122-South Sudan-4040/A0/02/002/002,2,2,2016-01-01,2016-12-31,167573.0,USD,2026-07-31,XM-DAC-41122,,40,,,,,
XM-DAC-41122-Rwanda-3750/A0/05/002/002,0,2,2014-01-01,2014-12-31,935000.0,USD,2026-07-31,XM-DAC-41122,,40,,,,,
XM-DAC-41122-Rwanda-3750/A0/05/002/002,1,2,2013-01-01,2013-12-31,443320.0,USD,2026-07-31,XM-DAC-41122,,40,,,,,
XM-DAC-41122-Rwanda-3750/A0/05/002/002,2,2,2015-01-01,2015-12-31,935000.0,USD,2026-07-31,XM-DAC-41122,,40,,,,,
XM-DAC-41122-Rwanda-3750/A0/05/002/002,3,2,2016-01-01,2016-12-31,935000.0,USD,2026-07-31,XM-DAC-41122,,40,,,,,
XM-DAC-41122-Rwanda-3750/A0/05/002/002,4,2,2017-01-01,2017-12-31,935000.0,USD,2026-07-31,XM-DAC-41122,,40,,,,,
XM-DAC-41122-Rwanda-3750/A0/05/002/002,5,2,2018-01-01,2018-12-31,443320.0,USD,2026-07-31,XM-DAC-41122,,40,,,,,
XM-DAC-41122-United Rep. of Tanzania-4550/A0/06/880/005,0,2,2023-01-01,2023-12-31,1300000.0,USD,2026-07-31,XM-DAC-41122,,40,,,,,
XM-DAC-41122-United Rep. of Tanzania-4550/A0/06/880/005,1,2,2024-01-01,2024-12-31,800000.0,USD,2026-07-31,XM-DAC-41122,,40,,,,,
XM-DAC-41122-United Rep. of Tanzania-4550/A0/06/880/005,2,2,2027-01-01,2027-12-31,200000.0,USD,2026-07-31,XM-DAC-41122,,40,,,,,
XM-DAC-41122-United Rep. of Tanzania-4550/A0/06/880/005,3,2,2026-01-01,2026-12-31,520000.0,USD,2026-07-31,XM-DAC-41122,,40,,,,,
XM-DAC-41122-United Rep. of Tanzania-4550/A0/06/880/005,4,2,2025-01-01,2025-12-31,800000.0,USD,2026-07-31,XM-DAC-41122,,40,,,,,
XM-DAC-41122-United Rep. of Tanzania-4550/A0/06/880/005,5,2,2022-01-01,2022-12-31,1199500.0,USD,2026-07-31,XM-DAC-41122,,40,,,,,
DAC-1601-INV-075932,0,1,2026-01-01,2026-03-31,0.0,USD,2026-01-01,DAC-1601,Gates Foundation,60,,,Polio 25 Limited,,
DAC-1601-INV-075932,1,1,2026-04-01,2026-06-30,200000.0,USD,2026-04-01,DAC-1601,Gates Foundation,60,,,Polio 25 Limited,,
DAC-1601-INV-075932,2,1,2026-07-01,2026-09-30,745226.8,USD,2026-07-01,DAC-1601,Gates Foundation,60,,,Polio 25 Limited,,
DAC-1601-INV-075932,3,1,2026-10-01,2026-12-31,0.0,USD,2026-10-01,DAC-1601,Gates Foundation,60,,,Polio 25 Limited,,
DAC-1601-INV-075932,4,1,2027-01-01,2027-03-31,0.0,USD,2027-01-01,DAC-1601,Gates Foundation,60,,,Polio 25 Limited,,
DAC-1601-INV-075932,5,1,2027-04-01,2027-06-30,0.0,USD,2027-04-01,DAC-1601,Gates Foundation,60,,,Polio 25 Limited,,
DAC-1601-INV-075932,6,1,2027-07-01,2027-09-30,0.0,USD,2027-07-01,DAC-1601,Gates Foundation,60,,,Polio 25 Limited,,
DAC-1601-INV-075932,7,1,2027-10-01,2027-12-31,0.0,USD,2027-10-01,DAC-1601,Gates Foundation,60,,,Polio 25 Limited,,
XM-DAC-41122-Somalia-3920/A0/06/012/015,0,2,2013-01-01,2013-12-31,916191.0,USD,2026-07-31,XM-DAC-41122,,40,,,,,
XM-DAC-41122-Somalia-3920/A0/06/012/015,1,2,2014-01-01,2014-12-31,916191.0,USD,2026-07-31,XM-DAC-41122,,40,,,,,
XM-DAC-41122-Somalia-3920/A0/06/012/015,2,2,2015-01-01,2015-12-31,600000.0,USD,2026-07-31,XM-DAC-41122,,40,,,,,
XM-DAC-41122-Somalia-3920/A0/06/012/015,3,2,2016-01-01,2016-12-31,23998.0,USD,2026-07-31,XM-DAC-41122,,40,,,,,
XM-DAC-41122-Somalia-3920/A0/06/012/015,4,2,2012-01-01,2012-12-31,1908610.0,USD,2026-07-31,XM-DAC-41122,,40,,,,,
KR-GOV-010-KR-GOV-051-2024010100041,0,1,2026-01-01,2026-12-31,1917556223.0,KRW,2026-06-30,KR-GOV-051,Korea International Cooperation Agency,10,KR-GOV-010-KR-GOV-051-2024010100041,,,,
DAC-1601-INV-077542,0,1,2026-01-01,2026-03-31,0.0,USD,2026-01-01,DAC-1601,Gates Foundation,60,,,National Drug Authority,,
DAC-1601-INV-077542,1,1,2026-04-01,2026-06-30,0.0,USD,2026-04-01,DAC-1601,Gates Foundation,60,,,National Drug Authority,,
DAC-1601-INV-077542,2,1,2026-07-01,2026-09-30,0.0,USD,2026-07-01,DAC-1601,Gates Foundation,60,,,National Drug Authority,,
DAC-1601-INV-077542,3,1,2026-10-01,2026-12-31,0.0,USD,2026-10-01,DAC-1601,Gates Foundation,60,,,National Drug Authority,,
DAC-1601-INV-077542,4,1,2027-01-01,2027-03-31,0.0,USD,2027-01-01,DAC-1601,Gates Foundation,60,,,National Drug Authority,,
DAC-1601-INV-077542,5,1,2027-04-01,2027-06-30,0.0,USD,2027-04-01,DAC-1601,Gates Foundation,60,,,National Drug Authority,,
DAC-1601-INV-077542,6,1,2027-07-01,2027-09-30,0.0,USD,2027-07-01,DAC-1601,Gates Foundation,60,,,National Drug Authority,,
DAC-1601-INV-077542,7,1,2027-10-01,2027-12-31,0.0,USD,2027-10-01,DAC-1601,Gates Foundation,60,,,National Drug Authority,,
XM-DAC-41122-Democratic Republic of Congo-0990/A0/05/301/098,0,2,2012-01-01,2012-12-31,193618.0,USD,2026-07-31,XM-DAC-41122,,40,,,,,
XM-DAC-41122-Ethiopia-1410/A0/05/102/006,0,2,2012-01-01,2012-12-31,3266010.0,USD,2026-07-31,XM-DAC-41122,,40,,,,,
XM-DAC-41122-Ethiopia-1410/A0/05/102/006,1,2,2015-01-01,2015-12-31,737022.0,USD,2026-07-31,XM-DAC-41122,,40,,,,,
XM-DAC-41122-Ethiopia-1410/A0/05/102/006,2,2,2016-01-01,2016-12-31,51132.0,USD,2026-07-31,XM-DAC-41122,,40,,,,,
XM-DAC-41122-Ethiopia-1410/A0/05/102/006,3,2,2013-01-01,2013-12-31,6889507.0,USD,2026-07-31,XM-DAC-41122,,40,,,,,
XM-DAC-41122-Ethiopia-1410/A0/05/102/006,4,2,2014-01-01,2014-12-31,1184644.0,USD,2026-07-31,XM-DAC-41122,,40,,,,,
XM-DAC-41122-Somalia-3920/A0/06/003/002,0,2,2012-01-01,2012-12-31,22960.0,USD,2026-07-31,XM-DAC-41122,,40,,,,,
XM-DAC-41122-Somalia-3920/A0/06/003/002,1,2,2013-01-01,2013-12-31,100000.0,USD,2026-07-31,XM-DAC-41122,,40,,,,,
XM-DAC-41122-Somalia-3920/A0/06/003/002,2,2,2014-01-01,2014-12-31,100000.0,USD,2026-07-31,XM-DAC-41122,,40,,,,,
XM-DAC-41122-Somalia-3920/A0/06/003/002,3,2,2015-01-01,2015-12-31,100000.0,USD,2026-07-31,XM-DAC-41122,,40,,,,,
XM-DAC-41122-Uganda-4380/A0/04/105/002,0,2,2015-01-01,2015-12-31,3511357.0,USD,2026-07-31,XM-DAC-41122,,40,,,,,
XM-DAC-41122-Uganda-4380/A0/04/105/002,1,2,2012-01-01,2012-12-31,4168956.0,USD,2026-07-31,XM-DAC-41122,,40,,,,,
XM-DAC-41122-Uganda-4380/A0/04/105/002,2,2,2013-01-01,2013-12-31,1654354.0,USD,2026-07-31,XM-DAC-41122,,40,,,,,
XM-DAC-41122-Uganda-4380/A0/04/105/002,3,2,2014-01-01,2014-12-31,1579697.0,USD,2026-07-31,XM-DAC-41122,,40,,,,,
XM-DAC-41122-South Sudan-4040/A0/03/001/009,0,2,2022-01-01,2022-12-31,82160909.0,USD,2026-07-31,XM-DAC-41122,,40,,,,,
XM-DAC-41122-South Sudan-4040/A0/03/001/009,1,2,2021-01-01,2021-12-31,7341974.0,USD,2026-07-31,XM-DAC-41122,,40,,,,,
DAC-1601-INV-070288,0,1,2026-01-01,2026-03-31,0.0,USD,2026-01-01,DAC-1601,Gates Foundation,60,,,World Health Organization,,
DAC-1601-INV-070288,1,1,2026-04-01,2026-06-30,0.0,USD,2026-04-01,DAC-1601,Gates Foundation,60,,,World Health Organization,,
DAC-1601-INV-070288,2,1,2026-07-01,2026-09-30,0.0,USD,2026-07-01,DAC-1601,Gates Foundation,60,,,World Health Organization,,
DAC-1601-INV-070288,3,1,2026-10-01,2026-12-31,0.0,USD,2026-10-01,DAC-1601,Gates Foundation,60,,,World Health Organization,,
DAC-1601-INV-070288,4,1,2027-01-01,2027-03-31,0.0,USD,2027-01-01,DAC-1601,Gates Foundation,60,,,World Health Organization,,
DAC-1601-INV-070288,5,1,2027-04-01,2027-06-30,113783.0,USD,2027-04-01,DAC-1601,Gates Foundation,60,,,World Health Organization,,
DAC-1601-INV-070288,6,1,2027-07-01,2027-09-30,0.0,USD,2027-07-01,DAC-1601,Gates Foundation,60,,,World Health Organization,,
DAC-1601-INV-070288,7,1,2027-10-01,2027-12-31,0.0,USD,2027-10-01,DAC-1601,Gates Foundation,60,,,World Health Organization,,
XM-DAC-41122-Rwanda-3750/A0/05/100/004,0,2,2015-01-01,2015-12-31,614315.0,USD,2026-07-31,XM-DAC-41122,,40,,,,,
XM-DAC-41122-Rwanda-3750/A0/05/100/004,1,2,2016-01-01,2016-12-31,1213181.0,USD,2026-07-31,XM-DAC-41122,,40,,,,,
XM-DAC-41122-Rwanda-3750/A0/05/100/004,2,2,2018-01-01,2018-12-31,730030.0,USD,2026-07-31,XM-DAC-41122,,40,,,,,
XM-DAC-41122-Rwanda-3750/A0/05/100/004,3,2,2017-01-01,2017-12-31,1958195.0,USD,2026-07-31,XM-DAC-41122,,40,,,,,
XM-DAC-41122-Kenya-2400/A0/04/008/003,0,2,2013-01-01,2013-12-31,2032028.0,USD,2026-07-31,XM-DAC-41122,,40,,,,,
XM-DAC-41122-Kenya-2400/A0/04/008/003,1,2,2012-01-01,2012-12-31,2136468.0,USD,2026-07-31,XM-DAC-41122,,40,,,,,
XM-DAC-41122-Kenya-2400/A0/04/008/003,2,2,2014-01-01,2014-12-31,843869.0,USD,2026-07-31,XM-DAC-41122,,40,,,,,
XM-DAC-41122-Somalia-3920/A0/06/001/050,0,2,2014-01-01,2014-12-31,2949548.0,USD,2026-07-31,XM-DAC-41122,,40,,,,,
XM-DAC-41122-Somalia-3920/A0/06/001/050,1,2,2013-01-01,2013-12-31,2949548.0,USD,2026-07-31,XM-DAC-41122,,40,,,,,
XM-DAC-41122-Somalia-3920/A0/06/001/050,2,2,2012-01-01,2012-12-31,1268782.0,USD,2026-07-31,XM-DAC-41122,,40,,,,,
XM-DAC-41122-Somalia-3920/A0/06/001/050,3,2,2015-01-01,2015-12-31,2949548.0,USD,2026-07-31,XM-DAC-41122,,40,,,,,
XM-DAC-41122-Somalia-3920/A0/06/001/050,4,2,2016-01-01,2016-12-31,460.0,USD,2026-07-31,XM-DAC-41122,,40,,,,,
XM-DAC-41122-Somalia-3920/A0/06/001/050,5,2,2017-01-01,2017-12-31,188.0,USD,2026-07-31,XM-DAC-41122,,40,,,,,
XM-DAC-41122-Somalia-3920/A0/06/001/051,0,2,2015-01-01,2015-12-31,1601383.0,USD,2026-07-31,XM-DAC-41122,,40,,,,,
XM-DAC-41122-Somalia-3920/A0/06/001/051,1,2,2016-01-01,2016-12-31,-1.0,USD,2026-07-31,XM-DAC-41122,,40,,,,,
XM-DAC-41122-Somalia-3920/A0/06/001/051,2,2,2014-01-01,2014-12-31,1590581.0,USD,2026-07-31,XM-DAC-41122,,40,,,,,
XM-DAC-41122-Somalia-3920/A0/06/001/051,3,2,2012-01-01,2012-12-31,905509.0,USD,2026-07-31,XM-DAC-41122,,40,,,,,
XM-DAC-41122-Somalia-3920/A0/06/001/051,4,2,2013-01-01,2013-12-31,1579991.0,USD,2026-07-31,XM-DAC-41122,,40,,,,,
XM-DAC-41122-Somalia-3920/A0/06/800/002,0,2,2014-01-01,2014-12-31,117513.0,USD,2026-07-31,XM-DAC-41122,,40,,,,,
XM-DAC-41122-Somalia-3920/A0/06/800/002,1,2,2013-01-01,2013-12-31,-116325.0,USD,2026-07-31,XM-DAC-41122,,40,,,,,
XM-DAC-41122-Somalia-3920/A0/06/800/002,2,2,2012-01-01,2012-12-31,-11331.0,USD,2026-07-31,XM-DAC-41122,,40,,,,,
XM-DAC-41122-Somalia-3920/A0/06/020/003,0,2,2012-01-01,2012-12-31,497820.0,USD,2026-07-31,XM-DAC-41122,,40,,,,,
US-EIN-27-1414646-MCKISHF1,0,2,2018-09-01,2018-12-31,195501.0,GBP,2019-10-22,McKinsey & Company,,70,,"Clinton Health Access Initiative, Inc.",,21,
US-EIN-27-1414646-MCKISHF1,1,2,2019-01-01,2019-09-30,98870.0,GBP,2019-10-22,McKinsey & Company,,70,,"Clinton Health Access Initiative, Inc.",,21,
US-EIN-27-1414646-MCKISHF1,2,2,2019-10-01,2019-12-31,179800.0,GBP,2019-10-22,McKinsey & Company,,70,,"Clinton Health Access Initiative, Inc.",,21,
US-EIN-27-1414646-MCKISHF1,3,2,2020-01-01,2020-03-31,185615.57,GBP,2020-09-21,McKinsey & Company,,70,,"Clinton Health Access Initiative, Inc.",,21,
US-EIN-27-1414646-MCKISHF1,4,2,2020-04-01,2020-06-30,156233.14,GBP,2020-09-21,McKinsey & Company,,70,,"Clinton Health Access Initiative, Inc.",,21,
US-EIN-27-1414646-MCKISHF1,5,2,2020-07-01,2020-09-30,85093.0,GBP,2020-10-01,McKinsey & Company,,70,,"Clinton Health Access Initiative, Inc.",,21,
US-EIN-27-1414646-MCKISHF1,6,2,2020-10-01,2020-12-31,206221.0,GBP,2020-12-31,McKinsey & Company,,70,,"Clinton Health Access Initiative, Inc.",,21,
KR-GOV-010-KR-GOV-051-2025010100101,0,1,2026-01-01,2026-12-31,2693261310.0,KRW,2026-06-30,KR-GOV-051,Korea International Cooperation Agency,10,KR-GOV-010-KR-GOV-051-2025010100101,,,,
DAC-1601-INV-090034,0,1,2026-01-01,2026-03-31,0.0,USD,2026-01-01,DAC-1601,Gates Foundation,60,,,"MERQ Consultancy, PLC",,
DAC-1601-INV-090034,1,1,2026-04-01,2026-06-30,0.0,USD,2026-04-01,DAC-1601,Gates Foundation,60,,,"MERQ Consultancy, PLC",,
DAC-1601-INV-090034,2,1,2026-07-01,2026-09-30,750000.0,USD,2026-07-01,DAC-1601,Gates Foundation,60,,,"MERQ Consultancy, PLC",,
DAC-1601-INV-090034,3,1,2026-10-01,2026-12-31,0.0,USD,2026-10-01,DAC-1601,Gates Foundation,60,,,"MERQ Consultancy, PLC",,
DAC-1601-INV-090034,4,1,2027-01-01,2027-03-31,0.0,USD,2027-01-01,DAC-1601,Gates Foundation,60,,,"MERQ Consultancy, PLC",,
DAC-1601-INV-090034,5,1,2027-04-01,2027-06-30,0.0,USD,2027-04-01,DAC-1601,Gates Foundation,60,,,"MERQ Consultancy, PLC",,
DAC-1601-INV-090034,6,1,2027-07-01,2027-09-30,499516.0,USD,2027-07-01,DAC-1601,Gates Foundation,60,,,"MERQ Consultancy, PLC",,
DAC-1601-INV-090034,7,1,2027-10-01,2027-12-31,0.0,USD,2027-10-01,DAC-1601,Gates Foundation,60,,,"MERQ Consultancy, PLC",,
DAC-1601-INV-080087,0,1,2026-01-01,2026-03-31,0.0,USD,2026-01-01,DAC-1601,Gates Foundation,60,,,AMREF Health Africa,,
DAC-1601-INV-080087,1,1,2026-04-01,2026-06-30,0.0,USD,2026-04-01,DAC-1601,Gates Foundation,60,,,AMREF Health Africa,,
DAC-1601-INV-080087,2,1,2026-07-01,2026-09-30,0.0,USD,2026-07-01,DAC-1601,Gates Foundation,60,,,AMREF Health Africa,,
DAC-1601-INV-080087,3,1,2026-10-01,2026-12-31,0.0,USD,2026-10-01,DAC-1601,Gates Foundation,60,,,AMREF Health Africa,,
DAC-1601-INV-080087,4,1,2027-01-01,2027-03-31,0.0,USD,2027-01-01,DAC-1601,Gates Foundation,60,,,AMREF Health Africa,,
DAC-1601-INV-080087,5,1,2027-04-01,2027-06-30,0.0,USD,2027-04-01,DAC-1601,Gates Foundation,60,,,AMREF Health Africa,,
DAC-1601-INV-080087,6,1,2027-07-01,2027-09-30,0.0,USD,2027-07-01,DAC-1601,Gates Foundation,60,,,AMREF Health Africa,,
DAC-1601-INV-080087,7,1,2027-10-01,2027-12-31,0.0,USD,2027-10-01,DAC-1601,Gates Foundation,60,,,AMREF Health Africa,,
DAC-1601-INV-093173,0,1,2026-01-01,2026-03-31,0.0,USD,2026-01-01,DAC-1601,Gates Foundation,60,,,Awura Computing PLC,,
DAC-1601-INV-093173,1,1,2026-04-01,2026-06-30,0.0,USD,2026-04-01,DAC-1601,Gates Foundation,60,,,Awura Computing PLC,,
DAC-1601-INV-093173,2,1,2026-07-01,2026-09-30,0.0,USD,2026-07-01,DAC-1601,Gates Foundation,60,,,Awura Computing PLC,,
DAC-1601-INV-093173,3,1,2026-10-01,2026-12-31,0.0,USD,2026-10-01,DAC-1601,Gates Foundation,60,,,Awura Computing PLC,,
DAC-1601-INV-093173,4,1,2027-01-01,2027-03-31,0.0,USD,2027-01-01,DAC-1601,Gates Foundation,60,,,Awura Computing PLC,,
DAC-1601-INV-093173,5,1,2027-04-01,2027-06-30,0.0,USD,2027-04-01,DAC-1601,Gates Foundation,60,,,Awura Computing PLC,,
DAC-1601-INV-093173,6,1,2027-07-01,2027-09-30,0.0,USD,2027-07-01,DAC-1601,Gates Foundation,60,,,Awura Computing PLC,,
DAC-1601-INV-093173,7,1,2027-10-01,2027-12-31,0.0,USD,2027-10-01,DAC-1601,Gates Foundation,60,,,Awura Computing PLC,,
DAC-1601-INV-044191,0,1,2026-01-01,2026-03-31,0.0,USD,2026-01-01,DAC-1601,Gates Foundation,60,,,American International Health Alliance,,
DAC-1601-INV-044191,1,1,2026-04-01,2026-06-30,0.0,USD,2026-04-01,DAC-1601,Gates Foundation,60,,,American International Health Alliance,,
DAC-1601-INV-044191,2,1,2026-07-01,2026-09-30,0.0,USD,2026-07-01,DAC-1601,Gates Foundation,60,,,American International Health Alliance,,
DAC-1601-INV-044191,3,1,2026-10-01,2026-12-31,0.0,USD,2026-10-01,DAC-1601,Gates Foundation,60,,,American International Health Alliance,,
DAC-1601-INV-044191,4,1,2027-01-01,2027-03-31,0.0,USD,2027-01-01,DAC-1601,Gates Foundation,60,,,American International Health Alliance,,
DAC-1601-INV-044191,5,1,2027-04-01,2027-06-30,0.0,USD,2027-04-01,DAC-1601,Gates Foundation,60,,,American International Health Alliance,,
DAC-1601-INV-044191,6,1,2027-07-01,2027-09-30,0.0,USD,2027-07-01,DAC-1601,Gates Foundation,60,,,American International Health Alliance,,
DAC-1601-INV-044191,7,1,2027-10-01,2027-12-31,0.0,USD,2027-10-01,DAC-1601,Gates Foundation,60,,,American International Health Alliance,,
DAC-1601-INV-061417,0,1,2026-01-01,2026-03-31,331469.0,USD,2026-01-01,DAC-1601,Gates Foundation,60,,,International Institute for Primary Health Care - Ethiopia,,
DAC-1601-INV-061417,1,1,2026-04-01,2026-06-30,0.0,USD,2026-04-01,DAC-1601,Gates Foundation,60,,,International Institute for Primary Health Care - Ethiopia,,
DAC-1601-INV-061417,2,1,2026-07-01,2026-09-30,0.0,USD,2026-07-01,DAC-1601,Gates Foundation,60,,,International Institute for Primary Health Care - Ethiopia,,
DAC-1601-INV-061417,3,1,2026-10-01,2026-12-31,0.0,USD,2026-10-01,DAC-1601,Gates Foundation,60,,,International Institute for Primary Health Care - Ethiopia,,
DAC-1601-INV-061417,4,1,2027-01-01,2027-03-31,0.0,USD,2027-01-01,DAC-1601,Gates Foundation,60,,,International Institute for Primary Health Care - Ethiopia,,
DAC-1601-INV-061417,5,1,2027-04-01,2027-06-30,0.0,USD,2027-04-01,DAC-1601,Gates Foundation,60,,,International Institute for Primary Health Care - Ethiopia,,
DAC-1601-INV-061417,6,1,2027-07-01,2027-09-30,0.0,USD,2027-07-01,DAC-1601,Gates Foundation,60,,,International Institute for Primary Health Care - Ethiopia,,
DAC-1601-INV-061417,7,1,2027-10-01,2027-12-31,0.0,USD,2027-10-01,DAC-1601,Gates Foundation,60,,,International Institute for Primary Health Care - Ethiopia,,
DAC-1601-INV-070433,0,1,2026-01-01,2026-03-31,0.0,USD,2026-01-01,DAC-1601,Gates Foundation,60,,,Imperial College London,,
DAC-1601-INV-070433,1,1,2026-04-01,2026-06-30,0.0,USD,2026-04-01,DAC-1601,Gates Foundation,60,,,Imperial College London,,
DAC-1601-INV-070433,2,1,2026-07-01,2026-09-30,0.0,USD,2026-07-01,DAC-1601,Gates Foundation,60,,,Imperial College London,,
DAC-1601-INV-070433,3,1,2026-10-01,2026-12-31,1078028.0,USD,2026-10-01,DAC-1601,Gates Foundation,60,,,Imperial College London,,
DAC-1601-INV-070433,4,1,2027-01-01,2027-03-31,0.0,USD,2027-01-01,DAC-1601,Gates Foundation,60,,,Imperial College London,,
DAC-1601-INV-070433,5,1,2027-04-01,2027-06-30,0.0,USD,2027-04-01,DAC-1601,Gates Foundation,60,,,Imperial College London,,
DAC-1601-INV-070433,6,1,2027-07-01,2027-09-30,0.0,USD,2027-07-01,DAC-1601,Gates Foundation,60,,,Imperial College London,,
DAC-1601-INV-070433,7,1,2027-10-01,2027-12-31,1127420.0,USD,2027-10-01,DAC-1601,Gates Foundation,60,,,Imperial College London,,
DAC-1601-INV-044188,0,1,2026-01-01,2026-03-31,0.0,USD,2026-01-01,DAC-1601,Gates Foundation,60,,,"United Nations Office for Project Services, Geneva",,
DAC-1601-INV-044188,1,1,2026-04-01,2026-06-30,0.0,USD,2026-04-01,DAC-1601,Gates Foundation,60,,,"United Nations Office for Project Services, Geneva",,
DAC-1601-INV-044188,2,1,2026-07-01,2026-09-30,0.0,USD,2026-07-01,DAC-1601,Gates Foundation,60,,,"United Nations Office for Project Services, Geneva",,
DAC-1601-INV-044188,3,1,2026-10-01,2026-12-31,0.0,USD,2026-10-01,DAC-1601,Gates Foundation,60,,,"United Nations Office for Project Services, Geneva",,
DAC-1601-INV-044188,4,1,2027-01-01,2027-03-31,0.0,USD,2027-01-01,DAC-1601,Gates Foundation,60,,,"United Nations Office for Project Services, Geneva",,
DAC-1601-INV-044188,5,1,2027-04-01,2027-06-30,0.0,USD,2027-04-01,DAC-1601,Gates Foundation,60,,,"United Nations Office for Project Services, Geneva",,
DAC-1601-INV-044188,6,1,2027-07-01,2027-09-30,0.0,USD,2027-07-01,DAC-1601,Gates Foundation,60,,,"United Nations Office for Project Services, Geneva",,
DAC-1601-INV-044188,7,1,2027-10-01,2027-12-31,0.0,USD,2027-10-01,DAC-1601,Gates Foundation,60,,,"United Nations Office for Project Services, Geneva",,
DAC-1601-INV-077546,0,1,2026-01-01,2026-03-31,0.0,USD,2026-01-01,DAC-1601,Gates Foundation,60,,,Ethiopian Food and Drug Authority,,
DAC-1601-INV-077546,1,1,2026-04-01,2026-06-30,0.0,USD,2026-04-01,DAC-1601,Gates Foundation,60,,,Ethiopian Food and Drug Authority,,
DAC-1601-INV-077546,2,1,2026-07-01,2026-09-30,0.0,USD,2026-07-01,DAC-1601,Gates Foundation,60,,,Ethiopian Food and Drug Authority,,
DAC-1601-INV-077546,3,1,2026-10-01,2026-12-31,0.0,USD,2026-10-01,DAC-1601,Gates Foundation,60,,,Ethiopian Food and Drug Authority,,
DAC-1601-INV-077546,4,1,2027-01-01,2027-03-31,0.0,USD,2027-01-01,DAC-1601,Gates Foundation,60,,,Ethiopian Food and Drug Authority,,
DAC-1601-INV-077546,5,1,2027-04-01,2027-06-30,0.0,USD,2027-04-01,DAC-1601,Gates Foundation,60,,,Ethiopian Food and Drug Authority,,
DAC-1601-INV-077546,6,1,2027-07-01,2027-09-30,0.0,USD,2027-07-01,DAC-1601,Gates Foundation,60,,,Ethiopian Food and Drug Authority,,
DAC-1601-INV-077546,7,1,2027-10-01,2027-12-31,0.0,USD,2027-10-01,DAC-1601,Gates Foundation,60,,,Ethiopian Food and Drug Authority,,
DAC-1601-INV-087144,0,1,2026-01-01,2026-03-31,0.0,USD,2026-01-01,DAC-1601,Gates Foundation,60,,,Ethiopian Society of Emergency and Critical Care Professionals,,
DAC-1601-INV-087144,1,1,2026-04-01,2026-06-30,0.0,USD,2026-04-01,DAC-1601,Gates Foundation,60,,,Ethiopian Society of Emergency and Critical Care Professionals,,
DAC-1601-INV-087144,2,1,2026-07-01,2026-09-30,279743.0,USD,2026-07-01,DAC-1601,Gates Foundation,60,,,Ethiopian Society of Emergency and Critical Care Professionals,,
DAC-1601-INV-087144,3,1,2026-10-01,2026-12-31,0.0,USD,2026-10-01,DAC-1601,Gates Foundation,60,,,Ethiopian Society of Emergency and Critical Care Professionals,,
DAC-1601-INV-087144,4,1,2027-01-01,2027-03-31,0.0,USD,2027-01-01,DAC-1601,Gates Foundation,60,,,Ethiopian Society of Emergency and Critical Care Professionals,,
DAC-1601-INV-087144,5,1,2027-04-01,2027-06-30,0.0,USD,2027-04-01,DAC-1601,Gates Foundation,60,,,Ethiopian Society of Emergency and Critical Care Professionals,,
DAC-1601-INV-087144,6,1,2027-07-01,2027-09-30,0.0,USD,2027-07-01,DAC-1601,Gates Foundation,60,,,Ethiopian Society of Emergency and Critical Care Professionals,,
DAC-1601-INV-087144,7,1,2027-10-01,2027-12-31,0.0,USD,2027-10-01,DAC-1601,Gates Foundation,60,,,Ethiopian Society of Emergency and Critical Care Professionals,,
DAC-1601-INV-096289,0,1,2026-01-01,2026-03-31,0.0,USD,2026-01-01,DAC-1601,Gates Foundation,60,,,BKP Economic Advisors,,
DAC-1601-INV-096289,1,1,2026-04-01,2026-06-30,0.0,USD,2026-04-01,DAC-1601,Gates Foundation,60,,,BKP Economic Advisors,,
DAC-1601-INV-096289,2,1,2026-07-01,2026-09-30,0.0,USD,2026-07-01,DAC-1601,Gates Foundation,60,,,BKP Economic Advisors,,
DAC-1601-INV-096289,3,1,2026-10-01,2026-12-31,0.0,USD,2026-10-01,DAC-1601,Gates Foundation,60,,,BKP Economic Advisors,,
DAC-1601-INV-096289,4,1,2027-01-01,2027-03-31,0.0,USD,2027-01-01,DAC-1601,Gates Foundation,60,,,BKP Economic Advisors,,
DAC-1601-INV-096289,5,1,2027-04-01,2027-06-30,0.0,USD,2027-04-01,DAC-1601,Gates Foundation,60,,,BKP Economic Advisors,,
DAC-1601-INV-096289,6,1,2027-07-01,2027-09-30,0.0,USD,2027-07-01,DAC-1601,Gates Foundation,60,,,BKP Economic Advisors,,
DAC-1601-INV-096289,7,1,2027-10-01,2027-12-31,0.0,USD,2027-10-01,DAC-1601,Gates Foundation,60,,,BKP Economic Advisors,,
DAC-1601-INV-094679,0,1,2026-01-01,2026-03-31,0.0,USD,2026-01-01,DAC-1601,Gates Foundation,60,,,Gudina Tumsa Foundation,,
DAC-1601-INV-094679,1,1,2026-04-01,2026-06-30,0.0,USD,2026-04-01,DAC-1601,Gates Foundation,60,,,Gudina Tumsa Foundation,,
DAC-1601-INV-094679,2,1,2026-07-01,2026-09-30,200000.0,USD,2026-07-01,DAC-1601,Gates Foundation,60,,,Gudina Tumsa Foundation,,
DAC-1601-INV-094679,3,1,2026-10-01,2026-12-31,0.0,USD,2026-10-01,DAC-1601,Gates Foundation,60,,,Gudina Tumsa Foundation,,
DAC-1601-INV-094679,4,1,2027-01-01,2027-03-31,0.0,USD,2027-01-01,DAC-1601,Gates Foundation,60,,,Gudina Tumsa Foundation,,
DAC-1601-INV-094679,5,1,2027-04-01,2027-06-30,0.0,USD,2027-04-01,DAC-1601,Gates Foundation,60,,,Gudina Tumsa Foundation,,
DAC-1601-INV-094679,6,1,2027-07-01,2027-09-30,0.0,USD,2027-07-01,DAC-1601,Gates Foundation,60,,,Gudina Tumsa Foundation,,
DAC-1601-INV-094679,7,1,2027-10-01,2027-12-31,0.0,USD,2027-10-01,DAC-1601,Gates Foundation,60,,,Gudina Tumsa Foundation,,
DAC-1601-INV-043075,0,1,2026-01-01,2026-03-31,0.0,USD,2026-01-01,DAC-1601,Gates Foundation,60,,,Gudina Tumsa Foundation,,
DAC-1601-INV-043075,1,1,2026-04-01,2026-06-30,0.0,USD,2026-04-01,DAC-1601,Gates Foundation,60,,,Gudina Tumsa Foundation,,
DAC-1601-INV-043075,2,1,2026-07-01,2026-09-30,0.0,USD,2026-07-01,DAC-1601,Gates Foundation,60,,,Gudina Tumsa Foundation,,
DAC-1601-INV-043075,3,1,2026-10-01,2026-12-31,0.0,USD,2026-10-01,DAC-1601,Gates Foundation,60,,,Gudina Tumsa Foundation,,
DAC-1601-INV-043075,4,1,2027-01-01,2027-03-31,0.0,USD,2027-01-01,DAC-1601,Gates Foundation,60,,,Gudina Tumsa Foundation,,
DAC-1601-INV-043075,5,1,2027-04-01,2027-06-30,0.0,USD,2027-04-01,DAC-1601,Gates Foundation,60,,,Gudina Tumsa Foundation,,
DAC-1601-INV-043075,6,1,2027-07-01,2027-09-30,0.0,USD,2027-07-01,DAC-1601,Gates Foundation,60,,,Gudina Tumsa Foundation,,
DAC-1601-INV-043075,7,1,2027-10-01,2027-12-31,0.0,USD,2027-10-01,DAC-1601,Gates Foundation,60,,,Gudina Tumsa Foundation,,
DAC-1601-INV-088234,0,1,2026-01-01,2026-03-31,0.0,USD,2026-01-01,DAC-1601,Gates Foundation,60,,,Tony Blair Institute for Global Change,,
DAC-1601-INV-088234,1,1,2026-04-01,2026-06-30,0.0,USD,2026-04-01,DAC-1601,Gates Foundation,60,,,Tony Blair Institute for Global Change,,
DAC-1601-INV-088234,2,1,2026-07-01,2026-09-30,0.0,USD,2026-07-01,DAC-1601,Gates Foundation,60,,,Tony Blair Institute for Global Change,,
DAC-1601-INV-088234,3,1,2026-10-01,2026-12-31,0.0,USD,2026-10-01,DAC-1601,Gates Foundation,60,,,Tony Blair Institute for Global Change,,
DAC-1601-INV-088234,4,1,2027-01-01,2027-03-31,0.0,USD,2027-01-01,DAC-1601,Gates Foundation,60,,,Tony Blair Institute for Global Change,,
DAC-1601-INV-088234,5,1,2027-04-01,2027-06-30,0.0,USD,2027-04-01,DAC-1601,Gates Foundation,60,,,Tony Blair Institute for Global Change,,
DAC-1601-INV-088234,6,1,2027-07-01,2027-09-30,0.0,USD,2027-07-01,DAC-1601,Gates Foundation,60,,,Tony Blair Institute for Global Change,,
DAC-1601-INV-088234,7,1,2027-10-01,2027-12-31,0.0,USD,2027-10-01,DAC-1601,Gates Foundation,60,,,Tony Blair Institute for Global Change,,
DAC-1601-INV-062349,0,1,2026-01-01,2026-03-31,0.0,USD,2026-01-01,DAC-1601,Gates Foundation,60,,,AMREF Health Africa,,
DAC-1601-INV-062349,1,1,2026-04-01,2026-06-30,0.0,USD,2026-04-01,DAC-1601,Gates Foundation,60,,,AMREF Health Africa,,
DAC-1601-INV-062349,2,1,2026-07-01,2026-09-30,0.0,USD,2026-07-01,DAC-1601,Gates Foundation,60,,,AMREF Health Africa,,
DAC-1601-INV-062349,3,1,2026-10-01,2026-12-31,0.0,USD,2026-10-01,DAC-1601,Gates Foundation,60,,,AMREF Health Africa,,
DAC-1601-INV-062349,4,1,2027-01-01,2027-03-31,0.0,USD,2027-01-01,DAC-1601,Gates Foundation,60,,,AMREF Health Africa,,
DAC-1601-INV-062349,5,1,2027-04-01,2027-06-30,0.0,USD,2027-04-01,DAC-1601,Gates Foundation,60,,,AMREF Health Africa,,
DAC-1601-INV-062349,6,1,2027-07-01,2027-09-30,0.0,USD,2027-07-01,DAC-1601,Gates Foundation,60,,,AMREF Health Africa,,
DAC-1601-INV-062349,7,1,2027-10-01,2027-12-31,0.0,USD,2027-10-01,DAC-1601,Gates Foundation,60,,,AMREF Health Africa,,
DAC-1601-INV-059494,0,1,2026-01-01,2026-03-31,0.0,USD,2026-01-01,DAC-1601,Gates Foundation,60,,,Breakthrough International Consultancy PLC,,
DAC-1601-INV-059494,1,1,2026-04-01,2026-06-30,0.0,USD,2026-04-01,DAC-1601,Gates Foundation,60,,,Breakthrough International Consultancy PLC,,
DAC-1601-INV-059494,2,1,2026-07-01,2026-09-30,428280.0,USD,2026-07-01,DAC-1601,Gates Foundation,60,,,Breakthrough International Consultancy PLC,,
DAC-1601-INV-059494,3,1,2026-10-01,2026-12-31,0.0,USD,2026-10-01,DAC-1601,Gates Foundation,60,,,Breakthrough International Consultancy PLC,,
DAC-1601-INV-059494,4,1,2027-01-01,2027-03-31,0.0,USD,2027-01-01,DAC-1601,Gates Foundation,60,,,Breakthrough International Consultancy PLC,,
DAC-1601-INV-059494,5,1,2027-04-01,2027-06-30,0.0,USD,2027-04-01,DAC-1601,Gates Foundation,60,,,Breakthrough International Consultancy PLC,,
DAC-1601-INV-059494,6,1,2027-07-01,2027-09-30,0.0,USD,2027-07-01,DAC-1601,Gates Foundation,60,,,Breakthrough International Consultancy PLC,,
DAC-1601-INV-059494,7,1,2027-10-01,2027-12-31,0.0,USD,2027-10-01,DAC-1601,Gates Foundation,60,,,Breakthrough International Consultancy PLC,,
DAC-1601-INV-064273,0,1,2026-01-01,2026-03-31,0.0,USD,2026-01-01,DAC-1601,Gates Foundation,60,,,Armauer Hansen Research Institute,,
DAC-1601-INV-064273,1,1,2026-04-01,2026-06-30,0.0,USD,2026-04-01,DAC-1601,Gates Foundation,60,,,Armauer Hansen Research Institute,,
DAC-1601-INV-064273,2,1,2026-07-01,2026-09-30,0.0,USD,2026-07-01,DAC-1601,Gates Foundation,60,,,Armauer Hansen Research Institute,,
DAC-1601-INV-064273,3,1,2026-10-01,2026-12-31,0.0,USD,2026-10-01,DAC-1601,Gates Foundation,60,,,Armauer Hansen Research Institute,,
DAC-1601-INV-064273,4,1,2027-01-01,2027-03-31,0.0,USD,2027-01-01,DAC-1601,Gates Foundation,60,,,Armauer Hansen Research Institute,,
DAC-1601-INV-064273,5,1,2027-04-01,2027-06-30,0.0,USD,2027-04-01,DAC-1601,Gates Foundation,60,,,Armauer Hansen Research Institute,,
DAC-1601-INV-064273,6,1,2027-07-01,2027-09-30,0.0,USD,2027-07-01,DAC-1601,Gates Foundation,60,,,Armauer Hansen Research Institute,,
DAC-1601-INV-064273,7,1,2027-10-01,2027-12-31,0.0,USD,2027-10-01,DAC-1601,Gates Foundation,60,,,Armauer Hansen Research Institute,,
DAC-1601-INV-072417,0,1,2026-01-01,2026-03-31,0.0,USD,2026-01-01,DAC-1601,Gates Foundation,60,,,Clinton Health Access Initiative Inc,,
DAC-1601-INV-072417,1,1,2026-04-01,2026-06-30,0.0,USD,2026-04-01,DAC-1601,Gates Foundation,60,,,Clinton Health Access Initiative Inc,,
DAC-1601-INV-072417,2,1,2026-07-01,2026-09-30,0.0,USD,2026-07-01,DAC-1601,Gates Foundation,60,,,Clinton Health Access Initiative Inc,,
DAC-1601-INV-072417,3,1,2026-10-01,2026-12-31,0.0,USD,2026-10-01,DAC-1601,Gates Foundation,60,,,Clinton Health Access Initiative Inc,,
DAC-1601-INV-072417,4,1,2027-01-01,2027-03-31,725000.0,USD,2027-01-01,DAC-1601,Gates Foundation,60,,,Clinton Health Access Initiative Inc,,
DAC-1601-INV-072417,5,1,2027-04-01,2027-06-30,0.0,USD,2027-04-01,DAC-1601,Gates Foundation,60,,,Clinton Health Access Initiative Inc,,
DAC-1601-INV-072417,6,1,2027-07-01,2027-09-30,0.0,USD,2027-07-01,DAC-1601,Gates Foundation,60,,,Clinton Health Access Initiative Inc,,
DAC-1601-INV-072417,7,1,2027-10-01,2027-12-31,0.0,USD,2027-10-01,DAC-1601,Gates Foundation,60,,,Clinton Health Access Initiative Inc,,
DAC-1601-INV-096676,0,1,2026-01-01,2026-03-31,0.0,USD,2026-01-01,DAC-1601,Gates Foundation,60,,,Wits Health Consortium (Pty) Ltd,,
DAC-1601-INV-096676,1,1,2026-04-01,2026-06-30,0.0,USD,2026-04-01,DAC-1601,Gates Foundation,60,,,Wits Health Consortium (Pty) Ltd,,
DAC-1601-INV-096676,2,1,2026-07-01,2026-09-30,0.0,USD,2026-07-01,DAC-1601,Gates Foundation,60,,,Wits Health Consortium (Pty) Ltd,,
DAC-1601-INV-096676,3,1,2026-10-01,2026-12-31,0.0,USD,2026-10-01,DAC-1601,Gates Foundation,60,,,Wits Health Consortium (Pty) Ltd,,
DAC-1601-INV-096676,4,1,2027-01-01,2027-03-31,0.0,USD,2027-01-01,DAC-1601,Gates Foundation,60,,,Wits Health Consortium (Pty) Ltd,,
DAC-1601-INV-096676,5,1,2027-04-01,2027-06-30,0.0,USD,2027-04-01,DAC-1601,Gates Foundation,60,,,Wits Health Consortium (Pty) Ltd,,
DAC-1601-INV-096676,6,1,2027-07-01,2027-09-30,0.0,USD,2027-07-01,DAC-1601,Gates Foundation,60,,,Wits Health Consortium (Pty) Ltd,,
DAC-1601-INV-096676,7,1,2027-10-01,2027-12-31,0.0,USD,2027-10-01,DAC-1601,Gates Foundation,60,,,Wits Health Consortium (Pty) Ltd,,
DAC-1601-INV-058387,0,1,2026-01-01,2026-03-31,0.0,USD,2026-01-01,DAC-1601,Gates Foundation,60,,,"Results for Development Institute, Inc.",,
DAC-1601-INV-058387,1,1,2026-04-01,2026-06-30,0.0,USD,2026-04-01,DAC-1601,Gates Foundation,60,,,"Results for Development Institute, Inc.",,
DAC-1601-INV-058387,2,1,2026-07-01,2026-09-30,0.0,USD,2026-07-01,DAC-1601,Gates Foundation,60,,,"Results for Development Institute, Inc.",,
DAC-1601-INV-058387,3,1,2026-10-01,2026-12-31,0.0,USD,2026-10-01,DAC-1601,Gates Foundation,60,,,"Results for Development Institute, Inc.",,
DAC-1601-INV-058387,4,1,2027-01-01,2027-03-31,0.0,USD,2027-01-01,DAC-1601,Gates Foundation,60,,,"Results for Development Institute, Inc.",,
DAC-1601-INV-058387,5,1,2027-04-01,2027-06-30,0.0,USD,2027-04-01,DAC-1601,Gates Foundation,60,,,"Results for Development Institute, Inc.",,
DAC-1601-INV-058387,6,1,2027-07-01,2027-09-30,0.0,USD,2027-07-01,DAC-1601,Gates Foundation,60,,,"Results for Development Institute, Inc.",,
DAC-1601-INV-058387,7,1,2027-10-01,2027-12-31,0.0,USD,2027-10-01,DAC-1601,Gates Foundation,60,,,"Results for Development Institute, Inc.",,
DAC-1601-INV-091496,0,1,2026-01-01,2026-03-31,0.0,USD,2026-01-01,DAC-1601,Gates Foundation,60,,,International Institute for Primary Health Care - Ethiopia,,
DAC-1601-INV-091496,1,1,2026-04-01,2026-06-30,0.0,USD,2026-04-01,DAC-1601,Gates Foundation,60,,,International Institute for Primary Health Care - Ethiopia,,
DAC-1601-INV-091496,2,1,2026-07-01,2026-09-30,0.0,USD,2026-07-01,DAC-1601,Gates Foundation,60,,,International Institute for Primary Health Care - Ethiopia,,
DAC-1601-INV-091496,3,1,2026-10-01,2026-12-31,0.0,USD,2026-10-01,DAC-1601,Gates Foundation,60,,,International Institute for Primary Health Care - Ethiopia,,
DAC-1601-INV-091496,4,1,2027-01-01,2027-03-31,0.0,USD,2027-01-01,DAC-1601,Gates Foundation,60,,,International Institute for Primary Health Care - Ethiopia,,
DAC-1601-INV-091496,5,1,2027-04-01,2027-06-30,0.0,USD,2027-04-01,DAC-1601,Gates Foundation,60,,,International Institute for Primary Health Care - Ethiopia,,
DAC-1601-INV-091496,6,1,2027-07-01,2027-09-30,0.0,USD,2027-07-01,DAC-1601,Gates Foundation,60,,,International Institute for Primary Health Care - Ethiopia,,
DAC-1601-INV-091496,7,1,2027-10-01,2027-12-31,0.0,USD,2027-10-01,DAC-1601,Gates Foundation,60,,,International Institute for Primary Health Care - Ethiopia,,
XM-DAC-301-2-110966-001,0,1,2025-04-01,2026-03-31,46500.0,CAD,2025-04-01,XM-DAC-301-2,International Development Research Centre,15,,,Jimma University,80,
XM-DAC-301-2-110966-001,1,1,2027-04-01,2028-03-31,3500.0,CAD,2027-04-01,XM-DAC-301-2,International Development Research Centre,15,,,Jimma University,80,
XM-DAC-41122-Rwanda-3750/A0/05/002/001,0,2,2018-01-01,2018-12-31,130500.0,USD,2026-07-31,XM-DAC-41122,,40,,,,,
XM-DAC-41122-Rwanda-3750/A0/05/002/001,1,2,2017-01-01,2017-12-31,241000.0,USD,2026-07-31,XM-DAC-41122,,40,,,,,
XM-DAC-41122-Rwanda-3750/A0/05/002/001,2,2,2016-01-01,2016-12-31,241000.0,USD,2026-07-31,XM-DAC-41122,,40,,,,,
XM-DAC-41122-Rwanda-3750/A0/05/002/001,3,2,2015-01-01,2015-12-31,241000.0,USD,2026-07-31,XM-DAC-41122,,40,,,,,
XM-DAC-41122-Rwanda-3750/A0/05/002/001,4,2,2014-01-01,2014-12-31,241000.0,USD,2026-07-31,XM-DAC-41122,,40,,,,,
XM-DAC-41122-Rwanda-3750/A0/05/002/001,5,2,2013-01-01,2013-12-31,130500.0,USD,2026-07-31,XM-DAC-41122,,40,,,,,
XM-DAC-41122-South Sudan-4040/A0/01/001/005,0,2,2014-01-01,2014-12-31,2885768.0,USD,2026-07-31,XM-DAC-41122,,40,,,,,
XM-DAC-41122-South Sudan-4040/A0/01/001/005,1,2,2012-01-01,2012-12-31,5375542.0,USD,2026-07-31,XM-DAC-41122,,40,,,,,
XM-DAC-41122-South Sudan-4040/A0/01/001/005,2,2,2013-01-01,2013-12-31,4342674.0,USD,2026-07-31,XM-DAC-41122,,40,,,,,
XM-DAC-41122-South Sudan-4040/A0/01/001/005,3,2,2015-01-01,2015-12-31,2755151.0,USD,2026-07-31,XM-DAC-41122,,40,,,,,
XM-DAC-41122-South Sudan-4040/A0/01/001/005,4,2,2016-01-01,2016-12-31,420000.0,USD,2026-07-31,XM-DAC-41122,,40,,,,,
XM-DAC-41122-Ethiopia-1410/A0/05/102/004,0,2,2014-01-01,2014-12-31,62500.0,USD,2026-07-31,XM-DAC-41122,,40,,,,,
XM-DAC-41122-Ethiopia-1410/A0/05/102/004,1,2,2013-01-01,2013-12-31,360790.0,USD,2026-07-31,XM-DAC-41122,,40,,,,,
XM-DAC-41122-Ethiopia-1410/A0/05/102/004,2,2,2012-01-01,2012-12-31,383220.0,USD,2026-07-31,XM-DAC-41122,,40,,,,,
DAC-1601-INV-081328,0,1,2026-01-01,2026-03-31,0.0,USD,2026-01-01,DAC-1601,Gates Foundation,60,,,NYU Langone Health,,
DAC-1601-INV-081328,1,1,2026-04-01,2026-06-30,0.0,USD,2026-04-01,DAC-1601,Gates Foundation,60,,,NYU Langone Health,,
DAC-1601-INV-081328,2,1,2026-07-01,2026-09-30,0.0,USD,2026-07-01,DAC-1601,Gates Foundation,60,,,NYU Langone Health,,
DAC-1601-INV-081328,3,1,2026-10-01,2026-12-31,0.0,USD,2026-10-01,DAC-1601,Gates Foundation,60,,,NYU Langone Health,,
DAC-1601-INV-081328,4,1,2027-01-01,2027-03-31,0.0,USD,2027-01-01,DAC-1601,Gates Foundation,60,,,NYU Langone Health,,
DAC-1601-INV-081328,5,1,2027-04-01,2027-06-30,0.0,USD,2027-04-01,DAC-1601,Gates Foundation,60,,,NYU Langone Health,,
DAC-1601-INV-081328,6,1,2027-07-01,2027-09-30,0.0,USD,2027-07-01,DAC-1601,Gates Foundation,60,,,NYU Langone Health,,
DAC-1601-INV-081328,7,1,2027-10-01,2027-12-31,0.0,USD,2027-10-01,DAC-1601,Gates Foundation,60,,,NYU Langone Health,,
XM-DAC-41122-Democratic Republic of Congo-0990/A0/05/304/006,0,2,2012-01-01,2012-12-31,2725000.0,USD,2026-07-31,XM-DAC-41122,,40,,,,,
XM-DAC-41122-Democratic Republic of Congo-0990/A0/05/305/035,0,2,2012-01-01,2012-12-31,371014.0,USD,2026-07-31,XM-DAC-41122,,40,,,,,
XM-DAC-41122-Uganda-4380/A0/04/105/001,0,2,2012-01-01,2012-12-31,1845004.0,USD,2026-07-31,XM-DAC-41122,,40,,,,,
XM-DAC-41122-Uganda-4380/A0/04/105/001,1,2,2013-01-01,2013-12-31,1074962.0,USD,2026-07-31,XM-DAC-41122,,40,,,,,
XM-DAC-41122-Uganda-4380/A0/04/105/001,2,2,2014-01-01,2014-12-31,1025553.0,USD,2026-07-31,XM-DAC-41122,,40,,,,,
XM-DAC-41122-Uganda-4380/A0/04/105/001,3,2,2015-01-01,2015-12-31,2156158.0,USD,2026-07-31,XM-DAC-41122,,40,,,,,
XM-DAC-41122-Democratic Republic of Congo-0990/A0/05/301/010,0,2,2012-01-01,2012-12-31,172267.0,USD,2026-07-31,XM-DAC-41122,,40,,,,,
DAC-1601-INV-040665,0,1,2026-01-01,2026-03-31,0.0,USD,2026-01-01,DAC-1601,Gates Foundation,60,,,Johns Hopkins University Bloomberg School of Public Health,,
DAC-1601-INV-040665,1,1,2026-04-01,2026-06-30,0.0,USD,2026-04-01,DAC-1601,Gates Foundation,60,,,Johns Hopkins University Bloomberg School of Public Health,,
DAC-1601-INV-040665,2,1,2026-07-01,2026-09-30,0.0,USD,2026-07-01,DAC-1601,Gates Foundation,60,,,Johns Hopkins University Bloomberg School of Public Health,,
DAC-1601-INV-040665,3,1,2026-10-01,2026-12-31,0.0,USD,2026-10-01,DAC-1601,Gates Foundation,60,,,Johns Hopkins University Bloomberg School of Public Health,,
DAC-1601-INV-040665,4,1,2027-01-01,2027-03-31,0.0,USD,2027-01-01,DAC-1601,Gates Foundation,60,,,Johns Hopkins University Bloomberg School of Public Health,,
DAC-1601-INV-040665,5,1,2027-04-01,2027-06-30,0.0,USD,2027-04-01,DAC-1601,Gates Foundation,60,,,Johns Hopkins University Bloomberg School of Public Health,,
DAC-1601-INV-040665,6,1,2027-07-01,2027-09-30,0.0,USD,2027-07-01,DAC-1601,Gates Foundation,60,,,Johns Hopkins University Bloomberg School of Public Health,,
DAC-1601-INV-040665,7,1,2027-10-01,2027-12-31,0.0,USD,2027-10-01,DAC-1601,Gates Foundation,60,,,Johns Hopkins University Bloomberg School of Public Health,,
DAC-1601-INV-037325,0,1,2026-01-01,2026-03-31,0.0,USD,2026-01-01,DAC-1601,Gates Foundation,60,,,World Food Program USA,,
DAC-1601-INV-037325,1,1,2026-04-01,2026-06-30,0.0,USD,2026-04-01,DAC-1601,Gates Foundation,60,,,World Food Program USA,,
DAC-1601-INV-037325,2,1,2026-07-01,2026-09-30,0.0,USD,2026-07-01,DAC-1601,Gates Foundation,60,,,World Food Program USA,,
DAC-1601-INV-037325,3,1,2026-10-01,2026-12-31,0.0,USD,2026-10-01,DAC-1601,Gates Foundation,60,,,World Food Program USA,,
DAC-1601-INV-037325,4,1,2027-01-01,2027-03-31,0.0,USD,2027-01-01,DAC-1601,Gates Foundation,60,,,World Food Program USA,,
DAC-1601-INV-037325,5,1,2027-04-01,2027-06-30,0.0,USD,2027-04-01,DAC-1601,Gates Foundation,60,,,World Food Program USA,,
DAC-1601-INV-037325,6,1,2027-07-01,2027-09-30,0.0,USD,2027-07-01,DAC-1601,Gates Foundation,60,,,World Food Program USA,,
DAC-1601-INV-037325,7,1,2027-10-01,2027-12-31,0.0,USD,2027-10-01,DAC-1601,Gates Foundation,60,,,World Food Program USA,,
DAC-1601-INV-064995,0,1,2026-01-01,2026-03-31,0.0,USD,2026-01-01,DAC-1601,Gates Foundation,60,,,J.C. Flowers Foundation,,
DAC-1601-INV-064995,1,1,2026-04-01,2026-06-30,0.0,USD,2026-04-01,DAC-1601,Gates Foundation,60,,,J.C. Flowers Foundation,,
DAC-1601-INV-064995,2,1,2026-07-01,2026-09-30,0.0,USD,2026-07-01,DAC-1601,Gates Foundation,60,,,J.C. Flowers Foundation,,
DAC-1601-INV-064995,3,1,2026-10-01,2026-12-31,0.0,USD,2026-10-01,DAC-1601,Gates Foundation,60,,,J.C. Flowers Foundation,,
DAC-1601-INV-064995,4,1,2027-01-01,2027-03-31,0.0,USD,2027-01-01,DAC-1601,Gates Foundation,60,,,J.C. Flowers Foundation,,
DAC-1601-INV-064995,5,1,2027-04-01,2027-06-30,0.0,USD,2027-04-01,DAC-1601,Gates Foundation,60,,,J.C. Flowers Foundation,,
DAC-1601-INV-064995,6,1,2027-07-01,2027-09-30,0.0,USD,2027-07-01,DAC-1601,Gates Foundation,60,,,J.C. Flowers Foundation,,
DAC-1601-INV-064995,7,1,2027-10-01,2027-12-31,0.0,USD,2027-10-01,DAC-1601,Gates Foundation,60,,,J.C. Flowers Foundation,,
DAC-1601-INV-074308,0,1,2026-01-01,2026-03-31,0.0,USD,2026-01-01,DAC-1601,Gates Foundation,60,,,The University of Alabama at Birmingham,,
DAC-1601-INV-074308,1,1,2026-04-01,2026-06-30,0.0,USD,2026-04-01,DAC-1601,Gates Foundation,60,,,The University of Alabama at Birmingham,,
DAC-1601-INV-074308,2,1,2026-07-01,2026-09-30,0.0,USD,2026-07-01,DAC-1601,Gates Foundation,60,,,The University of Alabama at Birmingham,,
DAC-1601-INV-074308,3,1,2026-10-01,2026-12-31,0.0,USD,2026-10-01,DAC-1601,Gates Foundation,60,,,The University of Alabama at Birmingham,,
DAC-1601-INV-074308,4,1,2027-01-01,2027-03-31,0.0,USD,2027-01-01,DAC-1601,Gates Foundation,60,,,The University of Alabama at Birmingham,,
DAC-1601-INV-074308,5,1,2027-04-01,2027-06-30,0.0,USD,2027-04-01,DAC-1601,Gates Foundation,60,,,The University of Alabama at Birmingham,,
DAC-1601-INV-074308,6,1,2027-07-01,2027-09-30,0.0,USD,2027-07-01,DAC-1601,Gates Foundation,60,,,The University of Alabama at Birmingham,,
DAC-1601-INV-074308,7,1,2027-10-01,2027-12-31,0.0,USD,2027-10-01,DAC-1601,Gates Foundation,60,,,The University of Alabama at Birmingham,,
XM-DAC-41122-Somalia-3920/A0/06/103/002,0,2,2015-01-01,2015-12-31,2104048.0,USD,2026-07-31,XM-DAC-41122,,40,,,,,
XM-DAC-41122-Somalia-3920/A0/06/103/002,1,2,2014-01-01,2014-12-31,3924956.0,USD,2026-07-31,XM-DAC-41122,,40,,,,,
XM-DAC-41122-Somalia-3920/A0/06/103/002,2,2,2016-01-01,2016-12-31,2489890.0,USD,2026-07-31,XM-DAC-41122,,40,,,,,
XM-DAC-41122-Somalia-3920/A0/06/103/002,3,2,2017-01-01,2017-12-31,1031265.0,USD,2026-07-31,XM-DAC-41122,,40,,,,,
KR-GOV-010-KR-GOV-051-2025040102898,0,1,2026-01-01,2026-12-31,0.0,KRW,2026-06-30,KR-GOV-051,Korea International Cooperation Agency,10,KR-GOV-010-KR-GOV-051-2025040102898,,,,
DAC-1601-INV-078838,0,1,2026-01-01,2026-03-31,0.0,USD,2026-01-01,DAC-1601,Gates Foundation,60,,,Kenya Pharmacy and Poisons Board,,
DAC-1601-INV-078838,1,1,2026-04-01,2026-06-30,0.0,USD,2026-04-01,DAC-1601,Gates Foundation,60,,,Kenya Pharmacy and Poisons Board,,
DAC-1601-INV-078838,2,1,2026-07-01,2026-09-30,150000.0,USD,2026-07-01,DAC-1601,Gates Foundation,60,,,Kenya Pharmacy and Poisons Board,,
DAC-1601-INV-078838,3,1,2026-10-01,2026-12-31,0.0,USD,2026-10-01,DAC-1601,Gates Foundation,60,,,Kenya Pharmacy and Poisons Board,,
DAC-1601-INV-078838,4,1,2027-01-01,2027-03-31,0.0,USD,2027-01-01,DAC-1601,Gates Foundation,60,,,Kenya Pharmacy and Poisons Board,,
DAC-1601-INV-078838,5,1,2027-04-01,2027-06-30,0.0,USD,2027-04-01,DAC-1601,Gates Foundation,60,,,Kenya Pharmacy and Poisons Board,,
DAC-1601-INV-078838,6,1,2027-07-01,2027-09-30,0.0,USD,2027-07-01,DAC-1601,Gates Foundation,60,,,Kenya Pharmacy and Poisons Board,,
DAC-1601-INV-078838,7,1,2027-10-01,2027-12-31,0.0,USD,2027-10-01,DAC-1601,Gates Foundation,60,,,Kenya Pharmacy and Poisons Board,,
DAC-1601-INV-092586,0,1,2026-01-01,2026-03-31,0.0,USD,2026-01-01,DAC-1601,Gates Foundation,60,,,Kenya Pharmacy and Poisons Board,,
DAC-1601-INV-092586,1,1,2026-04-01,2026-06-30,0.0,USD,2026-04-01,DAC-1601,Gates Foundation,60,,,Kenya Pharmacy and Poisons Board,,
DAC-1601-INV-092586,2,1,2026-07-01,2026-09-30,0.0,USD,2026-07-01,DAC-1601,Gates Foundation,60,,,Kenya Pharmacy and Poisons Board,,
DAC-1601-INV-092586,3,1,2026-10-01,2026-12-31,0.0,USD,2026-10-01,DAC-1601,Gates Foundation,60,,,Kenya Pharmacy and Poisons Board,,
DAC-1601-INV-092586,4,1,2027-01-01,2027-03-31,0.0,USD,2027-01-01,DAC-1601,Gates Foundation,60,,,Kenya Pharmacy and Poisons Board,,
DAC-1601-INV-092586,5,1,2027-04-01,2027-06-30,0.0,USD,2027-04-01,DAC-1601,Gates Foundation,60,,,Kenya Pharmacy and Poisons Board,,
DAC-1601-INV-092586,6,1,2027-07-01,2027-09-30,0.0,USD,2027-07-01,DAC-1601,Gates Foundation,60,,,Kenya Pharmacy and Poisons Board,,
DAC-1601-INV-092586,7,1,2027-10-01,2027-12-31,0.0,USD,2027-10-01,DAC-1601,Gates Foundation,60,,,Kenya Pharmacy and Poisons Board,,
DAC-1601-INV-096675,0,1,2026-01-01,2026-03-31,0.0,USD,2026-01-01,DAC-1601,Gates Foundation,60,,,Kenya Pharmacy and Poisons Board,,
DAC-1601-INV-096675,1,1,2026-04-01,2026-06-30,0.0,USD,2026-04-01,DAC-1601,Gates Foundation,60,,,Kenya Pharmacy and Poisons Board,,
DAC-1601-INV-096675,2,1,2026-07-01,2026-09-30,0.0,USD,2026-07-01,DAC-1601,Gates Foundation,60,,,Kenya Pharmacy and Poisons Board,,
DAC-1601-INV-096675,3,1,2026-10-01,2026-12-31,0.0,USD,2026-10-01,DAC-1601,Gates Foundation,60,,,Kenya Pharmacy and Poisons Board,,
DAC-1601-INV-096675,4,1,2027-01-01,2027-03-31,0.0,USD,2027-01-01,DAC-1601,Gates Foundation,60,,,Kenya Pharmacy and Poisons Board,,
DAC-1601-INV-096675,5,1,2027-04-01,2027-06-30,0.0,USD,2027-04-01,DAC-1601,Gates Foundation,60,,,Kenya Pharmacy and Poisons Board,,
DAC-1601-INV-096675,6,1,2027-07-01,2027-09-30,0.0,USD,2027-07-01,DAC-1601,Gates Foundation,60,,,Kenya Pharmacy and Poisons Board,,
DAC-1601-INV-096675,7,1,2027-10-01,2027-12-31,0.0,USD,2027-10-01,DAC-1601,Gates Foundation,60,,,Kenya Pharmacy and Poisons Board,,
DAC-1601-INV-086741,0,1,2026-01-01,2026-03-31,0.0,USD,2026-01-01,DAC-1601,Gates Foundation,60,,,Nation Media Group,,
DAC-1601-INV-086741,1,1,2026-04-01,2026-06-30,0.0,USD,2026-04-01,DAC-1601,Gates Foundation,60,,,Nation Media Group,,
DAC-1601-INV-086741,2,1,2026-07-01,2026-09-30,0.0,USD,2026-07-01,DAC-1601,Gates Foundation,60,,,Nation Media Group,,
DAC-1601-INV-086741,3,1,2026-10-01,2026-12-31,0.0,USD,2026-10-01,DAC-1601,Gates Foundation,60,,,Nation Media Group,,
DAC-1601-INV-086741,4,1,2027-01-01,2027-03-31,0.0,USD,2027-01-01,DAC-1601,Gates Foundation,60,,,Nation Media Group,,
DAC-1601-INV-086741,5,1,2027-04-01,2027-06-30,0.0,USD,2027-04-01,DAC-1601,Gates Foundation,60,,,Nation Media Group,,
DAC-1601-INV-086741,6,1,2027-07-01,2027-09-30,0.0,USD,2027-07-01,DAC-1601,Gates Foundation,60,,,Nation Media Group,,
DAC-1601-INV-086741,7,1,2027-10-01,2027-12-31,0.0,USD,2027-10-01,DAC-1601,Gates Foundation,60,,,Nation Media Group,,
DAC-1601-INV-079355,0,1,2026-01-01,2026-03-31,0.0,USD,2026-01-01,DAC-1601,Gates Foundation,60,,,African Population & Health Research Center,,
DAC-1601-INV-079355,1,1,2026-04-01,2026-06-30,0.0,USD,2026-04-01,DAC-1601,Gates Foundation,60,,,African Population & Health Research Center,,
DAC-1601-INV-079355,2,1,2026-07-01,2026-09-30,0.0,USD,2026-07-01,DAC-1601,Gates Foundation,60,,,African Population & Health Research Center,,
DAC-1601-INV-079355,3,1,2026-10-01,2026-12-31,0.0,USD,2026-10-01,DAC-1601,Gates Foundation,60,,,African Population & Health Research Center,,
DAC-1601-INV-079355,4,1,2027-01-01,2027-03-31,0.0,USD,2027-01-01,DAC-1601,Gates Foundation,60,,,African Population & Health Research Center,,
DAC-1601-INV-079355,5,1,2027-04-01,2027-06-30,0.0,USD,2027-04-01,DAC-1601,Gates Foundation,60,,,African Population & Health Research Center,,
DAC-1601-INV-079355,6,1,2027-07-01,2027-09-30,0.0,USD,2027-07-01,DAC-1601,Gates Foundation,60,,,African Population & Health Research Center,,
DAC-1601-INV-079355,7,1,2027-10-01,2027-12-31,0.0,USD,2027-10-01,DAC-1601,Gates Foundation,60,,,African Population & Health Research Center,,
DAC-1601-INV-081681,0,1,2026-01-01,2026-03-31,0.0,USD,2026-01-01,DAC-1601,Gates Foundation,60,,,DeFrontera Media Organization,,
DAC-1601-INV-081681,1,1,2026-04-01,2026-06-30,0.0,USD,2026-04-01,DAC-1601,Gates Foundation,60,,,DeFrontera Media Organization,,
DAC-1601-INV-081681,2,1,2026-07-01,2026-09-30,0.0,USD,2026-07-01,DAC-1601,Gates Foundation,60,,,DeFrontera Media Organization,,
DAC-1601-INV-081681,3,1,2026-10-01,2026-12-31,700000.0,USD,2026-10-01,DAC-1601,Gates Foundation,60,,,DeFrontera Media Organization,,
DAC-1601-INV-081681,4,1,2027-01-01,2027-03-31,0.0,USD,2027-01-01,DAC-1601,Gates Foundation,60,,,DeFrontera Media Organization,,
DAC-1601-INV-081681,5,1,2027-04-01,2027-06-30,0.0,USD,2027-04-01,DAC-1601,Gates Foundation,60,,,DeFrontera Media Organization,,
DAC-1601-INV-081681,6,1,2027-07-01,2027-09-30,0.0,USD,2027-07-01,DAC-1601,Gates Foundation,60,,,DeFrontera Media Organization,,
DAC-1601-INV-081681,7,1,2027-10-01,2027-12-31,0.0,USD,2027-10-01,DAC-1601,Gates Foundation,60,,,DeFrontera Media Organization,,
DAC-1601-INV-096865,0,1,2026-01-01,2026-03-31,0.0,USD,2026-01-01,DAC-1601,Gates Foundation,60,,,Center for Public Health and Development,,
DAC-1601-INV-096865,1,1,2026-04-01,2026-06-30,0.0,USD,2026-04-01,DAC-1601,Gates Foundation,60,,,Center for Public Health and Development,,
DAC-1601-INV-096865,2,1,2026-07-01,2026-09-30,169999.0,USD,2026-07-01,DAC-1601,Gates Foundation,60,,,Center for Public Health and Development,,
DAC-1601-INV-096865,3,1,2026-10-01,2026-12-31,0.0,USD,2026-10-01,DAC-1601,Gates Foundation,60,,,Center for Public Health and Development,,
DAC-1601-INV-096865,4,1,2027-01-01,2027-03-31,0.0,USD,2027-01-01,DAC-1601,Gates Foundation,60,,,Center for Public Health and Development,,
DAC-1601-INV-096865,5,1,2027-04-01,2027-06-30,0.0,USD,2027-04-01,DAC-1601,Gates Foundation,60,,,Center for Public Health and Development,,
DAC-1601-INV-096865,6,1,2027-07-01,2027-09-30,0.0,USD,2027-07-01,DAC-1601,Gates Foundation,60,,,Center for Public Health and Development,,
DAC-1601-INV-096865,7,1,2027-10-01,2027-12-31,0.0,USD,2027-10-01,DAC-1601,Gates Foundation,60,,,Center for Public Health and Development,,
DAC-1601-INV-091138,0,1,2026-01-01,2026-03-31,0.0,USD,2026-01-01,DAC-1601,Gates Foundation,60,,,Strathmore University,,
DAC-1601-INV-091138,1,1,2026-04-01,2026-06-30,0.0,USD,2026-04-01,DAC-1601,Gates Foundation,60,,,Strathmore University,,
DAC-1601-INV-091138,2,1,2026-07-01,2026-09-30,0.0,USD,2026-07-01,DAC-1601,Gates Foundation,60,,,Strathmore University,,
DAC-1601-INV-091138,3,1,2026-10-01,2026-12-31,0.0,USD,2026-10-01,DAC-1601,Gates Foundation,60,,,Strathmore University,,
DAC-1601-INV-091138,4,1,2027-01-01,2027-03-31,0.0,USD,2027-01-01,DAC-1601,Gates Foundation,60,,,Strathmore University,,
DAC-1601-INV-091138,5,1,2027-04-01,2027-06-30,0.0,USD,2027-04-01,DAC-1601,Gates Foundation,60,,,Strathmore University,,
DAC-1601-INV-091138,6,1,2027-07-01,2027-09-30,0.0,USD,2027-07-01,DAC-1601,Gates Foundation,60,,,Strathmore University,,
DAC-1601-INV-091138,7,1,2027-10-01,2027-12-31,0.0,USD,2027-10-01,DAC-1601,Gates Foundation,60,,,Strathmore University,,
DAC-1601-INV-064048,0,1,2026-01-01,2026-03-31,0.0,USD,2026-01-01,DAC-1601,Gates Foundation,60,,,African Renaissance Trust,,
DAC-1601-INV-064048,1,1,2026-04-01,2026-06-30,0.0,USD,2026-04-01,DAC-1601,Gates Foundation,60,,,African Renaissance Trust,,
DAC-1601-INV-064048,2,1,2026-07-01,2026-09-30,0.0,USD,2026-07-01,DAC-1601,Gates Foundation,60,,,African Renaissance Trust,,
DAC-1601-INV-064048,3,1,2026-10-01,2026-12-31,0.0,USD,2026-10-01,DAC-1601,Gates Foundation,60,,,African Renaissance Trust,,
DAC-1601-INV-064048,4,1,2027-01-01,2027-03-31,0.0,USD,2027-01-01,DAC-1601,Gates Foundation,60,,,African Renaissance Trust,,
DAC-1601-INV-064048,5,1,2027-04-01,2027-06-30,0.0,USD,2027-04-01,DAC-1601,Gates Foundation,60,,,African Renaissance Trust,,
DAC-1601-INV-064048,6,1,2027-07-01,2027-09-30,0.0,USD,2027-07-01,DAC-1601,Gates Foundation,60,,,African Renaissance Trust,,
DAC-1601-INV-064048,7,1,2027-10-01,2027-12-31,0.0,USD,2027-10-01,DAC-1601,Gates Foundation,60,,,African Renaissance Trust,,
DAC-1601-INV-066599,0,1,2026-01-01,2026-03-31,0.0,USD,2026-01-01,DAC-1601,Gates Foundation,60,,,"CausalFoundry, Inc.",,
DAC-1601-INV-066599,1,1,2026-04-01,2026-06-30,575000.0,USD,2026-04-01,DAC-1601,Gates Foundation,60,,,"CausalFoundry, Inc.",,
DAC-1601-INV-066599,2,1,2026-07-01,2026-09-30,0.0,USD,2026-07-01,DAC-1601,Gates Foundation,60,,,"CausalFoundry, Inc.",,
DAC-1601-INV-066599,3,1,2026-10-01,2026-12-31,0.0,USD,2026-10-01,DAC-1601,Gates Foundation,60,,,"CausalFoundry, Inc.",,
DAC-1601-INV-066599,4,1,2027-01-01,2027-03-31,0.0,USD,2027-01-01,DAC-1601,Gates Foundation,60,,,"CausalFoundry, Inc.",,
DAC-1601-INV-066599,5,1,2027-04-01,2027-06-30,0.0,USD,2027-04-01,DAC-1601,Gates Foundation,60,,,"CausalFoundry, Inc.",,
DAC-1601-INV-066599,6,1,2027-07-01,2027-09-30,0.0,USD,2027-07-01,DAC-1601,Gates Foundation,60,,,"CausalFoundry, Inc.",,
DAC-1601-INV-066599,7,1,2027-10-01,2027-12-31,0.0,USD,2027-10-01,DAC-1601,Gates Foundation,60,,,"CausalFoundry, Inc.",,
DAC-1601-INV-063126,0,1,2026-01-01,2026-03-31,0.0,USD,2026-01-01,DAC-1601,Gates Foundation,60,,,Willow Health Media,,
DAC-1601-INV-063126,1,1,2026-04-01,2026-06-30,0.0,USD,2026-04-01,DAC-1601,Gates Foundation,60,,,Willow Health Media,,
DAC-1601-INV-063126,2,1,2026-07-01,2026-09-30,0.0,USD,2026-07-01,DAC-1601,Gates Foundation,60,,,Willow Health Media,,
DAC-1601-INV-063126,3,1,2026-10-01,2026-12-31,0.0,USD,2026-10-01,DAC-1601,Gates Foundation,60,,,Willow Health Media,,
DAC-1601-INV-063126,4,1,2027-01-01,2027-03-31,0.0,USD,2027-01-01,DAC-1601,Gates Foundation,60,,,Willow Health Media,,
DAC-1601-INV-063126,5,1,2027-04-01,2027-06-30,0.0,USD,2027-04-01,DAC-1601,Gates Foundation,60,,,Willow Health Media,,
DAC-1601-INV-063126,6,1,2027-07-01,2027-09-30,0.0,USD,2027-07-01,DAC-1601,Gates Foundation,60,,,Willow Health Media,,
DAC-1601-INV-063126,7,1,2027-10-01,2027-12-31,0.0,USD,2027-10-01,DAC-1601,Gates Foundation,60,,,Willow Health Media,,
DAC-1601-INV-089434,0,1,2026-01-01,2026-03-31,0.0,USD,2026-01-01,DAC-1601,Gates Foundation,60,,,PATH,,
DAC-1601-INV-089434,1,1,2026-04-01,2026-06-30,0.0,USD,2026-04-01,DAC-1601,Gates Foundation,60,,,PATH,,
DAC-1601-INV-089434,2,1,2026-07-01,2026-09-30,0.0,USD,2026-07-01,DAC-1601,Gates Foundation,60,,,PATH,,
DAC-1601-INV-089434,3,1,2026-10-01,2026-12-31,0.0,USD,2026-10-01,DAC-1601,Gates Foundation,60,,,PATH,,
DAC-1601-INV-089434,4,1,2027-01-01,2027-03-31,0.0,USD,2027-01-01,DAC-1601,Gates Foundation,60,,,PATH,,
DAC-1601-INV-089434,5,1,2027-04-01,2027-06-30,2514866.0,USD,2027-04-01,DAC-1601,Gates Foundation,60,,,PATH,,
DAC-1601-INV-089434,6,1,2027-07-01,2027-09-30,0.0,USD,2027-07-01,DAC-1601,Gates Foundation,60,,,PATH,,
DAC-1601-INV-089434,7,1,2027-10-01,2027-12-31,0.0,USD,2027-10-01,DAC-1601,Gates Foundation,60,,,PATH,,
XM-DAC-301-2-109970-003,0,1,2026-04-01,2027-03-31,30560.0,CAD,2026-04-01,XM-DAC-301-2,International Development Research Centre,15,,,Jacaranda Health Solutions Limited,72,
XM-DAC-301-2-109970-003,1,1,2024-04-01,2025-03-31,148328.0,CAD,2024-04-01,XM-DAC-301-2,International Development Research Centre,15,,,Jacaranda Health Solutions Limited,72,
XM-DAC-301-2-109970-003,2,1,2025-04-01,2026-03-31,126712.0,CAD,2025-04-01,XM-DAC-301-2,International Development Research Centre,15,,,Jacaranda Health Solutions Limited,72,
XM-DAC-301-2-110643-001,0,1,2025-04-01,2026-03-31,565204.0,CAD,2025-04-01,XM-DAC-301-2,International Development Research Centre,15,,,Centre for Humanitarian Change Trust Registered Trustees,23,
XM-DAC-301-2-110643-001,1,1,2024-04-01,2025-03-31,241700.0,CAD,2024-04-01,XM-DAC-301-2,International Development Research Centre,15,,,Centre for Humanitarian Change Trust Registered Trustees,23,
XM-DAC-301-2-110643-001,2,1,2026-04-01,2027-03-31,180576.0,CAD,2026-04-01,XM-DAC-301-2,International Development Research Centre,15,,,Centre for Humanitarian Change Trust Registered Trustees,23,
XM-DAC-301-2-110643-001,3,1,2027-04-01,2028-03-31,109720.0,CAD,2027-04-01,XM-DAC-301-2,International Development Research Centre,15,,,Centre for Humanitarian Change Trust Registered Trustees,23,
XM-DAC-301-2-110590-001,0,1,2025-04-01,2026-03-31,77122.0,CAD,2025-04-01,XM-DAC-301-2,International Development Research Centre,15,,,KOIS Advisory,73,
XM-DAC-301-2-110590-001,1,1,2026-04-01,2027-03-31,74628.0,CAD,2026-04-01,XM-DAC-301-2,International Development Research Centre,15,,,KOIS Advisory,73,
XM-DAC-301-2-110590-001,2,1,2024-04-01,2025-03-31,72800.0,CAD,2024-04-01,XM-DAC-301-2,International Development Research Centre,15,,,KOIS Advisory,73,
XM-DAC-301-2-110590-001,3,1,2027-04-01,2028-03-31,24950.0,CAD,2027-04-01,XM-DAC-301-2,International Development Research Centre,15,,,KOIS Advisory,73,
DAC-1601-INV-088365,0,1,2026-01-01,2026-03-31,0.0,USD,2026-01-01,DAC-1601,Gates Foundation,60,,,eHealth Africa,,
DAC-1601-INV-088365,1,1,2026-04-01,2026-06-30,0.0,USD,2026-04-01,DAC-1601,Gates Foundation,60,,,eHealth Africa,,
DAC-1601-INV-088365,2,1,2026-07-01,2026-09-30,0.0,USD,2026-07-01,DAC-1601,Gates Foundation,60,,,eHealth Africa,,
DAC-1601-INV-088365,3,1,2026-10-01,2026-12-31,0.0,USD,2026-10-01,DAC-1601,Gates Foundation,60,,,eHealth Africa,,
DAC-1601-INV-088365,4,1,2027-01-01,2027-03-31,0.0,USD,2027-01-01,DAC-1601,Gates Foundation,60,,,eHealth Africa,,
DAC-1601-INV-088365,5,1,2027-04-01,2027-06-30,0.0,USD,2027-04-01,DAC-1601,Gates Foundation,60,,,eHealth Africa,,
DAC-1601-INV-088365,6,1,2027-07-01,2027-09-30,0.0,USD,2027-07-01,DAC-1601,Gates Foundation,60,,,eHealth Africa,,
DAC-1601-INV-088365,7,1,2027-10-01,2027-12-31,0.0,USD,2027-10-01,DAC-1601,Gates Foundation,60,,,eHealth Africa,,
XM-DAC-41122-Ethiopia-1410/A0/06/001/005,0,2,2017-01-01,2017-12-31,2531563.0,USD,2026-07-31,XM-DAC-41122,,40,,,,,
XM-DAC-41122-Ethiopia-1410/A0/06/001/005,1,2,2018-01-01,2018-12-31,2531563.0,USD,2026-07-31,XM-DAC-41122,,40,,,,,
XM-DAC-41122-Ethiopia-1410/A0/06/001/005,2,2,2019-01-01,2019-12-31,2813002.0,USD,2026-07-31,XM-DAC-41122,,40,,,,,
XM-DAC-41122-Ethiopia-1410/A0/06/001/005,3,2,2020-01-01,2020-12-31,1469028.0,USD,2026-07-31,XM-DAC-41122,,40,,,,,
XM-DAC-41122-Ethiopia-1410/A0/06/001/005,4,2,2016-01-01,2016-12-31,1265782.0,USD,2026-07-31,XM-DAC-41122,,40,,,,,
XM-DAC-41122-Ethiopia-1410/A0/05/101/002,0,2,2014-01-01,2014-12-31,450000.0,USD,2026-07-31,XM-DAC-41122,,40,,,,,
XM-DAC-41122-Ethiopia-1410/A0/05/101/002,1,2,2012-01-01,2012-12-31,9861.0,USD,2026-07-31,XM-DAC-41122,,40,,,,,
XM-DAC-41122-Ethiopia-1410/A0/05/101/002,2,2,2013-01-01,2013-12-31,1790139.0,USD,2026-07-31,XM-DAC-41122,,40,,,,,
DAC-1601-INV-068844,0,1,2026-01-01,2026-03-31,0.0,USD,2026-01-01,DAC-1601,Gates Foundation,60,,,The Carter Center,,
DAC-1601-INV-068844,1,1,2026-04-01,2026-06-30,0.0,USD,2026-04-01,DAC-1601,Gates Foundation,60,,,The Carter Center,,
DAC-1601-INV-068844,2,1,2026-07-01,2026-09-30,0.0,USD,2026-07-01,DAC-1601,Gates Foundation,60,,,The Carter Center,,
DAC-1601-INV-068844,3,1,2026-10-01,2026-12-31,963972.0,USD,2026-10-01,DAC-1601,Gates Foundation,60,,,The Carter Center,,
DAC-1601-INV-068844,4,1,2027-01-01,2027-03-31,0.0,USD,2027-01-01,DAC-1601,Gates Foundation,60,,,The Carter Center,,
DAC-1601-INV-068844,5,1,2027-04-01,2027-06-30,0.0,USD,2027-04-01,DAC-1601,Gates Foundation,60,,,The Carter Center,,
DAC-1601-INV-068844,6,1,2027-07-01,2027-09-30,0.0,USD,2027-07-01,DAC-1601,Gates Foundation,60,,,The Carter Center,,
DAC-1601-INV-068844,7,1,2027-10-01,2027-12-31,0.0,USD,2027-10-01,DAC-1601,Gates Foundation,60,,,The Carter Center,,
DAC-1601-INV-077389,0,1,2026-01-01,2026-03-31,0.0,USD,2026-01-01,DAC-1601,Gates Foundation,60,,,The Carter Center,,
DAC-1601-INV-077389,1,1,2026-04-01,2026-06-30,0.0,USD,2026-04-01,DAC-1601,Gates Foundation,60,,,The Carter Center,,
DAC-1601-INV-077389,2,1,2026-07-01,2026-09-30,0.0,USD,2026-07-01,DAC-1601,Gates Foundation,60,,,The Carter Center,,
DAC-1601-INV-077389,3,1,2026-10-01,2026-12-31,0.0,USD,2026-10-01,DAC-1601,Gates Foundation,60,,,The Carter Center,,
DAC-1601-INV-077389,4,1,2027-01-01,2027-03-31,0.0,USD,2027-01-01,DAC-1601,Gates Foundation,60,,,The Carter Center,,
DAC-1601-INV-077389,5,1,2027-04-01,2027-06-30,0.0,USD,2027-04-01,DAC-1601,Gates Foundation,60,,,The Carter Center,,
DAC-1601-INV-077389,6,1,2027-07-01,2027-09-30,0.0,USD,2027-07-01,DAC-1601,Gates Foundation,60,,,The Carter Center,,
DAC-1601-INV-077389,7,1,2027-10-01,2027-12-31,0.0,USD,2027-10-01,DAC-1601,Gates Foundation,60,,,The Carter Center,,
XM-DAC-41122-Somalia-3920/A0/06/004/001,0,2,2016-01-01,2016-12-31,-20884.0,USD,2026-07-31,XM-DAC-41122,,40,,,,,
XM-DAC-41122-Somalia-3920/A0/06/004/001,1,2,2015-01-01,2015-12-31,1884174.0,USD,2026-07-31,XM-DAC-41122,,40,,,,,
XM-DAC-41122-Somalia-3920/A0/06/004/001,2,2,2014-01-01,2014-12-31,1884174.0,USD,2026-07-31,XM-DAC-41122,,40,,,,,
XM-DAC-41122-Somalia-3920/A0/06/004/001,3,2,2013-01-01,2013-12-31,1884174.0,USD,2026-07-31,XM-DAC-41122,,40,,,,,
XM-DAC-41122-Somalia-3920/A0/06/004/001,4,2,2012-01-01,2012-12-31,611907.0,USD,2026-07-31,XM-DAC-41122,,40,,,,,
XM-DAC-41122-Somalia-3920/A0/06/004/001,5,2,2017-01-01,2017-12-31,-327.0,USD,2026-07-31,XM-DAC-41122,,40,,,,,
DAC-1601-INV-004550,0,1,2026-01-01,2026-03-31,0.0,USD,2026-01-01,DAC-1601,Gates Foundation,60,,,CDC Foundation,,
DAC-1601-INV-004550,1,1,2026-04-01,2026-06-30,0.0,USD,2026-04-01,DAC-1601,Gates Foundation,60,,,CDC Foundation,,
DAC-1601-INV-004550,2,1,2026-07-01,2026-09-30,40000.0,USD,2026-07-01,DAC-1601,Gates Foundation,60,,,CDC Foundation,,
DAC-1601-INV-004550,3,1,2026-10-01,2026-12-31,0.0,USD,2026-10-01,DAC-1601,Gates Foundation,60,,,CDC Foundation,,
DAC-1601-INV-004550,4,1,2027-01-01,2027-03-31,0.0,USD,2027-01-01,DAC-1601,Gates Foundation,60,,,CDC Foundation,,
DAC-1601-INV-004550,5,1,2027-04-01,2027-06-30,0.0,USD,2027-04-01,DAC-1601,Gates Foundation,60,,,CDC Foundation,,
DAC-1601-INV-004550,6,1,2027-07-01,2027-09-30,0.0,USD,2027-07-01,DAC-1601,Gates Foundation,60,,,CDC Foundation,,
DAC-1601-INV-004550,7,1,2027-10-01,2027-12-31,0.0,USD,2027-10-01,DAC-1601,Gates Foundation,60,,,CDC Foundation,,
DAC-1601-INV-093612,0,1,2026-01-01,2026-03-31,0.0,USD,2026-01-01,DAC-1601,Gates Foundation,60,,,"Suzhou GenDx Biotech Co., Ltd.",,
DAC-1601-INV-093612,1,1,2026-04-01,2026-06-30,0.0,USD,2026-04-01,DAC-1601,Gates Foundation,60,,,"Suzhou GenDx Biotech Co., Ltd.",,
DAC-1601-INV-093612,2,1,2026-07-01,2026-09-30,300000.0,USD,2026-07-01,DAC-1601,Gates Foundation,60,,,"Suzhou GenDx Biotech Co., Ltd.",,
DAC-1601-INV-093612,3,1,2026-10-01,2026-12-31,0.0,USD,2026-10-01,DAC-1601,Gates Foundation,60,,,"Suzhou GenDx Biotech Co., Ltd.",,
DAC-1601-INV-093612,4,1,2027-01-01,2027-03-31,50594.0,USD,2027-01-01,DAC-1601,Gates Foundation,60,,,"Suzhou GenDx Biotech Co., Ltd.",,
DAC-1601-INV-093612,5,1,2027-04-01,2027-06-30,0.0,USD,2027-04-01,DAC-1601,Gates Foundation,60,,,"Suzhou GenDx Biotech Co., Ltd.",,
DAC-1601-INV-093612,6,1,2027-07-01,2027-09-30,0.0,USD,2027-07-01,DAC-1601,Gates Foundation,60,,,"Suzhou GenDx Biotech Co., Ltd.",,
DAC-1601-INV-093612,7,1,2027-10-01,2027-12-31,0.0,USD,2027-10-01,DAC-1601,Gates Foundation,60,,,"Suzhou GenDx Biotech Co., Ltd.",,
DAC-1601-INV-052483,0,1,2026-01-01,2026-03-31,0.0,USD,2026-01-01,DAC-1601,Gates Foundation,60,,,International Finance Corporation,,
DAC-1601-INV-052483,1,1,2026-04-01,2026-06-30,0.0,USD,2026-04-01,DAC-1601,Gates Foundation,60,,,International Finance Corporation,,
DAC-1601-INV-052483,2,1,2026-07-01,2026-09-30,0.0,USD,2026-07-01,DAC-1601,Gates Foundation,60,,,International Finance Corporation,,
DAC-1601-INV-052483,3,1,2026-10-01,2026-12-31,0.0,USD,2026-10-01,DAC-1601,Gates Foundation,60,,,International Finance Corporation,,
DAC-1601-INV-052483,4,1,2027-01-01,2027-03-31,0.0,USD,2027-01-01,DAC-1601,Gates Foundation,60,,,International Finance Corporation,,
DAC-1601-INV-052483,5,1,2027-04-01,2027-06-30,0.0,USD,2027-04-01,DAC-1601,Gates Foundation,60,,,International Finance Corporation,,
DAC-1601-INV-052483,6,1,2027-07-01,2027-09-30,0.0,USD,2027-07-01,DAC-1601,Gates Foundation,60,,,International Finance Corporation,,
DAC-1601-INV-052483,7,1,2027-10-01,2027-12-31,0.0,USD,2027-10-01,DAC-1601,Gates Foundation,60,,,International Finance Corporation,,
DAC-1601-INV-070321,0,1,2026-01-01,2026-03-31,0.0,USD,2026-01-01,DAC-1601,Gates Foundation,60,,,PATH,,
DAC-1601-INV-070321,1,1,2026-04-01,2026-06-30,0.0,USD,2026-04-01,DAC-1601,Gates Foundation,60,,,PATH,,
DAC-1601-INV-070321,2,1,2026-07-01,2026-09-30,0.0,USD,2026-07-01,DAC-1601,Gates Foundation,60,,,PATH,,
DAC-1601-INV-070321,3,1,2026-10-01,2026-12-31,0.0,USD,2026-10-01,DAC-1601,Gates Foundation,60,,,PATH,,
DAC-1601-INV-070321,4,1,2027-01-01,2027-03-31,750579.0,USD,2027-01-01,DAC-1601,Gates Foundation,60,,,PATH,,
DAC-1601-INV-070321,5,1,2027-04-01,2027-06-30,0.0,USD,2027-04-01,DAC-1601,Gates Foundation,60,,,PATH,,
DAC-1601-INV-070321,6,1,2027-07-01,2027-09-30,0.0,USD,2027-07-01,DAC-1601,Gates Foundation,60,,,PATH,,
DAC-1601-INV-070321,7,1,2027-10-01,2027-12-31,0.0,USD,2027-10-01,DAC-1601,Gates Foundation,60,,,PATH,,
DAC-1601-INV-001311,0,1,2026-01-01,2026-03-31,0.0,USD,2026-01-01,DAC-1601,Gates Foundation,60,,,World Health Organization,,
DAC-1601-INV-001311,1,1,2026-04-01,2026-06-30,0.0,USD,2026-04-01,DAC-1601,Gates Foundation,60,,,World Health Organization,,
DAC-1601-INV-001311,2,1,2026-07-01,2026-09-30,0.0,USD,2026-07-01,DAC-1601,Gates Foundation,60,,,World Health Organization,,
DAC-1601-INV-001311,3,1,2026-10-01,2026-12-31,0.0,USD,2026-10-01,DAC-1601,Gates Foundation,60,,,World Health Organization,,
DAC-1601-INV-001311,4,1,2027-01-01,2027-03-31,0.0,USD,2027-01-01,DAC-1601,Gates Foundation,60,,,World Health Organization,,
DAC-1601-INV-001311,5,1,2027-04-01,2027-06-30,0.0,USD,2027-04-01,DAC-1601,Gates Foundation,60,,,World Health Organization,,
DAC-1601-INV-001311,6,1,2027-07-01,2027-09-30,0.0,USD,2027-07-01,DAC-1601,Gates Foundation,60,,,World Health Organization,,
DAC-1601-INV-001311,7,1,2027-10-01,2027-12-31,0.0,USD,2027-10-01,DAC-1601,Gates Foundation,60,,,World Health Organization,,
XM-DAC-41122-Ethiopia-1410/A0/05/102/001,0,2,2012-01-01,2012-12-31,2014810.0,USD,2026-07-31,XM-DAC-41122,,40,,,,,
XM-DAC-41122-Ethiopia-1410/A0/05/102/001,1,2,2016-01-01,2016-12-31,165134.0,USD,2026-07-31,XM-DAC-41122,,40,,,,,
XM-DAC-41122-Ethiopia-1410/A0/05/102/001,2,2,2015-01-01,2015-12-31,283170.0,USD,2026-07-31,XM-DAC-41122,,40,,,,,
XM-DAC-41122-Ethiopia-1410/A0/05/102/001,3,2,2014-01-01,2014-12-31,3511155.0,USD,2026-07-31,XM-DAC-41122,,40,,,,,
XM-DAC-41122-Ethiopia-1410/A0/05/102/001,4,2,2013-01-01,2013-12-31,12029808.0,USD,2026-07-31,XM-DAC-41122,,40,,,,,
XM-DAC-41122-Democratic Republic of Congo-0990/A0/05/303/064,0,2,2012-01-01,2012-12-31,21060833.0,USD,2026-07-31,XM-DAC-41122,,40,,,,,
DAC-1601-INV-061673,0,1,2026-01-01,2026-03-31,0.0,USD,2026-01-01,DAC-1601,Gates Foundation,60,,,"Results for Development Institute, Inc.",,
DAC-1601-INV-061673,1,1,2026-04-01,2026-06-30,0.0,USD,2026-04-01,DAC-1601,Gates Foundation,60,,,"Results for Development Institute, Inc.",,
DAC-1601-INV-061673,2,1,2026-07-01,2026-09-30,0.0,USD,2026-07-01,DAC-1601,Gates Foundation,60,,,"Results for Development Institute, Inc.",,
DAC-1601-INV-061673,3,1,2026-10-01,2026-12-31,0.0,USD,2026-10-01,DAC-1601,Gates Foundation,60,,,"Results for Development Institute, Inc.",,
DAC-1601-INV-061673,4,1,2027-01-01,2027-03-31,0.0,USD,2027-01-01,DAC-1601,Gates Foundation,60,,,"Results for Development Institute, Inc.",,
DAC-1601-INV-061673,5,1,2027-04-01,2027-06-30,0.0,USD,2027-04-01,DAC-1601,Gates Foundation,60,,,"Results for Development Institute, Inc.",,
DAC-1601-INV-061673,6,1,2027-07-01,2027-09-30,0.0,USD,2027-07-01,DAC-1601,Gates Foundation,60,,,"Results for Development Institute, Inc.",,
DAC-1601-INV-061673,7,1,2027-10-01,2027-12-31,0.0,USD,2027-10-01,DAC-1601,Gates Foundation,60,,,"Results for Development Institute, Inc.",,
DAC-1601-INV-067080,0,1,2026-01-01,2026-03-31,0.0,USD,2026-01-01,DAC-1601,Gates Foundation,60,,,eHealth Africa,,
DAC-1601-INV-067080,1,1,2026-04-01,2026-06-30,0.0,USD,2026-04-01,DAC-1601,Gates Foundation,60,,,eHealth Africa,,
DAC-1601-INV-067080,2,1,2026-07-01,2026-09-30,0.0,USD,2026-07-01,DAC-1601,Gates Foundation,60,,,eHealth Africa,,
DAC-1601-INV-067080,3,1,2026-10-01,2026-12-31,0.0,USD,2026-10-01,DAC-1601,Gates Foundation,60,,,eHealth Africa,,
DAC-1601-INV-067080,4,1,2027-01-01,2027-03-31,2000000.0,USD,2027-01-01,DAC-1601,Gates Foundation,60,,,eHealth Africa,,
DAC-1601-INV-067080,5,1,2027-04-01,2027-06-30,0.0,USD,2027-04-01,DAC-1601,Gates Foundation,60,,,eHealth Africa,,
DAC-1601-INV-067080,6,1,2027-07-01,2027-09-30,0.0,USD,2027-07-01,DAC-1601,Gates Foundation,60,,,eHealth Africa,,
DAC-1601-INV-067080,7,1,2027-10-01,2027-12-31,0.0,USD,2027-10-01,DAC-1601,Gates Foundation,60,,,eHealth Africa,,
XM-DAC-41122-Uganda-4380/A0/04/105/005,0,2,2014-01-01,2014-12-31,2314063.0,USD,2026-07-31,XM-DAC-41122,,40,,,,,
XM-DAC-41122-Uganda-4380/A0/04/105/005,1,2,2013-01-01,2013-12-31,2428218.0,USD,2026-07-31,XM-DAC-41122,,40,,,,,
XM-DAC-41122-Uganda-4380/A0/04/105/005,2,2,2012-01-01,2012-12-31,2326961.0,USD,2026-07-31,XM-DAC-41122,,40,,,,,
XM-DAC-41122-Uganda-4380/A0/04/105/005,3,2,2015-01-01,2015-12-31,1654439.0,USD,2026-07-31,XM-DAC-41122,,40,,,,,
DAC-1601-INV-091014,0,1,2026-01-01,2026-03-31,0.0,USD,2026-01-01,DAC-1601,Gates Foundation,60,,,Tel Aviv University,,
DAC-1601-INV-091014,1,1,2026-04-01,2026-06-30,0.0,USD,2026-04-01,DAC-1601,Gates Foundation,60,,,Tel Aviv University,,
DAC-1601-INV-091014,2,1,2026-07-01,2026-09-30,0.0,USD,2026-07-01,DAC-1601,Gates Foundation,60,,,Tel Aviv University,,
DAC-1601-INV-091014,3,1,2026-10-01,2026-12-31,187674.0,USD,2026-10-01,DAC-1601,Gates Foundation,60,,,Tel Aviv University,,
DAC-1601-INV-091014,4,1,2027-01-01,2027-03-31,0.0,USD,2027-01-01,DAC-1601,Gates Foundation,60,,,Tel Aviv University,,
DAC-1601-INV-091014,5,1,2027-04-01,2027-06-30,0.0,USD,2027-04-01,DAC-1601,Gates Foundation,60,,,Tel Aviv University,,
DAC-1601-INV-091014,6,1,2027-07-01,2027-09-30,0.0,USD,2027-07-01,DAC-1601,Gates Foundation,60,,,Tel Aviv University,,
DAC-1601-INV-091014,7,1,2027-10-01,2027-12-31,0.0,USD,2027-10-01,DAC-1601,Gates Foundation,60,,,Tel Aviv University,,
DAC-1601-INV-093553,0,1,2026-01-01,2026-03-31,0.0,USD,2026-01-01,DAC-1601,Gates Foundation,60,,,University of the Witwatersrand,,
DAC-1601-INV-093553,1,1,2026-04-01,2026-06-30,0.0,USD,2026-04-01,DAC-1601,Gates Foundation,60,,,University of the Witwatersrand,,
DAC-1601-INV-093553,2,1,2026-07-01,2026-09-30,0.0,USD,2026-07-01,DAC-1601,Gates Foundation,60,,,University of the Witwatersrand,,
DAC-1601-INV-093553,3,1,2026-10-01,2026-12-31,0.0,USD,2026-10-01,DAC-1601,Gates Foundation,60,,,University of the Witwatersrand,,
DAC-1601-INV-093553,4,1,2027-01-01,2027-03-31,0.0,USD,2027-01-01,DAC-1601,Gates Foundation,60,,,University of the Witwatersrand,,
DAC-1601-INV-093553,5,1,2027-04-01,2027-06-30,0.0,USD,2027-04-01,DAC-1601,Gates Foundation,60,,,University of the Witwatersrand,,
DAC-1601-INV-093553,6,1,2027-07-01,2027-09-30,0.0,USD,2027-07-01,DAC-1601,Gates Foundation,60,,,University of the Witwatersrand,,
DAC-1601-INV-093553,7,1,2027-10-01,2027-12-31,0.0,USD,2027-10-01,DAC-1601,Gates Foundation,60,,,University of the Witwatersrand,,
XM-DAC-41122-South Sudan-4040/A0/02/002/005,0,2,2016-01-01,2016-12-31,136440.0,USD,2026-07-31,XM-DAC-41122,,40,,,,,
XM-DAC-41122-South Sudan-4040/A0/02/002/005,1,2,2017-01-01,2017-12-31,657558.0,USD,2026-07-31,XM-DAC-41122,,40,,,,,
XM-DAC-41122-South Sudan-4040/A0/02/002/005,2,2,2018-01-01,2018-12-31,4264626.0,USD,2026-07-31,XM-DAC-41122,,40,,,,,
XM-DAC-41122-Kenya-2400/A0/04/007/005,0,2,2012-01-01,2012-12-31,369025.0,USD,2026-07-31,XM-DAC-41122,,40,,,,,
XM-DAC-41122-Ethiopia-1410/A0/06/002/006,0,2,2016-01-01,2016-12-31,140820.0,USD,2026-07-31,XM-DAC-41122,,40,,,,,
XM-DAC-41122-Ethiopia-1410/A0/06/002/006,1,2,2019-01-01,2019-12-31,124740.0,USD,2026-07-31,XM-DAC-41122,,40,,,,,
XM-DAC-41122-Ethiopia-1410/A0/06/002/006,2,2,2018-01-01,2018-12-31,281640.0,USD,2026-07-31,XM-DAC-41122,,40,,,,,
XM-DAC-41122-Ethiopia-1410/A0/06/002/006,3,2,2017-01-01,2017-12-31,281640.0,USD,2026-07-31,XM-DAC-41122,,40,,,,,
XM-DAC-41122-Ethiopia-1410/A0/06/002/006,4,2,2020-01-01,2020-12-31,74000.0,USD,2026-07-31,XM-DAC-41122,,40,,,,,
XM-DAC-41122-Ethiopia-1410/A0/05/002/002,0,2,2014-01-01,2014-12-31,1797529.0,USD,2026-07-31,XM-DAC-41122,,40,,,,,
XM-DAC-41122-Ethiopia-1410/A0/05/002/002,1,2,2015-01-01,2015-12-31,3595059.0,USD,2026-07-31,XM-DAC-41122,,40,,,,,
XM-DAC-41122-Ethiopia-1410/A0/05/002/002,2,2,2016-01-01,2016-12-31,32071920.0,USD,2026-07-31,XM-DAC-41122,,40,,,,,
XI-IATI-EC_INTPA-2024-PC-36151,0,1,2026-10-01,2026-10-31,750000.0,,2026-01-01,,European Commission - Directorate General for International Partnerships,15,XI-IATI-EC_INTPA-2024-PC-36151,,Other public entities in donor country,,
XI-IATI-EC_INTPA-2024-PC-36153,0,1,2026-10-01,2026-10-31,500000.0,,2026-01-01,,European Commission - Directorate General for International Partnerships,15,XI-IATI-EC_INTPA-2024-PC-36153,,Other public entities in donor country,,
XI-IATI-EC_INTPA-2024-PC-36157,0,1,2026-03-01,2026-03-31,1205965.0,,2026-01-01,,European Commission - Directorate General for International Partnerships,15,XI-IATI-EC_INTPA-2024-PC-36157,,Other public entities in donor country,,
XI-IATI-EC_INTPA-2024-PC-42453,0,1,2026-11-01,2026-11-30,500000.0,,2026-01-01,,European Commission - Directorate General for International Partnerships,15,XI-IATI-EC_INTPA-2024-PC-42453,,Other public entities in donor country,,
XI-IATI-EC_INTPA-2024-PC-42453,1,1,2026-10-01,2026-10-31,2250000.0,,2026-01-01,,European Commission - Directorate General for International Partnerships,15,XI-IATI-EC_INTPA-2024-PC-42453,,Other public entities in donor country,,
XM-DAC-41122-Somalia-3920/A0/06/005/011,0,2,2012-01-01,2012-12-31,13469.0,USD,2026-07-31,XM-DAC-41122,,40,,,,,
XM-DAC-41122-Somalia-3920/A0/06/005/011,1,2,2013-01-01,2013-12-31,11197.0,USD,2026-07-31,XM-DAC-41122,,40,,,,,
XM-DAC-41122-Somalia-3920/A0/06/005/011,2,2,2014-01-01,2014-12-31,11197.0,USD,2026-07-31,XM-DAC-41122,,40,,,,,
XM-DAC-41122-Somalia-3920/A0/06/005/011,3,2,2015-01-01,2015-12-31,11197.0,USD,2026-07-31,XM-DAC-41122,,40,,,,,
XM-DAC-41122-Kenya-2400/A0/05/007/004,0,2,2014-01-01,2014-12-31,4260125.0,USD,2026-07-31,XM-DAC-41122,,40,,,,,
XM-DAC-41122-Kenya-2400/A0/05/007/004,1,2,2015-01-01,2015-12-31,4419448.0,USD,2026-07-31,XM-DAC-41122,,40,,,,,
XM-DAC-41122-Kenya-2400/A0/05/007/004,2,2,2018-01-01,2018-12-31,420000.0,USD,2026-07-31,XM-DAC-41122,,40,,,,,
XM-DAC-41122-Kenya-2400/A0/05/007/004,3,2,2017-01-01,2017-12-31,840000.0,USD,2026-07-31,XM-DAC-41122,,40,,,,,
XM-DAC-41122-Kenya-2400/A0/05/007/004,4,2,2016-01-01,2016-12-31,16797764.0,USD,2026-07-31,XM-DAC-41122,,40,,,,,
XM-DAC-41122-South Sudan-4040/A0/01/001/004,0,2,2013-01-01,2013-12-31,2594951.0,USD,2026-07-31,XM-DAC-41122,,40,,,,,
XM-DAC-41122-South Sudan-4040/A0/01/001/004,1,2,2014-01-01,2014-12-31,140718.0,USD,2026-07-31,XM-DAC-41122,,40,,,,,
XM-DAC-41122-South Sudan-4040/A0/01/001/004,2,2,2016-01-01,2016-12-31,13652.0,USD,2026-07-31,XM-DAC-41122,,40,,,,,
XM-DAC-41122-South Sudan-4040/A0/01/001/004,3,2,2015-01-01,2015-12-31,26182.0,USD,2026-07-31,XM-DAC-41122,,40,,,,,
XM-DAC-41122-South Sudan-4040/A0/01/001/004,4,2,2012-01-01,2012-12-31,3739185.0,USD,2026-07-31,XM-DAC-41122,,40,,,,,
XM-DAC-41122-Democratic Republic of Congo-0990/A0/08/880/005,0,2,2027-01-01,2027-12-31,3830000.0,USD,2026-07-31,XM-DAC-41122,,40,,,,,
XM-DAC-41122-Democratic Republic of Congo-0990/A0/08/880/005,1,2,2026-01-01,2026-12-31,3830000.0,USD,2026-07-31,XM-DAC-41122,,40,,,,,
XM-DAC-41122-Democratic Republic of Congo-0990/A0/08/880/005,2,2,2028-01-01,2028-12-31,3830000.0,USD,2026-07-31,XM-DAC-41122,,40,,,,,
XM-DAC-41122-Democratic Republic of Congo-0990/A0/08/880/005,3,2,2029-01-01,2029-12-31,3830000.0,USD,2026-07-31,XM-DAC-41122,,40,,,,,
XM-DAC-41122-Democratic Republic of Congo-0990/A0/08/880/005,4,2,2025-01-01,2025-12-31,3830000.0,USD,2026-07-31,XM-DAC-41122,,40,,,,,
XM-DAC-41122-South Sudan-4040/A0/04/880/005,0,2,2025-01-01,2025-12-31,1510027.0,USD,2026-07-31,XM-DAC-41122,,40,,,,,
XM-DAC-41122-South Sudan-4040/A0/04/880/005,1,2,2024-01-01,2024-12-31,1082961.0,USD,2026-07-31,XM-DAC-41122,,40,,,,,
XM-DAC-41122-South Sudan-4040/A0/04/880/005,2,2,2023-01-01,2023-12-31,1216678.0,USD,2026-07-31,XM-DAC-41122,,40,,,,,
XM-DAC-41122-South Sudan-4040/A0/04/880/005,3,2,2026-01-01,2026-12-31,2811866.0,USD,2026-07-31,XM-DAC-41122,,40,,,,,
XM-DAC-41122-Democratic Republic of Congo-0990/A0/05/301/078,0,2,2012-01-01,2012-12-31,21214.0,USD,2026-07-31,XM-DAC-41122,,40,,,,,
XM-DAC-41122-Democratic Republic of Congo-0990/A0/05/301/008,0,2,2012-01-01,2012-12-31,7080350.0,USD,2026-07-31,XM-DAC-41122,,40,,,,,
XM-DAC-41122-Democratic Republic of Congo-0990/A0/05/304/005,0,2,2012-01-01,2012-12-31,4997450.0,USD,2026-07-31,XM-DAC-41122,,40,,,,,
XM-DAC-41122-Uganda-4380/A0/07/880/006,0,2,2030-01-01,2030-12-31,1.0,USD,2026-07-31,XM-DAC-41122,,40,,,,,
XM-DAC-41122-Uganda-4380/A0/07/880/006,1,2,2029-01-01,2029-12-31,1.0,USD,2026-07-31,XM-DAC-41122,,40,,,,,
XM-DAC-41122-Uganda-4380/A0/07/880/006,2,2,2028-01-01,2028-12-31,1.0,USD,2026-07-31,XM-DAC-41122,,40,,,,,
XM-DAC-41122-Uganda-4380/A0/07/880/006,3,2,2027-01-01,2027-12-31,1.0,USD,2026-07-31,XM-DAC-41122,,40,,,,,
XM-DAC-41122-Uganda-4380/A0/07/880/006,4,2,2026-01-01,2026-12-31,3699678.0,USD,2026-07-31,XM-DAC-41122,,40,,,,,
DAC-1601-INV-079553,0,1,2026-01-01,2026-03-31,0.0,USD,2026-01-01,DAC-1601,Gates Foundation,60,,,University of Manitoba,,
DAC-1601-INV-079553,1,1,2026-04-01,2026-06-30,0.0,USD,2026-04-01,DAC-1601,Gates Foundation,60,,,University of Manitoba,,
DAC-1601-INV-079553,2,1,2026-07-01,2026-09-30,0.0,USD,2026-07-01,DAC-1601,Gates Foundation,60,,,University of Manitoba,,
DAC-1601-INV-079553,3,1,2026-10-01,2026-12-31,0.0,USD,2026-10-01,DAC-1601,Gates Foundation,60,,,University of Manitoba,,
DAC-1601-INV-079553,4,1,2027-01-01,2027-03-31,0.0,USD,2027-01-01,DAC-1601,Gates Foundation,60,,,University of Manitoba,,
DAC-1601-INV-079553,5,1,2027-04-01,2027-06-30,0.0,USD,2027-04-01,DAC-1601,Gates Foundation,60,,,University of Manitoba,,
DAC-1601-INV-079553,6,1,2027-07-01,2027-09-30,0.0,USD,2027-07-01,DAC-1601,Gates Foundation,60,,,University of Manitoba,,
DAC-1601-INV-079553,7,1,2027-10-01,2027-12-31,0.0,USD,2027-10-01,DAC-1601,Gates Foundation,60,,,University of Manitoba,,
DAC-1601-INV-070591,0,1,2026-01-01,2026-03-31,0.0,USD,2026-01-01,DAC-1601,Gates Foundation,60,,,Field Intelligence Inc,,
DAC-1601-INV-070591,1,1,2026-04-01,2026-06-30,0.0,USD,2026-04-01,DAC-1601,Gates Foundation,60,,,Field Intelligence Inc,,
DAC-1601-INV-070591,2,1,2026-07-01,2026-09-30,0.0,USD,2026-07-01,DAC-1601,Gates Foundation,60,,,Field Intelligence Inc,,
DAC-1601-INV-070591,3,1,2026-10-01,2026-12-31,0.0,USD,2026-10-01,DAC-1601,Gates Foundation,60,,,Field Intelligence Inc,,
DAC-1601-INV-070591,4,1,2027-01-01,2027-03-31,250000.0,USD,2027-01-01,DAC-1601,Gates Foundation,60,,,Field Intelligence Inc,,
DAC-1601-INV-070591,5,1,2027-04-01,2027-06-30,0.0,USD,2027-04-01,DAC-1601,Gates Foundation,60,,,Field Intelligence Inc,,
DAC-1601-INV-070591,6,1,2027-07-01,2027-09-30,0.0,USD,2027-07-01,DAC-1601,Gates Foundation,60,,,Field Intelligence Inc,,
DAC-1601-INV-070591,7,1,2027-10-01,2027-12-31,0.0,USD,2027-10-01,DAC-1601,Gates Foundation,60,,,Field Intelligence Inc,,
DAC-1601-INV-074646,0,1,2026-01-01,2026-03-31,1250000.0,USD,2026-01-01,DAC-1601,Gates Foundation,60,,,Health Research Operations Kenya Limited,,
DAC-1601-INV-074646,1,1,2026-04-01,2026-06-30,0.0,USD,2026-04-01,DAC-1601,Gates Foundation,60,,,Health Research Operations Kenya Limited,,
DAC-1601-INV-074646,2,1,2026-07-01,2026-09-30,0.0,USD,2026-07-01,DAC-1601,Gates Foundation,60,,,Health Research Operations Kenya Limited,,
DAC-1601-INV-074646,3,1,2026-10-01,2026-12-31,0.0,USD,2026-10-01,DAC-1601,Gates Foundation,60,,,Health Research Operations Kenya Limited,,
DAC-1601-INV-074646,4,1,2027-01-01,2027-03-31,1639690.0,USD,2027-01-01,DAC-1601,Gates Foundation,60,,,Health Research Operations Kenya Limited,,
DAC-1601-INV-074646,5,1,2027-04-01,2027-06-30,0.0,USD,2027-04-01,DAC-1601,Gates Foundation,60,,,Health Research Operations Kenya Limited,,
DAC-1601-INV-074646,6,1,2027-07-01,2027-09-30,0.0,USD,2027-07-01,DAC-1601,Gates Foundation,60,,,Health Research Operations Kenya Limited,,
DAC-1601-INV-074646,7,1,2027-10-01,2027-12-31,0.0,USD,2027-10-01,DAC-1601,Gates Foundation,60,,,Health Research Operations Kenya Limited,,
DAC-1601-INV-060088,0,1,2026-01-01,2026-03-31,0.0,USD,2026-01-01,DAC-1601,Gates Foundation,60,,,Kenyatta University,,
DAC-1601-INV-060088,1,1,2026-04-01,2026-06-30,0.0,USD,2026-04-01,DAC-1601,Gates Foundation,60,,,Kenyatta University,,
DAC-1601-INV-060088,2,1,2026-07-01,2026-09-30,0.0,USD,2026-07-01,DAC-1601,Gates Foundation,60,,,Kenyatta University,,
DAC-1601-INV-060088,3,1,2026-10-01,2026-12-31,0.0,USD,2026-10-01,DAC-1601,Gates Foundation,60,,,Kenyatta University,,
DAC-1601-INV-060088,4,1,2027-01-01,2027-03-31,0.0,USD,2027-01-01,DAC-1601,Gates Foundation,60,,,Kenyatta University,,
DAC-1601-INV-060088,5,1,2027-04-01,2027-06-30,0.0,USD,2027-04-01,DAC-1601,Gates Foundation,60,,,Kenyatta University,,
DAC-1601-INV-060088,6,1,2027-07-01,2027-09-30,0.0,USD,2027-07-01,DAC-1601,Gates Foundation,60,,,Kenyatta University,,
DAC-1601-INV-060088,7,1,2027-10-01,2027-12-31,0.0,USD,2027-10-01,DAC-1601,Gates Foundation,60,,,Kenyatta University,,
XM-DAC-41122-South Sudan-4040/A0/03/880/004,0,2,2022-01-01,2022-12-31,4388773.0,USD,2026-07-31,XM-DAC-41122,,40,,,,,
XM-DAC-41122-South Sudan-4040/A0/03/880/004,1,2,2021-01-01,2021-12-31,7256132.0,USD,2026-07-31,XM-DAC-41122,,40,,,,,
XM-DAC-41122-South Sudan-4040/A0/03/880/004,2,2,2020-01-01,2020-12-31,5252780.0,USD,2026-07-31,XM-DAC-41122,,40,,,,,
XM-DAC-41122-South Sudan-4040/A0/03/880/004,3,2,2019-01-01,2019-12-31,5652434.0,USD,2026-07-31,XM-DAC-41122,,40,,,,,
DAC-1601-INV-098285,0,1,2026-01-01,2026-03-31,0.0,USD,2026-01-01,DAC-1601,Gates Foundation,60,,,Liverpool School of Tropical Medicine,,
DAC-1601-INV-098285,1,1,2026-04-01,2026-06-30,0.0,USD,2026-04-01,DAC-1601,Gates Foundation,60,,,Liverpool School of Tropical Medicine,,
DAC-1601-INV-098285,2,1,2026-07-01,2026-09-30,0.0,USD,2026-07-01,DAC-1601,Gates Foundation,60,,,Liverpool School of Tropical Medicine,,
DAC-1601-INV-098285,3,1,2026-10-01,2026-12-31,0.0,USD,2026-10-01,DAC-1601,Gates Foundation,60,,,Liverpool School of Tropical Medicine,,
DAC-1601-INV-098285,4,1,2027-01-01,2027-03-31,0.0,USD,2027-01-01,DAC-1601,Gates Foundation,60,,,Liverpool School of Tropical Medicine,,
DAC-1601-INV-098285,5,1,2027-04-01,2027-06-30,0.0,USD,2027-04-01,DAC-1601,Gates Foundation,60,,,Liverpool School of Tropical Medicine,,
DAC-1601-INV-098285,6,1,2027-07-01,2027-09-30,0.0,USD,2027-07-01,DAC-1601,Gates Foundation,60,,,Liverpool School of Tropical Medicine,,
DAC-1601-INV-098285,7,1,2027-10-01,2027-12-31,0.0,USD,2027-10-01,DAC-1601,Gates Foundation,60,,,Liverpool School of Tropical Medicine,,
DAC-1601-INV-036570,0,1,2026-01-01,2026-03-31,0.0,USD,2026-01-01,DAC-1601,Gates Foundation,60,,,Health Systems Insight,,
DAC-1601-INV-036570,1,1,2026-04-01,2026-06-30,0.0,USD,2026-04-01,DAC-1601,Gates Foundation,60,,,Health Systems Insight,,
DAC-1601-INV-036570,2,1,2026-07-01,2026-09-30,557988.0,USD,2026-07-01,DAC-1601,Gates Foundation,60,,,Health Systems Insight,,
DAC-1601-INV-036570,3,1,2026-10-01,2026-12-31,0.0,USD,2026-10-01,DAC-1601,Gates Foundation,60,,,Health Systems Insight,,
DAC-1601-INV-036570,4,1,2027-01-01,2027-03-31,0.0,USD,2027-01-01,DAC-1601,Gates Foundation,60,,,Health Systems Insight,,
DAC-1601-INV-036570,5,1,2027-04-01,2027-06-30,0.0,USD,2027-04-01,DAC-1601,Gates Foundation,60,,,Health Systems Insight,,
DAC-1601-INV-036570,6,1,2027-07-01,2027-09-30,0.0,USD,2027-07-01,DAC-1601,Gates Foundation,60,,,Health Systems Insight,,
DAC-1601-INV-036570,7,1,2027-10-01,2027-12-31,0.0,USD,2027-10-01,DAC-1601,Gates Foundation,60,,,Health Systems Insight,,
XM-DAC-41122-South Sudan-4040/A0/01/002/099,0,2,2015-01-01,2015-12-31,1052000.0,USD,2026-07-31,XM-DAC-41122,,40,,,,,
XM-DAC-41122-South Sudan-4040/A0/01/002/099,1,2,2016-01-01,2016-12-31,566000.0,USD,2026-07-31,XM-DAC-41122,,40,,,,,
XM-DAC-41122-South Sudan-4040/A0/01/002/099,2,2,2014-01-01,2014-12-31,3376356.0,USD,2026-07-31,XM-DAC-41122,,40,,,,,
XM-DAC-41122-South Sudan-4040/A0/01/002/099,3,2,2013-01-01,2013-12-31,3496641.0,USD,2026-07-31,XM-DAC-41122,,40,,,,,
XM-DAC-41122-South Sudan-4040/A0/01/002/099,4,2,2012-01-01,2012-12-31,1635739.0,USD,2026-07-31,XM-DAC-41122,,40,,,,,
NL-KVK-27108436-A-07054-05:SO,0,1,2024-10-01,2024-10-31,1848.0,EUR,2024-10-01,,,,,,,,
DAC-1601-OPP1193778,0,1,2026-01-01,2026-03-31,0.0,USD,2026-01-01,DAC-1601,Gates Foundation,60,,,The END Fund,,
DAC-1601-OPP1193778,1,1,2026-04-01,2026-06-30,0.0,USD,2026-04-01,DAC-1601,Gates Foundation,60,,,The END Fund,,
DAC-1601-OPP1193778,2,1,2026-07-01,2026-09-30,0.0,USD,2026-07-01,DAC-1601,Gates Foundation,60,,,The END Fund,,
DAC-1601-OPP1193778,3,1,2026-10-01,2026-12-31,0.0,USD,2026-10-01,DAC-1601,Gates Foundation,60,,,The END Fund,,
DAC-1601-OPP1193778,4,1,2027-01-01,2027-03-31,0.0,USD,2027-01-01,DAC-1601,Gates Foundation,60,,,The END Fund,,
DAC-1601-OPP1193778,5,1,2027-04-01,2027-06-30,2592750.0,USD,2027-04-01,DAC-1601,Gates Foundation,60,,,The END Fund,,
DAC-1601-OPP1193778,6,1,2027-07-01,2027-09-30,0.0,USD,2027-07-01,DAC-1601,Gates Foundation,60,,,The END Fund,,
DAC-1601-OPP1193778,7,1,2027-10-01,2027-12-31,0.0,USD,2027-10-01,DAC-1601,Gates Foundation,60,,,The END Fund,,
XM-DAC-41122-Ethiopia-1410/A0/05/308/006,0,2,2013-01-01,2013-12-31,3074538.0,USD,2026-07-31,XM-DAC-41122,,40,,,,,
XM-DAC-41122-Ethiopia-1410/A0/05/308/006,1,2,2014-01-01,2014-12-31,1020915.0,USD,2026-07-31,XM-DAC-41122,,40,,,,,
XM-DAC-41122-Ethiopia-1410/A0/05/308/006,2,2,2015-01-01,2015-12-31,20405.0,USD,2026-07-31,XM-DAC-41122,,40,,,,,
XM-DAC-41122-Ethiopia-1410/A0/05/308/006,3,2,2012-01-01,2012-12-31,1431016.0,USD,2026-07-31,XM-DAC-41122,,40,,,,,
DAC-1601-INV-053453,0,1,2026-01-01,2026-03-31,0.0,USD,2026-01-01,DAC-1601,Gates Foundation,60,,,International Food Policy Research Institute,,
DAC-1601-INV-053453,1,1,2026-04-01,2026-06-30,0.0,USD,2026-04-01,DAC-1601,Gates Foundation,60,,,International Food Policy Research Institute,,
DAC-1601-INV-053453,2,1,2026-07-01,2026-09-30,0.0,USD,2026-07-01,DAC-1601,Gates Foundation,60,,,International Food Policy Research Institute,,
DAC-1601-INV-053453,3,1,2026-10-01,2026-12-31,0.0,USD,2026-10-01,DAC-1601,Gates Foundation,60,,,International Food Policy Research Institute,,
DAC-1601-INV-053453,4,1,2027-01-01,2027-03-31,750000.0,USD,2027-01-01,DAC-1601,Gates Foundation,60,,,International Food Policy Research Institute,,
DAC-1601-INV-053453,5,1,2027-04-01,2027-06-30,0.0,USD,2027-04-01,DAC-1601,Gates Foundation,60,,,International Food Policy Research Institute,,
DAC-1601-INV-053453,6,1,2027-07-01,2027-09-30,0.0,USD,2027-07-01,DAC-1601,Gates Foundation,60,,,International Food Policy Research Institute,,
DAC-1601-INV-053453,7,1,2027-10-01,2027-12-31,0.0,USD,2027-10-01,DAC-1601,Gates Foundation,60,,,International Food Policy Research Institute,,
DAC-1601-INV-059608,0,1,2026-01-01,2026-03-31,0.0,USD,2026-01-01,DAC-1601,Gates Foundation,60,,,University of Dschang,,
DAC-1601-INV-059608,1,1,2026-04-01,2026-06-30,0.0,USD,2026-04-01,DAC-1601,Gates Foundation,60,,,University of Dschang,,
DAC-1601-INV-059608,2,1,2026-07-01,2026-09-30,0.0,USD,2026-07-01,DAC-1601,Gates Foundation,60,,,University of Dschang,,
DAC-1601-INV-059608,3,1,2026-10-01,2026-12-31,0.0,USD,2026-10-01,DAC-1601,Gates Foundation,60,,,University of Dschang,,
DAC-1601-INV-059608,4,1,2027-01-01,2027-03-31,0.0,USD,2027-01-01,DAC-1601,Gates Foundation,60,,,University of Dschang,,
DAC-1601-INV-059608,5,1,2027-04-01,2027-06-30,0.0,USD,2027-04-01,DAC-1601,Gates Foundation,60,,,University of Dschang,,
DAC-1601-INV-059608,6,1,2027-07-01,2027-09-30,0.0,USD,2027-07-01,DAC-1601,Gates Foundation,60,,,University of Dschang,,
DAC-1601-INV-059608,7,1,2027-10-01,2027-12-31,0.0,USD,2027-10-01,DAC-1601,Gates Foundation,60,,,University of Dschang,,
XM-DAC-41122-Ethiopia-1410/A0/05/002/001,0,2,2014-01-01,2014-12-31,1641998.0,USD,2026-07-31,XM-DAC-41122,,40,,,,,
XM-DAC-41122-Ethiopia-1410/A0/05/002/001,1,2,2015-01-01,2015-12-31,3283997.0,USD,2026-07-31,XM-DAC-41122,,40,,,,,
XM-DAC-41122-Ethiopia-1410/A0/05/002/001,2,2,2016-01-01,2016-12-31,2372883.0,USD,2026-07-31,XM-DAC-41122,,40,,,,,
XI-IATI-EC_INTPA-2024-PC-48882,0,1,2026-05-01,2026-05-31,1282363.5,,2026-01-01,,European Commission - Directorate General for International Partnerships,15,XI-IATI-EC_INTPA-2024-PC-48882,,"European Investment Bank (Trust fund via EIB like FEMIP, NIF, Interest subsidies...)",,
NL-KVK-27108436-A-07860-03:CD,0,1,2027-09-01,2027-09-30,26675.0,EUR,2027-09-01,,,,,,,,
XI-IATI-EC_INTPA-2024-PC-35789,0,1,2026-05-01,2026-05-31,3610100.0,,2026-01-01,,European Commission - Directorate General for International Partnerships,15,XI-IATI-EC_INTPA-2024-PC-35789,,INTERNATIONAL NGO,,
XM-DAC-301-2-110693-001,0,1,2024-04-01,2025-03-31,285000.0,CAD,2024-04-01,XM-DAC-301-2,International Development Research Centre,15,,,The Governing Council of the University of Toronto,80,
XM-DAC-301-2-110693-001,1,1,2027-04-01,2028-03-31,15000.0,CAD,2027-04-01,XM-DAC-301-2,International Development Research Centre,15,,,The Governing Council of the University of Toronto,80,
XM-DAC-41122-South Sudan-4040/A0/02/880/004,0,2,2017-01-01,2017-12-31,3476633.0,USD,2026-07-31,XM-DAC-41122,,40,,,,,
XM-DAC-41122-South Sudan-4040/A0/02/880/004,1,2,2016-01-01,2016-12-31,301802.0,USD,2026-07-31,XM-DAC-41122,,40,,,,,
XM-DAC-41122-South Sudan-4040/A0/02/880/004,2,2,2018-01-01,2018-12-31,7209307.0,USD,2026-07-31,XM-DAC-41122,,40,,,,,
XI-IATI-EC_INTPA-2026-PC-54167,0,1,2026-03-01,2026-03-31,14400000.0,,2026-01-01,,European Commission - Directorate General for International Partnerships,15,XI-IATI-EC_INTPA-2026-PC-54167,,INTERNATIONAL NGO,,
XM-DAC-41122-Somalia-3920/A0/06/101/013,0,2,2016-01-01,2016-12-31,1915187.0,USD,2026-07-31,XM-DAC-41122,,40,,,,,
XM-DAC-41122-Somalia-3920/A0/06/101/013,1,2,2015-01-01,2015-12-31,1341162.0,USD,2026-07-31,XM-DAC-41122,,40,,,,,
XM-DAC-41122-Somalia-3920/A0/06/101/013,2,2,2014-01-01,2014-12-31,1147239.0,USD,2026-07-31,XM-DAC-41122,,40,,,,,
XM-DAC-41122-Somalia-3920/A0/06/101/013,3,2,2017-01-01,2017-12-31,1883398.0,USD,2026-07-31,XM-DAC-41122,,40,,,,,
XM-DAC-41122-Democratic Republic of Congo-0990/A0/05/303/080,0,2,2012-01-01,2012-12-31,4837985.0,USD,2026-07-31,XM-DAC-41122,,40,,,,,
XM-DAC-41122-South Sudan-4040/A0/02/001/003,0,2,2016-01-01,2016-12-31,351625.0,USD,2026-07-31,XM-DAC-41122,,40,,,,,
XM-DAC-41122-South Sudan-4040/A0/02/001/003,1,2,2018-01-01,2018-12-31,3718222.0,USD,2026-07-31,XM-DAC-41122,,40,,,,,
XM-DAC-41122-South Sudan-4040/A0/02/001/003,2,2,2017-01-01,2017-12-31,1903349.0,USD,2026-07-31,XM-DAC-41122,,40,,,,,
XM-DAC-41122-South Sudan-4040/A0/03/001/005,0,2,2022-01-01,2022-12-31,290633.0,USD,2026-07-31,XM-DAC-41122,,40,,,,,
XM-DAC-41122-South Sudan-4040/A0/03/001/005,1,2,2021-01-01,2021-12-31,10083392.0,USD,2026-07-31,XM-DAC-41122,,40,,,,,
XM-DAC-41122-South Sudan-4040/A0/03/001/005,2,2,2020-01-01,2020-12-31,22781766.0,USD,2026-07-31,XM-DAC-41122,,40,,,,,
XM-DAC-41122-South Sudan-4040/A0/03/001/005,3,2,2019-01-01,2019-12-31,20006259.0,USD,2026-07-31,XM-DAC-41122,,40,,,,,
NL-KVK-41150298-2154,0,,2021-04-01,2022-12-31,0.0,,2021-04-01,,,,,,,,
NL-KVK-41150298-2154,0,,2021-04-01,2022-12-31,0.0,,2021-04-01,,,,,,,,
XM-DAC-41122-South Sudan-4040/A0/01/002/100,0,2,2013-01-01,2013-12-31,88000.0,USD,2026-07-31,XM-DAC-41122,,40,,,,,
XM-DAC-41122-South Sudan-4040/A0/01/002/100,1,2,2014-01-01,2014-12-31,5116000.0,USD,2026-07-31,XM-DAC-41122,,40,,,,,
XM-DAC-41122-South Sudan-4040/A0/01/002/100,2,2,2015-01-01,2015-12-31,5116000.0,USD,2026-07-31,XM-DAC-41122,,40,,,,,
XM-DAC-41122-South Sudan-4040/A0/01/002/100,3,2,2016-01-01,2016-12-31,2602000.0,USD,2026-07-31,XM-DAC-41122,,40,,,,,
CA-3-P012704001,0,,2026-04-01,2027-03-31,3325000.0,,2024-07-09,,,,,,,,
CA-3-P012704001,1,,2027-04-01,2028-03-31,2475000.0,,2024-07-09,,,,,,,,
CA-3-P012704001,2,,2028-04-01,2029-03-31,2475000.0,,2024-07-09,,,,,,,,
XM-DAC-41122-Ethiopia-1410/A0/08/001/004,0,2,2027-01-01,2027-12-31,1845903.0,USD,2026-07-31,XM-DAC-41122,,40,,,,,
XM-DAC-41122-Ethiopia-1410/A0/08/001/004,1,2,2028-01-01,2028-12-31,1805073.0,USD,2026-07-31,XM-DAC-41122,,40,,,,,
XM-DAC-41122-Ethiopia-1410/A0/08/001/004,2,2,2029-01-01,2029-12-31,1761378.0,USD,2026-07-31,XM-DAC-41122,,40,,,,,
XM-DAC-41122-Ethiopia-1410/A0/08/001/004,3,2,2030-01-01,2030-12-31,857306.0,USD,2026-07-31,XM-DAC-41122,,40,,,,,
XM-DAC-41122-Ethiopia-1410/A0/08/001/004,4,2,2025-01-01,2025-12-31,917059.0,USD,2026-07-31,XM-DAC-41122,,40,,,,,
XM-DAC-41122-Ethiopia-1410/A0/08/001/004,5,2,2026-01-01,2026-12-31,1854900.0,USD,2026-07-31,XM-DAC-41122,,40,,,,,
DAC-1601-INV-064730,0,1,2026-01-01,2026-03-31,0.0,USD,2026-01-01,DAC-1601,Gates Foundation,60,,,Emory University,,
DAC-1601-INV-064730,1,1,2026-04-01,2026-06-30,0.0,USD,2026-04-01,DAC-1601,Gates Foundation,60,,,Emory University,,
DAC-1601-INV-064730,2,1,2026-07-01,2026-09-30,0.0,USD,2026-07-01,DAC-1601,Gates Foundation,60,,,Emory University,,
DAC-1601-INV-064730,3,1,2026-10-01,2026-12-31,0.0,USD,2026-10-01,DAC-1601,Gates Foundation,60,,,Emory University,,
DAC-1601-INV-064730,4,1,2027-01-01,2027-03-31,0.0,USD,2027-01-01,DAC-1601,Gates Foundation,60,,,Emory University,,
DAC-1601-INV-064730,5,1,2027-04-01,2027-06-30,0.0,USD,2027-04-01,DAC-1601,Gates Foundation,60,,,Emory University,,
DAC-1601-INV-064730,6,1,2027-07-01,2027-09-30,0.0,USD,2027-07-01,DAC-1601,Gates Foundation,60,,,Emory University,,
DAC-1601-INV-064730,7,1,2027-10-01,2027-12-31,0.0,USD,2027-10-01,DAC-1601,Gates Foundation,60,,,Emory University,,
DAC-1601-INV-088892,0,1,2026-01-01,2026-03-31,0.0,USD,2026-01-01,DAC-1601,Gates Foundation,60,,,"Results for Development Institute, Inc.",,
DAC-1601-INV-088892,1,1,2026-04-01,2026-06-30,0.0,USD,2026-04-01,DAC-1601,Gates Foundation,60,,,"Results for Development Institute, Inc.",,
DAC-1601-INV-088892,2,1,2026-07-01,2026-09-30,0.0,USD,2026-07-01,DAC-1601,Gates Foundation,60,,,"Results for Development Institute, Inc.",,
DAC-1601-INV-088892,3,1,2026-10-01,2026-12-31,0.0,USD,2026-10-01,DAC-1601,Gates Foundation,60,,,"Results for Development Institute, Inc.",,
DAC-1601-INV-088892,4,1,2027-01-01,2027-03-31,1550394.0,USD,2027-01-01,DAC-1601,Gates Foundation,60,,,"Results for Development Institute, Inc.",,
DAC-1601-INV-088892,5,1,2027-04-01,2027-06-30,0.0,USD,2027-04-01,DAC-1601,Gates Foundation,60,,,"Results for Development Institute, Inc.",,
DAC-1601-INV-088892,6,1,2027-07-01,2027-09-30,0.0,USD,2027-07-01,DAC-1601,Gates Foundation,60,,,"Results for Development Institute, Inc.",,
DAC-1601-INV-088892,7,1,2027-10-01,2027-12-31,0.0,USD,2027-10-01,DAC-1601,Gates Foundation,60,,,"Results for Development Institute, Inc.",,
DAC-1601-INV-095833,0,1,2026-01-01,2026-03-31,0.0,USD,2026-01-01,DAC-1601,Gates Foundation,60,,,African Institute for Development Policy,,
DAC-1601-INV-095833,1,1,2026-04-01,2026-06-30,0.0,USD,2026-04-01,DAC-1601,Gates Foundation,60,,,African Institute for Development Policy,,
DAC-1601-INV-095833,2,1,2026-07-01,2026-09-30,0.0,USD,2026-07-01,DAC-1601,Gates Foundation,60,,,African Institute for Development Policy,,
DAC-1601-INV-095833,3,1,2026-10-01,2026-12-31,1250000.0,USD,2026-10-01,DAC-1601,Gates Foundation,60,,,African Institute for Development Policy,,
DAC-1601-INV-095833,4,1,2027-01-01,2027-03-31,0.0,USD,2027-01-01,DAC-1601,Gates Foundation,60,,,African Institute for Development Policy,,
DAC-1601-INV-095833,5,1,2027-04-01,2027-06-30,0.0,USD,2027-04-01,DAC-1601,Gates Foundation,60,,,African Institute for Development Policy,,
DAC-1601-INV-095833,6,1,2027-07-01,2027-09-30,0.0,USD,2027-07-01,DAC-1601,Gates Foundation,60,,,African Institute for Development Policy,,
DAC-1601-INV-095833,7,1,2027-10-01,2027-12-31,1250000.0,USD,2027-10-01,DAC-1601,Gates Foundation,60,,,African Institute for Development Policy,,
XM-DAC-41122-Kenya-2400/A0/04/009/003,0,2,2012-01-01,2012-12-31,1166668.0,USD,2026-07-31,XM-DAC-41122,,40,,,,,
XM-DAC-41122-Kenya-2400/A0/04/009/003,1,2,2013-01-01,2013-12-31,521817.0,USD,2026-07-31,XM-DAC-41122,,40,,,,,
XM-DAC-41122-Kenya-2400/A0/04/009/003,2,2,2014-01-01,2014-12-31,218818.0,USD,2026-07-31,XM-DAC-41122,,40,,,,,
XM-DAC-41122-Kenya-2400/A0/05/008/001,0,2,2018-01-01,2018-12-31,712500.0,USD,2026-07-31,XM-DAC-41122,,40,,,,,
XM-DAC-41122-Kenya-2400/A0/05/008/001,1,2,2014-01-01,2014-12-31,164536.0,USD,2026-07-31,XM-DAC-41122,,40,,,,,
XM-DAC-41122-Kenya-2400/A0/05/008/001,2,2,2015-01-01,2015-12-31,832865.0,USD,2026-07-31,XM-DAC-41122,,40,,,,,
XM-DAC-41122-Kenya-2400/A0/05/008/001,3,2,2016-01-01,2016-12-31,2104626.0,USD,2026-07-31,XM-DAC-41122,,40,,,,,
XM-DAC-41122-Kenya-2400/A0/05/008/001,4,2,2017-01-01,2017-12-31,1425000.0,USD,2026-07-31,XM-DAC-41122,,40,,,,,
XM-DAC-41122-Ethiopia-1410/A0/05/002/004,0,2,2016-01-01,2016-12-31,1716068.0,USD,2026-07-31,XM-DAC-41122,,40,,,,,
XM-DAC-41122-Ethiopia-1410/A0/05/002/004,1,2,2014-01-01,2014-12-31,2555771.0,USD,2026-07-31,XM-DAC-41122,,40,,,,,
XM-DAC-41122-Ethiopia-1410/A0/05/002/004,2,2,2015-01-01,2015-12-31,5111541.0,USD,2026-07-31,XM-DAC-41122,,40,,,,,
CA-3-P012234001,0,,2026-04-01,2027-03-31,1500000.0,,2023-06-28,,,,,,,,
DAC-1601-INV-072318,0,1,2026-01-01,2026-03-31,673808.0,USD,2026-01-01,DAC-1601,Gates Foundation,60,,,"The Global Fund to Fight AIDS, Tuberculosis and Malaria",,
DAC-1601-INV-072318,1,1,2026-04-01,2026-06-30,0.0,USD,2026-04-01,DAC-1601,Gates Foundation,60,,,"The Global Fund to Fight AIDS, Tuberculosis and Malaria",,
DAC-1601-INV-072318,2,1,2026-07-01,2026-09-30,0.0,USD,2026-07-01,DAC-1601,Gates Foundation,60,,,"The Global Fund to Fight AIDS, Tuberculosis and Malaria",,
DAC-1601-INV-072318,3,1,2026-10-01,2026-12-31,0.0,USD,2026-10-01,DAC-1601,Gates Foundation,60,,,"The Global Fund to Fight AIDS, Tuberculosis and Malaria",,
DAC-1601-INV-072318,4,1,2027-01-01,2027-03-31,0.0,USD,2027-01-01,DAC-1601,Gates Foundation,60,,,"The Global Fund to Fight AIDS, Tuberculosis and Malaria",,
DAC-1601-INV-072318,5,1,2027-04-01,2027-06-30,0.0,USD,2027-04-01,DAC-1601,Gates Foundation,60,,,"The Global Fund to Fight AIDS, Tuberculosis and Malaria",,
DAC-1601-INV-072318,6,1,2027-07-01,2027-09-30,0.0,USD,2027-07-01,DAC-1601,Gates Foundation,60,,,"The Global Fund to Fight AIDS, Tuberculosis and Malaria",,
DAC-1601-INV-072318,7,1,2027-10-01,2027-12-31,0.0,USD,2027-10-01,DAC-1601,Gates Foundation,60,,,"The Global Fund to Fight AIDS, Tuberculosis and Malaria",,
XM-DAC-301-2-109812-001,0,1,2026-04-01,2027-03-31,334876.0,CAD,2026-04-01,XM-DAC-301-2,International Development Research Centre,15,,,Centre de Recherche et de Formation en Infectiologie de Guinée,15,
XM-DAC-301-2-109812-001,1,1,2022-04-01,2023-03-31,728760.0,CAD,2022-04-01,XM-DAC-301-2,International Development Research Centre,15,,,Centre de Recherche et de Formation en Infectiologie de Guinée,15,
XM-DAC-301-2-109812-001,2,1,2024-04-01,2025-03-31,970406.0,CAD,2024-04-01,XM-DAC-301-2,International Development Research Centre,15,,,Centre de Recherche et de Formation en Infectiologie de Guinée,15,
XM-DAC-301-2-109812-001,3,1,2021-04-01,2022-03-31,688804.0,CAD,2021-04-01,XM-DAC-301-2,International Development Research Centre,15,,,Centre de Recherche et de Formation en Infectiologie de Guinée,15,
XM-DAC-301-2-109812-001,4,1,2025-04-01,2026-03-31,436990.0,CAD,2025-04-01,XM-DAC-301-2,International Development Research Centre,15,,,Centre de Recherche et de Formation en Infectiologie de Guinée,15,
XM-DAC-301-2-109812-002,0,1,2024-04-01,2025-03-31,-60482.0,CAD,2024-04-01,XM-DAC-301-2,International Development Research Centre,15,,,University of Ottawa,80,
XM-DAC-301-2-109812-002,1,1,2022-04-01,2023-03-31,142664.0,CAD,2022-04-01,XM-DAC-301-2,International Development Research Centre,15,,,University of Ottawa,80,
XM-DAC-301-2-109812-002,2,1,2021-04-01,2022-03-31,95829.0,CAD,2021-04-01,XM-DAC-301-2,International Development Research Centre,15,,,University of Ottawa,80,
NL-KVK-27108436-A-06138-03:UG,0,1,2026-04-01,2026-04-30,88327.0,EUR,2026-04-01,,,,,,,,
NL-KVK-27108436-A-06138-04:UG,0,1,2025-03-01,2025-03-31,136184.0,EUR,2025-03-01,,,,,,,,
NL-KVK-27108436-A-06138-04:UG,1,1,2025-08-01,2025-08-31,122080.0,EUR,2025-08-01,,,,,,,,
DAC-1601-INV-080142,0,1,2026-01-01,2026-03-31,0.0,USD,2026-01-01,DAC-1601,Gates Foundation,60,,,Resolve to Save Lives,,
DAC-1601-INV-080142,1,1,2026-04-01,2026-06-30,0.0,USD,2026-04-01,DAC-1601,Gates Foundation,60,,,Resolve to Save Lives,,
DAC-1601-INV-080142,2,1,2026-07-01,2026-09-30,0.0,USD,2026-07-01,DAC-1601,Gates Foundation,60,,,Resolve to Save Lives,,
DAC-1601-INV-080142,3,1,2026-10-01,2026-12-31,0.0,USD,2026-10-01,DAC-1601,Gates Foundation,60,,,Resolve to Save Lives,,
DAC-1601-INV-080142,4,1,2027-01-01,2027-03-31,0.0,USD,2027-01-01,DAC-1601,Gates Foundation,60,,,Resolve to Save Lives,,
DAC-1601-INV-080142,5,1,2027-04-01,2027-06-30,0.0,USD,2027-04-01,DAC-1601,Gates Foundation,60,,,Resolve to Save Lives,,
DAC-1601-INV-080142,6,1,2027-07-01,2027-09-30,0.0,USD,2027-07-01,DAC-1601,Gates Foundation,60,,,Resolve to Save Lives,,
DAC-1601-INV-080142,7,1,2027-10-01,2027-12-31,0.0,USD,2027-10-01,DAC-1601,Gates Foundation,60,,,Resolve to Save Lives,,
DAC-1601-INV-058630,0,1,2026-01-01,2026-03-31,0.0,USD,2026-01-01,DAC-1601,Gates Foundation,60,,,Resolve to Save Lives,,
DAC-1601-INV-058630,1,1,2026-04-01,2026-06-30,0.0,USD,2026-04-01,DAC-1601,Gates Foundation,60,,,Resolve to Save Lives,,
DAC-1601-INV-058630,2,1,2026-07-01,2026-09-30,0.0,USD,2026-07-01,DAC-1601,Gates Foundation,60,,,Resolve to Save Lives,,
DAC-1601-INV-058630,3,1,2026-10-01,2026-12-31,0.0,USD,2026-10-01,DAC-1601,Gates Foundation,60,,,Resolve to Save Lives,,
DAC-1601-INV-058630,4,1,2027-01-01,2027-03-31,0.0,USD,2027-01-01,DAC-1601,Gates Foundation,60,,,Resolve to Save Lives,,
DAC-1601-INV-058630,5,1,2027-04-01,2027-06-30,0.0,USD,2027-04-01,DAC-1601,Gates Foundation,60,,,Resolve to Save Lives,,
DAC-1601-INV-058630,6,1,2027-07-01,2027-09-30,0.0,USD,2027-07-01,DAC-1601,Gates Foundation,60,,,Resolve to Save Lives,,
DAC-1601-INV-058630,7,1,2027-10-01,2027-12-31,0.0,USD,2027-10-01,DAC-1601,Gates Foundation,60,,,Resolve to Save Lives,,
XM-DAC-301-2-110552-002,0,1,2025-04-01,2026-03-31,88443.0,CAD,2025-04-01,XM-DAC-301-2,International Development Research Centre,15,,,The Infectious Disease Institute Limited,23,
XM-DAC-301-2-110552-002,1,1,2026-04-01,2027-03-31,6657.0,CAD,2026-04-01,XM-DAC-301-2,International Development Research Centre,15,,,The Infectious Disease Institute Limited,23,
XM-DAC-41122-Uganda-4380/A0/04/105/006,0,2,2015-01-01,2015-12-31,1761257.0,USD,2026-07-31,XM-DAC-41122,,40,,,,,
XM-DAC-41122-Uganda-4380/A0/04/105/006,1,2,2014-01-01,2014-12-31,1667917.0,USD,2026-07-31,XM-DAC-41122,,40,,,,,
XM-DAC-41122-Uganda-4380/A0/04/105/006,2,2,2013-01-01,2013-12-31,1749971.0,USD,2026-07-31,XM-DAC-41122,,40,,,,,
XM-DAC-41122-Uganda-4380/A0/04/105/006,3,2,2012-01-01,2012-12-31,1345524.0,USD,2026-07-31,XM-DAC-41122,,40,,,,,
DAC-1601-INV-073272,0,1,2026-01-01,2026-03-31,0.0,USD,2026-01-01,DAC-1601,Gates Foundation,60,,,Africa Academy for Public Health,,
DAC-1601-INV-073272,1,1,2026-04-01,2026-06-30,0.0,USD,2026-04-01,DAC-1601,Gates Foundation,60,,,Africa Academy for Public Health,,
DAC-1601-INV-073272,2,1,2026-07-01,2026-09-30,0.0,USD,2026-07-01,DAC-1601,Gates Foundation,60,,,Africa Academy for Public Health,,
DAC-1601-INV-073272,3,1,2026-10-01,2026-12-31,0.0,USD,2026-10-01,DAC-1601,Gates Foundation,60,,,Africa Academy for Public Health,,
DAC-1601-INV-073272,4,1,2027-01-01,2027-03-31,0.0,USD,2027-01-01,DAC-1601,Gates Foundation,60,,,Africa Academy for Public Health,,
DAC-1601-INV-073272,5,1,2027-04-01,2027-06-30,61102.0,USD,2027-04-01,DAC-1601,Gates Foundation,60,,,Africa Academy for Public Health,,
DAC-1601-INV-073272,6,1,2027-07-01,2027-09-30,0.0,USD,2027-07-01,DAC-1601,Gates Foundation,60,,,Africa Academy for Public Health,,
DAC-1601-INV-073272,7,1,2027-10-01,2027-12-31,0.0,USD,2027-10-01,DAC-1601,Gates Foundation,60,,,Africa Academy for Public Health,,
XM-DAC-41122-Ethiopia-1410/A0/05/001/003,0,2,2015-01-01,2015-12-31,11727353.0,USD,2026-07-31,XM-DAC-41122,,40,,,,,
XM-DAC-41122-Ethiopia-1410/A0/05/001/003,1,2,2014-01-01,2014-12-31,5863677.0,USD,2026-07-31,XM-DAC-41122,,40,,,,,
XM-DAC-41122-Ethiopia-1410/A0/05/001/003,2,2,2016-01-01,2016-12-31,18944882.0,USD,2026-07-31,XM-DAC-41122,,40,,,,,
DAC-1601-INV-036801,0,1,2026-01-01,2026-03-31,0.0,USD,2026-01-01,DAC-1601,Gates Foundation,60,,,African Institute of Biomedical Science And Technology,,
DAC-1601-INV-036801,1,1,2026-04-01,2026-06-30,0.0,USD,2026-04-01,DAC-1601,Gates Foundation,60,,,African Institute of Biomedical Science And Technology,,
DAC-1601-INV-036801,2,1,2026-07-01,2026-09-30,0.0,USD,2026-07-01,DAC-1601,Gates Foundation,60,,,African Institute of Biomedical Science And Technology,,
DAC-1601-INV-036801,3,1,2026-10-01,2026-12-31,0.0,USD,2026-10-01,DAC-1601,Gates Foundation,60,,,African Institute of Biomedical Science And Technology,,
DAC-1601-INV-036801,4,1,2027-01-01,2027-03-31,0.0,USD,2027-01-01,DAC-1601,Gates Foundation,60,,,African Institute of Biomedical Science And Technology,,
DAC-1601-INV-036801,5,1,2027-04-01,2027-06-30,0.0,USD,2027-04-01,DAC-1601,Gates Foundation,60,,,African Institute of Biomedical Science And Technology,,
DAC-1601-INV-036801,6,1,2027-07-01,2027-09-30,0.0,USD,2027-07-01,DAC-1601,Gates Foundation,60,,,African Institute of Biomedical Science And Technology,,
DAC-1601-INV-036801,7,1,2027-10-01,2027-12-31,0.0,USD,2027-10-01,DAC-1601,Gates Foundation,60,,,African Institute of Biomedical Science And Technology,,
DAC-1601-INV-071385,0,1,2026-01-01,2026-03-31,0.0,USD,2026-01-01,DAC-1601,Gates Foundation,60,,,Wits Health Consortium (Pty) Ltd,,
DAC-1601-INV-071385,1,1,2026-04-01,2026-06-30,0.0,USD,2026-04-01,DAC-1601,Gates Foundation,60,,,Wits Health Consortium (Pty) Ltd,,
DAC-1601-INV-071385,2,1,2026-07-01,2026-09-30,0.0,USD,2026-07-01,DAC-1601,Gates Foundation,60,,,Wits Health Consortium (Pty) Ltd,,
DAC-1601-INV-071385,3,1,2026-10-01,2026-12-31,4000000.0,USD,2026-10-01,DAC-1601,Gates Foundation,60,,,Wits Health Consortium (Pty) Ltd,,
DAC-1601-INV-071385,4,1,2027-01-01,2027-03-31,0.0,USD,2027-01-01,DAC-1601,Gates Foundation,60,,,Wits Health Consortium (Pty) Ltd,,
DAC-1601-INV-071385,5,1,2027-04-01,2027-06-30,0.0,USD,2027-04-01,DAC-1601,Gates Foundation,60,,,Wits Health Consortium (Pty) Ltd,,
DAC-1601-INV-071385,6,1,2027-07-01,2027-09-30,1800000.0,USD,2027-07-01,DAC-1601,Gates Foundation,60,,,Wits Health Consortium (Pty) Ltd,,
DAC-1601-INV-071385,7,1,2027-10-01,2027-12-31,200763.0,USD,2027-10-01,DAC-1601,Gates Foundation,60,,,Wits Health Consortium (Pty) Ltd,,
DAC-1601-INV-073033,0,1,2026-01-01,2026-03-31,0.0,USD,2026-01-01,DAC-1601,Gates Foundation,60,,,Wits Health Consortium (Pty) Ltd,,
DAC-1601-INV-073033,1,1,2026-04-01,2026-06-30,0.0,USD,2026-04-01,DAC-1601,Gates Foundation,60,,,Wits Health Consortium (Pty) Ltd,,
DAC-1601-INV-073033,2,1,2026-07-01,2026-09-30,0.0,USD,2026-07-01,DAC-1601,Gates Foundation,60,,,Wits Health Consortium (Pty) Ltd,,
DAC-1601-INV-073033,3,1,2026-10-01,2026-12-31,140703.0,USD,2026-10-01,DAC-1601,Gates Foundation,60,,,Wits Health Consortium (Pty) Ltd,,
DAC-1601-INV-073033,4,1,2027-01-01,2027-03-31,0.0,USD,2027-01-01,DAC-1601,Gates Foundation,60,,,Wits Health Consortium (Pty) Ltd,,
DAC-1601-INV-073033,5,1,2027-04-01,2027-06-30,0.0,USD,2027-04-01,DAC-1601,Gates Foundation,60,,,Wits Health Consortium (Pty) Ltd,,
DAC-1601-INV-073033,6,1,2027-07-01,2027-09-30,0.0,USD,2027-07-01,DAC-1601,Gates Foundation,60,,,Wits Health Consortium (Pty) Ltd,,
DAC-1601-INV-073033,7,1,2027-10-01,2027-12-31,0.0,USD,2027-10-01,DAC-1601,Gates Foundation,60,,,Wits Health Consortium (Pty) Ltd,,
DAC-1601-INV-093979,0,1,2026-01-01,2026-03-31,0.0,USD,2026-01-01,DAC-1601,Gates Foundation,60,,,Instituto de Salud Global Barcelona,,
DAC-1601-INV-093979,1,1,2026-04-01,2026-06-30,0.0,USD,2026-04-01,DAC-1601,Gates Foundation,60,,,Instituto de Salud Global Barcelona,,
DAC-1601-INV-093979,2,1,2026-07-01,2026-09-30,0.0,USD,2026-07-01,DAC-1601,Gates Foundation,60,,,Instituto de Salud Global Barcelona,,
DAC-1601-INV-093979,3,1,2026-10-01,2026-12-31,0.0,USD,2026-10-01,DAC-1601,Gates Foundation,60,,,Instituto de Salud Global Barcelona,,
DAC-1601-INV-093979,4,1,2027-01-01,2027-03-31,162875.0,USD,2027-01-01,DAC-1601,Gates Foundation,60,,,Instituto de Salud Global Barcelona,,
DAC-1601-INV-093979,5,1,2027-04-01,2027-06-30,0.0,USD,2027-04-01,DAC-1601,Gates Foundation,60,,,Instituto de Salud Global Barcelona,,
DAC-1601-INV-093979,6,1,2027-07-01,2027-09-30,0.0,USD,2027-07-01,DAC-1601,Gates Foundation,60,,,Instituto de Salud Global Barcelona,,
DAC-1601-INV-093979,7,1,2027-10-01,2027-12-31,0.0,USD,2027-10-01,DAC-1601,Gates Foundation,60,,,Instituto de Salud Global Barcelona,,
DAC-1601-INV-071765,0,1,2026-01-01,2026-03-31,0.0,USD,2026-01-01,DAC-1601,Gates Foundation,60,,,ACE Investment and Impact Advisors PLC,,
DAC-1601-INV-071765,1,1,2026-04-01,2026-06-30,0.0,USD,2026-04-01,DAC-1601,Gates Foundation,60,,,ACE Investment and Impact Advisors PLC,,
DAC-1601-INV-071765,2,1,2026-07-01,2026-09-30,0.0,USD,2026-07-01,DAC-1601,Gates Foundation,60,,,ACE Investment and Impact Advisors PLC,,
DAC-1601-INV-071765,3,1,2026-10-01,2026-12-31,0.0,USD,2026-10-01,DAC-1601,Gates Foundation,60,,,ACE Investment and Impact Advisors PLC,,
DAC-1601-INV-071765,4,1,2027-01-01,2027-03-31,0.0,USD,2027-01-01,DAC-1601,Gates Foundation,60,,,ACE Investment and Impact Advisors PLC,,
DAC-1601-INV-071765,5,1,2027-04-01,2027-06-30,0.0,USD,2027-04-01,DAC-1601,Gates Foundation,60,,,ACE Investment and Impact Advisors PLC,,
DAC-1601-INV-071765,6,1,2027-07-01,2027-09-30,0.0,USD,2027-07-01,DAC-1601,Gates Foundation,60,,,ACE Investment and Impact Advisors PLC,,
DAC-1601-INV-071765,7,1,2027-10-01,2027-12-31,0.0,USD,2027-10-01,DAC-1601,Gates Foundation,60,,,ACE Investment and Impact Advisors PLC,,
NL-KVK-27108436-A-07834-06:ET,0,1,2026-07-01,2026-07-31,1264780.0,EUR,2026-07-01,,,,,,,,
NL-KVK-27108436-A-07834-06:ET,1,1,2027-01-01,2027-01-31,1770692.0,EUR,2027-01-01,,,,,,,,
NL-KVK-27108436-A-07834-06:ET,2,1,2027-09-01,2027-09-30,3053867.0,EUR,2027-09-01,,,,,,,,
NL-KVK-27108436-A-07834-06:ET,3,1,2028-09-01,2028-09-30,810440.0,EUR,2028-09-01,,,,,,,,
NL-KVK-27108436-A-07834-06:ET,4,1,2029-09-01,2029-09-30,766642.0,EUR,2029-09-01,,,,,,,,
DAC-1601-INV-096148,0,1,2026-01-01,2026-03-31,0.0,USD,2026-01-01,DAC-1601,Gates Foundation,60,,,"East, Central and Southern Africa Health Community",,
DAC-1601-INV-096148,1,1,2026-04-01,2026-06-30,0.0,USD,2026-04-01,DAC-1601,Gates Foundation,60,,,"East, Central and Southern Africa Health Community",,
DAC-1601-INV-096148,2,1,2026-07-01,2026-09-30,250000.0,USD,2026-07-01,DAC-1601,Gates Foundation,60,,,"East, Central and Southern Africa Health Community",,
DAC-1601-INV-096148,3,1,2026-10-01,2026-12-31,0.0,USD,2026-10-01,DAC-1601,Gates Foundation,60,,,"East, Central and Southern Africa Health Community",,
DAC-1601-INV-096148,4,1,2027-01-01,2027-03-31,0.0,USD,2027-01-01,DAC-1601,Gates Foundation,60,,,"East, Central and Southern Africa Health Community",,
DAC-1601-INV-096148,5,1,2027-04-01,2027-06-30,0.0,USD,2027-04-01,DAC-1601,Gates Foundation,60,,,"East, Central and Southern Africa Health Community",,
DAC-1601-INV-096148,6,1,2027-07-01,2027-09-30,250000.0,USD,2027-07-01,DAC-1601,Gates Foundation,60,,,"East, Central and Southern Africa Health Community",,
DAC-1601-INV-096148,7,1,2027-10-01,2027-12-31,0.0,USD,2027-10-01,DAC-1601,Gates Foundation,60,,,"East, Central and Southern Africa Health Community",,
XM-DAC-41122-Kenya-2400/A0/05/008/003,0,2,2014-01-01,2014-12-31,237930.0,USD,2026-07-31,XM-DAC-41122,,40,,,,,
XM-DAC-41122-Kenya-2400/A0/05/008/003,1,2,2018-01-01,2018-12-31,478125.0,USD,2026-07-31,XM-DAC-41122,,40,,,,,
XM-DAC-41122-Kenya-2400/A0/05/008/003,2,2,2017-01-01,2017-12-31,956250.0,USD,2026-07-31,XM-DAC-41122,,40,,,,,
XM-DAC-41122-Kenya-2400/A0/05/008/003,3,2,2016-01-01,2016-12-31,1386205.0,USD,2026-07-31,XM-DAC-41122,,40,,,,,
XM-DAC-41122-Kenya-2400/A0/05/008/003,4,2,2015-01-01,2015-12-31,662311.0,USD,2026-07-31,XM-DAC-41122,,40,,,,,
DAC-1601-INV-075894,0,1,2026-01-01,2026-03-31,0.0,USD,2026-01-01,DAC-1601,Gates Foundation,60,,,MSI Reproductive Choices,,
DAC-1601-INV-075894,1,1,2026-04-01,2026-06-30,0.0,USD,2026-04-01,DAC-1601,Gates Foundation,60,,,MSI Reproductive Choices,,
DAC-1601-INV-075894,2,1,2026-07-01,2026-09-30,0.0,USD,2026-07-01,DAC-1601,Gates Foundation,60,,,MSI Reproductive Choices,,
DAC-1601-INV-075894,3,1,2026-10-01,2026-12-31,0.0,USD,2026-10-01,DAC-1601,Gates Foundation,60,,,MSI Reproductive Choices,,
DAC-1601-INV-075894,4,1,2027-01-01,2027-03-31,0.0,USD,2027-01-01,DAC-1601,Gates Foundation,60,,,MSI Reproductive Choices,,
DAC-1601-INV-075894,5,1,2027-04-01,2027-06-30,2970000.0,USD,2027-04-01,DAC-1601,Gates Foundation,60,,,MSI Reproductive Choices,,
DAC-1601-INV-075894,6,1,2027-07-01,2027-09-30,0.0,USD,2027-07-01,DAC-1601,Gates Foundation,60,,,MSI Reproductive Choices,,
DAC-1601-INV-075894,7,1,2027-10-01,2027-12-31,0.0,USD,2027-10-01,DAC-1601,Gates Foundation,60,,,MSI Reproductive Choices,,
DAC-1601-INV-057145,0,1,2026-01-01,2026-03-31,0.0,USD,2026-01-01,DAC-1601,Gates Foundation,60,,,"JSI Research & Training Institute, Inc.",,
DAC-1601-INV-057145,1,1,2026-04-01,2026-06-30,0.0,USD,2026-04-01,DAC-1601,Gates Foundation,60,,,"JSI Research & Training Institute, Inc.",,
DAC-1601-INV-057145,2,1,2026-07-01,2026-09-30,0.0,USD,2026-07-01,DAC-1601,Gates Foundation,60,,,"JSI Research & Training Institute, Inc.",,
DAC-1601-INV-057145,3,1,2026-10-01,2026-12-31,0.0,USD,2026-10-01,DAC-1601,Gates Foundation,60,,,"JSI Research & Training Institute, Inc.",,
DAC-1601-INV-057145,4,1,2027-01-01,2027-03-31,2500000.0,USD,2027-01-01,DAC-1601,Gates Foundation,60,,,"JSI Research & Training Institute, Inc.",,
DAC-1601-INV-057145,5,1,2027-04-01,2027-06-30,0.0,USD,2027-04-01,DAC-1601,Gates Foundation,60,,,"JSI Research & Training Institute, Inc.",,
DAC-1601-INV-057145,6,1,2027-07-01,2027-09-30,0.0,USD,2027-07-01,DAC-1601,Gates Foundation,60,,,"JSI Research & Training Institute, Inc.",,
DAC-1601-INV-057145,7,1,2027-10-01,2027-12-31,0.0,USD,2027-10-01,DAC-1601,Gates Foundation,60,,,"JSI Research & Training Institute, Inc.",,
DAC-1601-INV-075893,0,1,2026-01-01,2026-03-31,0.0,USD,2026-01-01,DAC-1601,Gates Foundation,60,,,"EngenderHealth, Inc.",,
DAC-1601-INV-075893,1,1,2026-04-01,2026-06-30,0.0,USD,2026-04-01,DAC-1601,Gates Foundation,60,,,"EngenderHealth, Inc.",,
DAC-1601-INV-075893,2,1,2026-07-01,2026-09-30,0.0,USD,2026-07-01,DAC-1601,Gates Foundation,60,,,"EngenderHealth, Inc.",,
DAC-1601-INV-075893,3,1,2026-10-01,2026-12-31,0.0,USD,2026-10-01,DAC-1601,Gates Foundation,60,,,"EngenderHealth, Inc.",,
DAC-1601-INV-075893,4,1,2027-01-01,2027-03-31,4000000.0,USD,2027-01-01,DAC-1601,Gates Foundation,60,,,"EngenderHealth, Inc.",,
DAC-1601-INV-075893,5,1,2027-04-01,2027-06-30,0.0,USD,2027-04-01,DAC-1601,Gates Foundation,60,,,"EngenderHealth, Inc.",,
DAC-1601-INV-075893,6,1,2027-07-01,2027-09-30,0.0,USD,2027-07-01,DAC-1601,Gates Foundation,60,,,"EngenderHealth, Inc.",,
DAC-1601-INV-075893,7,1,2027-10-01,2027-12-31,0.0,USD,2027-10-01,DAC-1601,Gates Foundation,60,,,"EngenderHealth, Inc.",,
DAC-1601-INV-061764,0,1,2026-01-01,2026-03-31,0.0,USD,2026-01-01,DAC-1601,Gates Foundation,60,,,Pathfinder International,,
DAC-1601-INV-061764,1,1,2026-04-01,2026-06-30,0.0,USD,2026-04-01,DAC-1601,Gates Foundation,60,,,Pathfinder International,,
DAC-1601-INV-061764,2,1,2026-07-01,2026-09-30,0.0,USD,2026-07-01,DAC-1601,Gates Foundation,60,,,Pathfinder International,,
DAC-1601-INV-061764,3,1,2026-10-01,2026-12-31,0.0,USD,2026-10-01,DAC-1601,Gates Foundation,60,,,Pathfinder International,,
DAC-1601-INV-061764,4,1,2027-01-01,2027-03-31,0.0,USD,2027-01-01,DAC-1601,Gates Foundation,60,,,Pathfinder International,,
DAC-1601-INV-061764,5,1,2027-04-01,2027-06-30,0.0,USD,2027-04-01,DAC-1601,Gates Foundation,60,,,Pathfinder International,,
DAC-1601-INV-061764,6,1,2027-07-01,2027-09-30,0.0,USD,2027-07-01,DAC-1601,Gates Foundation,60,,,Pathfinder International,,
DAC-1601-INV-061764,7,1,2027-10-01,2027-12-31,0.0,USD,2027-10-01,DAC-1601,Gates Foundation,60,,,Pathfinder International,,
XM-DAC-41122-Ethiopia-1410/A0/06/001/006,0,2,2018-01-01,2018-12-31,642491.0,USD,2026-07-31,XM-DAC-41122,,40,,,,,
XM-DAC-41122-Ethiopia-1410/A0/06/001/006,1,2,2019-01-01,2019-12-31,207080.0,USD,2026-07-31,XM-DAC-41122,,40,,,,,
XM-DAC-41122-Ethiopia-1410/A0/06/001/006,2,2,2020-01-01,2020-12-31,87980.0,USD,2026-07-31,XM-DAC-41122,,40,,,,,
XM-DAC-41122-Ethiopia-1410/A0/06/001/006,3,2,2017-01-01,2017-12-31,642491.0,USD,2026-07-31,XM-DAC-41122,,40,,,,,
XM-DAC-41122-Ethiopia-1410/A0/06/001/006,4,2,2016-01-01,2016-12-31,321246.0,USD,2026-07-31,XM-DAC-41122,,40,,,,,
DAC-1601-INV-072375,0,1,2026-01-01,2026-03-31,0.0,USD,2026-01-01,DAC-1601,Gates Foundation,60,,,Clinton Health Access Initiative Inc,,
DAC-1601-INV-072375,1,1,2026-04-01,2026-06-30,0.0,USD,2026-04-01,DAC-1601,Gates Foundation,60,,,Clinton Health Access Initiative Inc,,
DAC-1601-INV-072375,2,1,2026-07-01,2026-09-30,10000000.0,USD,2026-07-01,DAC-1601,Gates Foundation,60,,,Clinton Health Access Initiative Inc,,
DAC-1601-INV-072375,3,1,2026-10-01,2026-12-31,0.0,USD,2026-10-01,DAC-1601,Gates Foundation,60,,,Clinton Health Access Initiative Inc,,
DAC-1601-INV-072375,4,1,2027-01-01,2027-03-31,0.0,USD,2027-01-01,DAC-1601,Gates Foundation,60,,,Clinton Health Access Initiative Inc,,
DAC-1601-INV-072375,5,1,2027-04-01,2027-06-30,11000000.0,USD,2027-04-01,DAC-1601,Gates Foundation,60,,,Clinton Health Access Initiative Inc,,
DAC-1601-INV-072375,6,1,2027-07-01,2027-09-30,11000000.0,USD,2027-07-01,DAC-1601,Gates Foundation,60,,,Clinton Health Access Initiative Inc,,
DAC-1601-INV-072375,7,1,2027-10-01,2027-12-31,0.0,USD,2027-10-01,DAC-1601,Gates Foundation,60,,,Clinton Health Access Initiative Inc,,
XM-DAC-41122-Somalia-3920/A0/09/002/003,0,2,2027-01-01,2027-12-31,1035559.0,USD,2026-07-31,XM-DAC-41122,,40,,,,,
XM-DAC-41122-Somalia-3920/A0/09/002/003,1,2,2028-01-01,2028-12-31,951859.0,USD,2026-07-31,XM-DAC-41122,,40,,,,,
XM-DAC-41122-Somalia-3920/A0/09/002/003,2,2,2030-01-01,2030-12-31,756559.0,USD,2026-07-31,XM-DAC-41122,,40,,,,,
XM-DAC-41122-Somalia-3920/A0/09/002/003,3,2,2029-01-01,2029-12-31,868159.0,USD,2026-07-31,XM-DAC-41122,,40,,,,,
XM-DAC-41122-Somalia-3920/A0/09/002/003,4,2,2026-01-01,2026-12-31,1147159.0,USD,2026-07-31,XM-DAC-41122,,40,,,,,
XM-DAC-41122-Kenya-2400/A0/04/007/004,0,2,2012-01-01,2012-12-31,2295000.0,USD,2026-07-31,XM-DAC-41122,,40,,,,,
XM-DAC-41122-Kenya-2400/A0/04/007/004,1,2,2013-01-01,2013-12-31,2281592.0,USD,2026-07-31,XM-DAC-41122,,40,,,,,
XM-DAC-41122-Kenya-2400/A0/04/007/004,2,2,2014-01-01,2014-12-31,1692297.0,USD,2026-07-31,XM-DAC-41122,,40,,,,,
XM-DAC-41122-Democratic Republic of Congo-0990/A0/08/881/003,0,2,2025-01-01,2025-12-31,6107593.0,USD,2026-07-31,XM-DAC-41122,,40,,,,,
XM-DAC-41122-Democratic Republic of Congo-0990/A0/08/881/003,1,2,2026-01-01,2026-12-31,6107593.0,USD,2026-07-31,XM-DAC-41122,,40,,,,,
XM-DAC-41122-Democratic Republic of Congo-0990/A0/08/881/003,2,2,2027-01-01,2027-12-31,6107593.0,USD,2026-07-31,XM-DAC-41122,,40,,,,,
XM-DAC-41122-Democratic Republic of Congo-0990/A0/08/881/003,3,2,2028-01-01,2028-12-31,6107593.0,USD,2026-07-31,XM-DAC-41122,,40,,,,,
XM-DAC-41122-Democratic Republic of Congo-0990/A0/08/881/003,4,2,2029-01-01,2029-12-31,6107593.0,USD,2026-07-31,XM-DAC-41122,,40,,,,,
DAC-1601-INV-096686,0,1,2026-01-01,2026-03-31,0.0,USD,2026-01-01,DAC-1601,Gates Foundation,60,,,Temple University - Of The Commonwealth System of Higher Education,,
DAC-1601-INV-096686,1,1,2026-04-01,2026-06-30,0.0,USD,2026-04-01,DAC-1601,Gates Foundation,60,,,Temple University - Of The Commonwealth System of Higher Education,,
DAC-1601-INV-096686,2,1,2026-07-01,2026-09-30,0.0,USD,2026-07-01,DAC-1601,Gates Foundation,60,,,Temple University - Of The Commonwealth System of Higher Education,,
DAC-1601-INV-096686,3,1,2026-10-01,2026-12-31,0.0,USD,2026-10-01,DAC-1601,Gates Foundation,60,,,Temple University - Of The Commonwealth System of Higher Education,,
DAC-1601-INV-096686,4,1,2027-01-01,2027-03-31,0.0,USD,2027-01-01,DAC-1601,Gates Foundation,60,,,Temple University - Of The Commonwealth System of Higher Education,,
DAC-1601-INV-096686,5,1,2027-04-01,2027-06-30,0.0,USD,2027-04-01,DAC-1601,Gates Foundation,60,,,Temple University - Of The Commonwealth System of Higher Education,,
DAC-1601-INV-096686,6,1,2027-07-01,2027-09-30,0.0,USD,2027-07-01,DAC-1601,Gates Foundation,60,,,Temple University - Of The Commonwealth System of Higher Education,,
DAC-1601-INV-096686,7,1,2027-10-01,2027-12-31,0.0,USD,2027-10-01,DAC-1601,Gates Foundation,60,,,Temple University - Of The Commonwealth System of Higher Education,,
XM-DAC-301-2-110589-001,0,1,2028-04-01,2029-03-31,48700.0,CAD,2028-04-01,XM-DAC-301-2,International Development Research Centre,15,,,"RF Catalytic Capital, Inc.",21,
XM-DAC-301-2-110589-001,1,1,2024-04-01,2025-03-31,925300.0,CAD,2024-04-01,XM-DAC-301-2,International Development Research Centre,15,,,"RF Catalytic Capital, Inc.",21,
XM-DAC-41122-Kenya-2400/A0/05/008/002,0,2,2014-01-01,2014-12-31,615501.0,USD,2026-07-31,XM-DAC-41122,,40,,,,,
XM-DAC-41122-Kenya-2400/A0/05/008/002,1,2,2015-01-01,2015-12-31,2953879.0,USD,2026-07-31,XM-DAC-41122,,40,,,,,
XM-DAC-41122-Kenya-2400/A0/05/008/002,2,2,2016-01-01,2016-12-31,5421896.0,USD,2026-07-31,XM-DAC-41122,,40,,,,,
XM-DAC-41122-Kenya-2400/A0/05/008/002,3,2,2018-01-01,2018-12-31,2105625.0,USD,2026-07-31,XM-DAC-41122,,40,,,,,
XM-DAC-41122-Kenya-2400/A0/05/008/002,4,2,2017-01-01,2017-12-31,4211250.0,USD,2026-07-31,XM-DAC-41122,,40,,,,,
CA-3-P013173001,0,,2026-04-01,2027-03-31,4498479.0,,2025-02-07,,,,,,,,
CA-3-P013173001,1,,2027-04-01,2028-03-31,6321835.0,,2025-02-07,,,,,,,,
CA-3-P013173001,2,,2028-04-01,2029-03-31,5052939.0,,2025-02-07,,,,,,,,
US-EIN-27-1414646-DFIDAAT2,0,2,2015-09-01,2015-12-31,118180.0,GBP,2015-09-18,DFID,,,,Clinton Health Access Initiative,,,
US-EIN-27-1414646-DFIDAAT2,1,2,2016-01-01,2016-03-31,142664.0,GBP,2016-02-24,DFID,,,,Clinton Health Access Initiative,,,
US-EIN-27-1414646-DFIDAAT2,2,2,2016-04-01,2016-06-30,148907.0,GBP,2016-05-16,DFID,,,,Clinton Health Access Initiative,,,
US-EIN-27-1414646-DFIDAAT2,3,2,2016-07-01,2016-09-30,189620.0,GBP,2016-08-18,DFID,,,,Clinton Health Access Initiative,,,
US-EIN-27-1414646-DFIDAAT2,4,2,2016-10-01,2016-12-31,163832.0,GBP,2016-11-16,DFID,,,,Clinton Health Access Initiative,,,
US-EIN-27-1414646-DFIDAAT2,5,2,2017-01-01,2017-03-31,207820.0,GBP,2017-02-05,DFID,,,,Clinton Health Access Initiative,,,
US-EIN-27-1414646-DFIDAAT2,6,2,2017-04-01,2017-06-30,308046.0,GBP,2017-05-10,DFID,,,,Clinton Health Access Initiative,,,
US-EIN-27-1414646-DFIDAAT2,7,2,2017-07-01,2017-09-30,310922.0,GBP,2017-08-17,DFID,,,,Clinton Health Access Initiative,,,
US-EIN-27-1414646-DFIDAAT2,8,2,2017-10-01,2017-12-31,241699.0,GBP,2017-11-15,DFID,,,,Clinton Health Access Initiative,,,
US-EIN-27-1414646-DFIDAAT2,9,2,2018-01-01,2018-03-31,287325.0,GBP,2018-02-16,DFID,,,,Clinton Health Access Initiative,,,
US-EIN-27-1414646-DFIDAAT2,10,2,2018-04-01,2018-06-30,449740.0,GBP,2018-05-14,DFID,,,,Clinton Health Access Initiative,,,
US-EIN-27-1414646-DFIDAAT2,11,2,2018-07-01,2018-10-31,460843.0,GBP,2018-08-15,DFID,,,,Clinton Health Access Initiative,,,
DAC-1601-INV-055995,0,1,2026-01-01,2026-03-31,0.0,USD,2026-01-01,DAC-1601,Gates Foundation,60,,,Bajeti Hub,,
DAC-1601-INV-055995,1,1,2026-04-01,2026-06-30,0.0,USD,2026-04-01,DAC-1601,Gates Foundation,60,,,Bajeti Hub,,
DAC-1601-INV-055995,2,1,2026-07-01,2026-09-30,0.0,USD,2026-07-01,DAC-1601,Gates Foundation,60,,,Bajeti Hub,,
DAC-1601-INV-055995,3,1,2026-10-01,2026-12-31,0.0,USD,2026-10-01,DAC-1601,Gates Foundation,60,,,Bajeti Hub,,
DAC-1601-INV-055995,4,1,2027-01-01,2027-03-31,0.0,USD,2027-01-01,DAC-1601,Gates Foundation,60,,,Bajeti Hub,,
DAC-1601-INV-055995,5,1,2027-04-01,2027-06-30,0.0,USD,2027-04-01,DAC-1601,Gates Foundation,60,,,Bajeti Hub,,
DAC-1601-INV-055995,6,1,2027-07-01,2027-09-30,0.0,USD,2027-07-01,DAC-1601,Gates Foundation,60,,,Bajeti Hub,,
DAC-1601-INV-055995,7,1,2027-10-01,2027-12-31,0.0,USD,2027-10-01,DAC-1601,Gates Foundation,60,,,Bajeti Hub,,
XM-DAC-41122-Kenya-2400/A0/05/007/003,0,2,2015-01-01,2015-12-31,6194016.0,USD,2026-07-31,XM-DAC-41122,,40,,,,,
XM-DAC-41122-Kenya-2400/A0/05/007/003,1,2,2016-01-01,2016-12-31,12588847.0,USD,2026-07-31,XM-DAC-41122,,40,,,,,
XM-DAC-41122-Kenya-2400/A0/05/007/003,2,2,2017-01-01,2017-12-31,4900000.0,USD,2026-07-31,XM-DAC-41122,,40,,,,,
XM-DAC-41122-Kenya-2400/A0/05/007/003,3,2,2018-01-01,2018-12-31,2450000.0,USD,2026-07-31,XM-DAC-41122,,40,,,,,
XM-DAC-41122-Kenya-2400/A0/05/007/003,4,2,2014-01-01,2014-12-31,1241884.0,USD,2026-07-31,XM-DAC-41122,,40,,,,,
XM-DAC-41122-Rwanda-3750/A0/07/881/004,0,2,2029-01-01,2029-12-31,1582568.0,USD,2026-07-31,XM-DAC-41122,,40,,,,,
XM-DAC-41122-Rwanda-3750/A0/07/881/004,1,2,2028-01-01,2028-12-31,1582300.0,USD,2026-07-31,XM-DAC-41122,,40,,,,,
XM-DAC-41122-Rwanda-3750/A0/07/881/004,2,2,2027-01-01,2027-12-31,1582300.0,USD,2026-07-31,XM-DAC-41122,,40,,,,,
XM-DAC-41122-Rwanda-3750/A0/07/881/004,3,2,2026-01-01,2026-12-31,2038818.0,USD,2026-07-31,XM-DAC-41122,,40,,,,,
XM-DAC-41122-Rwanda-3750/A0/07/881/004,4,2,2025-01-01,2025-12-31,365214.0,USD,2026-07-31,XM-DAC-41122,,40,,,,,
CA-3-P009725001,0,,2026-04-01,2027-03-31,3100658.0,,2022-03-08,,,,,,,,
CA-3-P009725001,1,,2027-04-01,2028-03-31,3023513.0,,2022-03-08,,,,,,,,
CA-3-P009725001,2,,2028-04-01,2029-03-31,25000.0,,2022-03-08,,,,,,,,
XM-DAC-41122-Rwanda-3750/A0/07/881/002,0,2,2029-01-01,2029-12-31,1570000.0,USD,2026-07-31,XM-DAC-41122,,40,,,,,
XM-DAC-41122-Rwanda-3750/A0/07/881/002,1,2,2028-01-01,2028-12-31,1570000.0,USD,2026-07-31,XM-DAC-41122,,40,,,,,
XM-DAC-41122-Rwanda-3750/A0/07/881/002,2,2,2027-01-01,2027-12-31,1570000.0,USD,2026-07-31,XM-DAC-41122,,40,,,,,
XM-DAC-41122-Rwanda-3750/A0/07/881/002,3,2,2026-01-01,2026-12-31,2506702.0,USD,2026-07-31,XM-DAC-41122,,40,,,,,
XM-DAC-41122-Rwanda-3750/A0/07/881/002,4,2,2025-01-01,2025-12-31,1144844.0,USD,2026-07-31,XM-DAC-41122,,40,,,,,
XI-IATI-EC_INTPA-2024-PC-36778,0,1,2026-03-01,2026-03-31,1026418.6,,2026-01-01,,European Commission - Directorate General for International Partnerships,15,XI-IATI-EC_INTPA-2024-PC-36778,,Other public entities in donor country,,
CA-3-P008369001,0,,2026-04-01,2027-03-31,1582754.0,,2021-09-24,,,,,,,,
CA-3-P008369001,1,,2027-04-01,2028-03-31,628181.0,,2021-09-24,,,,,,,,
XM-DAC-41122-Kenya-2400/A0/04/008/001,0,2,2014-01-01,2014-12-31,1580191.0,USD,2026-07-31,XM-DAC-41122,,40,,,,,
XM-DAC-41122-Kenya-2400/A0/04/008/001,1,2,2013-01-01,2013-12-31,2347704.0,USD,2026-07-31,XM-DAC-41122,,40,,,,,
XM-DAC-41122-Kenya-2400/A0/04/008/001,2,2,2012-01-01,2012-12-31,2325938.0,USD,2026-07-31,XM-DAC-41122,,40,,,,,
XM-DAC-41122-Rwanda-3750/A0/07/881/001,0,2,2025-01-01,2025-12-31,1997043.0,USD,2026-07-31,XM-DAC-41122,,40,,,,,
XM-DAC-41122-Rwanda-3750/A0/07/881/001,1,2,2026-01-01,2026-12-31,2578903.0,USD,2026-07-31,XM-DAC-41122,,40,,,,,
XM-DAC-41122-Rwanda-3750/A0/07/881/001,2,2,2027-01-01,2027-12-31,1520000.0,USD,2026-07-31,XM-DAC-41122,,40,,,,,
XM-DAC-41122-Rwanda-3750/A0/07/881/001,3,2,2028-01-01,2028-12-31,1520000.0,USD,2026-07-31,XM-DAC-41122,,40,,,,,
XM-DAC-41122-Rwanda-3750/A0/07/881/001,4,2,2029-01-01,2029-12-31,1520000.0,USD,2026-07-31,XM-DAC-41122,,40,,,,,
DAC-1601-INV-088525,0,1,2026-01-01,2026-03-31,0.0,USD,2026-01-01,DAC-1601,Gates Foundation,60,,,African Health Economics and Policy Association,,
DAC-1601-INV-088525,1,1,2026-04-01,2026-06-30,0.0,USD,2026-04-01,DAC-1601,Gates Foundation,60,,,African Health Economics and Policy Association,,
DAC-1601-INV-088525,2,1,2026-07-01,2026-09-30,0.0,USD,2026-07-01,DAC-1601,Gates Foundation,60,,,African Health Economics and Policy Association,,
DAC-1601-INV-088525,3,1,2026-10-01,2026-12-31,0.0,USD,2026-10-01,DAC-1601,Gates Foundation,60,,,African Health Economics and Policy Association,,
DAC-1601-INV-088525,4,1,2027-01-01,2027-03-31,280000.0,USD,2027-01-01,DAC-1601,Gates Foundation,60,,,African Health Economics and Policy Association,,
DAC-1601-INV-088525,5,1,2027-04-01,2027-06-30,0.0,USD,2027-04-01,DAC-1601,Gates Foundation,60,,,African Health Economics and Policy Association,,
DAC-1601-INV-088525,6,1,2027-07-01,2027-09-30,0.0,USD,2027-07-01,DAC-1601,Gates Foundation,60,,,African Health Economics and Policy Association,,
DAC-1601-INV-088525,7,1,2027-10-01,2027-12-31,0.0,USD,2027-10-01,DAC-1601,Gates Foundation,60,,,African Health Economics and Policy Association,,
XM-DAC-41122-Kenya-2400/A0/04/007/002,0,2,2012-01-01,2012-12-31,2316000.0,USD,2026-07-31,XM-DAC-41122,,40,,,,,
XM-DAC-41122-Kenya-2400/A0/04/007/002,1,2,2013-01-01,2013-12-31,887505.0,USD,2026-07-31,XM-DAC-41122,,40,,,,,
XM-DAC-41122-Kenya-2400/A0/04/007/002,2,2,2014-01-01,2014-12-31,556586.0,USD,2026-07-31,XM-DAC-41122,,40,,,,,
DAC-1601-INV-073040,0,1,2026-01-01,2026-03-31,0.0,USD,2026-01-01,DAC-1601,Gates Foundation,60,,,"The Global Fund to Fight AIDS, Tuberculosis and Malaria",,
DAC-1601-INV-073040,1,1,2026-04-01,2026-06-30,0.0,USD,2026-04-01,DAC-1601,Gates Foundation,60,,,"The Global Fund to Fight AIDS, Tuberculosis and Malaria",,
DAC-1601-INV-073040,2,1,2026-07-01,2026-09-30,1000000.0,USD,2026-07-01,DAC-1601,Gates Foundation,60,,,"The Global Fund to Fight AIDS, Tuberculosis and Malaria",,
DAC-1601-INV-073040,3,1,2026-10-01,2026-12-31,0.0,USD,2026-10-01,DAC-1601,Gates Foundation,60,,,"The Global Fund to Fight AIDS, Tuberculosis and Malaria",,
DAC-1601-INV-073040,4,1,2027-01-01,2027-03-31,0.0,USD,2027-01-01,DAC-1601,Gates Foundation,60,,,"The Global Fund to Fight AIDS, Tuberculosis and Malaria",,
DAC-1601-INV-073040,5,1,2027-04-01,2027-06-30,0.0,USD,2027-04-01,DAC-1601,Gates Foundation,60,,,"The Global Fund to Fight AIDS, Tuberculosis and Malaria",,
DAC-1601-INV-073040,6,1,2027-07-01,2027-09-30,0.0,USD,2027-07-01,DAC-1601,Gates Foundation,60,,,"The Global Fund to Fight AIDS, Tuberculosis and Malaria",,
DAC-1601-INV-073040,7,1,2027-10-01,2027-12-31,0.0,USD,2027-10-01,DAC-1601,Gates Foundation,60,,,"The Global Fund to Fight AIDS, Tuberculosis and Malaria",,
XM-DAC-41122-Kenya-2400/A0/04/007/001,0,2,2012-01-01,2012-12-31,2295000.0,USD,2026-07-31,XM-DAC-41122,,40,,,,,
XM-DAC-41122-Kenya-2400/A0/04/007/001,1,2,2013-01-01,2013-12-31,1403624.0,USD,2026-07-31,XM-DAC-41122,,40,,,,,
XM-DAC-41122-Kenya-2400/A0/04/007/001,2,2,2014-01-01,2014-12-31,2085083.0,USD,2026-07-31,XM-DAC-41122,,40,,,,,
XM-DAC-41122-Ethiopia-1410/A0/05/003/003,0,2,2014-01-01,2014-12-31,2611354.0,USD,2026-07-31,XM-DAC-41122,,40,,,,,
XM-DAC-41122-Ethiopia-1410/A0/05/003/003,1,2,2015-01-01,2015-12-31,5222708.0,USD,2026-07-31,XM-DAC-41122,,40,,,,,
XM-DAC-41122-Ethiopia-1410/A0/05/003/003,2,2,2016-01-01,2016-12-31,8126193.0,USD,2026-07-31,XM-DAC-41122,,40,,,,,
XM-DAC-41122-Kenya-2400/A0/05/009/002,0,2,2018-01-01,2018-12-31,1021563.0,USD,2026-07-31,XM-DAC-41122,,40,,,,,
XM-DAC-41122-Kenya-2400/A0/05/009/002,1,2,2017-01-01,2017-12-31,2043125.0,USD,2026-07-31,XM-DAC-41122,,40,,,,,
XM-DAC-41122-Kenya-2400/A0/05/009/002,2,2,2016-01-01,2016-12-31,2043125.0,USD,2026-07-31,XM-DAC-41122,,40,,,,,
XM-DAC-41122-Kenya-2400/A0/05/009/002,3,2,2015-01-01,2015-12-31,2043125.0,USD,2026-07-31,XM-DAC-41122,,40,,,,,
XM-DAC-41122-Kenya-2400/A0/05/009/002,4,2,2014-01-01,2014-12-31,1021563.0,USD,2026-07-31,XM-DAC-41122,,40,,,,,
XM-DAC-41122-Kenya-2400/A0/04/007/003,0,2,2014-01-01,2014-12-31,1627437.0,USD,2026-07-31,XM-DAC-41122,,40,,,,,
XM-DAC-41122-Kenya-2400/A0/04/007/003,1,2,2013-01-01,2013-12-31,1647844.0,USD,2026-07-31,XM-DAC-41122,,40,,,,,
XM-DAC-41122-Kenya-2400/A0/04/007/003,2,2,2012-01-01,2012-12-31,2274000.0,USD,2026-07-31,XM-DAC-41122,,40,,,,,
DAC-1601-INV-066438,0,1,2026-01-01,2026-03-31,0.0,USD,2026-01-01,DAC-1601,Gates Foundation,60,,,WRTHY,,
DAC-1601-INV-066438,1,1,2026-04-01,2026-06-30,0.0,USD,2026-04-01,DAC-1601,Gates Foundation,60,,,WRTHY,,
DAC-1601-INV-066438,2,1,2026-07-01,2026-09-30,0.0,USD,2026-07-01,DAC-1601,Gates Foundation,60,,,WRTHY,,
DAC-1601-INV-066438,3,1,2026-10-01,2026-12-31,0.0,USD,2026-10-01,DAC-1601,Gates Foundation,60,,,WRTHY,,
DAC-1601-INV-066438,4,1,2027-01-01,2027-03-31,0.0,USD,2027-01-01,DAC-1601,Gates Foundation,60,,,WRTHY,,
DAC-1601-INV-066438,5,1,2027-04-01,2027-06-30,0.0,USD,2027-04-01,DAC-1601,Gates Foundation,60,,,WRTHY,,
DAC-1601-INV-066438,6,1,2027-07-01,2027-09-30,0.0,USD,2027-07-01,DAC-1601,Gates Foundation,60,,,WRTHY,,
DAC-1601-INV-066438,7,1,2027-10-01,2027-12-31,0.0,USD,2027-10-01,DAC-1601,Gates Foundation,60,,,WRTHY,,
XM-DAC-301-2-110954-001,0,1,2028-04-01,2029-03-31,87416.0,CAD,2028-04-01,XM-DAC-301-2,International Development Research Centre,15,,,African Institute for Development Policy,23,
XM-DAC-301-2-110954-001,1,1,2025-04-01,2026-03-31,234800.0,CAD,2025-04-01,XM-DAC-301-2,International Development Research Centre,15,,,African Institute for Development Policy,23,
XM-DAC-301-2-110954-001,2,1,2027-04-01,2028-03-31,260350.0,CAD,2027-04-01,XM-DAC-301-2,International Development Research Centre,15,,,African Institute for Development Policy,23,
XM-DAC-301-2-110954-001,3,1,2026-04-01,2027-03-31,666234.0,CAD,2026-04-01,XM-DAC-301-2,International Development Research Centre,15,,,African Institute for Development Policy,23,
DAC-1601-INV-059607,0,1,2026-01-01,2026-03-31,0.0,USD,2026-01-01,DAC-1601,Gates Foundation,60,,,Institut Pasteur de Tunis,,
DAC-1601-INV-059607,1,1,2026-04-01,2026-06-30,0.0,USD,2026-04-01,DAC-1601,Gates Foundation,60,,,Institut Pasteur de Tunis,,
DAC-1601-INV-059607,2,1,2026-07-01,2026-09-30,0.0,USD,2026-07-01,DAC-1601,Gates Foundation,60,,,Institut Pasteur de Tunis,,
DAC-1601-INV-059607,3,1,2026-10-01,2026-12-31,0.0,USD,2026-10-01,DAC-1601,Gates Foundation,60,,,Institut Pasteur de Tunis,,
DAC-1601-INV-059607,4,1,2027-01-01,2027-03-31,0.0,USD,2027-01-01,DAC-1601,Gates Foundation,60,,,Institut Pasteur de Tunis,,
DAC-1601-INV-059607,5,1,2027-04-01,2027-06-30,0.0,USD,2027-04-01,DAC-1601,Gates Foundation,60,,,Institut Pasteur de Tunis,,
DAC-1601-INV-059607,6,1,2027-07-01,2027-09-30,0.0,USD,2027-07-01,DAC-1601,Gates Foundation,60,,,Institut Pasteur de Tunis,,
DAC-1601-INV-059607,7,1,2027-10-01,2027-12-31,0.0,USD,2027-10-01,DAC-1601,Gates Foundation,60,,,Institut Pasteur de Tunis,,
XM-DAC-41122-Uganda-4380/A0/04/106/004,0,2,2012-01-01,2012-12-31,1597908.0,USD,2026-07-31,XM-DAC-41122,,40,,,,,
XM-DAC-41122-Uganda-4380/A0/04/106/004,1,2,2013-01-01,2013-12-31,2516488.0,USD,2026-07-31,XM-DAC-41122,,40,,,,,
XM-DAC-41122-Uganda-4380/A0/04/106/004,2,2,2014-01-01,2014-12-31,2329529.0,USD,2026-07-31,XM-DAC-41122,,40,,,,,
XM-DAC-41122-Uganda-4380/A0/04/106/004,3,2,2015-01-01,2015-12-31,1393250.0,USD,2026-07-31,XM-DAC-41122,,40,,,,,
DAC-1601-INV-063957,0,1,2026-01-01,2026-03-31,0.0,USD,2026-01-01,DAC-1601,Gates Foundation,60,,,Clinton Health Access Initiative Inc,,
DAC-1601-INV-063957,1,1,2026-04-01,2026-06-30,0.0,USD,2026-04-01,DAC-1601,Gates Foundation,60,,,Clinton Health Access Initiative Inc,,
DAC-1601-INV-063957,2,1,2026-07-01,2026-09-30,0.0,USD,2026-07-01,DAC-1601,Gates Foundation,60,,,Clinton Health Access Initiative Inc,,
DAC-1601-INV-063957,3,1,2026-10-01,2026-12-31,0.0,USD,2026-10-01,DAC-1601,Gates Foundation,60,,,Clinton Health Access Initiative Inc,,
DAC-1601-INV-063957,4,1,2027-01-01,2027-03-31,0.0,USD,2027-01-01,DAC-1601,Gates Foundation,60,,,Clinton Health Access Initiative Inc,,
DAC-1601-INV-063957,5,1,2027-04-01,2027-06-30,0.0,USD,2027-04-01,DAC-1601,Gates Foundation,60,,,Clinton Health Access Initiative Inc,,
DAC-1601-INV-063957,6,1,2027-07-01,2027-09-30,0.0,USD,2027-07-01,DAC-1601,Gates Foundation,60,,,Clinton Health Access Initiative Inc,,
DAC-1601-INV-063957,7,1,2027-10-01,2027-12-31,0.0,USD,2027-10-01,DAC-1601,Gates Foundation,60,,,Clinton Health Access Initiative Inc,,
XM-DAC-41122-Ethiopia-1410/A0/05/003/002,0,2,2016-01-01,2016-12-31,5867945.0,USD,2026-07-31,XM-DAC-41122,,40,,,,,
XM-DAC-41122-Ethiopia-1410/A0/05/003/002,1,2,2015-01-01,2015-12-31,9063169.0,USD,2026-07-31,XM-DAC-41122,,40,,,,,
XM-DAC-41122-Ethiopia-1410/A0/05/003/002,2,2,2014-01-01,2014-12-31,4531585.0,USD,2026-07-31,XM-DAC-41122,,40,,,,,
DAC-1601-INV-094623,0,1,2026-01-01,2026-03-31,0.0,USD,2026-01-01,DAC-1601,Gates Foundation,60,,,Wits Health Consortium (Pty) Ltd,,
DAC-1601-INV-094623,1,1,2026-04-01,2026-06-30,0.0,USD,2026-04-01,DAC-1601,Gates Foundation,60,,,Wits Health Consortium (Pty) Ltd,,
DAC-1601-INV-094623,2,1,2026-07-01,2026-09-30,0.0,USD,2026-07-01,DAC-1601,Gates Foundation,60,,,Wits Health Consortium (Pty) Ltd,,
DAC-1601-INV-094623,3,1,2026-10-01,2026-12-31,0.0,USD,2026-10-01,DAC-1601,Gates Foundation,60,,,Wits Health Consortium (Pty) Ltd,,
DAC-1601-INV-094623,4,1,2027-01-01,2027-03-31,843600.0,USD,2027-01-01,DAC-1601,Gates Foundation,60,,,Wits Health Consortium (Pty) Ltd,,
DAC-1601-INV-094623,5,1,2027-04-01,2027-06-30,0.0,USD,2027-04-01,DAC-1601,Gates Foundation,60,,,Wits Health Consortium (Pty) Ltd,,
DAC-1601-INV-094623,6,1,2027-07-01,2027-09-30,0.0,USD,2027-07-01,DAC-1601,Gates Foundation,60,,,Wits Health Consortium (Pty) Ltd,,
DAC-1601-INV-094623,7,1,2027-10-01,2027-12-31,0.0,USD,2027-10-01,DAC-1601,Gates Foundation,60,,,Wits Health Consortium (Pty) Ltd,,
DAC-1601-INV-091122,0,1,2026-01-01,2026-03-31,0.0,USD,2026-01-01,DAC-1601,Gates Foundation,60,,,Devpart Consult,,
DAC-1601-INV-091122,1,1,2026-04-01,2026-06-30,0.0,USD,2026-04-01,DAC-1601,Gates Foundation,60,,,Devpart Consult,,
DAC-1601-INV-091122,2,1,2026-07-01,2026-09-30,0.0,USD,2026-07-01,DAC-1601,Gates Foundation,60,,,Devpart Consult,,
DAC-1601-INV-091122,3,1,2026-10-01,2026-12-31,0.0,USD,2026-10-01,DAC-1601,Gates Foundation,60,,,Devpart Consult,,
DAC-1601-INV-091122,4,1,2027-01-01,2027-03-31,0.0,USD,2027-01-01,DAC-1601,Gates Foundation,60,,,Devpart Consult,,
DAC-1601-INV-091122,5,1,2027-04-01,2027-06-30,250000.0,USD,2027-04-01,DAC-1601,Gates Foundation,60,,,Devpart Consult,,
DAC-1601-INV-091122,6,1,2027-07-01,2027-09-30,0.0,USD,2027-07-01,DAC-1601,Gates Foundation,60,,,Devpart Consult,,
DAC-1601-INV-091122,7,1,2027-10-01,2027-12-31,0.0,USD,2027-10-01,DAC-1601,Gates Foundation,60,,,Devpart Consult,,
DAC-1601-INV-005390,0,1,2026-01-01,2026-03-31,0.0,USD,2026-01-01,DAC-1601,Gates Foundation,60,,,World Health Organization,,
DAC-1601-INV-005390,1,1,2026-04-01,2026-06-30,0.0,USD,2026-04-01,DAC-1601,Gates Foundation,60,,,World Health Organization,,
DAC-1601-INV-005390,2,1,2026-07-01,2026-09-30,0.0,USD,2026-07-01,DAC-1601,Gates Foundation,60,,,World Health Organization,,
DAC-1601-INV-005390,3,1,2026-10-01,2026-12-31,0.0,USD,2026-10-01,DAC-1601,Gates Foundation,60,,,World Health Organization,,
DAC-1601-INV-005390,4,1,2027-01-01,2027-03-31,0.0,USD,2027-01-01,DAC-1601,Gates Foundation,60,,,World Health Organization,,
DAC-1601-INV-005390,5,1,2027-04-01,2027-06-30,871894.0,USD,2027-04-01,DAC-1601,Gates Foundation,60,,,World Health Organization,,
DAC-1601-INV-005390,6,1,2027-07-01,2027-09-30,0.0,USD,2027-07-01,DAC-1601,Gates Foundation,60,,,World Health Organization,,
DAC-1601-INV-005390,7,1,2027-10-01,2027-12-31,0.0,USD,2027-10-01,DAC-1601,Gates Foundation,60,,,World Health Organization,,
DAC-1601-INV-062222,0,1,2026-01-01,2026-03-31,0.0,USD,2026-01-01,DAC-1601,Gates Foundation,60,,,"Results for Development Institute, Inc.",,
DAC-1601-INV-062222,1,1,2026-04-01,2026-06-30,0.0,USD,2026-04-01,DAC-1601,Gates Foundation,60,,,"Results for Development Institute, Inc.",,
DAC-1601-INV-062222,2,1,2026-07-01,2026-09-30,0.0,USD,2026-07-01,DAC-1601,Gates Foundation,60,,,"Results for Development Institute, Inc.",,
DAC-1601-INV-062222,3,1,2026-10-01,2026-12-31,0.0,USD,2026-10-01,DAC-1601,Gates Foundation,60,,,"Results for Development Institute, Inc.",,
DAC-1601-INV-062222,4,1,2027-01-01,2027-03-31,0.0,USD,2027-01-01,DAC-1601,Gates Foundation,60,,,"Results for Development Institute, Inc.",,
DAC-1601-INV-062222,5,1,2027-04-01,2027-06-30,0.0,USD,2027-04-01,DAC-1601,Gates Foundation,60,,,"Results for Development Institute, Inc.",,
DAC-1601-INV-062222,6,1,2027-07-01,2027-09-30,0.0,USD,2027-07-01,DAC-1601,Gates Foundation,60,,,"Results for Development Institute, Inc.",,
DAC-1601-INV-062222,7,1,2027-10-01,2027-12-31,0.0,USD,2027-10-01,DAC-1601,Gates Foundation,60,,,"Results for Development Institute, Inc.",,
DAC-1601-INV-082574,0,1,2026-01-01,2026-03-31,0.0,USD,2026-01-01,DAC-1601,Gates Foundation,60,,,eHealth Africa,,
DAC-1601-INV-082574,1,1,2026-04-01,2026-06-30,0.0,USD,2026-04-01,DAC-1601,Gates Foundation,60,,,eHealth Africa,,
DAC-1601-INV-082574,2,1,2026-07-01,2026-09-30,0.0,USD,2026-07-01,DAC-1601,Gates Foundation,60,,,eHealth Africa,,
DAC-1601-INV-082574,3,1,2026-10-01,2026-12-31,0.0,USD,2026-10-01,DAC-1601,Gates Foundation,60,,,eHealth Africa,,
DAC-1601-INV-082574,4,1,2027-01-01,2027-03-31,0.0,USD,2027-01-01,DAC-1601,Gates Foundation,60,,,eHealth Africa,,
DAC-1601-INV-082574,5,1,2027-04-01,2027-06-30,0.0,USD,2027-04-01,DAC-1601,Gates Foundation,60,,,eHealth Africa,,
DAC-1601-INV-082574,6,1,2027-07-01,2027-09-30,0.0,USD,2027-07-01,DAC-1601,Gates Foundation,60,,,eHealth Africa,,
DAC-1601-INV-082574,7,1,2027-10-01,2027-12-31,0.0,USD,2027-10-01,DAC-1601,Gates Foundation,60,,,eHealth Africa,,
DAC-1601-INV-035431,0,1,2026-01-01,2026-03-31,0.0,USD,2026-01-01,DAC-1601,Gates Foundation,60,,,Johns Hopkins University Bloomberg School of Public Health,,
DAC-1601-INV-035431,1,1,2026-04-01,2026-06-30,0.0,USD,2026-04-01,DAC-1601,Gates Foundation,60,,,Johns Hopkins University Bloomberg School of Public Health,,
DAC-1601-INV-035431,2,1,2026-07-01,2026-09-30,0.0,USD,2026-07-01,DAC-1601,Gates Foundation,60,,,Johns Hopkins University Bloomberg School of Public Health,,
DAC-1601-INV-035431,3,1,2026-10-01,2026-12-31,0.0,USD,2026-10-01,DAC-1601,Gates Foundation,60,,,Johns Hopkins University Bloomberg School of Public Health,,
DAC-1601-INV-035431,4,1,2027-01-01,2027-03-31,0.0,USD,2027-01-01,DAC-1601,Gates Foundation,60,,,Johns Hopkins University Bloomberg School of Public Health,,
DAC-1601-INV-035431,5,1,2027-04-01,2027-06-30,0.0,USD,2027-04-01,DAC-1601,Gates Foundation,60,,,Johns Hopkins University Bloomberg School of Public Health,,
DAC-1601-INV-035431,6,1,2027-07-01,2027-09-30,0.0,USD,2027-07-01,DAC-1601,Gates Foundation,60,,,Johns Hopkins University Bloomberg School of Public Health,,
DAC-1601-INV-035431,7,1,2027-10-01,2027-12-31,0.0,USD,2027-10-01,DAC-1601,Gates Foundation,60,,,Johns Hopkins University Bloomberg School of Public Health,,
DAC-1601-INV-079883,0,1,2026-01-01,2026-03-31,0.0,USD,2026-01-01,DAC-1601,Gates Foundation,60,,,Genesis Analytics,,
DAC-1601-INV-079883,1,1,2026-04-01,2026-06-30,0.0,USD,2026-04-01,DAC-1601,Gates Foundation,60,,,Genesis Analytics,,
DAC-1601-INV-079883,2,1,2026-07-01,2026-09-30,0.0,USD,2026-07-01,DAC-1601,Gates Foundation,60,,,Genesis Analytics,,
DAC-1601-INV-079883,3,1,2026-10-01,2026-12-31,0.0,USD,2026-10-01,DAC-1601,Gates Foundation,60,,,Genesis Analytics,,
DAC-1601-INV-079883,4,1,2027-01-01,2027-03-31,0.0,USD,2027-01-01,DAC-1601,Gates Foundation,60,,,Genesis Analytics,,
DAC-1601-INV-079883,5,1,2027-04-01,2027-06-30,0.0,USD,2027-04-01,DAC-1601,Gates Foundation,60,,,Genesis Analytics,,
DAC-1601-INV-079883,6,1,2027-07-01,2027-09-30,0.0,USD,2027-07-01,DAC-1601,Gates Foundation,60,,,Genesis Analytics,,
DAC-1601-INV-079883,7,1,2027-10-01,2027-12-31,0.0,USD,2027-10-01,DAC-1601,Gates Foundation,60,,,Genesis Analytics,,
DAC-1601-INV-030857,0,1,2026-01-01,2026-03-31,0.0,USD,2026-01-01,DAC-1601,Gates Foundation,60,,,"University of Maryland, Baltimore",,
DAC-1601-INV-030857,1,1,2026-04-01,2026-06-30,0.0,USD,2026-04-01,DAC-1601,Gates Foundation,60,,,"University of Maryland, Baltimore",,
DAC-1601-INV-030857,2,1,2026-07-01,2026-09-30,0.0,USD,2026-07-01,DAC-1601,Gates Foundation,60,,,"University of Maryland, Baltimore",,
DAC-1601-INV-030857,3,1,2026-10-01,2026-12-31,0.0,USD,2026-10-01,DAC-1601,Gates Foundation,60,,,"University of Maryland, Baltimore",,
DAC-1601-INV-030857,4,1,2027-01-01,2027-03-31,0.0,USD,2027-01-01,DAC-1601,Gates Foundation,60,,,"University of Maryland, Baltimore",,
DAC-1601-INV-030857,5,1,2027-04-01,2027-06-30,0.0,USD,2027-04-01,DAC-1601,Gates Foundation,60,,,"University of Maryland, Baltimore",,
DAC-1601-INV-030857,6,1,2027-07-01,2027-09-30,0.0,USD,2027-07-01,DAC-1601,Gates Foundation,60,,,"University of Maryland, Baltimore",,
DAC-1601-INV-030857,7,1,2027-10-01,2027-12-31,0.0,USD,2027-10-01,DAC-1601,Gates Foundation,60,,,"University of Maryland, Baltimore",,
DAC-1601-INV-039535,0,1,2026-01-01,2026-03-31,0.0,USD,2026-01-01,DAC-1601,Gates Foundation,60,,,Partners in Expanding Health Quality and Access,,
DAC-1601-INV-039535,1,1,2026-04-01,2026-06-30,0.0,USD,2026-04-01,DAC-1601,Gates Foundation,60,,,Partners in Expanding Health Quality and Access,,
DAC-1601-INV-039535,2,1,2026-07-01,2026-09-30,1024974.0,USD,2026-07-01,DAC-1601,Gates Foundation,60,,,Partners in Expanding Health Quality and Access,,
DAC-1601-INV-039535,3,1,2026-10-01,2026-12-31,0.0,USD,2026-10-01,DAC-1601,Gates Foundation,60,,,Partners in Expanding Health Quality and Access,,
DAC-1601-INV-039535,4,1,2027-01-01,2027-03-31,0.0,USD,2027-01-01,DAC-1601,Gates Foundation,60,,,Partners in Expanding Health Quality and Access,,
DAC-1601-INV-039535,5,1,2027-04-01,2027-06-30,0.0,USD,2027-04-01,DAC-1601,Gates Foundation,60,,,Partners in Expanding Health Quality and Access,,
DAC-1601-INV-039535,6,1,2027-07-01,2027-09-30,0.0,USD,2027-07-01,DAC-1601,Gates Foundation,60,,,Partners in Expanding Health Quality and Access,,
DAC-1601-INV-039535,7,1,2027-10-01,2027-12-31,0.0,USD,2027-10-01,DAC-1601,Gates Foundation,60,,,Partners in Expanding Health Quality and Access,,
XM-DAC-41122-South Sudan-4040/A0/04/002/004,0,2,2023-01-01,2023-12-31,2064381.0,USD,2026-07-31,XM-DAC-41122,,40,,,,,
XM-DAC-41122-South Sudan-4040/A0/04/002/004,1,2,2024-01-01,2024-12-31,1835495.0,USD,2026-07-31,XM-DAC-41122,,40,,,,,
XM-DAC-41122-South Sudan-4040/A0/04/002/004,2,2,2025-01-01,2025-12-31,1110245.0,USD,2026-07-31,XM-DAC-41122,,40,,,,,
XM-DAC-41122-South Sudan-4040/A0/04/002/004,3,2,2026-01-01,2026-12-31,2478959.0,USD,2026-07-31,XM-DAC-41122,,40,,,,,
XM-DAC-41122-South Sudan-4040/A0/04/001/004,0,2,2026-01-01,2026-12-31,2795758.0,USD,2026-07-31,XM-DAC-41122,,40,,,,,
XM-DAC-41122-South Sudan-4040/A0/04/001/004,1,2,2025-01-01,2025-12-31,4100433.0,USD,2026-07-31,XM-DAC-41122,,40,,,,,
XM-DAC-41122-South Sudan-4040/A0/04/001/004,2,2,2024-01-01,2024-12-31,5267358.0,USD,2026-07-31,XM-DAC-41122,,40,,,,,
XM-DAC-41122-South Sudan-4040/A0/04/001/004,3,2,2023-01-01,2023-12-31,4012317.0,USD,2026-07-31,XM-DAC-41122,,40,,,,,
XM-DAC-41122-Uganda-4380/A0/04/105/007,0,2,2012-01-01,2012-12-31,4804784.0,USD,2026-07-31,XM-DAC-41122,,40,,,,,
XM-DAC-41122-Uganda-4380/A0/04/105/007,1,2,2013-01-01,2013-12-31,7359488.0,USD,2026-07-31,XM-DAC-41122,,40,,,,,
XM-DAC-41122-Uganda-4380/A0/04/105/007,2,2,2014-01-01,2014-12-31,6995711.0,USD,2026-07-31,XM-DAC-41122,,40,,,,,
XM-DAC-41122-Uganda-4380/A0/04/105/007,3,2,2015-01-01,2015-12-31,5504571.0,USD,2026-07-31,XM-DAC-41122,,40,,,,,
XM-DAC-41122-Kenya-2400/A0/06/001/006,0,2,2019-01-01,2019-12-31,7692413.0,USD,2026-07-31,XM-DAC-41122,,40,,,,,
XM-DAC-41122-Kenya-2400/A0/06/001/006,1,2,2020-01-01,2020-12-31,7692413.0,USD,2026-07-31,XM-DAC-41122,,40,,,,,
XM-DAC-41122-Kenya-2400/A0/06/001/006,2,2,2021-01-01,2021-12-31,7192413.0,USD,2026-07-31,XM-DAC-41122,,40,,,,,
XM-DAC-41122-Kenya-2400/A0/06/001/006,3,2,2022-01-01,2022-12-31,3846206.0,USD,2026-07-31,XM-DAC-41122,,40,,,,,
XM-DAC-41122-Kenya-2400/A0/06/001/006,4,2,2018-01-01,2018-12-31,3846206.0,USD,2026-07-31,XM-DAC-41122,,40,,,,,
XM-DAC-41122-South Sudan-4040/A0/04/001/002,0,2,2024-01-01,2024-12-31,55519513.0,USD,2026-07-31,XM-DAC-41122,,40,,,,,
XM-DAC-41122-South Sudan-4040/A0/04/001/002,1,2,2025-01-01,2025-12-31,69147715.0,USD,2026-07-31,XM-DAC-41122,,40,,,,,
XM-DAC-41122-South Sudan-4040/A0/04/001/002,2,2,2026-01-01,2026-12-31,120621569.0,USD,2026-07-31,XM-DAC-41122,,40,,,,,
XM-DAC-41122-South Sudan-4040/A0/04/001/002,3,2,2023-01-01,2023-12-31,57611545.0,USD,2026-07-31,XM-DAC-41122,,40,,,,,
DAC-1601-INV-032846,0,1,2026-01-01,2026-03-31,0.0,USD,2026-01-01,DAC-1601,Gates Foundation,60,,,The University of Alabama at Birmingham,,
DAC-1601-INV-032846,1,1,2026-04-01,2026-06-30,0.0,USD,2026-04-01,DAC-1601,Gates Foundation,60,,,The University of Alabama at Birmingham,,
DAC-1601-INV-032846,2,1,2026-07-01,2026-09-30,0.0,USD,2026-07-01,DAC-1601,Gates Foundation,60,,,The University of Alabama at Birmingham,,
DAC-1601-INV-032846,3,1,2026-10-01,2026-12-31,0.0,USD,2026-10-01,DAC-1601,Gates Foundation,60,,,The University of Alabama at Birmingham,,
DAC-1601-INV-032846,4,1,2027-01-01,2027-03-31,0.0,USD,2027-01-01,DAC-1601,Gates Foundation,60,,,The University of Alabama at Birmingham,,
DAC-1601-INV-032846,5,1,2027-04-01,2027-06-30,0.0,USD,2027-04-01,DAC-1601,Gates Foundation,60,,,The University of Alabama at Birmingham,,
DAC-1601-INV-032846,6,1,2027-07-01,2027-09-30,0.0,USD,2027-07-01,DAC-1601,Gates Foundation,60,,,The University of Alabama at Birmingham,,
DAC-1601-INV-032846,7,1,2027-10-01,2027-12-31,0.0,USD,2027-10-01,DAC-1601,Gates Foundation,60,,,The University of Alabama at Birmingham,,
DAC-1601-INV-071112,0,1,2026-01-01,2026-03-31,0.0,USD,2026-01-01,DAC-1601,Gates Foundation,60,,,Ecumenical Pharmaceutical Network,,
DAC-1601-INV-071112,1,1,2026-04-01,2026-06-30,0.0,USD,2026-04-01,DAC-1601,Gates Foundation,60,,,Ecumenical Pharmaceutical Network,,
DAC-1601-INV-071112,2,1,2026-07-01,2026-09-30,0.0,USD,2026-07-01,DAC-1601,Gates Foundation,60,,,Ecumenical Pharmaceutical Network,,
DAC-1601-INV-071112,3,1,2026-10-01,2026-12-31,0.0,USD,2026-10-01,DAC-1601,Gates Foundation,60,,,Ecumenical Pharmaceutical Network,,
DAC-1601-INV-071112,4,1,2027-01-01,2027-03-31,500000.0,USD,2027-01-01,DAC-1601,Gates Foundation,60,,,Ecumenical Pharmaceutical Network,,
DAC-1601-INV-071112,5,1,2027-04-01,2027-06-30,0.0,USD,2027-04-01,DAC-1601,Gates Foundation,60,,,Ecumenical Pharmaceutical Network,,
DAC-1601-INV-071112,6,1,2027-07-01,2027-09-30,0.0,USD,2027-07-01,DAC-1601,Gates Foundation,60,,,Ecumenical Pharmaceutical Network,,
DAC-1601-INV-071112,7,1,2027-10-01,2027-12-31,0.0,USD,2027-10-01,DAC-1601,Gates Foundation,60,,,Ecumenical Pharmaceutical Network,,
CA-3-P012736001,0,,2026-04-01,2027-03-31,2000000.0,,2025-01-27,,,,,,,,
CA-3-P012736001,1,,2027-04-01,2028-03-31,2000000.0,,2025-01-27,,,,,,,,
CA-3-P012736001,2,,2028-04-01,2029-03-31,2500000.0,,2025-01-27,,,,,,,,
XM-DAC-41122-Ethiopia-1410/A0/08/002/005,0,2,2025-01-01,2025-12-31,2609561.0,USD,2026-07-31,XM-DAC-41122,,40,,,,,
XM-DAC-41122-Ethiopia-1410/A0/08/002/005,1,2,2026-01-01,2026-12-31,4707213.0,USD,2026-07-31,XM-DAC-41122,,40,,,,,
XM-DAC-41122-Ethiopia-1410/A0/08/002/005,2,2,2030-01-01,2030-12-31,3060649.0,USD,2026-07-31,XM-DAC-41122,,40,,,,,
XM-DAC-41122-Ethiopia-1410/A0/08/002/005,3,2,2029-01-01,2029-12-31,5730223.0,USD,2026-07-31,XM-DAC-41122,,40,,,,,
XM-DAC-41122-Ethiopia-1410/A0/08/002/005,4,2,2028-01-01,2028-12-31,5365353.0,USD,2026-07-31,XM-DAC-41122,,40,,,,,
XM-DAC-41122-Ethiopia-1410/A0/08/002/005,5,2,2027-01-01,2027-12-31,5024898.0,USD,2026-07-31,XM-DAC-41122,,40,,,,,
XM-DAC-41122-Ethiopia-1410/A0/08/002/002,0,2,2025-01-01,2025-12-31,1912114.0,USD,2026-07-31,XM-DAC-41122,,40,,,,,
XM-DAC-41122-Ethiopia-1410/A0/08/002/002,1,2,2026-01-01,2026-12-31,3982346.0,USD,2026-07-31,XM-DAC-41122,,40,,,,,
XM-DAC-41122-Ethiopia-1410/A0/08/002/002,2,2,2027-01-01,2027-12-31,3883617.0,USD,2026-07-31,XM-DAC-41122,,40,,,,,
XM-DAC-41122-Ethiopia-1410/A0/08/002/002,3,2,2028-01-01,2028-12-31,3777790.0,USD,2026-07-31,XM-DAC-41122,,40,,,,,
XM-DAC-41122-Ethiopia-1410/A0/08/002/002,4,2,2030-01-01,2030-12-31,1771367.0,USD,2026-07-31,XM-DAC-41122,,40,,,,,
XM-DAC-41122-Ethiopia-1410/A0/08/002/002,5,2,2029-01-01,2029-12-31,3664349.0,USD,2026-07-31,XM-DAC-41122,,40,,,,,
DAC-1601-INV-090873,0,1,2026-01-01,2026-03-31,0.0,USD,2026-01-01,DAC-1601,Gates Foundation,60,,,World Health Organization Regional Office for Africa,,
DAC-1601-INV-090873,1,1,2026-04-01,2026-06-30,0.0,USD,2026-04-01,DAC-1601,Gates Foundation,60,,,World Health Organization Regional Office for Africa,,
DAC-1601-INV-090873,2,1,2026-07-01,2026-09-30,0.0,USD,2026-07-01,DAC-1601,Gates Foundation,60,,,World Health Organization Regional Office for Africa,,
DAC-1601-INV-090873,3,1,2026-10-01,2026-12-31,0.0,USD,2026-10-01,DAC-1601,Gates Foundation,60,,,World Health Organization Regional Office for Africa,,
DAC-1601-INV-090873,4,1,2027-01-01,2027-03-31,545951.0,USD,2027-01-01,DAC-1601,Gates Foundation,60,,,World Health Organization Regional Office for Africa,,
DAC-1601-INV-090873,5,1,2027-04-01,2027-06-30,0.0,USD,2027-04-01,DAC-1601,Gates Foundation,60,,,World Health Organization Regional Office for Africa,,
DAC-1601-INV-090873,6,1,2027-07-01,2027-09-30,0.0,USD,2027-07-01,DAC-1601,Gates Foundation,60,,,World Health Organization Regional Office for Africa,,
DAC-1601-INV-090873,7,1,2027-10-01,2027-12-31,0.0,USD,2027-10-01,DAC-1601,Gates Foundation,60,,,World Health Organization Regional Office for Africa,,
DAC-1601-INV-094472,0,1,2026-01-01,2026-03-31,0.0,USD,2026-01-01,DAC-1601,Gates Foundation,60,,,Murdoch Childrens Research Institute,,
DAC-1601-INV-094472,1,1,2026-04-01,2026-06-30,0.0,USD,2026-04-01,DAC-1601,Gates Foundation,60,,,Murdoch Childrens Research Institute,,
DAC-1601-INV-094472,2,1,2026-07-01,2026-09-30,0.0,USD,2026-07-01,DAC-1601,Gates Foundation,60,,,Murdoch Childrens Research Institute,,
DAC-1601-INV-094472,3,1,2026-10-01,2026-12-31,0.0,USD,2026-10-01,DAC-1601,Gates Foundation,60,,,Murdoch Childrens Research Institute,,
DAC-1601-INV-094472,4,1,2027-01-01,2027-03-31,0.0,USD,2027-01-01,DAC-1601,Gates Foundation,60,,,Murdoch Childrens Research Institute,,
DAC-1601-INV-094472,5,1,2027-04-01,2027-06-30,0.0,USD,2027-04-01,DAC-1601,Gates Foundation,60,,,Murdoch Childrens Research Institute,,
DAC-1601-INV-094472,6,1,2027-07-01,2027-09-30,0.0,USD,2027-07-01,DAC-1601,Gates Foundation,60,,,Murdoch Childrens Research Institute,,
DAC-1601-INV-094472,7,1,2027-10-01,2027-12-31,0.0,USD,2027-10-01,DAC-1601,Gates Foundation,60,,,Murdoch Childrens Research Institute,,
XM-DAC-41122-Kenya-2400/A0/04/013/002,0,2,2013-01-01,2013-12-31,798115.0,USD,2026-07-31,XM-DAC-41122,,40,,,,,
XM-DAC-41122-Kenya-2400/A0/04/013/002,1,2,2014-01-01,2014-12-31,412670.0,USD,2026-07-31,XM-DAC-41122,,40,,,,,
XM-DAC-41122-Kenya-2400/A0/04/013/002,2,2,2012-01-01,2012-12-31,1387761.0,USD,2026-07-31,XM-DAC-41122,,40,,,,,
XM-DAC-41122-Kenya-2400/A0/07/001/011,0,2,2027-01-01,2027-12-31,768000.0,USD,2026-07-31,XM-DAC-41122,,40,,,,,
XM-DAC-41122-Kenya-2400/A0/07/001/011,1,2,2026-01-01,2026-12-31,1100000.0,USD,2026-07-31,XM-DAC-41122,,40,,,,,
XM-DAC-41122-Kenya-2400/A0/07/001/011,2,2,2025-01-01,2025-12-31,1006161.0,USD,2026-07-31,XM-DAC-41122,,40,,,,,
XM-DAC-41122-Kenya-2400/A0/07/001/011,3,2,2024-01-01,2024-12-31,962589.0,USD,2026-07-31,XM-DAC-41122,,40,,,,,
XM-DAC-41122-Kenya-2400/A0/07/001/011,4,2,2023-01-01,2023-12-31,2442911.0,USD,2026-07-31,XM-DAC-41122,,40,,,,,
XM-DAC-41122-Kenya-2400/A0/07/001/011,5,2,2022-01-01,2022-12-31,841536.0,USD,2026-07-31,XM-DAC-41122,,40,,,,,
XM-DAC-41122-United Rep. of Tanzania-4550/A0/06/001/001,0,2,2023-01-01,2023-12-31,2068929.0,USD,2026-07-31,XM-DAC-41122,,40,,,,,
XM-DAC-41122-United Rep. of Tanzania-4550/A0/06/001/001,1,2,2024-01-01,2024-12-31,2800000.0,USD,2026-07-31,XM-DAC-41122,,40,,,,,
XM-DAC-41122-United Rep. of Tanzania-4550/A0/06/001/001,2,2,2025-01-01,2025-12-31,3000000.0,USD,2026-07-31,XM-DAC-41122,,40,,,,,
XM-DAC-41122-United Rep. of Tanzania-4550/A0/06/001/001,3,2,2026-01-01,2026-12-31,3000000.0,USD,2026-07-31,XM-DAC-41122,,40,,,,,
XM-DAC-41122-United Rep. of Tanzania-4550/A0/06/001/001,4,2,2027-01-01,2027-12-31,1770624.0,USD,2026-07-31,XM-DAC-41122,,40,,,,,
XM-DAC-41122-United Rep. of Tanzania-4550/A0/06/001/001,5,2,2022-01-01,2022-12-31,860447.0,USD,2026-07-31,XM-DAC-41122,,40,,,,,
XM-DAC-41122-South Sudan-4040/A0/04/002/003,0,2,2024-01-01,2024-12-31,10960932.0,USD,2026-07-31,XM-DAC-41122,,40,,,,,
XM-DAC-41122-South Sudan-4040/A0/04/002/003,1,2,2023-01-01,2023-12-31,2638381.0,USD,2026-07-31,XM-DAC-41122,,40,,,,,
XM-DAC-41122-South Sudan-4040/A0/04/002/003,2,2,2026-01-01,2026-12-31,7558711.0,USD,2026-07-31,XM-DAC-41122,,40,,,,,
XM-DAC-41122-South Sudan-4040/A0/04/002/003,3,2,2025-01-01,2025-12-31,6975068.0,USD,2026-07-31,XM-DAC-41122,,40,,,,,
DAC-1601-INV-088346,0,1,2026-01-01,2026-03-31,0.0,USD,2026-01-01,DAC-1601,Gates Foundation,60,,,Semafor,,
DAC-1601-INV-088346,1,1,2026-04-01,2026-06-30,0.0,USD,2026-04-01,DAC-1601,Gates Foundation,60,,,Semafor,,
DAC-1601-INV-088346,2,1,2026-07-01,2026-09-30,0.0,USD,2026-07-01,DAC-1601,Gates Foundation,60,,,Semafor,,
DAC-1601-INV-088346,3,1,2026-10-01,2026-12-31,0.0,USD,2026-10-01,DAC-1601,Gates Foundation,60,,,Semafor,,
DAC-1601-INV-088346,4,1,2027-01-01,2027-03-31,1200000.0,USD,2027-01-01,DAC-1601,Gates Foundation,60,,,Semafor,,
DAC-1601-INV-088346,5,1,2027-04-01,2027-06-30,0.0,USD,2027-04-01,DAC-1601,Gates Foundation,60,,,Semafor,,
DAC-1601-INV-088346,6,1,2027-07-01,2027-09-30,0.0,USD,2027-07-01,DAC-1601,Gates Foundation,60,,,Semafor,,
DAC-1601-INV-088346,7,1,2027-10-01,2027-12-31,0.0,USD,2027-10-01,DAC-1601,Gates Foundation,60,,,Semafor,,
CA-3-P009734001,0,,2026-04-01,2027-03-31,3226519.0,,2022-02-28,,,,,,,,
CA-3-P009734001,1,,2027-04-01,2028-03-31,3084835.0,,2022-02-28,,,,,,,,
CA-3-P009734001,2,,2028-04-01,2029-03-31,29348.0,,2022-02-28,,,,,,,,
XM-DAC-41122-Uganda-4380/A0/07/001/002,0,2,2026-01-01,2026-12-31,4207834.0,USD,2026-07-31,XM-DAC-41122,,40,,,,,
XM-DAC-41122-Uganda-4380/A0/07/001/002,1,2,2027-01-01,2027-12-31,1210169.0,USD,2026-07-31,XM-DAC-41122,,40,,,,,
XM-DAC-41122-Uganda-4380/A0/07/001/002,2,2,2028-01-01,2028-12-31,1.0,USD,2026-07-31,XM-DAC-41122,,40,,,,,
XM-DAC-41122-Uganda-4380/A0/07/001/002,3,2,2030-01-01,2030-12-31,1.0,USD,2026-07-31,XM-DAC-41122,,40,,,,,
XM-DAC-41122-Uganda-4380/A0/07/001/002,4,2,2029-01-01,2029-12-31,1.0,USD,2026-07-31,XM-DAC-41122,,40,,,,,
XM-DAC-41122-Kenya-2400/A0/07/001/002,0,2,2022-01-01,2022-12-31,11876047.0,USD,2026-07-31,XM-DAC-41122,,40,,,,,
XM-DAC-41122-Kenya-2400/A0/07/001/002,1,2,2023-01-01,2023-12-31,16985230.0,USD,2026-07-31,XM-DAC-41122,,40,,,,,
XM-DAC-41122-Kenya-2400/A0/07/001/002,2,2,2024-01-01,2024-12-31,5306367.0,USD,2026-07-31,XM-DAC-41122,,40,,,,,
XM-DAC-41122-Kenya-2400/A0/07/001/002,3,2,2025-01-01,2025-12-31,3616909.0,USD,2026-07-31,XM-DAC-41122,,40,,,,,
XM-DAC-41122-Kenya-2400/A0/07/001/002,4,2,2027-01-01,2027-12-31,760000.0,USD,2026-07-31,XM-DAC-41122,,40,,,,,
XM-DAC-41122-Kenya-2400/A0/07/001/002,5,2,2026-01-01,2026-12-31,3313155.0,USD,2026-07-31,XM-DAC-41122,,40,,,,,
DAC-1601-INV-097149,0,1,2026-01-01,2026-03-31,0.0,USD,2026-01-01,DAC-1601,Gates Foundation,60,,,Global Health Strategies LLC,,
DAC-1601-INV-097149,1,1,2026-04-01,2026-06-30,0.0,USD,2026-04-01,DAC-1601,Gates Foundation,60,,,Global Health Strategies LLC,,
DAC-1601-INV-097149,2,1,2026-07-01,2026-09-30,0.0,USD,2026-07-01,DAC-1601,Gates Foundation,60,,,Global Health Strategies LLC,,
DAC-1601-INV-097149,3,1,2026-10-01,2026-12-31,0.0,USD,2026-10-01,DAC-1601,Gates Foundation,60,,,Global Health Strategies LLC,,
DAC-1601-INV-097149,4,1,2027-01-01,2027-03-31,0.0,USD,2027-01-01,DAC-1601,Gates Foundation,60,,,Global Health Strategies LLC,,
DAC-1601-INV-097149,5,1,2027-04-01,2027-06-30,0.0,USD,2027-04-01,DAC-1601,Gates Foundation,60,,,Global Health Strategies LLC,,
DAC-1601-INV-097149,6,1,2027-07-01,2027-09-30,0.0,USD,2027-07-01,DAC-1601,Gates Foundation,60,,,Global Health Strategies LLC,,
DAC-1601-INV-097149,7,1,2027-10-01,2027-12-31,0.0,USD,2027-10-01,DAC-1601,Gates Foundation,60,,,Global Health Strategies LLC,,
XM-DAC-41122-South Sudan-4040/A0/04/001/003,0,2,2024-01-01,2024-12-31,9992303.0,USD,2026-07-31,XM-DAC-41122,,40,,,,,
XM-DAC-41122-South Sudan-4040/A0/04/001/003,1,2,2025-01-01,2025-12-31,19533082.0,USD,2026-07-31,XM-DAC-41122,,40,,,,,
XM-DAC-41122-South Sudan-4040/A0/04/001/003,2,2,2026-01-01,2026-12-31,16021711.0,USD,2026-07-31,XM-DAC-41122,,40,,,,,
XM-DAC-41122-South Sudan-4040/A0/04/001/003,3,2,2023-01-01,2023-12-31,13554258.0,USD,2026-07-31,XM-DAC-41122,,40,,,,,
DAC-1601-INV-076418,0,1,2026-01-01,2026-03-31,0.0,USD,2026-01-01,DAC-1601,Gates Foundation,60,,,Speak Up Africa Senegal,,
DAC-1601-INV-076418,1,1,2026-04-01,2026-06-30,0.0,USD,2026-04-01,DAC-1601,Gates Foundation,60,,,Speak Up Africa Senegal,,
DAC-1601-INV-076418,2,1,2026-07-01,2026-09-30,0.0,USD,2026-07-01,DAC-1601,Gates Foundation,60,,,Speak Up Africa Senegal,,
DAC-1601-INV-076418,3,1,2026-10-01,2026-12-31,0.0,USD,2026-10-01,DAC-1601,Gates Foundation,60,,,Speak Up Africa Senegal,,
DAC-1601-INV-076418,4,1,2027-01-01,2027-03-31,0.0,USD,2027-01-01,DAC-1601,Gates Foundation,60,,,Speak Up Africa Senegal,,
DAC-1601-INV-076418,5,1,2027-04-01,2027-06-30,0.0,USD,2027-04-01,DAC-1601,Gates Foundation,60,,,Speak Up Africa Senegal,,
DAC-1601-INV-076418,6,1,2027-07-01,2027-09-30,0.0,USD,2027-07-01,DAC-1601,Gates Foundation,60,,,Speak Up Africa Senegal,,
DAC-1601-INV-076418,7,1,2027-10-01,2027-12-31,0.0,USD,2027-10-01,DAC-1601,Gates Foundation,60,,,Speak Up Africa Senegal,,
DAC-1601-INV-075264,0,1,2026-01-01,2026-03-31,0.0,USD,2026-01-01,DAC-1601,Gates Foundation,60,,,Duke University,,
DAC-1601-INV-075264,1,1,2026-04-01,2026-06-30,0.0,USD,2026-04-01,DAC-1601,Gates Foundation,60,,,Duke University,,
DAC-1601-INV-075264,2,1,2026-07-01,2026-09-30,5000000.0,USD,2026-07-01,DAC-1601,Gates Foundation,60,,,Duke University,,
DAC-1601-INV-075264,3,1,2026-10-01,2026-12-31,0.0,USD,2026-10-01,DAC-1601,Gates Foundation,60,,,Duke University,,
DAC-1601-INV-075264,4,1,2027-01-01,2027-03-31,0.0,USD,2027-01-01,DAC-1601,Gates Foundation,60,,,Duke University,,
DAC-1601-INV-075264,5,1,2027-04-01,2027-06-30,0.0,USD,2027-04-01,DAC-1601,Gates Foundation,60,,,Duke University,,
DAC-1601-INV-075264,6,1,2027-07-01,2027-09-30,0.0,USD,2027-07-01,DAC-1601,Gates Foundation,60,,,Duke University,,
DAC-1601-INV-075264,7,1,2027-10-01,2027-12-31,0.0,USD,2027-10-01,DAC-1601,Gates Foundation,60,,,Duke University,,
DAC-1601-INV-078807,0,1,2026-01-01,2026-03-31,0.0,USD,2026-01-01,DAC-1601,Gates Foundation,60,,,"Results for Development Institute, Inc.",,
DAC-1601-INV-078807,1,1,2026-04-01,2026-06-30,0.0,USD,2026-04-01,DAC-1601,Gates Foundation,60,,,"Results for Development Institute, Inc.",,
DAC-1601-INV-078807,2,1,2026-07-01,2026-09-30,0.0,USD,2026-07-01,DAC-1601,Gates Foundation,60,,,"Results for Development Institute, Inc.",,
DAC-1601-INV-078807,3,1,2026-10-01,2026-12-31,0.0,USD,2026-10-01,DAC-1601,Gates Foundation,60,,,"Results for Development Institute, Inc.",,
DAC-1601-INV-078807,4,1,2027-01-01,2027-03-31,0.0,USD,2027-01-01,DAC-1601,Gates Foundation,60,,,"Results for Development Institute, Inc.",,
DAC-1601-INV-078807,5,1,2027-04-01,2027-06-30,0.0,USD,2027-04-01,DAC-1601,Gates Foundation,60,,,"Results for Development Institute, Inc.",,
DAC-1601-INV-078807,6,1,2027-07-01,2027-09-30,0.0,USD,2027-07-01,DAC-1601,Gates Foundation,60,,,"Results for Development Institute, Inc.",,
DAC-1601-INV-078807,7,1,2027-10-01,2027-12-31,0.0,USD,2027-10-01,DAC-1601,Gates Foundation,60,,,"Results for Development Institute, Inc.",,
DAC-1601-INV-071750,0,1,2026-01-01,2026-03-31,0.0,USD,2026-01-01,DAC-1601,Gates Foundation,60,,,Johns Hopkins University Bloomberg School of Public Health,,
DAC-1601-INV-071750,1,1,2026-04-01,2026-06-30,0.0,USD,2026-04-01,DAC-1601,Gates Foundation,60,,,Johns Hopkins University Bloomberg School of Public Health,,
DAC-1601-INV-071750,2,1,2026-07-01,2026-09-30,0.0,USD,2026-07-01,DAC-1601,Gates Foundation,60,,,Johns Hopkins University Bloomberg School of Public Health,,
DAC-1601-INV-071750,3,1,2026-10-01,2026-12-31,0.0,USD,2026-10-01,DAC-1601,Gates Foundation,60,,,Johns Hopkins University Bloomberg School of Public Health,,
DAC-1601-INV-071750,4,1,2027-01-01,2027-03-31,400000.0,USD,2027-01-01,DAC-1601,Gates Foundation,60,,,Johns Hopkins University Bloomberg School of Public Health,,
DAC-1601-INV-071750,5,1,2027-04-01,2027-06-30,0.0,USD,2027-04-01,DAC-1601,Gates Foundation,60,,,Johns Hopkins University Bloomberg School of Public Health,,
DAC-1601-INV-071750,6,1,2027-07-01,2027-09-30,0.0,USD,2027-07-01,DAC-1601,Gates Foundation,60,,,Johns Hopkins University Bloomberg School of Public Health,,
DAC-1601-INV-071750,7,1,2027-10-01,2027-12-31,0.0,USD,2027-10-01,DAC-1601,Gates Foundation,60,,,Johns Hopkins University Bloomberg School of Public Health,,
DAC-1601-INV-070593,0,1,2026-01-01,2026-03-31,0.0,USD,2026-01-01,DAC-1601,Gates Foundation,60,,,Cognition Studio Inc,,
DAC-1601-INV-070593,1,1,2026-04-01,2026-06-30,0.0,USD,2026-04-01,DAC-1601,Gates Foundation,60,,,Cognition Studio Inc,,
DAC-1601-INV-070593,2,1,2026-07-01,2026-09-30,0.0,USD,2026-07-01,DAC-1601,Gates Foundation,60,,,Cognition Studio Inc,,
DAC-1601-INV-070593,3,1,2026-10-01,2026-12-31,0.0,USD,2026-10-01,DAC-1601,Gates Foundation,60,,,Cognition Studio Inc,,
DAC-1601-INV-070593,4,1,2027-01-01,2027-03-31,0.0,USD,2027-01-01,DAC-1601,Gates Foundation,60,,,Cognition Studio Inc,,
DAC-1601-INV-070593,5,1,2027-04-01,2027-06-30,200000.0,USD,2027-04-01,DAC-1601,Gates Foundation,60,,,Cognition Studio Inc,,
DAC-1601-INV-070593,6,1,2027-07-01,2027-09-30,0.0,USD,2027-07-01,DAC-1601,Gates Foundation,60,,,Cognition Studio Inc,,
DAC-1601-INV-070593,7,1,2027-10-01,2027-12-31,0.0,USD,2027-10-01,DAC-1601,Gates Foundation,60,,,Cognition Studio Inc,,
XM-DAC-41122-Ethiopia-1410/A0/08/001/002,0,2,2026-01-01,2026-12-31,5470837.0,USD,2026-07-31,XM-DAC-41122,,40,,,,,
XM-DAC-41122-Ethiopia-1410/A0/08/001/002,1,2,2025-01-01,2025-12-31,2695975.0,USD,2026-07-31,XM-DAC-41122,,40,,,,,
XM-DAC-41122-Ethiopia-1410/A0/08/001/002,2,2,2027-01-01,2027-12-31,5433404.0,USD,2026-07-31,XM-DAC-41122,,40,,,,,
XM-DAC-41122-Ethiopia-1410/A0/08/001/002,3,2,2028-01-01,2028-12-31,5308587.0,USD,2026-07-31,XM-DAC-41122,,40,,,,,
XM-DAC-41122-Ethiopia-1410/A0/08/001/002,4,2,2029-01-01,2029-12-31,5175073.0,USD,2026-07-31,XM-DAC-41122,,40,,,,,
XM-DAC-41122-Ethiopia-1410/A0/08/001/002,5,2,2030-01-01,2030-12-31,2516122.0,USD,2026-07-31,XM-DAC-41122,,40,,,,,
DAC-1601-INV-076498,0,1,2026-01-01,2026-03-31,0.0,USD,2026-01-01,DAC-1601,Gates Foundation,60,,,University of Washington Foundation,,
DAC-1601-INV-076498,1,1,2026-04-01,2026-06-30,0.0,USD,2026-04-01,DAC-1601,Gates Foundation,60,,,University of Washington Foundation,,
DAC-1601-INV-076498,2,1,2026-07-01,2026-09-30,0.0,USD,2026-07-01,DAC-1601,Gates Foundation,60,,,University of Washington Foundation,,
DAC-1601-INV-076498,3,1,2026-10-01,2026-12-31,0.0,USD,2026-10-01,DAC-1601,Gates Foundation,60,,,University of Washington Foundation,,
DAC-1601-INV-076498,4,1,2027-01-01,2027-03-31,0.0,USD,2027-01-01,DAC-1601,Gates Foundation,60,,,University of Washington Foundation,,
DAC-1601-INV-076498,5,1,2027-04-01,2027-06-30,0.0,USD,2027-04-01,DAC-1601,Gates Foundation,60,,,University of Washington Foundation,,
DAC-1601-INV-076498,6,1,2027-07-01,2027-09-30,0.0,USD,2027-07-01,DAC-1601,Gates Foundation,60,,,University of Washington Foundation,,
DAC-1601-INV-076498,7,1,2027-10-01,2027-12-31,0.0,USD,2027-10-01,DAC-1601,Gates Foundation,60,,,University of Washington Foundation,,
DAC-1601-INV-096040,0,1,2026-01-01,2026-03-31,0.0,USD,2026-01-01,DAC-1601,Gates Foundation,60,,,University of Virginia,,
DAC-1601-INV-096040,1,1,2026-04-01,2026-06-30,0.0,USD,2026-04-01,DAC-1601,Gates Foundation,60,,,University of Virginia,,
DAC-1601-INV-096040,2,1,2026-07-01,2026-09-30,0.0,USD,2026-07-01,DAC-1601,Gates Foundation,60,,,University of Virginia,,
DAC-1601-INV-096040,3,1,2026-10-01,2026-12-31,0.0,USD,2026-10-01,DAC-1601,Gates Foundation,60,,,University of Virginia,,
DAC-1601-INV-096040,4,1,2027-01-01,2027-03-31,554450.0,USD,2027-01-01,DAC-1601,Gates Foundation,60,,,University of Virginia,,
DAC-1601-INV-096040,5,1,2027-04-01,2027-06-30,0.0,USD,2027-04-01,DAC-1601,Gates Foundation,60,,,University of Virginia,,
DAC-1601-INV-096040,6,1,2027-07-01,2027-09-30,0.0,USD,2027-07-01,DAC-1601,Gates Foundation,60,,,University of Virginia,,
DAC-1601-INV-096040,7,1,2027-10-01,2027-12-31,0.0,USD,2027-10-01,DAC-1601,Gates Foundation,60,,,University of Virginia,,
XM-DAC-41122-United Rep. of Tanzania-4550/A0/06/003/003,0,2,2023-01-01,2023-12-31,922499.0,USD,2026-07-31,XM-DAC-41122,,40,,,,,
XM-DAC-41122-United Rep. of Tanzania-4550/A0/06/003/003,1,2,2024-01-01,2024-12-31,1055000.0,USD,2026-07-31,XM-DAC-41122,,40,,,,,
XM-DAC-41122-United Rep. of Tanzania-4550/A0/06/003/003,2,2,2025-01-01,2025-12-31,1000000.0,USD,2026-07-31,XM-DAC-41122,,40,,,,,
XM-DAC-41122-United Rep. of Tanzania-4550/A0/06/003/003,3,2,2027-01-01,2027-12-31,572204.0,USD,2026-07-31,XM-DAC-41122,,40,,,,,
XM-DAC-41122-United Rep. of Tanzania-4550/A0/06/003/003,4,2,2026-01-01,2026-12-31,1000000.0,USD,2026-07-31,XM-DAC-41122,,40,,,,,
XM-DAC-41122-United Rep. of Tanzania-4550/A0/06/003/003,5,2,2022-01-01,2022-12-31,570297.0,USD,2026-07-31,XM-DAC-41122,,40,,,,,
XM-DAC-41122-United Rep. of Tanzania-4550/A0/06/003/001,0,2,2023-01-01,2023-12-31,469241.0,USD,2026-07-31,XM-DAC-41122,,40,,,,,
XM-DAC-41122-United Rep. of Tanzania-4550/A0/06/003/001,1,2,2024-01-01,2024-12-31,770000.0,USD,2026-07-31,XM-DAC-41122,,40,,,,,
XM-DAC-41122-United Rep. of Tanzania-4550/A0/06/003/001,2,2,2025-01-01,2025-12-31,870000.0,USD,2026-07-31,XM-DAC-41122,,40,,,,,
XM-DAC-41122-United Rep. of Tanzania-4550/A0/06/003/001,3,2,2026-01-01,2026-12-31,870000.0,USD,2026-07-31,XM-DAC-41122,,40,,,,,
XM-DAC-41122-United Rep. of Tanzania-4550/A0/06/003/001,4,2,2027-01-01,2027-12-31,540136.0,USD,2026-07-31,XM-DAC-41122,,40,,,,,
XM-DAC-41122-United Rep. of Tanzania-4550/A0/06/003/001,5,2,2022-01-01,2022-12-31,210624.0,USD,2026-07-31,XM-DAC-41122,,40,,,,,
XM-DAC-301-2-109075-002,0,1,2023-04-01,2024-03-31,295700.0,CAD,2023-04-01,XM-DAC-301-2,International Development Research Centre,15,,,Fondation Institut Pasteur de Dakar,21,
XM-DAC-301-2-109075-002,1,1,2024-04-01,2025-03-31,8286.0,CAD,2024-04-01,XM-DAC-301-2,International Development Research Centre,15,,,Fondation Institut Pasteur de Dakar,21,
XM-DAC-41122-Somalia-3920/A0/09/001/002,0,2,2026-01-01,2026-12-31,8835086.0,USD,2026-07-31,XM-DAC-41122,,40,,,,,
XM-DAC-41122-Somalia-3920/A0/09/001/002,1,2,2027-01-01,2027-12-31,8829322.0,USD,2026-07-31,XM-DAC-41122,,40,,,,,
XM-DAC-41122-Somalia-3920/A0/09/001/002,2,2,2028-01-01,2028-12-31,8827832.0,USD,2026-07-31,XM-DAC-41122,,40,,,,,
XM-DAC-41122-Somalia-3920/A0/09/001/002,3,2,2029-01-01,2029-12-31,8821685.0,USD,2026-07-31,XM-DAC-41122,,40,,,,,
XM-DAC-41122-Somalia-3920/A0/09/001/002,4,2,2030-01-01,2030-12-31,8821685.0,USD,2026-07-31,XM-DAC-41122,,40,,,,,
DAC-1601-OPP1128353,0,1,2026-01-01,2026-03-31,0.0,USD,2026-01-01,DAC-1601,Gates Foundation,60,,,World Health Organization,,
DAC-1601-OPP1128353,1,1,2026-04-01,2026-06-30,0.0,USD,2026-04-01,DAC-1601,Gates Foundation,60,,,World Health Organization,,
DAC-1601-OPP1128353,2,1,2026-07-01,2026-09-30,0.0,USD,2026-07-01,DAC-1601,Gates Foundation,60,,,World Health Organization,,
DAC-1601-OPP1128353,3,1,2026-10-01,2026-12-31,0.0,USD,2026-10-01,DAC-1601,Gates Foundation,60,,,World Health Organization,,
DAC-1601-OPP1128353,4,1,2027-01-01,2027-03-31,0.0,USD,2027-01-01,DAC-1601,Gates Foundation,60,,,World Health Organization,,
DAC-1601-OPP1128353,5,1,2027-04-01,2027-06-30,0.0,USD,2027-04-01,DAC-1601,Gates Foundation,60,,,World Health Organization,,
DAC-1601-OPP1128353,6,1,2027-07-01,2027-09-30,0.0,USD,2027-07-01,DAC-1601,Gates Foundation,60,,,World Health Organization,,
DAC-1601-OPP1128353,7,1,2027-10-01,2027-12-31,0.0,USD,2027-10-01,DAC-1601,Gates Foundation,60,,,World Health Organization,,
DAC-1601-INV-098781,0,1,2026-01-01,2026-03-31,0.0,USD,2026-01-01,DAC-1601,Gates Foundation,60,,,Clinton Health Access Initiative Inc,,
DAC-1601-INV-098781,1,1,2026-04-01,2026-06-30,0.0,USD,2026-04-01,DAC-1601,Gates Foundation,60,,,Clinton Health Access Initiative Inc,,
DAC-1601-INV-098781,2,1,2026-07-01,2026-09-30,0.0,USD,2026-07-01,DAC-1601,Gates Foundation,60,,,Clinton Health Access Initiative Inc,,
DAC-1601-INV-098781,3,1,2026-10-01,2026-12-31,0.0,USD,2026-10-01,DAC-1601,Gates Foundation,60,,,Clinton Health Access Initiative Inc,,
DAC-1601-INV-098781,4,1,2027-01-01,2027-03-31,0.0,USD,2027-01-01,DAC-1601,Gates Foundation,60,,,Clinton Health Access Initiative Inc,,
DAC-1601-INV-098781,5,1,2027-04-01,2027-06-30,0.0,USD,2027-04-01,DAC-1601,Gates Foundation,60,,,Clinton Health Access Initiative Inc,,
DAC-1601-INV-098781,6,1,2027-07-01,2027-09-30,0.0,USD,2027-07-01,DAC-1601,Gates Foundation,60,,,Clinton Health Access Initiative Inc,,
DAC-1601-INV-098781,7,1,2027-10-01,2027-12-31,0.0,USD,2027-10-01,DAC-1601,Gates Foundation,60,,,Clinton Health Access Initiative Inc,,
DAC-1601-INV-076071,0,1,2026-01-01,2026-03-31,0.0,USD,2026-01-01,DAC-1601,Gates Foundation,60,,,International Federation of Red Cross and Red Crescent Societies,,
DAC-1601-INV-076071,1,1,2026-04-01,2026-06-30,0.0,USD,2026-04-01,DAC-1601,Gates Foundation,60,,,International Federation of Red Cross and Red Crescent Societies,,
DAC-1601-INV-076071,2,1,2026-07-01,2026-09-30,0.0,USD,2026-07-01,DAC-1601,Gates Foundation,60,,,International Federation of Red Cross and Red Crescent Societies,,
DAC-1601-INV-076071,3,1,2026-10-01,2026-12-31,0.0,USD,2026-10-01,DAC-1601,Gates Foundation,60,,,International Federation of Red Cross and Red Crescent Societies,,
DAC-1601-INV-076071,4,1,2027-01-01,2027-03-31,0.0,USD,2027-01-01,DAC-1601,Gates Foundation,60,,,International Federation of Red Cross and Red Crescent Societies,,
DAC-1601-INV-076071,5,1,2027-04-01,2027-06-30,0.0,USD,2027-04-01,DAC-1601,Gates Foundation,60,,,International Federation of Red Cross and Red Crescent Societies,,
DAC-1601-INV-076071,6,1,2027-07-01,2027-09-30,0.0,USD,2027-07-01,DAC-1601,Gates Foundation,60,,,International Federation of Red Cross and Red Crescent Societies,,
DAC-1601-INV-076071,7,1,2027-10-01,2027-12-31,0.0,USD,2027-10-01,DAC-1601,Gates Foundation,60,,,International Federation of Red Cross and Red Crescent Societies,,
DAC-1601-INV-094269,0,1,2026-01-01,2026-03-31,0.0,USD,2026-01-01,DAC-1601,Gates Foundation,60,,,International Federation of Red Cross and Red Crescent Societies,,
DAC-1601-INV-094269,1,1,2026-04-01,2026-06-30,0.0,USD,2026-04-01,DAC-1601,Gates Foundation,60,,,International Federation of Red Cross and Red Crescent Societies,,
DAC-1601-INV-094269,2,1,2026-07-01,2026-09-30,792482.0,USD,2026-07-01,DAC-1601,Gates Foundation,60,,,International Federation of Red Cross and Red Crescent Societies,,
DAC-1601-INV-094269,3,1,2026-10-01,2026-12-31,0.0,USD,2026-10-01,DAC-1601,Gates Foundation,60,,,International Federation of Red Cross and Red Crescent Societies,,
DAC-1601-INV-094269,4,1,2027-01-01,2027-03-31,2622316.0,USD,2027-01-01,DAC-1601,Gates Foundation,60,,,International Federation of Red Cross and Red Crescent Societies,,
DAC-1601-INV-094269,5,1,2027-04-01,2027-06-30,0.0,USD,2027-04-01,DAC-1601,Gates Foundation,60,,,International Federation of Red Cross and Red Crescent Societies,,
DAC-1601-INV-094269,6,1,2027-07-01,2027-09-30,0.0,USD,2027-07-01,DAC-1601,Gates Foundation,60,,,International Federation of Red Cross and Red Crescent Societies,,
DAC-1601-INV-094269,7,1,2027-10-01,2027-12-31,0.0,USD,2027-10-01,DAC-1601,Gates Foundation,60,,,International Federation of Red Cross and Red Crescent Societies,,
DAC-1601-INV-051594,0,1,2026-01-01,2026-03-31,0.0,USD,2026-01-01,DAC-1601,Gates Foundation,60,,,Bayer Cares Foundation,,
DAC-1601-INV-051594,1,1,2026-04-01,2026-06-30,0.0,USD,2026-04-01,DAC-1601,Gates Foundation,60,,,Bayer Cares Foundation,,
DAC-1601-INV-051594,2,1,2026-07-01,2026-09-30,0.0,USD,2026-07-01,DAC-1601,Gates Foundation,60,,,Bayer Cares Foundation,,
DAC-1601-INV-051594,3,1,2026-10-01,2026-12-31,0.0,USD,2026-10-01,DAC-1601,Gates Foundation,60,,,Bayer Cares Foundation,,
DAC-1601-INV-051594,4,1,2027-01-01,2027-03-31,0.0,USD,2027-01-01,DAC-1601,Gates Foundation,60,,,Bayer Cares Foundation,,
DAC-1601-INV-051594,5,1,2027-04-01,2027-06-30,0.0,USD,2027-04-01,DAC-1601,Gates Foundation,60,,,Bayer Cares Foundation,,
DAC-1601-INV-051594,6,1,2027-07-01,2027-09-30,0.0,USD,2027-07-01,DAC-1601,Gates Foundation,60,,,Bayer Cares Foundation,,
DAC-1601-INV-051594,7,1,2027-10-01,2027-12-31,0.0,USD,2027-10-01,DAC-1601,Gates Foundation,60,,,Bayer Cares Foundation,,
DAC-1601-INV-045215,0,1,2026-01-01,2026-03-31,0.0,USD,2026-01-01,DAC-1601,Gates Foundation,60,,,African Union Development Agency - New Partnership for Africa’s Development,,
DAC-1601-INV-045215,1,1,2026-04-01,2026-06-30,0.0,USD,2026-04-01,DAC-1601,Gates Foundation,60,,,African Union Development Agency - New Partnership for Africa’s Development,,
DAC-1601-INV-045215,2,1,2026-07-01,2026-09-30,0.0,USD,2026-07-01,DAC-1601,Gates Foundation,60,,,African Union Development Agency - New Partnership for Africa’s Development,,
DAC-1601-INV-045215,3,1,2026-10-01,2026-12-31,0.0,USD,2026-10-01,DAC-1601,Gates Foundation,60,,,African Union Development Agency - New Partnership for Africa’s Development,,
DAC-1601-INV-045215,4,1,2027-01-01,2027-03-31,0.0,USD,2027-01-01,DAC-1601,Gates Foundation,60,,,African Union Development Agency - New Partnership for Africa’s Development,,
DAC-1601-INV-045215,5,1,2027-04-01,2027-06-30,0.0,USD,2027-04-01,DAC-1601,Gates Foundation,60,,,African Union Development Agency - New Partnership for Africa’s Development,,
DAC-1601-INV-045215,6,1,2027-07-01,2027-09-30,0.0,USD,2027-07-01,DAC-1601,Gates Foundation,60,,,African Union Development Agency - New Partnership for Africa’s Development,,
DAC-1601-INV-045215,7,1,2027-10-01,2027-12-31,0.0,USD,2027-10-01,DAC-1601,Gates Foundation,60,,,African Union Development Agency - New Partnership for Africa’s Development,,
CA-3-P009619001,0,,2026-04-01,2027-03-31,1888329.0,,2022-03-21,,,,,,,,
XM-DAC-41122-Democratic Republic of Congo-0990/A0/08/881/001,0,2,2029-01-01,2029-12-31,11721056.0,USD,2026-07-31,XM-DAC-41122,,40,,,,,
XM-DAC-41122-Democratic Republic of Congo-0990/A0/08/881/001,1,2,2028-01-01,2028-12-31,11721056.0,USD,2026-07-31,XM-DAC-41122,,40,,,,,
XM-DAC-41122-Democratic Republic of Congo-0990/A0/08/881/001,2,2,2027-01-01,2027-12-31,11721056.0,USD,2026-07-31,XM-DAC-41122,,40,,,,,
XM-DAC-41122-Democratic Republic of Congo-0990/A0/08/881/001,3,2,2026-01-01,2026-12-31,11721056.0,USD,2026-07-31,XM-DAC-41122,,40,,,,,
XM-DAC-41122-Democratic Republic of Congo-0990/A0/08/881/001,4,2,2025-01-01,2025-12-31,11721056.0,USD,2026-07-31,XM-DAC-41122,,40,,,,,
XM-DAC-41122-South Sudan-4040/A0/04/002/002,0,2,2024-01-01,2024-12-31,2466983.0,USD,2026-07-31,XM-DAC-41122,,40,,,,,
XM-DAC-41122-South Sudan-4040/A0/04/002/002,1,2,2023-01-01,2023-12-31,2208888.0,USD,2026-07-31,XM-DAC-41122,,40,,,,,
XM-DAC-41122-South Sudan-4040/A0/04/002/002,2,2,2025-01-01,2025-12-31,3010986.0,USD,2026-07-31,XM-DAC-41122,,40,,,,,
XM-DAC-41122-South Sudan-4040/A0/04/002/002,3,2,2026-01-01,2026-12-31,5474814.0,USD,2026-07-31,XM-DAC-41122,,40,,,,,
XM-DAC-41122-South Sudan-4040/A0/04/002/001,0,2,2026-01-01,2026-12-31,1434664.0,USD,2026-07-31,XM-DAC-41122,,40,,,,,
XM-DAC-41122-South Sudan-4040/A0/04/002/001,1,2,2025-01-01,2025-12-31,142460.0,USD,2026-07-31,XM-DAC-41122,,40,,,,,
XM-DAC-41122-South Sudan-4040/A0/04/002/001,2,2,2024-01-01,2024-12-31,58120.0,USD,2026-07-31,XM-DAC-41122,,40,,,,,
XM-DAC-41122-South Sudan-4040/A0/04/002/001,3,2,2023-01-01,2023-12-31,15472.0,USD,2026-07-31,XM-DAC-41122,,40,,,,,
XM-DAC-41122-Rwanda-3750/A0/07/883/001,0,2,2029-01-01,2029-12-31,1062600.0,USD,2026-07-31,XM-DAC-41122,,40,,,,,
XM-DAC-41122-Rwanda-3750/A0/07/883/001,1,2,2028-01-01,2028-12-31,1062600.0,USD,2026-07-31,XM-DAC-41122,,40,,,,,
XM-DAC-41122-Rwanda-3750/A0/07/883/001,2,2,2027-01-01,2027-12-31,1062600.0,USD,2026-07-31,XM-DAC-41122,,40,,,,,
XM-DAC-41122-Rwanda-3750/A0/07/883/001,3,2,2026-01-01,2026-12-31,1469650.0,USD,2026-07-31,XM-DAC-41122,,40,,,,,
XM-DAC-41122-Rwanda-3750/A0/07/883/001,4,2,2025-01-01,2025-12-31,512483.0,USD,2026-07-31,XM-DAC-41122,,40,,,,,
DAC-1601-INV-071411,0,1,2026-01-01,2026-03-31,0.0,USD,2026-01-01,DAC-1601,Gates Foundation,60,,,"The Global Fund to Fight AIDS, Tuberculosis and Malaria",,
DAC-1601-INV-071411,1,1,2026-04-01,2026-06-30,0.0,USD,2026-04-01,DAC-1601,Gates Foundation,60,,,"The Global Fund to Fight AIDS, Tuberculosis and Malaria",,
DAC-1601-INV-071411,2,1,2026-07-01,2026-09-30,0.0,USD,2026-07-01,DAC-1601,Gates Foundation,60,,,"The Global Fund to Fight AIDS, Tuberculosis and Malaria",,
DAC-1601-INV-071411,3,1,2026-10-01,2026-12-31,0.0,USD,2026-10-01,DAC-1601,Gates Foundation,60,,,"The Global Fund to Fight AIDS, Tuberculosis and Malaria",,
DAC-1601-INV-071411,4,1,2027-01-01,2027-03-31,0.0,USD,2027-01-01,DAC-1601,Gates Foundation,60,,,"The Global Fund to Fight AIDS, Tuberculosis and Malaria",,
DAC-1601-INV-071411,5,1,2027-04-01,2027-06-30,0.0,USD,2027-04-01,DAC-1601,Gates Foundation,60,,,"The Global Fund to Fight AIDS, Tuberculosis and Malaria",,
DAC-1601-INV-071411,6,1,2027-07-01,2027-09-30,0.0,USD,2027-07-01,DAC-1601,Gates Foundation,60,,,"The Global Fund to Fight AIDS, Tuberculosis and Malaria",,
DAC-1601-INV-071411,7,1,2027-10-01,2027-12-31,0.0,USD,2027-10-01,DAC-1601,Gates Foundation,60,,,"The Global Fund to Fight AIDS, Tuberculosis and Malaria",,
GB-COH-03580586-GEC-LNGB,0,1,2018-08-01,2025-07-31,94477575.0,GBP,2018-08-01,GB-GOV-1,LNGB Portfolio Budget Commitment from FCDO,10,GB-1-204766-101,GB-COH-03580586-GEC,PwC,70,GB-COH-03580586-GEC-LNGB
XM-DAC-41122-Ethiopia-1410/A0/08/001/005,0,2,2027-01-01,2027-12-31,7128136.0,USD,2026-07-31,XM-DAC-41122,,40,,,,,
XM-DAC-41122-Ethiopia-1410/A0/08/001/005,1,2,2026-01-01,2026-12-31,7019001.0,USD,2026-07-31,XM-DAC-41122,,40,,,,,
XM-DAC-41122-Ethiopia-1410/A0/08/001/005,2,2,2028-01-01,2028-12-31,7601679.0,USD,2026-07-31,XM-DAC-41122,,40,,,,,
XM-DAC-41122-Ethiopia-1410/A0/08/001/005,3,2,2029-01-01,2029-12-31,8108432.0,USD,2026-07-31,XM-DAC-41122,,40,,,,,
XM-DAC-41122-Ethiopia-1410/A0/08/001/005,4,2,2030-01-01,2030-12-31,4325384.0,USD,2026-07-31,XM-DAC-41122,,40,,,,,
XM-DAC-41122-Ethiopia-1410/A0/08/001/005,5,2,2025-01-01,2025-12-31,3633720.0,USD,2026-07-31,XM-DAC-41122,,40,,,,,
XM-DAC-41122-Rwanda-3750/A0/07/881/003,0,2,2026-01-01,2026-12-31,2076817.0,USD,2026-07-31,XM-DAC-41122,,40,,,,,
XM-DAC-41122-Rwanda-3750/A0/07/881/003,1,2,2025-01-01,2025-12-31,229191.0,USD,2026-07-31,XM-DAC-41122,,40,,,,,
XM-DAC-41122-Rwanda-3750/A0/07/881/003,2,2,2027-01-01,2027-12-31,1620000.0,USD,2026-07-31,XM-DAC-41122,,40,,,,,
XM-DAC-41122-Rwanda-3750/A0/07/881/003,3,2,2028-01-01,2028-12-31,1654064.0,USD,2026-07-31,XM-DAC-41122,,40,,,,,
XM-DAC-41122-Rwanda-3750/A0/07/881/003,4,2,2029-01-01,2029-12-31,1520000.0,USD,2026-07-31,XM-DAC-41122,,40,,,,,
XM-DAC-41122-Ethiopia-1410/A0/08/002/003,0,2,2026-01-01,2026-12-31,1647734.0,USD,2026-07-31,XM-DAC-41122,,40,,,,,
XM-DAC-41122-Ethiopia-1410/A0/08/002/003,1,2,2025-01-01,2025-12-31,784414.0,USD,2026-07-31,XM-DAC-41122,,40,,,,,
XM-DAC-41122-Ethiopia-1410/A0/08/002/003,2,2,2028-01-01,2028-12-31,1550674.0,USD,2026-07-31,XM-DAC-41122,,40,,,,,
XM-DAC-41122-Ethiopia-1410/A0/08/002/003,3,2,2029-01-01,2029-12-31,1496985.0,USD,2026-07-31,XM-DAC-41122,,40,,,,,
XM-DAC-41122-Ethiopia-1410/A0/08/002/003,4,2,2027-01-01,2027-12-31,1600845.0,USD,2026-07-31,XM-DAC-41122,,40,,,,,
XM-DAC-41122-Ethiopia-1410/A0/08/002/003,5,2,2030-01-01,2030-12-31,719765.0,USD,2026-07-31,XM-DAC-41122,,40,,,,,
CA-3-P008372001,0,,2026-04-01,2027-03-31,1298238.0,,2021-09-17,,,,,,,,
CA-3-P008372001,1,,2027-04-01,2028-03-31,693132.0,,2021-09-17,,,,,,,,
XM-DAC-41122-Democratic Republic of Congo-0990/A0/08/882/001,0,2,2027-01-01,2027-12-31,7075600.0,USD,2026-07-31,XM-DAC-41122,,40,,,,,
XM-DAC-41122-Democratic Republic of Congo-0990/A0/08/882/001,1,2,2026-01-01,2026-12-31,7075600.0,USD,2026-07-31,XM-DAC-41122,,40,,,,,
XM-DAC-41122-Democratic Republic of Congo-0990/A0/08/882/001,2,2,2028-01-01,2028-12-31,7075600.0,USD,2026-07-31,XM-DAC-41122,,40,,,,,
XM-DAC-41122-Democratic Republic of Congo-0990/A0/08/882/001,3,2,2029-01-01,2029-12-31,7075600.0,USD,2026-07-31,XM-DAC-41122,,40,,,,,
XM-DAC-41122-Democratic Republic of Congo-0990/A0/08/882/001,4,2,2025-01-01,2025-12-31,7075600.0,USD,2026-07-31,XM-DAC-41122,,40,,,,,
XM-DAC-41122-Kenya-2400/A0/07/001/010,0,2,2022-01-01,2022-12-31,1191008.0,USD,2026-07-31,XM-DAC-41122,,40,,,,,
XM-DAC-41122-Kenya-2400/A0/07/001/010,1,2,2023-01-01,2023-12-31,2343984.0,USD,2026-07-31,XM-DAC-41122,,40,,,,,
XM-DAC-41122-Kenya-2400/A0/07/001/010,2,2,2024-01-01,2024-12-31,2247575.0,USD,2026-07-31,XM-DAC-41122,,40,,,,,
XM-DAC-41122-Kenya-2400/A0/07/001/010,3,2,2025-01-01,2025-12-31,2511407.0,USD,2026-07-31,XM-DAC-41122,,40,,,,,
XM-DAC-41122-Kenya-2400/A0/07/001/010,4,2,2027-01-01,2027-12-31,768000.0,USD,2026-07-31,XM-DAC-41122,,40,,,,,
XM-DAC-41122-Kenya-2400/A0/07/001/010,5,2,2026-01-01,2026-12-31,2443357.0,USD,2026-07-31,XM-DAC-41122,,40,,,,,
XM-DAC-41122-United Rep. of Tanzania-4550/A0/06/003/002,0,2,2023-01-01,2023-12-31,1027006.0,USD,2026-07-31,XM-DAC-41122,,40,,,,,
XM-DAC-41122-United Rep. of Tanzania-4550/A0/06/003/002,1,2,2024-01-01,2024-12-31,2230000.0,USD,2026-07-31,XM-DAC-41122,,40,,,,,
XM-DAC-41122-United Rep. of Tanzania-4550/A0/06/003/002,2,2,2025-01-01,2025-12-31,2250000.0,USD,2026-07-31,XM-DAC-41122,,40,,,,,
XM-DAC-41122-United Rep. of Tanzania-4550/A0/06/003/002,3,2,2026-01-01,2026-12-31,2230000.0,USD,2026-07-31,XM-DAC-41122,,40,,,,,
XM-DAC-41122-United Rep. of Tanzania-4550/A0/06/003/002,4,2,2027-01-01,2027-12-31,1320919.0,USD,2026-07-31,XM-DAC-41122,,40,,,,,
XM-DAC-41122-United Rep. of Tanzania-4550/A0/06/003/002,5,2,2022-01-01,2022-12-31,972075.0,USD,2026-07-31,XM-DAC-41122,,40,,,,,
US-EIN-27-1414646-UKGAMRIF1,0,1,2021-11-04,2022-01-31,390446.17,GBP,2021-11-04,UK DHSC,,,,Clinton Health Access Initiative,,,
US-EIN-27-1414646-UKGAMRIF1,1,1,2022-02-01,2022-03-31,254961.39,GBP,2021-11-04,UK DHSC,,,,Clinton Health Access Initiative,,,
XM-DAC-41122-Uganda-4380/A0/07/001/003,0,2,2027-01-01,2027-12-31,1.0,USD,2026-07-31,XM-DAC-41122,,40,,,,,
XM-DAC-41122-Uganda-4380/A0/07/001/003,1,2,2028-01-01,2028-12-31,1.0,USD,2026-07-31,XM-DAC-41122,,40,,,,,
XM-DAC-41122-Uganda-4380/A0/07/001/003,2,2,2029-01-01,2029-12-31,1.0,USD,2026-07-31,XM-DAC-41122,,40,,,,,
XM-DAC-41122-Uganda-4380/A0/07/001/003,3,2,2030-01-01,2030-12-31,1.0,USD,2026-07-31,XM-DAC-41122,,40,,,,,
XM-DAC-41122-Uganda-4380/A0/07/001/003,4,2,2026-01-01,2026-12-31,9340403.0,USD,2026-07-31,XM-DAC-41122,,40,,,,,
XM-DAC-41122-Kenya-2400/A0/07/001/005,0,2,2025-01-01,2025-12-31,288470.0,USD,2026-07-31,XM-DAC-41122,,40,,,,,
XM-DAC-41122-Kenya-2400/A0/07/001/005,1,2,2026-01-01,2026-12-31,900000.0,USD,2026-07-31,XM-DAC-41122,,40,,,,,
XM-DAC-41122-Kenya-2400/A0/07/001/005,2,2,2027-01-01,2027-12-31,518000.0,USD,2026-07-31,XM-DAC-41122,,40,,,,,
XM-DAC-41122-Kenya-2400/A0/07/001/005,3,2,2022-01-01,2022-12-31,176122.0,USD,2026-07-31,XM-DAC-41122,,40,,,,,
XM-DAC-41122-Kenya-2400/A0/07/001/005,4,2,2023-01-01,2023-12-31,234637.0,USD,2026-07-31,XM-DAC-41122,,40,,,,,
XM-DAC-41122-Kenya-2400/A0/07/001/005,5,2,2024-01-01,2024-12-31,947949.0,USD,2026-07-31,XM-DAC-41122,,40,,,,,
XM-DAC-41122-Democratic Republic of Congo-0990/A0/08/881/002,0,2,2029-01-01,2029-12-31,23965829.0,USD,2026-07-31,XM-DAC-41122,,40,,,,,
XM-DAC-41122-Democratic Republic of Congo-0990/A0/08/881/002,1,2,2028-01-01,2028-12-31,23965829.0,USD,2026-07-31,XM-DAC-41122,,40,,,,,
XM-DAC-41122-Democratic Republic of Congo-0990/A0/08/881/002,2,2,2025-01-01,2025-12-31,23965829.0,USD,2026-07-31,XM-DAC-41122,,40,,,,,
XM-DAC-41122-Democratic Republic of Congo-0990/A0/08/881/002,3,2,2026-01-01,2026-12-31,23965829.0,USD,2026-07-31,XM-DAC-41122,,40,,,,,
XM-DAC-41122-Democratic Republic of Congo-0990/A0/08/881/002,4,2,2027-01-01,2027-12-31,23965829.0,USD,2026-07-31,XM-DAC-41122,,40,,,,,
XM-DAC-41122-United Rep. of Tanzania-4550/A0/06/003/004,0,2,2022-01-01,2022-12-31,468152.0,USD,2026-07-31,XM-DAC-41122,,40,,,,,
XM-DAC-41122-United Rep. of Tanzania-4550/A0/06/003/004,1,2,2023-01-01,2023-12-31,1781999.0,USD,2026-07-31,XM-DAC-41122,,40,,,,,
XM-DAC-41122-United Rep. of Tanzania-4550/A0/06/003/004,2,2,2025-01-01,2025-12-31,2500000.0,USD,2026-07-31,XM-DAC-41122,,40,,,,,
XM-DAC-41122-United Rep. of Tanzania-4550/A0/06/003/004,3,2,2026-01-01,2026-12-31,2500000.0,USD,2026-07-31,XM-DAC-41122,,40,,,,,
XM-DAC-41122-United Rep. of Tanzania-4550/A0/06/003/004,4,2,2027-01-01,2027-12-31,1684849.0,USD,2026-07-31,XM-DAC-41122,,40,,,,,
XM-DAC-41122-United Rep. of Tanzania-4550/A0/06/003/004,5,2,2024-01-01,2024-12-31,2500000.0,USD,2026-07-31,XM-DAC-41122,,40,,,,,
XM-DAC-41122-Ethiopia-1410/A0/08/001/003,0,2,2026-01-01,2026-12-31,10440753.0,USD,2026-07-31,XM-DAC-41122,,40,,,,,
XM-DAC-41122-Ethiopia-1410/A0/08/001/003,1,2,2027-01-01,2027-12-31,10404710.0,USD,2026-07-31,XM-DAC-41122,,40,,,,,
XM-DAC-41122-Ethiopia-1410/A0/08/001/003,2,2,2028-01-01,2028-12-31,10180780.0,USD,2026-07-31,XM-DAC-41122,,40,,,,,
XM-DAC-41122-Ethiopia-1410/A0/08/001/003,3,2,2029-01-01,2029-12-31,9941045.0,USD,2026-07-31,XM-DAC-41122,,40,,,,,
XM-DAC-41122-Ethiopia-1410/A0/08/001/003,4,2,2030-01-01,2030-12-31,4842183.0,USD,2026-07-31,XM-DAC-41122,,40,,,,,
XM-DAC-41122-Ethiopia-1410/A0/08/001/003,5,2,2025-01-01,2025-12-31,5173672.0,USD,2026-07-31,XM-DAC-41122,,40,,,,,
XM-DAC-41122-Somalia-3920/A0/09/001/001,0,2,2030-01-01,2030-12-31,20145585.0,USD,2026-07-31,XM-DAC-41122,,40,,,,,
XM-DAC-41122-Somalia-3920/A0/09/001/001,1,2,2029-01-01,2029-12-31,20145584.0,USD,2026-07-31,XM-DAC-41122,,40,,,,,
XM-DAC-41122-Somalia-3920/A0/09/001/001,2,2,2028-01-01,2028-12-31,20159929.0,USD,2026-07-31,XM-DAC-41122,,40,,,,,
XM-DAC-41122-Somalia-3920/A0/09/001/001,3,2,2027-01-01,2027-12-31,20163404.0,USD,2026-07-31,XM-DAC-41122,,40,,,,,
XM-DAC-41122-Somalia-3920/A0/09/001/001,4,2,2026-01-01,2026-12-31,20176853.0,USD,2026-07-31,XM-DAC-41122,,40,,,,,
XM-DAC-41122-United Rep. of Tanzania-4550/A0/06/001/002,0,2,2022-01-01,2022-12-31,1883623.0,USD,2026-07-31,XM-DAC-41122,,40,,,,,
XM-DAC-41122-United Rep. of Tanzania-4550/A0/06/001/002,1,2,2023-01-01,2023-12-31,5505320.0,USD,2026-07-31,XM-DAC-41122,,40,,,,,
XM-DAC-41122-United Rep. of Tanzania-4550/A0/06/001/002,2,2,2024-01-01,2024-12-31,2600000.0,USD,2026-07-31,XM-DAC-41122,,40,,,,,
XM-DAC-41122-United Rep. of Tanzania-4550/A0/06/001/002,3,2,2025-01-01,2025-12-31,1450000.0,USD,2026-07-31,XM-DAC-41122,,40,,,,,
XM-DAC-41122-United Rep. of Tanzania-4550/A0/06/001/002,4,2,2027-01-01,2027-12-31,401647.0,USD,2026-07-31,XM-DAC-41122,,40,,,,,
XM-DAC-41122-United Rep. of Tanzania-4550/A0/06/001/002,5,2,2026-01-01,2026-12-31,1450000.0,USD,2026-07-31,XM-DAC-41122,,40,,,,,
XM-DAC-41122-United Rep. of Tanzania-4550/A0/06/001/003,0,2,2025-01-01,2025-12-31,3000000.0,USD,2026-07-31,XM-DAC-41122,,40,,,,,
XM-DAC-41122-United Rep. of Tanzania-4550/A0/06/001/003,1,2,2024-01-01,2024-12-31,3000000.0,USD,2026-07-31,XM-DAC-41122,,40,,,,,
XM-DAC-41122-United Rep. of Tanzania-4550/A0/06/001/003,2,2,2023-01-01,2023-12-31,2890257.0,USD,2026-07-31,XM-DAC-41122,,40,,,,,
XM-DAC-41122-United Rep. of Tanzania-4550/A0/06/001/003,3,2,2022-01-01,2022-12-31,3018884.0,USD,2026-07-31,XM-DAC-41122,,40,,,,,
XM-DAC-41122-United Rep. of Tanzania-4550/A0/06/001/003,4,2,2027-01-01,2027-12-31,1525269.0,USD,2026-07-31,XM-DAC-41122,,40,,,,,
XM-DAC-41122-United Rep. of Tanzania-4550/A0/06/001/003,5,2,2026-01-01,2026-12-31,3000000.0,USD,2026-07-31,XM-DAC-41122,,40,,,,,
XM-DAC-41122-Kenya-2400/A0/07/005/003,0,2,2024-01-01,2024-12-31,271839.0,USD,2026-07-31,XM-DAC-41122,,40,,,,,
XM-DAC-41122-Kenya-2400/A0/07/005/003,1,2,2022-01-01,2022-12-31,33484.0,USD,2026-07-31,XM-DAC-41122,,40,,,,,
XM-DAC-41122-Kenya-2400/A0/07/005/003,2,2,2023-01-01,2023-12-31,46238.0,USD,2026-07-31,XM-DAC-41122,,40,,,,,
XM-DAC-41122-Kenya-2400/A0/07/005/003,3,2,2025-01-01,2025-12-31,38045.0,USD,2026-07-31,XM-DAC-41122,,40,,,,,
XM-DAC-41122-Kenya-2400/A0/07/005/003,4,2,2026-01-01,2026-12-31,120000.0,USD,2026-07-31,XM-DAC-41122,,40,,,,,
XM-DAC-41122-Kenya-2400/A0/07/005/003,5,2,2027-01-01,2027-12-31,59000.0,USD,2026-07-31,XM-DAC-41122,,40,,,,,
XM-DAC-41122-Kenya-2400/A0/07/001/001,0,2,2023-01-01,2023-12-31,11827890.0,USD,2026-07-31,XM-DAC-41122,,40,,,,,
XM-DAC-41122-Kenya-2400/A0/07/001/001,1,2,2024-01-01,2024-12-31,8803959.0,USD,2026-07-31,XM-DAC-41122,,40,,,,,
XM-DAC-41122-Kenya-2400/A0/07/001/001,2,2,2025-01-01,2025-12-31,689353.0,USD,2026-07-31,XM-DAC-41122,,40,,,,,
XM-DAC-41122-Kenya-2400/A0/07/001/001,3,2,2026-01-01,2026-12-31,2060000.0,USD,2026-07-31,XM-DAC-41122,,40,,,,,
XM-DAC-41122-Kenya-2400/A0/07/001/001,4,2,2027-01-01,2027-12-31,1010000.0,USD,2026-07-31,XM-DAC-41122,,40,,,,,
XM-DAC-41122-Kenya-2400/A0/07/001/001,5,2,2022-01-01,2022-12-31,2972713.0,USD,2026-07-31,XM-DAC-41122,,40,,,,,
DAC-1601-INV-077480,0,1,2026-01-01,2026-03-31,0.0,USD,2026-01-01,DAC-1601,Gates Foundation,60,,,BroadReach Group LLC,,
DAC-1601-INV-077480,1,1,2026-04-01,2026-06-30,0.0,USD,2026-04-01,DAC-1601,Gates Foundation,60,,,BroadReach Group LLC,,
DAC-1601-INV-077480,2,1,2026-07-01,2026-09-30,0.0,USD,2026-07-01,DAC-1601,Gates Foundation,60,,,BroadReach Group LLC,,
DAC-1601-INV-077480,3,1,2026-10-01,2026-12-31,0.0,USD,2026-10-01,DAC-1601,Gates Foundation,60,,,BroadReach Group LLC,,
DAC-1601-INV-077480,4,1,2027-01-01,2027-03-31,0.0,USD,2027-01-01,DAC-1601,Gates Foundation,60,,,BroadReach Group LLC,,
DAC-1601-INV-077480,5,1,2027-04-01,2027-06-30,0.0,USD,2027-04-01,DAC-1601,Gates Foundation,60,,,BroadReach Group LLC,,
DAC-1601-INV-077480,6,1,2027-07-01,2027-09-30,0.0,USD,2027-07-01,DAC-1601,Gates Foundation,60,,,BroadReach Group LLC,,
DAC-1601-INV-077480,7,1,2027-10-01,2027-12-31,0.0,USD,2027-10-01,DAC-1601,Gates Foundation,60,,,BroadReach Group LLC,,
XM-DAC-41122-Somalia-3920/A0/09/002/002,0,2,2029-01-01,2029-12-31,1632400.0,USD,2026-07-31,XM-DAC-41122,,40,,,,,
XM-DAC-41122-Somalia-3920/A0/09/002/002,1,2,2030-01-01,2030-12-31,1483600.0,USD,2026-07-31,XM-DAC-41122,,40,,,,,
XM-DAC-41122-Somalia-3920/A0/09/002/002,2,2,2028-01-01,2028-12-31,1744000.0,USD,2026-07-31,XM-DAC-41122,,40,,,,,
XM-DAC-41122-Somalia-3920/A0/09/002/002,3,2,2026-01-01,2026-12-31,2004400.0,USD,2026-07-31,XM-DAC-41122,,40,,,,,
XM-DAC-41122-Somalia-3920/A0/09/002/002,4,2,2027-01-01,2027-12-31,1855600.0,USD,2026-07-31,XM-DAC-41122,,40,,,,,
XM-DAC-41122-Somalia-3920/A0/09/001/004,0,2,2030-01-01,2030-12-31,5169962.0,USD,2026-07-31,XM-DAC-41122,,40,,,,,
XM-DAC-41122-Somalia-3920/A0/09/001/004,1,2,2029-01-01,2029-12-31,5169961.0,USD,2026-07-31,XM-DAC-41122,,40,,,,,
XM-DAC-41122-Somalia-3920/A0/09/001/004,2,2,2028-01-01,2028-12-31,5147192.0,USD,2026-07-31,XM-DAC-41122,,40,,,,,
XM-DAC-41122-Somalia-3920/A0/09/001/004,3,2,2027-01-01,2027-12-31,5141675.0,USD,2026-07-31,XM-DAC-41122,,40,,,,,
XM-DAC-41122-Somalia-3920/A0/09/001/004,4,2,2026-01-01,2026-12-31,5120328.0,USD,2026-07-31,XM-DAC-41122,,40,,,,,
XM-DAC-41122-Democratic Republic of Congo-0990/A0/08/882/003,0,2,2026-01-01,2026-12-31,7410400.0,USD,2026-07-31,XM-DAC-41122,,40,,,,,
XM-DAC-41122-Democratic Republic of Congo-0990/A0/08/882/003,1,2,2027-01-01,2027-12-31,7410400.0,USD,2026-07-31,XM-DAC-41122,,40,,,,,
XM-DAC-41122-Democratic Republic of Congo-0990/A0/08/882/003,2,2,2029-01-01,2029-12-31,7410400.0,USD,2026-07-31,XM-DAC-41122,,40,,,,,
XM-DAC-41122-Democratic Republic of Congo-0990/A0/08/882/003,3,2,2028-01-01,2028-12-31,7410400.0,USD,2026-07-31,XM-DAC-41122,,40,,,,,
XM-DAC-41122-Democratic Republic of Congo-0990/A0/08/882/003,4,2,2025-01-01,2025-12-31,7410400.0,USD,2026-07-31,XM-DAC-41122,,40,,,,,
XM-DAC-41122-Democratic Republic of Congo-0990/A0/08/882/002,0,2,2028-01-01,2028-12-31,23486000.0,USD,2026-07-31,XM-DAC-41122,,40,,,,,
XM-DAC-41122-Democratic Republic of Congo-0990/A0/08/882/002,1,2,2029-01-01,2029-12-31,23486000.0,USD,2026-07-31,XM-DAC-41122,,40,,,,,
XM-DAC-41122-Democratic Republic of Congo-0990/A0/08/882/002,2,2,2027-01-01,2027-12-31,23486000.0,USD,2026-07-31,XM-DAC-41122,,40,,,,,
XM-DAC-41122-Democratic Republic of Congo-0990/A0/08/882/002,3,2,2025-01-01,2025-12-31,23486000.0,USD,2026-07-31,XM-DAC-41122,,40,,,,,
XM-DAC-41122-Democratic Republic of Congo-0990/A0/08/882/002,4,2,2026-01-01,2026-12-31,23486000.0,USD,2026-07-31,XM-DAC-41122,,40,,,,,
XM-DAC-41122-South Sudan-4040/A0/04/004/002,0,2,2023-01-01,2023-12-31,13231649.0,USD,2026-07-31,XM-DAC-41122,,40,,,,,
XM-DAC-41122-South Sudan-4040/A0/04/004/002,1,2,2024-01-01,2024-12-31,9397757.0,USD,2026-07-31,XM-DAC-41122,,40,,,,,
XM-DAC-41122-South Sudan-4040/A0/04/004/002,2,2,2025-01-01,2025-12-31,11473891.0,USD,2026-07-31,XM-DAC-41122,,40,,,,,
XM-DAC-41122-South Sudan-4040/A0/04/004/002,3,2,2026-01-01,2026-12-31,19997069.0,USD,2026-07-31,XM-DAC-41122,,40,,,,,
XM-DAC-41122-Ethiopia-1410/A0/08/002/004,0,2,2026-01-01,2026-12-31,2665451.0,USD,2026-07-31,XM-DAC-41122,,40,,,,,
XM-DAC-41122-Ethiopia-1410/A0/08/002/004,1,2,2030-01-01,2030-12-31,1184114.0,USD,2026-07-31,XM-DAC-41122,,40,,,,,
XM-DAC-41122-Ethiopia-1410/A0/08/002/004,2,2,2029-01-01,2029-12-31,2450435.0,USD,2026-07-31,XM-DAC-41122,,40,,,,,
XM-DAC-41122-Ethiopia-1410/A0/08/002/004,3,2,2028-01-01,2028-12-31,2527129.0,USD,2026-07-31,XM-DAC-41122,,40,,,,,
XM-DAC-41122-Ethiopia-1410/A0/08/002/004,4,2,2027-01-01,2027-12-31,2598685.0,USD,2026-07-31,XM-DAC-41122,,40,,,,,
XM-DAC-41122-Ethiopia-1410/A0/08/002/004,5,2,2025-01-01,2025-12-31,1279045.0,USD,2026-07-31,XM-DAC-41122,,40,,,,,
XM-DAC-41122-Kenya-2400/A0/07/001/004,0,2,2027-01-01,2027-12-31,1018000.0,USD,2026-07-31,XM-DAC-41122,,40,,,,,
XM-DAC-41122-Kenya-2400/A0/07/001/004,1,2,2026-01-01,2026-12-31,1600000.0,USD,2026-07-31,XM-DAC-41122,,40,,,,,
XM-DAC-41122-Kenya-2400/A0/07/001/004,2,2,2025-01-01,2025-12-31,1579717.0,USD,2026-07-31,XM-DAC-41122,,40,,,,,
XM-DAC-41122-Kenya-2400/A0/07/001/004,3,2,2024-01-01,2024-12-31,1589714.0,USD,2026-07-31,XM-DAC-41122,,40,,,,,
XM-DAC-41122-Kenya-2400/A0/07/001/004,4,2,2023-01-01,2023-12-31,851924.0,USD,2026-07-31,XM-DAC-41122,,40,,,,,
XM-DAC-41122-Kenya-2400/A0/07/001/004,5,2,2022-01-01,2022-12-31,324943.0,USD,2026-07-31,XM-DAC-41122,,40,,,,,
XM-DAC-41122-United Rep. of Tanzania-4550/A0/06/004/004,0,2,2023-01-01,2023-12-31,985000.0,USD,2026-07-31,XM-DAC-41122,,40,,,,,
XM-DAC-41122-United Rep. of Tanzania-4550/A0/06/004/004,1,2,2024-01-01,2024-12-31,860600.0,USD,2026-07-31,XM-DAC-41122,,40,,,,,
XM-DAC-41122-United Rep. of Tanzania-4550/A0/06/004/004,2,2,2025-01-01,2025-12-31,840600.0,USD,2026-07-31,XM-DAC-41122,,40,,,,,
XM-DAC-41122-United Rep. of Tanzania-4550/A0/06/004/004,3,2,2026-01-01,2026-12-31,800000.0,USD,2026-07-31,XM-DAC-41122,,40,,,,,
XM-DAC-41122-United Rep. of Tanzania-4550/A0/06/004/004,4,2,2027-01-01,2027-12-31,601678.0,USD,2026-07-31,XM-DAC-41122,,40,,,,,
XM-DAC-41122-United Rep. of Tanzania-4550/A0/06/004/004,5,2,2022-01-01,2022-12-31,402987.0,USD,2026-07-31,XM-DAC-41122,,40,,,,,
XM-DAC-41122-Kenya-2400/A0/07/001/003,0,2,2027-01-01,2027-12-31,768000.0,USD,2026-07-31,XM-DAC-41122,,40,,,,,
XM-DAC-41122-Kenya-2400/A0/07/001/003,1,2,2026-01-01,2026-12-31,1020000.0,USD,2026-07-31,XM-DAC-41122,,40,,,,,
XM-DAC-41122-Kenya-2400/A0/07/001/003,2,2,2025-01-01,2025-12-31,1141636.0,USD,2026-07-31,XM-DAC-41122,,40,,,,,
XM-DAC-41122-Kenya-2400/A0/07/001/003,3,2,2024-01-01,2024-12-31,1889417.0,USD,2026-07-31,XM-DAC-41122,,40,,,,,
XM-DAC-41122-Kenya-2400/A0/07/001/003,4,2,2023-01-01,2023-12-31,1394117.0,USD,2026-07-31,XM-DAC-41122,,40,,,,,
XM-DAC-41122-Kenya-2400/A0/07/001/003,5,2,2022-01-01,2022-12-31,519931.0,USD,2026-07-31,XM-DAC-41122,,40,,,,,
XM-DAC-41122-Somalia-3920/A0/09/001/003,0,2,2027-01-01,2027-12-31,3289599.0,USD,2026-07-31,XM-DAC-41122,,40,,,,,
XM-DAC-41122-Somalia-3920/A0/09/001/003,1,2,2026-01-01,2026-12-31,3291733.0,USD,2026-07-31,XM-DAC-41122,,40,,,,,
XM-DAC-41122-Somalia-3920/A0/09/001/003,2,2,2028-01-01,2028-12-31,3289047.0,USD,2026-07-31,XM-DAC-41122,,40,,,,,
XM-DAC-41122-Somalia-3920/A0/09/001/003,3,2,2029-01-01,2029-12-31,3286770.0,USD,2026-07-31,XM-DAC-41122,,40,,,,,
XM-DAC-41122-Somalia-3920/A0/09/001/003,4,2,2030-01-01,2030-12-31,3286768.0,USD,2026-07-31,XM-DAC-41122,,40,,,,,
XM-DAC-41122-Ethiopia-1410/A0/08/002/001,0,2,2030-01-01,2030-12-31,1925104.0,USD,2026-07-31,XM-DAC-41122,,40,,,,,
XM-DAC-41122-Ethiopia-1410/A0/08/002/001,1,2,2029-01-01,2029-12-31,3980008.0,USD,2026-07-31,XM-DAC-41122,,40,,,,,
XM-DAC-41122-Ethiopia-1410/A0/08/002/001,2,2,2028-01-01,2028-12-31,4101055.0,USD,2026-07-31,XM-DAC-41122,,40,,,,,
XM-DAC-41122-Ethiopia-1410/A0/08/002/001,3,2,2027-01-01,2027-12-31,4213954.0,USD,2026-07-31,XM-DAC-41122,,40,,,,,
XM-DAC-41122-Ethiopia-1410/A0/08/002/001,4,2,2026-01-01,2026-12-31,4319257.0,USD,2026-07-31,XM-DAC-41122,,40,,,,,
XM-DAC-41122-Ethiopia-1410/A0/08/002/001,5,2,2025-01-01,2025-12-31,2075867.0,USD,2026-07-31,XM-DAC-41122,,40,,,,,
XM-DAC-41122-South Sudan-4040/A0/04/001/001,0,2,2026-01-01,2026-12-31,103575678.0,USD,2026-07-31,XM-DAC-41122,,40,,,,,
XM-DAC-41122-South Sudan-4040/A0/04/001/001,1,2,2025-01-01,2025-12-31,38123952.0,USD,2026-07-31,XM-DAC-41122,,40,,,,,
XM-DAC-41122-South Sudan-4040/A0/04/001/001,2,2,2024-01-01,2024-12-31,11515808.0,USD,2026-07-31,XM-DAC-41122,,40,,,,,
XM-DAC-41122-South Sudan-4040/A0/04/001/001,3,2,2023-01-01,2023-12-31,14660625.0,USD,2026-07-31,XM-DAC-41122,,40,,,,,
XM-DAC-41122-Uganda-4380/A0/07/001/004,0,2,2026-01-01,2026-12-31,1305447.0,USD,2026-07-31,XM-DAC-41122,,40,,,,,
XM-DAC-41122-Uganda-4380/A0/07/001/004,1,2,2030-01-01,2030-12-31,1.0,USD,2026-07-31,XM-DAC-41122,,40,,,,,
XM-DAC-41122-Uganda-4380/A0/07/001/004,2,2,2029-01-01,2029-12-31,1.0,USD,2026-07-31,XM-DAC-41122,,40,,,,,
XM-DAC-41122-Uganda-4380/A0/07/001/004,3,2,2028-01-01,2028-12-31,1.0,USD,2026-07-31,XM-DAC-41122,,40,,,,,
XM-DAC-41122-Uganda-4380/A0/07/001/004,4,2,2027-01-01,2027-12-31,1.0,USD,2026-07-31,XM-DAC-41122,,40,,,,,
XM-DAC-41122-Democratic Republic of Congo-0990/A0/08/884/002,0,2,2026-01-01,2026-12-31,9405080.0,USD,2026-07-31,XM-DAC-41122,,40,,,,,
XM-DAC-41122-Democratic Republic of Congo-0990/A0/08/884/002,1,2,2025-01-01,2025-12-31,9405080.0,USD,2026-07-31,XM-DAC-41122,,40,,,,,
XM-DAC-41122-Democratic Republic of Congo-0990/A0/08/884/002,2,2,2027-01-01,2027-12-31,9405080.0,USD,2026-07-31,XM-DAC-41122,,40,,,,,
XM-DAC-41122-Democratic Republic of Congo-0990/A0/08/884/002,3,2,2028-01-01,2028-12-31,9405080.0,USD,2026-07-31,XM-DAC-41122,,40,,,,,
XM-DAC-41122-Democratic Republic of Congo-0990/A0/08/884/002,4,2,2029-01-01,2029-12-31,9405080.0,USD,2026-07-31,XM-DAC-41122,,40,,,,,
XM-DAC-41122-United Rep. of Tanzania-4550/A0/06/002/004,0,2,2026-01-01,2026-12-31,310000.0,USD,2026-07-31,XM-DAC-41122,,40,,,,,
XM-DAC-41122-United Rep. of Tanzania-4550/A0/06/002/004,1,2,2025-01-01,2025-12-31,310000.0,USD,2026-07-31,XM-DAC-41122,,40,,,,,
XM-DAC-41122-United Rep. of Tanzania-4550/A0/06/002/004,2,2,2022-01-01,2022-12-31,281200.0,USD,2026-07-31,XM-DAC-41122,,40,,,,,
XM-DAC-41122-United Rep. of Tanzania-4550/A0/06/002/004,3,2,2023-01-01,2023-12-31,350551.0,USD,2026-07-31,XM-DAC-41122,,40,,,,,
XM-DAC-41122-United Rep. of Tanzania-4550/A0/06/002/004,4,2,2024-01-01,2024-12-31,392000.0,USD,2026-07-31,XM-DAC-41122,,40,,,,,
XM-DAC-41122-United Rep. of Tanzania-4550/A0/06/002/004,5,2,2027-01-01,2027-12-31,103090.0,USD,2026-07-31,XM-DAC-41122,,40,,,,,
XM-DAC-41122-Kenya-2400/A0/07/005/004,0,2,2022-01-01,2022-12-31,1892920.0,USD,2026-07-31,XM-DAC-41122,,40,,,,,
XM-DAC-41122-Kenya-2400/A0/07/005/004,1,2,2023-01-01,2023-12-31,6093799.0,USD,2026-07-31,XM-DAC-41122,,40,,,,,
XM-DAC-41122-Kenya-2400/A0/07/005/004,2,2,2024-01-01,2024-12-31,4983941.0,USD,2026-07-31,XM-DAC-41122,,40,,,,,
XM-DAC-41122-Kenya-2400/A0/07/005/004,3,2,2026-01-01,2026-12-31,2457157.0,USD,2026-07-31,XM-DAC-41122,,40,,,,,
XM-DAC-41122-Kenya-2400/A0/07/005/004,4,2,2027-01-01,2027-12-31,469000.0,USD,2026-07-31,XM-DAC-41122,,40,,,,,
XM-DAC-41122-Kenya-2400/A0/07/005/004,5,2,2025-01-01,2025-12-31,3296920.0,USD,2026-07-31,XM-DAC-41122,,40,,,,,
XM-DAC-41122-Somalia-3920/A0/09/002/001,0,2,2028-01-01,2028-12-31,4236141.0,USD,2026-07-31,XM-DAC-41122,,40,,,,,
XM-DAC-41122-Somalia-3920/A0/09/002/001,1,2,2027-01-01,2027-12-31,4654641.0,USD,2026-07-31,XM-DAC-41122,,40,,,,,
XM-DAC-41122-Somalia-3920/A0/09/002/001,2,2,2029-01-01,2029-12-31,3817641.0,USD,2026-07-31,XM-DAC-41122,,40,,,,,
XM-DAC-41122-Somalia-3920/A0/09/002/001,3,2,2030-01-01,2030-12-31,3259641.0,USD,2026-07-31,XM-DAC-41122,,40,,,,,
XM-DAC-41122-Somalia-3920/A0/09/002/001,4,2,2026-01-01,2026-12-31,5212641.0,USD,2026-07-31,XM-DAC-41122,,40,,,,,
XM-DAC-41122-Uganda-4380/A0/07/001/005,0,2,2030-01-01,2030-12-31,1.0,USD,2026-07-31,XM-DAC-41122,,40,,,,,
XM-DAC-41122-Uganda-4380/A0/07/001/005,1,2,2029-01-01,2029-12-31,1.0,USD,2026-07-31,XM-DAC-41122,,40,,,,,
XM-DAC-41122-Uganda-4380/A0/07/001/005,2,2,2028-01-01,2028-12-31,1.0,USD,2026-07-31,XM-DAC-41122,,40,,,,,
XM-DAC-41122-Uganda-4380/A0/07/001/005,3,2,2027-01-01,2027-12-31,1.0,USD,2026-07-31,XM-DAC-41122,,40,,,,,
XM-DAC-41122-Uganda-4380/A0/07/001/005,4,2,2026-01-01,2026-12-31,7039820.0,USD,2026-07-31,XM-DAC-41122,,40,,,,,
XM-DAC-41122-Kenya-2400/A0/07/001/006,0,2,2025-01-01,2025-12-31,1283098.0,USD,2026-07-31,XM-DAC-41122,,40,,,,,
XM-DAC-41122-Kenya-2400/A0/07/001/006,1,2,2022-01-01,2022-12-31,10267434.0,USD,2026-07-31,XM-DAC-41122,,40,,,,,
XM-DAC-41122-Kenya-2400/A0/07/001/006,2,2,2023-01-01,2023-12-31,34329737.0,USD,2026-07-31,XM-DAC-41122,,40,,,,,
XM-DAC-41122-Kenya-2400/A0/07/001/006,3,2,2024-01-01,2024-12-31,17306778.0,USD,2026-07-31,XM-DAC-41122,,40,,,,,
XM-DAC-41122-Kenya-2400/A0/07/001/006,4,2,2026-01-01,2026-12-31,2300000.0,USD,2026-07-31,XM-DAC-41122,,40,,,,,
XM-DAC-41122-Kenya-2400/A0/07/001/006,5,2,2027-01-01,2027-12-31,1018000.0,USD,2026-07-31,XM-DAC-41122,,40,,,,,
XM-DAC-41122-Uganda-4380/A0/07/001/001,0,2,2030-01-01,2030-12-31,1.0,USD,2026-07-31,XM-DAC-41122,,40,,,,,
XM-DAC-41122-Uganda-4380/A0/07/001/001,1,2,2029-01-01,2029-12-31,1.0,USD,2026-07-31,XM-DAC-41122,,40,,,,,
XM-DAC-41122-Uganda-4380/A0/07/001/001,2,2,2028-01-01,2028-12-31,1.0,USD,2026-07-31,XM-DAC-41122,,40,,,,,
XM-DAC-41122-Uganda-4380/A0/07/001/001,3,2,2027-01-01,2027-12-31,1.0,USD,2026-07-31,XM-DAC-41122,,40,,,,,
XM-DAC-41122-Uganda-4380/A0/07/001/001,4,2,2026-01-01,2026-12-31,374491.0,USD,2026-07-31,XM-DAC-41122,,40,,,,,
XM-DAC-41122-Ethiopia-1410/A0/08/001/001,0,2,2030-01-01,2030-12-31,1677005.0,USD,2026-07-31,XM-DAC-41122,,40,,,,,
XM-DAC-41122-Ethiopia-1410/A0/08/001/001,1,2,2029-01-01,2029-12-31,3450073.0,USD,2026-07-31,XM-DAC-41122,,40,,,,,
XM-DAC-41122-Ethiopia-1410/A0/08/001/001,2,2,2028-01-01,2028-12-31,3539881.0,USD,2026-07-31,XM-DAC-41122,,40,,,,,
XM-DAC-41122-Ethiopia-1410/A0/08/001/001,3,2,2027-01-01,2027-12-31,3623847.0,USD,2026-07-31,XM-DAC-41122,,40,,,,,
XM-DAC-41122-Ethiopia-1410/A0/08/001/001,4,2,2026-01-01,2026-12-31,3650510.0,USD,2026-07-31,XM-DAC-41122,,40,,,,,
XM-DAC-41122-Ethiopia-1410/A0/08/001/001,5,2,2025-01-01,2025-12-31,1797575.0,USD,2026-07-31,XM-DAC-41122,,40,,,,,
XM-DAC-41122-Ethiopia-1410/A0/08/004/003,0,2,2028-01-01,2028-12-31,5585307.0,USD,2026-07-31,XM-DAC-41122,,40,,,,,
XM-DAC-41122-Ethiopia-1410/A0/08/004/003,1,2,2029-01-01,2029-12-31,5424053.0,USD,2026-07-31,XM-DAC-41122,,40,,,,,
XM-DAC-41122-Ethiopia-1410/A0/08/004/003,2,2,2027-01-01,2027-12-31,5735907.0,USD,2026-07-31,XM-DAC-41122,,40,,,,,
XM-DAC-41122-Ethiopia-1410/A0/08/004/003,3,2,2026-01-01,2026-12-31,5766649.0,USD,2026-07-31,XM-DAC-41122,,40,,,,,
XM-DAC-41122-Ethiopia-1410/A0/08/004/003,4,2,2025-01-01,2025-12-31,2778202.0,USD,2026-07-31,XM-DAC-41122,,40,,,,,
XM-DAC-41122-Ethiopia-1410/A0/08/004/003,5,2,2030-01-01,2030-12-31,2625688.0,USD,2026-07-31,XM-DAC-41122,,40,,,,,
CA-3-P008434002,0,,2026-04-01,2027-03-31,3638100.0,,2021-03-26,,,,,,,,
CA-3-P008434002,1,,2027-04-01,2028-03-31,1366751.0,,2021-03-26,,,,,,,,
CA-3-P008434002,2,,2028-04-01,2029-03-31,145716.0,,2021-03-26,,,,,,,,
CA-3-P007310001,0,,2026-04-01,2027-03-31,994106.0,,2020-03-31,,,,,,,,
CA-3-P007310001,1,,2027-04-01,2028-03-31,746338.0,,2020-03-31,,,,,,,,
