target_account_id,account_name,organisation_entity_id,country,account_type,crm_stage,buyer_demand_score,buyer_demand_tier,opportunity_score,active_opportunities,high_priority_opportunities,upcoming_pipeline,estimated_opportunity_value,catalogue_fit_score,catalogue_fit_status,catalogue_matched_events,catalogue_matched_products,historical_familiarity_score,historical_familiarity_band,historical_evidence_count,timing_score,next_closing_date,commercial_account_priority_score,commercial_account_priority_tier,priority_reason,recommended_action,procurement_event_ids,familiarity_evidence_ids
acct_ae5c5d480e36,MINISTRY OF GENDER LABOUR AND SOCIAL DEVELOPMENT,org_cb0ec54797d4,Uganda,Implementing Partner,Prioritise,36.0,C,40.0,2,0,0,0.00,0.0,NO_VERIFIED_CATALOGUE_MATCH,0,,0.0,NONE,0,100.0,2026-09-09,27.8,MONITOR,2 active opportunities; near-term closing,Keep on watchlist; revisit when new procurement demand or catalogue-fit evidence appears.,proc_e04e7408fb87e161; proc_26b9ee78b85600a4; proc_02b7b9ab19deb726; proc_a0ec61529940e093; proc_a127d21761cb5d5e; proc_7b2973681e8ef03f; proc_634c7b9e6499a87b,
acct_1cb2e78d6838,MINISTRY OF EDUCATION,org_888dac064567,Kenya,Implementing Partner,Prioritise,26.0,C,35.0,1,1,1,0.00,0.0,NO_VERIFIED_CATALOGUE_MATCH,0,,0.0,NONE,0,100.0,2026-09-16,23.3,MONITOR,1 active opportunity; 1 high-priority signal; near-term closing,Keep on watchlist; revisit when new procurement demand or catalogue-fit evidence appears.,proc_7f7ec8180cdb9404; proc_953973e7c9135c9a; proc_ac30e934baa25e70; proc_297471c690ba31c3; proc_027633d28479c800,
acct_e306f1ee07c6,MINISTRY OF HEALTH,org_b7fc802a0a04,Uganda,Implementing Partner,Prioritise,32.0,C,0.0,0,0,0,0.00,0.0,NO_VERIFIED_CATALOGUE_MATCH,0,,0.0,NONE,0,0.0,,9.6,MONITOR,No strong commercial signal yet.,Keep on watchlist; revisit when new procurement demand or catalogue-fit evidence appears.,,
acct_e306f1ee07c6,Ministry of Health,org_b7fc802a0a04,Tanzania,Implementing Partner,Prioritise,32.0,C,0.0,0,0,0,0.00,0.0,NO_VERIFIED_CATALOGUE_MATCH,0,,0.0,NONE,0,0.0,,9.6,MONITOR,No strong commercial signal yet.,Keep on watchlist; revisit when new procurement demand or catalogue-fit evidence appears.,,
acct_e306f1ee07c6,Ministry of Health,org_b7fc802a0a04,South Sudan,Implementing Partner,Prioritise,32.0,C,0.0,0,0,0,0.00,0.0,NO_VERIFIED_CATALOGUE_MATCH,0,,0.0,NONE,0,0.0,,9.6,MONITOR,No strong commercial signal yet.,Keep on watchlist; revisit when new procurement demand or catalogue-fit evidence appears.,proc_676c8ea62abdc209; proc_e5cf0f750e2e362e; proc_8eac27ed72314333; proc_f0b451cd03bc6e2c; proc_3c96eed423fdb864; proc_638af26b16086c46; proc_517a7abb6c8b8036; proc_91162cc483f2ad2c; proc_72fe014181979a65; proc_6f17d4f52b6ff749; proc_00728bcdd17aa3cf; proc_54976c2f5558af96; proc_0285841781a343a8; proc_49bfe69beee16bf5; proc_7ac100e45fea180c; proc_5672bdfd39de9fb3; proc_83456012b2115273; proc_8e3effef006c9706; proc_2e200377000d4091; proc_f6bbc22e8aed13b3; proc_5596c9cd2495bb36,
acct_e306f1ee07c6,Ministry of Health,org_b7fc802a0a04,Kenya,Implementing Partner,Qualify,32.0,C,0.0,0,0,0,0.00,0.0,NO_VERIFIED_CATALOGUE_MATCH,0,,0.0,NONE,0,0.0,,9.6,MONITOR,No strong commercial signal yet.,Keep on watchlist; revisit when new procurement demand or catalogue-fit evidence appears.,,
acct_ae0eadec6775,MINISTRY OF FINANCE AND PLANNING,org_2311ee0131b6,South Sudan,Implementing Partner,Prioritise,25.0,C,0.0,0,0,0,0.00,0.0,NO_VERIFIED_CATALOGUE_MATCH,0,,0.0,NONE,0,0.0,,7.5,MONITOR,No strong commercial signal yet.,Keep on watchlist; revisit when new procurement demand or catalogue-fit evidence appears.,proc_004390c7bb330b36; proc_51f96ca34defa5d4; proc_41547f54415a2bd1; proc_fbba6aafd3d6eb3d; proc_04003f805a426a14; proc_a84605d12c78a642; proc_22840038cb2507ea; proc_4abcc712692cf620; proc_caaa2856156020a0; proc_d356a48d6c830b5e; proc_84887bc6149fdf35; proc_20495baff4179a32; proc_f7d555cef37c322e; proc_86f27e8c46a47801; proc_3403ce4181006e85; proc_f897d1cde046b7d5; proc_2a6a357d3cb4227f; proc_f189b711b5a6041d; proc_40d71d7b855bc573; proc_d9e0953e03804d72; proc_41d2c8f8ad619164; proc_06cac96f0575d5ed; proc_58d68c6cd7e220d5; proc_d9359a89ffba5cfe; proc_99bdf2d7f37d67e6; proc_ff05d2edb3f6da0b; proc_e527f7137b6376e7; proc_45629a1a2a89f3cc; proc_8639024160a2a297; proc_5be33e7708ca8ac9; proc_aa4a8b68275745e1; proc_53dc42f2de1beaf8; proc_7cf87cb2c960e64b,
acct_ae0eadec6775,MINISTRY OF FINANCE AND PLANNING,org_2311ee0131b6,Tanzania,Implementing Partner,Prioritise,25.0,C,0.0,0,0,0,0.00,0.0,NO_VERIFIED_CATALOGUE_MATCH,0,,0.0,NONE,0,0.0,,7.5,MONITOR,No strong commercial signal yet.,Keep on watchlist; revisit when new procurement demand or catalogue-fit evidence appears.,,
acct_ddc379dc761d,African Development Bank,org_f5b57cfc621b,Kenya; Ethiopia; Democratic Republic of the Congo; Uganda; South Sudan,Reporting Organisation,Prioritise,2.0,MONITOR,10.0,0,0,2,0.00,0.0,NO_VERIFIED_CATALOGUE_MATCH,0,,0.0,NONE,0,0.0,,3.6,MONITOR,No strong commercial signal yet.,Keep on watchlist; revisit when new procurement demand or catalogue-fit evidence appears.,proc_6ebdaa7f0c1bde83; proc_9522f622d3e777f5; proc_86643b3597b7b355; proc_98c0fad7c0f9ea02; proc_807aef1095af2827; proc_8a5f19940b16a868; proc_c4d7f91dd43e0c18; proc_d8a65b88e26571d9; proc_21c6608c419135c0; proc_f40e96d63c6802ba; proc_51b2ffd62c51aa15; proc_8b3ce4adb541619a; proc_d9eff89b33c10cf3; proc_2e8f3430f841fe82; proc_164838d7d45212d3; proc_ccbbdb8055c42c05; proc_98a0bf41f292a603; proc_9d44ed9122a046ad; proc_aa78c25ee483b6f5; proc_f6477ae71c5693b5; proc_138491e17dee1e48; proc_3004cfcca25409e0; proc_c2cba58600afe683; proc_e19b2d3c508028c0; proc_9645986e04592f81; proc_a77c92c1514c017a; proc_f510d899812ef208; proc_305a5d1f7b11dc2a; proc_430761442bf30074; proc_35d272e7c2ae6d08; proc_cdfc1acd24d2ea77; proc_2b7d525c9402176f; proc_fdadfc722756513d; proc_a8ec9d2531b6a4e7,
acct_9ca352d8a4ec,Ministry of Trade and Industry,org_7c4d75f71981,Rwanda,Implementing Partner,Prioritise,3.0,MONITOR,0.0,0,0,0,0.00,0.0,NO_VERIFIED_CATALOGUE_MATCH,0,,0.0,NONE,0,0.0,,0.9,MONITOR,No strong commercial signal yet.,Keep on watchlist; revisit when new procurement demand or catalogue-fit evidence appears.,proc_6c773039f654ea0e,
acct_36e459152167,15ème Communauté Baptiste du Congo ECC ASBL,org_297e0c7105c9,Democratic Republic of the Congo,Implementing Partner,Prioritise,0.0,MONITOR,0.0,0,0,0,0.00,0.0,NO_VERIFIED_CATALOGUE_MATCH,0,,0.0,NONE,0,0.0,,0.0,MONITOR,No strong commercial signal yet.,Keep on watchlist; revisit when new procurement demand or catalogue-fit evidence appears.,,
acct_2bdb0eefdd73,3ie International Initiative for Impact Evaluation,org_c2ad8b72d0cb,Kenya; KH; NG; Somalia; ZA; VN; ZW; IN; Rwanda; GH; SY; TL; IQ; EG; YE; TH; MW; MY; PH; PK; JO; BD; Ethiopia; MM; South Sudan; Democratic Republic of the Congo; ID; NP; TN; Tanzania,Implementing Partner,Qualify,0.0,MONITOR,0.0,0,0,0,0.00,0.0,NO_VERIFIED_CATALOGUE_MATCH,0,,0.0,NONE,0,0.0,,0.0,MONITOR,No strong commercial signal yet.,Keep on watchlist; revisit when new procurement demand or catalogue-fit evidence appears.,,
acct_b2c22b3e6163,60 Decibels,org_d3fca421f0dc,Kenya; IN; SL; NP; GH; BR; GB; ZA,Implementing Partner,Qualify,0.0,MONITOR,0.0,0,0,0,0.00,0.0,NO_VERIFIED_CATALOGUE_MATCH,0,,0.0,NONE,0,0.0,,0.0,MONITOR,No strong commercial signal yet.,Keep on watchlist; revisit when new procurement demand or catalogue-fit evidence appears.,,
acct_dbdbe5e019f7,AAC ADM FIN AND ECO UN HEALTH AND NUT,org_8e8100114f07,Ethiopia,Implementing Partner,Prioritise,0.0,MONITOR,0.0,0,0,0,0.00,0.0,NO_VERIFIED_CATALOGUE_MATCH,0,,0.0,NONE,0,0.0,,0.0,MONITOR,No strong commercial signal yet.,Keep on watchlist; revisit when new procurement demand or catalogue-fit evidence appears.,,
acct_cfed2a5c5b22,Abt Associates Inc.,org_5c1e10208472,GB; MW; Tanzania; ZM,Donor,Qualify,0.0,MONITOR,0.0,0,0,0,0.00,0.0,NO_VERIFIED_CATALOGUE_MATCH,0,,0.0,NONE,0,0.0,,0.0,MONITOR,No strong commercial signal yet.,Keep on watchlist; revisit when new procurement demand or catalogue-fit evidence appears.,,
acct_ea400cfd9783,Abt Britain Ltd,org_6a30dd272c2b,Kenya; KH; NG; Somalia; ZA; VN; ZW; IN; Rwanda; GH; SY; TL; IQ; EG; YE; TH; MW; MY; PH; PK; JO; BD; Ethiopia; MM; South Sudan; Democratic Republic of the Congo; ID; NP; TN; Tanzania,Implementing Partner,Qualify,0.0,MONITOR,0.0,0,0,0,0.00,0.0,NO_VERIFIED_CATALOGUE_MATCH,0,,0.0,NONE,0,0.0,,0.0,MONITOR,No strong commercial signal yet.,Keep on watchlist; revisit when new procurement demand or catalogue-fit evidence appears.,,
acct_ea400cfd9783,Abt Britain Ltd,org_6a30dd272c2b,BD; NP; Kenya; Uganda; MW; MZ; Tanzania; ZM; Ethiopia; South Sudan,Implementing Partner,Research,0.0,MONITOR,0.0,0,0,0,0.00,0.0,NO_VERIFIED_CATALOGUE_MATCH,0,,0.0,NONE,0,0.0,,0.0,MONITOR,No strong commercial signal yet.,Keep on watchlist; revisit when new procurement demand or catalogue-fit evidence appears.,,
acct_8b982f334655,ABYEI COMMUNITY ACTION FOR DEVELOPMENT,org_cb1581520283,South Sudan,Implementing Partner,Prioritise,0.0,MONITOR,0.0,0,0,0,0.00,0.0,NO_VERIFIED_CATALOGUE_MATCH,0,,0.0,NONE,0,0.0,,0.0,MONITOR,No strong commercial signal yet.,Keep on watchlist; revisit when new procurement demand or catalogue-fit evidence appears.,,
acct_33acd3ee79b6,ACAD - Christian Action for Aid and Development,org_7e150546fd0f,Democratic Republic of the Congo,Implementing Partner,Prioritise,0.0,MONITOR,0.0,0,0,0,0.00,0.0,NO_VERIFIED_CATALOGUE_MATCH,0,,0.0,NONE,0,0.0,,0.0,MONITOR,No strong commercial signal yet.,Keep on watchlist; revisit when new procurement demand or catalogue-fit evidence appears.,,
acct_96985ad831dd,ACAP - COMUNITÀ DI S. EGIDIO ONLUS,org_6f82cb69386b,Kenya,Implementing Partner,Qualify,0.0,MONITOR,0.0,0,0,0,0.00,0.0,NO_VERIFIED_CATALOGUE_MATCH,0,,0.0,NONE,0,0.0,,0.0,MONITOR,No strong commercial signal yet.,Keep on watchlist; revisit when new procurement demand or catalogue-fit evidence appears.,,
acct_4f2619bd87fd,ACCESS FOR HUMANITY,org_692f6d0a3bbe,South Sudan,Implementing Partner,Prioritise,0.0,MONITOR,0.0,0,0,0,0.00,0.0,NO_VERIFIED_CATALOGUE_MATCH,0,,0.0,NONE,0,0.0,,0.0,MONITOR,No strong commercial signal yet.,Keep on watchlist; revisit when new procurement demand or catalogue-fit evidence appears.,,
acct_2deb774788b2,Access to Nutrition Initiative,org_ca7612b4759e,Kenya; Tanzania; BD; ID,Implementing Partner,Prioritise,0.0,MONITOR,0.0,0,0,0,0.00,0.0,NO_VERIFIED_CATALOGUE_MATCH,0,,0.0,NONE,0,0.0,,0.0,MONITOR,No strong commercial signal yet.,Keep on watchlist; revisit when new procurement demand or catalogue-fit evidence appears.,,
acct_0ba43963f80e,ACK Development Services (ADS) - Nyanza,org_c9e4e7c8e8cd,Kenya,Implementing Partner,Qualify,0.0,MONITOR,0.0,0,0,0,0.00,0.0,NO_VERIFIED_CATALOGUE_MATCH,0,,0.0,NONE,0,0.0,,0.0,MONITOR,No strong commercial signal yet.,Keep on watchlist; revisit when new procurement demand or catalogue-fit evidence appears.,,
acct_4d0a64bc022e,ACROSS,org_4bc9be0bb457,South Sudan,Implementing Partner,Prioritise,0.0,MONITOR,0.0,0,0,0,0.00,0.0,NO_VERIFIED_CATALOGUE_MATCH,0,,0.0,NONE,0,0.0,,0.0,MONITOR,No strong commercial signal yet.,Keep on watchlist; revisit when new procurement demand or catalogue-fit evidence appears.,,
acct_b11488e7a4af,ACROSS AFRICA DEVELOPMENT ORGANIZATION,org_ea255449ae01,South Sudan,Implementing Partner,Prioritise,0.0,MONITOR,0.0,0,0,0,0.00,0.0,NO_VERIFIED_CATALOGUE_MATCH,0,,0.0,NONE,0,0.0,,0.0,MONITOR,No strong commercial signal yet.,Keep on watchlist; revisit when new procurement demand or catalogue-fit evidence appears.,,
acct_7dfba59c8e0d,Act4Africa,org_055aa8b96cff,Uganda,Accountable Agency,Qualify,0.0,MONITOR,0.0,0,0,0,0.00,0.0,NO_VERIFIED_CATALOGUE_MATCH,0,,0.0,NONE,0,0.0,,0.0,MONITOR,No strong commercial signal yet.,Keep on watchlist; revisit when new procurement demand or catalogue-fit evidence appears.,,
acct_430d39b1c617,Act4Africa UG,org_f000951e4d31,Uganda,Implementing Partner,Qualify,0.0,MONITOR,0.0,0,0,0,0.00,0.0,NO_VERIFIED_CATALOGUE_MATCH,0,,0.0,NONE,0,0.0,,0.0,MONITOR,No strong commercial signal yet.,Keep on watchlist; revisit when new procurement demand or catalogue-fit evidence appears.,,
acct_39a5e363460a,ACTED,org_71c055792cfe,NP; Kenya; PK; SL; MW; GH; ZW; Ethiopia,Implementing Partner,Qualify,0.0,MONITOR,0.0,0,0,0,0.00,0.0,NO_VERIFIED_CATALOGUE_MATCH,0,,0.0,NONE,0,0.0,,0.0,MONITOR,No strong commercial signal yet.,Keep on watchlist; revisit when new procurement demand or catalogue-fit evidence appears.,,
acct_72557d616e9d,ACTION AFRICA HELP INTERNATIONAL,org_b73e7b3d9e85,South Sudan,Implementing Partner,Prioritise,0.0,MONITOR,0.0,0,0,0,0.00,0.0,NO_VERIFIED_CATALOGUE_MATCH,0,,0.0,NONE,0,0.0,,0.0,MONITOR,No strong commercial signal yet.,Keep on watchlist; revisit when new procurement demand or catalogue-fit evidence appears.,,
acct_073196e9d358,ACTION AGAINST HUNGER,org_86ff8fd60111,Kenya,Implementing Partner,Prioritise,0.0,MONITOR,0.0,0,0,0,0.00,0.0,NO_VERIFIED_CATALOGUE_MATCH,0,,0.0,NONE,0,0.0,,0.0,MONITOR,No strong commercial signal yet.,Keep on watchlist; revisit when new procurement demand or catalogue-fit evidence appears.,,
acct_073196e9d358,Action Against Hunger,org_86ff8fd60111,Tanzania; Uganda,Implementing Partner,Prioritise,0.0,MONITOR,0.0,0,0,0,0.00,0.0,NO_VERIFIED_CATALOGUE_MATCH,0,,0.0,NONE,0,0.0,,0.0,MONITOR,No strong commercial signal yet.,Keep on watchlist; revisit when new procurement demand or catalogue-fit evidence appears.,,
acct_073196e9d358,Action Against Hunger,org_86ff8fd60111,Uganda,Implementing Partner,Research,0.0,MONITOR,0.0,0,0,0,0.00,0.0,NO_VERIFIED_CATALOGUE_MATCH,0,,0.0,NONE,0,0.0,,0.0,MONITOR,No strong commercial signal yet.,Keep on watchlist; revisit when new procurement demand or catalogue-fit evidence appears.,,
acct_694f31df73c6,ACTION AGAINST HUNGER ETHIOPIA,org_a2fab98ce412,Ethiopia,Implementing Partner,Prioritise,0.0,MONITOR,0.0,0,0,0,0.00,0.0,NO_VERIFIED_CATALOGUE_MATCH,0,,0.0,NONE,0,0.0,,0.0,MONITOR,No strong commercial signal yet.,Keep on watchlist; revisit when new procurement demand or catalogue-fit evidence appears.,,
acct_c17e683ff839,ACTION AGAINST HUNGER SPAIN,org_cf4ef8515109,Kenya; Uganda; Ethiopia; South Sudan,Donor,Qualify,0.0,MONITOR,0.0,0,0,0,0.00,0.0,NO_VERIFIED_CATALOGUE_MATCH,0,,0.0,NONE,0,0.0,,0.0,MONITOR,No strong commercial signal yet.,Keep on watchlist; revisit when new procurement demand or catalogue-fit evidence appears.,,
acct_548314bbbb0e,Action Against Hunger UK,org_8605c781992e,Somalia; Ethiopia; Democratic Republic of the Congo; YE; South Sudan,Donor,Prioritise,0.0,MONITOR,0.0,0,0,0,0.00,0.0,NO_VERIFIED_CATALOGUE_MATCH,0,,0.0,NONE,0,0.0,,0.0,MONITOR,No strong commercial signal yet.,Keep on watchlist; revisit when new procurement demand or catalogue-fit evidence appears.,,
acct_c671a526b2f0,ACTION AGAINST HUNGER USA,org_0c21969bd0c0,Somalia; South Sudan; Kenya; Uganda; Ethiopia; YE,Implementing Partner,Prioritise,0.0,MONITOR,0.0,0,0,0,0.00,0.0,NO_VERIFIED_CATALOGUE_MATCH,0,,0.0,NONE,0,0.0,,0.0,MONITOR,No strong commercial signal yet.,Keep on watchlist; revisit when new procurement demand or catalogue-fit evidence appears.,,
acct_b99c894569fc,Action Contre la Faim,org_10ca5fe68bd4,Democratic Republic of the Congo; Somalia; YE; South Sudan,Implementing Partner,Qualify,0.0,MONITOR,0.0,0,0,0,0.00,0.0,NO_VERIFIED_CATALOGUE_MATCH,0,,0.0,NONE,0,0.0,,0.0,MONITOR,No strong commercial signal yet.,Keep on watchlist; revisit when new procurement demand or catalogue-fit evidence appears.,,
acct_092983e43306,ACTION D'ESPOIR,org_631c86c7c610,Democratic Republic of the Congo,Implementing Partner,Qualify,0.0,MONITOR,0.0,0,0,0,0.00,0.0,NO_VERIFIED_CATALOGUE_MATCH,0,,0.0,NONE,0,0.0,,0.0,MONITOR,No strong commercial signal yet.,Keep on watchlist; revisit when new procurement demand or catalogue-fit evidence appears.,,
acct_9a89a24e254c,ACTION DES VOLONTAIRES UNIS POUR LE DEVELOPPEMENT ET LA SANTE,org_d3ae4ef5f777,Democratic Republic of the Congo,Implementing Partner,Prioritise,0.0,MONITOR,0.0,0,0,0,0.00,0.0,NO_VERIFIED_CATALOGUE_MATCH,0,,0.0,NONE,0,0.0,,0.0,MONITOR,No strong commercial signal yet.,Keep on watchlist; revisit when new procurement demand or catalogue-fit evidence appears.,,
acct_38d78af53623,ACTION FOR CONFLICT RESOLUTION,org_0bec58d1a548,South Sudan,Implementing Partner,Prioritise,0.0,MONITOR,0.0,0,0,0,0.00,0.0,NO_VERIFIED_CATALOGUE_MATCH,0,,0.0,NONE,0,0.0,,0.0,MONITOR,No strong commercial signal yet.,Keep on watchlist; revisit when new procurement demand or catalogue-fit evidence appears.,,
acct_57e8ae9659c3,ACTION FOR DEVELOPMENT,org_1244495c6121,South Sudan,Implementing Partner,Prioritise,0.0,MONITOR,0.0,0,0,0,0.00,0.0,NO_VERIFIED_CATALOGUE_MATCH,0,,0.0,NONE,0,0.0,,0.0,MONITOR,No strong commercial signal yet.,Keep on watchlist; revisit when new procurement demand or catalogue-fit evidence appears.,,
acct_fa381b057f08,ACTION FOR INTEGRATED SUSTAINABLE DEVELOPMENT ASSOCIATION,org_b502bccc8a10,Ethiopia,Implementing Partner,Prioritise,0.0,MONITOR,0.0,0,0,0,0.00,0.0,NO_VERIFIED_CATALOGUE_MATCH,0,,0.0,NONE,0,0.0,,0.0,MONITOR,No strong commercial signal yet.,Keep on watchlist; revisit when new procurement demand or catalogue-fit evidence appears.,,
acct_555833b35c17,ACTION FOR RECOVERY AND TRANSFORMATION ART,org_2d15cc131106,South Sudan,Implementing Partner,Prioritise,0.0,MONITOR,0.0,0,0,0,0.00,0.0,NO_VERIFIED_CATALOGUE_MATCH,0,,0.0,NONE,0,0.0,,0.0,MONITOR,No strong commercial signal yet.,Keep on watchlist; revisit when new procurement demand or catalogue-fit evidence appears.,,
acct_e94c052ebf94,Action for Social Development and Environmental Protection Organization,org_9e11dc4cdf4e,Ethiopia,Implementing Partner,Research,0.0,MONITOR,0.0,0,0,0,0.00,0.0,NO_VERIFIED_CATALOGUE_MATCH,0,,0.0,NONE,0,0.0,,0.0,MONITOR,No strong commercial signal yet.,Keep on watchlist; revisit when new procurement demand or catalogue-fit evidence appears.,,
acct_8fabb5bfebd5,ACTION JUSTICE ET PAIX,org_d237f725ded7,Democratic Republic of the Congo,Implementing Partner,Prioritise,0.0,MONITOR,0.0,0,0,0,0.00,0.0,NO_VERIFIED_CATALOGUE_MATCH,0,,0.0,NONE,0,0.0,,0.0,MONITOR,No strong commercial signal yet.,Keep on watchlist; revisit when new procurement demand or catalogue-fit evidence appears.,,
acct_6b6ad7984256,ACTION OF THE FUTURE,org_16afe6ac44e9,Democratic Republic of the Congo,Implementing Partner,Prioritise,0.0,MONITOR,0.0,0,0,0,0.00,0.0,NO_VERIFIED_CATALOGUE_MATCH,0,,0.0,NONE,0,0.0,,0.0,MONITOR,No strong commercial signal yet.,Keep on watchlist; revisit when new procurement demand or catalogue-fit evidence appears.,,
acct_ef01c535da7b,ACTION POUR LE DEVELOPPEMENT DU PEUPLE ADEPE,org_7ea02b08c5a6,Rwanda,Implementing Partner,Prioritise,0.0,MONITOR,0.0,0,0,0,0.00,0.0,NO_VERIFIED_CATALOGUE_MATCH,0,,0.0,NONE,0,0.0,,0.0,MONITOR,No strong commercial signal yet.,Keep on watchlist; revisit when new procurement demand or catalogue-fit evidence appears.,,
acct_e562bd1e865b,ActionAid International Kenya,org_8619674377e4,NP; Kenya; PK; SL; MW; GH; ZW; Ethiopia,Implementing Partner,Qualify,0.0,MONITOR,0.0,0,0,0,0.00,0.0,NO_VERIFIED_CATALOGUE_MATCH,0,,0.0,NONE,0,0.0,,0.0,MONITOR,No strong commercial signal yet.,Keep on watchlist; revisit when new procurement demand or catalogue-fit evidence appears.,,
acct_34bc66f8d507,ACTIONS CONCRETES POUR LA PROTECTION DE L ENFANCE,org_b902261b1296,Democratic Republic of the Congo,Implementing Partner,Prioritise,0.0,MONITOR,0.0,0,0,0,0.00,0.0,NO_VERIFIED_CATALOGUE_MATCH,0,,0.0,NONE,0,0.0,,0.0,MONITOR,No strong commercial signal yet.,Keep on watchlist; revisit when new procurement demand or catalogue-fit evidence appears.,,
acct_e1917e38d3ac,ACTIONS HUMANITAIRES ET DAIDE AU DEVELOPPEMENT INTEGRE AHADI,org_4371b812f2b7,Democratic Republic of the Congo,Implementing Partner,Prioritise,0.0,MONITOR,0.0,0,0,0,0.00,0.0,NO_VERIFIED_CATALOGUE_MATCH,0,,0.0,NONE,0,0.0,,0.0,MONITOR,No strong commercial signal yet.,Keep on watchlist; revisit when new procurement demand or catalogue-fit evidence appears.,,
acct_a4346d131bbb,ACTIONS POUR LA PROTECTION ET L ENCADREMENT DE L ENFANT,org_cdf702fefeaa,Democratic Republic of the Congo,Implementing Partner,Prioritise,0.0,MONITOR,0.0,0,0,0,0.00,0.0,NO_VERIFIED_CATALOGUE_MATCH,0,,0.0,NONE,0,0.0,,0.0,MONITOR,No strong commercial signal yet.,Keep on watchlist; revisit when new procurement demand or catalogue-fit evidence appears.,,
acct_048eb46af2f3,ACTIONS POUR LA REHABILITATION ET LA PROMOTION SOCIALE,org_b182fa5dd717,Democratic Republic of the Congo,Implementing Partner,Prioritise,0.0,MONITOR,0.0,0,0,0,0.00,0.0,NO_VERIFIED_CATALOGUE_MATCH,0,,0.0,NONE,0,0.0,,0.0,MONITOR,No strong commercial signal yet.,Keep on watchlist; revisit when new procurement demand or catalogue-fit evidence appears.,,
acct_990abd9902ad,ACTIVE IN DEVELOPMENT AID,org_05583d362f80,Somalia,Implementing Partner,Prioritise,0.0,MONITOR,0.0,0,0,0,0.00,0.0,NO_VERIFIED_CATALOGUE_MATCH,0,,0.0,NONE,0,0.0,,0.0,MONITOR,No strong commercial signal yet.,Keep on watchlist; revisit when new procurement demand or catalogue-fit evidence appears.,,
acct_119cdcdce547,ADDIS ABABA CITY ADMINISTRATION FINANCE ECONOMIC DEVELOPMENT BUREAU,org_c960608c72f2,Ethiopia,Implementing Partner,Prioritise,0.0,MONITOR,0.0,0,0,0,0.00,0.0,NO_VERIFIED_CATALOGUE_MATCH,0,,0.0,NONE,0,0.0,,0.0,MONITOR,No strong commercial signal yet.,Keep on watchlist; revisit when new procurement demand or catalogue-fit evidence appears.,,
acct_db53d6a222e4,ADDIS ABABA CIVIL REGISTRATION AND RESIDENCY SERVICE AGENCY,org_c12beba1f124,Ethiopia,Implementing Partner,Prioritise,0.0,MONITOR,0.0,0,0,0,0.00,0.0,NO_VERIFIED_CATALOGUE_MATCH,0,,0.0,NONE,0,0.0,,0.0,MONITOR,No strong commercial signal yet.,Keep on watchlist; revisit when new procurement demand or catalogue-fit evidence appears.,,
acct_c13cbaef4c31,Addis Ababa University,org_65f816fd5774,Ethiopia,Implementing Partner,Prioritise,0.0,MONITOR,0.0,0,0,0,0.00,0.0,NO_VERIFIED_CATALOGUE_MATCH,0,,0.0,NONE,0,0.0,,0.0,MONITOR,No strong commercial signal yet.,Keep on watchlist; revisit when new procurement demand or catalogue-fit evidence appears.,,
acct_c13cbaef4c31,Addis Ababa University,org_65f816fd5774,Kenya; Ethiopia,Implementing Partner,Research,0.0,MONITOR,0.0,0,0,0,0.00,0.0,NO_VERIFIED_CATALOGUE_MATCH,0,,0.0,NONE,0,0.0,,0.0,MONITOR,No strong commercial signal yet.,Keep on watchlist; revisit when new procurement demand or catalogue-fit evidence appears.,,
acct_783cd158cf87,"Addis Ababa University, Ethiopia",org_fa2d91f59400,CM; Ethiopia; GH; Kenya; MW; NG; ZA; SD; Tanzania; Uganda; NZ; GB,Implementing Partner,Qualify,0.0,MONITOR,0.0,0,0,0,0.00,0.0,NO_VERIFIED_CATALOGUE_MATCH,0,,0.0,NONE,0,0.0,,0.0,MONITOR,No strong commercial signal yet.,Keep on watchlist; revisit when new procurement demand or catalogue-fit evidence appears.,,
acct_d3e467536b86,Adina Stiftelsen,org_a302be00eeaa,Uganda,Implementing Partner,Prioritise,0.0,MONITOR,0.0,0,0,0,0.00,0.0,NO_VERIFIED_CATALOGUE_MATCH,0,,0.0,NONE,0,0.0,,0.0,MONITOR,No strong commercial signal yet.,Keep on watchlist; revisit when new procurement demand or catalogue-fit evidence appears.,,
acct_0083ba34b2e8,Adina Stiftelsen - Local Office,org_80e89bb47364,Uganda,Implementing Partner,Prioritise,0.0,MONITOR,0.0,0,0,0,0.00,0.0,NO_VERIFIED_CATALOGUE_MATCH,0,,0.0,NONE,0,0.0,,0.0,MONITOR,No strong commercial signal yet.,Keep on watchlist; revisit when new procurement demand or catalogue-fit evidence appears.,,
acct_91f8f78b1b74,ADMINISTRATION OF EDUCATION ABYEI,org_ad091fa39a75,South Sudan,Implementing Partner,Prioritise,0.0,MONITOR,0.0,0,0,0,0.00,0.0,NO_VERIFIED_CATALOGUE_MATCH,0,,0.0,NONE,0,0.0,,0.0,MONITOR,No strong commercial signal yet.,Keep on watchlist; revisit when new procurement demand or catalogue-fit evidence appears.,,
acct_8a4111eff7e6,ADRA - Adventist Development and Relief Agency Canada,org_04e0002a9d2a,Kenya; KH; PH; Uganda,Implementing Partner,Prioritise,0.0,MONITOR,0.0,0,0,0,0.00,0.0,NO_VERIFIED_CATALOGUE_MATCH,0,,0.0,NONE,0,0.0,,0.0,MONITOR,No strong commercial signal yet.,Keep on watchlist; revisit when new procurement demand or catalogue-fit evidence appears.,,
acct_5eb073267574,ADRA Danmark,org_3e3dde171acf,Democratic Republic of the Congo,Reporting Organisation,Qualify,0.0,MONITOR,0.0,0,0,0,0.00,0.0,NO_VERIFIED_CATALOGUE_MATCH,0,,0.0,NONE,0,0.0,,0.0,MONITOR,No strong commercial signal yet.,Keep on watchlist; revisit when new procurement demand or catalogue-fit evidence appears.,,
acct_a9f68e8c0e4e,ADRA DEUTSCHLAND EV,org_736ee6be6640,Somalia,Implementing Partner,Qualify,0.0,MONITOR,0.0,0,0,0,0.00,0.0,NO_VERIFIED_CATALOGUE_MATCH,0,,0.0,NONE,0,0.0,,0.0,MONITOR,No strong commercial signal yet.,Keep on watchlist; revisit when new procurement demand or catalogue-fit evidence appears.,,
acct_3a4c66016a2d,ADRA DR Congo,org_148bf3413030,Democratic Republic of the Congo,Implementing Partner,Qualify,0.0,MONITOR,0.0,0,0,0,0.00,0.0,NO_VERIFIED_CATALOGUE_MATCH,0,,0.0,NONE,0,0.0,,0.0,MONITOR,No strong commercial signal yet.,Keep on watchlist; revisit when new procurement demand or catalogue-fit evidence appears.,,
acct_ffde4793dbe6,Advancing Human Capital Outcomes Globally Multi-Donor Trust Fund,org_24235c323287,Ethiopia,Implementing Partner,Research,0.0,MONITOR,0.0,0,0,0,0.00,0.0,NO_VERIFIED_CATALOGUE_MATCH,0,,0.0,NONE,0,0.0,,0.0,MONITOR,No strong commercial signal yet.,Keep on watchlist; revisit when new procurement demand or catalogue-fit evidence appears.,,
acct_66c67843bb32,ADVENTIST DEVELOPEMENT AND RELIEF AGENCY DRC CONGO,org_6395c2769f1c,Democratic Republic of the Congo,Implementing Partner,Qualify,0.0,MONITOR,0.0,0,0,0,0.00,0.0,NO_VERIFIED_CATALOGUE_MATCH,0,,0.0,NONE,0,0.0,,0.0,MONITOR,No strong commercial signal yet.,Keep on watchlist; revisit when new procurement demand or catalogue-fit evidence appears.,,
acct_6aa428c0db1a,ADVENTIST DEVELOPMENT AND RELIEF AGENCY,org_02dd5418d148,South Sudan,Implementing Partner,Prioritise,0.0,MONITOR,0.0,0,0,0,0.00,0.0,NO_VERIFIED_CATALOGUE_MATCH,0,,0.0,NONE,0,0.0,,0.0,MONITOR,No strong commercial signal yet.,Keep on watchlist; revisit when new procurement demand or catalogue-fit evidence appears.,,
acct_79259366f599,AECID Agencia Española de Cooperación Internacional para el Desarrollo,org_7b1a57095347,Ethiopia; MA; UA; EG; JO; MR; MZ,Donor,Qualify,0.0,MONITOR,0.0,0,0,0,0.00,0.0,NO_VERIFIED_CATALOGUE_MATCH,0,,0.0,NONE,0,0.0,,0.0,MONITOR,No strong commercial signal yet.,Keep on watchlist; revisit when new procurement demand or catalogue-fit evidence appears.,,
acct_1713af8530a7,AECOM Limited,org_259df8a4c011,Uganda,Reporting Organisation,Qualify,0.0,MONITOR,0.0,0,0,0,0.00,0.0,NO_VERIFIED_CATALOGUE_MATCH,0,,0.0,NONE,0,0.0,,0.0,MONITOR,No strong commercial signal yet.,Keep on watchlist; revisit when new procurement demand or catalogue-fit evidence appears.,,
acct_87d4c23c0744,Aero Medical Services,org_67d788db98d2,Uganda,Implementing Partner,Qualify,0.0,MONITOR,0.0,0,0,0,0.00,0.0,NO_VERIFIED_CATALOGUE_MATCH,0,,0.0,NONE,0,0.0,,0.0,MONITOR,No strong commercial signal yet.,Keep on watchlist; revisit when new procurement demand or catalogue-fit evidence appears.,,
acct_d3c92ee6baa4,AFAR COMMUNITY INITIATIVE SUSTAINABLE DEVELOPMENT,org_be7a211f8a17,Ethiopia,Implementing Partner,Prioritise,0.0,MONITOR,0.0,0,0,0,0.00,0.0,NO_VERIFIED_CATALOGUE_MATCH,0,,0.0,NONE,0,0.0,,0.0,MONITOR,No strong commercial signal yet.,Keep on watchlist; revisit when new procurement demand or catalogue-fit evidence appears.,,
acct_c74521a0431c,AFAR REGIONAL AGRICULTURE BUREAU,org_dc4a2db7aa66,Ethiopia,Implementing Partner,Prioritise,0.0,MONITOR,0.0,0,0,0,0.00,0.0,NO_VERIFIED_CATALOGUE_MATCH,0,,0.0,NONE,0,0.0,,0.0,MONITOR,No strong commercial signal yet.,Keep on watchlist; revisit when new procurement demand or catalogue-fit evidence appears.,,
acct_6c4604a5e163,AFAR REGIONAL BUREAU OF JUSTICE,org_cd39fc1b2da8,Ethiopia,Implementing Partner,Prioritise,0.0,MONITOR,0.0,0,0,0,0.00,0.0,NO_VERIFIED_CATALOGUE_MATCH,0,,0.0,NONE,0,0.0,,0.0,MONITOR,No strong commercial signal yet.,Keep on watchlist; revisit when new procurement demand or catalogue-fit evidence appears.,,
acct_24a9cfaad3f1,AFAR REGIONAL BUREAU OF WOMEN AND CHILD AFFAIRS,org_ddc8e06355c9,Ethiopia,Implementing Partner,Prioritise,0.0,MONITOR,0.0,0,0,0,0.00,0.0,NO_VERIFIED_CATALOGUE_MATCH,0,,0.0,NONE,0,0.0,,0.0,MONITOR,No strong commercial signal yet.,Keep on watchlist; revisit when new procurement demand or catalogue-fit evidence appears.,,
acct_efd6ad35db32,AFAR REGIONAL DISASTER PREVENTION FOOD SECURITY AND PROGRAMME COORDINATION,org_686278673783,Ethiopia,Implementing Partner,Prioritise,0.0,MONITOR,0.0,0,0,0,0.00,0.0,NO_VERIFIED_CATALOGUE_MATCH,0,,0.0,NONE,0,0.0,,0.0,MONITOR,No strong commercial signal yet.,Keep on watchlist; revisit when new procurement demand or catalogue-fit evidence appears.,,
acct_d0a76dc90430,AFAR REGIONAL HEALTH BUREAU,org_57350636bdd5,Ethiopia,Implementing Partner,Prioritise,0.0,MONITOR,0.0,0,0,0,0.00,0.0,NO_VERIFIED_CATALOGUE_MATCH,0,,0.0,NONE,0,0.0,,0.0,MONITOR,No strong commercial signal yet.,Keep on watchlist; revisit when new procurement demand or catalogue-fit evidence appears.,,
acct_43650cc5de35,AFAR REGIONAL VITAL EVENTS REGISTRATION SERVICE,org_d35503467fd2,Ethiopia,Implementing Partner,Prioritise,0.0,MONITOR,0.0,0,0,0,0.00,0.0,NO_VERIFIED_CATALOGUE_MATCH,0,,0.0,NONE,0,0.0,,0.0,MONITOR,No strong commercial signal yet.,Keep on watchlist; revisit when new procurement demand or catalogue-fit evidence appears.,,
acct_14b5fb15aee6,AFD,org_174c4423de9e,Rwanda; Democratic Republic of the Congo; Kenya; Tanzania; CM; CI; Ethiopia,Donor,Prioritise,0.0,MONITOR,0.0,0,0,0,0.00,0.0,NO_VERIFIED_CATALOGUE_MATCH,0,,0.0,NONE,0,0.0,,0.0,MONITOR,No strong commercial signal yet.,Keep on watchlist; revisit when new procurement demand or catalogue-fit evidence appears.,,
acct_acad02bd8ba7,AFLAM,org_4e8a91a6c7a1,Democratic Republic of the Congo,Donor,Qualify,0.0,MONITOR,0.0,0,0,0,0.00,0.0,NO_VERIFIED_CATALOGUE_MATCH,0,,0.0,NONE,0,0.0,,0.0,MONITOR,No strong commercial signal yet.,Keep on watchlist; revisit when new procurement demand or catalogue-fit evidence appears.,,
acct_42b976fa0c56,AFRICA CENTRES FOR DISEASE CONTROL,org_2ba71a69dc54,Democratic Republic of the Congo; AO; Rwanda,Implementing Partner,Research,0.0,MONITOR,0.0,0,0,0,0.00,0.0,NO_VERIFIED_CATALOGUE_MATCH,0,,0.0,NONE,0,0.0,,0.0,MONITOR,No strong commercial signal yet.,Keep on watchlist; revisit when new procurement demand or catalogue-fit evidence appears.,,
acct_b412341d4a14,AFRICA DEVELOPMENT AID,org_4eee9d04cfc4,South Sudan,Implementing Partner,Prioritise,0.0,MONITOR,0.0,0,0,0,0.00,0.0,NO_VERIFIED_CATALOGUE_MATCH,0,,0.0,NONE,0,0.0,,0.0,MONITOR,No strong commercial signal yet.,Keep on watchlist; revisit when new procurement demand or catalogue-fit evidence appears.,,
acct_0873cec6ea59,Africa Nordic Development Fund (NDF) Climate Change Program Parallel Trust Fund of TF071810,org_6c7fdbeb260f,Tanzania,Implementing Partner,Prioritise,0.0,MONITOR,0.0,0,0,0,0.00,0.0,NO_VERIFIED_CATALOGUE_MATCH,0,,0.0,NONE,0,0.0,,0.0,MONITOR,No strong commercial signal yet.,Keep on watchlist; revisit when new procurement demand or catalogue-fit evidence appears.,,
acct_8a823858492b,Africa Research and Impact Network,org_55ab6fe9e59f,Kenya; KH; NG; Somalia; ZA; VN; ZW; IN; Rwanda; GH; SY; TL; IQ; EG; YE; TH; MW; MY; PH; PK; JO; BD; Ethiopia; MM; South Sudan; Democratic Republic of the Congo; ID; NP; TN; Tanzania,Implementing Partner,Qualify,0.0,MONITOR,0.0,0,0,0,0.00,0.0,NO_VERIFIED_CATALOGUE_MATCH,0,,0.0,NONE,0,0.0,,0.0,MONITOR,No strong commercial signal yet.,Keep on watchlist; revisit when new procurement demand or catalogue-fit evidence appears.,,
acct_b62dbd27d012,AFRICAN ADVANCED LEVEL TELECOM INSTITUTE,org_12a925f90839,ZW; ZA; NG; BW; Rwanda; GH; Kenya; SL,Implementing Partner,Monitor,0.0,MONITOR,0.0,0,0,0,0.00,0.0,NO_VERIFIED_CATALOGUE_MATCH,0,,0.0,NONE,0,0.0,,0.0,MONITOR,No strong commercial signal yet.,Keep on watchlist; revisit when new procurement demand or catalogue-fit evidence appears.,,
acct_12e2a1d342fc,African Capacity Building Foundation,org_cfdedca70e1c,ZA; Democratic Republic of the Congo; BJ; Ethiopia; GH; CI; Kenya; MR; NG; SN; Uganda; ZM,Implementing Partner,Prioritise,0.0,MONITOR,0.0,0,0,0,0.00,0.0,NO_VERIFIED_CATALOGUE_MATCH,0,,0.0,NONE,0,0.0,,0.0,MONITOR,No strong commercial signal yet.,Keep on watchlist; revisit when new procurement demand or catalogue-fit evidence appears.,,
acct_b056697a3af9,AFRICAN CENTRE FOR TECHNOLOGY STUDIES,org_2c99f45860e7,ZW; ZA; NG; BW; Rwanda; GH; Kenya; SL,Implementing Partner,Monitor,0.0,MONITOR,0.0,0,0,0,0.00,0.0,NO_VERIFIED_CATALOGUE_MATCH,0,,0.0,NONE,0,0.0,,0.0,MONITOR,No strong commercial signal yet.,Keep on watchlist; revisit when new procurement demand or catalogue-fit evidence appears.,,
acct_1ea2d668b52f,AFRICAN CHILDREN S RIGHTS FOUNDATION ACRIF,org_49f58d0fc8bc,Somalia,Implementing Partner,Prioritise,0.0,MONITOR,0.0,0,0,0,0.00,0.0,NO_VERIFIED_CATALOGUE_MATCH,0,,0.0,NONE,0,0.0,,0.0,MONITOR,No strong commercial signal yet.,Keep on watchlist; revisit when new procurement demand or catalogue-fit evidence appears.,,
acct_fb8998dc2f23,African Development Fund,org_8b7e975bd8cb,Kenya; Ethiopia,Donor,Prioritise,0.0,MONITOR,0.0,0,0,0,0.00,0.0,NO_VERIFIED_CATALOGUE_MATCH,0,,0.0,NONE,0,0.0,,0.0,MONITOR,No strong commercial signal yet.,Keep on watchlist; revisit when new procurement demand or catalogue-fit evidence appears.,,
acct_2e2ac2a67113,AFRICAN FIELD EPIDEMIOLOGY NETWORK,org_b53fef6ae1fa,South Sudan,Implementing Partner,Prioritise,0.0,MONITOR,0.0,0,0,0,0.00,0.0,NO_VERIFIED_CATALOGUE_MATCH,0,,0.0,NONE,0,0.0,,0.0,MONITOR,No strong commercial signal yet.,Keep on watchlist; revisit when new procurement demand or catalogue-fit evidence appears.,,
acct_21b4cfeeb601,AFRICAN HUMANITARIAN CORPS,org_9d2bfa8d9990,South Sudan,Implementing Partner,Prioritise,0.0,MONITOR,0.0,0,0,0,0.00,0.0,NO_VERIFIED_CATALOGUE_MATCH,0,,0.0,NONE,0,0.0,,0.0,MONITOR,No strong commercial signal yet.,Keep on watchlist; revisit when new procurement demand or catalogue-fit evidence appears.,,
acct_a30531133e4d,African Institute for Development Policy,org_1a379a726364,NG; Kenya,Implementing Partner,Prioritise,0.0,MONITOR,0.0,0,0,0,0.00,0.0,NO_VERIFIED_CATALOGUE_MATCH,0,,0.0,NONE,0,0.0,,0.0,MONITOR,No strong commercial signal yet.,Keep on watchlist; revisit when new procurement demand or catalogue-fit evidence appears.,,
acct_33e4f802f441,"African Institute for Development Policy (AFIDEP), Kenya",org_1933a39084f3,GB; Kenya; NG; MW; Uganda; CM; Ethiopia; GH; ZA; SD; Tanzania; NZ,Implementing Partner,Qualify,0.0,MONITOR,0.0,0,0,0,0.00,0.0,NO_VERIFIED_CATALOGUE_MATCH,0,,0.0,NONE,0,0.0,,0.0,MONITOR,No strong commercial signal yet.,Keep on watchlist; revisit when new procurement demand or catalogue-fit evidence appears.,,
acct_ed1d54d17449,African Medicines Agency,org_4d6b25ad8870,EG; ZA; Democratic Republic of the Congo; Ethiopia; GH; Kenya; MZ; NG; Rwanda; SN; Tanzania; Uganda,Implementing Partner,Research,0.0,MONITOR,0.0,0,0,0,0.00,0.0,NO_VERIFIED_CATALOGUE_MATCH,0,,0.0,NONE,0,0.0,,0.0,MONITOR,No strong commercial signal yet.,Keep on watchlist; revisit when new procurement demand or catalogue-fit evidence appears.,,
acct_e5cefa43b8f3,AFRICAN POPULATION AND HEALTH RESEARCH CENTER,org_a4775c309aea,Kenya; BD; ID; Somalia; KH; ZA; Uganda; MY; NP; ZM; VN; Rwanda,Implementing Partner,Monitor,0.0,MONITOR,0.0,0,0,0,0.00,0.0,NO_VERIFIED_CATALOGUE_MATCH,0,,0.0,NONE,0,0.0,,0.0,MONITOR,No strong commercial signal yet.,Keep on watchlist; revisit when new procurement demand or catalogue-fit evidence appears.,,
acct_78ba8cddc7cc,African Population and Health Research Centre,org_a5ba5775610d,Uganda; Kenya; Tanzania,Implementing Partner,Qualify,0.0,MONITOR,0.0,0,0,0,0.00,0.0,NO_VERIFIED_CATALOGUE_MATCH,0,,0.0,NONE,0,0.0,,0.0,MONITOR,No strong commercial signal yet.,Keep on watchlist; revisit when new procurement demand or catalogue-fit evidence appears.,,
acct_5f00c3aa3bdf,African Population Health Research Center,org_f8a8590ab59a,NG; Kenya; GB; US; GH; ZA,Implementing Partner,Qualify,0.0,MONITOR,0.0,0,0,0,0.00,0.0,NO_VERIFIED_CATALOGUE_MATCH,0,,0.0,NONE,0,0.0,,0.0,MONITOR,No strong commercial signal yet.,Keep on watchlist; revisit when new procurement demand or catalogue-fit evidence appears.,,
acct_3139fc327557,AFRICAN RELIEF AND DEVELOPMENT FOUNDATION,org_08238d70edcb,South Sudan,Implementing Partner,Prioritise,0.0,MONITOR,0.0,0,0,0,0.00,0.0,NO_VERIFIED_CATALOGUE_MATCH,0,,0.0,NONE,0,0.0,,0.0,MONITOR,No strong commercial signal yet.,Keep on watchlist; revisit when new procurement demand or catalogue-fit evidence appears.,,
acct_3a4b0d682e4a,Africapacity,org_2ef70d4bbadd,Democratic Republic of the Congo,Implementing Partner,Qualify,0.0,MONITOR,0.0,0,0,0,0.00,0.0,NO_VERIFIED_CATALOGUE_MATCH,0,,0.0,NONE,0,0.0,,0.0,MONITOR,No strong commercial signal yet.,Keep on watchlist; revisit when new procurement demand or catalogue-fit evidence appears.,,
acct_b08e3f6832db,AFRO CANADIAN EVANGELICAL MISSION,org_519ce9ab7648,South Sudan,Implementing Partner,Prioritise,0.0,MONITOR,0.0,0,0,0,0.00,0.0,NO_VERIFIED_CATALOGUE_MATCH,0,,0.0,NONE,0,0.0,,0.0,MONITOR,No strong commercial signal yet.,Keep on watchlist; revisit when new procurement demand or catalogue-fit evidence appears.,,
acct_bbbe5a0cb592,AFYA PAMOJA,org_6804bddcd94b,Tanzania,Implementing Partner,Prioritise,0.0,MONITOR,0.0,0,0,0,0.00,0.0,NO_VERIFIED_CATALOGUE_MATCH,0,,0.0,NONE,0,0.0,,0.0,MONITOR,No strong commercial signal yet.,Keep on watchlist; revisit when new procurement demand or catalogue-fit evidence appears.,,
acct_32b2b1fb96c2,"Aga Khan Health Service, Tanzania",org_f3ad87459d70,Tanzania,Implementing Partner,Qualify,0.0,MONITOR,0.0,0,0,0,0.00,0.0,NO_VERIFIED_CATALOGUE_MATCH,0,,0.0,NONE,0,0.0,,0.0,MONITOR,No strong commercial signal yet.,Keep on watchlist; revisit when new procurement demand or catalogue-fit evidence appears.,,
acct_ff742c9f8d7e,Aga Khan University,org_2df3e426b3f9,Ethiopia; Kenya,Implementing Partner,Research,0.0,MONITOR,0.0,0,0,0,0.00,0.0,NO_VERIFIED_CATALOGUE_MATCH,0,,0.0,NONE,0,0.0,,0.0,MONITOR,No strong commercial signal yet.,Keep on watchlist; revisit when new procurement demand or catalogue-fit evidence appears.,,
acct_9310e5a8e1d3,Aga Khan University Tanzania,org_7bccaff854eb,Tanzania,Implementing Partner,Monitor,0.0,MONITOR,0.0,0,0,0,0.00,0.0,NO_VERIFIED_CATALOGUE_MATCH,0,,0.0,NONE,0,0.0,,0.0,MONITOR,No strong commercial signal yet.,Keep on watchlist; revisit when new procurement demand or catalogue-fit evidence appears.,,
acct_9310e5a8e1d3,"Aga Khan University, Tanzania",org_7bccaff854eb,Tanzania,Reporting Organisation,Monitor,0.0,MONITOR,0.0,0,0,0,0.00,0.0,NO_VERIFIED_CATALOGUE_MATCH,0,,0.0,NONE,0,0.0,,0.0,MONITOR,No strong commercial signal yet.,Keep on watchlist; revisit when new procurement demand or catalogue-fit evidence appears.,,
acct_ed376b9258a7,"AGE Myanmar (Alliance for Generations and Empowerment in Myanmar) is a national NGO working with a network of partners throughout the country to transform the lives of older people, people with disabilities, and their families across the generations. Formerly under HelpAge International, our team has a proven track record of successfully leading community-level programming, local capacity development, policy advocacy, and research. We deliver assistance in partnership with over 300 community-led Inclusive Self-Help Groups (ISHGs), who are supported by a representative structure from township to state/region and up to national level. AGE Myanmar is governed by a dedicated board of directors and supported by visionary advisors with diverse expertise.",org_4f65bc715cfa,PK; MM; LB; Uganda; MZ; Tanzania; Ethiopia; MD; GB,Implementing Partner,Research,0.0,MONITOR,0.0,0,0,0,0.00,0.0,NO_VERIFIED_CATALOGUE_MATCH,0,,0.0,NONE,0,0.0,,0.0,MONITOR,No strong commercial signal yet.,Keep on watchlist; revisit when new procurement demand or catalogue-fit evidence appears.,,
acct_06fc94807a45,AGENCE D ACHAT DES PERFORMANCES,org_a8d567e63dff,Democratic Republic of the Congo,Implementing Partner,Prioritise,0.0,MONITOR,0.0,0,0,0,0.00,0.0,NO_VERIFIED_CATALOGUE_MATCH,0,,0.0,NONE,0,0.0,,0.0,MONITOR,No strong commercial signal yet.,Keep on watchlist; revisit when new procurement demand or catalogue-fit evidence appears.,,
acct_97aa435e5242,AGENCE FRANCAISE DE DEVELOPPEMENT,org_25974ab71dea,Rwanda,Implementing Partner,Prioritise,0.0,MONITOR,0.0,0,0,0,0.00,0.0,NO_VERIFIED_CATALOGUE_MATCH,0,,0.0,NONE,0,0.0,,0.0,MONITOR,No strong commercial signal yet.,Keep on watchlist; revisit when new procurement demand or catalogue-fit evidence appears.,,
acct_543ff556faf1,AGENCY FOR CHILD RELIEF AID,org_32a0e7f632ae,South Sudan,Implementing Partner,Prioritise,0.0,MONITOR,0.0,0,0,0,0.00,0.0,NO_VERIFIED_CATALOGUE_MATCH,0,,0.0,NONE,0,0.0,,0.0,MONITOR,No strong commercial signal yet.,Keep on watchlist; revisit when new procurement demand or catalogue-fit evidence appears.,,
acct_e3d80dc55a3b,AGIS ASSISTANCE GLOBALE POUR L IDEALE SANTE,org_0037b24d3584,Democratic Republic of the Congo,Implementing Partner,Prioritise,0.0,MONITOR,0.0,0,0,0,0.00,0.0,NO_VERIFIED_CATALOGUE_MATCH,0,,0.0,NONE,0,0.0,,0.0,MONITOR,No strong commercial signal yet.,Keep on watchlist; revisit when new procurement demand or catalogue-fit evidence appears.,,
acct_c19d9d000624,Agriterra,org_4dce09f9feee,Rwanda,Implementing Partner,Qualify,0.0,MONITOR,0.0,0,0,0,0.00,0.0,NO_VERIFIED_CATALOGUE_MATCH,0,,0.0,NONE,0,0.0,,0.0,MONITOR,No strong commercial signal yet.,Keep on watchlist; revisit when new procurement demand or catalogue-fit evidence appears.,,
acct_e0f4f1e2c7f0,Ags Worldwide Movers Ltd,org_d37492649c8a,Kenya,Implementing Partner,Prioritise,0.0,MONITOR,0.0,0,0,0,0.00,0.0,NO_VERIFIED_CATALOGUE_MATCH,0,,0.0,NONE,0,0.0,,0.0,MONITOR,No strong commercial signal yet.,Keep on watchlist; revisit when new procurement demand or catalogue-fit evidence appears.,,
acct_0950a4c38bf9,AGY Ambala Group Ghana Limited,org_98a046386f66,BD; GH; KI; SL; Tanzania,Implementing Partner,Research,0.0,MONITOR,0.0,0,0,0,0.00,0.0,NO_VERIFIED_CATALOGUE_MATCH,0,,0.0,NONE,0,0.0,,0.0,MONITOR,No strong commercial signal yet.,Keep on watchlist; revisit when new procurement demand or catalogue-fit evidence appears.,,
acct_c2daf2de54c8,AHRI - Armauer Hansen Research Institute,org_b27869a917a3,Ethiopia,Implementing Partner,Research,0.0,MONITOR,0.0,0,0,0,0.00,0.0,NO_VERIFIED_CATALOGUE_MATCH,0,,0.0,NONE,0,0.0,,0.0,MONITOR,No strong commercial signal yet.,Keep on watchlist; revisit when new procurement demand or catalogue-fit evidence appears.,,
acct_6ed6d3fbf117,AICS - Italian Agency for Cooperation and Development,org_61991ba80421,Kenya; Uganda; Ethiopia; South Sudan; Somalia,Donor,Prioritise,0.0,MONITOR,0.0,0,0,0,0.00,0.0,NO_VERIFIED_CATALOGUE_MATCH,0,,0.0,NONE,0,0.0,,0.0,MONITOR,No strong commercial signal yet.,Keep on watchlist; revisit when new procurement demand or catalogue-fit evidence appears.,,
acct_6ed6d3fbf117,AICS - Italian Agency for Cooperation and Development,org_61991ba80421,Ethiopia,Implementing Partner,Prioritise,0.0,MONITOR,0.0,0,0,0,0.00,0.0,NO_VERIFIED_CATALOGUE_MATCH,0,,0.0,NONE,0,0.0,,0.0,MONITOR,No strong commercial signal yet.,Keep on watchlist; revisit when new procurement demand or catalogue-fit evidence appears.,,
acct_df509d538ba0,AIDES ACTIONS ET INTERVENTIONS POUR LE DEVELOPPEMENT ET ENCADREMENT SOCIAL,org_b046a76cabd2,Democratic Republic of the Congo,Implementing Partner,Prioritise,0.0,MONITOR,0.0,0,0,0,0.00,0.0,NO_VERIFIED_CATALOGUE_MATCH,0,,0.0,NONE,0,0.0,,0.0,MONITOR,No strong commercial signal yet.,Keep on watchlist; revisit when new procurement demand or catalogue-fit evidence appears.,,
acct_0a0b29da98cf,Aisha Charity Association,org_2b8d3bc91880,Ethiopia,Implementing Partner,Qualify,0.0,MONITOR,0.0,0,0,0,0.00,0.0,NO_VERIFIED_CATALOGUE_MATCH,0,,0.0,NONE,0,0.0,,0.0,MONITOR,No strong commercial signal yet.,Keep on watchlist; revisit when new procurement demand or catalogue-fit evidence appears.,,
acct_5a34af7c7843,AKAM,org_464312ed0190,Ethiopia,Implementing Partner,Qualify,0.0,MONITOR,0.0,0,0,0,0.00,0.0,NO_VERIFIED_CATALOGUE_MATCH,0,,0.0,NONE,0,0.0,,0.0,MONITOR,No strong commercial signal yet.,Keep on watchlist; revisit when new procurement demand or catalogue-fit evidence appears.,,
acct_bec5b4e753fd,Aksum University,org_97b37ba8009b,Ethiopia,Implementing Partner,Research,0.0,MONITOR,0.0,0,0,0,0.00,0.0,NO_VERIFIED_CATALOGUE_MATCH,0,,0.0,NONE,0,0.0,,0.0,MONITOR,No strong commercial signal yet.,Keep on watchlist; revisit when new procurement demand or catalogue-fit evidence appears.,,
acct_dd7d419cd76d,Al-Ameen for Humanitarian Support,org_78a1f65c3218,Somalia,Implementing Partner,Prioritise,0.0,MONITOR,0.0,0,0,0,0.00,0.0,NO_VERIFIED_CATALOGUE_MATCH,0,,0.0,NONE,0,0.0,,0.0,MONITOR,No strong commercial signal yet.,Keep on watchlist; revisit when new procurement demand or catalogue-fit evidence appears.,,
acct_7ec24ddea944,ALIGHT,org_c414b66e6ced,Somalia,Implementing Partner,Prioritise,0.0,MONITOR,0.0,0,0,0,0.00,0.0,NO_VERIFIED_CATALOGUE_MATCH,0,,0.0,NONE,0,0.0,,0.0,MONITOR,No strong commercial signal yet.,Keep on watchlist; revisit when new procurement demand or catalogue-fit evidence appears.,,
acct_a17435231c83,ALIGHT SOUTH SUDAN PROGRAM,org_aff7958abfce,South Sudan,Implementing Partner,Prioritise,0.0,MONITOR,0.0,0,0,0,0.00,0.0,NO_VERIFIED_CATALOGUE_MATCH,0,,0.0,NONE,0,0.0,,0.0,MONITOR,No strong commercial signal yet.,Keep on watchlist; revisit when new procurement demand or catalogue-fit evidence appears.,,
acct_657e7c40b6ab,ALIMA ALLIANCE POUR ACTION MEDICALE INTERNATIONALE,org_56945669d970,Democratic Republic of the Congo,Implementing Partner,Prioritise,0.0,MONITOR,0.0,0,0,0,0.00,0.0,NO_VERIFIED_CATALOGUE_MATCH,0,,0.0,NONE,0,0.0,,0.0,MONITOR,No strong commercial signal yet.,Keep on watchlist; revisit when new procurement demand or catalogue-fit evidence appears.,,
acct_312268ea8bf8,Alinea International Ltd,org_feae711e7220,Ethiopia; Kenya,Implementing Partner,Prioritise,0.0,MONITOR,0.0,0,0,0,0.00,0.0,NO_VERIFIED_CATALOGUE_MATCH,0,,0.0,NONE,0,0.0,,0.0,MONITOR,No strong commercial signal yet.,Keep on watchlist; revisit when new procurement demand or catalogue-fit evidence appears.,,
acct_312268ea8bf8,Alinea International Ltd,org_feae711e7220,Democratic Republic of the Congo,Implementing Partner,Qualify,0.0,MONITOR,0.0,0,0,0,0.00,0.0,NO_VERIFIED_CATALOGUE_MATCH,0,,0.0,NONE,0,0.0,,0.0,MONITOR,No strong commercial signal yet.,Keep on watchlist; revisit when new procurement demand or catalogue-fit evidence appears.,,
acct_30419c3f3c12,Alisa Hotel North Ridge,org_18d34e0e72f9,ZW; ZA; NG; BW; Rwanda; GH; Kenya; SL,Implementing Partner,Monitor,0.0,MONITOR,0.0,0,0,0,0.00,0.0,NO_VERIFIED_CATALOGUE_MATCH,0,,0.0,NONE,0,0.0,,0.0,MONITOR,No strong commercial signal yet.,Keep on watchlist; revisit when new procurement demand or catalogue-fit evidence appears.,,
acct_55527557c84d,ALLIANCE FOR COMMUNITY DEVELOPMENT,org_e9346f8accc6,South Sudan,Implementing Partner,Prioritise,0.0,MONITOR,0.0,0,0,0,0.00,0.0,NO_VERIFIED_CATALOGUE_MATCH,0,,0.0,NONE,0,0.0,,0.0,MONITOR,No strong commercial signal yet.,Keep on watchlist; revisit when new procurement demand or catalogue-fit evidence appears.,,
acct_57037849ee19,Alliance for Health Policy and Systems Research (AHPSR),org_9bb322d4b8f1,Ethiopia,Donor,Qualify,0.0,MONITOR,0.0,0,0,0,0.00,0.0,NO_VERIFIED_CATALOGUE_MATCH,0,,0.0,NONE,0,0.0,,0.0,MONITOR,No strong commercial signal yet.,Keep on watchlist; revisit when new procurement demand or catalogue-fit evidence appears.,,
acct_b24470c65b03,Ambo University,org_71eb390b79e0,Ethiopia,Implementing Partner,Research,0.0,MONITOR,0.0,0,0,0,0.00,0.0,NO_VERIFIED_CATALOGUE_MATCH,0,,0.0,NONE,0,0.0,,0.0,MONITOR,No strong commercial signal yet.,Keep on watchlist; revisit when new procurement demand or catalogue-fit evidence appears.,,
acct_45252b794eb9,"Amel Association International believes that Human Rights and Dignity must be ensured and protected for eachhuman being regardless of religious, ethnic, nationalities, economic, political and ideological differences.",org_e3598dc83fbb,PK; MM; LB; Uganda; MZ; Tanzania; Ethiopia; MD; GB,Implementing Partner,Research,0.0,MONITOR,0.0,0,0,0,0.00,0.0,NO_VERIFIED_CATALOGUE_MATCH,0,,0.0,NONE,0,0.0,,0.0,MONITOR,No strong commercial signal yet.,Keep on watchlist; revisit when new procurement demand or catalogue-fit evidence appears.,,
acct_0b043f4db1d2,American International Health Alliance,org_860caeed6e6b,Ethiopia,Implementing Partner,Qualify,0.0,MONITOR,0.0,0,0,0,0.00,0.0,NO_VERIFIED_CATALOGUE_MATCH,0,,0.0,NONE,0,0.0,,0.0,MONITOR,No strong commercial signal yet.,Keep on watchlist; revisit when new procurement demand or catalogue-fit evidence appears.,,
acct_e6ccf7f6b1da,American University of Beirut,org_5d6ebccbf194,GB; LK; LB; Rwanda,Implementing Partner,Qualify,0.0,MONITOR,0.0,0,0,0,0.00,0.0,NO_VERIFIED_CATALOGUE_MATCH,0,,0.0,NONE,0,0.0,,0.0,MONITOR,No strong commercial signal yet.,Keep on watchlist; revisit when new procurement demand or catalogue-fit evidence appears.,,
acct_0761ea2c460d,American University of Beirut (AUB),org_e9c2e88c62c9,Kenya; KR; MN; KH; LA; TH; IN; KG; MK; TJ; UZ; RS; KW; PS; SA,Implementing Partner,Qualify,0.0,MONITOR,0.0,0,0,0,0.00,0.0,NO_VERIFIED_CATALOGUE_MATCH,0,,0.0,NONE,0,0.0,,0.0,MONITOR,No strong commercial signal yet.,Keep on watchlist; revisit when new procurement demand or catalogue-fit evidence appears.,,
acct_c007b065eaa7,AMHARA BOFED AGRICULTURE,org_151a050d5a16,Ethiopia,Implementing Partner,Prioritise,0.0,MONITOR,0.0,0,0,0,0.00,0.0,NO_VERIFIED_CATALOGUE_MATCH,0,,0.0,NONE,0,0.0,,0.0,MONITOR,No strong commercial signal yet.,Keep on watchlist; revisit when new procurement demand or catalogue-fit evidence appears.,,
acct_29a7825c2a0c,AMHARA BOWCYA,org_5d2370f6704a,Ethiopia,Implementing Partner,Prioritise,0.0,MONITOR,0.0,0,0,0,0.00,0.0,NO_VERIFIED_CATALOGUE_MATCH,0,,0.0,NONE,0,0.0,,0.0,MONITOR,No strong commercial signal yet.,Keep on watchlist; revisit when new procurement demand or catalogue-fit evidence appears.,,
acct_437f330ef120,AMHARA BUREAU OF HEALTH,org_88840b8523d5,Ethiopia,Implementing Partner,Prioritise,0.0,MONITOR,0.0,0,0,0,0.00,0.0,NO_VERIFIED_CATALOGUE_MATCH,0,,0.0,NONE,0,0.0,,0.0,MONITOR,No strong commercial signal yet.,Keep on watchlist; revisit when new procurement demand or catalogue-fit evidence appears.,,
acct_ec487042b0a7,AMHARA BUREAU OF WATER IRRIGATION AND ENERGY DEVELOPMENT,org_bea0bd9cfce4,Ethiopia,Implementing Partner,Prioritise,0.0,MONITOR,0.0,0,0,0,0.00,0.0,NO_VERIFIED_CATALOGUE_MATCH,0,,0.0,NONE,0,0.0,,0.0,MONITOR,No strong commercial signal yet.,Keep on watchlist; revisit when new procurement demand or catalogue-fit evidence appears.,,
acct_f9d15f942e0d,AMHARA DEVELOPMENT ASSOCIATION,org_9735af6a71d3,Ethiopia,Implementing Partner,Prioritise,0.0,MONITOR,0.0,0,0,0,0.00,0.0,NO_VERIFIED_CATALOGUE_MATCH,0,,0.0,NONE,0,0.0,,0.0,MONITOR,No strong commercial signal yet.,Keep on watchlist; revisit when new procurement demand or catalogue-fit evidence appears.,,
acct_dc042cc56675,AMHARA DISASTER PREVENTION FOOD SECURITY COMMISSION OFFICE,org_9ff8322ce872,Ethiopia,Implementing Partner,Prioritise,0.0,MONITOR,0.0,0,0,0,0.00,0.0,NO_VERIFIED_CATALOGUE_MATCH,0,,0.0,NONE,0,0.0,,0.0,MONITOR,No strong commercial signal yet.,Keep on watchlist; revisit when new procurement demand or catalogue-fit evidence appears.,,
acct_a0aeb61b23cd,AMHARA GENERAL ATTORNEY,org_e2f8618e6159,Ethiopia,Implementing Partner,Prioritise,0.0,MONITOR,0.0,0,0,0,0.00,0.0,NO_VERIFIED_CATALOGUE_MATCH,0,,0.0,NONE,0,0.0,,0.0,MONITOR,No strong commercial signal yet.,Keep on watchlist; revisit when new procurement demand or catalogue-fit evidence appears.,,
acct_b0c67636ded0,AMHARA VITAL EVENTS REGISTRATION AGENCY,org_ab2e688984a2,Ethiopia,Implementing Partner,Prioritise,0.0,MONITOR,0.0,0,0,0,0.00,0.0,NO_VERIFIED_CATALOGUE_MATCH,0,,0.0,NONE,0,0.0,,0.0,MONITOR,No strong commercial signal yet.,Keep on watchlist; revisit when new procurement demand or catalogue-fit evidence appears.,,
acct_85a1f968845f,AMHARA WOMENS ASSOCIATION,org_176e3f81ea16,Ethiopia,Implementing Partner,Prioritise,0.0,MONITOR,0.0,0,0,0,0.00,0.0,NO_VERIFIED_CATALOGUE_MATCH,0,,0.0,NONE,0,0.0,,0.0,MONITOR,No strong commercial signal yet.,Keep on watchlist; revisit when new procurement demand or catalogue-fit evidence appears.,,
acct_894bfcf2b9be,AMREF Ethiopia,org_7a832889b97b,Ethiopia,Implementing Partner,Qualify,0.0,MONITOR,0.0,0,0,0,0.00,0.0,NO_VERIFIED_CATALOGUE_MATCH,0,,0.0,NONE,0,0.0,,0.0,MONITOR,No strong commercial signal yet.,Keep on watchlist; revisit when new procurement demand or catalogue-fit evidence appears.,,
acct_3721d4b116df,Amref Flying Doctors,org_416ffd11369b,Kenya; Uganda; ZM; Ethiopia,Donor,Prioritise,0.0,MONITOR,0.0,0,0,0,0.00,0.0,NO_VERIFIED_CATALOGUE_MATCH,0,,0.0,NONE,0,0.0,,0.0,MONITOR,No strong commercial signal yet.,Keep on watchlist; revisit when new procurement demand or catalogue-fit evidence appears.,,
acct_0d023df1a094,AMREF HEALTH AFRICA,org_eb571fae3b24,South Sudan,Implementing Partner,Prioritise,0.0,MONITOR,0.0,0,0,0,0.00,0.0,NO_VERIFIED_CATALOGUE_MATCH,0,,0.0,NONE,0,0.0,,0.0,MONITOR,No strong commercial signal yet.,Keep on watchlist; revisit when new procurement demand or catalogue-fit evidence appears.,,
acct_0d023df1a094,AMREF Health Africa,org_eb571fae3b24,Ethiopia; Kenya; SN; Tanzania,Implementing Partner,Prioritise,0.0,MONITOR,0.0,0,0,0,0.00,0.0,NO_VERIFIED_CATALOGUE_MATCH,0,,0.0,NONE,0,0.0,,0.0,MONITOR,No strong commercial signal yet.,Keep on watchlist; revisit when new procurement demand or catalogue-fit evidence appears.,,
acct_50ad3bff5933,Amref Health Africa Headquarters,org_ac8d7e0ca88a,Ethiopia; Kenya,Implementing Partner,Research,0.0,MONITOR,0.0,0,0,0,0.00,0.0,NO_VERIFIED_CATALOGUE_MATCH,0,,0.0,NONE,0,0.0,,0.0,MONITOR,No strong commercial signal yet.,Keep on watchlist; revisit when new procurement demand or catalogue-fit evidence appears.,,
acct_fb6ad766e456,Amref Health Africa in Ethiopia,org_c71499b9c44f,Ethiopia,Implementing Partner,Qualify,0.0,MONITOR,0.0,0,0,0,0.00,0.0,NO_VERIFIED_CATALOGUE_MATCH,0,,0.0,NONE,0,0.0,,0.0,MONITOR,No strong commercial signal yet.,Keep on watchlist; revisit when new procurement demand or catalogue-fit evidence appears.,,
acct_d56e83466655,Amref Health Africa in Kenya,org_355b1ad7ae9b,Kenya; ZA; Tanzania; Ethiopia; Uganda; MW; BW; MZ,Implementing Partner,Prioritise,0.0,MONITOR,0.0,0,0,0,0.00,0.0,NO_VERIFIED_CATALOGUE_MATCH,0,,0.0,NONE,0,0.0,,0.0,MONITOR,No strong commercial signal yet.,Keep on watchlist; revisit when new procurement demand or catalogue-fit evidence appears.,,
acct_d56e83466655,Amref Health Africa in Kenya,org_355b1ad7ae9b,Kenya,Implementing Partner,Qualify,0.0,MONITOR,0.0,0,0,0,0.00,0.0,NO_VERIFIED_CATALOGUE_MATCH,0,,0.0,NONE,0,0.0,,0.0,MONITOR,No strong commercial signal yet.,Keep on watchlist; revisit when new procurement demand or catalogue-fit evidence appears.,,
acct_d56e83466655,Amref Health Africa in Kenya,org_355b1ad7ae9b,Kenya,Implementing Partner,Qualify,0.0,MONITOR,0.0,0,0,0,0.00,0.0,NO_VERIFIED_CATALOGUE_MATCH,0,,0.0,NONE,0,0.0,,0.0,MONITOR,No strong commercial signal yet.,Keep on watchlist; revisit when new procurement demand or catalogue-fit evidence appears.,,
acct_29b72372bdd4,AMREF HEALTH AFRICA ONG/ON,org_251a8cffc778,South Sudan,Implementing Partner,Qualify,0.0,MONITOR,0.0,0,0,0,0.00,0.0,NO_VERIFIED_CATALOGUE_MATCH,0,,0.0,NONE,0,0.0,,0.0,MONITOR,No strong commercial signal yet.,Keep on watchlist; revisit when new procurement demand or catalogue-fit evidence appears.,,
acct_bba7c56a9d97,Amref Health Africa Uganda,org_1b928f92ba21,Uganda,Implementing Partner,Prioritise,0.0,MONITOR,0.0,0,0,0,0.00,0.0,NO_VERIFIED_CATALOGUE_MATCH,0,,0.0,NONE,0,0.0,,0.0,MONITOR,No strong commercial signal yet.,Keep on watchlist; revisit when new procurement demand or catalogue-fit evidence appears.,,
acct_e696b2fe09f3,Amref Health Africa - UK,org_e38f5aebf3ac,Uganda,Accountable Agency,Prioritise,0.0,MONITOR,0.0,0,0,0,0.00,0.0,NO_VERIFIED_CATALOGUE_MATCH,0,,0.0,NONE,0,0.0,,0.0,MONITOR,No strong commercial signal yet.,Keep on watchlist; revisit when new procurement demand or catalogue-fit evidence appears.,,
acct_e696b2fe09f3,Amref Health Africa - UK,org_e38f5aebf3ac,Uganda; AO; BI; Ethiopia; LS; MG; MW; MZ; Rwanda; South Sudan; Tanzania; ZM; Kenya,Donor,Prioritise,0.0,MONITOR,0.0,0,0,0,0.00,0.0,NO_VERIFIED_CATALOGUE_MATCH,0,,0.0,NONE,0,0.0,,0.0,MONITOR,No strong commercial signal yet.,Keep on watchlist; revisit when new procurement demand or catalogue-fit evidence appears.,,
acct_f061e09c4b3d,Analyzing Development Issues Centre,org_3fbb77ebfbef,BD; GH; KH; ZA; Ethiopia; MW; SN; Uganda; IN; ZW; PE; TH; SY; MM; AR; VN; ZM; BR; LA; PK; Rwanda; Democratic Republic of the Congo; Kenya,Implementing Partner,Qualify,0.0,MONITOR,0.0,0,0,0,0.00,0.0,NO_VERIFIED_CATALOGUE_MATCH,0,,0.0,NONE,0,0.0,,0.0,MONITOR,No strong commercial signal yet.,Keep on watchlist; revisit when new procurement demand or catalogue-fit evidence appears.,,
acct_03ac52bd49f1,Andalucia,org_a443711c0f18,Somalia,Donor,Prioritise,0.0,MONITOR,0.0,0,0,0,0.00,0.0,NO_VERIFIED_CATALOGUE_MATCH,0,,0.0,NONE,0,0.0,,0.0,MONITOR,No strong commercial signal yet.,Keep on watchlist; revisit when new procurement demand or catalogue-fit evidence appears.,,
acct_80b32e51f00f,ANDRE FOODS SOUTH SUDAN,org_92fcf9e02221,South Sudan,Implementing Partner,Prioritise,0.0,MONITOR,0.0,0,0,0,0.00,0.0,NO_VERIFIED_CATALOGUE_MATCH,0,,0.0,NONE,0,0.0,,0.0,MONITOR,No strong commercial signal yet.,Keep on watchlist; revisit when new procurement demand or catalogue-fit evidence appears.,,
acct_95dfc5952562,Anonymous,org_1c4b2c9de809,Uganda,Donor,Prioritise,0.0,MONITOR,0.0,0,0,0,0.00,0.0,NO_VERIFIED_CATALOGUE_MATCH,0,,0.0,NONE,0,0.0,,0.0,MONITOR,No strong commercial signal yet.,Keep on watchlist; revisit when new procurement demand or catalogue-fit evidence appears.,,
acct_dc1d3ba1e0a5,AON UK LIMITED,org_33299952d173,Democratic Republic of the Congo; ZM; MW; SD,Implementing Partner,Monitor,0.0,MONITOR,0.0,0,0,0,0.00,0.0,NO_VERIFIED_CATALOGUE_MATCH,0,,0.0,NONE,0,0.0,,0.0,MONITOR,No strong commercial signal yet.,Keep on watchlist; revisit when new procurement demand or catalogue-fit evidence appears.,,
acct_a763e8442d87,APDA,org_1395d37aaf9a,Ethiopia,Implementing Partner,Research,0.0,MONITOR,0.0,0,0,0,0.00,0.0,NO_VERIFIED_CATALOGUE_MATCH,0,,0.0,NONE,0,0.0,,0.0,MONITOR,No strong commercial signal yet.,Keep on watchlist; revisit when new procurement demand or catalogue-fit evidence appears.,,
acct_61b12e635700,APPUI AUX FEMMES DEMUNIES ET ENFANTS MARGINALISES,org_365b0bf4e956,Democratic Republic of the Congo,Implementing Partner,Prioritise,0.0,MONITOR,0.0,0,0,0,0.00,0.0,NO_VERIFIED_CATALOGUE_MATCH,0,,0.0,NONE,0,0.0,,0.0,MONITOR,No strong commercial signal yet.,Keep on watchlist; revisit when new procurement demand or catalogue-fit evidence appears.,,
acct_0d845446ba25,APPUI MEDICAL INTEGRE AUX ACTIVITES DE LABORATOIRE,org_1c965c215fba,Democratic Republic of the Congo,Implementing Partner,Prioritise,0.0,MONITOR,0.0,0,0,0,0.00,0.0,NO_VERIFIED_CATALOGUE_MATCH,0,,0.0,NONE,0,0.0,,0.0,MONITOR,No strong commercial signal yet.,Keep on watchlist; revisit when new procurement demand or catalogue-fit evidence appears.,,
acct_42399b66eab6,Arba Minch University,org_7c7370a8f6ff,Kenya; Ethiopia,Implementing Partner,Research,0.0,MONITOR,0.0,0,0,0,0.00,0.0,NO_VERIFIED_CATALOGUE_MATCH,0,,0.0,NONE,0,0.0,,0.0,MONITOR,No strong commercial signal yet.,Keep on watchlist; revisit when new procurement demand or catalogue-fit evidence appears.,,
acct_1443de857b6b,arche noVa - Initiative für Menschen in Not e.V.,org_743395a34dd3,Kenya; Uganda,Implementing Partner,Research,0.0,MONITOR,0.0,0,0,0,0.00,0.0,NO_VERIFIED_CATALOGUE_MATCH,0,,0.0,NONE,0,0.0,,0.0,MONITOR,No strong commercial signal yet.,Keep on watchlist; revisit when new procurement demand or catalogue-fit evidence appears.,,
acct_498a57dade34,Archidiocèse Bukavu,org_9f00131f61a7,Democratic Republic of the Congo,Implementing Partner,Qualify,0.0,MONITOR,0.0,0,0,0,0.00,0.0,NO_VERIFIED_CATALOGUE_MATCH,0,,0.0,NONE,0,0.0,,0.0,MONITOR,No strong commercial signal yet.,Keep on watchlist; revisit when new procurement demand or catalogue-fit evidence appears.,,
acct_15bbe5bc950c,Ardhi University,org_1891aab38b34,Tanzania,Implementing Partner,Qualify,0.0,MONITOR,0.0,0,0,0,0.00,0.0,NO_VERIFIED_CATALOGUE_MATCH,0,,0.0,NONE,0,0.0,,0.0,MONITOR,No strong commercial signal yet.,Keep on watchlist; revisit when new procurement demand or catalogue-fit evidence appears.,,
acct_31762f4bc5b0,ARES,org_a0ee49953695,Democratic Republic of the Congo,Implementing Partner,Qualify,0.0,MONITOR,0.0,0,0,0,0.00,0.0,NO_VERIFIED_CATALOGUE_MATCH,0,,0.0,NONE,0,0.0,,0.0,MONITOR,No strong commercial signal yet.,Keep on watchlist; revisit when new procurement demand or catalogue-fit evidence appears.,,
acct_d21a62cdbc49,ARES,org_986a62f2d21a,Democratic Republic of the Congo,Donor,Qualify,0.0,MONITOR,0.0,0,0,0,0.00,0.0,NO_VERIFIED_CATALOGUE_MATCH,0,,0.0,NONE,0,0.0,,0.0,MONITOR,No strong commercial signal yet.,Keep on watchlist; revisit when new procurement demand or catalogue-fit evidence appears.,,
acct_be629fa231a9,Armauer Hansen Research Institute,org_c75fd38ff124,GB; Ethiopia; GH,Implementing Partner,Qualify,0.0,MONITOR,0.0,0,0,0,0.00,0.0,NO_VERIFIED_CATALOGUE_MATCH,0,,0.0,NONE,0,0.0,,0.0,MONITOR,No strong commercial signal yet.,Keep on watchlist; revisit when new procurement demand or catalogue-fit evidence appears.,,
acct_db1a55470115,"ARMOR Organization is an indigenous, non-governmental, humanitarian organization registered with the FDRE Authority for Civil Society Organizations (ACSO) in 2016 and renewed in 2022. Founded and led by Alemtsehay Sahle Makonnen, ARMOR operates across all regional states of Ethiopia to assist Ethiopian people in fighting poverty and living a satisfactory life through its 8 integrated projects: ARMOR-CUP, ARMOR-Elderly, ARMOR-Women, ARMOR-Water, ARMOR-Health, ARMOREducation, ARMOR-Children, and ARMOR-Agriculture",org_2db995b27273,PK; MM; LB; Uganda; MZ; Tanzania; Ethiopia; MD; GB,Implementing Partner,Research,0.0,MONITOR,0.0,0,0,0,0.00,0.0,NO_VERIFIED_CATALOGUE_MATCH,0,,0.0,NONE,0,0.0,,0.0,MONITOR,No strong commercial signal yet.,Keep on watchlist; revisit when new procurement demand or catalogue-fit evidence appears.,,
acct_89571df00579,Artevelde University College,org_52031e9c42b6,Rwanda,Implementing Partner,Qualify,0.0,MONITOR,0.0,0,0,0,0.00,0.0,NO_VERIFIED_CATALOGUE_MATCH,0,,0.0,NONE,0,0.0,,0.0,MONITOR,No strong commercial signal yet.,Keep on watchlist; revisit when new procurement demand or catalogue-fit evidence appears.,,
acct_6b6363102075,ARTICLE 33 INDONESIA,org_71f0e51ac29b,Kenya; BD; ID; Somalia; KH; ZA; Uganda; MY; NP; ZM; VN; Rwanda,Implementing Partner,Monitor,0.0,MONITOR,0.0,0,0,0,0.00,0.0,NO_VERIFIED_CATALOGUE_MATCH,0,,0.0,NONE,0,0.0,,0.0,MONITOR,No strong commercial signal yet.,Keep on watchlist; revisit when new procurement demand or catalogue-fit evidence appears.,,
acct_c4b81664f4c7,ARUP AUSTRALIA PTY LTD,org_9e466a0b4af8,Kenya; KH; NG; Somalia; ZA; VN; ZW; IN; Rwanda; GH; SY; TL; IQ; EG; YE; TH; MW; MY; PH; PK; JO; BD; Ethiopia; MM; South Sudan; Democratic Republic of the Congo; ID; NP; TN; Tanzania,Implementing Partner,Qualify,0.0,MONITOR,0.0,0,0,0,0.00,0.0,NO_VERIFIED_CATALOGUE_MATCH,0,,0.0,NONE,0,0.0,,0.0,MONITOR,No strong commercial signal yet.,Keep on watchlist; revisit when new procurement demand or catalogue-fit evidence appears.,,
acct_9a93f0dc3c31,ARUP SINGAPORE PTE LTD,org_2a96dd2b89cc,Kenya; KH; NG; Somalia; ZA; VN; ZW; IN; Rwanda; GH; SY; TL; IQ; EG; YE; TH; MW; MY; PH; PK; JO; BD; Ethiopia; MM; South Sudan; Democratic Republic of the Congo; ID; NP; TN; Tanzania,Implementing Partner,Qualify,0.0,MONITOR,0.0,0,0,0,0.00,0.0,NO_VERIFIED_CATALOGUE_MATCH,0,,0.0,NONE,0,0.0,,0.0,MONITOR,No strong commercial signal yet.,Keep on watchlist; revisit when new procurement demand or catalogue-fit evidence appears.,,
acct_b8bacbe8e30f,ASDEPO ACTION FOR SOCIAL DEVELOPMENT AND,org_b6d9579b1d82,Ethiopia,Implementing Partner,Prioritise,0.0,MONITOR,0.0,0,0,0,0.00,0.0,NO_VERIFIED_CATALOGUE_MATCH,0,,0.0,NONE,0,0.0,,0.0,MONITOR,No strong commercial signal yet.,Keep on watchlist; revisit when new procurement demand or catalogue-fit evidence appears.,,
acct_edf613710009,Asia Center for Air Pollution Research (ACAP),org_18243f4926d9,Kenya; KR; MN; KH; LA; TH; IN; KG; MK; TJ; UZ; RS; KW; PS; SA,Accountable Agency,Qualify,0.0,MONITOR,0.0,0,0,0,0.00,0.0,NO_VERIFIED_CATALOGUE_MATCH,0,,0.0,NONE,0,0.0,,0.0,MONITOR,No strong commercial signal yet.,Keep on watchlist; revisit when new procurement demand or catalogue-fit evidence appears.,,
acct_9f93ccb6ec6a,Asian Institute of Technology,org_daba1ea0b889,Kenya; KR; MN; KH; LA; TH; IN; KG; MK; TJ; UZ; RS; KW; PS; SA,Implementing Partner,Qualify,0.0,MONITOR,0.0,0,0,0,0.00,0.0,NO_VERIFIED_CATALOGUE_MATCH,0,,0.0,NONE,0,0.0,,0.0,MONITOR,No strong commercial signal yet.,Keep on watchlist; revisit when new procurement demand or catalogue-fit evidence appears.,,
acct_1a0bc33e3239,ASPIRE DEBATE RWANDA,org_89ca46326a33,Rwanda,Implementing Partner,Prioritise,0.0,MONITOR,0.0,0,0,0,0.00,0.0,NO_VERIFIED_CATALOGUE_MATCH,0,,0.0,NONE,0,0.0,,0.0,MONITOR,No strong commercial signal yet.,Keep on watchlist; revisit when new procurement demand or catalogue-fit evidence appears.,,
acct_2b1c5f69fd96,ASSISTANCE AUX ENFANTS ABANDONNES ET ORPHELINS CENTRES NUTRITIONNELS,org_0b8b4226b030,Democratic Republic of the Congo,Implementing Partner,Prioritise,0.0,MONITOR,0.0,0,0,0,0.00,0.0,NO_VERIFIED_CATALOGUE_MATCH,0,,0.0,NONE,0,0.0,,0.0,MONITOR,No strong commercial signal yet.,Keep on watchlist; revisit when new procurement demand or catalogue-fit evidence appears.,,
acct_afbee7c7f545,Associação Moçambicana para Desenvolvimento da Família (AMODEFA),org_35e899d07a3c,BI; Ethiopia; MW; MZ; PK; Rwanda; South Sudan; SD; Tanzania; Uganda; ZM; AF; BG; MG; Somalia; ZW,Implementing Partner,Research,0.0,MONITOR,0.0,0,0,0,0.00,0.0,NO_VERIFIED_CATALOGUE_MATCH,0,,0.0,NONE,0,0.0,,0.0,MONITOR,No strong commercial signal yet.,Keep on watchlist; revisit when new procurement demand or catalogue-fit evidence appears.,,
acct_d5fee3c1a8bf,Associação Saúde Sem Limites,org_e46b5256eca5,BD; GH; KH; ZA; Ethiopia; MW; SN; Uganda; IN; ZW; PE; TH; SY; MM; AR; VN; ZM; BR; LA; PK; Rwanda; Democratic Republic of the Congo; Kenya,Implementing Partner,Qualify,0.0,MONITOR,0.0,0,0,0,0.00,0.0,NO_VERIFIED_CATALOGUE_MATCH,0,,0.0,NONE,0,0.0,,0.0,MONITOR,No strong commercial signal yet.,Keep on watchlist; revisit when new procurement demand or catalogue-fit evidence appears.,,
acct_0f50417eebf9,Association Burundaise pour le Bien-Etre Familial (ABUBEF),org_6556f7d16ae5,BI; Ethiopia; MG; Somalia; South Sudan; SD; ZM; MW; MZ; PK; Rwanda; Tanzania; Uganda; AF; BG; ZW,Implementing Partner,Research,0.0,MONITOR,0.0,0,0,0,0.00,0.0,NO_VERIFIED_CATALOGUE_MATCH,0,,0.0,NONE,0,0.0,,0.0,MONITOR,No strong commercial signal yet.,Keep on watchlist; revisit when new procurement demand or catalogue-fit evidence appears.,,
acct_4bfdfaf1aba9,ASSOCIATION DES FEMMES POUR LE DEVELOPPEMENT COMMUNAUTAIRE,org_74d89633f2d8,Democratic Republic of the Congo,Implementing Partner,Prioritise,0.0,MONITOR,0.0,0,0,0,0.00,0.0,NO_VERIFIED_CATALOGUE_MATCH,0,,0.0,NONE,0,0.0,,0.0,MONITOR,No strong commercial signal yet.,Keep on watchlist; revisit when new procurement demand or catalogue-fit evidence appears.,,
acct_82952ed84ce7,Association of Private Health Providers in Tanzania,org_ce16b89f4dea,Tanzania,Accountable Agency,Monitor,0.0,MONITOR,0.0,0,0,0,0.00,0.0,NO_VERIFIED_CATALOGUE_MATCH,0,,0.0,NONE,0,0.0,,0.0,MONITOR,No strong commercial signal yet.,Keep on watchlist; revisit when new procurement demand or catalogue-fit evidence appears.,,
acct_3e7a0dbf4c25,ASSOCIATION POUR LE DEVELOPPEMENT SOCIAL ET LA SAUVEGARDE DE L ENVIRONNEMENT,org_074173384926,Democratic Republic of the Congo,Implementing Partner,Prioritise,0.0,MONITOR,0.0,0,0,0,0.00,0.0,NO_VERIFIED_CATALOGUE_MATCH,0,,0.0,NONE,0,0.0,,0.0,MONITOR,No strong commercial signal yet.,Keep on watchlist; revisit when new procurement demand or catalogue-fit evidence appears.,,
acct_045115161709,Astral Aerial Solutions,org_d1d5a4e48702,Kenya,Implementing Partner,Prioritise,0.0,MONITOR,0.0,0,0,0,0.00,0.0,NO_VERIFIED_CATALOGUE_MATCH,0,,0.0,NONE,0,0.0,,0.0,MONITOR,No strong commercial signal yet.,Keep on watchlist; revisit when new procurement demand or catalogue-fit evidence appears.,,
acct_0a1fc9e944cb,Atlas-alliansen,org_bc913676dc7b,Uganda; Tanzania; Ethiopia,Implementing Partner,Prioritise,0.0,MONITOR,0.0,0,0,0,0.00,0.0,NO_VERIFIED_CATALOGUE_MATCH,0,,0.0,NONE,0,0.0,,0.0,MONITOR,No strong commercial signal yet.,Keep on watchlist; revisit when new procurement demand or catalogue-fit evidence appears.,,
acct_fd3fa2bea067,ATScale,org_75a060ca80ed,MW; ID; CH; GH; CO; GB; SL; BE; FR; IN; Kenya; MN; US; NP; BR; ZA,Donor,Prioritise,0.0,MONITOR,0.0,0,0,0,0.00,0.0,NO_VERIFIED_CATALOGUE_MATCH,0,,0.0,NONE,0,0.0,,0.0,MONITOR,No strong commercial signal yet.,Keep on watchlist; revisit when new procurement demand or catalogue-fit evidence appears.,,
acct_b065b00ade06,Atsede & Indie's Women's Clinic,org_ac73169e4b6f,Ethiopia,Implementing Partner,Qualify,0.0,MONITOR,0.0,0,0,0,0.00,0.0,NO_VERIFIED_CATALOGUE_MATCH,0,,0.0,NONE,0,0.0,,0.0,MONITOR,No strong commercial signal yet.,Keep on watchlist; revisit when new procurement demand or catalogue-fit evidence appears.,,
acct_92bccdf413cb,Audere,org_fe311fcc85b6,Kenya,Donor,Qualify,0.0,MONITOR,0.0,0,0,0,0.00,0.0,NO_VERIFIED_CATALOGUE_MATCH,0,,0.0,NONE,0,0.0,,0.0,MONITOR,No strong commercial signal yet.,Keep on watchlist; revisit when new procurement demand or catalogue-fit evidence appears.,,
acct_56b199b7e8ed,Australia,org_fe55c9d1706c,Rwanda; Somalia; South Sudan; Ethiopia; Kenya; Tanzania,Donor,Prioritise,0.0,MONITOR,0.0,0,0,0,0.00,0.0,NO_VERIFIED_CATALOGUE_MATCH,0,,0.0,NONE,0,0.0,,0.0,MONITOR,No strong commercial signal yet.,Keep on watchlist; revisit when new procurement demand or catalogue-fit evidence appears.,,
acct_7a3442f62df5,Australian Centre for International Agricultural Research,org_d46d133dcdf4,Uganda; Kenya,Donor,Prioritise,0.0,MONITOR,0.0,0,0,0,0.00,0.0,NO_VERIFIED_CATALOGUE_MATCH,0,,0.0,NONE,0,0.0,,0.0,MONITOR,No strong commercial signal yet.,Keep on watchlist; revisit when new procurement demand or catalogue-fit evidence appears.,,
acct_127fec322fc9,Australian Committee for UNICEF,org_abdb978cf115,Somalia; Ethiopia,Donor,Qualify,0.0,MONITOR,0.0,0,0,0,0.00,0.0,NO_VERIFIED_CATALOGUE_MATCH,0,,0.0,NONE,0,0.0,,0.0,MONITOR,No strong commercial signal yet.,Keep on watchlist; revisit when new procurement demand or catalogue-fit evidence appears.,,
acct_be63476ebb8a,Austria - Ministry of Finance,org_1867e7624203,Somalia,Donor,Prioritise,0.0,MONITOR,0.0,0,0,0,0.00,0.0,NO_VERIFIED_CATALOGUE_MATCH,0,,0.0,NONE,0,0.0,,0.0,MONITOR,No strong commercial signal yet.,Keep on watchlist; revisit when new procurement demand or catalogue-fit evidence appears.,,
acct_06a51a786a4a,Austrian Development Agency,org_7f6698d8a418,Uganda,Donor,Research,0.0,MONITOR,0.0,0,0,0,0.00,0.0,NO_VERIFIED_CATALOGUE_MATCH,0,,0.0,NONE,0,0.0,,0.0,MONITOR,No strong commercial signal yet.,Keep on watchlist; revisit when new procurement demand or catalogue-fit evidence appears.,,
acct_6078fde6b9ff,Austrian Development Agency GmbH,org_9d7e564edbd3,Ethiopia,Donor,Qualify,0.0,MONITOR,0.0,0,0,0,0.00,0.0,NO_VERIFIED_CATALOGUE_MATCH,0,,0.0,NONE,0,0.0,,0.0,MONITOR,No strong commercial signal yet.,Keep on watchlist; revisit when new procurement demand or catalogue-fit evidence appears.,,
acct_4e0594008868,Autres institutions multilatérales,org_a9b75dc6ea70,Kenya; LS; MW; MU; ZW; SZ; Tanzania; Uganda; ZM; Ethiopia; Democratic Republic of the Congo,Implementing Partner,Qualify,0.0,MONITOR,0.0,0,0,0,0.00,0.0,NO_VERIFIED_CATALOGUE_MATCH,0,,0.0,NONE,0,0.0,,0.0,MONITOR,No strong commercial signal yet.,Keep on watchlist; revisit when new procurement demand or catalogue-fit evidence appears.,,
acct_cadf0ca78e27,Avanti Communications Ltd,org_252ad76d1bee,Kenya; ZW; Uganda; Democratic Republic of the Congo; Ethiopia; GH; MZ; NP; NG; Rwanda; SL; Tanzania; ZM,Implementing Partner,Qualify,0.0,MONITOR,0.0,0,0,0,0.00,0.0,NO_VERIFIED_CATALOGUE_MATCH,0,,0.0,NONE,0,0.0,,0.0,MONITOR,No strong commercial signal yet.,Keep on watchlist; revisit when new procurement demand or catalogue-fit evidence appears.,,
acct_df1122ef327b,AVSI FOUNDATION,org_ddcc4c679fdb,Uganda,Implementing Partner,Research,0.0,MONITOR,0.0,0,0,0,0.00,0.0,NO_VERIFIED_CATALOGUE_MATCH,0,,0.0,NONE,0,0.0,,0.0,MONITOR,No strong commercial signal yet.,Keep on watchlist; revisit when new procurement demand or catalogue-fit evidence appears.,,
acct_e0b1f21507c7,AVSI SOUTH SUDAN,org_5bf945dc8ee6,South Sudan,Implementing Partner,Prioritise,0.0,MONITOR,0.0,0,0,0,0.00,0.0,NO_VERIFIED_CATALOGUE_MATCH,0,,0.0,NONE,0,0.0,,0.0,MONITOR,No strong commercial signal yet.,Keep on watchlist; revisit when new procurement demand or catalogue-fit evidence appears.,,
acct_b87831b2e2c0,AWYAD,org_95b9616fde87,Uganda,Implementing Partner,Qualify,0.0,MONITOR,0.0,0,0,0,0.00,0.0,NO_VERIFIED_CATALOGUE_MATCH,0,,0.0,NONE,0,0.0,,0.0,MONITOR,No strong commercial signal yet.,Keep on watchlist; revisit when new procurement demand or catalogue-fit evidence appears.,,
acct_c3d4966fd7f5,AYUUB,org_627c772b6e66,Somalia,Implementing Partner,Qualify,0.0,MONITOR,0.0,0,0,0,0.00,0.0,NO_VERIFIED_CATALOGUE_MATCH,0,,0.0,NONE,0,0.0,,0.0,MONITOR,No strong commercial signal yet.,Keep on watchlist; revisit when new procurement demand or catalogue-fit evidence appears.,,
acct_4a423b273bbf,AYUUB NGO,org_1d9908ea3eb0,Somalia,Implementing Partner,Prioritise,0.0,MONITOR,0.0,0,0,0,0.00,0.0,NO_VERIFIED_CATALOGUE_MATCH,0,,0.0,NONE,0,0.0,,0.0,MONITOR,No strong commercial signal yet.,Keep on watchlist; revisit when new procurement demand or catalogue-fit evidence appears.,,
acct_a16d703bb3a8,B GUMUZ BOWCYA,org_f05f549fd17e,Ethiopia,Implementing Partner,Prioritise,0.0,MONITOR,0.0,0,0,0,0.00,0.0,NO_VERIFIED_CATALOGUE_MATCH,0,,0.0,NONE,0,0.0,,0.0,MONITOR,No strong commercial signal yet.,Keep on watchlist; revisit when new procurement demand or catalogue-fit evidence appears.,,
acct_c2245316efc9,B GUMUZ DISASTER RISK AND MANAGEMENT OFFICE,org_4cf85005900e,Ethiopia,Implementing Partner,Prioritise,0.0,MONITOR,0.0,0,0,0,0.00,0.0,NO_VERIFIED_CATALOGUE_MATCH,0,,0.0,NONE,0,0.0,,0.0,MONITOR,No strong commercial signal yet.,Keep on watchlist; revisit when new procurement demand or catalogue-fit evidence appears.,,
acct_0d16631f265a,B GUMUZ REGIONAL ATTORNEY GENERAL RAG,org_da68677a4116,Ethiopia,Implementing Partner,Prioritise,0.0,MONITOR,0.0,0,0,0,0.00,0.0,NO_VERIFIED_CATALOGUE_MATCH,0,,0.0,NONE,0,0.0,,0.0,MONITOR,No strong commercial signal yet.,Keep on watchlist; revisit when new procurement demand or catalogue-fit evidence appears.,,
acct_33b293ff4374,B GUMUZ REGIONAL HEALTH BUREAU RHB,org_2dba1409812d,Ethiopia,Implementing Partner,Prioritise,0.0,MONITOR,0.0,0,0,0,0.00,0.0,NO_VERIFIED_CATALOGUE_MATCH,0,,0.0,NONE,0,0.0,,0.0,MONITOR,No strong commercial signal yet.,Keep on watchlist; revisit when new procurement demand or catalogue-fit evidence appears.,,
acct_624f8b30f09d,B GUMUZ VITAL EVENT REGISTRATION AGENCY VERA,org_411b57c2bc7c,Ethiopia,Implementing Partner,Prioritise,0.0,MONITOR,0.0,0,0,0,0.00,0.0,NO_VERIFIED_CATALOGUE_MATCH,0,,0.0,NONE,0,0.0,,0.0,MONITOR,No strong commercial signal yet.,Keep on watchlist; revisit when new procurement demand or catalogue-fit evidence appears.,,
acct_5d757fb2e2f8,BAHIR DAR UNIVERSITY,org_b61293e759c1,Ethiopia,Implementing Partner,Prioritise,0.0,MONITOR,0.0,0,0,0,0.00,0.0,NO_VERIFIED_CATALOGUE_MATCH,0,,0.0,NONE,0,0.0,,0.0,MONITOR,No strong commercial signal yet.,Keep on watchlist; revisit when new procurement demand or catalogue-fit evidence appears.,,
acct_5d757fb2e2f8,Bahir Dar University,org_b61293e759c1,Tanzania; Ethiopia,Implementing Partner,Research,0.0,MONITOR,0.0,0,0,0,0.00,0.0,NO_VERIFIED_CATALOGUE_MATCH,0,,0.0,NONE,0,0.0,,0.0,MONITOR,No strong commercial signal yet.,Keep on watchlist; revisit when new procurement demand or catalogue-fit evidence appears.,,
acct_82b15e7c9ba3,BANADIR PRIMARY HEALTH CARE CONSORTIUM,org_55412894c536,Somalia,Implementing Partner,Prioritise,0.0,MONITOR,0.0,0,0,0,0.00,0.0,NO_VERIFIED_CATALOGUE_MATCH,0,,0.0,NONE,0,0.0,,0.0,MONITOR,No strong commercial signal yet.,Keep on watchlist; revisit when new procurement demand or catalogue-fit evidence appears.,,
acct_71426fb3f2a7,Bangor university,org_870402eb40ca,BD; GH; KI; SL; Tanzania,Implementing Partner,Research,0.0,MONITOR,0.0,0,0,0,0.00,0.0,NO_VERIFIED_CATALOGUE_MATCH,0,,0.0,NONE,0,0.0,,0.0,MONITOR,No strong commercial signal yet.,Keep on watchlist; revisit when new procurement demand or catalogue-fit evidence appears.,,
acct_64e049249c45,BASIC EDUCATION AND GENDER EQUALITY,org_a171c75c0643,Ethiopia; Uganda; Somalia; Rwanda,Donor,Qualify,0.0,MONITOR,0.0,0,0,0,0.00,0.0,NO_VERIFIED_CATALOGUE_MATCH,0,,0.0,NONE,0,0.0,,0.0,MONITOR,No strong commercial signal yet.,Keep on watchlist; revisit when new procurement demand or catalogue-fit evidence appears.,,
acct_6ab75328ac9e,Basic Needs Basic Rights Kenya,org_62e70f2908a4,Kenya,Accountable Agency,Monitor,0.0,MONITOR,0.0,0,0,0,0.00,0.0,NO_VERIFIED_CATALOGUE_MATCH,0,,0.0,NONE,0,0.0,,0.0,MONITOR,No strong commercial signal yet.,Keep on watchlist; revisit when new procurement demand or catalogue-fit evidence appears.,,
acct_9ea0b0359b07,Bayer AG,org_2df7d7450758,Democratic Republic of the Congo,Donor,Prioritise,0.0,MONITOR,0.0,0,0,0,0.00,0.0,NO_VERIFIED_CATALOGUE_MATCH,0,,0.0,NONE,0,0.0,,0.0,MONITOR,No strong commercial signal yet.,Keep on watchlist; revisit when new procurement demand or catalogue-fit evidence appears.,,
acct_39b39e0ed2b8,Bayero University,org_5f808cc7c81f,NG; Kenya; GB; US,Implementing Partner,Prioritise,0.0,MONITOR,0.0,0,0,0,0.00,0.0,NO_VERIFIED_CATALOGUE_MATCH,0,,0.0,NONE,0,0.0,,0.0,MONITOR,No strong commercial signal yet.,Keep on watchlist; revisit when new procurement demand or catalogue-fit evidence appears.,,
acct_b35c40149412,BAYFRONT INFRASTRUCTURE CAPITAL IV,org_3dbb366b0cc9,MY; PH; Kenya; TH,Implementing Partner,Monitor,0.0,MONITOR,0.0,0,0,0,0.00,0.0,NO_VERIFIED_CATALOGUE_MATCH,0,,0.0,NONE,0,0.0,,0.0,MONITOR,No strong commercial signal yet.,Keep on watchlist; revisit when new procurement demand or catalogue-fit evidence appears.,,
acct_4b8a80487fd7,BAYLOR COLLEGE OF MEDICINE CHILDREN S FOUNDATION TANZANIA,org_a95f11f0cca8,Tanzania,Implementing Partner,Prioritise,0.0,MONITOR,0.0,0,0,0,0.00,0.0,NO_VERIFIED_CATALOGUE_MATCH,0,,0.0,NONE,0,0.0,,0.0,MONITOR,No strong commercial signal yet.,Keep on watchlist; revisit when new procurement demand or catalogue-fit evidence appears.,,
acct_6ff7b7536fd8,BAYLOR UGANDA,org_a3c0f6e5f05b,Uganda,Implementing Partner,Research,0.0,MONITOR,0.0,0,0,0,0.00,0.0,NO_VERIFIED_CATALOGUE_MATCH,0,,0.0,NONE,0,0.0,,0.0,MONITOR,No strong commercial signal yet.,Keep on watchlist; revisit when new procurement demand or catalogue-fit evidence appears.,,
acct_e11473bb16d7,BBC MEDIA ACTION,org_cee9cc6cf860,Tanzania,Implementing Partner,Prioritise,0.0,MONITOR,0.0,0,0,0,0.00,0.0,NO_VERIFIED_CATALOGUE_MATCH,0,,0.0,NONE,0,0.0,,0.0,MONITOR,No strong commercial signal yet.,Keep on watchlist; revisit when new procurement demand or catalogue-fit evidence appears.,,
acct_e11473bb16d7,BBC Media Action,org_cee9cc6cf860,Tanzania; Ethiopia,Reporting Organisation,Qualify,0.0,MONITOR,0.0,0,0,0,0.00,0.0,NO_VERIFIED_CATALOGUE_MATCH,0,,0.0,NONE,0,0.0,,0.0,MONITOR,No strong commercial signal yet.,Keep on watchlist; revisit when new procurement demand or catalogue-fit evidence appears.,,
acct_284b4c7a9733,Belgian agency for international cooperation (Enabel),org_35b884c2f631,Rwanda; Democratic Republic of the Congo; Uganda,Donor,Qualify,0.0,MONITOR,0.0,0,0,0,0.00,0.0,NO_VERIFIED_CATALOGUE_MATCH,0,,0.0,NONE,0,0.0,,0.0,MONITOR,No strong commercial signal yet.,Keep on watchlist; revisit when new procurement demand or catalogue-fit evidence appears.,,
acct_951ae07b6620,Belgian Committee for UNICEF,org_936fc426e37c,Democratic Republic of the Congo; South Sudan; Somalia,Donor,Prioritise,0.0,MONITOR,0.0,0,0,0,0.00,0.0,NO_VERIFIED_CATALOGUE_MATCH,0,,0.0,NONE,0,0.0,,0.0,MONITOR,No strong commercial signal yet.,Keep on watchlist; revisit when new procurement demand or catalogue-fit evidence appears.,,
acct_d1b239758f59,BENISHANGUL GUMUZ REGIONAL STATE AGRICULTURE BUREAU,org_6d97e0de5e2e,Ethiopia,Implementing Partner,Prioritise,0.0,MONITOR,0.0,0,0,0,0.00,0.0,NO_VERIFIED_CATALOGUE_MATCH,0,,0.0,NONE,0,0.0,,0.0,MONITOR,No strong commercial signal yet.,Keep on watchlist; revisit when new procurement demand or catalogue-fit evidence appears.,,
acct_45a4fdf2714e,BENJAMIN WILLIAM MKAPA FOUNDATION,org_e735edc59a06,Tanzania,Implementing Partner,Prioritise,0.0,MONITOR,0.0,0,0,0,0.00,0.0,NO_VERIFIED_CATALOGUE_MATCH,0,,0.0,NONE,0,0.0,,0.0,MONITOR,No strong commercial signal yet.,Keep on watchlist; revisit when new procurement demand or catalogue-fit evidence appears.,,
acct_800bb2e7b12c,Bernhard-Nocht-Institut (BNITM),org_ca6ae2560d6b,Uganda,Implementing Partner,Qualify,0.0,MONITOR,0.0,0,0,0,0.00,0.0,NO_VERIFIED_CATALOGUE_MATCH,0,,0.0,NONE,0,0.0,,0.0,MONITOR,No strong commercial signal yet.,Keep on watchlist; revisit when new procurement demand or catalogue-fit evidence appears.,,
acct_aec864a7b1d4,Bi Valve Shelfish Association of SA (Pty) Ltd,org_a75958f7d4f7,Kenya; KH; NG; Somalia; ZA; VN; ZW; IN; Rwanda; GH; SY; TL; IQ; EG; YE; TH; MW; MY; PH; PK; JO; BD; Ethiopia; MM; South Sudan; Democratic Republic of the Congo; ID; NP; TN; Tanzania,Implementing Partner,Qualify,0.0,MONITOR,0.0,0,0,0,0.00,0.0,NO_VERIFIED_CATALOGUE_MATCH,0,,0.0,NONE,0,0.0,,0.0,MONITOR,No strong commercial signal yet.,Keep on watchlist; revisit when new procurement demand or catalogue-fit evidence appears.,,
acct_73e96da5f4eb,Bill & Melinda Gates Foundation,org_8d9b809357c2,Kenya; Ethiopia; NG,Implementing Partner,Monitor,0.0,MONITOR,0.0,0,0,0,0.00,0.0,NO_VERIFIED_CATALOGUE_MATCH,0,,0.0,NONE,0,0.0,,0.0,MONITOR,No strong commercial signal yet.,Keep on watchlist; revisit when new procurement demand or catalogue-fit evidence appears.,,
acct_850e0f5088e4,Biological Sciences Research Council BBSRC,org_9a3ee149c47b,Kenya,Donor,Qualify,0.0,MONITOR,0.0,0,0,0,0.00,0.0,NO_VERIFIED_CATALOGUE_MATCH,0,,0.0,NONE,0,0.0,,0.0,MONITOR,No strong commercial signal yet.,Keep on watchlist; revisit when new procurement demand or catalogue-fit evidence appears.,,
acct_31ce246790e8,Biosurv International Ltd,org_63036c312d2f,Democratic Republic of the Congo,Implementing Partner,Prioritise,0.0,MONITOR,0.0,0,0,0,0.00,0.0,NO_VERIFIED_CATALOGUE_MATCH,0,,0.0,NONE,0,0.0,,0.0,MONITOR,No strong commercial signal yet.,Keep on watchlist; revisit when new procurement demand or catalogue-fit evidence appears.,,
acct_9f5456343d8c,Biovision Foundation,org_1d62c3eef12a,Kenya,Donor,Qualify,0.0,MONITOR,0.0,0,0,0,0.00,0.0,NO_VERIFIED_CATALOGUE_MATCH,0,,0.0,NONE,0,0.0,,0.0,MONITOR,No strong commercial signal yet.,Keep on watchlist; revisit when new procurement demand or catalogue-fit evidence appears.,,
acct_83ba6d3092ca,BKP Economic Advisors,org_3990a5e82c32,Ethiopia,Implementing Partner,Research,0.0,MONITOR,0.0,0,0,0,0.00,0.0,NO_VERIFIED_CATALOGUE_MATCH,0,,0.0,NONE,0,0.0,,0.0,MONITOR,No strong commercial signal yet.,Keep on watchlist; revisit when new procurement demand or catalogue-fit evidence appears.,,
acct_5040951b9a62,Bloomberg Family Foundation,org_37ad50ec2dfa,Kenya; Ethiopia; Uganda; Rwanda,Donor,Prioritise,0.0,MONITOR,0.0,0,0,0,0.00,0.0,NO_VERIFIED_CATALOGUE_MATCH,0,,0.0,NONE,0,0.0,,0.0,MONITOR,No strong commercial signal yet.,Keep on watchlist; revisit when new procurement demand or catalogue-fit evidence appears.,,
acct_cdfdee19d05e,BLUE SNOW CONSULTING AND ENGINEERING,org_eb48754483ae,Kenya; BD; ID; Somalia; KH; ZA; Uganda; MY; NP; ZM; VN; Rwanda,Implementing Partner,Monitor,0.0,MONITOR,0.0,0,0,0,0.00,0.0,NO_VERIFIED_CATALOGUE_MATCH,0,,0.0,NONE,0,0.0,,0.0,MONITOR,No strong commercial signal yet.,Keep on watchlist; revisit when new procurement demand or catalogue-fit evidence appears.,,
acct_f7df73694169,"Blue Veins envisions a world free from violence and discrimination and where every individual lives with dignity and is equally empowered to reach their fullest potential. Our mission is to work together in harmony with a higher spirit to improve the quality of life of women, children, and transgender to establish a people-centered framework for empowerment, sustainable health, and a social development to guide and build up a culture of cooperation and partnership and to respond to the immediate needs of those who are vulnerable. More info in the website: https://blueveins.org/",org_e04a1edb03db,PK; MM; LB; Uganda; MZ; Tanzania; Ethiopia; MD; GB,Implementing Partner,Research,0.0,MONITOR,0.0,0,0,0,0.00,0.0,NO_VERIFIED_CATALOGUE_MATCH,0,,0.0,NONE,0,0.0,,0.0,MONITOR,No strong commercial signal yet.,Keep on watchlist; revisit when new procurement demand or catalogue-fit evidence appears.,,
acct_e867a12a35b4,"Blue Ventures, Madagascar",org_9ffa6f96725e,GB; SL; Ethiopia; Uganda; NL; MG,Implementing Partner,Monitor,0.0,MONITOR,0.0,0,0,0,0.00,0.0,NO_VERIFIED_CATALOGUE_MATCH,0,,0.0,NONE,0,0.0,,0.0,MONITOR,No strong commercial signal yet.,Keep on watchlist; revisit when new procurement demand or catalogue-fit evidence appears.,,
acct_dd513e064016,BlueSquare,org_4e176e3a3b71,Democratic Republic of the Congo; GN; CI; NE; BF,Implementing Partner,Prioritise,0.0,MONITOR,0.0,0,0,0,0.00,0.0,NO_VERIFIED_CATALOGUE_MATCH,0,,0.0,NONE,0,0.0,,0.0,MONITOR,No strong commercial signal yet.,Keep on watchlist; revisit when new procurement demand or catalogue-fit evidence appears.,,
acct_fff4c7c44d75,Boston College,org_cba09f51aaf6,Ethiopia,Implementing Partner,Prioritise,0.0,MONITOR,0.0,0,0,0,0.00,0.0,NO_VERIFIED_CATALOGUE_MATCH,0,,0.0,NONE,0,0.0,,0.0,MONITOR,No strong commercial signal yet.,Keep on watchlist; revisit when new procurement demand or catalogue-fit evidence appears.,,
acct_fff4c7c44d75,Boston College,org_cba09f51aaf6,BD; GH; KI; SL; Tanzania,Implementing Partner,Research,0.0,MONITOR,0.0,0,0,0,0.00,0.0,NO_VERIFIED_CATALOGUE_MATCH,0,,0.0,NONE,0,0.0,,0.0,MONITOR,No strong commercial signal yet.,Keep on watchlist; revisit when new procurement demand or catalogue-fit evidence appears.,,
acct_8ed9e47f5366,Botswana Harvard AIDS Institute Partnership,org_743a0de3ffeb,BW; Democratic Republic of the Congo; GN; MW; MZ; ZA; VN,Implementing Partner,Prioritise,0.0,MONITOR,0.0,0,0,0,0.00,0.0,NO_VERIFIED_CATALOGUE_MATCH,0,,0.0,NONE,0,0.0,,0.0,MONITOR,No strong commercial signal yet.,Keep on watchlist; revisit when new procurement demand or catalogue-fit evidence appears.,,
acct_2443fe957659,BRA SUN FOCAL POINT,org_a9c281885c45,Somalia,Implementing Partner,Prioritise,0.0,MONITOR,0.0,0,0,0,0.00,0.0,NO_VERIFIED_CATALOGUE_MATCH,0,,0.0,NONE,0,0.0,,0.0,MONITOR,No strong commercial signal yet.,Keep on watchlist; revisit when new procurement demand or catalogue-fit evidence appears.,,
acct_155223265767,BRAC,org_c19bdb2395ea,South Sudan,Implementing Partner,Prioritise,0.0,MONITOR,0.0,0,0,0,0.00,0.0,NO_VERIFIED_CATALOGUE_MATCH,0,,0.0,NONE,0,0.0,,0.0,MONITOR,No strong commercial signal yet.,Keep on watchlist; revisit when new procurement demand or catalogue-fit evidence appears.,,
acct_00a98677e7aa,BRAC Institute of Governance and Development,org_7dba84e5e23e,BD; GH; KH; ZA; Ethiopia; MW; SN; Uganda; IN; ZW; PE; TH; SY; MM; AR; VN; ZM; BR; LA; PK; Rwanda; Democratic Republic of the Congo; Kenya,Implementing Partner,Qualify,0.0,MONITOR,0.0,0,0,0,0.00,0.0,NO_VERIFIED_CATALOGUE_MATCH,0,,0.0,NONE,0,0.0,,0.0,MONITOR,No strong commercial signal yet.,Keep on watchlist; revisit when new procurement demand or catalogue-fit evidence appears.,,
acct_f64404f6d93d,BRAC INSTITUTE OF GOVERNANCE AND DEVELOPMENT BRAC UNIVERSITY,org_7bf78de787c6,Kenya; BD; ID; Somalia; KH; ZA; Uganda; MY; NP; ZM; VN; Rwanda,Implementing Partner,Monitor,0.0,MONITOR,0.0,0,0,0,0.00,0.0,NO_VERIFIED_CATALOGUE_MATCH,0,,0.0,NONE,0,0.0,,0.0,MONITOR,No strong commercial signal yet.,Keep on watchlist; revisit when new procurement demand or catalogue-fit evidence appears.,,
acct_7e09c2b32ad9,BRAC University,org_9995052e1bc1,BD; GH; ID; Kenya; MR; NP; LK; Tanzania; TH; Uganda,Implementing Partner,Monitor,0.0,MONITOR,0.0,0,0,0,0.00,0.0,NO_VERIFIED_CATALOGUE_MATCH,0,,0.0,NONE,0,0.0,,0.0,MONITOR,No strong commercial signal yet.,Keep on watchlist; revisit when new procurement demand or catalogue-fit evidence appears.,,
acct_eed74ec03ab0,Brazil,org_762f9e6676fc,Somalia,Donor,Prioritise,0.0,MONITOR,0.0,0,0,0,0.00,0.0,NO_VERIFIED_CATALOGUE_MATCH,0,,0.0,NONE,0,0.0,,0.0,MONITOR,No strong commercial signal yet.,Keep on watchlist; revisit when new procurement demand or catalogue-fit evidence appears.,,
acct_8e242b129a89,"Brigham and Women's Hospital, Inc.",org_22743893ef10,ZA; Kenya; Rwanda,Implementing Partner,Prioritise,0.0,MONITOR,0.0,0,0,0,0.00,0.0,NO_VERIFIED_CATALOGUE_MATCH,0,,0.0,NONE,0,0.0,,0.0,MONITOR,No strong commercial signal yet.,Keep on watchlist; revisit when new procurement demand or catalogue-fit evidence appears.,,
acct_aa85a2f2c744,Bright Life Foundation Uganda,org_f98152613679,Uganda,Implementing Partner,Qualify,0.0,MONITOR,0.0,0,0,0,0.00,0.0,NO_VERIFIED_CATALOGUE_MATCH,0,,0.0,NONE,0,0.0,,0.0,MONITOR,No strong commercial signal yet.,Keep on watchlist; revisit when new procurement demand or catalogue-fit evidence appears.,,
acct_305414ae27a1,British Council,org_4f5cc5377dfd,Somalia,Donor,Qualify,0.0,MONITOR,0.0,0,0,0,0.00,0.0,NO_VERIFIED_CATALOGUE_MATCH,0,,0.0,NONE,0,0.0,,0.0,MONITOR,No strong commercial signal yet.,Keep on watchlist; revisit when new procurement demand or catalogue-fit evidence appears.,,
acct_13caca1f9260,BRITISH RED CROSS,org_df54a76c2dc2,Ethiopia; Democratic Republic of the Congo; AO; Rwanda,Implementing Partner,Qualify,0.0,MONITOR,0.0,0,0,0,0.00,0.0,NO_VERIFIED_CATALOGUE_MATCH,0,,0.0,NONE,0,0.0,,0.0,MONITOR,No strong commercial signal yet.,Keep on watchlist; revisit when new procurement demand or catalogue-fit evidence appears.,,
acct_16c0bb5f36e4,BroadReach Group LLC,org_6969a145351b,EG; ZA; GH; Kenya; NG; ZW,Implementing Partner,Qualify,0.0,MONITOR,0.0,0,0,0,0.00,0.0,NO_VERIFIED_CATALOGUE_MATCH,0,,0.0,NONE,0,0.0,,0.0,MONITOR,No strong commercial signal yet.,Keep on watchlist; revisit when new procurement demand or catalogue-fit evidence appears.,,
acct_80a8737dc977,Brown University,org_a9a38d8b87a3,Ethiopia,Implementing Partner,Prioritise,0.0,MONITOR,0.0,0,0,0,0.00,0.0,NO_VERIFIED_CATALOGUE_MATCH,0,,0.0,NONE,0,0.0,,0.0,MONITOR,No strong commercial signal yet.,Keep on watchlist; revisit when new procurement demand or catalogue-fit evidence appears.,,
acct_9f5c919150ac,BUDAKA DISTRICT L G,org_c7a08820c086,Uganda,Implementing Partner,Prioritise,0.0,MONITOR,0.0,0,0,0,0.00,0.0,NO_VERIFIED_CATALOGUE_MATCH,0,,0.0,NONE,0,0.0,,0.0,MONITOR,No strong commercial signal yet.,Keep on watchlist; revisit when new procurement demand or catalogue-fit evidence appears.,,
acct_f91517a13951,BUGIRI DISTRICT LOCAL GOVERNMENT,org_5212bac9aa02,Uganda,Implementing Partner,Prioritise,0.0,MONITOR,0.0,0,0,0,0.00,0.0,NO_VERIFIED_CATALOGUE_MATCH,0,,0.0,NONE,0,0.0,,0.0,MONITOR,No strong commercial signal yet.,Keep on watchlist; revisit when new procurement demand or catalogue-fit evidence appears.,,
acct_4fec71d4674a,BUHIGWE DISTRICT COUNCIL,org_2cd2c4fd6613,Tanzania,Implementing Partner,Prioritise,0.0,MONITOR,0.0,0,0,0,0.00,0.0,NO_VERIFIED_CATALOGUE_MATCH,0,,0.0,NONE,0,0.0,,0.0,MONITOR,No strong commercial signal yet.,Keep on watchlist; revisit when new procurement demand or catalogue-fit evidence appears.,,
acct_b1be52b78dac,BUIKWE DISTRICT LOCAL GOVERNMENT,org_225a63a601ca,Uganda,Implementing Partner,Prioritise,0.0,MONITOR,0.0,0,0,0,0.00,0.0,NO_VERIFIED_CATALOGUE_MATCH,0,,0.0,NONE,0,0.0,,0.0,MONITOR,No strong commercial signal yet.,Keep on watchlist; revisit when new procurement demand or catalogue-fit evidence appears.,,
acct_ede19ff6b611,BUREAU D ETUDE DHYDRALIQUE ET DES CONSTRUCTIONS,org_30e892425f37,Democratic Republic of the Congo,Implementing Partner,Prioritise,0.0,MONITOR,0.0,0,0,0,0.00,0.0,NO_VERIFIED_CATALOGUE_MATCH,0,,0.0,NONE,0,0.0,,0.0,MONITOR,No strong commercial signal yet.,Keep on watchlist; revisit when new procurement demand or catalogue-fit evidence appears.,,
acct_400c20a4ce93,BUREAU DIOCESAIN DE DEVELOPPEMENT LUEBO,org_614d7dab6031,Democratic Republic of the Congo,Implementing Partner,Prioritise,0.0,MONITOR,0.0,0,0,0,0.00,0.0,NO_VERIFIED_CATALOGUE_MATCH,0,,0.0,NONE,0,0.0,,0.0,MONITOR,No strong commercial signal yet.,Keep on watchlist; revisit when new procurement demand or catalogue-fit evidence appears.,,
acct_0ad3e9e2b199,BUREAU DIOCESAIN DES OEUVRES MEDICALES BUTEMBO BENI,org_0ea84395192b,Democratic Republic of the Congo,Implementing Partner,Prioritise,0.0,MONITOR,0.0,0,0,0,0.00,0.0,NO_VERIFIED_CATALOGUE_MATCH,0,,0.0,NONE,0,0.0,,0.0,MONITOR,No strong commercial signal yet.,Keep on watchlist; revisit when new procurement demand or catalogue-fit evidence appears.,,
acct_f8b775e2ee2b,Bureau for Humanitarian Assistance,org_d519f4b3c443,Tanzania; Democratic Republic of the Congo; South Sudan; Rwanda; Somalia; Ethiopia; Kenya; Uganda,Donor,Prioritise,0.0,MONITOR,0.0,0,0,0,0.00,0.0,NO_VERIFIED_CATALOGUE_MATCH,0,,0.0,NONE,0,0.0,,0.0,MONITOR,No strong commercial signal yet.,Keep on watchlist; revisit when new procurement demand or catalogue-fit evidence appears.,,
acct_de9b178c2bcf,BURGES SALMON LLP,org_ac0443b27e4c,Kenya; KH; NG; Somalia; ZA; VN; ZW; IN; Rwanda; GH; SY; TL; IQ; EG; YE; TH; MW; MY; PH; PK; JO; BD; Ethiopia; MM; South Sudan; Democratic Republic of the Congo; ID; NP; TN; Tanzania,Implementing Partner,Qualify,0.0,MONITOR,0.0,0,0,0,0.00,0.0,NO_VERIFIED_CATALOGUE_MATCH,0,,0.0,NONE,0,0.0,,0.0,MONITOR,No strong commercial signal yet.,Keep on watchlist; revisit when new procurement demand or catalogue-fit evidence appears.,,
acct_a18b98f3e58e,Busitema University,org_9b79a62af441,Kenya; GB; Uganda; ZA; Tanzania,Implementing Partner,Prioritise,0.0,MONITOR,0.0,0,0,0,0.00,0.0,NO_VERIFIED_CATALOGUE_MATCH,0,,0.0,NONE,0,0.0,,0.0,MONITOR,No strong commercial signal yet.,Keep on watchlist; revisit when new procurement demand or catalogue-fit evidence appears.,,
acct_7a29a93ec5b0,Butabika National Referral and Teaching Mental Hospital,org_5a327a44dbfd,Uganda,Implementing Partner,Qualify,0.0,MONITOR,0.0,0,0,0,0.00,0.0,NO_VERIFIED_CATALOGUE_MATCH,0,,0.0,NONE,0,0.0,,0.0,MONITOR,No strong commercial signal yet.,Keep on watchlist; revisit when new procurement demand or catalogue-fit evidence appears.,,
acct_93dd1855e27a,BUVUMA DISTRICT LOCAL GOVERNMENT,org_75a7c94b30e2,Uganda,Implementing Partner,Prioritise,0.0,MONITOR,0.0,0,0,0,0.00,0.0,NO_VERIFIED_CATALOGUE_MATCH,0,,0.0,NONE,0,0.0,,0.0,MONITOR,No strong commercial signal yet.,Keep on watchlist; revisit when new procurement demand or catalogue-fit evidence appears.,,
acct_5c8ec72cf04c,CABI,org_5a1fe33502c8,Kenya,Donor,Qualify,0.0,MONITOR,0.0,0,0,0,0.00,0.0,NO_VERIFIED_CATALOGUE_MATCH,0,,0.0,NONE,0,0.0,,0.0,MONITOR,No strong commercial signal yet.,Keep on watchlist; revisit when new procurement demand or catalogue-fit evidence appears.,,
acct_8cd60b9a910f,CAFIN / Power of nutrition,org_d21ee6c7bae2,Rwanda,Donor,Prioritise,0.0,MONITOR,0.0,0,0,0,0.00,0.0,NO_VERIFIED_CATALOGUE_MATCH,0,,0.0,NONE,0,0.0,,0.0,MONITOR,No strong commercial signal yet.,Keep on watchlist; revisit when new procurement demand or catalogue-fit evidence appears.,,
acct_b26f49ca0a58,CAFOD,org_5a3f582cf005,Democratic Republic of the Congo,Donor,Monitor,0.0,MONITOR,0.0,0,0,0,0.00,0.0,NO_VERIFIED_CATALOGUE_MATCH,0,,0.0,NONE,0,0.0,,0.0,MONITOR,No strong commercial signal yet.,Keep on watchlist; revisit when new procurement demand or catalogue-fit evidence appears.,,
acct_541b0ea7adcd,Cambodia Development Resource Institute,org_a1e716a43eab,BD; GH; KH; ZA; Ethiopia; MW; SN; Uganda; IN; ZW; PE; TH; SY; MM; AR; VN; ZM; BR; LA; PK; Rwanda; Democratic Republic of the Congo; Kenya,Implementing Partner,Qualify,0.0,MONITOR,0.0,0,0,0,0.00,0.0,NO_VERIFIED_CATALOGUE_MATCH,0,,0.0,NONE,0,0.0,,0.0,MONITOR,No strong commercial signal yet.,Keep on watchlist; revisit when new procurement demand or catalogue-fit evidence appears.,,
acct_7576db1ed969,Cambridge University Technical Services Limited,org_0fefc2356c7a,BD; GH; KI; SL; Tanzania,Implementing Partner,Research,0.0,MONITOR,0.0,0,0,0,0.00,0.0,NO_VERIFIED_CATALOGUE_MATCH,0,,0.0,NONE,0,0.0,,0.0,MONITOR,No strong commercial signal yet.,Keep on watchlist; revisit when new procurement demand or catalogue-fit evidence appears.,,
acct_340219873717,Camfed International,org_c244204adec5,Kenya; ZW; Uganda; Democratic Republic of the Congo; Ethiopia; GH; MZ; NP; NG; Rwanda; SL; Tanzania; ZM,Implementing Partner,Qualify,0.0,MONITOR,0.0,0,0,0,0.00,0.0,NO_VERIFIED_CATALOGUE_MATCH,0,,0.0,NONE,0,0.0,,0.0,MONITOR,No strong commercial signal yet.,Keep on watchlist; revisit when new procurement demand or catalogue-fit evidence appears.,,
acct_912f13a2cdef,Campaign for Tobacco-Free Kids,org_c3c61b7035d5,ZA; Ethiopia; Kenya; NG; SN; TG; ZM,Implementing Partner,Prioritise,0.0,MONITOR,0.0,0,0,0,0.00,0.0,NO_VERIFIED_CATALOGUE_MATCH,0,,0.0,NONE,0,0.0,,0.0,MONITOR,No strong commercial signal yet.,Keep on watchlist; revisit when new procurement demand or catalogue-fit evidence appears.,,
acct_ae4ca2a0b0fa,CAMPS,org_d29e8f61c99e,Democratic Republic of the Congo,Implementing Partner,Qualify,0.0,MONITOR,0.0,0,0,0,0.00,0.0,NO_VERIFIED_CATALOGUE_MATCH,0,,0.0,NONE,0,0.0,,0.0,MONITOR,No strong commercial signal yet.,Keep on watchlist; revisit when new procurement demand or catalogue-fit evidence appears.,,
acct_b33ff7ca66da,Canada,org_8b4dad7cea2d,Tanzania; Democratic Republic of the Congo; South Sudan; Rwanda; Uganda; Somalia; Ethiopia; Kenya,Donor,Prioritise,0.0,MONITOR,0.0,0,0,0,0.00,0.0,NO_VERIFIED_CATALOGUE_MATCH,0,,0.0,NONE,0,0.0,,0.0,MONITOR,No strong commercial signal yet.,Keep on watchlist; revisit when new procurement demand or catalogue-fit evidence appears.,,
acct_60177a058c6c,Canada,org_111fc4ad0d0c,South Sudan; BD; Kenya; KH; Somalia; Tanzania; Democratic Republic of the Congo; TD; BO; GH; HN; JO; LB; PS; Ethiopia; Rwanda; SN; PH; Uganda; LA; VN; IN; PK; ZW; CI; CO; HT; JM; MZ; NG; AO; BF; BJ; CF; CM; GN; MG; MW; SL; TG; NE; ID,Donor,Prioritise,0.0,MONITOR,0.0,0,0,0,0.00,0.0,NO_VERIFIED_CATALOGUE_MATCH,0,,0.0,NONE,0,0.0,,0.0,MONITOR,No strong commercial signal yet.,Keep on watchlist; revisit when new procurement demand or catalogue-fit evidence appears.,,
acct_cf3ca6c6f874,Canada - Department of Foreign Affairscomma Trade and Development,org_42600280dab1,Somalia; Ethiopia; Democratic Republic of the Congo; Rwanda; Tanzania; Kenya,Donor,Prioritise,0.0,MONITOR,0.0,0,0,0,0.00,0.0,NO_VERIFIED_CATALOGUE_MATCH,0,,0.0,NONE,0,0.0,,0.0,MONITOR,No strong commercial signal yet.,Keep on watchlist; revisit when new procurement demand or catalogue-fit evidence appears.,,
acct_7082f7e3d04a,CANADEM,org_591492b72197,Rwanda; Democratic Republic of the Congo; AO; Ethiopia; Somalia,Implementing Partner,Qualify,0.0,MONITOR,0.0,0,0,0,0.00,0.0,NO_VERIFIED_CATALOGUE_MATCH,0,,0.0,NONE,0,0.0,,0.0,MONITOR,No strong commercial signal yet.,Keep on watchlist; revisit when new procurement demand or catalogue-fit evidence appears.,,
acct_7082f7e3d04a,CANADEM,org_591492b72197,Uganda,Implementing Partner,Research,0.0,MONITOR,0.0,0,0,0,0.00,0.0,NO_VERIFIED_CATALOGUE_MATCH,0,,0.0,NONE,0,0.0,,0.0,MONITOR,No strong commercial signal yet.,Keep on watchlist; revisit when new procurement demand or catalogue-fit evidence appears.,,
acct_15237987bd1a,Canadian UNICEF Committee,org_7fa416fa36ca,Democratic Republic of the Congo; Rwanda; Uganda; South Sudan; Ethiopia; Kenya; Tanzania,Donor,Prioritise,0.0,MONITOR,0.0,0,0,0,0.00,0.0,NO_VERIFIED_CATALOGUE_MATCH,0,,0.0,NONE,0,0.0,,0.0,MONITOR,No strong commercial signal yet.,Keep on watchlist; revisit when new procurement demand or catalogue-fit evidence appears.,,
acct_c15025810af8,Canterbury Christ Church University,org_c7602a88dff4,GM; GH; BF; Kenya; SD; ZM,Implementing Partner,Prioritise,0.0,MONITOR,0.0,0,0,0,0.00,0.0,NO_VERIFIED_CATALOGUE_MATCH,0,,0.0,NONE,0,0.0,,0.0,MONITOR,No strong commercial signal yet.,Keep on watchlist; revisit when new procurement demand or catalogue-fit evidence appears.,,
acct_dd9ee3522351,CARE,org_09844e11ed8b,Uganda; NP; Democratic Republic of the Congo,Implementing Partner,Research,0.0,MONITOR,0.0,0,0,0,0.00,0.0,NO_VERIFIED_CATALOGUE_MATCH,0,,0.0,NONE,0,0.0,,0.0,MONITOR,No strong commercial signal yet.,Keep on watchlist; revisit when new procurement demand or catalogue-fit evidence appears.,,
acct_29119bdcca0e,CARE ETHIOPIA CO,org_b32a5f08a97b,Ethiopia,Implementing Partner,Qualify,0.0,MONITOR,0.0,0,0,0,0.00,0.0,NO_VERIFIED_CATALOGUE_MATCH,0,,0.0,NONE,0,0.0,,0.0,MONITOR,No strong commercial signal yet.,Keep on watchlist; revisit when new procurement demand or catalogue-fit evidence appears.,,
acct_6530687974bf,CARE INTERNATIONAL in Kenya,org_56ef4b36f4c7,Kenya,Implementing Partner,Qualify,0.0,MONITOR,0.0,0,0,0,0.00,0.0,NO_VERIFIED_CATALOGUE_MATCH,0,,0.0,NONE,0,0.0,,0.0,MONITOR,No strong commercial signal yet.,Keep on watchlist; revisit when new procurement demand or catalogue-fit evidence appears.,,
acct_c523f2bfd02e,CARE INTERNATIONAL IN SS,org_6479038e1533,South Sudan,Implementing Partner,Prioritise,0.0,MONITOR,0.0,0,0,0,0.00,0.0,NO_VERIFIED_CATALOGUE_MATCH,0,,0.0,NONE,0,0.0,,0.0,MONITOR,No strong commercial signal yet.,Keep on watchlist; revisit when new procurement demand or catalogue-fit evidence appears.,,
acct_3a80aecebd2a,CARE INTERNATIONAL SOMALIA,org_0fae36a8c5f1,Somalia,Implementing Partner,Prioritise,0.0,MONITOR,0.0,0,0,0,0.00,0.0,NO_VERIFIED_CATALOGUE_MATCH,0,,0.0,NONE,0,0.0,,0.0,MONITOR,No strong commercial signal yet.,Keep on watchlist; revisit when new procurement demand or catalogue-fit evidence appears.,,
acct_a2169fdc9ab3,Care Nederland,org_b5504492c36d,Uganda; Kenya; Ethiopia,Donor,Qualify,0.0,MONITOR,0.0,0,0,0,0.00,0.0,NO_VERIFIED_CATALOGUE_MATCH,0,,0.0,NONE,0,0.0,,0.0,MONITOR,No strong commercial signal yet.,Keep on watchlist; revisit when new procurement demand or catalogue-fit evidence appears.,,
acct_240e15d9a980,Care Nederland,org_c7888dc29747,Uganda; Kenya; Somalia; Ethiopia,Implementing Partner,Qualify,0.0,MONITOR,0.0,0,0,0,0.00,0.0,NO_VERIFIED_CATALOGUE_MATCH,0,,0.0,NONE,0,0.0,,0.0,MONITOR,No strong commercial signal yet.,Keep on watchlist; revisit when new procurement demand or catalogue-fit evidence appears.,,
acct_0d7e934d44fc,CARE PLUS FOUNDATION,org_896b03647f1e,South Sudan,Implementing Partner,Prioritise,0.0,MONITOR,0.0,0,0,0,0.00,0.0,NO_VERIFIED_CATALOGUE_MATCH,0,,0.0,NONE,0,0.0,,0.0,MONITOR,No strong commercial signal yet.,Keep on watchlist; revisit when new procurement demand or catalogue-fit evidence appears.,,
acct_103d36917d54,CARE UGANDA CO,org_62c37ddfb2ed,Uganda,Implementing Partner,Prioritise,0.0,MONITOR,0.0,0,0,0,0.00,0.0,NO_VERIFIED_CATALOGUE_MATCH,0,,0.0,NONE,0,0.0,,0.0,MONITOR,No strong commercial signal yet.,Keep on watchlist; revisit when new procurement demand or catalogue-fit evidence appears.,,
acct_9473292c5b0f,CarePay Internatonal BV,org_8e37f4e17e23,NL; Kenya; NG; Tanzania; GH,Implementing Partner,Research,0.0,MONITOR,0.0,0,0,0,0.00,0.0,NO_VERIFIED_CATALOGUE_MATCH,0,,0.0,NONE,0,0.0,,0.0,MONITOR,No strong commercial signal yet.,Keep on watchlist; revisit when new procurement demand or catalogue-fit evidence appears.,,
acct_b2481587321a,Caritas,org_f8d9ffab798b,BD; GH; KI; SL; Tanzania,Implementing Partner,Research,0.0,MONITOR,0.0,0,0,0,0.00,0.0,NO_VERIFIED_CATALOGUE_MATCH,0,,0.0,NONE,0,0.0,,0.0,MONITOR,No strong commercial signal yet.,Keep on watchlist; revisit when new procurement demand or catalogue-fit evidence appears.,,
acct_9a741f2f0b85,CARITAS DEVELOPPEMENT DU DIOCESE DE BUNIA,org_7dc30ee81da4,Democratic Republic of the Congo,Implementing Partner,Prioritise,0.0,MONITOR,0.0,0,0,0,0.00,0.0,NO_VERIFIED_CATALOGUE_MATCH,0,,0.0,NONE,0,0.0,,0.0,MONITOR,No strong commercial signal yet.,Keep on watchlist; revisit when new procurement demand or catalogue-fit evidence appears.,,
acct_96176a923cb9,CARITAS DEVELOPPEMENT MAHAGI NIOKA,org_95489b30e385,Democratic Republic of the Congo,Implementing Partner,Prioritise,0.0,MONITOR,0.0,0,0,0,0.00,0.0,NO_VERIFIED_CATALOGUE_MATCH,0,,0.0,NONE,0,0.0,,0.0,MONITOR,No strong commercial signal yet.,Keep on watchlist; revisit when new procurement demand or catalogue-fit evidence appears.,,
acct_8b7212a2b72a,CARITAS KANANGA,org_91a19a4038fd,Democratic Republic of the Congo,Implementing Partner,Prioritise,0.0,MONITOR,0.0,0,0,0,0.00,0.0,NO_VERIFIED_CATALOGUE_MATCH,0,,0.0,NONE,0,0.0,,0.0,MONITOR,No strong commercial signal yet.,Keep on watchlist; revisit when new procurement demand or catalogue-fit evidence appears.,,
acct_76b0529d2bed,CARITAS SOUTH SUDAN,org_5f06f03021dc,South Sudan,Implementing Partner,Prioritise,0.0,MONITOR,0.0,0,0,0,0.00,0.0,NO_VERIFIED_CATALOGUE_MATCH,0,,0.0,NONE,0,0.0,,0.0,MONITOR,No strong commercial signal yet.,Keep on watchlist; revisit when new procurement demand or catalogue-fit evidence appears.,,
acct_07b86bbf8282,Carter Center,org_0f4f45afeeac,Ethiopia; NG; South Sudan,Donor,Prioritise,0.0,MONITOR,0.0,0,0,0,0.00,0.0,NO_VERIFIED_CATALOGUE_MATCH,0,,0.0,NONE,0,0.0,,0.0,MONITOR,No strong commercial signal yet.,Keep on watchlist; revisit when new procurement demand or catalogue-fit evidence appears.,,
acct_419d239f26cb,Catalan Agency for Development,org_4a9a757ebf61,Kenya,Donor,Prioritise,0.0,MONITOR,0.0,0,0,0,0.00,0.0,NO_VERIFIED_CATALOGUE_MATCH,0,,0.0,NONE,0,0.0,,0.0,MONITOR,No strong commercial signal yet.,Keep on watchlist; revisit when new procurement demand or catalogue-fit evidence appears.,,
acct_aec3352a0970,CATHOLIC MEDICAL MISSION BOARD INC,org_24893dc9f973,South Sudan,Implementing Partner,Prioritise,0.0,MONITOR,0.0,0,0,0,0.00,0.0,NO_VERIFIED_CATALOGUE_MATCH,0,,0.0,NONE,0,0.0,,0.0,MONITOR,No strong commercial signal yet.,Keep on watchlist; revisit when new procurement demand or catalogue-fit evidence appears.,,
acct_15d29edcb1c0,CATHOLIC ORGANIZATION FOR RELIEF AND DEVELOPMENT,org_e3db375f745b,South Sudan,Implementing Partner,Prioritise,0.0,MONITOR,0.0,0,0,0,0.00,0.0,NO_VERIFIED_CATALOGUE_MATCH,0,,0.0,NONE,0,0.0,,0.0,MONITOR,No strong commercial signal yet.,Keep on watchlist; revisit when new procurement demand or catalogue-fit evidence appears.,,
acct_7aa93aa0b9f7,CATHOLIC RELIEF SERVICES,org_b5c5ee536db0,Tanzania,Implementing Partner,Prioritise,0.0,MONITOR,0.0,0,0,0,0.00,0.0,NO_VERIFIED_CATALOGUE_MATCH,0,,0.0,NONE,0,0.0,,0.0,MONITOR,No strong commercial signal yet.,Keep on watchlist; revisit when new procurement demand or catalogue-fit evidence appears.,,
acct_f3a21cfa8d5a,Catholic University of Health and Allied Sciences,org_316d2721f9e9,Tanzania,Implementing Partner,Qualify,0.0,MONITOR,0.0,0,0,0,0.00,0.0,NO_VERIFIED_CATALOGUE_MATCH,0,,0.0,NONE,0,0.0,,0.0,MONITOR,No strong commercial signal yet.,Keep on watchlist; revisit when new procurement demand or catalogue-fit evidence appears.,,
acct_f3789c8d461f,"CausalFoundry, Inc.",org_dc67edb59ac2,Kenya; Rwanda,Implementing Partner,Research,0.0,MONITOR,0.0,0,0,0,0.00,0.0,NO_VERIFIED_CATALOGUE_MATCH,0,,0.0,NONE,0,0.0,,0.0,MONITOR,No strong commercial signal yet.,Keep on watchlist; revisit when new procurement demand or catalogue-fit evidence appears.,,
acct_1bfe083f3940,CBCC AFRICA,org_613250d782f8,Kenya,Implementing Partner,Prioritise,0.0,MONITOR,0.0,0,0,0,0.00,0.0,NO_VERIFIED_CATALOGUE_MATCH,0,,0.0,NONE,0,0.0,,0.0,MONITOR,No strong commercial signal yet.,Keep on watchlist; revisit when new procurement demand or catalogue-fit evidence appears.,,
acct_6208a556ba63,CBM Christian Blind Mission,org_1223eb0bfe26,Kenya; BD; JO; Uganda; GB; AF; BE; FJ; ID; LK; IN; ZA; CH,Implementing Partner,Prioritise,0.0,MONITOR,0.0,0,0,0,0.00,0.0,NO_VERIFIED_CATALOGUE_MATCH,0,,0.0,NONE,0,0.0,,0.0,MONITOR,No strong commercial signal yet.,Keep on watchlist; revisit when new procurement demand or catalogue-fit evidence appears.,,
acct_81a64af1969f,CBM Christoffel-Blindenmission Christian Blind Mission e.V.,org_2a180c939e1f,Tanzania; Uganda; Ethiopia; Kenya,Implementing Partner,Qualify,0.0,MONITOR,0.0,0,0,0,0.00,0.0,NO_VERIFIED_CATALOGUE_MATCH,0,,0.0,NONE,0,0.0,,0.0,MONITOR,No strong commercial signal yet.,Keep on watchlist; revisit when new procurement demand or catalogue-fit evidence appears.,,
acct_adbd666e73a9,CBM - Christoffel-Blindenmission Deutschland e.V.,org_049bcc007529,Democratic Republic of the Congo,Accountable Agency,Research,0.0,MONITOR,0.0,0,0,0,0.00,0.0,NO_VERIFIED_CATALOGUE_MATCH,0,,0.0,NONE,0,0.0,,0.0,MONITOR,No strong commercial signal yet.,Keep on watchlist; revisit when new procurement demand or catalogue-fit evidence appears.,,
acct_f50bf3d315a6,CBM eV,org_f57c12f4b4f3,South Sudan,Donor,Prioritise,0.0,MONITOR,0.0,0,0,0,0.00,0.0,NO_VERIFIED_CATALOGUE_MATCH,0,,0.0,NONE,0,0.0,,0.0,MONITOR,No strong commercial signal yet.,Keep on watchlist; revisit when new procurement demand or catalogue-fit evidence appears.,,
acct_93629a7f0fcc,CDC Foundation,org_b2c345b043cd,UA; Kenya; NG; ZW; Uganda; HT,Implementing Partner,Prioritise,0.0,MONITOR,0.0,0,0,0,0.00,0.0,NO_VERIFIED_CATALOGUE_MATCH,0,,0.0,NONE,0,0.0,,0.0,MONITOR,No strong commercial signal yet.,Keep on watchlist; revisit when new procurement demand or catalogue-fit evidence appears.,,
acct_a1763a15810b,Cellule de Recherche en Santé de la Reproduction de Côte d'Ivoire (CRESAR-CI),org_297262cd2ce7,GB; NG; CM; Kenya; CI; ZA,Implementing Partner,Monitor,0.0,MONITOR,0.0,0,0,0,0.00,0.0,NO_VERIFIED_CATALOGUE_MATCH,0,,0.0,NONE,0,0.0,,0.0,MONITOR,No strong commercial signal yet.,Keep on watchlist; revisit when new procurement demand or catalogue-fit evidence appears.,,
acct_ac1173366196,Center for Conflict Resolution,org_4a2f037cae2e,Uganda,Implementing Partner,Monitor,0.0,MONITOR,0.0,0,0,0,0.00,0.0,NO_VERIFIED_CATALOGUE_MATCH,0,,0.0,NONE,0,0.0,,0.0,MONITOR,No strong commercial signal yet.,Keep on watchlist; revisit when new procurement demand or catalogue-fit evidence appears.,,
acct_c77a1fb90f2b,Center for Food and Adequate Living Rights (CEFROHT),org_1fa897eab1cc,BD; GH; ID; Kenya; MR; NP; LK; Tanzania; TH; Uganda,Implementing Partner,Monitor,0.0,MONITOR,0.0,0,0,0,0.00,0.0,NO_VERIFIED_CATALOGUE_MATCH,0,,0.0,NONE,0,0.0,,0.0,MONITOR,No strong commercial signal yet.,Keep on watchlist; revisit when new procurement demand or catalogue-fit evidence appears.,,
acct_161f8e120f4c,Center for Global Development Europe,org_69102cc00318,Kenya; KH; NG; Somalia; ZA; VN; ZW; IN; Rwanda; GH; SY; TL; IQ; EG; YE; TH; MW; MY; PH; PK; JO; BD; Ethiopia; MM; South Sudan; Democratic Republic of the Congo; ID; NP; TN; Tanzania,Implementing Partner,Qualify,0.0,MONITOR,0.0,0,0,0,0.00,0.0,NO_VERIFIED_CATALOGUE_MATCH,0,,0.0,NONE,0,0.0,,0.0,MONITOR,No strong commercial signal yet.,Keep on watchlist; revisit when new procurement demand or catalogue-fit evidence appears.,,
acct_8134ed79a21b,Center for Indonesia's Strategic Development Initiatives (CISDI),org_28809d5d960f,BD; GH; ID; Kenya; MR; NP; LK; Tanzania; TH; Uganda,Implementing Partner,Monitor,0.0,MONITOR,0.0,0,0,0,0.00,0.0,NO_VERIFIED_CATALOGUE_MATCH,0,,0.0,NONE,0,0.0,,0.0,MONITOR,No strong commercial signal yet.,Keep on watchlist; revisit when new procurement demand or catalogue-fit evidence appears.,,
acct_025b222a3b34,Center for Law and Policy Affairs (CLPA),org_f8a18eb3d5d6,BD; GH; ID; Kenya; MR; NP; LK; Tanzania; TH; Uganda,Implementing Partner,Monitor,0.0,MONITOR,0.0,0,0,0,0.00,0.0,NO_VERIFIED_CATALOGUE_MATCH,0,,0.0,NONE,0,0.0,,0.0,MONITOR,No strong commercial signal yet.,Keep on watchlist; revisit when new procurement demand or catalogue-fit evidence appears.,,
acct_bf0e83eafdbd,Center for Rapid Evidence Synthesis,org_d7dc4e8b85ea,Tanzania; MW; Ethiopia; Uganda,Implementing Partner,Prioritise,0.0,MONITOR,0.0,0,0,0,0.00,0.0,NO_VERIFIED_CATALOGUE_MATCH,0,,0.0,NONE,0,0.0,,0.0,MONITOR,No strong commercial signal yet.,Keep on watchlist; revisit when new procurement demand or catalogue-fit evidence appears.,,
acct_3d90e4229b48,Center of Live and Learn for Environment and Community (CLEC,org_0bd594349c94,Kenya; KR; MN; KH; LA; TH; IN; KG; MK; TJ; UZ; RS; KW; PS; SA,Implementing Partner,Qualify,0.0,MONITOR,0.0,0,0,0,0.00,0.0,NO_VERIFIED_CATALOGUE_MATCH,0,,0.0,NONE,0,0.0,,0.0,MONITOR,No strong commercial signal yet.,Keep on watchlist; revisit when new procurement demand or catalogue-fit evidence appears.,,
acct_328731bd80f3,Central Emergency Response Fund,org_9e74d9f48320,Democratic Republic of the Congo; South Sudan; Ethiopia; Somalia; Uganda,Donor,Prioritise,0.0,MONITOR,0.0,0,0,0,0.00,0.0,NO_VERIFIED_CATALOGUE_MATCH,0,,0.0,NONE,0,0.0,,0.0,MONITOR,No strong commercial signal yet.,Keep on watchlist; revisit when new procurement demand or catalogue-fit evidence appears.,,
acct_1c886f4e66c0,CENTRAL ETHIOPIA REGION BUREAU OF AGRICULTURE,org_cbbb35749f1e,Ethiopia,Implementing Partner,Prioritise,0.0,MONITOR,0.0,0,0,0,0.00,0.0,NO_VERIFIED_CATALOGUE_MATCH,0,,0.0,NONE,0,0.0,,0.0,MONITOR,No strong commercial signal yet.,Keep on watchlist; revisit when new procurement demand or catalogue-fit evidence appears.,,
acct_d830874a2eae,CENTRAL ETHIOPIA REGIONAL STATE BOWCA,org_352bf6dcb78a,Ethiopia,Implementing Partner,Prioritise,0.0,MONITOR,0.0,0,0,0,0.00,0.0,NO_VERIFIED_CATALOGUE_MATCH,0,,0.0,NONE,0,0.0,,0.0,MONITOR,No strong commercial signal yet.,Keep on watchlist; revisit when new procurement demand or catalogue-fit evidence appears.,,
acct_f2a64226428a,CENTRAL ETHIOPIA REGIONAL STATE BUREAU OF HEALTH,org_6c7e3accbdde,Ethiopia,Implementing Partner,Prioritise,0.0,MONITOR,0.0,0,0,0,0.00,0.0,NO_VERIFIED_CATALOGUE_MATCH,0,,0.0,NONE,0,0.0,,0.0,MONITOR,No strong commercial signal yet.,Keep on watchlist; revisit when new procurement demand or catalogue-fit evidence appears.,,
acct_6bbbf4b3ccb5,CENTRAL ETHIOPIA REGIONAL STATE BUREAU OF JUSTICE,org_56d490d06a7f,Ethiopia,Implementing Partner,Prioritise,0.0,MONITOR,0.0,0,0,0,0.00,0.0,NO_VERIFIED_CATALOGUE_MATCH,0,,0.0,NONE,0,0.0,,0.0,MONITOR,No strong commercial signal yet.,Keep on watchlist; revisit when new procurement demand or catalogue-fit evidence appears.,,
acct_5f20797ae76c,CENTRAL ETHIOPIA REGIONAL STATE DRMC,org_4299ba571223,Ethiopia,Implementing Partner,Prioritise,0.0,MONITOR,0.0,0,0,0,0.00,0.0,NO_VERIFIED_CATALOGUE_MATCH,0,,0.0,NONE,0,0.0,,0.0,MONITOR,No strong commercial signal yet.,Keep on watchlist; revisit when new procurement demand or catalogue-fit evidence appears.,,
acct_b7e9d4847b6f,CENTRAL ETHIOPIA REGIONAL STATE VERA,org_7d8fd8f49a1d,Ethiopia,Implementing Partner,Prioritise,0.0,MONITOR,0.0,0,0,0,0.00,0.0,NO_VERIFIED_CATALOGUE_MATCH,0,,0.0,NONE,0,0.0,,0.0,MONITOR,No strong commercial signal yet.,Keep on watchlist; revisit when new procurement demand or catalogue-fit evidence appears.,,
acct_825db62d43fa,Central Government,org_b801607cb002,Ethiopia; Rwanda; Tanzania; Uganda; Democratic Republic of the Congo,Implementing Partner,Qualify,0.0,MONITOR,0.0,0,0,0,0.00,0.0,NO_VERIFIED_CATALOGUE_MATCH,0,,0.0,NONE,0,0.0,,0.0,MONITOR,No strong commercial signal yet.,Keep on watchlist; revisit when new procurement demand or catalogue-fit evidence appears.,,
acct_738566a02861,CENTRAL UNIVERSITY OF TECHNOLOGY FREE STATE,org_7c5a05ecf2b2,Kenya; BD; ID; Somalia; KH; ZA; Uganda; MY; NP; ZM; VN; Rwanda,Implementing Partner,Monitor,0.0,MONITOR,0.0,0,0,0,0.00,0.0,NO_VERIFIED_CATALOGUE_MATCH,0,,0.0,NONE,0,0.0,,0.0,MONITOR,No strong commercial signal yet.,Keep on watchlist; revisit when new procurement demand or catalogue-fit evidence appears.,,
acct_eebf2a3b192e,CENTRE CONGOLAIS DE CULTURE DE FORMATION ET DE DEV,org_3305b6e1f74a,Democratic Republic of the Congo,Implementing Partner,Research,0.0,MONITOR,0.0,0,0,0,0.00,0.0,NO_VERIFIED_CATALOGUE_MATCH,0,,0.0,NONE,0,0.0,,0.0,MONITOR,No strong commercial signal yet.,Keep on watchlist; revisit when new procurement demand or catalogue-fit evidence appears.,,
acct_02085ea34118,CENTRE D APPUI A LA PROMOTION NUTRITIONNELLE,org_15c14c18d686,Democratic Republic of the Congo,Implementing Partner,Prioritise,0.0,MONITOR,0.0,0,0,0,0.00,0.0,NO_VERIFIED_CATALOGUE_MATCH,0,,0.0,NONE,0,0.0,,0.0,MONITOR,No strong commercial signal yet.,Keep on watchlist; revisit when new procurement demand or catalogue-fit evidence appears.,,
acct_4ac9ff0cc615,Centre de Recherche en Hydrobiologie,org_7a528dc3bbe3,Democratic Republic of the Congo,Implementing Partner,Qualify,0.0,MONITOR,0.0,0,0,0,0.00,0.0,NO_VERIFIED_CATALOGUE_MATCH,0,,0.0,NONE,0,0.0,,0.0,MONITOR,No strong commercial signal yet.,Keep on watchlist; revisit when new procurement demand or catalogue-fit evidence appears.,,
acct_183bdcd74e67,Centre de Recherche et de Formation en Infectiologie de Guinée,org_60c613af7066,GN; Democratic Republic of the Congo,Implementing Partner,Qualify,0.0,MONITOR,0.0,0,0,0,0.00,0.0,NO_VERIFIED_CATALOGUE_MATCH,0,,0.0,NONE,0,0.0,,0.0,MONITOR,No strong commercial signal yet.,Keep on watchlist; revisit when new procurement demand or catalogue-fit evidence appears.,,
acct_b31cd2c67c76,Centre for Affordable Water and Sanitation Technology,org_0c010c79e58c,Ethiopia,Implementing Partner,Prioritise,0.0,MONITOR,0.0,0,0,0,0.00,0.0,NO_VERIFIED_CATALOGUE_MATCH,0,,0.0,NONE,0,0.0,,0.0,MONITOR,No strong commercial signal yet.,Keep on watchlist; revisit when new procurement demand or catalogue-fit evidence appears.,,
acct_55a6c9f3be25,Centre for Democracy and Development,org_7bb0343db9e4,Kenya; KH; NG; Somalia; ZA; VN; ZW; IN; Rwanda; GH; SY; TL; IQ; EG; YE; TH; MW; MY; PH; PK; JO; BD; Ethiopia; MM; South Sudan; Democratic Republic of the Congo; ID; NP; TN; Tanzania,Implementing Partner,Qualify,0.0,MONITOR,0.0,0,0,0,0.00,0.0,NO_VERIFIED_CATALOGUE_MATCH,0,,0.0,NONE,0,0.0,,0.0,MONITOR,No strong commercial signal yet.,Keep on watchlist; revisit when new procurement demand or catalogue-fit evidence appears.,,
acct_a1a0aa25b6d5,Centre for Disability in Development,org_e08ee588cd1c,Kenya; BD; JO; Uganda; GB; AF; BE; FJ; ID; LK; IN; ZA; CH,Implementing Partner,Prioritise,0.0,MONITOR,0.0,0,0,0,0.00,0.0,NO_VERIFIED_CATALOGUE_MATCH,0,,0.0,NONE,0,0.0,,0.0,MONITOR,No strong commercial signal yet.,Keep on watchlist; revisit when new procurement demand or catalogue-fit evidence appears.,,
acct_c426460d713e,Centre for Economic Governance and Accountability in Africa,org_d5be80851165,Ethiopia; Uganda; South Sudan,Implementing Partner,Qualify,0.0,MONITOR,0.0,0,0,0,0.00,0.0,NO_VERIFIED_CATALOGUE_MATCH,0,,0.0,NONE,0,0.0,,0.0,MONITOR,No strong commercial signal yet.,Keep on watchlist; revisit when new procurement demand or catalogue-fit evidence appears.,,
acct_d7ef89b27966,Centre for Economic Policy Research,org_a30aa01b32d5,Kenya; KH; NG; Somalia; ZA; VN; ZW; IN; Rwanda; GH; SY; TL; IQ; EG; YE; TH; MW; MY; PH; PK; JO; BD; Ethiopia; MM; South Sudan; Democratic Republic of the Congo; ID; NP; TN; Tanzania,Implementing Partner,Qualify,0.0,MONITOR,0.0,0,0,0,0.00,0.0,NO_VERIFIED_CATALOGUE_MATCH,0,,0.0,NONE,0,0.0,,0.0,MONITOR,No strong commercial signal yet.,Keep on watchlist; revisit when new procurement demand or catalogue-fit evidence appears.,,
acct_972c939ad600,CENTRE FOR EMERGENCY AND DEVELOPMENT SUPPORT,org_c926d053e126,South Sudan,Implementing Partner,Prioritise,0.0,MONITOR,0.0,0,0,0,0.00,0.0,NO_VERIFIED_CATALOGUE_MATCH,0,,0.0,NONE,0,0.0,,0.0,MONITOR,No strong commercial signal yet.,Keep on watchlist; revisit when new procurement demand or catalogue-fit evidence appears.,,
acct_ac6924ff922d,Centre for Emergency and Development Support (CEDS),org_2780fdfa6a43,South Sudan,Implementing Partner,Qualify,0.0,MONITOR,0.0,0,0,0,0.00,0.0,NO_VERIFIED_CATALOGUE_MATCH,0,,0.0,NONE,0,0.0,,0.0,MONITOR,No strong commercial signal yet.,Keep on watchlist; revisit when new procurement demand or catalogue-fit evidence appears.,,
acct_848e22d52eac,Centre for Employment Initiatives,org_bac6dc075817,Kenya; BD; ID; Somalia; KH; ZA; Uganda; MY; NP; ZM; VN; Rwanda,Implementing Partner,Monitor,0.0,MONITOR,0.0,0,0,0,0.00,0.0,NO_VERIFIED_CATALOGUE_MATCH,0,,0.0,NONE,0,0.0,,0.0,MONITOR,No strong commercial signal yet.,Keep on watchlist; revisit when new procurement demand or catalogue-fit evidence appears.,,
acct_3b149517daa7,Centre for Global Development,org_e87d80a50096,BD; GH; KH; ZA; Ethiopia; MW; SN; Uganda; IN; ZW; PE; TH; SY; MM; AR; VN; ZM; BR; LA; PK; Rwanda; Democratic Republic of the Congo; Kenya,Implementing Partner,Qualify,0.0,MONITOR,0.0,0,0,0,0.00,0.0,NO_VERIFIED_CATALOGUE_MATCH,0,,0.0,NONE,0,0.0,,0.0,MONITOR,No strong commercial signal yet.,Keep on watchlist; revisit when new procurement demand or catalogue-fit evidence appears.,,
acct_58bbdb244e51,Centre for health Human Rights and,org_fb404e289a0f,Uganda,Implementing Partner,Research,0.0,MONITOR,0.0,0,0,0,0.00,0.0,NO_VERIFIED_CATALOGUE_MATCH,0,,0.0,NONE,0,0.0,,0.0,MONITOR,No strong commercial signal yet.,Keep on watchlist; revisit when new procurement demand or catalogue-fit evidence appears.,,
acct_f50b79fd277f,CENTRE FOR HUMANITARIAN CHANGE,org_109e34dfeb83,Kenya; KH; NG; Somalia; ZA; VN; ZW; IN; Rwanda; GH; SY; TL; IQ; EG; YE; TH; MW; MY; PH; PK; JO; BD; Ethiopia; MM; South Sudan; Democratic Republic of the Congo; ID; NP; TN; Tanzania,Implementing Partner,Qualify,0.0,MONITOR,0.0,0,0,0,0.00,0.0,NO_VERIFIED_CATALOGUE_MATCH,0,,0.0,NONE,0,0.0,,0.0,MONITOR,No strong commercial signal yet.,Keep on watchlist; revisit when new procurement demand or catalogue-fit evidence appears.,,
acct_ce0372807fb7,Centre for Humanitarian Change Trust Registered Trustees,org_e102fe3291ce,Kenya,Implementing Partner,Qualify,0.0,MONITOR,0.0,0,0,0,0.00,0.0,NO_VERIFIED_CATALOGUE_MATCH,0,,0.0,NONE,0,0.0,,0.0,MONITOR,No strong commercial signal yet.,Keep on watchlist; revisit when new procurement demand or catalogue-fit evidence appears.,,
acct_6bf801f420ce,Centre for the Study of Adolescence,org_168850665dad,Kenya,Implementing Partner,Qualify,0.0,MONITOR,0.0,0,0,0,0.00,0.0,NO_VERIFIED_CATALOGUE_MATCH,0,,0.0,NONE,0,0.0,,0.0,MONITOR,No strong commercial signal yet.,Keep on watchlist; revisit when new procurement demand or catalogue-fit evidence appears.,,
acct_d1da6ba03df1,CENTRE FOR URBAN PLANNING STUDIES,org_1fc92b81ec17,Kenya; BD; ID; Somalia; KH; ZA; Uganda; MY; NP; ZM; VN; Rwanda,Implementing Partner,Monitor,0.0,MONITOR,0.0,0,0,0,0.00,0.0,NO_VERIFIED_CATALOGUE_MATCH,0,,0.0,NONE,0,0.0,,0.0,MONITOR,No strong commercial signal yet.,Keep on watchlist; revisit when new procurement demand or catalogue-fit evidence appears.,,
acct_0208c1608ec9,Centre of Dialogue on Human Settlement and Poverty Alleviation (CODOHSAPA),org_80e47c5221de,IN; SL; Kenya; GB,Implementing Partner,Research,0.0,MONITOR,0.0,0,0,0,0.00,0.0,NO_VERIFIED_CATALOGUE_MATCH,0,,0.0,NONE,0,0.0,,0.0,MONITOR,No strong commercial signal yet.,Keep on watchlist; revisit when new procurement demand or catalogue-fit evidence appears.,,
acct_174469b05981,Centre Olame,org_085603d93432,Democratic Republic of the Congo,Implementing Partner,Monitor,0.0,MONITOR,0.0,0,0,0,0.00,0.0,NO_VERIFIED_CATALOGUE_MATCH,0,,0.0,NONE,0,0.0,,0.0,MONITOR,No strong commercial signal yet.,Keep on watchlist; revisit when new procurement demand or catalogue-fit evidence appears.,,
acct_4cab308c56fe,Centre Suisse de Recherches Scientifiques en Côte d'Ivoire,org_e9e60ae380f5,GB; MW; Kenya; GH; CI; NG,Implementing Partner,Prioritise,0.0,MONITOR,0.0,0,0,0,0.00,0.0,NO_VERIFIED_CATALOGUE_MATCH,0,,0.0,NONE,0,0.0,,0.0,MONITOR,No strong commercial signal yet.,Keep on watchlist; revisit when new procurement demand or catalogue-fit evidence appears.,,
acct_caa9ae28c5d4,CERRIUM ADVISORY LTD,org_38db7b8e0003,Rwanda,Implementing Partner,Research,0.0,MONITOR,0.0,0,0,0,0.00,0.0,NO_VERIFIED_CATALOGUE_MATCH,0,,0.0,NONE,0,0.0,,0.0,MONITOR,No strong commercial signal yet.,Keep on watchlist; revisit when new procurement demand or catalogue-fit evidence appears.,,
acct_7152de7ce537,Cesvi,org_6e5d2e83ff1c,Somalia,Implementing Partner,Qualify,0.0,MONITOR,0.0,0,0,0,0.00,0.0,NO_VERIFIED_CATALOGUE_MATCH,0,,0.0,NONE,0,0.0,,0.0,MONITOR,No strong commercial signal yet.,Keep on watchlist; revisit when new procurement demand or catalogue-fit evidence appears.,,
acct_7152de7ce537,Cesvi,org_6e5d2e83ff1c,Somalia,Implementing Partner,Qualify,0.0,MONITOR,0.0,0,0,0,0.00,0.0,NO_VERIFIED_CATALOGUE_MATCH,0,,0.0,NONE,0,0.0,,0.0,MONITOR,No strong commercial signal yet.,Keep on watchlist; revisit when new procurement demand or catalogue-fit evidence appears.,,
acct_1328628495c1,CESVI FOUNDATION ETS CESVI,org_818d6371eca9,Somalia,Implementing Partner,Prioritise,0.0,MONITOR,0.0,0,0,0,0.00,0.0,NO_VERIFIED_CATALOGUE_MATCH,0,,0.0,NONE,0,0.0,,0.0,MONITOR,No strong commercial signal yet.,Keep on watchlist; revisit when new procurement demand or catalogue-fit evidence appears.,,
acct_39fef6461049,Chaîne de l'Espoir Belgique / Keten van Hoop België / Chain of Hope Belgium,org_6e13a7764419,Democratic Republic of the Congo,Reporting Organisation,Qualify,0.0,MONITOR,0.0,0,0,0,0.00,0.0,NO_VERIFIED_CATALOGUE_MATCH,0,,0.0,NONE,0,0.0,,0.0,MONITOR,No strong commercial signal yet.,Keep on watchlist; revisit when new procurement demand or catalogue-fit evidence appears.,,
acct_0aad2aa18602,Chama cha Uzazi na Malezi Bora Tanzania (UMATI),org_c0ad6731b89f,BI; Ethiopia; MW; MZ; PK; Rwanda; South Sudan; SD; Tanzania; Uganda; ZM; AF; BG; MG; Somalia; ZW,Implementing Partner,Research,0.0,MONITOR,0.0,0,0,0,0.00,0.0,NO_VERIFIED_CATALOGUE_MATCH,0,,0.0,NONE,0,0.0,,0.0,MONITOR,No strong commercial signal yet.,Keep on watchlist; revisit when new procurement demand or catalogue-fit evidence appears.,,
acct_dd023a72fd6c,CHANCE FOR CHILDHOOD CFC,org_f8a30ff56dbf,Rwanda,Implementing Partner,Prioritise,0.0,MONITOR,0.0,0,0,0,0.00,0.0,NO_VERIFIED_CATALOGUE_MATCH,0,,0.0,NONE,0,0.0,,0.0,MONITOR,No strong commercial signal yet.,Keep on watchlist; revisit when new procurement demand or catalogue-fit evidence appears.,,
acct_6f0a6e4075d5,CHARIS UNMANNED AERIAL SOLUTIONS LTD,org_33facf0cf154,ZW; ZA; NG; BW; Rwanda; GH; Kenya; SL,Implementing Partner,Monitor,0.0,MONITOR,0.0,0,0,0,0.00,0.0,NO_VERIFIED_CATALOGUE_MATCH,0,,0.0,NONE,0,0.0,,0.0,MONITOR,No strong commercial signal yet.,Keep on watchlist; revisit when new procurement demand or catalogue-fit evidence appears.,,
acct_d87ba46ec11c,CHARITY AND EMPOWERMENT FOUNDATION,org_377593b0d7d6,South Sudan,Implementing Partner,Prioritise,0.0,MONITOR,0.0,0,0,0,0.00,0.0,NO_VERIFIED_CATALOGUE_MATCH,0,,0.0,NONE,0,0.0,,0.0,MONITOR,No strong commercial signal yet.,Keep on watchlist; revisit when new procurement demand or catalogue-fit evidence appears.,,
acct_a91da85910e8,Charity Projects Ltd (Comic Relief),org_41370340b23b,Uganda; Kenya,Donor,Qualify,0.0,MONITOR,0.0,0,0,0,0.00,0.0,NO_VERIFIED_CATALOGUE_MATCH,0,,0.0,NONE,0,0.0,,0.0,MONITOR,No strong commercial signal yet.,Keep on watchlist; revisit when new procurement demand or catalogue-fit evidence appears.,,
acct_7e976a3f0964,CHASP ADVISORY LTD,org_432bd48d7246,Kenya,Implementing Partner,Research,0.0,MONITOR,0.0,0,0,0,0.00,0.0,NO_VERIFIED_CATALOGUE_MATCH,0,,0.0,NONE,0,0.0,,0.0,MONITOR,No strong commercial signal yet.,Keep on watchlist; revisit when new procurement demand or catalogue-fit evidence appears.,,
acct_0861a8ac8085,Chemonics International Inc.,org_59f5beed75f7,MY; PH; Kenya; TH,Implementing Partner,Monitor,0.0,MONITOR,0.0,0,0,0,0.00,0.0,NO_VERIFIED_CATALOGUE_MATCH,0,,0.0,NONE,0,0.0,,0.0,MONITOR,No strong commercial signal yet.,Keep on watchlist; revisit when new procurement demand or catalogue-fit evidence appears.,,
acct_571ba36a8248,Cheshire Services Uganda,org_4287f92e8b9c,Kenya; ZW; Uganda; Democratic Republic of the Congo; Ethiopia; GH; MZ; NP; NG; Rwanda; SL; Tanzania; ZM,Implementing Partner,Qualify,0.0,MONITOR,0.0,0,0,0,0.00,0.0,NO_VERIFIED_CATALOGUE_MATCH,0,,0.0,NONE,0,0.0,,0.0,MONITOR,No strong commercial signal yet.,Keep on watchlist; revisit when new procurement demand or catalogue-fit evidence appears.,,
acct_aaa5d8f7d8ce,CHILD PROTECTION: PREVENTING/ R,org_1aaaabf6710b,Kenya,Donor,Prioritise,0.0,MONITOR,0.0,0,0,0,0.00,0.0,NO_VERIFIED_CATALOGUE_MATCH,0,,0.0,NONE,0,0.0,,0.0,MONITOR,No strong commercial signal yet.,Keep on watchlist; revisit when new procurement demand or catalogue-fit evidence appears.,,
acct_6bc4a5c42704,ChildFund Deutschland e.V.,org_e3eed4aadcb1,Ethiopia,Implementing Partner,Research,0.0,MONITOR,0.0,0,0,0,0.00,0.0,NO_VERIFIED_CATALOGUE_MATCH,0,,0.0,NONE,0,0.0,,0.0,MONITOR,No strong commercial signal yet.,Keep on watchlist; revisit when new procurement demand or catalogue-fit evidence appears.,,
acct_39d03b1859f0,Childhood Education International,org_c0ea2a78f55d,BD; GH; KI; SL; Tanzania,Implementing Partner,Research,0.0,MONITOR,0.0,0,0,0,0.00,0.0,NO_VERIFIED_CATALOGUE_MATCH,0,,0.0,NONE,0,0.0,,0.0,MONITOR,No strong commercial signal yet.,Keep on watchlist; revisit when new procurement demand or catalogue-fit evidence appears.,,
acct_a5965481e047,ChildHope UK,org_13602cf68cea,Kenya; ZW; Uganda; Democratic Republic of the Congo; Ethiopia; GH; MZ; NP; NG; Rwanda; SL; Tanzania; ZM,Implementing Partner,Qualify,0.0,MONITOR,0.0,0,0,0,0.00,0.0,NO_VERIFIED_CATALOGUE_MATCH,0,,0.0,NONE,0,0.0,,0.0,MONITOR,No strong commercial signal yet.,Keep on watchlist; revisit when new procurement demand or catalogue-fit evidence appears.,,
acct_a9a9f9586667,Children Aid South Sudan,org_9bf5ac58ae66,South Sudan,Implementing Partner,Qualify,0.0,MONITOR,0.0,0,0,0,0.00,0.0,NO_VERIFIED_CATALOGUE_MATCH,0,,0.0,NONE,0,0.0,,0.0,MONITOR,No strong commercial signal yet.,Keep on watchlist; revisit when new procurement demand or catalogue-fit evidence appears.,,
acct_387cccc74123,Children&apos;s Investment Fund Foundation (UK),org_b628f95b612d,Uganda; Rwanda; Ethiopia; Kenya; Democratic Republic of the Congo,Donor,Prioritise,0.0,MONITOR,0.0,0,0,0,0.00,0.0,NO_VERIFIED_CATALOGUE_MATCH,0,,0.0,NONE,0,0.0,,0.0,MONITOR,No strong commercial signal yet.,Keep on watchlist; revisit when new procurement demand or catalogue-fit evidence appears.,,
acct_ea9710851a88,CHILDREN BELIEVE FUND,org_694a3544b1f7,Ethiopia; GH,Implementing Partner,Prioritise,0.0,MONITOR,0.0,0,0,0,0.00,0.0,NO_VERIFIED_CATALOGUE_MATCH,0,,0.0,NONE,0,0.0,,0.0,MONITOR,No strong commercial signal yet.,Keep on watchlist; revisit when new procurement demand or catalogue-fit evidence appears.,,
acct_3d61d8ed2db6,Children of the World Foundation,org_355ada79e277,Uganda,Implementing Partner,Qualify,0.0,MONITOR,0.0,0,0,0,0.00,0.0,NO_VERIFIED_CATALOGUE_MATCH,0,,0.0,NONE,0,0.0,,0.0,MONITOR,No strong commercial signal yet.,Keep on watchlist; revisit when new procurement demand or catalogue-fit evidence appears.,,
acct_d1c2218d5469,Children's Aid South Sudan (CASS),org_b214b45e7acd,South Sudan,Implementing Partner,Research,0.0,MONITOR,0.0,0,0,0,0.00,0.0,NO_VERIFIED_CATALOGUE_MATCH,0,,0.0,NONE,0,0.0,,0.0,MONITOR,No strong commercial signal yet.,Keep on watchlist; revisit when new procurement demand or catalogue-fit evidence appears.,,
acct_c3e3b3be111c,China,org_44a85b3211b9,Rwanda; Kenya; Somalia,Donor,Prioritise,0.0,MONITOR,0.0,0,0,0,0.00,0.0,NO_VERIFIED_CATALOGUE_MATCH,0,,0.0,NONE,0,0.0,,0.0,MONITOR,No strong commercial signal yet.,Keep on watchlist; revisit when new procurement demand or catalogue-fit evidence appears.,,
acct_05c67a50d239,CHINA GLOBAL SOUTH PROJECT,org_28b3edd2c7b2,Kenya; KH; NG; Somalia; ZA; VN; ZW; IN; Rwanda; GH; SY; TL; IQ; EG; YE; TH; MW; MY; PH; PK; JO; BD; Ethiopia; MM; South Sudan; Democratic Republic of the Congo; ID; NP; TN; Tanzania,Implementing Partner,Qualify,0.0,MONITOR,0.0,0,0,0,0.00,0.0,NO_VERIFIED_CATALOGUE_MATCH,0,,0.0,NONE,0,0.0,,0.0,MONITOR,No strong commercial signal yet.,Keep on watchlist; revisit when new procurement demand or catalogue-fit evidence appears.,,
acct_9e7402f1e5b2,Chirurgie Pédiatrique en Afrique ASBL,org_51b710f5f7dd,Democratic Republic of the Congo,Implementing Partner,Qualify,0.0,MONITOR,0.0,0,0,0,0.00,0.0,NO_VERIFIED_CATALOGUE_MATCH,0,,0.0,NONE,0,0.0,,0.0,MONITOR,No strong commercial signal yet.,Keep on watchlist; revisit when new procurement demand or catalogue-fit evidence appears.,,
acct_1fba9fdd5e60,Chirurgie solidaire,org_af8281a3b49f,Ethiopia,Implementing Partner,Monitor,0.0,MONITOR,0.0,0,0,0,0.00,0.0,NO_VERIFIED_CATALOGUE_MATCH,0,,0.0,NONE,0,0.0,,0.0,MONITOR,No strong commercial signal yet.,Keep on watchlist; revisit when new procurement demand or catalogue-fit evidence appears.,,
acct_ba4740ec24cd,CHOICE for Youth and Sexuality,org_57d0c3e2b261,ID; Ethiopia; Kenya; MW; MZ; ZM,Implementing Partner,Qualify,0.0,MONITOR,0.0,0,0,0,0.00,0.0,NO_VERIFIED_CATALOGUE_MATCH,0,,0.0,NONE,0,0.0,,0.0,MONITOR,No strong commercial signal yet.,Keep on watchlist; revisit when new procurement demand or catalogue-fit evidence appears.,,
acct_82e9eb5414f9,CHPF,org_344829dafa4a,Kenya,Donor,Monitor,0.0,MONITOR,0.0,0,0,0,0.00,0.0,NO_VERIFIED_CATALOGUE_MATCH,0,,0.0,NONE,0,0.0,,0.0,MONITOR,No strong commercial signal yet.,Keep on watchlist; revisit when new procurement demand or catalogue-fit evidence appears.,,
acct_55482cc23897,CHRISTIAN ACTION FOR RELIEF AND DEVELOPMENT,org_c538c2b5b817,South Sudan,Implementing Partner,Prioritise,0.0,MONITOR,0.0,0,0,0,0.00,0.0,NO_VERIFIED_CATALOGUE_MATCH,0,,0.0,NONE,0,0.0,,0.0,MONITOR,No strong commercial signal yet.,Keep on watchlist; revisit when new procurement demand or catalogue-fit evidence appears.,,
acct_7c6ab5b45b31,CHRISTIAN AGENDA FOR DEVELOPMENT,org_08f93fb78a00,South Sudan,Implementing Partner,Prioritise,0.0,MONITOR,0.0,0,0,0,0.00,0.0,NO_VERIFIED_CATALOGUE_MATCH,0,,0.0,NONE,0,0.0,,0.0,MONITOR,No strong commercial signal yet.,Keep on watchlist; revisit when new procurement demand or catalogue-fit evidence appears.,,
acct_6d716fb14706,Christian Blind Mission (UK) Ltd.,org_0847926b0e73,Rwanda,Donor,Research,0.0,MONITOR,0.0,0,0,0,0.00,0.0,NO_VERIFIED_CATALOGUE_MATCH,0,,0.0,NONE,0,0.0,,0.0,MONITOR,No strong commercial signal yet.,Keep on watchlist; revisit when new procurement demand or catalogue-fit evidence appears.,,
acct_9beecc1782d1,Christian Michelsen Institute,org_b757bb7b3c7f,BD; GH; KI; SL; Tanzania,Implementing Partner,Research,0.0,MONITOR,0.0,0,0,0,0.00,0.0,NO_VERIFIED_CATALOGUE_MATCH,0,,0.0,NONE,0,0.0,,0.0,MONITOR,No strong commercial signal yet.,Keep on watchlist; revisit when new procurement demand or catalogue-fit evidence appears.,,
acct_40e92fb12340,CHRISTIAN MISSION AID,org_23ec5ae3748b,South Sudan,Implementing Partner,Prioritise,0.0,MONITOR,0.0,0,0,0,0.00,0.0,NO_VERIFIED_CATALOGUE_MATCH,0,,0.0,NONE,0,0.0,,0.0,MONITOR,No strong commercial signal yet.,Keep on watchlist; revisit when new procurement demand or catalogue-fit evidence appears.,,
acct_5ecf927a6432,CHRISTIAN MISSION FOR DEVELOPMENT,org_23363fc9f299,South Sudan,Implementing Partner,Prioritise,0.0,MONITOR,0.0,0,0,0,0.00,0.0,NO_VERIFIED_CATALOGUE_MATCH,0,,0.0,NONE,0,0.0,,0.0,MONITOR,No strong commercial signal yet.,Keep on watchlist; revisit when new procurement demand or catalogue-fit evidence appears.,,
acct_2c922a20de5b,CHRISTIAN MISSIONARIES INITIATIVE,org_f8d6032bb9fe,South Sudan,Implementing Partner,Prioritise,0.0,MONITOR,0.0,0,0,0,0.00,0.0,NO_VERIFIED_CATALOGUE_MATCH,0,,0.0,NONE,0,0.0,,0.0,MONITOR,No strong commercial signal yet.,Keep on watchlist; revisit when new procurement demand or catalogue-fit evidence appears.,,
acct_3d683b4146bf,CHRISTIAN RECOVERY AND DEVELOPMENT AGENCY,org_7ff1e88a28da,South Sudan,Implementing Partner,Prioritise,0.0,MONITOR,0.0,0,0,0,0.00,0.0,NO_VERIFIED_CATALOGUE_MATCH,0,,0.0,NONE,0,0.0,,0.0,MONITOR,No strong commercial signal yet.,Keep on watchlist; revisit when new procurement demand or catalogue-fit evidence appears.,,
acct_488ab3462418,Christian Social Services Commission,org_8ea826fc3415,Tanzania,Accountable Agency,Monitor,0.0,MONITOR,0.0,0,0,0,0.00,0.0,NO_VERIFIED_CATALOGUE_MATCH,0,,0.0,NONE,0,0.0,,0.0,MONITOR,No strong commercial signal yet.,Keep on watchlist; revisit when new procurement demand or catalogue-fit evidence appears.,,
acct_224a0cb0ea0d,CHUNYA DISTRICT COUNCIL,org_7e37e830bfac,Tanzania,Implementing Partner,Prioritise,0.0,MONITOR,0.0,0,0,0,0.00,0.0,NO_VERIFIED_CATALOGUE_MATCH,0,,0.0,NONE,0,0.0,,0.0,MONITOR,No strong commercial signal yet.,Keep on watchlist; revisit when new procurement demand or catalogue-fit evidence appears.,,
acct_6985cdc57866,CIFF,org_4d2c1b993a49,Kenya,Donor,Qualify,0.0,MONITOR,0.0,0,0,0,0.00,0.0,NO_VERIFIED_CATALOGUE_MATCH,0,,0.0,NONE,0,0.0,,0.0,MONITOR,No strong commercial signal yet.,Keep on watchlist; revisit when new procurement demand or catalogue-fit evidence appears.,,
acct_cbcb187460ac,CISP (Comitato Internazionale per lo Sviluppo dei Popoli-International Committee for the Development of Peoples),org_50bfbe35a6c6,Ethiopia,Implementing Partner,Research,0.0,MONITOR,0.0,0,0,0,0.00,0.0,NO_VERIFIED_CATALOGUE_MATCH,0,,0.0,NONE,0,0.0,,0.0,MONITOR,No strong commercial signal yet.,Keep on watchlist; revisit when new procurement demand or catalogue-fit evidence appears.,,
acct_5cf0a5604faf,Clean Air Asia,org_0e191e8c2a5b,Kenya; KR; MN; KH; LA; TH; IN; KG; MK; TJ; UZ; RS; KW; PS; SA,Implementing Partner,Qualify,0.0,MONITOR,0.0,0,0,0,0.00,0.0,NO_VERIFIED_CATALOGUE_MATCH,0,,0.0,NONE,0,0.0,,0.0,MONITOR,No strong commercial signal yet.,Keep on watchlist; revisit when new procurement demand or catalogue-fit evidence appears.,,
acct_89de76462228,Clean Air Fund (CAF),org_34112e100ffc,Kenya; KR; MN; KH; LA; TH; IN; KG; MK; TJ; UZ; RS; KW; PS; SA,Donor,Qualify,0.0,MONITOR,0.0,0,0,0,0.00,0.0,NO_VERIFIED_CATALOGUE_MATCH,0,,0.0,NONE,0,0.0,,0.0,MONITOR,No strong commercial signal yet.,Keep on watchlist; revisit when new procurement demand or catalogue-fit evidence appears.,,
acct_98b2e96dd288,Clean Air Institute (CAI),org_1bea42b5f2c6,Kenya; KR; MN; KH; LA; TH; IN; KG; MK; TJ; UZ; RS; KW; PS; SA,Implementing Partner,Qualify,0.0,MONITOR,0.0,0,0,0,0.00,0.0,NO_VERIFIED_CATALOGUE_MATCH,0,,0.0,NONE,0,0.0,,0.0,MONITOR,No strong commercial signal yet.,Keep on watchlist; revisit when new procurement demand or catalogue-fit evidence appears.,,
acct_509313184379,ClimateWorks Foundation,org_01e7692c8119,Somalia,Donor,Prioritise,0.0,MONITOR,0.0,0,0,0,0.00,0.0,NO_VERIFIED_CATALOGUE_MATCH,0,,0.0,NONE,0,0.0,,0.0,MONITOR,No strong commercial signal yet.,Keep on watchlist; revisit when new procurement demand or catalogue-fit evidence appears.,,
acct_fbc97d6fa220,CLINIQUES UNIVERSITAIRES DE KINSHASA,org_9b143c0e41d7,Democratic Republic of the Congo,Implementing Partner,Prioritise,0.0,MONITOR,0.0,0,0,0,0.00,0.0,NO_VERIFIED_CATALOGUE_MATCH,0,,0.0,NONE,0,0.0,,0.0,MONITOR,No strong commercial signal yet.,Keep on watchlist; revisit when new procurement demand or catalogue-fit evidence appears.,,
acct_9f5f2135b2c1,CLINTON HEALTH ACCESS INITIATIVE,org_e6a74b08e335,Tanzania,Implementing Partner,Prioritise,0.0,MONITOR,0.0,0,0,0,0.00,0.0,NO_VERIFIED_CATALOGUE_MATCH,0,,0.0,NONE,0,0.0,,0.0,MONITOR,No strong commercial signal yet.,Keep on watchlist; revisit when new procurement demand or catalogue-fit evidence appears.,,
acct_6d1738e941be,Clinton Health Access Initiative,org_7a27e999ef54,Ethiopia; AO; CM; BJ; MZ; ZW; SL; Uganda; BF; DO; GT; HT; HN; NI; PA; MM; KH; LA; VN; PG; Rwanda; IN; ID; MW; NG; ZA; Tanzania; ZM; Kenya; CN; PH; Democratic Republic of the Congo; LR; BE; EG; IE; NP; CH; GB; US; TJ; JO; BR,Implementing Partner,Prioritise,0.0,MONITOR,0.0,0,0,0,0.00,0.0,NO_VERIFIED_CATALOGUE_MATCH,0,,0.0,NONE,0,0.0,,0.0,MONITOR,No strong commercial signal yet.,Keep on watchlist; revisit when new procurement demand or catalogue-fit evidence appears.,,
acct_ccb53be0c9fd,Clinton Health Access Initiative (CHAI),org_b7d745a7bc34,GB; NG; CM; Kenya; CI; ZA,Implementing Partner,Monitor,0.0,MONITOR,0.0,0,0,0,0.00,0.0,NO_VERIFIED_CATALOGUE_MATCH,0,,0.0,NONE,0,0.0,,0.0,MONITOR,No strong commercial signal yet.,Keep on watchlist; revisit when new procurement demand or catalogue-fit evidence appears.,,
acct_8284b8bd50a3,CMI,org_c4e35aa67c27,BD; GH; KI; SL; Tanzania,Implementing Partner,Research,0.0,MONITOR,0.0,0,0,0,0.00,0.0,NO_VERIFIED_CATALOGUE_MATCH,0,,0.0,NONE,0,0.0,,0.0,MONITOR,No strong commercial signal yet.,Keep on watchlist; revisit when new procurement demand or catalogue-fit evidence appears.,,
acct_65552a34d250,CO-OPERATIVE BANK OF SOUTH SUDAN LTD,org_ce1e086730dc,South Sudan,Implementing Partner,Prioritise,0.0,MONITOR,0.0,0,0,0,0.00,0.0,NO_VERIFIED_CATALOGUE_MATCH,0,,0.0,NONE,0,0.0,,0.0,MONITOR,No strong commercial signal yet.,Keep on watchlist; revisit when new procurement demand or catalogue-fit evidence appears.,,
acct_022433c82d75,COALITION FOR HUMANITY CH,org_fed894e81870,South Sudan,Implementing Partner,Prioritise,0.0,MONITOR,0.0,0,0,0,0.00,0.0,NO_VERIFIED_CATALOGUE_MATCH,0,,0.0,NONE,0,0.0,,0.0,MONITOR,No strong commercial signal yet.,Keep on watchlist; revisit when new procurement demand or catalogue-fit evidence appears.,,
acct_0a77d5305aad,Coalition of Actors for Public Health Advocacy LBG (CAPHA),org_120c54fc172c,BD; GH; ID; Kenya; MR; NP; LK; Tanzania; TH; Uganda,Implementing Partner,Monitor,0.0,MONITOR,0.0,0,0,0,0.00,0.0,NO_VERIFIED_CATALOGUE_MATCH,0,,0.0,NONE,0,0.0,,0.0,MONITOR,No strong commercial signal yet.,Keep on watchlist; revisit when new procurement demand or catalogue-fit evidence appears.,,
acct_11a2466b55ca,Coffey International Development,org_cbb3163e85b1,Somalia,Implementing Partner,Monitor,0.0,MONITOR,0.0,0,0,0,0.00,0.0,NO_VERIFIED_CATALOGUE_MATCH,0,,0.0,NONE,0,0.0,,0.0,MONITOR,No strong commercial signal yet.,Keep on watchlist; revisit when new procurement demand or catalogue-fit evidence appears.,,
acct_5a2eeaa57547,Cognition Studio Inc,org_103f18d131e0,UA; CM; CF; TD; Democratic Republic of the Congo; Ethiopia; GH; GN; CI; Kenya; LR; MG; MW; ML; MR; MZ; NE; NG; ZW; Rwanda; SN; SL; Somalia; Tanzania; Uganda; BF; ZM; GT; HT; TJ; AF; PK; BD; KH; ID; VN,Implementing Partner,Prioritise,0.0,MONITOR,0.0,0,0,0,0.00,0.0,NO_VERIFIED_CATALOGUE_MATCH,0,,0.0,NONE,0,0.0,,0.0,MONITOR,No strong commercial signal yet.,Keep on watchlist; revisit when new procurement demand or catalogue-fit evidence appears.,,
acct_e0f4e9a1c62a,COLLECTIF DES ASSOCIATIONS FEMININES,org_bca1d4031a29,Democratic Republic of the Congo,Implementing Partner,Prioritise,0.0,MONITOR,0.0,0,0,0,0.00,0.0,NO_VERIFIED_CATALOGUE_MATCH,0,,0.0,NONE,0,0.0,,0.0,MONITOR,No strong commercial signal yet.,Keep on watchlist; revisit when new procurement demand or catalogue-fit evidence appears.,,
acct_63f45d053ca9,COMESA,org_39e6939552b3,Uganda,Donor,Research,0.0,MONITOR,0.0,0,0,0,0.00,0.0,NO_VERIFIED_CATALOGUE_MATCH,0,,0.0,NONE,0,0.0,,0.0,MONITOR,No strong commercial signal yet.,Keep on watchlist; revisit when new procurement demand or catalogue-fit evidence appears.,,
acct_17b05bb41cb6,Comitato Internazionale per Lo Sviluppo dei Popoli (CISP),org_7b9cb9574247,Ethiopia,Implementing Partner,Research,0.0,MONITOR,0.0,0,0,0,0.00,0.0,NO_VERIFIED_CATALOGUE_MATCH,0,,0.0,NONE,0,0.0,,0.0,MONITOR,No strong commercial signal yet.,Keep on watchlist; revisit when new procurement demand or catalogue-fit evidence appears.,,
acct_7e9671192b9a,COMITATO INTERNAZIONALE PER LO SVILUPPO DEI POPOLI SOMALIA,org_036c2657176f,Somalia,Implementing Partner,Prioritise,0.0,MONITOR,0.0,0,0,0,0.00,0.0,NO_VERIFIED_CATALOGUE_MATCH,0,,0.0,NONE,0,0.0,,0.0,MONITOR,No strong commercial signal yet.,Keep on watchlist; revisit when new procurement demand or catalogue-fit evidence appears.,,
acct_8650c7a23b1e,Commission Diocésaine Justice et Paix,org_f99aae5aae33,Democratic Republic of the Congo,Implementing Partner,Monitor,0.0,MONITOR,0.0,0,0,0,0.00,0.0,NO_VERIFIED_CATALOGUE_MATCH,0,,0.0,NONE,0,0.0,,0.0,MONITOR,No strong commercial signal yet.,Keep on watchlist; revisit when new procurement demand or catalogue-fit evidence appears.,,
acct_4d6075cc91ee,COMMISSION DIOCESAIN CARITAS KALEMIE KIRUNGU,org_466841b06d2f,Democratic Republic of the Congo,Implementing Partner,Prioritise,0.0,MONITOR,0.0,0,0,0,0.00,0.0,NO_VERIFIED_CATALOGUE_MATCH,0,,0.0,NONE,0,0.0,,0.0,MONITOR,No strong commercial signal yet.,Keep on watchlist; revisit when new procurement demand or catalogue-fit evidence appears.,,
acct_c0c6330f7c7c,Commission for Imp. of Constitution,org_518396c1a575,Kenya,Accountable Agency,Monitor,0.0,MONITOR,0.0,0,0,0,0.00,0.0,NO_VERIFIED_CATALOGUE_MATCH,0,,0.0,NONE,0,0.0,,0.0,MONITOR,No strong commercial signal yet.,Keep on watchlist; revisit when new procurement demand or catalogue-fit evidence appears.,,
acct_5bb29b19d6d9,Commission of the European Communities,org_8e1a50230ace,Rwanda; Democratic Republic of the Congo,Donor,Qualify,0.0,MONITOR,0.0,0,0,0,0.00,0.0,NO_VERIFIED_CATALOGUE_MATCH,0,,0.0,NONE,0,0.0,,0.0,MONITOR,No strong commercial signal yet.,Keep on watchlist; revisit when new procurement demand or catalogue-fit evidence appears.,,
acct_efaff16c902b,Committee for UNICEF Switzerland,org_a5a985e1805e,South Sudan; Rwanda; Ethiopia; Uganda; Democratic Republic of the Congo,Donor,Prioritise,0.0,MONITOR,0.0,0,0,0,0.00,0.0,NO_VERIFIED_CATALOGUE_MATCH,0,,0.0,NONE,0,0.0,,0.0,MONITOR,No strong commercial signal yet.,Keep on watchlist; revisit when new procurement demand or catalogue-fit evidence appears.,,
acct_035c426f719a,COMMUNITY AID FOR RELIEF AND DEVELOPMENT,org_feb832c35518,South Sudan,Implementing Partner,Prioritise,0.0,MONITOR,0.0,0,0,0,0.00,0.0,NO_VERIFIED_CATALOGUE_MATCH,0,,0.0,NONE,0,0.0,,0.0,MONITOR,No strong commercial signal yet.,Keep on watchlist; revisit when new procurement demand or catalogue-fit evidence appears.,,
acct_8b7048836c93,COMMUNITY DEVELOPMENT AID CODAID,org_8f109ad62010,South Sudan,Implementing Partner,Prioritise,0.0,MONITOR,0.0,0,0,0,0.00,0.0,NO_VERIFIED_CATALOGUE_MATCH,0,,0.0,NONE,0,0.0,,0.0,MONITOR,No strong commercial signal yet.,Keep on watchlist; revisit when new procurement demand or catalogue-fit evidence appears.,,
acct_df9afb8161e6,Community Empowerment for Rural Development,org_b37dd5176395,Uganda,Implementing Partner,Monitor,0.0,MONITOR,0.0,0,0,0,0.00,0.0,NO_VERIFIED_CATALOGUE_MATCH,0,,0.0,NONE,0,0.0,,0.0,MONITOR,No strong commercial signal yet.,Keep on watchlist; revisit when new procurement demand or catalogue-fit evidence appears.,,
acct_f5c9e1664f17,COMMUNITY EMPOWERMENT NETWORK ORG,org_c9ca6758dabe,South Sudan,Implementing Partner,Prioritise,0.0,MONITOR,0.0,0,0,0,0.00,0.0,NO_VERIFIED_CATALOGUE_MATCH,0,,0.0,NONE,0,0.0,,0.0,MONITOR,No strong commercial signal yet.,Keep on watchlist; revisit when new procurement demand or catalogue-fit evidence appears.,,
acct_fd8d478b7bc0,COMMUNITY HEALTH AND DEVELOPMENT ORGANIZATION,org_da6c9fbe4717,South Sudan,Implementing Partner,Prioritise,0.0,MONITOR,0.0,0,0,0,0.00,0.0,NO_VERIFIED_CATALOGUE_MATCH,0,,0.0,NONE,0,0.0,,0.0,MONITOR,No strong commercial signal yet.,Keep on watchlist; revisit when new procurement demand or catalogue-fit evidence appears.,,
acct_02993cf51e87,COMMUNITY IN NEED AID CINA,org_b85d75a0e432,South Sudan,Implementing Partner,Prioritise,0.0,MONITOR,0.0,0,0,0,0.00,0.0,NO_VERIFIED_CATALOGUE_MATCH,0,,0.0,NONE,0,0.0,,0.0,MONITOR,No strong commercial signal yet.,Keep on watchlist; revisit when new procurement demand or catalogue-fit evidence appears.,,
acct_8bcd39191f84,COMMUNITY NEEDS INITIATIVES,org_59df6ffc0785,South Sudan,Implementing Partner,Prioritise,0.0,MONITOR,0.0,0,0,0,0.00,0.0,NO_VERIFIED_CATALOGUE_MATCH,0,,0.0,NONE,0,0.0,,0.0,MONITOR,No strong commercial signal yet.,Keep on watchlist; revisit when new procurement demand or catalogue-fit evidence appears.,,
acct_b2c813ddb99d,COMMUNITY SKILLS DEVELOPMENT,org_7b1a5c8d24f1,South Sudan,Implementing Partner,Prioritise,0.0,MONITOR,0.0,0,0,0,0.00,0.0,NO_VERIFIED_CATALOGUE_MATCH,0,,0.0,NONE,0,0.0,,0.0,MONITOR,No strong commercial signal yet.,Keep on watchlist; revisit when new procurement demand or catalogue-fit evidence appears.,,
acct_0ea4f3bf11b5,COMMUNITY SOCIAL AND ECONOMIC DEVELOPMENT AGENCY COSEDA,org_d6c88c163a33,South Sudan,Implementing Partner,Prioritise,0.0,MONITOR,0.0,0,0,0,0.00,0.0,NO_VERIFIED_CATALOGUE_MATCH,0,,0.0,NONE,0,0.0,,0.0,MONITOR,No strong commercial signal yet.,Keep on watchlist; revisit when new procurement demand or catalogue-fit evidence appears.,,
acct_858eaaf4b58a,Comprehensive Community Based Rehabilitation in Tanzania,org_a6ca1d952bf4,Tanzania,Accountable Agency,Qualify,0.0,MONITOR,0.0,0,0,0,0.00,0.0,NO_VERIFIED_CATALOGUE_MATCH,0,,0.0,NONE,0,0.0,,0.0,MONITOR,No strong commercial signal yet.,Keep on watchlist; revisit when new procurement demand or catalogue-fit evidence appears.,,
acct_d8961c015467,COMUNE DI NOVARA EPE,org_738e1a475621,Kenya,Implementing Partner,Prioritise,0.0,MONITOR,0.0,0,0,0,0.00,0.0,NO_VERIFIED_CATALOGUE_MATCH,0,,0.0,NONE,0,0.0,,0.0,MONITOR,No strong commercial signal yet.,Keep on watchlist; revisit when new procurement demand or catalogue-fit evidence appears.,,
acct_42a604d25859,COMUNE DI RIMINI,org_f47d5ee29a19,Kenya,Implementing Partner,Research,0.0,MONITOR,0.0,0,0,0,0.00,0.0,NO_VERIFIED_CATALOGUE_MATCH,0,,0.0,NONE,0,0.0,,0.0,MONITOR,No strong commercial signal yet.,Keep on watchlist; revisit when new procurement demand or catalogue-fit evidence appears.,,
acct_5e035db1a782,CONCERN WORLDWIDE,org_f3904a17b82e,Kenya,Implementing Partner,Prioritise,0.0,MONITOR,0.0,0,0,0,0.00,0.0,NO_VERIFIED_CATALOGUE_MATCH,0,,0.0,NONE,0,0.0,,0.0,MONITOR,No strong commercial signal yet.,Keep on watchlist; revisit when new procurement demand or catalogue-fit evidence appears.,,
acct_5e035db1a782,CONCERN WORLDWIDE,org_f3904a17b82e,Somalia; Ethiopia,Implementing Partner,Prioritise,0.0,MONITOR,0.0,0,0,0,0.00,0.0,NO_VERIFIED_CATALOGUE_MATCH,0,,0.0,NONE,0,0.0,,0.0,MONITOR,No strong commercial signal yet.,Keep on watchlist; revisit when new procurement demand or catalogue-fit evidence appears.,,
acct_61e9477fc605,CONCERN WORLDWIDE SOUTH SUDAN,org_02adb73e8b71,South Sudan,Implementing Partner,Prioritise,0.0,MONITOR,0.0,0,0,0,0.00,0.0,NO_VERIFIED_CATALOGUE_MATCH,0,,0.0,NONE,0,0.0,,0.0,MONITOR,No strong commercial signal yet.,Keep on watchlist; revisit when new procurement demand or catalogue-fit evidence appears.,,
acct_f5359df8d6b0,Concern Worldwide UK,org_916659affece,Somalia; Ethiopia,Implementing Partner,Qualify,0.0,MONITOR,0.0,0,0,0,0.00,0.0,NO_VERIFIED_CATALOGUE_MATCH,0,,0.0,NONE,0,0.0,,0.0,MONITOR,No strong commercial signal yet.,Keep on watchlist; revisit when new procurement demand or catalogue-fit evidence appears.,,
acct_898dae187e9d,CONFIDENT WOMEN NETWORK,org_4cf9e989cc74,South Sudan,Implementing Partner,Prioritise,0.0,MONITOR,0.0,0,0,0,0.00,0.0,NO_VERIFIED_CATALOGUE_MATCH,0,,0.0,NONE,0,0.0,,0.0,MONITOR,No strong commercial signal yet.,Keep on watchlist; revisit when new procurement demand or catalogue-fit evidence appears.,,
acct_8e5cf0f68911,"Conflict, Stability and Security Fund (CSSF)",org_45a11a82dded,AF; CO; DZ; EG; IQ; JO; LB; LK; LY; MA; MM; NG; NP; PH; PK; SD; Somalia; South Sudan; SY; TN; TR; YE,Donor,Research,0.0,MONITOR,0.0,0,0,0,0.00,0.0,NO_VERIFIED_CATALOGUE_MATCH,0,,0.0,NONE,0,0.0,,0.0,MONITOR,No strong commercial signal yet.,Keep on watchlist; revisit when new procurement demand or catalogue-fit evidence appears.,,
acct_3d3473fa621c,CONGO NOUVEAU ET PROSPERE CONOPRO,org_2b7f9f832f25,Democratic Republic of the Congo,Implementing Partner,Prioritise,0.0,MONITOR,0.0,0,0,0,0.00,0.0,NO_VERIFIED_CATALOGUE_MATCH,0,,0.0,NONE,0,0.0,,0.0,MONITOR,No strong commercial signal yet.,Keep on watchlist; revisit when new procurement demand or catalogue-fit evidence appears.,,
acct_c2b89f367603,Conrad N. Hilton Foundation,org_e6f46119215b,Rwanda; Ethiopia,Donor,Prioritise,0.0,MONITOR,0.0,0,0,0,0.00,0.0,NO_VERIFIED_CATALOGUE_MATCH,0,,0.0,NONE,0,0.0,,0.0,MONITOR,No strong commercial signal yet.,Keep on watchlist; revisit when new procurement demand or catalogue-fit evidence appears.,,
acct_9ef78d42561f,Consolidated Funds from NatComs,org_afc19e70be13,Tanzania; Democratic Republic of the Congo; Rwanda; Uganda; South Sudan; Ethiopia; Somalia; Kenya,Donor,Prioritise,0.0,MONITOR,0.0,0,0,0,0.00,0.0,NO_VERIFIED_CATALOGUE_MATCH,0,,0.0,NONE,0,0.0,,0.0,MONITOR,No strong commercial signal yet.,Keep on watchlist; revisit when new procurement demand or catalogue-fit evidence appears.,,
acct_fdd536e4791f,CONSORTIUM DE L AGRICULTURE URBAINE DE BUTEMBO,org_212f8603d9d7,Democratic Republic of the Congo,Implementing Partner,Prioritise,0.0,MONITOR,0.0,0,0,0,0.00,0.0,NO_VERIFIED_CATALOGUE_MATCH,0,,0.0,NONE,0,0.0,,0.0,MONITOR,No strong commercial signal yet.,Keep on watchlist; revisit when new procurement demand or catalogue-fit evidence appears.,,
acct_1be7346f6f0a,CONSTELLIA PUBLIC LTD,org_6e45a16b9d7d,MY; PH; Kenya; TH,Implementing Partner,Monitor,0.0,MONITOR,0.0,0,0,0,0.00,0.0,NO_VERIFIED_CATALOGUE_MATCH,0,,0.0,NONE,0,0.0,,0.0,MONITOR,No strong commercial signal yet.,Keep on watchlist; revisit when new procurement demand or catalogue-fit evidence appears.,,
acct_d3870530510a,COOPERATIONE INTERNATIONALE,org_2497503974e6,Democratic Republic of the Congo,Implementing Partner,Prioritise,0.0,MONITOR,0.0,0,0,0,0.00,0.0,NO_VERIFIED_CATALOGUE_MATCH,0,,0.0,NONE,0,0.0,,0.0,MONITOR,No strong commercial signal yet.,Keep on watchlist; revisit when new procurement demand or catalogue-fit evidence appears.,,
acct_3a26182408f7,Cordaid Global Office,org_17e940f7dd7d,South Sudan; Ethiopia; Uganda; Democratic Republic of the Congo,Donor,Prioritise,0.0,MONITOR,0.0,0,0,0,0.00,0.0,NO_VERIFIED_CATALOGUE_MATCH,0,,0.0,NONE,0,0.0,,0.0,MONITOR,No strong commercial signal yet.,Keep on watchlist; revisit when new procurement demand or catalogue-fit evidence appears.,,
acct_7dca00ee3b2f,COUNCIL OF GOVERNORS,org_900d6ddd0d61,Kenya,Implementing Partner,Prioritise,0.0,MONITOR,0.0,0,0,0,0.00,0.0,NO_VERIFIED_CATALOGUE_MATCH,0,,0.0,NONE,0,0.0,,0.0,MONITOR,No strong commercial signal yet.,Keep on watchlist; revisit when new procurement demand or catalogue-fit evidence appears.,,
acct_4bd61fb94039,Countess of Chester Hospital NHS Foundation Trust,org_6256451c9026,MW; ZA; Tanzania; GB,Implementing Partner,Monitor,0.0,MONITOR,0.0,0,0,0,0.00,0.0,NO_VERIFIED_CATALOGUE_MATCH,0,,0.0,NONE,0,0.0,,0.0,MONITOR,No strong commercial signal yet.,Keep on watchlist; revisit when new procurement demand or catalogue-fit evidence appears.,,
acct_84f1f6416189,Country Learn & Skilled for Work &,org_9cb2022bf72f,Uganda,Donor,Qualify,0.0,MONITOR,0.0,0,0,0,0.00,0.0,NO_VERIFIED_CATALOGUE_MATCH,0,,0.0,NONE,0,0.0,,0.0,MONITOR,No strong commercial signal yet.,Keep on watchlist; revisit when new procurement demand or catalogue-fit evidence appears.,,
acct_190bc3a0c1ed,Country - Survive & Thrive,org_e646007bf514,Rwanda; Ethiopia,Donor,Prioritise,0.0,MONITOR,0.0,0,0,0,0.00,0.0,NO_VERIFIED_CATALOGUE_MATCH,0,,0.0,NONE,0,0.0,,0.0,MONITOR,No strong commercial signal yet.,Keep on watchlist; revisit when new procurement demand or catalogue-fit evidence appears.,,
acct_e408d5b43d18,Country - Thematic Humanitarian Res,org_d6700c44660e,Somalia,Donor,Prioritise,0.0,MONITOR,0.0,0,0,0,0.00,0.0,NO_VERIFIED_CATALOGUE_MATCH,0,,0.0,NONE,0,0.0,,0.0,MONITOR,No strong commercial signal yet.,Keep on watchlist; revisit when new procurement demand or catalogue-fit evidence appears.,,
acct_911391312713,COUNTY COORDINATOR CHILDREN SERVICES KAJIADO COUNTY,org_a34e6b03cbab,Kenya,Implementing Partner,Prioritise,0.0,MONITOR,0.0,0,0,0,0.00,0.0,NO_VERIFIED_CATALOGUE_MATCH,0,,0.0,NONE,0,0.0,,0.0,MONITOR,No strong commercial signal yet.,Keep on watchlist; revisit when new procurement demand or catalogue-fit evidence appears.,,
acct_9b067ed0a3dd,COUNTY DEPARTMENT OF HEALTH ISIOLO,org_bfe940afd47e,Kenya,Implementing Partner,Prioritise,0.0,MONITOR,0.0,0,0,0,0.00,0.0,NO_VERIFIED_CATALOGUE_MATCH,0,,0.0,NONE,0,0.0,,0.0,MONITOR,No strong commercial signal yet.,Keep on watchlist; revisit when new procurement demand or catalogue-fit evidence appears.,,
acct_49df685f1e9a,COUNTY DEPARTMENT OF HEALTH KAJIADO,org_69fa7e9594c6,Kenya,Implementing Partner,Prioritise,0.0,MONITOR,0.0,0,0,0,0.00,0.0,NO_VERIFIED_CATALOGUE_MATCH,0,,0.0,NONE,0,0.0,,0.0,MONITOR,No strong commercial signal yet.,Keep on watchlist; revisit when new procurement demand or catalogue-fit evidence appears.,,
acct_e214a0797f35,COUNTY DEPARTMENT OF HEALTH SERVICES TAITA TAVETA,org_4da88f97bc3c,Kenya,Implementing Partner,Prioritise,0.0,MONITOR,0.0,0,0,0,0.00,0.0,NO_VERIFIED_CATALOGUE_MATCH,0,,0.0,NONE,0,0.0,,0.0,MONITOR,No strong commercial signal yet.,Keep on watchlist; revisit when new procurement demand or catalogue-fit evidence appears.,,
acct_e8f9630eb6a8,COUNTY DIRECTOR OF EDUCATION KWALE,org_9c29191d99a4,Kenya,Implementing Partner,Prioritise,0.0,MONITOR,0.0,0,0,0,0.00,0.0,NO_VERIFIED_CATALOGUE_MATCH,0,,0.0,NONE,0,0.0,,0.0,MONITOR,No strong commercial signal yet.,Keep on watchlist; revisit when new procurement demand or catalogue-fit evidence appears.,,
acct_863f898fd68e,COUNTY DIRECTOR OF EDUCATION SAMBURU,org_9cd1cff44ebf,Kenya,Implementing Partner,Prioritise,0.0,MONITOR,0.0,0,0,0,0.00,0.0,NO_VERIFIED_CATALOGUE_MATCH,0,,0.0,NONE,0,0.0,,0.0,MONITOR,No strong commercial signal yet.,Keep on watchlist; revisit when new procurement demand or catalogue-fit evidence appears.,,
acct_5f74988d8ac6,COUNTY DIRECTOR OF EDUCATION TANA RIVER COUNTY,org_53f9d7df30c1,Kenya,Implementing Partner,Prioritise,0.0,MONITOR,0.0,0,0,0,0.00,0.0,NO_VERIFIED_CATALOGUE_MATCH,0,,0.0,NONE,0,0.0,,0.0,MONITOR,No strong commercial signal yet.,Keep on watchlist; revisit when new procurement demand or catalogue-fit evidence appears.,,
acct_bdd31233293b,COUNTY DIRECTOR OF EDUCATION TURKANA,org_8190a8336b06,Kenya,Implementing Partner,Prioritise,0.0,MONITOR,0.0,0,0,0,0.00,0.0,NO_VERIFIED_CATALOGUE_MATCH,0,,0.0,NONE,0,0.0,,0.0,MONITOR,No strong commercial signal yet.,Keep on watchlist; revisit when new procurement demand or catalogue-fit evidence appears.,,
acct_c18a5e5ae4ac,COUNTY DIRECTOR OF EDUCATION WEST POKOT,org_dfa3b7099aea,Kenya,Implementing Partner,Prioritise,0.0,MONITOR,0.0,0,0,0,0.00,0.0,NO_VERIFIED_CATALOGUE_MATCH,0,,0.0,NONE,0,0.0,,0.0,MONITOR,No strong commercial signal yet.,Keep on watchlist; revisit when new procurement demand or catalogue-fit evidence appears.,,
acct_39eb530870be,COUNTY DIRECTOR OF HEALTH SIAYA,org_b1efd6482303,Kenya,Implementing Partner,Prioritise,0.0,MONITOR,0.0,0,0,0,0.00,0.0,NO_VERIFIED_CATALOGUE_MATCH,0,,0.0,NONE,0,0.0,,0.0,MONITOR,No strong commercial signal yet.,Keep on watchlist; revisit when new procurement demand or catalogue-fit evidence appears.,,
acct_d0573f54b364,COUNTY GOVERNMENT OF BUSIA DEPARTMENT OF EDUCATION,org_a039acc94ad3,Kenya,Implementing Partner,Prioritise,0.0,MONITOR,0.0,0,0,0,0.00,0.0,NO_VERIFIED_CATALOGUE_MATCH,0,,0.0,NONE,0,0.0,,0.0,MONITOR,No strong commercial signal yet.,Keep on watchlist; revisit when new procurement demand or catalogue-fit evidence appears.,,
acct_057d89a40918,COUNTY GOVERNMENT OF BUSIA DEPARTMENT OF HEALTH AND SANITATION,org_669815bf96db,Kenya,Implementing Partner,Prioritise,0.0,MONITOR,0.0,0,0,0,0.00,0.0,NO_VERIFIED_CATALOGUE_MATCH,0,,0.0,NONE,0,0.0,,0.0,MONITOR,No strong commercial signal yet.,Keep on watchlist; revisit when new procurement demand or catalogue-fit evidence appears.,,
acct_6fce9bf1f3a1,COUNTY GOVERNMENT OF GARISSA,org_e5cde66eb885,Kenya,Implementing Partner,Prioritise,0.0,MONITOR,0.0,0,0,0,0.00,0.0,NO_VERIFIED_CATALOGUE_MATCH,0,,0.0,NONE,0,0.0,,0.0,MONITOR,No strong commercial signal yet.,Keep on watchlist; revisit when new procurement demand or catalogue-fit evidence appears.,,
acct_53f1a986ea51,COUNTY GOVERNMENT OF KWALE,org_db33d2f26bf3,Kenya,Implementing Partner,Prioritise,0.0,MONITOR,0.0,0,0,0,0.00,0.0,NO_VERIFIED_CATALOGUE_MATCH,0,,0.0,NONE,0,0.0,,0.0,MONITOR,No strong commercial signal yet.,Keep on watchlist; revisit when new procurement demand or catalogue-fit evidence appears.,,
acct_517cfbb82333,COUNTY GOVERNMENT OF MARSABIT DEPARTMENT OF HEALTH SERVICES,org_1b8c6d4e0012,Kenya,Implementing Partner,Prioritise,0.0,MONITOR,0.0,0,0,0,0.00,0.0,NO_VERIFIED_CATALOGUE_MATCH,0,,0.0,NONE,0,0.0,,0.0,MONITOR,No strong commercial signal yet.,Keep on watchlist; revisit when new procurement demand or catalogue-fit evidence appears.,,
acct_1bed79d7c52e,COUNTY GOVERNMENT OF MERU DEPT OF HEALTH,org_f4b72939a90a,Kenya,Implementing Partner,Prioritise,0.0,MONITOR,0.0,0,0,0,0.00,0.0,NO_VERIFIED_CATALOGUE_MATCH,0,,0.0,NONE,0,0.0,,0.0,MONITOR,No strong commercial signal yet.,Keep on watchlist; revisit when new procurement demand or catalogue-fit evidence appears.,,
acct_1a58766bc764,COUNTY GOVERNMENT OF MOMBASA DEPARTMENT OF HEALTH,org_990239f73387,Kenya,Implementing Partner,Prioritise,0.0,MONITOR,0.0,0,0,0,0.00,0.0,NO_VERIFIED_CATALOGUE_MATCH,0,,0.0,NONE,0,0.0,,0.0,MONITOR,No strong commercial signal yet.,Keep on watchlist; revisit when new procurement demand or catalogue-fit evidence appears.,,
acct_1aa4d899d9b3,COUNTY GOVERNMENT OF WAJIR,org_503433e40cba,Kenya,Implementing Partner,Prioritise,0.0,MONITOR,0.0,0,0,0,0.00,0.0,NO_VERIFIED_CATALOGUE_MATCH,0,,0.0,NONE,0,0.0,,0.0,MONITOR,No strong commercial signal yet.,Keep on watchlist; revisit when new procurement demand or catalogue-fit evidence appears.,,
acct_c210af347a53,COUNTY GOVT KISUMU DEPT OF SPECIAL PROGRAMMES AND DISASTER MGT,org_69e148b3c52a,Kenya,Implementing Partner,Prioritise,0.0,MONITOR,0.0,0,0,0,0.00,0.0,NO_VERIFIED_CATALOGUE_MATCH,0,,0.0,NONE,0,0.0,,0.0,MONITOR,No strong commercial signal yet.,Keep on watchlist; revisit when new procurement demand or catalogue-fit evidence appears.,,
acct_6bccae5b1259,COWATER INTERNATIONAL INC,org_332ce5735d32,Rwanda,Implementing Partner,Research,0.0,MONITOR,0.0,0,0,0,0.00,0.0,NO_VERIFIED_CATALOGUE_MATCH,0,,0.0,NONE,0,0.0,,0.0,MONITOR,No strong commercial signal yet.,Keep on watchlist; revisit when new procurement demand or catalogue-fit evidence appears.,,
acct_ba612fbac9d3,Cowatersogema International Inc,org_d3b917603742,Rwanda,Implementing Partner,Research,0.0,MONITOR,0.0,0,0,0,0.00,0.0,NO_VERIFIED_CATALOGUE_MATCH,0,,0.0,NONE,0,0.0,,0.0,MONITOR,No strong commercial signal yet.,Keep on watchlist; revisit when new procurement demand or catalogue-fit evidence appears.,,
acct_602c3bc12053,CROIX ROUGE DE LA RDC NORD KIVU,org_d584d5a00c19,Democratic Republic of the Congo,Implementing Partner,Prioritise,0.0,MONITOR,0.0,0,0,0,0.00,0.0,NO_VERIFIED_CATALOGUE_MATCH,0,,0.0,NONE,0,0.0,,0.0,MONITOR,No strong commercial signal yet.,Keep on watchlist; revisit when new procurement demand or catalogue-fit evidence appears.,,
acct_821b55a514f3,CROIX ROUGE RDC SUD KIVU,org_2cfe7225a1ec,Democratic Republic of the Congo,Implementing Partner,Prioritise,0.0,MONITOR,0.0,0,0,0,0.00,0.0,NO_VERIFIED_CATALOGUE_MATCH,0,,0.0,NONE,0,0.0,,0.0,MONITOR,No strong commercial signal yet.,Keep on watchlist; revisit when new procurement demand or catalogue-fit evidence appears.,,
acct_1922efaf3884,Crown Agents,org_bc5fa4d2025b,South Sudan,Donor,Qualify,0.0,MONITOR,0.0,0,0,0,0.00,0.0,NO_VERIFIED_CATALOGUE_MATCH,0,,0.0,NONE,0,0.0,,0.0,MONITOR,No strong commercial signal yet.,Keep on watchlist; revisit when new procurement demand or catalogue-fit evidence appears.,,
acct_2605414cb5e3,Crown Agents Bank,org_2af6d1c2e416,South Sudan; BD; NP; Kenya; Uganda; MW; MZ; Tanzania; ZM; Ethiopia; MY; PH; TH,Donor,Prioritise,0.0,MONITOR,0.0,0,0,0,0.00,0.0,NO_VERIFIED_CATALOGUE_MATCH,0,,0.0,NONE,0,0.0,,0.0,MONITOR,No strong commercial signal yet.,Keep on watchlist; revisit when new procurement demand or catalogue-fit evidence appears.,,
acct_1e7d865c667d,CTCP CENERGY VIET NAM,org_6e88ddb53e52,Kenya; BD; ID; Somalia; KH; ZA; Uganda; MY; NP; ZM; VN; Rwanda,Implementing Partner,Monitor,0.0,MONITOR,0.0,0,0,0,0.00,0.0,NO_VERIFIED_CATALOGUE_MATCH,0,,0.0,NONE,0,0.0,,0.0,MONITOR,No strong commercial signal yet.,Keep on watchlist; revisit when new procurement demand or catalogue-fit evidence appears.,,
acct_460d84b3cf71,Cyprus,org_704f449aced5,South Sudan; Tanzania; Uganda; Kenya; Rwanda,Donor,Prioritise,0.0,MONITOR,0.0,0,0,0,0.00,0.0,NO_VERIFIED_CATALOGUE_MATCH,0,,0.0,NONE,0,0.0,,0.0,MONITOR,No strong commercial signal yet.,Keep on watchlist; revisit when new procurement demand or catalogue-fit evidence appears.,,
acct_55200abdfd04,Czech Republic (The),org_6899c8c67dcd,South Sudan,Donor,Prioritise,0.0,MONITOR,0.0,0,0,0,0.00,0.0,NO_VERIFIED_CATALOGUE_MATCH,0,,0.0,NONE,0,0.0,,0.0,MONITOR,No strong commercial signal yet.,Keep on watchlist; revisit when new procurement demand or catalogue-fit evidence appears.,,
acct_1d0e66b872f5,D TREE INTERNATIONAL,org_c9d45efcc939,Tanzania,Implementing Partner,Prioritise,0.0,MONITOR,0.0,0,0,0,0.00,0.0,NO_VERIFIED_CATALOGUE_MATCH,0,,0.0,NONE,0,0.0,,0.0,MONITOR,No strong commercial signal yet.,Keep on watchlist; revisit when new procurement demand or catalogue-fit evidence appears.,,
acct_99e76470df07,DAHW Deutsche Lepra- und Tuberkulosehilfe e.V.,org_29f4774365b4,Ethiopia,Implementing Partner,Prioritise,0.0,MONITOR,0.0,0,0,0,0.00,0.0,NO_VERIFIED_CATALOGUE_MATCH,0,,0.0,NONE,0,0.0,,0.0,MONITOR,No strong commercial signal yet.,Keep on watchlist; revisit when new procurement demand or catalogue-fit evidence appears.,,
acct_d24959523ff6,DAI DEVELOPMENT ACTIVITIES INT L LTD,org_5b36fc5730f4,ZW; ZA; NG; BW; Rwanda; GH; Kenya; SL,Implementing Partner,Monitor,0.0,MONITOR,0.0,0,0,0,0.00,0.0,NO_VERIFIED_CATALOGUE_MATCH,0,,0.0,NONE,0,0.0,,0.0,MONITOR,No strong commercial signal yet.,Keep on watchlist; revisit when new procurement demand or catalogue-fit evidence appears.,,
acct_befde0c6ae59,DAI Europe,org_bd00df1591c6,CM; TD; CI; ML; NE; Uganda; Kenya; KH; NG; Somalia; ZA; VN; ZW; IN; Rwanda; GH; SY; TL; IQ; EG; YE; TH; MW; MY; PH; PK; JO; BD; Ethiopia; MM; South Sudan; Democratic Republic of the Congo; ID; NP; TN; Tanzania; AO,Implementing Partner,Qualify,0.0,MONITOR,0.0,0,0,0,0.00,0.0,NO_VERIFIED_CATALOGUE_MATCH,0,,0.0,NONE,0,0.0,,0.0,MONITOR,No strong commercial signal yet.,Keep on watchlist; revisit when new procurement demand or catalogue-fit evidence appears.,,
acct_59bfccf7a74d,DAI Global Health,org_b8084912682a,South Sudan,Implementing Partner,Qualify,0.0,MONITOR,0.0,0,0,0,0.00,0.0,NO_VERIFIED_CATALOGUE_MATCH,0,,0.0,NONE,0,0.0,,0.0,MONITOR,No strong commercial signal yet.,Keep on watchlist; revisit when new procurement demand or catalogue-fit evidence appears.,,
acct_9a01ccf081b8,Dalan Development Consultant,org_c773452d7402,BD; GH; KI; SL; Tanzania,Implementing Partner,Research,0.0,MONITOR,0.0,0,0,0,0.00,0.0,NO_VERIFIED_CATALOGUE_MATCH,0,,0.0,NONE,0,0.0,,0.0,MONITOR,No strong commercial signal yet.,Keep on watchlist; revisit when new procurement demand or catalogue-fit evidence appears.,,
acct_cb6f60cb6b1f,Danish Committee for UNICEF,org_88f6c68cb639,Somalia; Rwanda; Democratic Republic of the Congo; Ethiopia; Kenya; South Sudan; Uganda,Donor,Prioritise,0.0,MONITOR,0.0,0,0,0,0.00,0.0,NO_VERIFIED_CATALOGUE_MATCH,0,,0.0,NONE,0,0.0,,0.0,MONITOR,No strong commercial signal yet.,Keep on watchlist; revisit when new procurement demand or catalogue-fit evidence appears.,,
acct_6c042fa81045,Danish Family Planning Association,org_8bd872952dda,Uganda; Kenya,Donor,Monitor,0.0,MONITOR,0.0,0,0,0,0.00,0.0,NO_VERIFIED_CATALOGUE_MATCH,0,,0.0,NONE,0,0.0,,0.0,MONITOR,No strong commercial signal yet.,Keep on watchlist; revisit when new procurement demand or catalogue-fit evidence appears.,,
acct_b0738ed29f71,Danish Refugee Council,org_a56edc391015,Democratic Republic of the Congo; AO; Rwanda; Ethiopia; Uganda,Implementing Partner,Research,0.0,MONITOR,0.0,0,0,0,0.00,0.0,NO_VERIFIED_CATALOGUE_MATCH,0,,0.0,NONE,0,0.0,,0.0,MONITOR,No strong commercial signal yet.,Keep on watchlist; revisit when new procurement demand or catalogue-fit evidence appears.,,
acct_a8e2645a4087,Danish Refugee Council / Danish Demining Group (DRC/DDG),org_631577b33918,Uganda; Tanzania,Donor,Qualify,0.0,MONITOR,0.0,0,0,0,0.00,0.0,NO_VERIFIED_CATALOGUE_MATCH,0,,0.0,NONE,0,0.0,,0.0,MONITOR,No strong commercial signal yet.,Keep on watchlist; revisit when new procurement demand or catalogue-fit evidence appears.,,
acct_e65d02c1fa2f,DANISH REFUGEE COUNCIL DANSK FLYGTNINGEHJAELP,org_f8d6ee6e88c1,Tanzania,Implementing Partner,Prioritise,0.0,MONITOR,0.0,0,0,0,0.00,0.0,NO_VERIFIED_CATALOGUE_MATCH,0,,0.0,NONE,0,0.0,,0.0,MONITOR,No strong commercial signal yet.,Keep on watchlist; revisit when new procurement demand or catalogue-fit evidence appears.,,
acct_c9c0e0537fd0,Data Analysis and Technical Assistance Ltd,org_8182205228fd,BD; GH; KI; SL; Tanzania,Implementing Partner,Research,0.0,MONITOR,0.0,0,0,0,0.00,0.0,NO_VERIFIED_CATALOGUE_MATCH,0,,0.0,NONE,0,0.0,,0.0,MONITOR,No strong commercial signal yet.,Keep on watchlist; revisit when new procurement demand or catalogue-fit evidence appears.,,
acct_14ebc5e8176d,Data Pivot Ghana Ltd,org_5a94fda7f71a,BD; GH; KI; SL; Tanzania,Implementing Partner,Research,0.0,MONITOR,0.0,0,0,0,0.00,0.0,NO_VERIFIED_CATALOGUE_MATCH,0,,0.0,NONE,0,0.0,,0.0,MONITOR,No strong commercial signal yet.,Keep on watchlist; revisit when new procurement demand or catalogue-fit evidence appears.,,
acct_27fe5d80b0ca,DataDrivenFinance Kenya Ltd,org_6f246426026f,Kenya,Implementing Partner,Monitor,0.0,MONITOR,0.0,0,0,0,0.00,0.0,NO_VERIFIED_CATALOGUE_MATCH,0,,0.0,NONE,0,0.0,,0.0,MONITOR,No strong commercial signal yet.,Keep on watchlist; revisit when new procurement demand or catalogue-fit evidence appears.,,
acct_170bca53fe56,DATIVA AND ASSOCIATES,org_11e4fabdc883,Uganda,Implementing Partner,Research,0.0,MONITOR,0.0,0,0,0,0.00,0.0,NO_VERIFIED_CATALOGUE_MATCH,0,,0.0,NONE,0,0.0,,0.0,MONITOR,No strong commercial signal yet.,Keep on watchlist; revisit when new procurement demand or catalogue-fit evidence appears.,,
acct_321a6c3f1e78,David Umahi Federal University of Health Sciences (DUFUHS),org_29bcb3539f1a,GB; NG; CM; Kenya; CI; ZA,Implementing Partner,Monitor,0.0,MONITOR,0.0,0,0,0,0.00,0.0,NO_VERIFIED_CATALOGUE_MATCH,0,,0.0,NONE,0,0.0,,0.0,MONITOR,No strong commercial signal yet.,Keep on watchlist; revisit when new procurement demand or catalogue-fit evidence appears.,,
acct_d286ff4969cf,DAWURO DEVELOPMENT ASSOCIATION,org_04ddabfcb40a,Ethiopia,Implementing Partner,Research,0.0,MONITOR,0.0,0,0,0,0.00,0.0,NO_VERIFIED_CATALOGUE_MATCH,0,,0.0,NONE,0,0.0,,0.0,MONITOR,No strong commercial signal yet.,Keep on watchlist; revisit when new procurement demand or catalogue-fit evidence appears.,,
acct_325df3c83633,DED KAKONKO DISTRICT COUNCIL,org_a443b30393c1,Tanzania,Implementing Partner,Prioritise,0.0,MONITOR,0.0,0,0,0,0.00,0.0,NO_VERIFIED_CATALOGUE_MATCH,0,,0.0,NONE,0,0.0,,0.0,MONITOR,No strong commercial signal yet.,Keep on watchlist; revisit when new procurement demand or catalogue-fit evidence appears.,,
acct_dcd79e9576b5,DED MAKETE WASH,org_e8496647e1ce,Tanzania,Implementing Partner,Prioritise,0.0,MONITOR,0.0,0,0,0,0.00,0.0,NO_VERIFIED_CATALOGUE_MATCH,0,,0.0,NONE,0,0.0,,0.0,MONITOR,No strong commercial signal yet.,Keep on watchlist; revisit when new procurement demand or catalogue-fit evidence appears.,,
acct_caf6852060d6,DED MBEYA WASH,org_ccaec044a64b,Tanzania,Implementing Partner,Prioritise,0.0,MONITOR,0.0,0,0,0,0.00,0.0,NO_VERIFIED_CATALOGUE_MATCH,0,,0.0,NONE,0,0.0,,0.0,MONITOR,No strong commercial signal yet.,Keep on watchlist; revisit when new procurement demand or catalogue-fit evidence appears.,,
acct_0c6f4ce60a05,DED MUFINDI WASH,org_9274b84b60a0,Tanzania,Implementing Partner,Prioritise,0.0,MONITOR,0.0,0,0,0,0.00,0.0,NO_VERIFIED_CATALOGUE_MATCH,0,,0.0,NONE,0,0.0,,0.0,MONITOR,No strong commercial signal yet.,Keep on watchlist; revisit when new procurement demand or catalogue-fit evidence appears.,,
acct_e1ec9249d8e7,DED NJOMBE WASH,org_7361ad1bb203,Tanzania,Implementing Partner,Prioritise,0.0,MONITOR,0.0,0,0,0,0.00,0.0,NO_VERIFIED_CATALOGUE_MATCH,0,,0.0,NONE,0,0.0,,0.0,MONITOR,No strong commercial signal yet.,Keep on watchlist; revisit when new procurement demand or catalogue-fit evidence appears.,,
acct_195485336f69,DEEG ROOR MEDICAL ORGANIZATION,org_4ae9a7fd07fe,Somalia,Implementing Partner,Prioritise,0.0,MONITOR,0.0,0,0,0,0.00,0.0,NO_VERIFIED_CATALOGUE_MATCH,0,,0.0,NONE,0,0.0,,0.0,MONITOR,No strong commercial signal yet.,Keep on watchlist; revisit when new procurement demand or catalogue-fit evidence appears.,,
acct_1c76c52649ea,Delivery Associates Limited,org_7026d258a55b,Tanzania; Democratic Republic of the Congo; Ethiopia; Kenya,Implementing Partner,Qualify,0.0,MONITOR,0.0,0,0,0,0.00,0.0,NO_VERIFIED_CATALOGUE_MATCH,0,,0.0,NONE,0,0.0,,0.0,MONITOR,No strong commercial signal yet.,Keep on watchlist; revisit when new procurement demand or catalogue-fit evidence appears.,,
acct_420aa88e56e7,Deloitte Touche Tohmatsu India LLP,org_7ea80a2079ee,Kenya; KH; NG; Somalia; ZA; VN; ZW; IN; Rwanda; GH; SY; TL; IQ; EG; YE; TH; MW; MY; PH; PK; JO; BD; Ethiopia; MM; South Sudan; Democratic Republic of the Congo; ID; NP; TN; Tanzania,Implementing Partner,Qualify,0.0,MONITOR,0.0,0,0,0,0.00,0.0,NO_VERIFIED_CATALOGUE_MATCH,0,,0.0,NONE,0,0.0,,0.0,MONITOR,No strong commercial signal yet.,Keep on watchlist; revisit when new procurement demand or catalogue-fit evidence appears.,,
acct_51e644db3d3b,Democratic Republic of the Congo,org_db16edc19982,Democratic Republic of the Congo,Donor,Prioritise,0.0,MONITOR,0.0,0,0,0,0.00,0.0,NO_VERIFIED_CATALOGUE_MATCH,0,,0.0,NONE,0,0.0,,0.0,MONITOR,No strong commercial signal yet.,Keep on watchlist; revisit when new procurement demand or catalogue-fit evidence appears.,,
acct_51e644db3d3b,Democratic Republic of the Congo,org_db16edc19982,Democratic Republic of the Congo,Donor,Prioritise,0.0,MONITOR,0.0,0,0,0,0.00,0.0,NO_VERIFIED_CATALOGUE_MATCH,0,,0.0,NONE,0,0.0,,0.0,MONITOR,No strong commercial signal yet.,Keep on watchlist; revisit when new procurement demand or catalogue-fit evidence appears.,,
acct_51e644db3d3b,Democratic Republic of the Congo,org_db16edc19982,Democratic Republic of the Congo,Accountable Agency,Qualify,0.0,MONITOR,0.0,0,0,0,0.00,0.0,NO_VERIFIED_CATALOGUE_MATCH,0,,0.0,NONE,0,0.0,,0.0,MONITOR,No strong commercial signal yet.,Keep on watchlist; revisit when new procurement demand or catalogue-fit evidence appears.,,
acct_7141ace59187,Dentons UK and Middle East LLP,org_80724a960426,MY; PH; Kenya; TH,Implementing Partner,Monitor,0.0,MONITOR,0.0,0,0,0,0.00,0.0,NO_VERIFIED_CATALOGUE_MATCH,0,,0.0,NONE,0,0.0,,0.0,MONITOR,No strong commercial signal yet.,Keep on watchlist; revisit when new procurement demand or catalogue-fit evidence appears.,,
acct_9aadb61bdd32,DEP SANTE DIRECTION D ETUDES AND PLANNIFICATION,org_b9b787078e1b,Democratic Republic of the Congo,Implementing Partner,Prioritise,0.0,MONITOR,0.0,0,0,0,0.00,0.0,NO_VERIFIED_CATALOGUE_MATCH,0,,0.0,NONE,0,0.0,,0.0,MONITOR,No strong commercial signal yet.,Keep on watchlist; revisit when new procurement demand or catalogue-fit evidence appears.,,
acct_d98fc22a85aa,Department for International Development,org_0c47842d162a,Somalia,Donor,Qualify,0.0,MONITOR,0.0,0,0,0,0.00,0.0,NO_VERIFIED_CATALOGUE_MATCH,0,,0.0,NONE,0,0.0,,0.0,MONITOR,No strong commercial signal yet.,Keep on watchlist; revisit when new procurement demand or catalogue-fit evidence appears.,,
acct_4e70db82187f,"DEPARTMENT FOR SCIENCE, INNOVATION AND TECHNOLOGY",org_0a5b88d26636,Uganda; Kenya; Tanzania,Donor,Prioritise,0.0,MONITOR,0.0,0,0,0,0.00,0.0,NO_VERIFIED_CATALOGUE_MATCH,0,,0.0,NONE,0,0.0,,0.0,MONITOR,No strong commercial signal yet.,Keep on watchlist; revisit when new procurement demand or catalogue-fit evidence appears.,,
acct_13fa594086f8,DEPARTMENT OF CHILDREN SERVICES SAMBURU COUNTY,org_b08836c439a4,Kenya,Implementing Partner,Prioritise,0.0,MONITOR,0.0,0,0,0,0.00,0.0,NO_VERIFIED_CATALOGUE_MATCH,0,,0.0,NONE,0,0.0,,0.0,MONITOR,No strong commercial signal yet.,Keep on watchlist; revisit when new procurement demand or catalogue-fit evidence appears.,,
acct_8ea4271d6c17,"DEPARTMENT OF CHILDREN SERVICES, WEST POKOT",org_3e3f930ddb62,Kenya,Implementing Partner,Prioritise,0.0,MONITOR,0.0,0,0,0,0.00,0.0,NO_VERIFIED_CATALOGUE_MATCH,0,,0.0,NONE,0,0.0,,0.0,MONITOR,No strong commercial signal yet.,Keep on watchlist; revisit when new procurement demand or catalogue-fit evidence appears.,,
acct_e41880caf00c,DEPARTMENT OF CHILDRENS SERVICES KISUMU,org_78ee58702cd1,Kenya,Implementing Partner,Prioritise,0.0,MONITOR,0.0,0,0,0,0.00,0.0,NO_VERIFIED_CATALOGUE_MATCH,0,,0.0,NONE,0,0.0,,0.0,MONITOR,No strong commercial signal yet.,Keep on watchlist; revisit when new procurement demand or catalogue-fit evidence appears.,,
acct_da3086edb61c,"Department of Foreign Affairs, Trade and Development (DFATD), Canada",org_3e53bd108b74,Somalia; Ethiopia; Kenya; Democratic Republic of the Congo,Donor,Prioritise,0.0,MONITOR,0.0,0,0,0,0.00,0.0,NO_VERIFIED_CATALOGUE_MATCH,0,,0.0,NONE,0,0.0,,0.0,MONITOR,No strong commercial signal yet.,Keep on watchlist; revisit when new procurement demand or catalogue-fit evidence appears.,,
acct_9196b0740a5f,Department of Health and Social Care (DHSC) Global Health Research,org_cb5b31dc2796,Kenya; GB,Reporting Organisation,Qualify,0.0,MONITOR,0.0,0,0,0,0.00,0.0,NO_VERIFIED_CATALOGUE_MATCH,0,,0.0,NONE,0,0.0,,0.0,MONITOR,No strong commercial signal yet.,Keep on watchlist; revisit when new procurement demand or catalogue-fit evidence appears.,,
acct_3a87cd4f4627,"Department of Health and Social Care, United Kingdom",org_d49931c26919,Kenya; Ethiopia,Donor,Prioritise,0.0,MONITOR,0.0,0,0,0,0.00,0.0,NO_VERIFIED_CATALOGUE_MATCH,0,,0.0,NONE,0,0.0,,0.0,MONITOR,No strong commercial signal yet.,Keep on watchlist; revisit when new procurement demand or catalogue-fit evidence appears.,,
acct_906f62f8cede,DEPARTMENT OF HEALTH KISUMU COUNTY,org_a1b736f2cfed,Kenya,Implementing Partner,Prioritise,0.0,MONITOR,0.0,0,0,0,0.00,0.0,NO_VERIFIED_CATALOGUE_MATCH,0,,0.0,NONE,0,0.0,,0.0,MONITOR,No strong commercial signal yet.,Keep on watchlist; revisit when new procurement demand or catalogue-fit evidence appears.,,
acct_515da9765b81,DEPARTMENT OF HEALTH TANA RIVER COUNTY,org_41baf85e6146,Kenya,Implementing Partner,Prioritise,0.0,MONITOR,0.0,0,0,0,0.00,0.0,NO_VERIFIED_CATALOGUE_MATCH,0,,0.0,NONE,0,0.0,,0.0,MONITOR,No strong commercial signal yet.,Keep on watchlist; revisit when new procurement demand or catalogue-fit evidence appears.,,
acct_35623a35b002,DEPT OF CHILDREN SERVICES TURKANA COUNTY,org_440a305358b5,Kenya,Implementing Partner,Prioritise,0.0,MONITOR,0.0,0,0,0,0.00,0.0,NO_VERIFIED_CATALOGUE_MATCH,0,,0.0,NONE,0,0.0,,0.0,MONITOR,No strong commercial signal yet.,Keep on watchlist; revisit when new procurement demand or catalogue-fit evidence appears.,,
acct_7bd8581a57fa,DEPT OF ENVIRONMENTAL HEALTH,org_b44a0de2b177,Kenya,Implementing Partner,Prioritise,0.0,MONITOR,0.0,0,0,0,0.00,0.0,NO_VERIFIED_CATALOGUE_MATCH,0,,0.0,NONE,0,0.0,,0.0,MONITOR,No strong commercial signal yet.,Keep on watchlist; revisit when new procurement demand or catalogue-fit evidence appears.,,
acct_f7cc9e86c9c8,DEPT OF HEALTH AND SANITATION,org_9cbfc84d2851,Kenya,Implementing Partner,Prioritise,0.0,MONITOR,0.0,0,0,0,0.00,0.0,NO_VERIFIED_CATALOGUE_MATCH,0,,0.0,NONE,0,0.0,,0.0,MONITOR,No strong commercial signal yet.,Keep on watchlist; revisit when new procurement demand or catalogue-fit evidence appears.,,
acct_b1b8ab410be6,DEPT OF HEALTH NAKURU COUNTY,org_469ad37d1bd4,Kenya,Implementing Partner,Prioritise,0.0,MONITOR,0.0,0,0,0,0.00,0.0,NO_VERIFIED_CATALOGUE_MATCH,0,,0.0,NONE,0,0.0,,0.0,MONITOR,No strong commercial signal yet.,Keep on watchlist; revisit when new procurement demand or catalogue-fit evidence appears.,,
acct_843aedc5f304,DEPT OF HEALTH SERVICES BARINGO,org_d075c834797a,Kenya,Implementing Partner,Prioritise,0.0,MONITOR,0.0,0,0,0,0.00,0.0,NO_VERIFIED_CATALOGUE_MATCH,0,,0.0,NONE,0,0.0,,0.0,MONITOR,No strong commercial signal yet.,Keep on watchlist; revisit when new procurement demand or catalogue-fit evidence appears.,,
acct_f2217d5af0db,"Deutsche Gesellschaft f?r Internationale Zusammenarbeit (GIZ), Germany",org_2eae16b3d65e,Democratic Republic of the Congo,Donor,Prioritise,0.0,MONITOR,0.0,0,0,0,0.00,0.0,NO_VERIFIED_CATALOGUE_MATCH,0,,0.0,NONE,0,0.0,,0.0,MONITOR,No strong commercial signal yet.,Keep on watchlist; revisit when new procurement demand or catalogue-fit evidence appears.,,
acct_a191e95ac263,Deutsche Gesellschaft für Internationale Zusammenarbeit (GIZ) GmbH,org_58db937a32bd,Rwanda; Tanzania; Ethiopia; South Sudan,Donor,Prioritise,0.0,MONITOR,0.0,0,0,0,0.00,0.0,NO_VERIFIED_CATALOGUE_MATCH,0,,0.0,NONE,0,0.0,,0.0,MONITOR,No strong commercial signal yet.,Keep on watchlist; revisit when new procurement demand or catalogue-fit evidence appears.,,
acct_204c7e8a0f65,Deutsche Welthungerhilfe e.V.,org_6af3d897abd7,Ethiopia; Kenya; Uganda,Implementing Partner,Prioritise,0.0,MONITOR,0.0,0,0,0,0.00,0.0,NO_VERIFIED_CATALOGUE_MATCH,0,,0.0,NONE,0,0.0,,0.0,MONITOR,No strong commercial signal yet.,Keep on watchlist; revisit when new procurement demand or catalogue-fit evidence appears.,,
acct_23828ac9c786,Deutsche Welthungerhilfe e.v (WHH),org_c55b35941ff0,Ethiopia,Implementing Partner,Qualify,0.0,MONITOR,0.0,0,0,0,0.00,0.0,NO_VERIFIED_CATALOGUE_MATCH,0,,0.0,NONE,0,0.0,,0.0,MONITOR,No strong commercial signal yet.,Keep on watchlist; revisit when new procurement demand or catalogue-fit evidence appears.,,
acct_9fed237e5c69,Deutsches Blindenhilfswerk,org_178a10c1d5f7,Kenya,Implementing Partner,Prioritise,0.0,MONITOR,0.0,0,0,0,0.00,0.0,NO_VERIFIED_CATALOGUE_MATCH,0,,0.0,NONE,0,0.0,,0.0,MONITOR,No strong commercial signal yet.,Keep on watchlist; revisit when new procurement demand or catalogue-fit evidence appears.,,
acct_1f24162d93ef,Deutsches Medikamenten-Hilfswerk action medeor e.V.,org_7afa82a7ce79,Democratic Republic of the Congo; Tanzania,Implementing Partner,Prioritise,0.0,MONITOR,0.0,0,0,0,0.00,0.0,NO_VERIFIED_CATALOGUE_MATCH,0,,0.0,NONE,0,0.0,,0.0,MONITOR,No strong commercial signal yet.,Keep on watchlist; revisit when new procurement demand or catalogue-fit evidence appears.,,
acct_7caaf7c970c7,Deutsches Medikamentenhilfswerk – action medeor e.V.,org_91f880b7dfcc,Democratic Republic of the Congo,Accountable Agency,Prioritise,0.0,MONITOR,0.0,0,0,0,0.00,0.0,NO_VERIFIED_CATALOGUE_MATCH,0,,0.0,NONE,0,0.0,,0.0,MONITOR,No strong commercial signal yet.,Keep on watchlist; revisit when new procurement demand or catalogue-fit evidence appears.,,
acct_fc95343a6c36,"Development Gateway, Inc.",org_e452f039651a,ZA; Democratic Republic of the Congo; Ethiopia; Kenya; NG; ZM,Implementing Partner,Prioritise,0.0,MONITOR,0.0,0,0,0,0.00,0.0,NO_VERIFIED_CATALOGUE_MATCH,0,,0.0,NONE,0,0.0,,0.0,MONITOR,No strong commercial signal yet.,Keep on watchlist; revisit when new procurement demand or catalogue-fit evidence appears.,,
acct_d0cfe3310e1e,Development Initiatives Poverty Research,org_69ad54ea2feb,Kenya; KH; NG; Somalia; ZA; VN; ZW; IN; Rwanda; GH; SY; TL; IQ; EG; YE; TH; MW; MY; PH; PK; JO; BD; Ethiopia; MM; South Sudan; Democratic Republic of the Congo; ID; NP; TN; Tanzania,Implementing Partner,Qualify,0.0,MONITOR,0.0,0,0,0,0.00,0.0,NO_VERIFIED_CATALOGUE_MATCH,0,,0.0,NONE,0,0.0,,0.0,MONITOR,No strong commercial signal yet.,Keep on watchlist; revisit when new procurement demand or catalogue-fit evidence appears.,,
acct_1b7f0264e6b6,Development Media International Associates CIC,org_ab175b9d1d5a,BI; Ethiopia; MW; MZ; PK; Rwanda; South Sudan; SD; Tanzania; Uganda; ZM; AF; BG; MG; Somalia; ZW,Implementing Partner,Research,0.0,MONITOR,0.0,0,0,0,0.00,0.0,NO_VERIFIED_CATALOGUE_MATCH,0,,0.0,NONE,0,0.0,,0.0,MONITOR,No strong commercial signal yet.,Keep on watchlist; revisit when new procurement demand or catalogue-fit evidence appears.,,
acct_cb063a9050ea,DFID,org_1cb7b09f6b01,Democratic Republic of the Congo; Ethiopia; Kenya,Donor,Qualify,0.0,MONITOR,0.0,0,0,0,0.00,0.0,NO_VERIFIED_CATALOGUE_MATCH,0,,0.0,NONE,0,0.0,,0.0,MONITOR,No strong commercial signal yet.,Keep on watchlist; revisit when new procurement demand or catalogue-fit evidence appears.,,
acct_cb063a9050ea,DFID,org_1cb7b09f6b01,Uganda,Donor,Qualify,0.0,MONITOR,0.0,0,0,0,0.00,0.0,NO_VERIFIED_CATALOGUE_MATCH,0,,0.0,NONE,0,0.0,,0.0,MONITOR,No strong commercial signal yet.,Keep on watchlist; revisit when new procurement demand or catalogue-fit evidence appears.,,
acct_d98fc22a85aa,DFID,org_0c47842d162a,Kenya; Uganda; Ethiopia; South Sudan; Rwanda; GB,Donor,Qualify,0.0,MONITOR,0.0,0,0,0,0.00,0.0,NO_VERIFIED_CATALOGUE_MATCH,0,,0.0,NONE,0,0.0,,0.0,MONITOR,No strong commercial signal yet.,Keep on watchlist; revisit when new procurement demand or catalogue-fit evidence appears.,,
acct_cfb447b4b798,DFID GPAF,org_570b3ee4c1c0,Ethiopia,Donor,Qualify,0.0,MONITOR,0.0,0,0,0,0.00,0.0,NO_VERIFIED_CATALOGUE_MATCH,0,,0.0,NONE,0,0.0,,0.0,MONITOR,No strong commercial signal yet.,Keep on watchlist; revisit when new procurement demand or catalogue-fit evidence appears.,,
acct_af77e7c4a9fa,Digital Campus,org_2a1da416d846,Ethiopia,Accountable Agency,Qualify,0.0,MONITOR,0.0,0,0,0,0.00,0.0,NO_VERIFIED_CATALOGUE_MATCH,0,,0.0,NONE,0,0.0,,0.0,MONITOR,No strong commercial signal yet.,Keep on watchlist; revisit when new procurement demand or catalogue-fit evidence appears.,,
acct_e32fe50a1947,Digni,org_312d69ff8efd,Democratic Republic of the Congo; Uganda; Ethiopia; Kenya,Implementing Partner,Qualify,0.0,MONITOR,0.0,0,0,0,0.00,0.0,NO_VERIFIED_CATALOGUE_MATCH,0,,0.0,NONE,0,0.0,,0.0,MONITOR,No strong commercial signal yet.,Keep on watchlist; revisit when new procurement demand or catalogue-fit evidence appears.,,
acct_58e9d4648e1d,Dignity Period,org_d9d26e6530ad,Ethiopia,Implementing Partner,Research,0.0,MONITOR,0.0,0,0,0,0.00,0.0,NO_VERIFIED_CATALOGUE_MATCH,0,,0.0,NONE,0,0.0,,0.0,MONITOR,No strong commercial signal yet.,Keep on watchlist; revisit when new procurement demand or catalogue-fit evidence appears.,,
acct_74c542598c1d,DIRE DAWA ADMINISTRATION AGRICULTURE WATER MINE AND ENERGY,org_cc1a5a3649d2,Ethiopia,Implementing Partner,Prioritise,0.0,MONITOR,0.0,0,0,0,0.00,0.0,NO_VERIFIED_CATALOGUE_MATCH,0,,0.0,NONE,0,0.0,,0.0,MONITOR,No strong commercial signal yet.,Keep on watchlist; revisit when new procurement demand or catalogue-fit evidence appears.,,
acct_a9b4f438aebf,DIRE DAWA ADMINISTRATION BUREAU OF HEALTH,org_dddca0a48071,Ethiopia,Implementing Partner,Prioritise,0.0,MONITOR,0.0,0,0,0,0.00,0.0,NO_VERIFIED_CATALOGUE_MATCH,0,,0.0,NONE,0,0.0,,0.0,MONITOR,No strong commercial signal yet.,Keep on watchlist; revisit when new procurement demand or catalogue-fit evidence appears.,,
acct_32b32c7b5ef1,Direction-Générale Coopération au Développement et Aide humanitaire,org_1db9a333c7f8,Democratic Republic of the Congo; Uganda; Somalia; South Sudan; Ethiopia; Kenya; Tanzania; Rwanda,Donor,Prioritise,0.0,MONITOR,0.0,0,0,0,0.00,0.0,NO_VERIFIED_CATALOGUE_MATCH,0,,0.0,NONE,0,0.0,,0.0,MONITOR,No strong commercial signal yet.,Keep on watchlist; revisit when new procurement demand or catalogue-fit evidence appears.,,
acct_d69547894103,DIRECTION GENERALE DE LUTTE CONTRE LA MALADIE,org_57a6b7598023,Democratic Republic of the Congo,Implementing Partner,Prioritise,0.0,MONITOR,0.0,0,0,0,0.00,0.0,NO_VERIFIED_CATALOGUE_MATCH,0,,0.0,NONE,0,0.0,,0.0,MONITOR,No strong commercial signal yet.,Keep on watchlist; revisit when new procurement demand or catalogue-fit evidence appears.,,
acct_3d2d06c2fc98,DIRECTION INTERVENTIONS SOCIALES POUR LA PROTECTION DE L ENFANT,org_cbccf21cfd22,Democratic Republic of the Congo,Implementing Partner,Prioritise,0.0,MONITOR,0.0,0,0,0,0.00,0.0,NO_VERIFIED_CATALOGUE_MATCH,0,,0.0,NONE,0,0.0,,0.0,MONITOR,No strong commercial signal yet.,Keep on watchlist; revisit when new procurement demand or catalogue-fit evidence appears.,,
acct_503a72164e5a,Direction Provinciale de la Santé du Sud Kivu,org_9c10540f4d23,Democratic Republic of the Congo,Implementing Partner,Qualify,0.0,MONITOR,0.0,0,0,0,0.00,0.0,NO_VERIFIED_CATALOGUE_MATCH,0,,0.0,NONE,0,0.0,,0.0,MONITOR,No strong commercial signal yet.,Keep on watchlist; revisit when new procurement demand or catalogue-fit evidence appears.,,
acct_9268da50cc94,DIRECTION PROVINCIALE EPST KASAI 1,org_538c96aa2656,Democratic Republic of the Congo,Implementing Partner,Prioritise,0.0,MONITOR,0.0,0,0,0,0.00,0.0,NO_VERIFIED_CATALOGUE_MATCH,0,,0.0,NONE,0,0.0,,0.0,MONITOR,No strong commercial signal yet.,Keep on watchlist; revisit when new procurement demand or catalogue-fit evidence appears.,,
acct_f2293b85faf1,DIRECTION SURVEILLANCE EPIDEMIOLOGIQUE,org_491023d41559,Democratic Republic of the Congo,Implementing Partner,Prioritise,0.0,MONITOR,0.0,0,0,0,0.00,0.0,NO_VERIFIED_CATALOGUE_MATCH,0,,0.0,NONE,0,0.0,,0.0,MONITOR,No strong commercial signal yet.,Keep on watchlist; revisit when new procurement demand or catalogue-fit evidence appears.,,
acct_30703bca2ac5,"Directorate-General for International Partnerships (INTPA), European Commission",org_b346140f70ce,Tanzania; Democratic Republic of the Congo; Uganda; Rwanda; Somalia; Ethiopia; South Sudan,Donor,Prioritise,0.0,MONITOR,0.0,0,0,0,0.00,0.0,NO_VERIFIED_CATALOGUE_MATCH,0,,0.0,NONE,0,0.0,,0.0,MONITOR,No strong commercial signal yet.,Keep on watchlist; revisit when new procurement demand or catalogue-fit evidence appears.,,
acct_a2f19083adee,Disasters Emergency Committee,org_689bee950548,Somalia; YE; South Sudan,Donor,Qualify,0.0,MONITOR,0.0,0,0,0,0.00,0.0,NO_VERIFIED_CATALOGUE_MATCH,0,,0.0,NONE,0,0.0,,0.0,MONITOR,No strong commercial signal yet.,Keep on watchlist; revisit when new procurement demand or catalogue-fit evidence appears.,,
acct_d8caf0fd3d45,Discovery Learning Alliance,org_f60b04fe4196,Kenya; ZW; Uganda; Democratic Republic of the Congo; Ethiopia; GH; MZ; NP; NG; Rwanda; SL; Tanzania; ZM,Implementing Partner,Qualify,0.0,MONITOR,0.0,0,0,0,0.00,0.0,NO_VERIFIED_CATALOGUE_MATCH,0,,0.0,NONE,0,0.0,,0.0,MONITOR,No strong commercial signal yet.,Keep on watchlist; revisit when new procurement demand or catalogue-fit evidence appears.,,
acct_191c542b0e64,DIV PLAN KASAI OCC,org_201c135b3f3f,Democratic Republic of the Congo,Implementing Partner,Prioritise,0.0,MONITOR,0.0,0,0,0,0.00,0.0,NO_VERIFIED_CATALOGUE_MATCH,0,,0.0,NONE,0,0.0,,0.0,MONITOR,No strong commercial signal yet.,Keep on watchlist; revisit when new procurement demand or catalogue-fit evidence appears.,,
acct_d18ddd4d62e7,DIV PROV A LA CONDIFFA KATANGA,org_79fe3feea10c,Democratic Republic of the Congo,Implementing Partner,Prioritise,0.0,MONITOR,0.0,0,0,0,0.00,0.0,NO_VERIFIED_CATALOGUE_MATCH,0,,0.0,NONE,0,0.0,,0.0,MONITOR,No strong commercial signal yet.,Keep on watchlist; revisit when new procurement demand or catalogue-fit evidence appears.,,
acct_04ce6a4599a9,DIV PROV EPS INC BAS UELE,org_7263f4248747,Democratic Republic of the Congo,Implementing Partner,Prioritise,0.0,MONITOR,0.0,0,0,0,0.00,0.0,NO_VERIFIED_CATALOGUE_MATCH,0,,0.0,NONE,0,0.0,,0.0,MONITOR,No strong commercial signal yet.,Keep on watchlist; revisit when new procurement demand or catalogue-fit evidence appears.,,
acct_4ef6b5c1cb7d,DIVINTER DIVISION PROVINCIALE DE L INTERIEURE KALEMIE,org_085ba952c8b3,Democratic Republic of the Congo,Implementing Partner,Prioritise,0.0,MONITOR,0.0,0,0,0,0.00,0.0,NO_VERIFIED_CATALOGUE_MATCH,0,,0.0,NONE,0,0.0,,0.0,MONITOR,No strong commercial signal yet.,Keep on watchlist; revisit when new procurement demand or catalogue-fit evidence appears.,,
acct_98e2120ee90b,DIVISION DES AFFAIRES SOCIALES DE LITURI,org_2573034b8f32,Democratic Republic of the Congo,Implementing Partner,Prioritise,0.0,MONITOR,0.0,0,0,0,0.00,0.0,NO_VERIFIED_CATALOGUE_MATCH,0,,0.0,NONE,0,0.0,,0.0,MONITOR,No strong commercial signal yet.,Keep on watchlist; revisit when new procurement demand or catalogue-fit evidence appears.,,
acct_3b1aa3ffb3df,DIVISION PROV AFFAIRES SOCIALES KATANGA,org_2b25b5acd8a8,Democratic Republic of the Congo,Implementing Partner,Prioritise,0.0,MONITOR,0.0,0,0,0,0.00,0.0,NO_VERIFIED_CATALOGUE_MATCH,0,,0.0,NONE,0,0.0,,0.0,MONITOR,No strong commercial signal yet.,Keep on watchlist; revisit when new procurement demand or catalogue-fit evidence appears.,,
acct_317c0b0a59be,DIVISION PROV COMMUNICATION ET MEDIAS MANIEMA,org_2e6c4f514623,Democratic Republic of the Congo,Implementing Partner,Prioritise,0.0,MONITOR,0.0,0,0,0,0.00,0.0,NO_VERIFIED_CATALOGUE_MATCH,0,,0.0,NONE,0,0.0,,0.0,MONITOR,No strong commercial signal yet.,Keep on watchlist; revisit when new procurement demand or catalogue-fit evidence appears.,,
acct_079f2045745d,DIVISION PROV DE LA JEUNESSE ET DE SPORT MBANDAKA,org_d3dbd8974225,Democratic Republic of the Congo,Implementing Partner,Prioritise,0.0,MONITOR,0.0,0,0,0,0.00,0.0,NO_VERIFIED_CATALOGUE_MATCH,0,,0.0,NONE,0,0.0,,0.0,MONITOR,No strong commercial signal yet.,Keep on watchlist; revisit when new procurement demand or catalogue-fit evidence appears.,,
acct_e640ce94984f,DIVISION PROV DE LA JEUNESSE TSHOPO,org_0dd82611e7a5,Democratic Republic of the Congo,Implementing Partner,Prioritise,0.0,MONITOR,0.0,0,0,0,0.00,0.0,NO_VERIFIED_CATALOGUE_MATCH,0,,0.0,NONE,0,0.0,,0.0,MONITOR,No strong commercial signal yet.,Keep on watchlist; revisit when new procurement demand or catalogue-fit evidence appears.,,
acct_90b5c6e7d9c7,DIVISION PROV DE LA JUSTICE KANANGA,org_e20cc76e2288,Democratic Republic of the Congo,Implementing Partner,Prioritise,0.0,MONITOR,0.0,0,0,0,0.00,0.0,NO_VERIFIED_CATALOGUE_MATCH,0,,0.0,NONE,0,0.0,,0.0,MONITOR,No strong commercial signal yet.,Keep on watchlist; revisit when new procurement demand or catalogue-fit evidence appears.,,
acct_47b9494a09ec,DIVISION PROV DE LA SANTE KWANGO,org_8ca4968fedbc,Democratic Republic of the Congo,Implementing Partner,Prioritise,0.0,MONITOR,0.0,0,0,0,0.00,0.0,NO_VERIFIED_CATALOGUE_MATCH,0,,0.0,NONE,0,0.0,,0.0,MONITOR,No strong commercial signal yet.,Keep on watchlist; revisit when new procurement demand or catalogue-fit evidence appears.,,
acct_7a9c6a7d520f,DIVISION PROV DES PRESSES ET MEDIA TSHIKAPA,org_f579e9ba7cd9,Democratic Republic of the Congo,Implementing Partner,Prioritise,0.0,MONITOR,0.0,0,0,0,0.00,0.0,NO_VERIFIED_CATALOGUE_MATCH,0,,0.0,NONE,0,0.0,,0.0,MONITOR,No strong commercial signal yet.,Keep on watchlist; revisit when new procurement demand or catalogue-fit evidence appears.,,
acct_623ab2a0bd22,DIVISION PROV JEUNESSE ITURI,org_14e93c6479dc,Democratic Republic of the Congo,Implementing Partner,Prioritise,0.0,MONITOR,0.0,0,0,0,0.00,0.0,NO_VERIFIED_CATALOGUE_MATCH,0,,0.0,NONE,0,0.0,,0.0,MONITOR,No strong commercial signal yet.,Keep on watchlist; revisit when new procurement demand or catalogue-fit evidence appears.,,
acct_94deb07aed32,DIVISION PROV PLAN KATANGA,org_ccfed3e7b2f0,Democratic Republic of the Congo,Implementing Partner,Prioritise,0.0,MONITOR,0.0,0,0,0,0.00,0.0,NO_VERIFIED_CATALOGUE_MATCH,0,,0.0,NONE,0,0.0,,0.0,MONITOR,No strong commercial signal yet.,Keep on watchlist; revisit when new procurement demand or catalogue-fit evidence appears.,,
acct_014d794a8029,DIVISION PROVINCIAL SANTE TSHOPO,org_62824ad80c99,Democratic Republic of the Congo,Implementing Partner,Prioritise,0.0,MONITOR,0.0,0,0,0,0.00,0.0,NO_VERIFIED_CATALOGUE_MATCH,0,,0.0,NONE,0,0.0,,0.0,MONITOR,No strong commercial signal yet.,Keep on watchlist; revisit when new procurement demand or catalogue-fit evidence appears.,,
acct_dbb9e11d7fbe,DIVISION PROVINCIALE DE GENRE ENFANT ET FAMILLE NORD UBANGI,org_7fa8eb4f4b52,Democratic Republic of the Congo,Implementing Partner,Prioritise,0.0,MONITOR,0.0,0,0,0,0.00,0.0,NO_VERIFIED_CATALOGUE_MATCH,0,,0.0,NONE,0,0.0,,0.0,MONITOR,No strong commercial signal yet.,Keep on watchlist; revisit when new procurement demand or catalogue-fit evidence appears.,,
acct_b137f136ab9e,DIVISION PROVINCIALE DE L EPSP TANGANYIKA,org_cfd5afcd25a3,Democratic Republic of the Congo,Implementing Partner,Prioritise,0.0,MONITOR,0.0,0,0,0,0.00,0.0,NO_VERIFIED_CATALOGUE_MATCH,0,,0.0,NONE,0,0.0,,0.0,MONITOR,No strong commercial signal yet.,Keep on watchlist; revisit when new procurement demand or catalogue-fit evidence appears.,,
acct_1a1e52622e38,DIVISION PROVINCIALE DE LA COMMUNICATION ET DES MEDIAS DU KONGO CENTRAL,org_5cddbd57a4b5,Democratic Republic of the Congo,Implementing Partner,Prioritise,0.0,MONITOR,0.0,0,0,0,0.00,0.0,NO_VERIFIED_CATALOGUE_MATCH,0,,0.0,NONE,0,0.0,,0.0,MONITOR,No strong commercial signal yet.,Keep on watchlist; revisit when new procurement demand or catalogue-fit evidence appears.,,
acct_c82215d59ad8,DIVISION PROVINCIALE DE LA COMMUNICATION ET MEDIAS HAUT KATANGA,org_0b0563aa7e1c,Democratic Republic of the Congo,Implementing Partner,Prioritise,0.0,MONITOR,0.0,0,0,0,0.00,0.0,NO_VERIFIED_CATALOGUE_MATCH,0,,0.0,NONE,0,0.0,,0.0,MONITOR,No strong commercial signal yet.,Keep on watchlist; revisit when new procurement demand or catalogue-fit evidence appears.,,
acct_3248398e53c6,DIVISION PROVINCIALE DE LA JEUNESSE DU TANGANYIKA,org_35e6162e1585,Democratic Republic of the Congo,Implementing Partner,Prioritise,0.0,MONITOR,0.0,0,0,0,0.00,0.0,NO_VERIFIED_CATALOGUE_MATCH,0,,0.0,NONE,0,0.0,,0.0,MONITOR,No strong commercial signal yet.,Keep on watchlist; revisit when new procurement demand or catalogue-fit evidence appears.,,
acct_48622aa65830,DIVISION PROVINCIALE DE LA JEUNESSE HAUT KATANGA,org_0bd1c3bdc831,Democratic Republic of the Congo,Implementing Partner,Prioritise,0.0,MONITOR,0.0,0,0,0,0.00,0.0,NO_VERIFIED_CATALOGUE_MATCH,0,,0.0,NONE,0,0.0,,0.0,MONITOR,No strong commercial signal yet.,Keep on watchlist; revisit when new procurement demand or catalogue-fit evidence appears.,,
acct_96e6ba15ca90,Division provinciale de la santé du Nord-Kivu,org_ed531393b3f3,Democratic Republic of the Congo,Implementing Partner,Qualify,0.0,MONITOR,0.0,0,0,0,0.00,0.0,NO_VERIFIED_CATALOGUE_MATCH,0,,0.0,NONE,0,0.0,,0.0,MONITOR,No strong commercial signal yet.,Keep on watchlist; revisit when new procurement demand or catalogue-fit evidence appears.,,
acct_10b01a1765b0,DIVISION PROVINCIALE DE LA SANTE DE HAUT UELE,org_550ef697ba37,Democratic Republic of the Congo,Implementing Partner,Prioritise,0.0,MONITOR,0.0,0,0,0,0.00,0.0,NO_VERIFIED_CATALOGUE_MATCH,0,,0.0,NONE,0,0.0,,0.0,MONITOR,No strong commercial signal yet.,Keep on watchlist; revisit when new procurement demand or catalogue-fit evidence appears.,,
acct_6f5fccda3650,DIVISION PROVINCIALE DE LA SANTE DPS KINSHASA,org_77ed1422602a,Democratic Republic of the Congo,Implementing Partner,Prioritise,0.0,MONITOR,0.0,0,0,0,0.00,0.0,NO_VERIFIED_CATALOGUE_MATCH,0,,0.0,NONE,0,0.0,,0.0,MONITOR,No strong commercial signal yet.,Keep on watchlist; revisit when new procurement demand or catalogue-fit evidence appears.,,
acct_2712fda4bc7e,DIVISION PROVINCIALE DE LA SANTE DU KASAI,org_7fe16aaa0f61,Democratic Republic of the Congo,Implementing Partner,Prioritise,0.0,MONITOR,0.0,0,0,0,0.00,0.0,NO_VERIFIED_CATALOGUE_MATCH,0,,0.0,NONE,0,0.0,,0.0,MONITOR,No strong commercial signal yet.,Keep on watchlist; revisit when new procurement demand or catalogue-fit evidence appears.,,
acct_89230f095546,DIVISION PROVINCIALE DE LA SANTE DU KONGO CENTRAL,org_c08f6d4f0524,Democratic Republic of the Congo,Implementing Partner,Prioritise,0.0,MONITOR,0.0,0,0,0,0.00,0.0,NO_VERIFIED_CATALOGUE_MATCH,0,,0.0,NONE,0,0.0,,0.0,MONITOR,No strong commercial signal yet.,Keep on watchlist; revisit when new procurement demand or catalogue-fit evidence appears.,,
acct_96e6ba15ca90,DIVISION PROVINCIALE DE LA SANTE DU NORD KIVU,org_ed531393b3f3,Democratic Republic of the Congo,Implementing Partner,Prioritise,0.0,MONITOR,0.0,0,0,0,0.00,0.0,NO_VERIFIED_CATALOGUE_MATCH,0,,0.0,NONE,0,0.0,,0.0,MONITOR,No strong commercial signal yet.,Keep on watchlist; revisit when new procurement demand or catalogue-fit evidence appears.,,
acct_a3a85f5a94c9,DIVISION PROVINCIALE DE LA SANTE DU NORD UBANGI,org_0e97fe95089d,Democratic Republic of the Congo,Implementing Partner,Prioritise,0.0,MONITOR,0.0,0,0,0,0.00,0.0,NO_VERIFIED_CATALOGUE_MATCH,0,,0.0,NONE,0,0.0,,0.0,MONITOR,No strong commercial signal yet.,Keep on watchlist; revisit when new procurement demand or catalogue-fit evidence appears.,,
acct_06ded4decab5,DIVISION PROVINCIALE DE LA SANTE DU SUD UBANGI,org_5043d80bee75,Democratic Republic of the Congo,Implementing Partner,Prioritise,0.0,MONITOR,0.0,0,0,0,0.00,0.0,NO_VERIFIED_CATALOGUE_MATCH,0,,0.0,NONE,0,0.0,,0.0,MONITOR,No strong commercial signal yet.,Keep on watchlist; revisit when new procurement demand or catalogue-fit evidence appears.,,
acct_6eaa5043a8f3,DIVISION PROVINCIALE DE LA SANTE KASAI ORIENTAL,org_19e35ce52d1e,Democratic Republic of the Congo,Implementing Partner,Prioritise,0.0,MONITOR,0.0,0,0,0,0.00,0.0,NO_VERIFIED_CATALOGUE_MATCH,0,,0.0,NONE,0,0.0,,0.0,MONITOR,No strong commercial signal yet.,Keep on watchlist; revisit when new procurement demand or catalogue-fit evidence appears.,,
acct_e5cc500bcb79,DIVISION PROVINCIALE DE LA SANTE SUD KIVU,org_1d087f9a116f,Democratic Republic of the Congo,Implementing Partner,Prioritise,0.0,MONITOR,0.0,0,0,0,0.00,0.0,NO_VERIFIED_CATALOGUE_MATCH,0,,0.0,NONE,0,0.0,,0.0,MONITOR,No strong commercial signal yet.,Keep on watchlist; revisit when new procurement demand or catalogue-fit evidence appears.,,
acct_3d774e9a769b,DIVISION PROVINCIALE DU DEVELOPPEMENT RURAL TANGANYIKA,org_53c0fdf72733,Democratic Republic of the Congo,Implementing Partner,Prioritise,0.0,MONITOR,0.0,0,0,0,0.00,0.0,NO_VERIFIED_CATALOGUE_MATCH,0,,0.0,NONE,0,0.0,,0.0,MONITOR,No strong commercial signal yet.,Keep on watchlist; revisit when new procurement demand or catalogue-fit evidence appears.,,
acct_9df31d3a8ed4,DIVISION PROVINCIALE DU GENRE ET DE LA FAMILLE EQUATEUR,org_44cbb198beb9,Democratic Republic of the Congo,Implementing Partner,Prioritise,0.0,MONITOR,0.0,0,0,0,0.00,0.0,NO_VERIFIED_CATALOGUE_MATCH,0,,0.0,NONE,0,0.0,,0.0,MONITOR,No strong commercial signal yet.,Keep on watchlist; revisit when new procurement demand or catalogue-fit evidence appears.,,
acct_e19b38f9a602,DIVISION PROVINCIALE DU PLAN ITURI,org_523cf6781c24,Democratic Republic of the Congo,Implementing Partner,Qualify,0.0,MONITOR,0.0,0,0,0,0.00,0.0,NO_VERIFIED_CATALOGUE_MATCH,0,,0.0,NONE,0,0.0,,0.0,MONITOR,No strong commercial signal yet.,Keep on watchlist; revisit when new procurement demand or catalogue-fit evidence appears.,,
acct_91b82bd3b7ad,DIVISION PROVINCIALE SANTE BAS UELE,org_c419f36083be,Democratic Republic of the Congo,Implementing Partner,Prioritise,0.0,MONITOR,0.0,0,0,0,0.00,0.0,NO_VERIFIED_CATALOGUE_MATCH,0,,0.0,NONE,0,0.0,,0.0,MONITOR,No strong commercial signal yet.,Keep on watchlist; revisit when new procurement demand or catalogue-fit evidence appears.,,
acct_08ad51b284ba,DIVISION PROVINCIALE SANTE DE LA MONGALA,org_b382be297128,Democratic Republic of the Congo,Implementing Partner,Prioritise,0.0,MONITOR,0.0,0,0,0,0.00,0.0,NO_VERIFIED_CATALOGUE_MATCH,0,,0.0,NONE,0,0.0,,0.0,MONITOR,No strong commercial signal yet.,Keep on watchlist; revisit when new procurement demand or catalogue-fit evidence appears.,,
acct_218bc4df97ea,DIVISION PROVINCIALE SANTE EQUATEUR,org_e101fa9d43aa,Democratic Republic of the Congo,Implementing Partner,Prioritise,0.0,MONITOR,0.0,0,0,0,0.00,0.0,NO_VERIFIED_CATALOGUE_MATCH,0,,0.0,NONE,0,0.0,,0.0,MONITOR,No strong commercial signal yet.,Keep on watchlist; revisit when new procurement demand or catalogue-fit evidence appears.,,
acct_b77199f5ea7c,DIVISION PROVINCIALE SANTE KASAI CENTRAL,org_04c8f82478e6,Democratic Republic of the Congo,Implementing Partner,Prioritise,0.0,MONITOR,0.0,0,0,0,0.00,0.0,NO_VERIFIED_CATALOGUE_MATCH,0,,0.0,NONE,0,0.0,,0.0,MONITOR,No strong commercial signal yet.,Keep on watchlist; revisit when new procurement demand or catalogue-fit evidence appears.,,
acct_d248b49b1a65,DIVISION PROVINCIALE SANTE TANGANYIKA,org_ee75dba5acbb,Democratic Republic of the Congo,Implementing Partner,Prioritise,0.0,MONITOR,0.0,0,0,0,0.00,0.0,NO_VERIFIED_CATALOGUE_MATCH,0,,0.0,NONE,0,0.0,,0.0,MONITOR,No strong commercial signal yet.,Keep on watchlist; revisit when new procurement demand or catalogue-fit evidence appears.,,
acct_7c05f03451ab,DIVISION PROVINCIALE SANTE TSHUAPA,org_8c431f36eba1,Democratic Republic of the Congo,Implementing Partner,Prioritise,0.0,MONITOR,0.0,0,0,0,0.00,0.0,NO_VERIFIED_CATALOGUE_MATCH,0,,0.0,NONE,0,0.0,,0.0,MONITOR,No strong commercial signal yet.,Keep on watchlist; revisit when new procurement demand or catalogue-fit evidence appears.,,
acct_a83e7e1a6479,DIVISION PROVINCILAE EPSP KASAI CENTRAL EX DIVISION PROV EPSP KASAI OCC,org_2350a40f06cc,Democratic Republic of the Congo,Implementing Partner,Prioritise,0.0,MONITOR,0.0,0,0,0,0.00,0.0,NO_VERIFIED_CATALOGUE_MATCH,0,,0.0,NONE,0,0.0,,0.0,MONITOR,No strong commercial signal yet.,Keep on watchlist; revisit when new procurement demand or catalogue-fit evidence appears.,,
acct_c3010058c7e8,DIVISION URBAINE PROVINCIALE DU PLAN KINSHASA,org_79f93fdf38e6,Democratic Republic of the Congo,Implementing Partner,Prioritise,0.0,MONITOR,0.0,0,0,0,0.00,0.0,NO_VERIFIED_CATALOGUE_MATCH,0,,0.0,NONE,0,0.0,,0.0,MONITOR,No strong commercial signal yet.,Keep on watchlist; revisit when new procurement demand or catalogue-fit evidence appears.,,
acct_5e4c80b44873,DJF,org_5246223cb6fb,Democratic Republic of the Congo,Implementing Partner,Prioritise,0.0,MONITOR,0.0,0,0,0,0.00,0.0,NO_VERIFIED_CATALOGUE_MATCH,0,,0.0,NONE,0,0.0,,0.0,MONITOR,No strong commercial signal yet.,Keep on watchlist; revisit when new procurement demand or catalogue-fit evidence appears.,,
acct_47395672d6de,DKT Ethiopia,org_163cff0bb50f,Ethiopia,Implementing Partner,Prioritise,0.0,MONITOR,0.0,0,0,0,0.00,0.0,NO_VERIFIED_CATALOGUE_MATCH,0,,0.0,NONE,0,0.0,,0.0,MONITOR,No strong commercial signal yet.,Keep on watchlist; revisit when new procurement demand or catalogue-fit evidence appears.,,
acct_532d56caeb41,DOCTORS WITH AFRICA CUAMM,org_c049fb77d9f2,South Sudan,Implementing Partner,Prioritise,0.0,MONITOR,0.0,0,0,0,0.00,0.0,NO_VERIFIED_CATALOGUE_MATCH,0,,0.0,NONE,0,0.0,,0.0,MONITOR,No strong commercial signal yet.,Keep on watchlist; revisit when new procurement demand or catalogue-fit evidence appears.,,
acct_1f45fd37a1d5,Dodoma Regional Authority,org_38f964055cdb,Tanzania,Implementing Partner,Monitor,0.0,MONITOR,0.0,0,0,0,0.00,0.0,NO_VERIFIED_CATALOGUE_MATCH,0,,0.0,NONE,0,0.0,,0.0,MONITOR,No strong commercial signal yet.,Keep on watchlist; revisit when new procurement demand or catalogue-fit evidence appears.,,
acct_9ff5c5780216,donor country based NGO,org_56868d2a0fad,Somalia,Accountable Agency,Qualify,0.0,MONITOR,0.0,0,0,0,0.00,0.0,NO_VERIFIED_CATALOGUE_MATCH,0,,0.0,NONE,0,0.0,,0.0,MONITOR,No strong commercial signal yet.,Keep on watchlist; revisit when new procurement demand or catalogue-fit evidence appears.,,
acct_80046ed83082,Donor Pooled Fund (mixed donors),org_231964c5a956,Rwanda; South Sudan; Kenya; Ethiopia; Democratic Republic of the Congo,Donor,Prioritise,0.0,MONITOR,0.0,0,0,0,0.00,0.0,NO_VERIFIED_CATALOGUE_MATCH,0,,0.0,NONE,0,0.0,,0.0,MONITOR,No strong commercial signal yet.,Keep on watchlist; revisit when new procurement demand or catalogue-fit evidence appears.,,
acct_f446c4b22172,Dorcas Aid International,org_a6ce0653c5ac,South Sudan; Somalia,Implementing Partner,Prioritise,0.0,MONITOR,0.0,0,0,0,0.00,0.0,NO_VERIFIED_CATALOGUE_MATCH,0,,0.0,NONE,0,0.0,,0.0,MONITOR,No strong commercial signal yet.,Keep on watchlist; revisit when new procurement demand or catalogue-fit evidence appears.,,
acct_51949ab7e6c7,DOTASIA ORGANISATION LIMITED,org_b3ffc66f2d09,Kenya; BD; ID; Somalia; KH; ZA; Uganda; MY; NP; ZM; VN; Rwanda,Implementing Partner,Monitor,0.0,MONITOR,0.0,0,0,0,0.00,0.0,NO_VERIFIED_CATALOGUE_MATCH,0,,0.0,NONE,0,0.0,,0.0,MONITOR,No strong commercial signal yet.,Keep on watchlist; revisit when new procurement demand or catalogue-fit evidence appears.,,
acct_d592a4fac8f3,Douala General Hospital,org_d20c0f8e0401,Kenya; Rwanda; Uganda; Tanzania; CM; GB,Implementing Partner,Qualify,0.0,MONITOR,0.0,0,0,0,0.00,0.0,NO_VERIFIED_CATALOGUE_MATCH,0,,0.0,NONE,0,0.0,,0.0,MONITOR,No strong commercial signal yet.,Keep on watchlist; revisit when new procurement demand or catalogue-fit evidence appears.,,
acct_4366be508f81,"Douala General Hospital, Cameroon",org_cbbdfb152ce6,CM; Ethiopia; GH; Kenya; MW; NG; ZA; SD; Tanzania; Uganda; NZ; GB,Implementing Partner,Qualify,0.0,MONITOR,0.0,0,0,0,0.00,0.0,NO_VERIFIED_CATALOGUE_MATCH,0,,0.0,NONE,0,0.0,,0.0,MONITOR,No strong commercial signal yet.,Keep on watchlist; revisit when new procurement demand or catalogue-fit evidence appears.,,
acct_b2f7bef79684,DPS DU HAUT KATANGA INSPECTION MEDICALE PROV KATANGA,org_6bba5d3f13bb,Democratic Republic of the Congo,Implementing Partner,Prioritise,0.0,MONITOR,0.0,0,0,0,0.00,0.0,NO_VERIFIED_CATALOGUE_MATCH,0,,0.0,NONE,0,0.0,,0.0,MONITOR,No strong commercial signal yet.,Keep on watchlist; revisit when new procurement demand or catalogue-fit evidence appears.,,
acct_d3c8da452bec,DPS HAUT LOMAMI DIVISION PROVINCIALE DE LA SANTE,org_ccbac76660dd,Democratic Republic of the Congo,Implementing Partner,Prioritise,0.0,MONITOR,0.0,0,0,0,0.00,0.0,NO_VERIFIED_CATALOGUE_MATCH,0,,0.0,NONE,0,0.0,,0.0,MONITOR,No strong commercial signal yet.,Keep on watchlist; revisit when new procurement demand or catalogue-fit evidence appears.,,
acct_142dc8aa73cb,DPS ITURI DIVISION PROVINCIALE DE SANTE ITURI,org_4a91d46d56af,Democratic Republic of the Congo,Implementing Partner,Prioritise,0.0,MONITOR,0.0,0,0,0,0.00,0.0,NO_VERIFIED_CATALOGUE_MATCH,0,,0.0,NONE,0,0.0,,0.0,MONITOR,No strong commercial signal yet.,Keep on watchlist; revisit when new procurement demand or catalogue-fit evidence appears.,,
acct_0d55db622a73,DPS KWILU DIVISION PROVINCIALE DE LA SANTE,org_fd57468de67e,Democratic Republic of the Congo,Implementing Partner,Prioritise,0.0,MONITOR,0.0,0,0,0,0.00,0.0,NO_VERIFIED_CATALOGUE_MATCH,0,,0.0,NONE,0,0.0,,0.0,MONITOR,No strong commercial signal yet.,Keep on watchlist; revisit when new procurement demand or catalogue-fit evidence appears.,,
acct_636f93c6c6c7,DPS LOMAMI DIVISION PROVINCIALE DE SANTE LOMAMI,org_2ea1f1b3c395,Democratic Republic of the Congo,Implementing Partner,Prioritise,0.0,MONITOR,0.0,0,0,0,0.00,0.0,NO_VERIFIED_CATALOGUE_MATCH,0,,0.0,NONE,0,0.0,,0.0,MONITOR,No strong commercial signal yet.,Keep on watchlist; revisit when new procurement demand or catalogue-fit evidence appears.,,
acct_7714914bfc9a,DPS LUALABA DIVISION PROVINCIALE DE LA SANTE,org_b02f727d335d,Democratic Republic of the Congo,Implementing Partner,Prioritise,0.0,MONITOR,0.0,0,0,0,0.00,0.0,NO_VERIFIED_CATALOGUE_MATCH,0,,0.0,NONE,0,0.0,,0.0,MONITOR,No strong commercial signal yet.,Keep on watchlist; revisit when new procurement demand or catalogue-fit evidence appears.,,
acct_836c6b4fa395,DPS MAI NDOMBE DIVISION PROVINCIALE DE LA SANTE,org_7d08da61c063,Democratic Republic of the Congo,Implementing Partner,Prioritise,0.0,MONITOR,0.0,0,0,0,0.00,0.0,NO_VERIFIED_CATALOGUE_MATCH,0,,0.0,NONE,0,0.0,,0.0,MONITOR,No strong commercial signal yet.,Keep on watchlist; revisit when new procurement demand or catalogue-fit evidence appears.,,
acct_62b437ad2be8,DPS MANIEMA DIVISION PROVINCIALE DE LA SANTE,org_84c9b9cb4ac8,Democratic Republic of the Congo,Implementing Partner,Prioritise,0.0,MONITOR,0.0,0,0,0,0.00,0.0,NO_VERIFIED_CATALOGUE_MATCH,0,,0.0,NONE,0,0.0,,0.0,MONITOR,No strong commercial signal yet.,Keep on watchlist; revisit when new procurement demand or catalogue-fit evidence appears.,,
acct_df606837b1b8,DPS SANKURU DIVISION PROVINCIALE DE LA SANTE SANKURU,org_43d31647ce50,Democratic Republic of the Congo,Implementing Partner,Prioritise,0.0,MONITOR,0.0,0,0,0,0.00,0.0,NO_VERIFIED_CATALOGUE_MATCH,0,,0.0,NONE,0,0.0,,0.0,MONITOR,No strong commercial signal yet.,Keep on watchlist; revisit when new procurement demand or catalogue-fit evidence appears.,,
acct_6a16b2059071,Drugs for Neglected Diseases Initiative,org_a6a52c35073e,Democratic Republic of the Congo,Implementing Partner,Prioritise,0.0,MONITOR,0.0,0,0,0,0.00,0.0,NO_VERIFIED_CATALOGUE_MATCH,0,,0.0,NONE,0,0.0,,0.0,MONITOR,No strong commercial signal yet.,Keep on watchlist; revisit when new procurement demand or catalogue-fit evidence appears.,,
acct_6a16b2059071,Drugs for Neglected Diseases initiative,org_a6a52c35073e,BW; Democratic Republic of the Congo; GN; MW; MZ; ZA; VN,Implementing Partner,Prioritise,0.0,MONITOR,0.0,0,0,0,0.00,0.0,NO_VERIFIED_CATALOGUE_MATCH,0,,0.0,NONE,0,0.0,,0.0,MONITOR,No strong commercial signal yet.,Keep on watchlist; revisit when new procurement demand or catalogue-fit evidence appears.,,
acct_6a16b2059071,Drugs for Neglected Diseases initiative,org_a6a52c35073e,BR; Kenya; CO,Implementing Partner,Qualify,0.0,MONITOR,0.0,0,0,0,0.00,0.0,NO_VERIFIED_CATALOGUE_MATCH,0,,0.0,NONE,0,0.0,,0.0,MONITOR,No strong commercial signal yet.,Keep on watchlist; revisit when new procurement demand or catalogue-fit evidence appears.,,
acct_8269485b697e,Drugs for Neglected Diseases initiative (DNDi),org_1230c6cd1ee8,AR; BO; BR; Democratic Republic of the Congo; CO; Ethiopia; GH; GN; IN; Kenya; MW; PA; PE; SD; Uganda; ZA,Implementing Partner,Prioritise,0.0,MONITOR,0.0,0,0,0,0.00,0.0,NO_VERIFIED_CATALOGUE_MATCH,0,,0.0,NONE,0,0.0,,0.0,MONITOR,No strong commercial signal yet.,Keep on watchlist; revisit when new procurement demand or catalogue-fit evidence appears.,,
acct_ef89ea8e6cde,DT Global International Development UK Ltd,org_108a198835bb,IN; Kenya; Uganda; NG; Tanzania,Implementing Partner,Qualify,0.0,MONITOR,0.0,0,0,0,0.00,0.0,NO_VERIFIED_CATALOGUE_MATCH,0,,0.0,NONE,0,0.0,,0.0,MONITOR,No strong commercial signal yet.,Keep on watchlist; revisit when new procurement demand or catalogue-fit evidence appears.,,
acct_89b8edfe1a3c,Duke University,org_85c5750b483f,ZA; Kenya; SN,Implementing Partner,Qualify,0.0,MONITOR,0.0,0,0,0,0.00,0.0,NO_VERIFIED_CATALOGUE_MATCH,0,,0.0,NONE,0,0.0,,0.0,MONITOR,No strong commercial signal yet.,Keep on watchlist; revisit when new procurement demand or catalogue-fit evidence appears.,,
acct_a9ae1973c8e6,Dutch Ministry of Foreign Affairs,org_47b5405213fc,Uganda; Kenya; Ethiopia,Donor,Qualify,0.0,MONITOR,0.0,0,0,0,0.00,0.0,NO_VERIFIED_CATALOGUE_MATCH,0,,0.0,NONE,0,0.0,,0.0,MONITOR,No strong commercial signal yet.,Keep on watchlist; revisit when new procurement demand or catalogue-fit evidence appears.,,
acct_d4d29998e6d4,Dutch Relief Alliance,org_a0025f952056,Somalia,Donor,Qualify,0.0,MONITOR,0.0,0,0,0,0.00,0.0,NO_VERIFIED_CATALOGUE_MATCH,0,,0.0,NONE,0,0.0,,0.0,MONITOR,No strong commercial signal yet.,Keep on watchlist; revisit when new procurement demand or catalogue-fit evidence appears.,,
acct_7103488c6bb7,DYER AND BLAIR INVESTMENT BANK,org_a90d6d7cf8d3,MY; PH; Kenya; TH,Implementing Partner,Monitor,0.0,MONITOR,0.0,0,0,0,0.00,0.0,NO_VERIFIED_CATALOGUE_MATCH,0,,0.0,NONE,0,0.0,,0.0,MONITOR,No strong commercial signal yet.,Keep on watchlist; revisit when new procurement demand or catalogue-fit evidence appears.,,
acct_7fd600012117,DYNAMIC FOR EMERGENCY AND DEVELOPMENT INTERVENTIONS,org_35dc964eedaf,Democratic Republic of the Congo,Implementing Partner,Prioritise,0.0,MONITOR,0.0,0,0,0,0.00,0.0,NO_VERIFIED_CATALOGUE_MATCH,0,,0.0,NONE,0,0.0,,0.0,MONITOR,No strong commercial signal yet.,Keep on watchlist; revisit when new procurement demand or catalogue-fit evidence appears.,,
acct_96ffba194b75,Early Learning Partnership Multi Donor Trust Fund - Parallel Trust Fund of TF072402,org_249aa4a41aba,Rwanda; Ethiopia,Implementing Partner,Prioritise,0.0,MONITOR,0.0,0,0,0,0.00,0.0,NO_VERIFIED_CATALOGUE_MATCH,0,,0.0,NONE,0,0.0,,0.0,MONITOR,No strong commercial signal yet.,Keep on watchlist; revisit when new procurement demand or catalogue-fit evidence appears.,,
acct_d70b3beb455d,"Eastern Polytechnic Education Center, Sierra Leone",org_fec4201e50d2,GB; SL; Ethiopia; Uganda; NL; MG,Implementing Partner,Monitor,0.0,MONITOR,0.0,0,0,0,0.00,0.0,NO_VERIFIED_CATALOGUE_MATCH,0,,0.0,NONE,0,0.0,,0.0,MONITOR,No strong commercial signal yet.,Keep on watchlist; revisit when new procurement demand or catalogue-fit evidence appears.,,
acct_5928b98a106f,ECD Measure,org_e566e050aa60,BD; GH; KI; SL; Tanzania,Implementing Partner,Research,0.0,MONITOR,0.0,0,0,0,0.00,0.0,NO_VERIFIED_CATALOGUE_MATCH,0,,0.0,NONE,0,0.0,,0.0,MONITOR,No strong commercial signal yet.,Keep on watchlist; revisit when new procurement demand or catalogue-fit evidence appears.,,
acct_3b20f5134e17,ECOLE DE SANTE PUBLIQUE DE KINSHASA,org_1391dbf2c2f9,Democratic Republic of the Congo,Implementing Partner,Prioritise,0.0,MONITOR,0.0,0,0,0,0.00,0.0,NO_VERIFIED_CATALOGUE_MATCH,0,,0.0,NONE,0,0.0,,0.0,MONITOR,No strong commercial signal yet.,Keep on watchlist; revisit when new procurement demand or catalogue-fit evidence appears.,,
acct_b234449ed196,Econ Films Ltd.,org_9e9a9e70b6d3,BD; GH; KI; SL; Tanzania,Implementing Partner,Research,0.0,MONITOR,0.0,0,0,0,0.00,0.0,NO_VERIFIED_CATALOGUE_MATCH,0,,0.0,NONE,0,0.0,,0.0,MONITOR,No strong commercial signal yet.,Keep on watchlist; revisit when new procurement demand or catalogue-fit evidence appears.,,
acct_2c565eb95d99,ECONOMIC POLICY RESEARCH INSTITUTE LLC,org_fd35ee158b10,Kenya,Implementing Partner,Research,0.0,MONITOR,0.0,0,0,0,0.00,0.0,NO_VERIFIED_CATALOGUE_MATCH,0,,0.0,NONE,0,0.0,,0.0,MONITOR,No strong commercial signal yet.,Keep on watchlist; revisit when new procurement demand or catalogue-fit evidence appears.,,
acct_8c0d84e12fd9,Economic Research Forum,org_5348277a250a,Kenya; KH; NG; Somalia; ZA; VN; ZW; IN; Rwanda; GH; SY; TL; IQ; EG; YE; TH; MW; MY; PH; PK; JO; BD; Ethiopia; MM; South Sudan; Democratic Republic of the Congo; ID; NP; TN; Tanzania,Implementing Partner,Qualify,0.0,MONITOR,0.0,0,0,0,0.00,0.0,NO_VERIFIED_CATALOGUE_MATCH,0,,0.0,NONE,0,0.0,,0.0,MONITOR,No strong commercial signal yet.,Keep on watchlist; revisit when new procurement demand or catalogue-fit evidence appears.,,
acct_af907257cd33,ECSSS EDUCATION AND TRAINING,org_6477966d8b5f,South Sudan,Implementing Partner,Prioritise,0.0,MONITOR,0.0,0,0,0,0.00,0.0,NO_VERIFIED_CATALOGUE_MATCH,0,,0.0,NONE,0,0.0,,0.0,MONITOR,No strong commercial signal yet.,Keep on watchlist; revisit when new procurement demand or catalogue-fit evidence appears.,,
acct_ba6f04969dc5,EDSB STARTUP INSIGHTS LTD,org_d7c4bc80cda6,Kenya; KH; NG; Somalia; ZA; VN; ZW; IN; Rwanda; GH; SY; TL; IQ; EG; YE; TH; MW; MY; PH; PK; JO; BD; Ethiopia; MM; South Sudan; Democratic Republic of the Congo; ID; NP; TN; Tanzania,Implementing Partner,Qualify,0.0,MONITOR,0.0,0,0,0,0.00,0.0,NO_VERIFIED_CATALOGUE_MATCH,0,,0.0,NONE,0,0.0,,0.0,MONITOR,No strong commercial signal yet.,Keep on watchlist; revisit when new procurement demand or catalogue-fit evidence appears.,,
acct_aded3847ccf5,Education Cannot Wait,org_a9cbd3d4eb85,Uganda,Donor,Qualify,0.0,MONITOR,0.0,0,0,0,0.00,0.0,NO_VERIFIED_CATALOGUE_MATCH,0,,0.0,NONE,0,0.0,,0.0,MONITOR,No strong commercial signal yet.,Keep on watchlist; revisit when new procurement demand or catalogue-fit evidence appears.,,
acct_686d7c937ed3,Education Cannot Wait Fund,org_9811652e82a4,Democratic Republic of the Congo; Ethiopia,Donor,Prioritise,0.0,MONITOR,0.0,0,0,0,0.00,0.0,NO_VERIFIED_CATALOGUE_MATCH,0,,0.0,NONE,0,0.0,,0.0,MONITOR,No strong commercial signal yet.,Keep on watchlist; revisit when new procurement demand or catalogue-fit evidence appears.,,
acct_870af4fe8d2c,Education Development Trust,org_4f940a292e8d,Kenya; ZW; Uganda; Democratic Republic of the Congo; Ethiopia; GH; MZ; NP; NG; Rwanda; SL; Tanzania; ZM,Implementing Partner,Qualify,0.0,MONITOR,0.0,0,0,0,0.00,0.0,NO_VERIFIED_CATALOGUE_MATCH,0,,0.0,NONE,0,0.0,,0.0,MONITOR,No strong commercial signal yet.,Keep on watchlist; revisit when new procurement demand or catalogue-fit evidence appears.,,
acct_6b3a4a36d0c9,Education for Health Africa (EFHA),org_0de1c18cd692,CM; Ethiopia; GH; Kenya; MW; NG; ZA; SD; Tanzania; Uganda; NZ; GB,Implementing Partner,Qualify,0.0,MONITOR,0.0,0,0,0,0.00,0.0,NO_VERIFIED_CATALOGUE_MATCH,0,,0.0,NONE,0,0.0,,0.0,MONITOR,No strong commercial signal yet.,Keep on watchlist; revisit when new procurement demand or catalogue-fit evidence appears.,,
acct_e758f0c26135,EDUCATION FOUNDATION ORGANIZATION,org_99f5cd4b1811,South Sudan,Implementing Partner,Prioritise,0.0,MONITOR,0.0,0,0,0,0.00,0.0,NO_VERIFIED_CATALOGUE_MATCH,0,,0.0,NONE,0,0.0,,0.0,MONITOR,No strong commercial signal yet.,Keep on watchlist; revisit when new procurement demand or catalogue-fit evidence appears.,,
acct_3cc5bae81f9d,EECMY - Ethiopian Evangelical Church Mekane Yesus,org_4d347c6634a1,Ethiopia,Implementing Partner,Qualify,0.0,MONITOR,0.0,0,0,0,0.00,0.0,NO_VERIFIED_CATALOGUE_MATCH,0,,0.0,NONE,0,0.0,,0.0,MONITOR,No strong commercial signal yet.,Keep on watchlist; revisit when new procurement demand or catalogue-fit evidence appears.,,
acct_cceaa0940d3a,Effective Altruism Foundation,org_bc26a5e49f0e,BF; NG; GW; TD; MZ; TG; Uganda; GB; South Sudan,Donor,Qualify,0.0,MONITOR,0.0,0,0,0,0.00,0.0,NO_VERIFIED_CATALOGUE_MATCH,0,,0.0,NONE,0,0.0,,0.0,MONITOR,No strong commercial signal yet.,Keep on watchlist; revisit when new procurement demand or catalogue-fit evidence appears.,,
acct_418337a0b6b9,EGLISE DU CHRIST AU CONGO MINISTERE POUR LES REFUGIES ET LES,org_bdd514410d7f,Democratic Republic of the Congo,Implementing Partner,Prioritise,0.0,MONITOR,0.0,0,0,0,0.00,0.0,NO_VERIFIED_CATALOGUE_MATCH,0,,0.0,NONE,0,0.0,,0.0,MONITOR,No strong commercial signal yet.,Keep on watchlist; revisit when new procurement demand or catalogue-fit evidence appears.,,
acct_dced49339927,eHealth Africa,org_4969935b4c45,ZA; AO; CM; Democratic Republic of the Congo; Ethiopia; GH; CI; Kenya; MG; NG; ZW; SN; Uganda; ZM; TD; CG; NE; Somalia; Tanzania,Implementing Partner,Prioritise,0.0,MONITOR,0.0,0,0,0,0.00,0.0,NO_VERIFIED_CATALOGUE_MATCH,0,,0.0,NONE,0,0.0,,0.0,MONITOR,No strong commercial signal yet.,Keep on watchlist; revisit when new procurement demand or catalogue-fit evidence appears.,,
acct_4477ed1985ef,"EIKOS Verein für Entwicklung, Inklusion und Kommunikation mit Ost und Süd",org_f626481f14df,Uganda,Implementing Partner,Research,0.0,MONITOR,0.0,0,0,0,0.00,0.0,NO_VERIFIED_CATALOGUE_MATCH,0,,0.0,NONE,0,0.0,,0.0,MONITOR,No strong commercial signal yet.,Keep on watchlist; revisit when new procurement demand or catalogue-fit evidence appears.,,
acct_710cd04ff436,El Comite,org_b8cb1663ce27,MW; ID; CH; GH; CO; GB; SL; BE; FR; IN; Kenya; MN; US,Implementing Partner,Qualify,0.0,MONITOR,0.0,0,0,0,0.00,0.0,NO_VERIFIED_CATALOGUE_MATCH,0,,0.0,NONE,0,0.0,,0.0,MONITOR,No strong commercial signal yet.,Keep on watchlist; revisit when new procurement demand or catalogue-fit evidence appears.,,
acct_fc957fef36ef,ELDOHUB INNOVATIONS AND TECHNOLOGIES LTD,org_67569d6541ee,ZW; ZA; NG; BW; Rwanda; GH; Kenya; SL,Implementing Partner,Monitor,0.0,MONITOR,0.0,0,0,0,0.00,0.0,NO_VERIFIED_CATALOGUE_MATCH,0,,0.0,NONE,0,0.0,,0.0,MONITOR,No strong commercial signal yet.,Keep on watchlist; revisit when new procurement demand or catalogue-fit evidence appears.,,
acct_d3a2b55732da,Embassy of the Kingdome of the Netherlands in Rwanda,org_56b32fc07590,Rwanda,Donor,Qualify,0.0,MONITOR,0.0,0,0,0,0.00,0.0,NO_VERIFIED_CATALOGUE_MATCH,0,,0.0,NONE,0,0.0,,0.0,MONITOR,No strong commercial signal yet.,Keep on watchlist; revisit when new procurement demand or catalogue-fit evidence appears.,,
acct_f4632a36a742,EMERGENCY - LIFE SUPPORT FOR CIVILIAN WAR VICTIMS ONG/ON,org_56f9fec3a606,Uganda,Implementing Partner,Prioritise,0.0,MONITOR,0.0,0,0,0,0.00,0.0,NO_VERIFIED_CATALOGUE_MATCH,0,,0.0,NONE,0,0.0,,0.0,MONITOR,No strong commercial signal yet.,Keep on watchlist; revisit when new procurement demand or catalogue-fit evidence appears.,,
acct_4d6abdaeb9e8,EMMS International,org_9d87fe912b64,Rwanda,Implementing Partner,Monitor,0.0,MONITOR,0.0,0,0,0,0.00,0.0,NO_VERIFIED_CATALOGUE_MATCH,0,,0.0,NONE,0,0.0,,0.0,MONITOR,No strong commercial signal yet.,Keep on watchlist; revisit when new procurement demand or catalogue-fit evidence appears.,,
acct_ddf5881155ff,Emory University,org_f041adb202ba,ZA; Ethiopia; Kenya; MZ; SL; Tanzania; ZM; IN; PK; BD,Implementing Partner,Prioritise,0.0,MONITOR,0.0,0,0,0,0.00,0.0,NO_VERIFIED_CATALOGUE_MATCH,0,,0.0,NONE,0,0.0,,0.0,MONITOR,No strong commercial signal yet.,Keep on watchlist; revisit when new procurement demand or catalogue-fit evidence appears.,,
acct_1b4cab533be4,"ENABEL, BELGISCH ONTWIKKELINGSAGENT SCHAP",org_1f8df5043bec,Rwanda; Democratic Republic of the Congo,Implementing Partner,Research,0.0,MONITOR,0.0,0,0,0,0.00,0.0,NO_VERIFIED_CATALOGUE_MATCH,0,,0.0,NONE,0,0.0,,0.0,MONITOR,No strong commercial signal yet.,Keep on watchlist; revisit when new procurement demand or catalogue-fit evidence appears.,,
acct_062c43f868cc,Enabel - the Belgian development agency,org_971ec2d5fd7f,Democratic Republic of the Congo; Uganda,Implementing Partner,Prioritise,0.0,MONITOR,0.0,0,0,0,0.00,0.0,NO_VERIFIED_CATALOGUE_MATCH,0,,0.0,NONE,0,0.0,,0.0,MONITOR,No strong commercial signal yet.,Keep on watchlist; revisit when new procurement demand or catalogue-fit evidence appears.,,
acct_fd0fb52a3305,Energy Sector Management Assistance Program Multi Donor Fund - Successor to TF071398,org_afaccd6cce5f,Somalia,Implementing Partner,Prioritise,0.0,MONITOR,0.0,0,0,0,0.00,0.0,NO_VERIFIED_CATALOGUE_MATCH,0,,0.0,NONE,0,0.0,,0.0,MONITOR,No strong commercial signal yet.,Keep on watchlist; revisit when new procurement demand or catalogue-fit evidence appears.,,
acct_9aad55e8065e,Engagement Global gGmbH,org_55e5fdd3063e,Kenya; Tanzania; Ethiopia; Democratic Republic of the Congo; Rwanda; South Sudan; Uganda,Accountable Agency,Prioritise,0.0,MONITOR,0.0,0,0,0,0.00,0.0,NO_VERIFIED_CATALOGUE_MATCH,0,,0.0,NONE,0,0.0,,0.0,MONITOR,No strong commercial signal yet.,Keep on watchlist; revisit when new procurement demand or catalogue-fit evidence appears.,,
acct_c3b97f4dab11,EngenderHealth,org_56e81bb8eabf,Tanzania,Implementing Partner,Qualify,0.0,MONITOR,0.0,0,0,0,0.00,0.0,NO_VERIFIED_CATALOGUE_MATCH,0,,0.0,NONE,0,0.0,,0.0,MONITOR,No strong commercial signal yet.,Keep on watchlist; revisit when new procurement demand or catalogue-fit evidence appears.,,
acct_8143a2bf53aa,"EngenderHealth, Inc.",org_bceec50a2a37,Ethiopia,Implementing Partner,Prioritise,0.0,MONITOR,0.0,0,0,0,0.00,0.0,NO_VERIFIED_CATALOGUE_MATCH,0,,0.0,NONE,0,0.0,,0.0,MONITOR,No strong commercial signal yet.,Keep on watchlist; revisit when new procurement demand or catalogue-fit evidence appears.,,
acct_49f994f558d5,"Ensure older people in Tanzania have equal access to resources and services. Seeking the mainstreaming of ageing issues into the development agenda of the country, thereby alleviating intergenerational poverty that affects older people and their dependants.",org_d5cf9a20c5db,Tanzania; Ethiopia; PK; UA; GB; MM; LB; Uganda; MZ; MD,Implementing Partner,Research,0.0,MONITOR,0.0,0,0,0,0.00,0.0,NO_VERIFIED_CATALOGUE_MATCH,0,,0.0,NONE,0,0.0,,0.0,MONITOR,No strong commercial signal yet.,Keep on watchlist; revisit when new procurement demand or catalogue-fit evidence appears.,,
acct_879d36072af0,entfällt,org_2241bd208704,South Sudan,Implementing Partner,Qualify,0.0,MONITOR,0.0,0,0,0,0.00,0.0,NO_VERIFIED_CATALOGUE_MATCH,0,,0.0,NONE,0,0.0,,0.0,MONITOR,No strong commercial signal yet.,Keep on watchlist; revisit when new procurement demand or catalogue-fit evidence appears.,,
acct_a3f7d01deefd,ENTREAIDE MULTISECTORIELLE POUR LA SURVIE ET LE DEVELOPPEMENT EN RDC,org_6014c500cd74,Democratic Republic of the Congo,Implementing Partner,Prioritise,0.0,MONITOR,0.0,0,0,0,0.00,0.0,NO_VERIFIED_CATALOGUE_MATCH,0,,0.0,NONE,0,0.0,,0.0,MONITOR,No strong commercial signal yet.,Keep on watchlist; revisit when new procurement demand or catalogue-fit evidence appears.,,
acct_7dda82d66c31,Environmental Compliance Institute (ECI),org_5baa2c45b7cd,Kenya; KR; MN; KH; LA; TH; IN; KG; MK; TJ; UZ; RS; KW; PS; SA,Implementing Partner,Qualify,0.0,MONITOR,0.0,0,0,0,0.00,0.0,NO_VERIFIED_CATALOGUE_MATCH,0,,0.0,NONE,0,0.0,,0.0,MONITOR,No strong commercial signal yet.,Keep on watchlist; revisit when new procurement demand or catalogue-fit evidence appears.,,
acct_7bcca720355b,Environmental Defense Fund (EDF),org_b4b8cb22967e,Kenya; KR; MN; KH; LA; TH; IN; KG; MK; TJ; UZ; RS; KW; PS; SA,Implementing Partner,Qualify,0.0,MONITOR,0.0,0,0,0,0.00,0.0,NO_VERIFIED_CATALOGUE_MATCH,0,,0.0,NONE,0,0.0,,0.0,MONITOR,No strong commercial signal yet.,Keep on watchlist; revisit when new procurement demand or catalogue-fit evidence appears.,,
acct_91279e44d81c,ENVIRONMENTAL ENGINEERING AND POLLUTION CONTROL ORGANISATION EEPCO,org_7f9b5b2aac11,Tanzania,Implementing Partner,Prioritise,0.0,MONITOR,0.0,0,0,0,0.00,0.0,NO_VERIFIED_CATALOGUE_MATCH,0,,0.0,NONE,0,0.0,,0.0,MONITOR,No strong commercial signal yet.,Keep on watchlist; revisit when new procurement demand or catalogue-fit evidence appears.,,
acct_c68205aa3d39,Epicentre,org_130c8f522053,Democratic Republic of the Congo,Implementing Partner,Prioritise,0.0,MONITOR,0.0,0,0,0,0.00,0.0,NO_VERIFIED_CATALOGUE_MATCH,0,,0.0,NONE,0,0.0,,0.0,MONITOR,No strong commercial signal yet.,Keep on watchlist; revisit when new procurement demand or catalogue-fit evidence appears.,,
acct_f2eaa98bef88,"Epidemiological Laboratory (EPILAB), Sudan",org_8297bdae67f0,CM; Ethiopia; GH; Kenya; MW; NG; ZA; SD; Tanzania; Uganda; NZ; GB,Implementing Partner,Qualify,0.0,MONITOR,0.0,0,0,0,0.00,0.0,NO_VERIFIED_CATALOGUE_MATCH,0,,0.0,NONE,0,0.0,,0.0,MONITOR,No strong commercial signal yet.,Keep on watchlist; revisit when new procurement demand or catalogue-fit evidence appears.,,
acct_fc91a24a18de,EPSP KAT 1 L SHI DIVISION PROVINCIALE EPSP LUSHI,org_20a2133bea13,Democratic Republic of the Congo,Implementing Partner,Prioritise,0.0,MONITOR,0.0,0,0,0,0.00,0.0,NO_VERIFIED_CATALOGUE_MATCH,0,,0.0,NONE,0,0.0,,0.0,MONITOR,No strong commercial signal yet.,Keep on watchlist; revisit when new procurement demand or catalogue-fit evidence appears.,,
acct_2453ddf74927,EPSP NORD KIVU II DIVISION PROVINCIALE DE LEPSP NKII,org_e8f02f64a723,Democratic Republic of the Congo,Implementing Partner,Prioritise,0.0,MONITOR,0.0,0,0,0,0.00,0.0,NO_VERIFIED_CATALOGUE_MATCH,0,,0.0,NONE,0,0.0,,0.0,MONITOR,No strong commercial signal yet.,Keep on watchlist; revisit when new procurement demand or catalogue-fit evidence appears.,,
acct_727f0d2737e2,Erasmus University Medical Center (Erasmus MC),org_588a79b53c8f,Uganda,Implementing Partner,Research,0.0,MONITOR,0.0,0,0,0,0.00,0.0,NO_VERIFIED_CATALOGUE_MATCH,0,,0.0,NONE,0,0.0,,0.0,MONITOR,No strong commercial signal yet.,Keep on watchlist; revisit when new procurement demand or catalogue-fit evidence appears.,,
acct_110df36aef5d,Ernst & Young,org_5b1126f5ac37,Uganda,Implementing Partner,Research,0.0,MONITOR,0.0,0,0,0,0.00,0.0,NO_VERIFIED_CATALOGUE_MATCH,0,,0.0,NONE,0,0.0,,0.0,MONITOR,No strong commercial signal yet.,Keep on watchlist; revisit when new procurement demand or catalogue-fit evidence appears.,,
acct_b9c41cbbfe1e,Escuela Politécnica Nacional,org_156a55e69b40,Tanzania,Implementing Partner,Qualify,0.0,MONITOR,0.0,0,0,0,0.00,0.0,NO_VERIFIED_CATALOGUE_MATCH,0,,0.0,NONE,0,0.0,,0.0,MONITOR,No strong commercial signal yet.,Keep on watchlist; revisit when new procurement demand or catalogue-fit evidence appears.,,
acct_804933438424,"Established in 2003, “HELP IN NEED” (HIN) is working to assist and improve the lives of deprived communities of Pakistan irrespective of race, gender, color or religion discrimination. HIN is non-political, & not for profit social organization duly registered with Securities & Exchange Commission of Pakistan (SECP) under section 42 of the companies, ordinance 1984 under the company Registration no of 0065549. The organization is also certified by Pakistan Centre for Philanthropy (PCP) meeting its certification standards in the areas of internal governance, financial management & program delivery. It also has tax exemption certificate (under section 2(36) of the income tax from Federal Board of Revenue (FBR) government of Pakistan.",org_3daa4f44a8cd,PK; MM; LB; Uganda; MZ; Tanzania; Ethiopia; MD; GB,Implementing Partner,Research,0.0,MONITOR,0.0,0,0,0,0.00,0.0,NO_VERIFIED_CATALOGUE_MATCH,0,,0.0,NONE,0,0.0,,0.0,MONITOR,No strong commercial signal yet.,Keep on watchlist; revisit when new procurement demand or catalogue-fit evidence appears.,,
acct_118b4a7c7812,Estonia,org_f3cdafbe8b38,South Sudan,Donor,Prioritise,0.0,MONITOR,0.0,0,0,0,0.00,0.0,NO_VERIFIED_CATALOGUE_MATCH,0,,0.0,NONE,0,0.0,,0.0,MONITOR,No strong commercial signal yet.,Keep on watchlist; revisit when new procurement demand or catalogue-fit evidence appears.,,
acct_121f93923ccc,Ethiopia,org_69e960ed136a,Ethiopia,Donor,Prioritise,0.0,MONITOR,0.0,0,0,0,0.00,0.0,NO_VERIFIED_CATALOGUE_MATCH,0,,0.0,NONE,0,0.0,,0.0,MONITOR,No strong commercial signal yet.,Keep on watchlist; revisit when new procurement demand or catalogue-fit evidence appears.,,
acct_40e3575d3776,Ethiopia Health Program for Results Multi-Donor Trust Fund,org_2914f015b359,Ethiopia,Implementing Partner,Prioritise,0.0,MONITOR,0.0,0,0,0,0.00,0.0,NO_VERIFIED_CATALOGUE_MATCH,0,,0.0,NONE,0,0.0,,0.0,MONITOR,No strong commercial signal yet.,Keep on watchlist; revisit when new procurement demand or catalogue-fit evidence appears.,,
acct_5ad9462a4784,Ethiopia Reform Support Multi-Donor Trust Fund,org_62d864c13e82,Ethiopia,Implementing Partner,Research,0.0,MONITOR,0.0,0,0,0,0.00,0.0,NO_VERIFIED_CATALOGUE_MATCH,0,,0.0,NONE,0,0.0,,0.0,MONITOR,No strong commercial signal yet.,Keep on watchlist; revisit when new procurement demand or catalogue-fit evidence appears.,,
acct_da12ede6a5e3,ETHIOPIA SCHOOL MEAL INITIATIVE,org_5beff8701acb,Ethiopia,Implementing Partner,Prioritise,0.0,MONITOR,0.0,0,0,0,0.00,0.0,NO_VERIFIED_CATALOGUE_MATCH,0,,0.0,NONE,0,0.0,,0.0,MONITOR,No strong commercial signal yet.,Keep on watchlist; revisit when new procurement demand or catalogue-fit evidence appears.,,
acct_fad5d7524eda,Ethiopiaid,org_247a8d364ad7,Ethiopia,Donor,Research,0.0,MONITOR,0.0,0,0,0,0.00,0.0,NO_VERIFIED_CATALOGUE_MATCH,0,,0.0,NONE,0,0.0,,0.0,MONITOR,No strong commercial signal yet.,Keep on watchlist; revisit when new procurement demand or catalogue-fit evidence appears.,,
acct_f0a6d9bdfcf9,Ethiopiaid Ireland,org_eca78cd74e4d,Ethiopia,Donor,Qualify,0.0,MONITOR,0.0,0,0,0,0.00,0.0,NO_VERIFIED_CATALOGUE_MATCH,0,,0.0,NONE,0,0.0,,0.0,MONITOR,No strong commercial signal yet.,Keep on watchlist; revisit when new procurement demand or catalogue-fit evidence appears.,,
acct_f0a6d9bdfcf9,Ethiopiaid Ireland,org_eca78cd74e4d,Ethiopia,Donor,Qualify,0.0,MONITOR,0.0,0,0,0,0.00,0.0,NO_VERIFIED_CATALOGUE_MATCH,0,,0.0,NONE,0,0.0,,0.0,MONITOR,No strong commercial signal yet.,Keep on watchlist; revisit when new procurement demand or catalogue-fit evidence appears.,,
acct_0a2f202a38cf,Ethiopiaid UK,org_55533cc58015,Ethiopia,Donor,Research,0.0,MONITOR,0.0,0,0,0,0.00,0.0,NO_VERIFIED_CATALOGUE_MATCH,0,,0.0,NONE,0,0.0,,0.0,MONITOR,No strong commercial signal yet.,Keep on watchlist; revisit when new procurement demand or catalogue-fit evidence appears.,,
acct_c88d9b862343,ETHIOPIAN CATHOLIC CHURCH SOCIAL AND DEVELOPMENT COMMISSION,org_96e4aed65ab2,Ethiopia,Implementing Partner,Prioritise,0.0,MONITOR,0.0,0,0,0,0.00,0.0,NO_VERIFIED_CATALOGUE_MATCH,0,,0.0,NONE,0,0.0,,0.0,MONITOR,No strong commercial signal yet.,Keep on watchlist; revisit when new procurement demand or catalogue-fit evidence appears.,,
acct_e926f8382831,ETHIOPIAN FOOD AND DRUG AUTHORITY,org_79c3b21fcc11,Ethiopia,Implementing Partner,Prioritise,0.0,MONITOR,0.0,0,0,0,0.00,0.0,NO_VERIFIED_CATALOGUE_MATCH,0,,0.0,NONE,0,0.0,,0.0,MONITOR,No strong commercial signal yet.,Keep on watchlist; revisit when new procurement demand or catalogue-fit evidence appears.,,
acct_a847f74aff68,ETHIOPIAN HEALTH INSURANCE AGENCY,org_32125a6af66d,Ethiopia,Implementing Partner,Prioritise,0.0,MONITOR,0.0,0,0,0,0.00,0.0,NO_VERIFIED_CATALOGUE_MATCH,0,,0.0,NONE,0,0.0,,0.0,MONITOR,No strong commercial signal yet.,Keep on watchlist; revisit when new procurement demand or catalogue-fit evidence appears.,,
acct_7c58fa35622a,Ethiopian Ministry of Finance and Economic Development,org_72235538e9bc,Ethiopia,Implementing Partner,Prioritise,0.0,MONITOR,0.0,0,0,0,0.00,0.0,NO_VERIFIED_CATALOGUE_MATCH,0,,0.0,NONE,0,0.0,,0.0,MONITOR,No strong commercial signal yet.,Keep on watchlist; revisit when new procurement demand or catalogue-fit evidence appears.,,
acct_a19622c6be68,ETHIOPIAN PHARMACEUTICALS SUPPLY SERVICE,org_9ad692b80f5b,Ethiopia,Implementing Partner,Prioritise,0.0,MONITOR,0.0,0,0,0,0.00,0.0,NO_VERIFIED_CATALOGUE_MATCH,0,,0.0,NONE,0,0.0,,0.0,MONITOR,No strong commercial signal yet.,Keep on watchlist; revisit when new procurement demand or catalogue-fit evidence appears.,,
acct_79d54fefd7e8,ETHIOPIAN PUBLIC HEALTH ASSOCIATION,org_48c6dd7bca07,Ethiopia,Implementing Partner,Prioritise,0.0,MONITOR,0.0,0,0,0,0.00,0.0,NO_VERIFIED_CATALOGUE_MATCH,0,,0.0,NONE,0,0.0,,0.0,MONITOR,No strong commercial signal yet.,Keep on watchlist; revisit when new procurement demand or catalogue-fit evidence appears.,,
acct_79d54fefd7e8,Ethiopian Public Health Association,org_48c6dd7bca07,Ethiopia,Accountable Agency,Qualify,0.0,MONITOR,0.0,0,0,0,0.00,0.0,NO_VERIFIED_CATALOGUE_MATCH,0,,0.0,NONE,0,0.0,,0.0,MONITOR,No strong commercial signal yet.,Keep on watchlist; revisit when new procurement demand or catalogue-fit evidence appears.,,
acct_a22bd39dec6c,ETHIOPIAN PUBLIC HEALTH INSTITUTE,org_bb02bddcfca9,Ethiopia,Implementing Partner,Prioritise,0.0,MONITOR,0.0,0,0,0,0.00,0.0,NO_VERIFIED_CATALOGUE_MATCH,0,,0.0,NONE,0,0.0,,0.0,MONITOR,No strong commercial signal yet.,Keep on watchlist; revisit when new procurement demand or catalogue-fit evidence appears.,,
acct_18a41a622923,ETHIOPIAN RED CROSS SOCIETY,org_7ac30b6b75f5,Ethiopia,Implementing Partner,Prioritise,0.0,MONITOR,0.0,0,0,0,0.00,0.0,NO_VERIFIED_CATALOGUE_MATCH,0,,0.0,NONE,0,0.0,,0.0,MONITOR,No strong commercial signal yet.,Keep on watchlist; revisit when new procurement demand or catalogue-fit evidence appears.,,
acct_efa5bd589f4d,Etoile du Sud,org_6b9de6ffac88,Democratic Republic of the Congo,Implementing Partner,Monitor,0.0,MONITOR,0.0,0,0,0,0.00,0.0,NO_VERIFIED_CATALOGUE_MATCH,0,,0.0,NONE,0,0.0,,0.0,MONITOR,No strong commercial signal yet.,Keep on watchlist; revisit when new procurement demand or catalogue-fit evidence appears.,,
acct_dcb29d009619,EU-Commission of the European Communities,org_92266702d717,Somalia; Ethiopia; Democratic Republic of the Congo; Rwanda; Uganda; Tanzania,Donor,Prioritise,0.0,MONITOR,0.0,0,0,0,0.00,0.0,NO_VERIFIED_CATALOGUE_MATCH,0,,0.0,NONE,0,0.0,,0.0,MONITOR,No strong commercial signal yet.,Keep on watchlist; revisit when new procurement demand or catalogue-fit evidence appears.,,
acct_d10a95ea27ee,Europäische Union (EU),org_03132fc10c8e,Rwanda; South Sudan,Donor,Prioritise,0.0,MONITOR,0.0,0,0,0,0.00,0.0,NO_VERIFIED_CATALOGUE_MATCH,0,,0.0,NONE,0,0.0,,0.0,MONITOR,No strong commercial signal yet.,Keep on watchlist; revisit when new procurement demand or catalogue-fit evidence appears.,,
acct_00dff5c7720b,European Commission,org_a22a45033975,South Sudan; Ethiopia; Democratic Republic of the Congo; Rwanda; Somalia; Kenya; Tanzania; BD; GH; ID; MR; NP; LK; TH; Uganda,Donor,Prioritise,0.0,MONITOR,0.0,0,0,0,0.00,0.0,NO_VERIFIED_CATALOGUE_MATCH,0,,0.0,NONE,0,0.0,,0.0,MONITOR,No strong commercial signal yet.,Keep on watchlist; revisit when new procurement demand or catalogue-fit evidence appears.,,
acct_3b51b500d74f,European Commission - Development and Cooperation - EuropeAid,org_67b7a219a516,Democratic Republic of the Congo,Donor,Qualify,0.0,MONITOR,0.0,0,0,0,0.00,0.0,NO_VERIFIED_CATALOGUE_MATCH,0,,0.0,NONE,0,0.0,,0.0,MONITOR,No strong commercial signal yet.,Keep on watchlist; revisit when new procurement demand or catalogue-fit evidence appears.,,
acct_b590d3bdec45,European Commission/EC,org_ad2a79e69f64,Democratic Republic of the Congo; Uganda; Tanzania; Ethiopia; South Sudan; Kenya; Somalia,Donor,Prioritise,0.0,MONITOR,0.0,0,0,0,0.00,0.0,NO_VERIFIED_CATALOGUE_MATCH,0,,0.0,NONE,0,0.0,,0.0,MONITOR,No strong commercial signal yet.,Keep on watchlist; revisit when new procurement demand or catalogue-fit evidence appears.,,
acct_e02f14ebf085,European Commission / ECHO,org_2c4d41679def,Democratic Republic of the Congo; South Sudan; Ethiopia; Somalia; Kenya; Uganda,Donor,Prioritise,0.0,MONITOR,0.0,0,0,0,0.00,0.0,NO_VERIFIED_CATALOGUE_MATCH,0,,0.0,NONE,0,0.0,,0.0,MONITOR,No strong commercial signal yet.,Keep on watchlist; revisit when new procurement demand or catalogue-fit evidence appears.,,
acct_97d21be83a83,EUROPEAN FUTURE INNOVATION CENTRE,org_4c9ce2cb9875,Kenya; BD; ID; Somalia; KH; ZA; Uganda; MY; NP; ZM; VN; Rwanda,Implementing Partner,Monitor,0.0,MONITOR,0.0,0,0,0,0.00,0.0,NO_VERIFIED_CATALOGUE_MATCH,0,,0.0,NONE,0,0.0,,0.0,MONITOR,No strong commercial signal yet.,Keep on watchlist; revisit when new procurement demand or catalogue-fit evidence appears.,,
acct_1aee448186a4,European Investment Bank,org_88ebb8668fd5,Tanzania; Democratic Republic of the Congo; Ethiopia; South Sudan; Kenya; Uganda; Somalia; Rwanda,Donor,Prioritise,0.0,MONITOR,0.0,0,0,0,0.00,0.0,NO_VERIFIED_CATALOGUE_MATCH,0,,0.0,NONE,0,0.0,,0.0,MONITOR,No strong commercial signal yet.,Keep on watchlist; revisit when new procurement demand or catalogue-fit evidence appears.,,
acct_dcf6d0d6b852,"European Investment Bank (Trust fund via EIB like FEMIP, NIF, Interest subsidies...)",org_5262e3c23a33,Ethiopia,Implementing Partner,Qualify,0.0,MONITOR,0.0,0,0,0,0.00,0.0,NO_VERIFIED_CATALOGUE_MATCH,0,,0.0,NONE,0,0.0,,0.0,MONITOR,No strong commercial signal yet.,Keep on watchlist; revisit when new procurement demand or catalogue-fit evidence appears.,,
acct_36ebe9f48a40,"European Investment Bank (Trust fund via EIB like FEMIP, NIF, Interest subsidies...)",org_019c6db10721,Kenya; Rwanda; Democratic Republic of the Congo,Implementing Partner,Research,0.0,MONITOR,0.0,0,0,0,0.00,0.0,NO_VERIFIED_CATALOGUE_MATCH,0,,0.0,NONE,0,0.0,,0.0,MONITOR,No strong commercial signal yet.,Keep on watchlist; revisit when new procurement demand or catalogue-fit evidence appears.,,
acct_9d079ec3d0fe,EXPERTISE FRANCE,org_3e28a23fe013,Ethiopia; Rwanda,Implementing Partner,Prioritise,0.0,MONITOR,0.0,0,0,0,0.00,0.0,NO_VERIFIED_CATALOGUE_MATCH,0,,0.0,NONE,0,0.0,,0.0,MONITOR,No strong commercial signal yet.,Keep on watchlist; revisit when new procurement demand or catalogue-fit evidence appears.,,
acct_9d079ec3d0fe,Expertise France,org_3e28a23fe013,Ethiopia,Donor,Qualify,0.0,MONITOR,0.0,0,0,0,0.00,0.0,NO_VERIFIED_CATALOGUE_MATCH,0,,0.0,NONE,0,0.0,,0.0,MONITOR,No strong commercial signal yet.,Keep on watchlist; revisit when new procurement demand or catalogue-fit evidence appears.,,
acct_4ddf587d941d,EXPERTISE FRANCE AFETI,org_46755487b29c,Rwanda; Democratic Republic of the Congo,Implementing Partner,Prioritise,0.0,MONITOR,0.0,0,0,0,0.00,0.0,NO_VERIFIED_CATALOGUE_MATCH,0,,0.0,NONE,0,0.0,,0.0,MONITOR,No strong commercial signal yet.,Keep on watchlist; revisit when new procurement demand or catalogue-fit evidence appears.,,
acct_bbf671882aac,EYE MEDIA,org_06affb576040,South Sudan,Implementing Partner,Prioritise,0.0,MONITOR,0.0,0,0,0,0.00,0.0,NO_VERIFIED_CATALOGUE_MATCH,0,,0.0,NONE,0,0.0,,0.0,MONITOR,No strong commercial signal yet.,Keep on watchlist; revisit when new procurement demand or catalogue-fit evidence appears.,,
acct_0c657b561125,EZE - Evangelische Zentralstelle für globale Entwicklung e.V.,org_db74f72941bf,Uganda; Ethiopia; Democratic Republic of the Congo; Kenya; Tanzania,Accountable Agency,Qualify,0.0,MONITOR,0.0,0,0,0,0.00,0.0,NO_VERIFIED_CATALOGUE_MATCH,0,,0.0,NONE,0,0.0,,0.0,MONITOR,No strong commercial signal yet.,Keep on watchlist; revisit when new procurement demand or catalogue-fit evidence appears.,,
acct_78572e4625fd,Fab Inc.,org_18fad23a50f7,Kenya; KH; NG; Somalia; ZA; VN; ZW; IN; Rwanda; GH; SY; TL; IQ; EG; YE; TH; MW; MY; PH; PK; JO; BD; Ethiopia; MM; South Sudan; Democratic Republic of the Congo; ID; NP; TN; Tanzania,Implementing Partner,Qualify,0.0,MONITOR,0.0,0,0,0,0.00,0.0,NO_VERIFIED_CATALOGUE_MATCH,0,,0.0,NONE,0,0.0,,0.0,MONITOR,No strong commercial signal yet.,Keep on watchlist; revisit when new procurement demand or catalogue-fit evidence appears.,,
acct_b4a22c59dd3b,Faculty of Nursing and Midwifery ? Royal College of Surgeons in Ireland (RCSI),org_6ebd4a74f63f,Kenya,Donor,Research,0.0,MONITOR,0.0,0,0,0,0.00,0.0,NO_VERIFIED_CATALOGUE_MATCH,0,,0.0,NONE,0,0.0,,0.0,MONITOR,No strong commercial signal yet.,Keep on watchlist; revisit when new procurement demand or catalogue-fit evidence appears.,,
acct_9e18ea4a8637,"FAID is an initiative of a group of volunteers with many years of experience in the field of ageing. The objective of this initiative is to work for the wellbeing of older people in Pakistan and to raises awareness about ageing and support the government, private sector, civil society, academia, and families to get prepared as a country with appropriate age-friendly policies, programs, services, systems and environments to cater for the needs of the old people of now as well those in of future.",org_9ae5d7290fea,Tanzania; Ethiopia; PK; UA; GB; MM; LB; Uganda; MZ; MD,Implementing Partner,Research,0.0,MONITOR,0.0,0,0,0,0.00,0.0,NO_VERIFIED_CATALOGUE_MATCH,0,,0.0,NONE,0,0.0,,0.0,MONITOR,No strong commercial signal yet.,Keep on watchlist; revisit when new procurement demand or catalogue-fit evidence appears.,,
acct_a95f72d4e8c2,Family Guidance Association of Ethiopia (FGAE),org_f1429b4d4c14,BI; Ethiopia; MG; Somalia; South Sudan; SD; ZM; MW; MZ; PK; Rwanda; Tanzania; Uganda; AF; BG; ZW,Implementing Partner,Research,0.0,MONITOR,0.0,0,0,0,0.00,0.0,NO_VERIFIED_CATALOGUE_MATCH,0,,0.0,NONE,0,0.0,,0.0,MONITOR,No strong commercial signal yet.,Keep on watchlist; revisit when new procurement demand or catalogue-fit evidence appears.,,
acct_a96d5027594d,Family Health International,org_5c090398f454,Ethiopia; Kenya; NG; SN; SL; Tanzania; ZM; VN; ZA; ID,Implementing Partner,Prioritise,0.0,MONITOR,0.0,0,0,0,0.00,0.0,NO_VERIFIED_CATALOGUE_MATCH,0,,0.0,NONE,0,0.0,,0.0,MONITOR,No strong commercial signal yet.,Keep on watchlist; revisit when new procurement demand or catalogue-fit evidence appears.,,
acct_0a2961af0cf5,Family Life Education Program,org_d09e228b52e4,Uganda,Implementing Partner,Qualify,0.0,MONITOR,0.0,0,0,0,0.00,0.0,NO_VERIFIED_CATALOGUE_MATCH,0,,0.0,NONE,0,0.0,,0.0,MONITOR,No strong commercial signal yet.,Keep on watchlist; revisit when new procurement demand or catalogue-fit evidence appears.,,
acct_4066e2cffe68,Family Planning Association of Malawi (FPAM),org_7e360fc6cb76,BI; Ethiopia; MW; MZ; PK; Rwanda; South Sudan; SD; Tanzania; Uganda; ZM; AF; BG; MG; Somalia; ZW,Implementing Partner,Research,0.0,MONITOR,0.0,0,0,0,0.00,0.0,NO_VERIFIED_CATALOGUE_MATCH,0,,0.0,NONE,0,0.0,,0.0,MONITOR,No strong commercial signal yet.,Keep on watchlist; revisit when new procurement demand or catalogue-fit evidence appears.,,
acct_c1d9873ee139,"FCSAI - Fundación Estatal Salud, Infancia y Bienestar Social",org_b6d0ac78b856,MA; UA; Ethiopia; EG; JO; MR; MZ,Implementing Partner,Research,0.0,MONITOR,0.0,0,0,0,0.00,0.0,NO_VERIFIED_CATALOGUE_MATCH,0,,0.0,NONE,0,0.0,,0.0,MONITOR,No strong commercial signal yet.,Keep on watchlist; revisit when new procurement demand or catalogue-fit evidence appears.,,
acct_432578960023,Federal Democratic Republic of Ethiopia,org_c2c424a07419,Ethiopia,Accountable Agency,Research,0.0,MONITOR,0.0,0,0,0,0.00,0.0,NO_VERIFIED_CATALOGUE_MATCH,0,,0.0,NONE,0,0.0,,0.0,MONITOR,No strong commercial signal yet.,Keep on watchlist; revisit when new procurement demand or catalogue-fit evidence appears.,,
acct_87bf30869a18,Federal Ministry for Economic Cooperation and Development (BMZ),org_9f9a39a5a240,Democratic Republic of the Congo; South Sudan; Somalia; Ethiopia; Rwanda; Tanzania; Kenya; Uganda,Donor,Prioritise,0.0,MONITOR,0.0,0,0,0,0.00,0.0,NO_VERIFIED_CATALOGUE_MATCH,0,,0.0,NONE,0,0.0,,0.0,MONITOR,No strong commercial signal yet.,Keep on watchlist; revisit when new procurement demand or catalogue-fit evidence appears.,,
acct_1849dba93430,"Federal Ministry for Economic Cooperation and Development (BMZ), Germany",org_5bad56b5a738,Somalia; South Sudan; Ethiopia; Kenya,Donor,Prioritise,0.0,MONITOR,0.0,0,0,0,0.00,0.0,NO_VERIFIED_CATALOGUE_MATCH,0,,0.0,NONE,0,0.0,,0.0,MONITOR,No strong commercial signal yet.,Keep on watchlist; revisit when new procurement demand or catalogue-fit evidence appears.,,
acct_ea7c6edab756,FEDERAL MINISTRY OF HEALTH MDG POOL FUND,org_fed32af97c9c,Ethiopia,Implementing Partner,Prioritise,0.0,MONITOR,0.0,0,0,0,0.00,0.0,NO_VERIFIED_CATALOGUE_MATCH,0,,0.0,NONE,0,0.0,,0.0,MONITOR,No strong commercial signal yet.,Keep on watchlist; revisit when new procurement demand or catalogue-fit evidence appears.,,
acct_4b0f9f9ae888,Federal Ministry of Health of the Federal Democratic Republic of Ethiopia,org_daa1751d7af3,Ethiopia,Implementing Partner,Prioritise,0.0,MONITOR,0.0,0,0,0,0.00,0.0,NO_VERIFIED_CATALOGUE_MATCH,0,,0.0,NONE,0,0.0,,0.0,MONITOR,No strong commercial signal yet.,Keep on watchlist; revisit when new procurement demand or catalogue-fit evidence appears.,,
acct_8329b88b4ab5,FEDERAL SUPREME COURT,org_f383f24dace1,Ethiopia,Implementing Partner,Prioritise,0.0,MONITOR,0.0,0,0,0,0.00,0.0,NO_VERIFIED_CATALOGUE_MATCH,0,,0.0,NONE,0,0.0,,0.0,MONITOR,No strong commercial signal yet.,Keep on watchlist; revisit when new procurement demand or catalogue-fit evidence appears.,,
acct_a2cb34119f08,Federal University of Bahia,org_78392e1ab0be,GB; BR; LK; Ethiopia,Implementing Partner,Research,0.0,MONITOR,0.0,0,0,0,0.00,0.0,NO_VERIFIED_CATALOGUE_MATCH,0,,0.0,NONE,0,0.0,,0.0,MONITOR,No strong commercial signal yet.,Keep on watchlist; revisit when new procurement demand or catalogue-fit evidence appears.,,
acct_4f85f7253eaf,Federation Internationale de Football Association (FIFA),org_6d4943774c08,Tanzania,Donor,Research,0.0,MONITOR,0.0,0,0,0,0.00,0.0,NO_VERIFIED_CATALOGUE_MATCH,0,,0.0,NONE,0,0.0,,0.0,MONITOR,No strong commercial signal yet.,Keep on watchlist; revisit when new procurement demand or catalogue-fit evidence appears.,,
acct_9fc523a0c95b,Federation of Uganda Employers,org_d0aca448626f,Uganda,Implementing Partner,Monitor,0.0,MONITOR,0.0,0,0,0,0.00,0.0,NO_VERIFIED_CATALOGUE_MATCH,0,,0.0,NONE,0,0.0,,0.0,MONITOR,No strong commercial signal yet.,Keep on watchlist; revisit when new procurement demand or catalogue-fit evidence appears.,,
acct_4f2991d723cd,Femme Forte Uganda,org_ee0fbd8f1fb0,Uganda,Implementing Partner,Monitor,0.0,MONITOR,0.0,0,0,0,0.00,0.0,NO_VERIFIED_CATALOGUE_MATCH,0,,0.0,NONE,0,0.0,,0.0,MONITOR,No strong commercial signal yet.,Keep on watchlist; revisit when new procurement demand or catalogue-fit evidence appears.,,
acct_00659bf6b24a,Fianakaviana Sambatra (FISA),org_6f4400eb9d63,BI; Ethiopia; MG; Somalia; South Sudan; SD; ZM,Implementing Partner,Qualify,0.0,MONITOR,0.0,0,0,0,0.00,0.0,NO_VERIFIED_CATALOGUE_MATCH,0,,0.0,NONE,0,0.0,,0.0,MONITOR,No strong commercial signal yet.,Keep on watchlist; revisit when new procurement demand or catalogue-fit evidence appears.,,
acct_e9555ebb253b,Field Intelligence Inc,org_d5c342fd024a,Kenya; NG,Implementing Partner,Prioritise,0.0,MONITOR,0.0,0,0,0,0.00,0.0,NO_VERIFIED_CATALOGUE_MATCH,0,,0.0,NONE,0,0.0,,0.0,MONITOR,No strong commercial signal yet.,Keep on watchlist; revisit when new procurement demand or catalogue-fit evidence appears.,,
acct_0dee42d0c697,FILM AID KENYA,org_6b7198f30b28,Kenya,Implementing Partner,Prioritise,0.0,MONITOR,0.0,0,0,0,0.00,0.0,NO_VERIFIED_CATALOGUE_MATCH,0,,0.0,NONE,0,0.0,,0.0,MONITOR,No strong commercial signal yet.,Keep on watchlist; revisit when new procurement demand or catalogue-fit evidence appears.,,
acct_ef06da404cbc,"Financial Sector Deepening, Kenya",org_401563c400ec,Kenya,Implementing Partner,Prioritise,0.0,MONITOR,0.0,0,0,0,0.00,0.0,NO_VERIFIED_CATALOGUE_MATCH,0,,0.0,NONE,0,0.0,,0.0,MONITOR,No strong commercial signal yet.,Keep on watchlist; revisit when new procurement demand or catalogue-fit evidence appears.,,
acct_a7eb1b7331d5,Financing Alliance for Health,org_9903d4716bc6,Ethiopia; Kenya; ML; SN; Tanzania,Implementing Partner,Prioritise,0.0,MONITOR,0.0,0,0,0,0.00,0.0,NO_VERIFIED_CATALOGUE_MATCH,0,,0.0,NONE,0,0.0,,0.0,MONITOR,No strong commercial signal yet.,Keep on watchlist; revisit when new procurement demand or catalogue-fit evidence appears.,,
acct_506f03a78837,FINN CHURCH AID,org_41106b01ed8c,Uganda,Implementing Partner,Prioritise,0.0,MONITOR,0.0,0,0,0,0.00,0.0,NO_VERIFIED_CATALOGUE_MATCH,0,,0.0,NONE,0,0.0,,0.0,MONITOR,No strong commercial signal yet.,Keep on watchlist; revisit when new procurement demand or catalogue-fit evidence appears.,,
acct_306da65e8e5f,FINN CHURCH AID KIRKON ULKOMAANAPU SR,org_4e3d6bbcaa69,Kenya,Implementing Partner,Prioritise,0.0,MONITOR,0.0,0,0,0,0.00,0.0,NO_VERIFIED_CATALOGUE_MATCH,0,,0.0,NONE,0,0.0,,0.0,MONITOR,No strong commercial signal yet.,Keep on watchlist; revisit when new procurement demand or catalogue-fit evidence appears.,,
acct_a5fc6e8ceb00,Finnish Committee for UNICEF,org_4e8c98c06dc1,Kenya; Ethiopia,Donor,Prioritise,0.0,MONITOR,0.0,0,0,0,0.00,0.0,NO_VERIFIED_CATALOGUE_MATCH,0,,0.0,NONE,0,0.0,,0.0,MONITOR,No strong commercial signal yet.,Keep on watchlist; revisit when new procurement demand or catalogue-fit evidence appears.,,
acct_12791039181f,Finnish Meteorological Institute (FMI),org_cfc075474ade,Kenya; KR; MN; KH; LA; TH; IN; KG; MK; TJ; UZ; RS; KW; PS; SA,Implementing Partner,Qualify,0.0,MONITOR,0.0,0,0,0,0.00,0.0,NO_VERIFIED_CATALOGUE_MATCH,0,,0.0,NONE,0,0.0,,0.0,MONITOR,No strong commercial signal yet.,Keep on watchlist; revisit when new procurement demand or catalogue-fit evidence appears.,,
acct_670d9be01b36,Fond Social Kivu,org_e8e744262600,Democratic Republic of the Congo,Implementing Partner,Qualify,0.0,MONITOR,0.0,0,0,0,0.00,0.0,NO_VERIFIED_CATALOGUE_MATCH,0,,0.0,NONE,0,0.0,,0.0,MONITOR,No strong commercial signal yet.,Keep on watchlist; revisit when new procurement demand or catalogue-fit evidence appears.,,
acct_75a1ab5879c4,Fondation Botnar (FB),org_f1f0a093bbb7,Tanzania,Donor,Prioritise,0.0,MONITOR,0.0,0,0,0,0.00,0.0,NO_VERIFIED_CATALOGUE_MATCH,0,,0.0,NONE,0,0.0,,0.0,MONITOR,No strong commercial signal yet.,Keep on watchlist; revisit when new procurement demand or catalogue-fit evidence appears.,,
acct_482d045a6dc6,Fondation Institut Pasteur de Dakar,org_29274a50eba8,CF; CI; SN; Democratic Republic of the Congo; GA; LR; MR; GW; CM,Implementing Partner,Prioritise,0.0,MONITOR,0.0,0,0,0,0.00,0.0,NO_VERIFIED_CATALOGUE_MATCH,0,,0.0,NONE,0,0.0,,0.0,MONITOR,No strong commercial signal yet.,Keep on watchlist; revisit when new procurement demand or catalogue-fit evidence appears.,,
acct_4cf7a89695c5,FONDATION MÉRIEUX,org_322e36235f7b,Democratic Republic of the Congo,Implementing Partner,Prioritise,0.0,MONITOR,0.0,0,0,0,0.00,0.0,NO_VERIFIED_CATALOGUE_MATCH,0,,0.0,NONE,0,0.0,,0.0,MONITOR,No strong commercial signal yet.,Keep on watchlist; revisit when new procurement demand or catalogue-fit evidence appears.,,
acct_707a0d4e251d,Fondation NIF,org_991264bb23f6,Democratic Republic of the Congo,Donor,Qualify,0.0,MONITOR,0.0,0,0,0,0.00,0.0,NO_VERIFIED_CATALOGUE_MATCH,0,,0.0,NONE,0,0.0,,0.0,MONITOR,No strong commercial signal yet.,Keep on watchlist; revisit when new procurement demand or catalogue-fit evidence appears.,,
acct_f8872e2b03de,Fondation PANZI,org_e57ff18d0237,Democratic Republic of the Congo,Implementing Partner,Qualify,0.0,MONITOR,0.0,0,0,0,0.00,0.0,NO_VERIFIED_CATALOGUE_MATCH,0,,0.0,NONE,0,0.0,,0.0,MONITOR,No strong commercial signal yet.,Keep on watchlist; revisit when new procurement demand or catalogue-fit evidence appears.,,
acct_ff3f371e98a0,FONDATION PIERRE FABRE,org_4478b44bbada,Kenya; Tanzania; Democratic Republic of the Congo; CM; CI,Implementing Partner,Prioritise,0.0,MONITOR,0.0,0,0,0,0.00,0.0,NO_VERIFIED_CATALOGUE_MATCH,0,,0.0,NONE,0,0.0,,0.0,MONITOR,No strong commercial signal yet.,Keep on watchlist; revisit when new procurement demand or catalogue-fit evidence appears.,,
acct_ee44d559711d,FONDAZIONE AVSI ASSOCIAZONE VOLONTARI PER IL SERVI,org_ec858d8c0180,Democratic Republic of the Congo,Implementing Partner,Prioritise,0.0,MONITOR,0.0,0,0,0,0.00,0.0,NO_VERIFIED_CATALOGUE_MATCH,0,,0.0,NONE,0,0.0,,0.0,MONITOR,No strong commercial signal yet.,Keep on watchlist; revisit when new procurement demand or catalogue-fit evidence appears.,,
acct_65dff9a2d164,FOOD AGRICULTURE AND DISASTER MANAGEMENT,org_86bfbdca1441,South Sudan,Implementing Partner,Prioritise,0.0,MONITOR,0.0,0,0,0,0.00,0.0,NO_VERIFIED_CATALOGUE_MATCH,0,,0.0,NONE,0,0.0,,0.0,MONITOR,No strong commercial signal yet.,Keep on watchlist; revisit when new procurement demand or catalogue-fit evidence appears.,,
acct_de23d0e814c4,FOOD AND AGRICULTURE ORGANISATION OF THE UNITED NATIONS,org_d1a51f08b185,Somalia,Implementing Partner,Research,0.0,MONITOR,0.0,0,0,0,0.00,0.0,NO_VERIFIED_CATALOGUE_MATCH,0,,0.0,NONE,0,0.0,,0.0,MONITOR,No strong commercial signal yet.,Keep on watchlist; revisit when new procurement demand or catalogue-fit evidence appears.,,
acct_2de24d04ac6b,Food and Agriculture Organization (FAO),org_ff249e4b90fc,Democratic Republic of the Congo; Tanzania; Ethiopia; South Sudan; Somalia; Kenya; Rwanda,Donor,Prioritise,0.0,MONITOR,0.0,0,0,0,0.00,0.0,NO_VERIFIED_CATALOGUE_MATCH,0,,0.0,NONE,0,0.0,,0.0,MONITOR,No strong commercial signal yet.,Keep on watchlist; revisit when new procurement demand or catalogue-fit evidence appears.,,
acct_63b2000fccee,FOOD AND BEVERAGE INDUSTRY RESEARCH AND DEVELOPMENT CENTER,org_f4974e087cdb,Ethiopia,Implementing Partner,Prioritise,0.0,MONITOR,0.0,0,0,0,0.00,0.0,NO_VERIFIED_CATALOGUE_MATCH,0,,0.0,NONE,0,0.0,,0.0,MONITOR,No strong commercial signal yet.,Keep on watchlist; revisit when new procurement demand or catalogue-fit evidence appears.,,
acct_83668c78aa80,FOOD AND NUTRITION FOR LIFE OF VULNERABLES,org_0141dc192f0e,Democratic Republic of the Congo,Implementing Partner,Prioritise,0.0,MONITOR,0.0,0,0,0,0.00,0.0,NO_VERIFIED_CATALOGUE_MATCH,0,,0.0,NONE,0,0.0,,0.0,MONITOR,No strong commercial signal yet.,Keep on watchlist; revisit when new procurement demand or catalogue-fit evidence appears.,,
acct_c7240d6ebb52,Food Systems 2030 Multi-Donor Trust Fund,org_a087a257abba,Democratic Republic of the Congo,Implementing Partner,Prioritise,0.0,MONITOR,0.0,0,0,0,0.00,0.0,NO_VERIFIED_CATALOGUE_MATCH,0,,0.0,NONE,0,0.0,,0.0,MONITOR,No strong commercial signal yet.,Keep on watchlist; revisit when new procurement demand or catalogue-fit evidence appears.,,
acct_c9e6bf94fce0,FOR AFRIKA TO THRIVE,org_5ead90e55792,South Sudan,Implementing Partner,Prioritise,0.0,MONITOR,0.0,0,0,0,0.00,0.0,NO_VERIFIED_CATALOGUE_MATCH,0,,0.0,NONE,0,0.0,,0.0,MONITOR,No strong commercial signal yet.,Keep on watchlist; revisit when new procurement demand or catalogue-fit evidence appears.,,
acct_700fe88540d6,"Foreign Affairs, Trade and Development Canada (DFATD)",org_507fdbf5ec8f,South Sudan; BD; Kenya; KH; Somalia; Tanzania; Democratic Republic of the Congo; TD; BO; GH; HN; JO; LB; PS; Ethiopia; Rwanda; SN; PH; Uganda; LA; VN; IN; PK; ZW; CI; CO; HT; JM; MZ; NG; AO; BF; BJ; CF; CM; GN; MG; MW; SL; TG; NE; ID,Reporting Organisation,Prioritise,0.0,MONITOR,0.0,0,0,0,0.00,0.0,NO_VERIFIED_CATALOGUE_MATCH,0,,0.0,NONE,0,0.0,,0.0,MONITOR,No strong commercial signal yet.,Keep on watchlist; revisit when new procurement demand or catalogue-fit evidence appears.,,
acct_43c71d3d67bf,"Foreign, Commonwealth &amp; Development Office (FCDO), United Kingdom",org_b977413c14a8,Democratic Republic of the Congo; Tanzania; South Sudan; Uganda; Kenya; Ethiopia,Donor,Prioritise,0.0,MONITOR,0.0,0,0,0,0.00,0.0,NO_VERIFIED_CATALOGUE_MATCH,0,,0.0,NONE,0,0.0,,0.0,MONITOR,No strong commercial signal yet.,Keep on watchlist; revisit when new procurement demand or catalogue-fit evidence appears.,,
acct_f9c36c55111f,"Foreign, Commonwealth & Development Office",org_12ee91f25707,Kenya,Donor,Prioritise,0.0,MONITOR,0.0,0,0,0,0.00,0.0,NO_VERIFIED_CATALOGUE_MATCH,0,,0.0,NONE,0,0.0,,0.0,MONITOR,No strong commercial signal yet.,Keep on watchlist; revisit when new procurement demand or catalogue-fit evidence appears.,,
acct_f9c36c55111f,"Foreign, Commonwealth & Development Office",org_12ee91f25707,TD; ML; Democratic Republic of the Congo; SN; NE; MR,Donor,Qualify,0.0,MONITOR,0.0,0,0,0,0.00,0.0,NO_VERIFIED_CATALOGUE_MATCH,0,,0.0,NONE,0,0.0,,0.0,MONITOR,No strong commercial signal yet.,Keep on watchlist; revisit when new procurement demand or catalogue-fit evidence appears.,,
acct_47a8aa1a6397,Foreign Office,org_fbe94f708a08,Somalia,Donor,Prioritise,0.0,MONITOR,0.0,0,0,0,0.00,0.0,NO_VERIFIED_CATALOGUE_MATCH,0,,0.0,NONE,0,0.0,,0.0,MONITOR,No strong commercial signal yet.,Keep on watchlist; revisit when new procurement demand or catalogue-fit evidence appears.,,
acct_026625b1b64c,Forum for Protection of Consumer Rights Nepal (FPCRN),org_0e85ae7953af,BD; GH; ID; Kenya; MR; NP; LK; Tanzania; TH; Uganda,Implementing Partner,Monitor,0.0,MONITOR,0.0,0,0,0,0.00,0.0,NO_VERIFIED_CATALOGUE_MATCH,0,,0.0,NONE,0,0.0,,0.0,MONITOR,No strong commercial signal yet.,Keep on watchlist; revisit when new procurement demand or catalogue-fit evidence appears.,,
acct_35086e1d00ec,FOUNDATION FOR AFRICAN INNOVATION ECOSYSTEMS,org_553328aa32f4,Kenya; KH; NG; Somalia; ZA; VN; ZW; IN; Rwanda; GH; SY; TL; IQ; EG; YE; TH; MW; MY; PH; PK; JO; BD; Ethiopia; MM; South Sudan; Democratic Republic of the Congo; ID; NP; TN; Tanzania,Implementing Partner,Qualify,0.0,MONITOR,0.0,0,0,0,0.00,0.0,NO_VERIFIED_CATALOGUE_MATCH,0,,0.0,NONE,0,0.0,,0.0,MONITOR,No strong commercial signal yet.,Keep on watchlist; revisit when new procurement demand or catalogue-fit evidence appears.,,
acct_6e1e220e02e9,FPFK - Free Pentecostal Fellowship Kenya,org_4834c013a343,Kenya,Implementing Partner,Qualify,0.0,MONITOR,0.0,0,0,0,0.00,0.0,NO_VERIFIED_CATALOGUE_MATCH,0,,0.0,NONE,0,0.0,,0.0,MONITOR,No strong commercial signal yet.,Keep on watchlist; revisit when new procurement demand or catalogue-fit evidence appears.,,
acct_a140ba95ed7f,France,org_3356eb8a871e,Rwanda; Democratic Republic of the Congo; Kenya; Tanzania; CM; CI,Donor,Prioritise,0.0,MONITOR,0.0,0,0,0,0.00,0.0,NO_VERIFIED_CATALOGUE_MATCH,0,,0.0,NONE,0,0.0,,0.0,MONITOR,No strong commercial signal yet.,Keep on watchlist; revisit when new procurement demand or catalogue-fit evidence appears.,,
acct_a140ba95ed7f,France,org_3356eb8a871e,Democratic Republic of the Congo; South Sudan; Kenya; Uganda; Somalia; Ethiopia,Donor,Prioritise,0.0,MONITOR,0.0,0,0,0,0.00,0.0,NO_VERIFIED_CATALOGUE_MATCH,0,,0.0,NONE,0,0.0,,0.0,MONITOR,No strong commercial signal yet.,Keep on watchlist; revisit when new procurement demand or catalogue-fit evidence appears.,,
acct_fc14866421b2,Fred Hollows Foundation,org_e57e81d62169,Kenya,Donor,Qualify,0.0,MONITOR,0.0,0,0,0,0.00,0.0,NO_VERIFIED_CATALOGUE_MATCH,0,,0.0,NONE,0,0.0,,0.0,MONITOR,No strong commercial signal yet.,Keep on watchlist; revisit when new procurement demand or catalogue-fit evidence appears.,,
acct_01ed70751084,French Committee for UNICEF,org_a44964c58a64,South Sudan; Tanzania; Ethiopia; Somalia; Kenya; Democratic Republic of the Congo,Donor,Prioritise,0.0,MONITOR,0.0,0,0,0,0.00,0.0,NO_VERIFIED_CATALOGUE_MATCH,0,,0.0,NONE,0,0.0,,0.0,MONITOR,No strong commercial signal yet.,Keep on watchlist; revisit when new procurement demand or catalogue-fit evidence appears.,,
acct_d24723d71969,Frontieri Consult PLC,org_fc89933a6a36,Kenya; KH; NG; Somalia; ZA; VN; ZW; IN; Rwanda; GH; SY; TL; IQ; EG; YE; TH; MW; MY; PH; PK; JO; BD; Ethiopia; MM; South Sudan; Democratic Republic of the Congo; ID; NP; TN; Tanzania,Implementing Partner,Qualify,0.0,MONITOR,0.0,0,0,0,0.00,0.0,NO_VERIFIED_CATALOGUE_MATCH,0,,0.0,NONE,0,0.0,,0.0,MONITOR,No strong commercial signal yet.,Keep on watchlist; revisit when new procurement demand or catalogue-fit evidence appears.,,
acct_c9ea05b3182d,FSD Africa,org_136a6a77e595,Kenya,Accountable Agency,Monitor,0.0,MONITOR,0.0,0,0,0,0.00,0.0,NO_VERIFIED_CATALOGUE_MATCH,0,,0.0,NONE,0,0.0,,0.0,MONITOR,No strong commercial signal yet.,Keep on watchlist; revisit when new procurement demand or catalogue-fit evidence appears.,,
acct_38d20954f0d3,Fundaci?n Anesvad,org_5306c09d2ace,Ethiopia,Donor,Prioritise,0.0,MONITOR,0.0,0,0,0,0.00,0.0,NO_VERIFIED_CATALOGUE_MATCH,0,,0.0,NONE,0,0.0,,0.0,MONITOR,No strong commercial signal yet.,Keep on watchlist; revisit when new procurement demand or catalogue-fit evidence appears.,,
acct_8cd6ff5f9eb4,GALMUDUG SUN SECRETARIAT,org_6192f9be23de,Somalia,Implementing Partner,Prioritise,0.0,MONITOR,0.0,0,0,0,0.00,0.0,NO_VERIFIED_CATALOGUE_MATCH,0,,0.0,NONE,0,0.0,,0.0,MONITOR,No strong commercial signal yet.,Keep on watchlist; revisit when new procurement demand or catalogue-fit evidence appears.,,
acct_e70db4b527ec,GARDP Foundation,org_57f100aa9945,BD; GH; IN; Kenya; PK; TH; Uganda; VN; ZA; ZM,Implementing Partner,Prioritise,0.0,MONITOR,0.0,0,0,0,0.00,0.0,NO_VERIFIED_CATALOGUE_MATCH,0,,0.0,NONE,0,0.0,,0.0,MONITOR,No strong commercial signal yet.,Keep on watchlist; revisit when new procurement demand or catalogue-fit evidence appears.,,
acct_aec565631f34,Gargaar Relief and Development Organization,org_09c268e5547f,Somalia,Implementing Partner,Qualify,0.0,MONITOR,0.0,0,0,0,0.00,0.0,NO_VERIFIED_CATALOGUE_MATCH,0,,0.0,NONE,0,0.0,,0.0,MONITOR,No strong commercial signal yet.,Keep on watchlist; revisit when new procurement demand or catalogue-fit evidence appears.,,
acct_7463f1fc3f54,Gates Foundation,org_1d31aa894b28,ZA; AO; CM; Democratic Republic of the Congo; Ethiopia; GH; CI; Kenya; MG; NG; ZW; SN; Uganda; ZM; CG; MZ; Tanzania; Rwanda; GM; MW; ML; PE; PK; BD; IN; ID; VN; Somalia; BJ; SL; BF; DO; GT; HT; HN; NI; PA; MM; KH; LA; PG; CF; TD; NE; South Sudan; YE; PH; BI; NP; GN; DJ; SD; MR; LR; AF; UA; TJ; NA; CN; TG; LS; MX; IR; IQ; SY; MU; SZ; EG; MN; LB; TN; BW,Donor,Prioritise,0.0,MONITOR,0.0,0,0,0,0.00,0.0,NO_VERIFIED_CATALOGUE_MATCH,0,,0.0,NONE,0,0.0,,0.0,MONITOR,No strong commercial signal yet.,Keep on watchlist; revisit when new procurement demand or catalogue-fit evidence appears.,,
acct_892528dba50f,Gates Philanthropy Partners,org_914043e26151,South Sudan; Ethiopia; Kenya,Donor,Prioritise,0.0,MONITOR,0.0,0,0,0,0.00,0.0,NO_VERIFIED_CATALOGUE_MATCH,0,,0.0,NONE,0,0.0,,0.0,MONITOR,No strong commercial signal yet.,Keep on watchlist; revisit when new procurement demand or catalogue-fit evidence appears.,,
acct_0b8a2b3caf8f,GAVI,org_a86eafeb4ee5,Rwanda; Kenya; Tanzania,Accountable Agency,Research,0.0,MONITOR,0.0,0,0,0,0.00,0.0,NO_VERIFIED_CATALOGUE_MATCH,0,,0.0,NONE,0,0.0,,0.0,MONITOR,No strong commercial signal yet.,Keep on watchlist; revisit when new procurement demand or catalogue-fit evidence appears.,,
acct_ed81e9967813,GAVI The Vaccine Alliance,org_aa2df26069b6,Tanzania; Democratic Republic of the Congo; Rwanda; Uganda; Somalia; Ethiopia; South Sudan; Kenya,Donor,Prioritise,0.0,MONITOR,0.0,0,0,0,0.00,0.0,NO_VERIFIED_CATALOGUE_MATCH,0,,0.0,NONE,0,0.0,,0.0,MONITOR,No strong commercial signal yet.,Keep on watchlist; revisit when new procurement demand or catalogue-fit evidence appears.,,
acct_ed81e9967813,"Gavi, the Vaccine Alliance",org_aa2df26069b6,Kenya; Tanzania; Democratic Republic of the Congo; Somalia; Ethiopia; Rwanda; South Sudan; Uganda,Donor,Prioritise,0.0,MONITOR,0.0,0,0,0,0.00,0.0,NO_VERIFIED_CATALOGUE_MATCH,0,,0.0,NONE,0,0.0,,0.0,MONITOR,No strong commercial signal yet.,Keep on watchlist; revisit when new procurement demand or catalogue-fit evidence appears.,,
acct_f8037229ff10,GCC,org_9c11803bf7bc,,Donor,Monitor,0.0,MONITOR,0.0,0,0,0,0.00,0.0,NO_VERIFIED_CATALOGUE_MATCH,0,,0.0,NONE,0,0.0,,0.0,MONITOR,No strong commercial signal yet.,Keep on watchlist; revisit when new procurement demand or catalogue-fit evidence appears.,,
acct_e7495c3daeb0,Geitmyra matkultursenter for barn,org_088575b72514,Tanzania,Implementing Partner,Qualify,0.0,MONITOR,0.0,0,0,0,0.00,0.0,NO_VERIFIED_CATALOGUE_MATCH,0,,0.0,NONE,0,0.0,,0.0,MONITOR,No strong commercial signal yet.,Keep on watchlist; revisit when new procurement demand or catalogue-fit evidence appears.,,
acct_03dfc1a236cf,Gender Violence Recovery Centre,org_b1a15d7d7cd4,Kenya,Accountable Agency,Monitor,0.0,MONITOR,0.0,0,0,0,0.00,0.0,NO_VERIFIED_CATALOGUE_MATCH,0,,0.0,NONE,0,0.0,,0.0,MONITOR,No strong commercial signal yet.,Keep on watchlist; revisit when new procurement demand or catalogue-fit evidence appears.,,
acct_fcfc356129c6,George Institute for Global Health,org_788863bbcba5,IN; SL; Kenya; GB,Implementing Partner,Research,0.0,MONITOR,0.0,0,0,0,0.00,0.0,NO_VERIFIED_CATALOGUE_MATCH,0,,0.0,NONE,0,0.0,,0.0,MONITOR,No strong commercial signal yet.,Keep on watchlist; revisit when new procurement demand or catalogue-fit evidence appears.,,
acct_6610826cd588,Georgia,org_a32e6a7db5f2,Somalia,Donor,Prioritise,0.0,MONITOR,0.0,0,0,0,0.00,0.0,NO_VERIFIED_CATALOGUE_MATCH,0,,0.0,NONE,0,0.0,,0.0,MONITOR,No strong commercial signal yet.,Keep on watchlist; revisit when new procurement demand or catalogue-fit evidence appears.,,
acct_98dd49b15b0c,German Committee for UNICEF,org_67e57e50dec1,South Sudan; Democratic Republic of the Congo; Ethiopia; Somalia; Kenya; Tanzania,Donor,Prioritise,0.0,MONITOR,0.0,0,0,0,0.00,0.0,NO_VERIFIED_CATALOGUE_MATCH,0,,0.0,NONE,0,0.0,,0.0,MONITOR,No strong commercial signal yet.,Keep on watchlist; revisit when new procurement demand or catalogue-fit evidence appears.,,
acct_eeff0da1ac0a,German Doctors e.V.,org_36e2322389ee,Uganda; Kenya,Implementing Partner,Research,0.0,MONITOR,0.0,0,0,0,0.00,0.0,NO_VERIFIED_CATALOGUE_MATCH,0,,0.0,NONE,0,0.0,,0.0,MONITOR,No strong commercial signal yet.,Keep on watchlist; revisit when new procurement demand or catalogue-fit evidence appears.,,
acct_9295ffafff5f,German Federal Foreign Office,org_1ffd06c941b2,Democratic Republic of the Congo; South Sudan; Somalia; Ethiopia; Kenya; Tanzania; Uganda; Rwanda; CM; NE; NG,Donor,Prioritise,0.0,MONITOR,0.0,0,0,0,0.00,0.0,NO_VERIFIED_CATALOGUE_MATCH,0,,0.0,NONE,0,0.0,,0.0,MONITOR,No strong commercial signal yet.,Keep on watchlist; revisit when new procurement demand or catalogue-fit evidence appears.,,
acct_6a1a6fd0ce64,Germany,org_ebe02793a342,Democratic Republic of the Congo; Uganda; Rwanda; Tanzania; CM; NE; South Sudan; Somalia; NG,Donor,Prioritise,0.0,MONITOR,0.0,0,0,0,0.00,0.0,NO_VERIFIED_CATALOGUE_MATCH,0,,0.0,NONE,0,0.0,,0.0,MONITOR,No strong commercial signal yet.,Keep on watchlist; revisit when new procurement demand or catalogue-fit evidence appears.,,
acct_bf38aa3dc54e,Germany - Ministry for the Environmentcomma Nature Conservation and Nuclear Safety,org_fe07dcb2be90,Somalia,Donor,Prioritise,0.0,MONITOR,0.0,0,0,0,0.00,0.0,NO_VERIFIED_CATALOGUE_MATCH,0,,0.0,NONE,0,0.0,,0.0,MONITOR,No strong commercial signal yet.,Keep on watchlist; revisit when new procurement demand or catalogue-fit evidence appears.,,
acct_8a50770091c1,Gesundes Afrika e.V.,org_7e8bb468f642,Uganda,Donor,Prioritise,0.0,MONITOR,0.0,0,0,0,0.00,0.0,NO_VERIFIED_CATALOGUE_MATCH,0,,0.0,NONE,0,0.0,,0.0,MONITOR,No strong commercial signal yet.,Keep on watchlist; revisit when new procurement demand or catalogue-fit evidence appears.,,
acct_30577a68ba76,"Gesundes Afrika, Gesellschaft für Medizin und Forschung in Afrika e.V.",org_0ebd2fad64d4,Democratic Republic of the Congo; Rwanda,Implementing Partner,Research,0.0,MONITOR,0.0,0,0,0,0.00,0.0,NO_VERIFIED_CATALOGUE_MATCH,0,,0.0,NONE,0,0.0,,0.0,MONITOR,No strong commercial signal yet.,Keep on watchlist; revisit when new procurement demand or catalogue-fit evidence appears.,,
acct_30411168c9db,Ghent University,org_9001fc95008b,Ethiopia,Implementing Partner,Prioritise,0.0,MONITOR,0.0,0,0,0,0.00,0.0,NO_VERIFIED_CATALOGUE_MATCH,0,,0.0,NONE,0,0.0,,0.0,MONITOR,No strong commercial signal yet.,Keep on watchlist; revisit when new procurement demand or catalogue-fit evidence appears.,,
acct_30411168c9db,Ghent University,org_9001fc95008b,Democratic Republic of the Congo; Tanzania; Kenya; Uganda; Rwanda; Ethiopia,Implementing Partner,Qualify,0.0,MONITOR,0.0,0,0,0,0.00,0.0,NO_VERIFIED_CATALOGUE_MATCH,0,,0.0,NONE,0,0.0,,0.0,MONITOR,No strong commercial signal yet.,Keep on watchlist; revisit when new procurement demand or catalogue-fit evidence appears.,,
acct_2dc36c583718,"Gilead Sciences, Inc.",org_fc65fad47401,Somalia; Ethiopia; Kenya; South Sudan,Donor,Prioritise,0.0,MONITOR,0.0,0,0,0,0.00,0.0,NO_VERIFIED_CATALOGUE_MATCH,0,,0.0,NONE,0,0.0,,0.0,MONITOR,No strong commercial signal yet.,Keep on watchlist; revisit when new procurement demand or catalogue-fit evidence appears.,,
acct_e99c9883b2ab,GIRL EFFECT,org_362c561a73f0,Ethiopia,Implementing Partner,Prioritise,0.0,MONITOR,0.0,0,0,0,0.00,0.0,NO_VERIFIED_CATALOGUE_MATCH,0,,0.0,NONE,0,0.0,,0.0,MONITOR,No strong commercial signal yet.,Keep on watchlist; revisit when new procurement demand or catalogue-fit evidence appears.,,
acct_3ff42abe24d2,Girls’ Education Challenge – Fund Manager PwC,org_1de1651f1927,Kenya; ZW; Uganda; Democratic Republic of the Congo; Ethiopia; GH; MZ; NP; NG; Rwanda; SL; Tanzania; ZM; PK; MW,Accountable Agency,Qualify,0.0,MONITOR,0.0,0,0,0,0.00,0.0,NO_VERIFIED_CATALOGUE_MATCH,0,,0.0,NONE,0,0.0,,0.0,MONITOR,No strong commercial signal yet.,Keep on watchlist; revisit when new procurement demand or catalogue-fit evidence appears.,,
acct_5e5344f15bc7,GIVEDIRECTLY,org_633ac2247ebe,Uganda,Implementing Partner,Research,0.0,MONITOR,0.0,0,0,0,0.00,0.0,NO_VERIFIED_CATALOGUE_MATCH,0,,0.0,NONE,0,0.0,,0.0,MONITOR,No strong commercial signal yet.,Keep on watchlist; revisit when new procurement demand or catalogue-fit evidence appears.,,
acct_5e5344f15bc7,GiveDirectly,org_633ac2247ebe,Kenya,Implementing Partner,Research,0.0,MONITOR,0.0,0,0,0,0.00,0.0,NO_VERIFIED_CATALOGUE_MATCH,0,,0.0,NONE,0,0.0,,0.0,MONITOR,No strong commercial signal yet.,Keep on watchlist; revisit when new procurement demand or catalogue-fit evidence appears.,,
acct_8d1a74569b77,GiveWell,org_04a64e63360b,Kenya; South Sudan; BF; NG; GW; TD; MZ; TG; Uganda; GB; Democratic Republic of the Congo,Donor,Prioritise,0.0,MONITOR,0.0,0,0,0,0.00,0.0,NO_VERIFIED_CATALOGUE_MATCH,0,,0.0,NONE,0,0.0,,0.0,MONITOR,No strong commercial signal yet.,Keep on watchlist; revisit when new procurement demand or catalogue-fit evidence appears.,,
acct_d30ab9e0b2f4,GIZ,org_f4a533b61c27,Kenya; KR; MN; KH; LA; TH; IN; KG; MK; TJ; UZ; RS; KW; PS; SA,Donor,Qualify,0.0,MONITOR,0.0,0,0,0,0.00,0.0,NO_VERIFIED_CATALOGUE_MATCH,0,,0.0,NONE,0,0.0,,0.0,MONITOR,No strong commercial signal yet.,Keep on watchlist; revisit when new procurement demand or catalogue-fit evidence appears.,,
acct_914172b44672,GlaxoSmithKline (GSK),org_2eb9d95ac006,AO; BI; Ethiopia; LS; MG; MW; MZ; Rwanda; South Sudan; Tanzania; Uganda; ZM; Kenya,Donor,Qualify,0.0,MONITOR,0.0,0,0,0,0.00,0.0,NO_VERIFIED_CATALOGUE_MATCH,0,,0.0,NONE,0,0.0,,0.0,MONITOR,No strong commercial signal yet.,Keep on watchlist; revisit when new procurement demand or catalogue-fit evidence appears.,,
acct_f881ab57a2d6,Global Agriculture and Food Security Program (GAFSP) - World Bank as Supervising Entity,org_a8fdb3469218,Democratic Republic of the Congo,Implementing Partner,Prioritise,0.0,MONITOR,0.0,0,0,0,0.00,0.0,NO_VERIFIED_CATALOGUE_MATCH,0,,0.0,NONE,0,0.0,,0.0,MONITOR,No strong commercial signal yet.,Keep on watchlist; revisit when new procurement demand or catalogue-fit evidence appears.,,
acct_3a2d9bc6a08e,Global Alliance for Improved Nutrition,org_b2f65ab50e19,Ethiopia; Kenya; NG; Tanzania; IN; BD,Implementing Partner,Prioritise,0.0,MONITOR,0.0,0,0,0,0.00,0.0,NO_VERIFIED_CATALOGUE_MATCH,0,,0.0,NONE,0,0.0,,0.0,MONITOR,No strong commercial signal yet.,Keep on watchlist; revisit when new procurement demand or catalogue-fit evidence appears.,,
acct_3a2d9bc6a08e,GLOBAL ALLIANCE FOR IMPROVED NUTRITION,org_b2f65ab50e19,Ethiopia,Implementing Partner,Prioritise,0.0,MONITOR,0.0,0,0,0,0.00,0.0,NO_VERIFIED_CATALOGUE_MATCH,0,,0.0,NONE,0,0.0,,0.0,MONITOR,No strong commercial signal yet.,Keep on watchlist; revisit when new procurement demand or catalogue-fit evidence appears.,,
acct_3a2d9bc6a08e,Global Alliance for Improved Nutrition,org_b2f65ab50e19,BD; BJ; Ethiopia; ID; IN; Kenya; MZ; NG; PK; Tanzania,Implementing Partner,Qualify,0.0,MONITOR,0.0,0,0,0,0.00,0.0,NO_VERIFIED_CATALOGUE_MATCH,0,,0.0,NONE,0,0.0,,0.0,MONITOR,No strong commercial signal yet.,Keep on watchlist; revisit when new procurement demand or catalogue-fit evidence appears.,,
acct_8813f37c60d6,Global Alliance of Assistive Technology Organizations,org_bd759540a46d,Kenya; BD; JO; Uganda; GB; AF; BE; FJ; ID; LK; IN; ZA; CH,Implementing Partner,Prioritise,0.0,MONITOR,0.0,0,0,0,0.00,0.0,NO_VERIFIED_CATALOGUE_MATCH,0,,0.0,NONE,0,0.0,,0.0,MONITOR,No strong commercial signal yet.,Keep on watchlist; revisit when new procurement demand or catalogue-fit evidence appears.,,
acct_e14327ca879c,"Global Asthma Network, New Zealand",org_9359fe17331e,CM; Ethiopia; GH; Kenya; MW; NG; ZA; SD; Tanzania; Uganda; NZ; GB,Implementing Partner,Qualify,0.0,MONITOR,0.0,0,0,0,0.00,0.0,NO_VERIFIED_CATALOGUE_MATCH,0,,0.0,NONE,0,0.0,,0.0,MONITOR,No strong commercial signal yet.,Keep on watchlist; revisit when new procurement demand or catalogue-fit evidence appears.,,
acct_d6df6db4fc95,Global - Child Protection,org_ba2673e3148d,South Sudan; Rwanda,Donor,Prioritise,0.0,MONITOR,0.0,0,0,0,0.00,0.0,NO_VERIFIED_CATALOGUE_MATCH,0,,0.0,NONE,0,0.0,,0.0,MONITOR,No strong commercial signal yet.,Keep on watchlist; revisit when new procurement demand or catalogue-fit evidence appears.,,
acct_d6df6db4fc95,Global - Child Protection,org_ba2673e3148d,South Sudan; Uganda; Rwanda,Donor,Qualify,0.0,MONITOR,0.0,0,0,0,0.00,0.0,NO_VERIFIED_CATALOGUE_MATCH,0,,0.0,NONE,0,0.0,,0.0,MONITOR,No strong commercial signal yet.,Keep on watchlist; revisit when new procurement demand or catalogue-fit evidence appears.,,
acct_3ea209a19660,GLOBAL DEVELOPMENT NETWORK,org_b447a8ecbc8a,Kenya; KH; NG; Somalia; ZA; VN; ZW; IN; Rwanda; GH; SY; TL; IQ; EG; YE; TH; MW; MY; PH; PK; JO; BD; Ethiopia; MM; South Sudan; Democratic Republic of the Congo; ID; NP; TN; Tanzania,Implementing Partner,Qualify,0.0,MONITOR,0.0,0,0,0,0.00,0.0,NO_VERIFIED_CATALOGUE_MATCH,0,,0.0,NONE,0,0.0,,0.0,MONITOR,No strong commercial signal yet.,Keep on watchlist; revisit when new procurement demand or catalogue-fit evidence appears.,,
acct_b1ac86439602,Global Disability Innovation Hub,org_3ae1ebed193a,Kenya; BD; JO; Uganda; GB; AF; BE; FJ; ID; LK; IN; ZA; CH; EG; IE; NP; Rwanda; US; MW; GH; CO; SL; FR; MN; BR; Tanzania; TJ; NG; ZW; LR,Implementing Partner,Qualify,0.0,MONITOR,0.0,0,0,0,0.00,0.0,NO_VERIFIED_CATALOGUE_MATCH,0,,0.0,NONE,0,0.0,,0.0,MONITOR,No strong commercial signal yet.,Keep on watchlist; revisit when new procurement demand or catalogue-fit evidence appears.,,
acct_d5ec058dcf3c,Global - Education,org_e12d10d93d38,South Sudan; Rwanda; Kenya; Democratic Republic of the Congo; Uganda,Donor,Prioritise,0.0,MONITOR,0.0,0,0,0,0.00,0.0,NO_VERIFIED_CATALOGUE_MATCH,0,,0.0,NONE,0,0.0,,0.0,MONITOR,No strong commercial signal yet.,Keep on watchlist; revisit when new procurement demand or catalogue-fit evidence appears.,,
acct_e0bc98ada44e,Global Financing Facility,org_2fdad4a8e791,Tanzania; Ethiopia,Donor,Prioritise,0.0,MONITOR,0.0,0,0,0,0.00,0.0,NO_VERIFIED_CATALOGUE_MATCH,0,,0.0,NONE,0,0.0,,0.0,MONITOR,No strong commercial signal yet.,Keep on watchlist; revisit when new procurement demand or catalogue-fit evidence appears.,,
acct_23c49057ff5a,Global Financing Facility for Womencomma Children and Adolescents Multi-Donor Trust Fund,org_96632dee2df1,Ethiopia; Somalia; Tanzania; Kenya,Implementing Partner,Prioritise,0.0,MONITOR,0.0,0,0,0,0.00,0.0,NO_VERIFIED_CATALOGUE_MATCH,0,,0.0,NONE,0,0.0,,0.0,MONITOR,No strong commercial signal yet.,Keep on watchlist; revisit when new procurement demand or catalogue-fit evidence appears.,,
acct_59a719b023a4,Global Fund,org_6c5f14b4fe88,Kenya,Donor,Qualify,0.0,MONITOR,0.0,0,0,0,0.00,0.0,NO_VERIFIED_CATALOGUE_MATCH,0,,0.0,NONE,0,0.0,,0.0,MONITOR,No strong commercial signal yet.,Keep on watchlist; revisit when new procurement demand or catalogue-fit evidence appears.,,
acct_35df74c81d79,GLOBAL FUND FOR WOMEN,org_0d80e1628db7,Kenya,Implementing Partner,Monitor,0.0,MONITOR,0.0,0,0,0,0.00,0.0,NO_VERIFIED_CATALOGUE_MATCH,0,,0.0,NONE,0,0.0,,0.0,MONITOR,No strong commercial signal yet.,Keep on watchlist; revisit when new procurement demand or catalogue-fit evidence appears.,,
acct_5e6285173058,Global - Gender Equality,org_ad0601a72f41,Democratic Republic of the Congo; Somalia,Donor,Prioritise,0.0,MONITOR,0.0,0,0,0,0.00,0.0,NO_VERIFIED_CATALOGUE_MATCH,0,,0.0,NONE,0,0.0,,0.0,MONITOR,No strong commercial signal yet.,Keep on watchlist; revisit when new procurement demand or catalogue-fit evidence appears.,,
acct_48735b2c0072,Global - Health,org_787479b35a2f,South Sudan; Democratic Republic of the Congo; Somalia; Kenya; Rwanda; Tanzania; Ethiopia,Donor,Prioritise,0.0,MONITOR,0.0,0,0,0,0.00,0.0,NO_VERIFIED_CATALOGUE_MATCH,0,,0.0,NONE,0,0.0,,0.0,MONITOR,No strong commercial signal yet.,Keep on watchlist; revisit when new procurement demand or catalogue-fit evidence appears.,,
acct_23c7ac717980,Global Health Strategies LLC,org_3cc34a926749,ZA; Kenya; MZ; NG; IN; ID,Implementing Partner,Qualify,0.0,MONITOR,0.0,0,0,0,0.00,0.0,NO_VERIFIED_CATALOGUE_MATCH,0,,0.0,NONE,0,0.0,,0.0,MONITOR,No strong commercial signal yet.,Keep on watchlist; revisit when new procurement demand or catalogue-fit evidence appears.,,
acct_c6d920341016,Global - HIV and AIDS,org_aa16e0a2122a,Uganda; Ethiopia; Rwanda; Kenya; Tanzania; South Sudan,Donor,Prioritise,0.0,MONITOR,0.0,0,0,0,0.00,0.0,NO_VERIFIED_CATALOGUE_MATCH,0,,0.0,NONE,0,0.0,,0.0,MONITOR,No strong commercial signal yet.,Keep on watchlist; revisit when new procurement demand or catalogue-fit evidence appears.,,
acct_ff6e818ed349,Global Innovation Fund,org_1e0fd9397028,Kenya; Uganda,Reporting Organisation,Research,0.0,MONITOR,0.0,0,0,0,0.00,0.0,NO_VERIFIED_CATALOGUE_MATCH,0,,0.0,NONE,0,0.0,,0.0,MONITOR,No strong commercial signal yet.,Keep on watchlist; revisit when new procurement demand or catalogue-fit evidence appears.,,
acct_1720596f0121,Global - Nutrition,org_288e87e81bf8,South Sudan; Rwanda; Tanzania; Democratic Republic of the Congo; Ethiopia; Kenya; Uganda,Donor,Prioritise,0.0,MONITOR,0.0,0,0,0,0.00,0.0,NO_VERIFIED_CATALOGUE_MATCH,0,,0.0,NONE,0,0.0,,0.0,MONITOR,No strong commercial signal yet.,Keep on watchlist; revisit when new procurement demand or catalogue-fit evidence appears.,,
acct_1a65849f7629,Global Partnership for Education,org_bbbbc8998ac5,Rwanda; South Sudan; Ethiopia,Donor,Prioritise,0.0,MONITOR,0.0,0,0,0,0.00,0.0,NO_VERIFIED_CATALOGUE_MATCH,0,,0.0,NONE,0,0.0,,0.0,MONITOR,No strong commercial signal yet.,Keep on watchlist; revisit when new procurement demand or catalogue-fit evidence appears.,,
acct_c7f2b744e498,Global - Programmes,org_2677c8d9988e,Democratic Republic of the Congo; Rwanda,Donor,Prioritise,0.0,MONITOR,0.0,0,0,0,0.00,0.0,NO_VERIFIED_CATALOGUE_MATCH,0,,0.0,NONE,0,0.0,,0.0,MONITOR,No strong commercial signal yet.,Keep on watchlist; revisit when new procurement demand or catalogue-fit evidence appears.,,
acct_5b1eb23e5b4e,Global - Social Policy & Social,org_4614862cc55e,Democratic Republic of the Congo,Donor,Prioritise,0.0,MONITOR,0.0,0,0,0,0.00,0.0,NO_VERIFIED_CATALOGUE_MATCH,0,,0.0,NONE,0,0.0,,0.0,MONITOR,No strong commercial signal yet.,Keep on watchlist; revisit when new procurement demand or catalogue-fit evidence appears.,,
acct_5a4c030c129e,Global - Thematic Humanitarian Resp,org_feb359fc4dce,Tanzania; Democratic Republic of the Congo; South Sudan; Rwanda; Uganda; Somalia; Ethiopia; Kenya,Donor,Prioritise,0.0,MONITOR,0.0,0,0,0,0.00,0.0,NO_VERIFIED_CATALOGUE_MATCH,0,,0.0,NONE,0,0.0,,0.0,MONITOR,No strong commercial signal yet.,Keep on watchlist; revisit when new procurement demand or catalogue-fit evidence appears.,,
acct_5bd491d36776,Global - Water Sanitation & Hygiene,org_6e1a4e4a8d8d,South Sudan; Rwanda; Kenya; Uganda; Ethiopia; Somalia; Tanzania,Donor,Prioritise,0.0,MONITOR,0.0,0,0,0,0.00,0.0,NO_VERIFIED_CATALOGUE_MATCH,0,,0.0,NONE,0,0.0,,0.0,MONITOR,No strong commercial signal yet.,Keep on watchlist; revisit when new procurement demand or catalogue-fit evidence appears.,,
acct_57ffef385adb,GLOBALFUND,org_ebc637bcf149,Kenya,Donor,Qualify,0.0,MONITOR,0.0,0,0,0,0.00,0.0,NO_VERIFIED_CATALOGUE_MATCH,0,,0.0,NONE,0,0.0,,0.0,MONITOR,No strong commercial signal yet.,Keep on watchlist; revisit when new procurement demand or catalogue-fit evidence appears.,,
acct_97b9cac27d55,GOAL,org_af21f62f696e,South Sudan,Donor,Qualify,0.0,MONITOR,0.0,0,0,0,0.00,0.0,NO_VERIFIED_CATALOGUE_MATCH,0,,0.0,NONE,0,0.0,,0.0,MONITOR,No strong commercial signal yet.,Keep on watchlist; revisit when new procurement demand or catalogue-fit evidence appears.,,
acct_faec6b1fea3b,GOAL SOUTH SUDAN,org_f87bfc4dc593,South Sudan,Implementing Partner,Prioritise,0.0,MONITOR,0.0,0,0,0,0.00,0.0,NO_VERIFIED_CATALOGUE_MATCH,0,,0.0,NONE,0,0.0,,0.0,MONITOR,No strong commercial signal yet.,Keep on watchlist; revisit when new procurement demand or catalogue-fit evidence appears.,,
acct_36cc69aa07a4,Good Ventures,org_19754a2ec844,BF; NG; GW; TD; MZ; TG; Uganda; GB; South Sudan,Donor,Qualify,0.0,MONITOR,0.0,0,0,0,0.00,0.0,NO_VERIFIED_CATALOGUE_MATCH,0,,0.0,NONE,0,0.0,,0.0,MONITOR,No strong commercial signal yet.,Keep on watchlist; revisit when new procurement demand or catalogue-fit evidence appears.,,
acct_6cbbbc6055c0,Google Inc.,org_a680d3242dbb,Kenya; IN; SL; NP; GH; BR; GB; ZA,Donor,Qualify,0.0,MONITOR,0.0,0,0,0,0.00,0.0,NO_VERIFIED_CATALOGUE_MATCH,0,,0.0,NONE,0,0.0,,0.0,MONITOR,No strong commercial signal yet.,Keep on watchlist; revisit when new procurement demand or catalogue-fit evidence appears.,,
acct_ef5d6d9d514f,Gouvernement du bénéficiaire,org_888a6cd184a0,Tanzania; Kenya; Uganda; Ethiopia; Rwanda; Democratic Republic of the Congo,Implementing Partner,Prioritise,0.0,MONITOR,0.0,0,0,0,0.00,0.0,NO_VERIFIED_CATALOGUE_MATCH,0,,0.0,NONE,0,0.0,,0.0,MONITOR,No strong commercial signal yet.,Keep on watchlist; revisit when new procurement demand or catalogue-fit evidence appears.,,
acct_42b920ce2686,Gouvernement du donneur,org_8ef0db369406,Somalia,Implementing Partner,Monitor,0.0,MONITOR,0.0,0,0,0,0.00,0.0,NO_VERIFIED_CATALOGUE_MATCH,0,,0.0,NONE,0,0.0,,0.0,MONITOR,No strong commercial signal yet.,Keep on watchlist; revisit when new procurement demand or catalogue-fit evidence appears.,,
acct_92568de7ff9e,Gouvernement local (SUD/EST),org_1aaa3157dcec,Ethiopia; Democratic Republic of the Congo; Tanzania; Kenya,Implementing Partner,Prioritise,0.0,MONITOR,0.0,0,0,0,0.00,0.0,NO_VERIFIED_CATALOGUE_MATCH,0,,0.0,NONE,0,0.0,,0.0,MONITOR,No strong commercial signal yet.,Keep on watchlist; revisit when new procurement demand or catalogue-fit evidence appears.,,
acct_7543890f2abe,Gouvernment central (CH),org_4bf25948f37b,Tanzania; Rwanda; Democratic Republic of the Congo,Implementing Partner,Research,0.0,MONITOR,0.0,0,0,0,0.00,0.0,NO_VERIFIED_CATALOGUE_MATCH,0,,0.0,NONE,0,0.0,,0.0,MONITOR,No strong commercial signal yet.,Keep on watchlist; revisit when new procurement demand or catalogue-fit evidence appears.,,
acct_1aa4bf08d37a,Government of Austria,org_d6c9e1ad9414,Tanzania; Ethiopia,Donor,Prioritise,0.0,MONITOR,0.0,0,0,0,0.00,0.0,NO_VERIFIED_CATALOGUE_MATCH,0,,0.0,NONE,0,0.0,,0.0,MONITOR,No strong commercial signal yet.,Keep on watchlist; revisit when new procurement demand or catalogue-fit evidence appears.,,
acct_3049f499c810,"Government of Congo (the Democratic Republic of the) (Ministry of Public Health, Hygiene and Prevention)",org_5b453f85f36a,Democratic Republic of the Congo,Implementing Partner,Research,0.0,MONITOR,0.0,0,0,0,0.00,0.0,NO_VERIFIED_CATALOGUE_MATCH,0,,0.0,NONE,0,0.0,,0.0,MONITOR,No strong commercial signal yet.,Keep on watchlist; revisit when new procurement demand or catalogue-fit evidence appears.,,
acct_83beefe359ec,GOVERNMENT OF MAKUENI COUNTY,org_6b1950d022f6,Kenya,Implementing Partner,Prioritise,0.0,MONITOR,0.0,0,0,0,0.00,0.0,NO_VERIFIED_CATALOGUE_MATCH,0,,0.0,NONE,0,0.0,,0.0,MONITOR,No strong commercial signal yet.,Keep on watchlist; revisit when new procurement demand or catalogue-fit evidence appears.,,
acct_bee598793337,Government of Rwanda (MINISTRY OF HEALTH (MOH)),org_accbbd9562e4,Rwanda,Implementing Partner,Research,0.0,MONITOR,0.0,0,0,0,0.00,0.0,NO_VERIFIED_CATALOGUE_MATCH,0,,0.0,NONE,0,0.0,,0.0,MONITOR,No strong commercial signal yet.,Keep on watchlist; revisit when new procurement demand or catalogue-fit evidence appears.,,
acct_17057efd0db9,Government of Somalia (Ministry of Health),org_c4d6e7c07312,Somalia,Implementing Partner,Research,0.0,MONITOR,0.0,0,0,0,0.00,0.0,NO_VERIFIED_CATALOGUE_MATCH,0,,0.0,NONE,0,0.0,,0.0,MONITOR,No strong commercial signal yet.,Keep on watchlist; revisit when new procurement demand or catalogue-fit evidence appears.,,
acct_f0237fd14f27,Government of South Sudan (Ministry of Health),org_c8260416c84b,South Sudan,Implementing Partner,Research,0.0,MONITOR,0.0,0,0,0,0.00,0.0,NO_VERIFIED_CATALOGUE_MATCH,0,,0.0,NONE,0,0.0,,0.0,MONITOR,No strong commercial signal yet.,Keep on watchlist; revisit when new procurement demand or catalogue-fit evidence appears.,,
acct_1a2aa4cffa27,Government of Tanzania - Ministry of Finance,org_52c71d3349f0,Tanzania,Implementing Partner,Prioritise,0.0,MONITOR,0.0,0,0,0,0.00,0.0,NO_VERIFIED_CATALOGUE_MATCH,0,,0.0,NONE,0,0.0,,0.0,MONITOR,No strong commercial signal yet.,Keep on watchlist; revisit when new procurement demand or catalogue-fit evidence appears.,,
acct_aa2785e3ec62,"Government of Wallonia, Belgium",org_d9f2216a6886,Democratic Republic of the Congo,Donor,Qualify,0.0,MONITOR,0.0,0,0,0,0.00,0.0,NO_VERIFIED_CATALOGUE_MATCH,0,,0.0,NONE,0,0.0,,0.0,MONITOR,No strong commercial signal yet.,Keep on watchlist; revisit when new procurement demand or catalogue-fit evidence appears.,,
acct_a3c25f927758,government partner country: financial coop. - DGCD partner,org_3e3b3e030797,Kenya,Implementing Partner,Research,0.0,MONITOR,0.0,0,0,0,0.00,0.0,NO_VERIFIED_CATALOGUE_MATCH,0,,0.0,NONE,0,0.0,,0.0,MONITOR,No strong commercial signal yet.,Keep on watchlist; revisit when new procurement demand or catalogue-fit evidence appears.,,
acct_82a914b9312a,GPNRS AGRICULTURE AND NATURAL RESOURCES DEVELOPMENT BUREAU,org_24900305529f,Ethiopia,Implementing Partner,Prioritise,0.0,MONITOR,0.0,0,0,0,0.00,0.0,NO_VERIFIED_CATALOGUE_MATCH,0,,0.0,NONE,0,0.0,,0.0,MONITOR,No strong commercial signal yet.,Keep on watchlist; revisit when new procurement demand or catalogue-fit evidence appears.,,
acct_2060d7afb60d,GPNRS ATTORNEY GENERAL,org_f8a04aeab317,Ethiopia,Implementing Partner,Prioritise,0.0,MONITOR,0.0,0,0,0,0.00,0.0,NO_VERIFIED_CATALOGUE_MATCH,0,,0.0,NONE,0,0.0,,0.0,MONITOR,No strong commercial signal yet.,Keep on watchlist; revisit when new procurement demand or catalogue-fit evidence appears.,,
acct_8993ae8788e3,GPNRS BUREAU OF WOMEN CHILDREN AND YOUTH AFFAIRS,org_322706ccf4d9,Ethiopia,Implementing Partner,Prioritise,0.0,MONITOR,0.0,0,0,0,0.00,0.0,NO_VERIFIED_CATALOGUE_MATCH,0,,0.0,NONE,0,0.0,,0.0,MONITOR,No strong commercial signal yet.,Keep on watchlist; revisit when new procurement demand or catalogue-fit evidence appears.,,
acct_b6e1ca38f4b5,GPNRS DISASTER PREVENTION AND FOOD SECURITY AGENCY,org_9fce647a76a0,Ethiopia,Implementing Partner,Prioritise,0.0,MONITOR,0.0,0,0,0,0.00,0.0,NO_VERIFIED_CATALOGUE_MATCH,0,,0.0,NONE,0,0.0,,0.0,MONITOR,No strong commercial signal yet.,Keep on watchlist; revisit when new procurement demand or catalogue-fit evidence appears.,,
acct_4f13f5b9331e,GPNRS HEALTH BUREAU,org_60cabcf81bd7,Ethiopia,Implementing Partner,Prioritise,0.0,MONITOR,0.0,0,0,0,0.00,0.0,NO_VERIFIED_CATALOGUE_MATCH,0,,0.0,NONE,0,0.0,,0.0,MONITOR,No strong commercial signal yet.,Keep on watchlist; revisit when new procurement demand or catalogue-fit evidence appears.,,
acct_8a9fcc839422,GPNRS LIVESTOCK AND FISHE RES DEV BUREAU,org_ec9e37b6b570,Ethiopia,Implementing Partner,Prioritise,0.0,MONITOR,0.0,0,0,0,0.00,0.0,NO_VERIFIED_CATALOGUE_MATCH,0,,0.0,NONE,0,0.0,,0.0,MONITOR,No strong commercial signal yet.,Keep on watchlist; revisit when new procurement demand or catalogue-fit evidence appears.,,
acct_bb8ad3f93065,GPNRS VITAL EVENT REGISTRATION AGENCY,org_d10caef35eb7,Ethiopia,Implementing Partner,Prioritise,0.0,MONITOR,0.0,0,0,0,0.00,0.0,NO_VERIFIED_CATALOGUE_MATCH,0,,0.0,NONE,0,0.0,,0.0,MONITOR,No strong commercial signal yet.,Keep on watchlist; revisit when new procurement demand or catalogue-fit evidence appears.,,
acct_379da54f84f5,Grabet Tehadiso Mahber,org_7e08e62ca245,Ethiopia,Implementing Partner,Qualify,0.0,MONITOR,0.0,0,0,0,0.00,0.0,NO_VERIFIED_CATALOGUE_MATCH,0,,0.0,NONE,0,0.0,,0.0,MONITOR,No strong commercial signal yet.,Keep on watchlist; revisit when new procurement demand or catalogue-fit evidence appears.,,
acct_1f6773ca9160,Grand Challenges Canada,org_d26ab604c63b,Uganda,Donor,Qualify,0.0,MONITOR,0.0,0,0,0,0.00,0.0,NO_VERIFIED_CATALOGUE_MATCH,0,,0.0,NONE,0,0.0,,0.0,MONITOR,No strong commercial signal yet.,Keep on watchlist; revisit when new procurement demand or catalogue-fit evidence appears.,,
acct_b7d79f241f43,GRASSROOTS EMPOWERMENT AND DEVELOPMENT ORGANIZATION,org_5f110cfbaa20,South Sudan,Implementing Partner,Prioritise,0.0,MONITOR,0.0,0,0,0,0.00,0.0,NO_VERIFIED_CATALOGUE_MATCH,0,,0.0,NONE,0,0.0,,0.0,MONITOR,No strong commercial signal yet.,Keep on watchlist; revisit when new procurement demand or catalogue-fit evidence appears.,,
acct_fbd0402e6a99,GREAT COMMISSION OPERATION MERCY,org_74c695f78336,South Sudan,Implementing Partner,Prioritise,0.0,MONITOR,0.0,0,0,0,0.00,0.0,NO_VERIFIED_CATALOGUE_MATCH,0,,0.0,NONE,0,0.0,,0.0,MONITOR,No strong commercial signal yet.,Keep on watchlist; revisit when new procurement demand or catalogue-fit evidence appears.,,
acct_f547583edbf7,GREEN CLIMATE FUND,org_35a578db02ef,Uganda,Donor,Research,0.0,MONITOR,0.0,0,0,0,0.00,0.0,NO_VERIFIED_CATALOGUE_MATCH,0,,0.0,NONE,0,0.0,,0.0,MONITOR,No strong commercial signal yet.,Keep on watchlist; revisit when new procurement demand or catalogue-fit evidence appears.,,
acct_73f82d8b9044,Green Climate Fund (GCF) - Cooling Facility Trust Fund,org_f5b455bfece0,Somalia,Implementing Partner,Prioritise,0.0,MONITOR,0.0,0,0,0,0.00,0.0,NO_VERIFIED_CATALOGUE_MATCH,0,,0.0,NONE,0,0.0,,0.0,MONITOR,No strong commercial signal yet.,Keep on watchlist; revisit when new procurement demand or catalogue-fit evidence appears.,,
acct_396268e563d1,GREEN GUARANTEE COMPANY LTD,org_f7b9490a0e5f,MY; PH; Kenya; TH,Implementing Partner,Monitor,0.0,MONITOR,0.0,0,0,0,0.00,0.0,NO_VERIFIED_CATALOGUE_MATCH,0,,0.0,NONE,0,0.0,,0.0,MONITOR,No strong commercial signal yet.,Keep on watchlist; revisit when new procurement demand or catalogue-fit evidence appears.,,
acct_764f31a082a5,Green Pastures hospital,org_e68d69d85fab,BE; EG; IE; NP; Rwanda; CH; GB; US,Implementing Partner,Prioritise,0.0,MONITOR,0.0,0,0,0,0.00,0.0,NO_VERIFIED_CATALOGUE_MATCH,0,,0.0,NONE,0,0.0,,0.0,MONITOR,No strong commercial signal yet.,Keep on watchlist; revisit when new procurement demand or catalogue-fit evidence appears.,,
acct_c316f728452d,GREG SHAPLAND,org_45ddf78c503f,Kenya; KH; NG; Somalia; ZA; VN; ZW; IN; Rwanda; GH; SY; TL; IQ; EG; YE; TH; MW; MY; PH; PK; JO; BD; Ethiopia; MM; South Sudan; Democratic Republic of the Congo; ID; NP; TN; Tanzania,Implementing Partner,Qualify,0.0,MONITOR,0.0,0,0,0,0.00,0.0,NO_VERIFIED_CATALOGUE_MATCH,0,,0.0,NONE,0,0.0,,0.0,MONITOR,No strong commercial signal yet.,Keep on watchlist; revisit when new procurement demand or catalogue-fit evidence appears.,,
acct_e6d7f820a3e3,GRID3 Inc,org_112787e8c4b6,Democratic Republic of the Congo; NG,Implementing Partner,Prioritise,0.0,MONITOR,0.0,0,0,0,0.00,0.0,NO_VERIFIED_CATALOGUE_MATCH,0,,0.0,NONE,0,0.0,,0.0,MONITOR,No strong commercial signal yet.,Keep on watchlist; revisit when new procurement demand or catalogue-fit evidence appears.,,
acct_a63f1a3518b8,GROUPE D APPUI CONSEILS AUX REALISATIONS POUR LE DEVELOPPEMENT ENDOGENE,org_636febc03f95,Democratic Republic of the Congo,Implementing Partner,Prioritise,0.0,MONITOR,0.0,0,0,0,0.00,0.0,NO_VERIFIED_CATALOGUE_MATCH,0,,0.0,NONE,0,0.0,,0.0,MONITOR,No strong commercial signal yet.,Keep on watchlist; revisit when new procurement demand or catalogue-fit evidence appears.,,
acct_edc0161bb1e0,GROUPE DE RECHERCHE D APPUI AUX INTERVENTION INTEGREES DE LA NUTRITION,org_a6432d706c2f,Democratic Republic of the Congo,Implementing Partner,Prioritise,0.0,MONITOR,0.0,0,0,0,0.00,0.0,NO_VERIFIED_CATALOGUE_MATCH,0,,0.0,NONE,0,0.0,,0.0,MONITOR,No strong commercial signal yet.,Keep on watchlist; revisit when new procurement demand or catalogue-fit evidence appears.,,
acct_e1a4fe6e30f6,GROUPE URGENCE REHABILITATION DEVELOPPEMENT,org_0a13acbf8a25,Kenya; KH; NG; Somalia; ZA; VN; ZW; IN; Rwanda; GH; SY; TL; IQ; EG; YE; TH; MW; MY; PH; PK; JO; BD; Ethiopia; MM; South Sudan; Democratic Republic of the Congo; ID; NP; TN; Tanzania; BW; SL,Implementing Partner,Research,0.0,MONITOR,0.0,0,0,0,0.00,0.0,NO_VERIFIED_CATALOGUE_MATCH,0,,0.0,NONE,0,0.0,,0.0,MONITOR,No strong commercial signal yet.,Keep on watchlist; revisit when new procurement demand or catalogue-fit evidence appears.,,
acct_784e074a9665,Grow Desk Consulting Ltd,org_498d9bf6f140,Kenya; KH; NG; Somalia; ZA; VN; ZW; IN; Rwanda; GH; SY; TL; IQ; EG; YE; TH; MW; MY; PH; PK; JO; BD; Ethiopia; MM; South Sudan; Democratic Republic of the Congo; ID; NP; TN; Tanzania,Implementing Partner,Qualify,0.0,MONITOR,0.0,0,0,0,0.00,0.0,NO_VERIFIED_CATALOGUE_MATCH,0,,0.0,NONE,0,0.0,,0.0,MONITOR,No strong commercial signal yet.,Keep on watchlist; revisit when new procurement demand or catalogue-fit evidence appears.,,
acct_0f022a61ee35,GROWTHPAD DIGITAL MEDIA GROUP,org_dc59c9f52b02,ZW; ZA; NG; BW; Rwanda; GH; Kenya; SL,Implementing Partner,Monitor,0.0,MONITOR,0.0,0,0,0,0.00,0.0,NO_VERIFIED_CATALOGUE_MATCH,0,,0.0,NONE,0,0.0,,0.0,MONITOR,No strong commercial signal yet.,Keep on watchlist; revisit when new procurement demand or catalogue-fit evidence appears.,,
acct_de188991471d,GSK,org_48ba571a9d8c,Kenya,Donor,Qualify,0.0,MONITOR,0.0,0,0,0,0.00,0.0,NO_VERIFIED_CATALOGUE_MATCH,0,,0.0,NONE,0,0.0,,0.0,MONITOR,No strong commercial signal yet.,Keep on watchlist; revisit when new procurement demand or catalogue-fit evidence appears.,,
acct_05f785a2ad9a,GSK plc,org_dbd44629ef64,Uganda,Donor,Prioritise,0.0,MONITOR,0.0,0,0,0,0.00,0.0,NO_VERIFIED_CATALOGUE_MATCH,0,,0.0,NONE,0,0.0,,0.0,MONITOR,No strong commercial signal yet.,Keep on watchlist; revisit when new procurement demand or catalogue-fit evidence appears.,,
acct_800b09cc952e,Gud Kwo Foundation,org_fb6a19044a69,Uganda,Implementing Partner,Qualify,0.0,MONITOR,0.0,0,0,0,0.00,0.0,NO_VERIFIED_CATALOGUE_MATCH,0,,0.0,NONE,0,0.0,,0.0,MONITOR,No strong commercial signal yet.,Keep on watchlist; revisit when new procurement demand or catalogue-fit evidence appears.,,
acct_38ac215202f6,GULU CITY COUNCIL,org_a72aa7571d2f,Uganda,Implementing Partner,Prioritise,0.0,MONITOR,0.0,0,0,0,0.00,0.0,NO_VERIFIED_CATALOGUE_MATCH,0,,0.0,NONE,0,0.0,,0.0,MONITOR,No strong commercial signal yet.,Keep on watchlist; revisit when new procurement demand or catalogue-fit evidence appears.,,
acct_6e1942cf330d,Gulu University,org_7ac8ce140505,Tanzania; Uganda,Implementing Partner,Qualify,0.0,MONITOR,0.0,0,0,0,0.00,0.0,NO_VERIFIED_CATALOGUE_MATCH,0,,0.0,NONE,0,0.0,,0.0,MONITOR,No strong commercial signal yet.,Keep on watchlist; revisit when new procurement demand or catalogue-fit evidence appears.,,
acct_fbe9144cb7cd,GURMUU DEVELOPMENT ASSOC,org_0f4444ab5e9c,Ethiopia,Implementing Partner,Prioritise,0.0,MONITOR,0.0,0,0,0,0.00,0.0,NO_VERIFIED_CATALOGUE_MATCH,0,,0.0,NONE,0,0.0,,0.0,MONITOR,No strong commercial signal yet.,Keep on watchlist; revisit when new procurement demand or catalogue-fit evidence appears.,,
acct_aabf324692c6,Guttmacher Institute,org_7eac85e0f90b,Democratic Republic of the Congo; ZM; MW; SD,Implementing Partner,Monitor,0.0,MONITOR,0.0,0,0,0,0.00,0.0,NO_VERIFIED_CATALOGUE_MATCH,0,,0.0,NONE,0,0.0,,0.0,MONITOR,No strong commercial signal yet.,Keep on watchlist; revisit when new procurement demand or catalogue-fit evidence appears.,,
acct_31f343f20263,Gyeonggi Research Institute,org_b8096ad25c96,Kenya; KR; MN; KH; LA; TH; IN; KG; MK; TJ; UZ; RS; KW; PS; SA,Implementing Partner,Qualify,0.0,MONITOR,0.0,0,0,0,0.00,0.0,NO_VERIFIED_CATALOGUE_MATCH,0,,0.0,NONE,0,0.0,,0.0,MONITOR,No strong commercial signal yet.,Keep on watchlist; revisit when new procurement demand or catalogue-fit evidence appears.,,
acct_7beac94bfa3e,Hôpital du Cinquantenaire de Kisangani,org_8e84782ae173,Democratic Republic of the Congo,Implementing Partner,Qualify,0.0,MONITOR,0.0,0,0,0,0.00,0.0,NO_VERIFIED_CATALOGUE_MATCH,0,,0.0,NONE,0,0.0,,0.0,MONITOR,No strong commercial signal yet.,Keep on watchlist; revisit when new procurement demand or catalogue-fit evidence appears.,,
acct_71d5754657e6,Hôpital Saint-Luc de Kisantu,org_88a8708f339e,Democratic Republic of the Congo,Implementing Partner,Qualify,0.0,MONITOR,0.0,0,0,0,0.00,0.0,NO_VERIFIED_CATALOGUE_MATCH,0,,0.0,NONE,0,0.0,,0.0,MONITOR,No strong commercial signal yet.,Keep on watchlist; revisit when new procurement demand or catalogue-fit evidence appears.,,
acct_0e16e67d1802,Habitat for Humanity Deutschland e.V.,org_0f8f9c996a50,Uganda,Implementing Partner,Research,0.0,MONITOR,0.0,0,0,0,0.00,0.0,NO_VERIFIED_CATALOGUE_MATCH,0,,0.0,NONE,0,0.0,,0.0,MONITOR,No strong commercial signal yet.,Keep on watchlist; revisit when new procurement demand or catalogue-fit evidence appears.,,
acct_ef4c4ad8f971,HADNET GENERAL TRADING COMPANY LIMITED,org_fbd35bb0e0a9,South Sudan,Implementing Partner,Prioritise,0.0,MONITOR,0.0,0,0,0,0.00,0.0,NO_VERIFIED_CATALOGUE_MATCH,0,,0.0,NONE,0,0.0,,0.0,MONITOR,No strong commercial signal yet.,Keep on watchlist; revisit when new procurement demand or catalogue-fit evidence appears.,,
acct_52e625a41bbf,HALYK BANK KAZAKHSTAN,org_2b56065e29ac,Uganda,Donor,Research,0.0,MONITOR,0.0,0,0,0,0.00,0.0,NO_VERIFIED_CATALOGUE_MATCH,0,,0.0,NONE,0,0.0,,0.0,MONITOR,No strong commercial signal yet.,Keep on watchlist; revisit when new procurement demand or catalogue-fit evidence appears.,,
acct_fa5a08115d29,Hamlin Fistula,org_8bb364eae10a,Ethiopia,Implementing Partner,Qualify,0.0,MONITOR,0.0,0,0,0,0.00,0.0,NO_VERIFIED_CATALOGUE_MATCH,0,,0.0,NONE,0,0.0,,0.0,MONITOR,No strong commercial signal yet.,Keep on watchlist; revisit when new procurement demand or catalogue-fit evidence appears.,,
acct_9b8f66469e82,Handicap International Belgique,org_42629f2eeb11,Democratic Republic of the Congo,Accountable Agency,Monitor,0.0,MONITOR,0.0,0,0,0,0.00,0.0,NO_VERIFIED_CATALOGUE_MATCH,0,,0.0,NONE,0,0.0,,0.0,MONITOR,No strong commercial signal yet.,Keep on watchlist; revisit when new procurement demand or catalogue-fit evidence appears.,,
acct_c5826d186e4a,Handicap International e.V.,org_df7f52da3ce5,CM; Uganda; NE; South Sudan; Somalia; NG,Implementing Partner,Monitor,0.0,MONITOR,0.0,0,0,0,0.00,0.0,NO_VERIFIED_CATALOGUE_MATCH,0,,0.0,NONE,0,0.0,,0.0,MONITOR,No strong commercial signal yet.,Keep on watchlist; revisit when new procurement demand or catalogue-fit evidence appears.,,
acct_8f06a405f269,Handicap International Federation,org_fc34aded73cb,Uganda,Implementing Partner,Qualify,0.0,MONITOR,0.0,0,0,0,0.00,0.0,NO_VERIFIED_CATALOGUE_MATCH,0,,0.0,NONE,0,0.0,,0.0,MONITOR,No strong commercial signal yet.,Keep on watchlist; revisit when new procurement demand or catalogue-fit evidence appears.,,
acct_86867c7b4329,Handicap International UK,org_38e3c80abf77,Uganda; BI; Ethiopia; MW; MZ; PK; Rwanda; South Sudan; SD; Tanzania; ZM; AF; BG; MG; Somalia; ZW,Implementing Partner,Qualify,0.0,MONITOR,0.0,0,0,0,0.00,0.0,NO_VERIFIED_CATALOGUE_MATCH,0,,0.0,NONE,0,0.0,,0.0,MONITOR,No strong commercial signal yet.,Keep on watchlist; revisit when new procurement demand or catalogue-fit evidence appears.,,
acct_2317c9bf9f70,Hanoi Medical University,org_d94b211dac81,BW; Democratic Republic of the Congo; GN; MW; MZ; ZA; VN,Implementing Partner,Prioritise,0.0,MONITOR,0.0,0,0,0,0.00,0.0,NO_VERIFIED_CATALOGUE_MATCH,0,,0.0,NONE,0,0.0,,0.0,MONITOR,No strong commercial signal yet.,Keep on watchlist; revisit when new procurement demand or catalogue-fit evidence appears.,,
acct_968f441f9089,Hanze University of Applied Sciences,org_dae3314f4059,Kenya,Implementing Partner,Monitor,0.0,MONITOR,0.0,0,0,0,0.00,0.0,NO_VERIFIED_CATALOGUE_MATCH,0,,0.0,NONE,0,0.0,,0.0,MONITOR,No strong commercial signal yet.,Keep on watchlist; revisit when new procurement demand or catalogue-fit evidence appears.,,
acct_204134ca0d2c,HARAR HEALTH BUREAU,org_48d7d899bec6,Ethiopia,Implementing Partner,Prioritise,0.0,MONITOR,0.0,0,0,0,0.00,0.0,NO_VERIFIED_CATALOGUE_MATCH,0,,0.0,NONE,0,0.0,,0.0,MONITOR,No strong commercial signal yet.,Keep on watchlist; revisit when new procurement demand or catalogue-fit evidence appears.,,
acct_e6a4b5a80055,HARARI BOFED FOOD SECURITY,org_7357e5469e55,Ethiopia,Implementing Partner,Prioritise,0.0,MONITOR,0.0,0,0,0,0.00,0.0,NO_VERIFIED_CATALOGUE_MATCH,0,,0.0,NONE,0,0.0,,0.0,MONITOR,No strong commercial signal yet.,Keep on watchlist; revisit when new procurement demand or catalogue-fit evidence appears.,,
acct_beea590bf478,Harvard T.H. Chan School of Public Health,org_7a1d2e8c6801,Ethiopia; MW; Tanzania; IN,Implementing Partner,Prioritise,0.0,MONITOR,0.0,0,0,0,0.00,0.0,NO_VERIFIED_CATALOGUE_MATCH,0,,0.0,NONE,0,0.0,,0.0,MONITOR,No strong commercial signal yet.,Keep on watchlist; revisit when new procurement demand or catalogue-fit evidence appears.,,
acct_990607f9698e,Hasselt University,org_1094860b968e,Democratic Republic of the Congo; Tanzania; Kenya; Ethiopia,Implementing Partner,Qualify,0.0,MONITOR,0.0,0,0,0,0.00,0.0,NO_VERIFIED_CATALOGUE_MATCH,0,,0.0,NONE,0,0.0,,0.0,MONITOR,No strong commercial signal yet.,Keep on watchlist; revisit when new procurement demand or catalogue-fit evidence appears.,,
acct_aa1a3eb944b0,Hatch Technologies,org_45ca029eef66,Ethiopia; Kenya; NG; Rwanda; Tanzania; Uganda,Implementing Partner,Prioritise,0.0,MONITOR,0.0,0,0,0,0.00,0.0,NO_VERIFIED_CATALOGUE_MATCH,0,,0.0,NONE,0,0.0,,0.0,MONITOR,No strong commercial signal yet.,Keep on watchlist; revisit when new procurement demand or catalogue-fit evidence appears.,,
acct_51ae9414f901,Haukeland Universitetssykehus,org_aa8fd4f029de,Tanzania,Implementing Partner,Monitor,0.0,MONITOR,0.0,0,0,0,0.00,0.0,NO_VERIFIED_CATALOGUE_MATCH,0,,0.0,NONE,0,0.0,,0.0,MONITOR,No strong commercial signal yet.,Keep on watchlist; revisit when new procurement demand or catalogue-fit evidence appears.,,
acct_2d1aae9a23cc,HAYDOM LUTHERAN HOSPITAL,org_0f2b8f812936,Tanzania,Implementing Partner,Prioritise,0.0,MONITOR,0.0,0,0,0,0.00,0.0,NO_VERIFIED_CATALOGUE_MATCH,0,,0.0,NONE,0,0.0,,0.0,MONITOR,No strong commercial signal yet.,Keep on watchlist; revisit when new procurement demand or catalogue-fit evidence appears.,,
acct_2d1aae9a23cc,Haydom Lutheran Hospital,org_0f2b8f812936,Tanzania,Implementing Partner,Qualify,0.0,MONITOR,0.0,0,0,0,0.00,0.0,NO_VERIFIED_CATALOGUE_MATCH,0,,0.0,NONE,0,0.0,,0.0,MONITOR,No strong commercial signal yet.,Keep on watchlist; revisit when new procurement demand or catalogue-fit evidence appears.,,
acct_be15561425b0,Health Action International,org_b195a3365545,Kenya; Uganda; ZM; NL,Implementing Partner,Qualify,0.0,MONITOR,0.0,0,0,0,0.00,0.0,NO_VERIFIED_CATALOGUE_MATCH,0,,0.0,NONE,0,0.0,,0.0,MONITOR,No strong commercial signal yet.,Keep on watchlist; revisit when new procurement demand or catalogue-fit evidence appears.,,
acct_d9e7e92a6818,HEALTH EDUCATION AGROPASTORALIST LIAISON HEAL,org_aaa1e871dd6c,Somalia,Implementing Partner,Prioritise,0.0,MONITOR,0.0,0,0,0,0.00,0.0,NO_VERIFIED_CATALOGUE_MATCH,0,,0.0,NONE,0,0.0,,0.0,MONITOR,No strong commercial signal yet.,Keep on watchlist; revisit when new procurement demand or catalogue-fit evidence appears.,,
acct_f216773627f5,Health Emergency Preparedness and Response Multi-Donor Trust Fund,org_84ff6237a19a,Somalia,Implementing Partner,Monitor,0.0,MONITOR,0.0,0,0,0,0.00,0.0,NO_VERIFIED_CATALOGUE_MATCH,0,,0.0,NONE,0,0.0,,0.0,MONITOR,No strong commercial signal yet.,Keep on watchlist; revisit when new procurement demand or catalogue-fit evidence appears.,,
acct_928a947a3f21,Health Insurance Fund,org_ad0cda642a20,GH; Kenya; Tanzania; NG; NL,Accountable Agency,Research,0.0,MONITOR,0.0,0,0,0,0.00,0.0,NO_VERIFIED_CATALOGUE_MATCH,0,,0.0,NONE,0,0.0,,0.0,MONITOR,No strong commercial signal yet.,Keep on watchlist; revisit when new procurement demand or catalogue-fit evidence appears.,,
acct_a46b70053b2e,HEALTH LINK SOUTH SUDAN,org_5f5c9d4ce347,South Sudan,Implementing Partner,Prioritise,0.0,MONITOR,0.0,0,0,0,0.00,0.0,NO_VERIFIED_CATALOGUE_MATCH,0,,0.0,NONE,0,0.0,,0.0,MONITOR,No strong commercial signal yet.,Keep on watchlist; revisit when new procurement demand or catalogue-fit evidence appears.,,
acct_77f3fd8c0780,Health Pooled Fund South Sudan,org_a22504ac1cb9,South Sudan,Donor,Qualify,0.0,MONITOR,0.0,0,0,0,0.00,0.0,NO_VERIFIED_CATALOGUE_MATCH,0,,0.0,NONE,0,0.0,,0.0,MONITOR,No strong commercial signal yet.,Keep on watchlist; revisit when new procurement demand or catalogue-fit evidence appears.,,
acct_d6319da66b25,Health Poverty Action,org_de0287111667,Ethiopia; Kenya; ZW; Uganda; Democratic Republic of the Congo; GH; MZ; NP; NG; Rwanda; SL; Tanzania; ZM,Implementing Partner,Prioritise,0.0,MONITOR,0.0,0,0,0,0.00,0.0,NO_VERIFIED_CATALOGUE_MATCH,0,,0.0,NONE,0,0.0,,0.0,MONITOR,No strong commercial signal yet.,Keep on watchlist; revisit when new procurement demand or catalogue-fit evidence appears.,,
acct_d6a3a9068229,Health Research Operations Kenya Limited,org_631da657d706,NG; Kenya; GB; US,Implementing Partner,Prioritise,0.0,MONITOR,0.0,0,0,0,0.00,0.0,NO_VERIFIED_CATALOGUE_MATCH,0,,0.0,NONE,0,0.0,,0.0,MONITOR,No strong commercial signal yet.,Keep on watchlist; revisit when new procurement demand or catalogue-fit evidence appears.,,
acct_565795763a2c,Health Research Operations Kenya Limited,org_0540815a803b,GB; MW; Kenya; GH; CI; NG,Implementing Partner,Prioritise,0.0,MONITOR,0.0,0,0,0,0.00,0.0,NO_VERIFIED_CATALOGUE_MATCH,0,,0.0,NONE,0,0.0,,0.0,MONITOR,No strong commercial signal yet.,Keep on watchlist; revisit when new procurement demand or catalogue-fit evidence appears.,,
acct_e8badb69d5ad,Health Rights Advocacy Forum,org_60b21db11c62,Kenya,Accountable Agency,Monitor,0.0,MONITOR,0.0,0,0,0,0.00,0.0,NO_VERIFIED_CATALOGUE_MATCH,0,,0.0,NONE,0,0.0,,0.0,MONITOR,No strong commercial signal yet.,Keep on watchlist; revisit when new procurement demand or catalogue-fit evidence appears.,,
acct_c74477ab19de,Health Systems Insight,org_974536e03101,Kenya; Uganda; BF; PK; ID; PH,Implementing Partner,Prioritise,0.0,MONITOR,0.0,0,0,0,0.00,0.0,NO_VERIFIED_CATALOGUE_MATCH,0,,0.0,NONE,0,0.0,,0.0,MONITOR,No strong commercial signal yet.,Keep on watchlist; revisit when new procurement demand or catalogue-fit evidence appears.,,
acct_222f122c25fb,HEALTHCARE FOUNDATION ORGANIZATION,org_f0679bd13e1a,South Sudan,Implementing Partner,Prioritise,0.0,MONITOR,0.0,0,0,0,0.00,0.0,NO_VERIFIED_CATALOGUE_MATCH,0,,0.0,NONE,0,0.0,,0.0,MONITOR,No strong commercial signal yet.,Keep on watchlist; revisit when new procurement demand or catalogue-fit evidence appears.,,
acct_a4231d95dbab,HealthNet TPO,org_d8660eb7dcf8,South Sudan,Donor,Qualify,0.0,MONITOR,0.0,0,0,0,0.00,0.0,NO_VERIFIED_CATALOGUE_MATCH,0,,0.0,NONE,0,0.0,,0.0,MONITOR,No strong commercial signal yet.,Keep on watchlist; revisit when new procurement demand or catalogue-fit evidence appears.,,
acct_fbf05fb7d6bc,HEALTHRIGHT INTERNATIONAL-KENYA,org_e30bb15e4182,,Implementing Partner,Monitor,0.0,MONITOR,0.0,0,0,0,0.00,0.0,NO_VERIFIED_CATALOGUE_MATCH,0,,0.0,NONE,0,0.0,,0.0,MONITOR,No strong commercial signal yet.,Keep on watchlist; revisit when new procurement demand or catalogue-fit evidence appears.,,
acct_fbf05fb7d6bc,HEALTHRIGHT INTERNATIONAL-KENYA,org_e30bb15e4182,,Reporting Organisation,Monitor,0.0,MONITOR,0.0,0,0,0,0.00,0.0,NO_VERIFIED_CATALOGUE_MATCH,0,,0.0,NONE,0,0.0,,0.0,MONITOR,No strong commercial signal yet.,Keep on watchlist; revisit when new procurement demand or catalogue-fit evidence appears.,,
acct_d68dab522de9,HealthRight Kenya,org_be2f716935ab,Kenya,Accountable Agency,Monitor,0.0,MONITOR,0.0,0,0,0,0.00,0.0,NO_VERIFIED_CATALOGUE_MATCH,0,,0.0,NONE,0,0.0,,0.0,MONITOR,No strong commercial signal yet.,Keep on watchlist; revisit when new procurement demand or catalogue-fit evidence appears.,,
acct_0cf6b6d5d293,Healthy Entrepreneurs B.V.,org_85e2262de0c9,Uganda,Implementing Partner,Prioritise,0.0,MONITOR,0.0,0,0,0,0.00,0.0,NO_VERIFIED_CATALOGUE_MATCH,0,,0.0,NONE,0,0.0,,0.0,MONITOR,No strong commercial signal yet.,Keep on watchlist; revisit when new procurement demand or catalogue-fit evidence appears.,,
acct_f8e5be9ba417,HECTA LIMITED,org_9a181e8730eb,Kenya; KH; NG; Somalia; ZA; VN; ZW; IN; Rwanda; GH; SY; TL; IQ; EG; YE; TH; MW; MY; PH; PK; JO; BD; Ethiopia; MM; South Sudan; Democratic Republic of the Congo; ID; NP; TN; Tanzania,Implementing Partner,Research,0.0,MONITOR,0.0,0,0,0,0.00,0.0,NO_VERIFIED_CATALOGUE_MATCH,0,,0.0,NONE,0,0.0,,0.0,MONITOR,No strong commercial signal yet.,Keep on watchlist; revisit when new procurement demand or catalogue-fit evidence appears.,,
acct_2fc9789e96a9,Heifer Nederland,org_8496fef95b22,Ethiopia,Donor,Qualify,0.0,MONITOR,0.0,0,0,0,0.00,0.0,NO_VERIFIED_CATALOGUE_MATCH,0,,0.0,NONE,0,0.0,,0.0,MONITOR,No strong commercial signal yet.,Keep on watchlist; revisit when new procurement demand or catalogue-fit evidence appears.,,
acct_76e69bafa1cc,Heifer Netherlands,org_a6cc95b2a0fe,Ethiopia; Uganda,Reporting Organisation,Qualify,0.0,MONITOR,0.0,0,0,0,0.00,0.0,NO_VERIFIED_CATALOGUE_MATCH,0,,0.0,NONE,0,0.0,,0.0,MONITOR,No strong commercial signal yet.,Keep on watchlist; revisit when new procurement demand or catalogue-fit evidence appears.,,
acct_375c52237302,HELEN KELLER INTERNATIONAL,org_9dd0cccf1b5f,Kenya,Implementing Partner,Prioritise,0.0,MONITOR,0.0,0,0,0,0.00,0.0,NO_VERIFIED_CATALOGUE_MATCH,0,,0.0,NONE,0,0.0,,0.0,MONITOR,No strong commercial signal yet.,Keep on watchlist; revisit when new procurement demand or catalogue-fit evidence appears.,,
acct_375c52237302,Helen Keller International,org_9dd0cccf1b5f,Tanzania,Implementing Partner,Qualify,0.0,MONITOR,0.0,0,0,0,0.00,0.0,NO_VERIFIED_CATALOGUE_MATCH,0,,0.0,NONE,0,0.0,,0.0,MONITOR,No strong commercial signal yet.,Keep on watchlist; revisit when new procurement demand or catalogue-fit evidence appears.,,
acct_d8186c8d6704,HELIOS CLEAR FUND SCSP,org_f9ecce25b261,MY; PH; Kenya; TH,Implementing Partner,Monitor,0.0,MONITOR,0.0,0,0,0,0.00,0.0,NO_VERIFIED_CATALOGUE_MATCH,0,,0.0,NONE,0,0.0,,0.0,MONITOR,No strong commercial signal yet.,Keep on watchlist; revisit when new procurement demand or catalogue-fit evidence appears.,,
acct_32c6b2eaa340,Helmsley Charitable Trust,org_4234330edd16,Rwanda; Kenya; Tanzania,Donor,Prioritise,0.0,MONITOR,0.0,0,0,0,0.00,0.0,NO_VERIFIED_CATALOGUE_MATCH,0,,0.0,NONE,0,0.0,,0.0,MONITOR,No strong commercial signal yet.,Keep on watchlist; revisit when new procurement demand or catalogue-fit evidence appears.,,
acct_3048cc7f7f17,HELP A CHILD,org_681566346f53,Democratic Republic of the Congo,Implementing Partner,Prioritise,0.0,MONITOR,0.0,0,0,0,0.00,0.0,NO_VERIFIED_CATALOGUE_MATCH,0,,0.0,NONE,0,0.0,,0.0,MONITOR,No strong commercial signal yet.,Keep on watchlist; revisit when new procurement demand or catalogue-fit evidence appears.,,
acct_3048cc7f7f17,Help a Child,org_681566346f53,Somalia,Implementing Partner,Prioritise,0.0,MONITOR,0.0,0,0,0,0.00,0.0,NO_VERIFIED_CATALOGUE_MATCH,0,,0.0,NONE,0,0.0,,0.0,MONITOR,No strong commercial signal yet.,Keep on watchlist; revisit when new procurement demand or catalogue-fit evidence appears.,,
acct_6e61000368db,HELP A CHILD SOUTH SUDAN,org_61e5c7794622,South Sudan,Implementing Partner,Prioritise,0.0,MONITOR,0.0,0,0,0,0.00,0.0,NO_VERIFIED_CATALOGUE_MATCH,0,,0.0,NONE,0,0.0,,0.0,MONITOR,No strong commercial signal yet.,Keep on watchlist; revisit when new procurement demand or catalogue-fit evidence appears.,,
acct_89c1c3df117c,Help for self-help to Disabled and Vulnerable Children (HDVC),org_54dfca909909,Rwanda,Implementing Partner,Qualify,0.0,MONITOR,0.0,0,0,0,0.00,0.0,NO_VERIFIED_CATALOGUE_MATCH,0,,0.0,NONE,0,0.0,,0.0,MONITOR,No strong commercial signal yet.,Keep on watchlist; revisit when new procurement demand or catalogue-fit evidence appears.,,
acct_254fea60c252,HELP HILFE ZUR SELBSTHIFE HELP E V,org_99b2eadd4a1f,South Sudan,Implementing Partner,Prioritise,0.0,MONITOR,0.0,0,0,0,0.00,0.0,NO_VERIFIED_CATALOGUE_MATCH,0,,0.0,NONE,0,0.0,,0.0,MONITOR,No strong commercial signal yet.,Keep on watchlist; revisit when new procurement demand or catalogue-fit evidence appears.,,
acct_287536c51363,"HelpAge Advocacy Network Uganda (HANU) was officially founded in 2023 following the localisation of HelpAge International’s Uganda operations. The formation of HANU was necessary to fill the gap left behind by HelpAge International, which had been a key player in advocating for the rights and welfare of older persons in Uganda. The decision to establish a national network was made to ensure the continuity of advocacy, support, and services for older people, especially as the aging population continues to grow and face challenges in accessing essential services. OUR MISSION A Uganda where older persons enjoy their rights, dignity, and well-being, living without discrimination and receiving the support and services they need to thrive. OUR VISION To champion the rights and needs of older persons in Uganda by working with a network of organizations and partners, advocating for policy reforms, improving service delivery, and empowering older persons and their communities. HENU - Health Nest Uganda - is the secretariat of the network.",org_8035b5e375e9,PK; MM; LB; Uganda; MZ; Tanzania; Ethiopia; MD; GB,Implementing Partner,Research,0.0,MONITOR,0.0,0,0,0,0.00,0.0,NO_VERIFIED_CATALOGUE_MATCH,0,,0.0,NONE,0,0.0,,0.0,MONITOR,No strong commercial signal yet.,Keep on watchlist; revisit when new procurement demand or catalogue-fit evidence appears.,,
acct_6ad6972adca6,HelpAge Deutschland e.V.,org_aacf37a7680d,Tanzania,Donor,Qualify,0.0,MONITOR,0.0,0,0,0,0.00,0.0,NO_VERIFIED_CATALOGUE_MATCH,0,,0.0,NONE,0,0.0,,0.0,MONITOR,No strong commercial signal yet.,Keep on watchlist; revisit when new procurement demand or catalogue-fit evidence appears.,,
acct_58d252af7e48,"HelpAge Ethiopia is a network member of HelpAge International, a global network of organizations working towards a fairer world for older people so they can live safe, healthy, and dignified lives. In addition to working with more than 170 network members in 91 countries, HelpAge International operates country program offices in 13 countries across Asia, Africa, the Middle East, and Eastern Europe. Over the years, the HelpAge International Ethiopia office has been engaging in various service provision activities including humanitarian and development assistance. HelpAge International has also played a key role in promoting the rights of older people and building the capacity of partners and stakeholders for sustainable change. These include setting up of advocacy framework and coordinating higher-level policy dialogues; strengthening the capacity of age- inclusive organizations and older people groups to own and demonstrate actions on and supporting consultative process between OPAs and CSO partners on a list of priority issues and agendas, facilitating them to take lead on the day-to-day implementation of project activities at local, district and regional levels. HelpAge International Ethiopia country program enjoys excellent rapport with the National and Local Government Authorities in Ethiopia including the Ministry of Health, Ministry of Women and Social Affairs, The Refugees and Returnees Service, Authority for Civil Society Organizations, and Regional Administration and Local Government structures. The country program also works with Government Institutions, Research/Academic Institutions, UN agencies, Network members, and Local partners based in Ethiopia. HelpAge International Ethiopia country program’s current focus areas are Income security, Healthy Ageing, and Inclusive Humanitarian Action. More specifically, our sectoral interventions address social protection, health and wellbeing, nutrition,voice/advocacy, livelihoods, protection, and inclusion in both humanitarian and development contexts. In line with its organizational commitment to the Charter for Change, a key element of the HelpAge International Global Strategy 2030, HelpAge International has been transitioning all country programs to be locally led and managed by national 2024/25. To this end, HelpAge International`s country office in Ethiopia has been undergoing a series of consultations for the past 3 years with stakeholders` including target beneficiaries to figure out the best option to embrace localization ambition.",org_0590181734ca,Tanzania; Ethiopia; PK; UA; GB; MM; LB; Uganda; MZ; MD,Implementing Partner,Research,0.0,MONITOR,0.0,0,0,0,0.00,0.0,NO_VERIFIED_CATALOGUE_MATCH,0,,0.0,NONE,0,0.0,,0.0,MONITOR,No strong commercial signal yet.,Keep on watchlist; revisit when new procurement demand or catalogue-fit evidence appears.,,
acct_09a6f373462b,HelpAge International,org_7948d9b819d4,Kenya; BD; JO; Uganda; GB; AF; BE; FJ; ID; LK; IN; ZA; CH; Tanzania; Ethiopia; PK; UA; MM; LB; MZ; MD,Donor,Qualify,0.0,MONITOR,0.0,0,0,0,0.00,0.0,NO_VERIFIED_CATALOGUE_MATCH,0,,0.0,NONE,0,0.0,,0.0,MONITOR,No strong commercial signal yet.,Keep on watchlist; revisit when new procurement demand or catalogue-fit evidence appears.,,
acct_75ded752063b,HELPAGE INTERNATIONAL TANZANIA,org_5eefd39d7b3e,Tanzania,Implementing Partner,Prioritise,0.0,MONITOR,0.0,0,0,0,0.00,0.0,NO_VERIFIED_CATALOGUE_MATCH,0,,0.0,NONE,0,0.0,,0.0,MONITOR,No strong commercial signal yet.,Keep on watchlist; revisit when new procurement demand or catalogue-fit evidence appears.,,
acct_4bf81ab66e47,HelpAge International - Tanzania Country Office,org_61e695eac3d1,Tanzania,Implementing Partner,Qualify,0.0,MONITOR,0.0,0,0,0,0.00,0.0,NO_VERIFIED_CATALOGUE_MATCH,0,,0.0,NONE,0,0.0,,0.0,MONITOR,No strong commercial signal yet.,Keep on watchlist; revisit when new procurement demand or catalogue-fit evidence appears.,,
acct_11d6685b59a2,"HelpAge Moldova provides support to women who have been victims of domestic violence and gives older people access to home-based care staff and volunteers, provide humanitarian assistance to older people of Ukraine both within the country and abroad. They bring food, medicine, and hygiene supplies for older people, their families, and communities.",org_61af33d5c990,PK; MM; LB; Uganda; MZ; Tanzania; Ethiopia; MD; GB,Implementing Partner,Research,0.0,MONITOR,0.0,0,0,0,0.00,0.0,NO_VERIFIED_CATALOGUE_MATCH,0,,0.0,NONE,0,0.0,,0.0,MONITOR,No strong commercial signal yet.,Keep on watchlist; revisit when new procurement demand or catalogue-fit evidence appears.,,
acct_4f3f9db4580c,HelpAge Mozambique,org_d538be21668f,PK; MM; LB; Uganda; MZ; Tanzania; Ethiopia; MD; GB,Implementing Partner,Research,0.0,MONITOR,0.0,0,0,0,0.00,0.0,NO_VERIFIED_CATALOGUE_MATCH,0,,0.0,NONE,0,0.0,,0.0,MONITOR,No strong commercial signal yet.,Keep on watchlist; revisit when new procurement demand or catalogue-fit evidence appears.,,
acct_a0d085210f36,HELPEDUCATION SOUTH SUDAN,org_b19d68054c4d,South Sudan,Implementing Partner,Prioritise,0.0,MONITOR,0.0,0,0,0,0.00,0.0,NO_VERIFIED_CATALOGUE_MATCH,0,,0.0,NONE,0,0.0,,0.0,MONITOR,No strong commercial signal yet.,Keep on watchlist; revisit when new procurement demand or catalogue-fit evidence appears.,,
acct_9cbee2158154,Helvetas Swiss intercooperation,org_80bacd1f7fff,Ethiopia,Implementing Partner,Qualify,0.0,MONITOR,0.0,0,0,0,0.00,0.0,NO_VERIFIED_CATALOGUE_MATCH,0,,0.0,NONE,0,0.0,,0.0,MONITOR,No strong commercial signal yet.,Keep on watchlist; revisit when new procurement demand or catalogue-fit evidence appears.,,
acct_94dde155c456,Hennecke Family Foundation,org_67e47ab155e7,Kenya; NL,Donor,Qualify,0.0,MONITOR,0.0,0,0,0,0.00,0.0,NO_VERIFIED_CATALOGUE_MATCH,0,,0.0,NONE,0,0.0,,0.0,MONITOR,No strong commercial signal yet.,Keep on watchlist; revisit when new procurement demand or catalogue-fit evidence appears.,,
acct_b02c46180332,HEZA INITIATIVE,org_efc0728435c5,Rwanda,Implementing Partner,Prioritise,0.0,MONITOR,0.0,0,0,0,0.00,0.0,NO_VERIFIED_CATALOGUE_MATCH,0,,0.0,NONE,0,0.0,,0.0,MONITOR,No strong commercial signal yet.,Keep on watchlist; revisit when new procurement demand or catalogue-fit evidence appears.,,
acct_f8c2d2c13c93,HGR Kintambo,org_a625f1085d50,Democratic Republic of the Congo,Implementing Partner,Monitor,0.0,MONITOR,0.0,0,0,0,0.00,0.0,NO_VERIFIED_CATALOGUE_MATCH,0,,0.0,NONE,0,0.0,,0.0,MONITOR,No strong commercial signal yet.,Keep on watchlist; revisit when new procurement demand or catalogue-fit evidence appears.,,
acct_0836fb475d8c,HHOJ,org_b696739ac45e,Ethiopia,Implementing Partner,Research,0.0,MONITOR,0.0,0,0,0,0.00,0.0,NO_VERIFIED_CATALOGUE_MATCH,0,,0.0,NONE,0,0.0,,0.0,MONITOR,No strong commercial signal yet.,Keep on watchlist; revisit when new procurement demand or catalogue-fit evidence appears.,,
acct_7bfc3b23dd87,Hilfsaktion Noma e.V.,org_78180b1fa474,Ethiopia,Donor,Prioritise,0.0,MONITOR,0.0,0,0,0,0.00,0.0,NO_VERIFIED_CATALOGUE_MATCH,0,,0.0,NONE,0,0.0,,0.0,MONITOR,No strong commercial signal yet.,Keep on watchlist; revisit when new procurement demand or catalogue-fit evidence appears.,,
acct_1e2b99773536,HIMILO RELIEF AND DEVELOPMENT ASSOCIATION,org_5771bb997f1a,Somalia,Implementing Partner,Prioritise,0.0,MONITOR,0.0,0,0,0,0.00,0.0,NO_VERIFIED_CATALOGUE_MATCH,0,,0.0,NONE,0,0.0,,0.0,MONITOR,No strong commercial signal yet.,Keep on watchlist; revisit when new procurement demand or catalogue-fit evidence appears.,,
acct_ac6eb28bb462,HIRSHABELLE SUN SECRETARIAT,org_d77a3cc7df7a,Somalia,Implementing Partner,Prioritise,0.0,MONITOR,0.0,0,0,0,0.00,0.0,NO_VERIFIED_CATALOGUE_MATCH,0,,0.0,NONE,0,0.0,,0.0,MONITOR,No strong commercial signal yet.,Keep on watchlist; revisit when new procurement demand or catalogue-fit evidence appears.,,
acct_9b11e4641130,HIV-AIDS AND CHILDREN,org_b46c2d40ee7a,South Sudan; Kenya; Tanzania; Democratic Republic of the Congo; Rwanda,Donor,Prioritise,0.0,MONITOR,0.0,0,0,0,0.00,0.0,NO_VERIFIED_CATALOGUE_MATCH,0,,0.0,NONE,0,0.0,,0.0,MONITOR,No strong commercial signal yet.,Keep on watchlist; revisit when new procurement demand or catalogue-fit evidence appears.,,
acct_2219c1c4c3ce,HKI - Helen Keller International,org_5221dc4fab83,Kenya; KH; SN,Implementing Partner,Qualify,0.0,MONITOR,0.0,0,0,0,0.00,0.0,NO_VERIFIED_CATALOGUE_MATCH,0,,0.0,NONE,0,0.0,,0.0,MONITOR,No strong commercial signal yet.,Keep on watchlist; revisit when new procurement demand or catalogue-fit evidence appears.,,
acct_5e8decfdc270,Hoffnungszeichen | Sign of Hope e.V.,org_395a02393f67,Ethiopia,Implementing Partner,Prioritise,0.0,MONITOR,0.0,0,0,0,0.00,0.0,NO_VERIFIED_CATALOGUE_MATCH,0,,0.0,NONE,0,0.0,,0.0,MONITOR,No strong commercial signal yet.,Keep on watchlist; revisit when new procurement demand or catalogue-fit evidence appears.,,
acct_0c2b4fbd6cae,HOIMA REGIONAL REFERRAL HOSPITAL,org_1456c652e546,Uganda,Implementing Partner,Prioritise,0.0,MONITOR,0.0,0,0,0,0.00,0.0,NO_VERIFIED_CATALOGUE_MATCH,0,,0.0,NONE,0,0.0,,0.0,MONITOR,No strong commercial signal yet.,Keep on watchlist; revisit when new procurement demand or catalogue-fit evidence appears.,,
acct_37014349ba0a,HOLD THE CHILD ORGANIZATION,org_0823e7637fed,South Sudan,Implementing Partner,Prioritise,0.0,MONITOR,0.0,0,0,0,0.00,0.0,NO_VERIFIED_CATALOGUE_MATCH,0,,0.0,NONE,0,0.0,,0.0,MONITOR,No strong commercial signal yet.,Keep on watchlist; revisit when new procurement demand or catalogue-fit evidence appears.,,
acct_d9d5eae63f65,Holland Greentech / MACAMPO,org_fd5992f91b53,Rwanda,Implementing Partner,Qualify,0.0,MONITOR,0.0,0,0,0,0.00,0.0,NO_VERIFIED_CATALOGUE_MATCH,0,,0.0,NONE,0,0.0,,0.0,MONITOR,No strong commercial signal yet.,Keep on watchlist; revisit when new procurement demand or catalogue-fit evidence appears.,,
acct_24ca5141a191,Hong Kong Committee for UNICEF,org_621f5f43b3e1,South Sudan; Somalia; Kenya,Donor,Prioritise,0.0,MONITOR,0.0,0,0,0,0.00,0.0,NO_VERIFIED_CATALOGUE_MATCH,0,,0.0,NONE,0,0.0,,0.0,MONITOR,No strong commercial signal yet.,Keep on watchlist; revisit when new procurement demand or catalogue-fit evidence appears.,,
acct_49898b9753e2,HOPE FOR JUSTICE,org_8a634128df83,Ethiopia,Implementing Partner,Prioritise,0.0,MONITOR,0.0,0,0,0,0.00,0.0,NO_VERIFIED_CATALOGUE_MATCH,0,,0.0,NONE,0,0.0,,0.0,MONITOR,No strong commercial signal yet.,Keep on watchlist; revisit when new procurement demand or catalogue-fit evidence appears.,,
acct_b79e6e366e12,HOPE IN ACTION,org_94ffab60ebc9,Democratic Republic of the Congo,Implementing Partner,Prioritise,0.0,MONITOR,0.0,0,0,0,0.00,0.0,NO_VERIFIED_CATALOGUE_MATCH,0,,0.0,NONE,0,0.0,,0.0,MONITOR,No strong commercial signal yet.,Keep on watchlist; revisit when new procurement demand or catalogue-fit evidence appears.,,
acct_db073c979b6d,Hopelink Action Foundation Uganda,org_cb0a130c8fbf,Uganda,Implementing Partner,Qualify,0.0,MONITOR,0.0,0,0,0,0.00,0.0,NO_VERIFIED_CATALOGUE_MATCH,0,,0.0,NONE,0,0.0,,0.0,MONITOR,No strong commercial signal yet.,Keep on watchlist; revisit when new procurement demand or catalogue-fit evidence appears.,,
acct_e9cf3de9d344,HOPITAL DISTRICT MIBILIZI,org_a3ec33e6e0ff,Rwanda,Implementing Partner,Prioritise,0.0,MONITOR,0.0,0,0,0,0.00,0.0,NO_VERIFIED_CATALOGUE_MATCH,0,,0.0,NONE,0,0.0,,0.0,MONITOR,No strong commercial signal yet.,Keep on watchlist; revisit when new procurement demand or catalogue-fit evidence appears.,,
acct_ff49af9391d0,HOPITAL GENERAL DE REFERENCE DE PANZI,org_def33b38da71,Democratic Republic of the Congo,Implementing Partner,Prioritise,0.0,MONITOR,0.0,0,0,0,0.00,0.0,NO_VERIFIED_CATALOGUE_MATCH,0,,0.0,NONE,0,0.0,,0.0,MONITOR,No strong commercial signal yet.,Keep on watchlist; revisit when new procurement demand or catalogue-fit evidence appears.,,
acct_9c14a7a09089,HOPITAL PEDIATRIQUE DE KALEMBE LEMBE,org_0eaeffb38768,Democratic Republic of the Congo,Implementing Partner,Prioritise,0.0,MONITOR,0.0,0,0,0,0.00,0.0,NO_VERIFIED_CATALOGUE_MATCH,0,,0.0,NONE,0,0.0,,0.0,MONITOR,No strong commercial signal yet.,Keep on watchlist; revisit when new procurement demand or catalogue-fit evidence appears.,,
acct_88541827ed4e,Hopital provincial de Goma,org_f845f418d13e,Democratic Republic of the Congo,Implementing Partner,Qualify,0.0,MONITOR,0.0,0,0,0,0.00,0.0,NO_VERIFIED_CATALOGUE_MATCH,0,,0.0,NONE,0,0.0,,0.0,MONITOR,No strong commercial signal yet.,Keep on watchlist; revisit when new procurement demand or catalogue-fit evidence appears.,,
acct_83d790e793bc,hospice africa ltd,org_3be99e0054cd,Uganda,Implementing Partner,Monitor,0.0,MONITOR,0.0,0,0,0,0.00,0.0,NO_VERIFIED_CATALOGUE_MATCH,0,,0.0,NONE,0,0.0,,0.0,MONITOR,No strong commercial signal yet.,Keep on watchlist; revisit when new procurement demand or catalogue-fit evidence appears.,,
acct_83d790e793bc,Hospice Africa Ltd,org_3be99e0054cd,Uganda,Reporting Organisation,Monitor,0.0,MONITOR,0.0,0,0,0,0.00,0.0,NO_VERIFIED_CATALOGUE_MATCH,0,,0.0,NONE,0,0.0,,0.0,MONITOR,No strong commercial signal yet.,Keep on watchlist; revisit when new procurement demand or catalogue-fit evidence appears.,,
acct_813b2cc63a38,Hospice Ethiopia,org_b6b149e95a2a,Ethiopia,Implementing Partner,Monitor,0.0,MONITOR,0.0,0,0,0,0.00,0.0,NO_VERIFIED_CATALOGUE_MATCH,0,,0.0,NONE,0,0.0,,0.0,MONITOR,No strong commercial signal yet.,Keep on watchlist; revisit when new procurement demand or catalogue-fit evidence appears.,,
acct_f41a84a330b6,Hospital for Sick Children,org_1daf5aa393a8,Kenya; PK,Implementing Partner,Prioritise,0.0,MONITOR,0.0,0,0,0,0.00,0.0,NO_VERIFIED_CATALOGUE_MATCH,0,,0.0,NONE,0,0.0,,0.0,MONITOR,No strong commercial signal yet.,Keep on watchlist; revisit when new procurement demand or catalogue-fit evidence appears.,,
acct_f41a84a330b6,Hospital for Sick Children,org_1daf5aa393a8,Rwanda; PE; BD,Implementing Partner,Research,0.0,MONITOR,0.0,0,0,0,0.00,0.0,NO_VERIFIED_CATALOGUE_MATCH,0,,0.0,NONE,0,0.0,,0.0,MONITOR,No strong commercial signal yet.,Keep on watchlist; revisit when new procurement demand or catalogue-fit evidence appears.,,
acct_d4fa232964bb,HSSF COUNTY HEALTH OFF NAIROBI,org_e9b3fd5712bb,Kenya,Implementing Partner,Prioritise,0.0,MONITOR,0.0,0,0,0,0.00,0.0,NO_VERIFIED_CATALOGUE_MATCH,0,,0.0,NONE,0,0.0,,0.0,MONITOR,No strong commercial signal yet.,Keep on watchlist; revisit when new procurement demand or catalogue-fit evidence appears.,,
acct_7c2986ee8beb,HUMANITARIAN AID FOR CHANGE AND TRANSFORMATION,org_5a4ddb63fa90,South Sudan,Implementing Partner,Prioritise,0.0,MONITOR,0.0,0,0,0,0.00,0.0,NO_VERIFIED_CATALOGUE_MATCH,0,,0.0,NONE,0,0.0,,0.0,MONITOR,No strong commercial signal yet.,Keep on watchlist; revisit when new procurement demand or catalogue-fit evidence appears.,,
acct_609c2e3fe4d3,Humanity & Inclusion,org_1d77d3123798,Kenya; BD; JO; Uganda; GB; AF; BE; FJ; ID; LK; IN; ZA; CH,Implementing Partner,Prioritise,0.0,MONITOR,0.0,0,0,0,0.00,0.0,NO_VERIFIED_CATALOGUE_MATCH,0,,0.0,NONE,0,0.0,,0.0,MONITOR,No strong commercial signal yet.,Keep on watchlist; revisit when new procurement demand or catalogue-fit evidence appears.,,
acct_609c2e3fe4d3,Humanity&Inclusion,org_1d77d3123798,Democratic Republic of the Congo,Implementing Partner,Monitor,0.0,MONITOR,0.0,0,0,0,0.00,0.0,NO_VERIFIED_CATALOGUE_MATCH,0,,0.0,NONE,0,0.0,,0.0,MONITOR,No strong commercial signal yet.,Keep on watchlist; revisit when new procurement demand or catalogue-fit evidence appears.,,
acct_13542c33a238,HUMANITY WORLDWIDE SOUTH SUDAN,org_91d00ecfa4aa,South Sudan,Implementing Partner,Prioritise,0.0,MONITOR,0.0,0,0,0,0.00,0.0,NO_VERIFIED_CATALOGUE_MATCH,0,,0.0,NONE,0,0.0,,0.0,MONITOR,No strong commercial signal yet.,Keep on watchlist; revisit when new procurement demand or catalogue-fit evidence appears.,,
acct_0cd184b483a2,"HumanTruths, Inc.",org_f44c15bd1de0,Kenya,Implementing Partner,Prioritise,0.0,MONITOR,0.0,0,0,0,0.00,0.0,NO_VERIFIED_CATALOGUE_MATCH,0,,0.0,NONE,0,0.0,,0.0,MONITOR,No strong commercial signal yet.,Keep on watchlist; revisit when new procurement demand or catalogue-fit evidence appears.,,
acct_8ac6948639c4,humedica e.V.,org_b51fb39aff05,Ethiopia; South Sudan,Implementing Partner,Qualify,0.0,MONITOR,0.0,0,0,0,0.00,0.0,NO_VERIFIED_CATALOGUE_MATCH,0,,0.0,NONE,0,0.0,,0.0,MONITOR,No strong commercial signal yet.,Keep on watchlist; revisit when new procurement demand or catalogue-fit evidence appears.,,
acct_6e24ec1ec673,Hungarian National Comm for UNICEF,org_7cfaada84783,Somalia,Donor,Prioritise,0.0,MONITOR,0.0,0,0,0,0.00,0.0,NO_VERIFIED_CATALOGUE_MATCH,0,,0.0,NONE,0,0.0,,0.0,MONITOR,No strong commercial signal yet.,Keep on watchlist; revisit when new procurement demand or catalogue-fit evidence appears.,,
acct_b3356809f9e6,HURU INTERNATIONAL KENYA,org_422f0b587477,Kenya,Implementing Partner,Prioritise,0.0,MONITOR,0.0,0,0,0,0.00,0.0,NO_VERIFIED_CATALOGUE_MATCH,0,,0.0,NONE,0,0.0,,0.0,MONITOR,No strong commercial signal yet.,Keep on watchlist; revisit when new procurement demand or catalogue-fit evidence appears.,,
acct_577a85ee1add,HYDRAULIQUE SANS FRONTIERES,org_77e9012aded8,Democratic Republic of the Congo,Implementing Partner,Prioritise,0.0,MONITOR,0.0,0,0,0,0.00,0.0,NO_VERIFIED_CATALOGUE_MATCH,0,,0.0,NONE,0,0.0,,0.0,MONITOR,No strong commercial signal yet.,Keep on watchlist; revisit when new procurement demand or catalogue-fit evidence appears.,,
acct_ccfcf4d5d404,I Choose Life - Africa,org_1e359c7e945b,Kenya; ZW; Uganda; Democratic Republic of the Congo; Ethiopia; GH; MZ; NP; NG; Rwanda; SL; Tanzania; ZM,Implementing Partner,Qualify,0.0,MONITOR,0.0,0,0,0,0.00,0.0,NO_VERIFIED_CATALOGUE_MATCH,0,,0.0,NONE,0,0.0,,0.0,MONITOR,No strong commercial signal yet.,Keep on watchlist; revisit when new procurement demand or catalogue-fit evidence appears.,,
acct_20cd34ad6462,IAVI,org_be5c9aa8cb32,Uganda,Implementing Partner,Qualify,0.0,MONITOR,0.0,0,0,0,0.00,0.0,NO_VERIFIED_CATALOGUE_MATCH,0,,0.0,NONE,0,0.0,,0.0,MONITOR,No strong commercial signal yet.,Keep on watchlist; revisit when new procurement demand or catalogue-fit evidence appears.,,
acct_c210d82a34ae,IBRD - INTERNATIONAL BANK FOR RECONSTRUCTION AND DEVELOPMENT,org_494b4b5a9a91,Ethiopia,Implementing Partner,Research,0.0,MONITOR,0.0,0,0,0,0.00,0.0,NO_VERIFIED_CATALOGUE_MATCH,0,,0.0,NONE,0,0.0,,0.0,MONITOR,No strong commercial signal yet.,Keep on watchlist; revisit when new procurement demand or catalogue-fit evidence appears.,,
acct_0d157d895ee9,Iceland,org_820b189891ff,Uganda; Kenya,Donor,Prioritise,0.0,MONITOR,0.0,0,0,0,0.00,0.0,NO_VERIFIED_CATALOGUE_MATCH,0,,0.0,NONE,0,0.0,,0.0,MONITOR,No strong commercial signal yet.,Keep on watchlist; revisit when new procurement demand or catalogue-fit evidence appears.,,
acct_d55564dac103,Iceland - Ministry for Foreign Affairs,org_16412eb78be9,Somalia,Donor,Prioritise,0.0,MONITOR,0.0,0,0,0,0.00,0.0,NO_VERIFIED_CATALOGUE_MATCH,0,,0.0,NONE,0,0.0,,0.0,MONITOR,No strong commercial signal yet.,Keep on watchlist; revisit when new procurement demand or catalogue-fit evidence appears.,,
acct_369487edc505,"ICF Incorporated, L.L.C.",org_9eca44ef099f,AO; Democratic Republic of the Congo; Ethiopia; Kenya; MW; ML; NE; NG; ZW; Rwanda; SN; Tanzania; Uganda; BF; ZM; PK; ID,Implementing Partner,Prioritise,0.0,MONITOR,0.0,0,0,0,0.00,0.0,NO_VERIFIED_CATALOGUE_MATCH,0,,0.0,NONE,0,0.0,,0.0,MONITOR,No strong commercial signal yet.,Keep on watchlist; revisit when new procurement demand or catalogue-fit evidence appears.,,
acct_7fed557322dd,IDH Sustainable Trade Initiative,org_7ab2b50cfe9c,Rwanda,Implementing Partner,Qualify,0.0,MONITOR,0.0,0,0,0,0.00,0.0,NO_VERIFIED_CATALOGUE_MATCH,0,,0.0,NONE,0,0.0,,0.0,MONITOR,No strong commercial signal yet.,Keep on watchlist; revisit when new procurement demand or catalogue-fit evidence appears.,,
acct_d33182a8caad,Ifakara Health Institute,org_884d7b286015,BD; GH; KI; SL; Tanzania,Implementing Partner,Research,0.0,MONITOR,0.0,0,0,0,0.00,0.0,NO_VERIFIED_CATALOGUE_MATCH,0,,0.0,NONE,0,0.0,,0.0,MONITOR,No strong commercial signal yet.,Keep on watchlist; revisit when new procurement demand or catalogue-fit evidence appears.,,
acct_cded14c01687,IFC EMERGING MARKETS SECURITIZATION 2025 1,org_395d09ca56ac,MY; PH; Kenya; TH,Implementing Partner,Monitor,0.0,MONITOR,0.0,0,0,0,0.00,0.0,NO_VERIFIED_CATALOGUE_MATCH,0,,0.0,NONE,0,0.0,,0.0,MONITOR,No strong commercial signal yet.,Keep on watchlist; revisit when new procurement demand or catalogue-fit evidence appears.,,
acct_5b2cb2631a39,IFC EMERGING MARKETS SECURITIZATION 2026 1 LTD,org_4ab18fcf1ab7,MY; PH; Kenya; TH,Implementing Partner,Monitor,0.0,MONITOR,0.0,0,0,0,0.00,0.0,NO_VERIFIED_CATALOGUE_MATCH,0,,0.0,NONE,0,0.0,,0.0,MONITOR,No strong commercial signal yet.,Keep on watchlist; revisit when new procurement demand or catalogue-fit evidence appears.,,
acct_e4704dcf9a74,IFPRI – International Food Policy Research Institute,org_5c96f1eb96a9,BD; IN; PK; Uganda; ZW,Implementing Partner,Prioritise,0.0,MONITOR,0.0,0,0,0,0.00,0.0,NO_VERIFIED_CATALOGUE_MATCH,0,,0.0,NONE,0,0.0,,0.0,MONITOR,No strong commercial signal yet.,Keep on watchlist; revisit when new procurement demand or catalogue-fit evidence appears.,,
acct_59976d49766e,IIT Bangalore,org_8a333b5a0747,Kenya; IN; SL; NP; GH; BR; GB; ZA,Implementing Partner,Qualify,0.0,MONITOR,0.0,0,0,0,0.00,0.0,NO_VERIFIED_CATALOGUE_MATCH,0,,0.0,NONE,0,0.0,,0.0,MONITOR,No strong commercial signal yet.,Keep on watchlist; revisit when new procurement demand or catalogue-fit evidence appears.,,
acct_cbb87d7c283e,IIT Delhi,org_6cd3bc0a36f8,Kenya; BD; JO; Uganda; GB; AF; BE; FJ; ID; LK; IN; ZA; CH,Implementing Partner,Prioritise,0.0,MONITOR,0.0,0,0,0,0.00,0.0,NO_VERIFIED_CATALOGUE_MATCH,0,,0.0,NONE,0,0.0,,0.0,MONITOR,No strong commercial signal yet.,Keep on watchlist; revisit when new procurement demand or catalogue-fit evidence appears.,,
acct_6c4148433fef,IIT Madras,org_0d564c1095d0,Kenya; BD; JO; Uganda; GB; AF; BE; FJ; ID; LK; IN; ZA; CH; SL; NP; GH; BR,Implementing Partner,Qualify,0.0,MONITOR,0.0,0,0,0,0.00,0.0,NO_VERIFIED_CATALOGUE_MATCH,0,,0.0,NONE,0,0.0,,0.0,MONITOR,No strong commercial signal yet.,Keep on watchlist; revisit when new procurement demand or catalogue-fit evidence appears.,,
acct_b9f298469a14,IMAGINE 1 DAY INTERNATIONAL ORGANIZATION,org_91b682d1f78c,Ethiopia,Implementing Partner,Prioritise,0.0,MONITOR,0.0,0,0,0,0.00,0.0,NO_VERIFIED_CATALOGUE_MATCH,0,,0.0,NONE,0,0.0,,0.0,MONITOR,No strong commercial signal yet.,Keep on watchlist; revisit when new procurement demand or catalogue-fit evidence appears.,,
acct_b8f924362a5c,Impact Fund Denmark,org_211a57275732,Somalia,Accountable Agency,Research,0.0,MONITOR,0.0,0,0,0,0.00,0.0,NO_VERIFIED_CATALOGUE_MATCH,0,,0.0,NONE,0,0.0,,0.0,MONITOR,No strong commercial signal yet.,Keep on watchlist; revisit when new procurement demand or catalogue-fit evidence appears.,,
acct_4d4294a21075,Impact Health Organisation (IHO),org_42ea8d149699,South Sudan,Implementing Partner,Research,0.0,MONITOR,0.0,0,0,0,0.00,0.0,NO_VERIFIED_CATALOGUE_MATCH,0,,0.0,NONE,0,0.0,,0.0,MONITOR,No strong commercial signal yet.,Keep on watchlist; revisit when new procurement demand or catalogue-fit evidence appears.,,
acct_e35f1fe9befa,IMPACT HEALTH ORGANIZATION IHO,org_57cda58c2ea1,South Sudan,Implementing Partner,Prioritise,0.0,MONITOR,0.0,0,0,0,0.00,0.0,NO_VERIFIED_CATALOGUE_MATCH,0,,0.0,NONE,0,0.0,,0.0,MONITOR,No strong commercial signal yet.,Keep on watchlist; revisit when new procurement demand or catalogue-fit evidence appears.,,
acct_f7e74c7c75f7,IMPACT Initiatives,org_22b0db5a6b41,Ethiopia,Implementing Partner,Research,0.0,MONITOR,0.0,0,0,0,0.00,0.0,NO_VERIFIED_CATALOGUE_MATCH,0,,0.0,NONE,0,0.0,,0.0,MONITOR,No strong commercial signal yet.,Keep on watchlist; revisit when new procurement demand or catalogue-fit evidence appears.,,
acct_758acec6eb8f,IMPACT RELIEF AND DEVELOPMENT,org_8993e808d52f,South Sudan,Implementing Partner,Prioritise,0.0,MONITOR,0.0,0,0,0,0.00,0.0,NO_VERIFIED_CATALOGUE_MATCH,0,,0.0,NONE,0,0.0,,0.0,MONITOR,No strong commercial signal yet.,Keep on watchlist; revisit when new procurement demand or catalogue-fit evidence appears.,,
acct_d0473166bb5d,IMPACT Trust Kenya,org_587893601320,BD; GH; KH; ZA; Ethiopia; MW; SN; Uganda; IN; ZW; PE; TH; SY; MM; AR; VN; ZM; BR; LA; PK; Rwanda; Democratic Republic of the Congo; Kenya,Implementing Partner,Qualify,0.0,MONITOR,0.0,0,0,0,0.00,0.0,NO_VERIFIED_CATALOGUE_MATCH,0,,0.0,NONE,0,0.0,,0.0,MONITOR,No strong commercial signal yet.,Keep on watchlist; revisit when new procurement demand or catalogue-fit evidence appears.,,
acct_3609a3dcf9d4,IMPACTA GLOBAL PARTNERS SCSP,org_8ace011f9715,MY; PH; Kenya; TH,Implementing Partner,Monitor,0.0,MONITOR,0.0,0,0,0,0.00,0.0,NO_VERIFIED_CATALOGUE_MATCH,0,,0.0,NONE,0,0.0,,0.0,MONITOR,No strong commercial signal yet.,Keep on watchlist; revisit when new procurement demand or catalogue-fit evidence appears.,,
acct_ac9a98d450e2,"Imperial College of Science, Technology and Medicine",org_77742aefdb9d,Democratic Republic of the Congo; MZ; Tanzania; Ethiopia; BW; GN; MW; ZA; VN; GM; GH; BF; Kenya; SD; ZM; CM; NG; Uganda; NZ; GB; LK; LB; Rwanda,Implementing Partner,Prioritise,0.0,MONITOR,0.0,0,0,0,0.00,0.0,NO_VERIFIED_CATALOGUE_MATCH,0,,0.0,NONE,0,0.0,,0.0,MONITOR,No strong commercial signal yet.,Keep on watchlist; revisit when new procurement demand or catalogue-fit evidence appears.,,
acct_8dd8877e91bb,IMPERIAL EDUCATIONAL TECHNLOGY LTD,org_7af6235fefb7,ZW; ZA; NG; BW; Rwanda; GH; Kenya; SL,Implementing Partner,Monitor,0.0,MONITOR,0.0,0,0,0,0.00,0.0,NO_VERIFIED_CATALOGUE_MATCH,0,,0.0,NONE,0,0.0,,0.0,MONITOR,No strong commercial signal yet.,Keep on watchlist; revisit when new procurement demand or catalogue-fit evidence appears.,,
acct_22c6b98270d5,In2Care BV,org_792471a271ff,Kenya,Donor,Qualify,0.0,MONITOR,0.0,0,0,0,0.00,0.0,NO_VERIFIED_CATALOGUE_MATCH,0,,0.0,NONE,0,0.0,,0.0,MONITOR,No strong commercial signal yet.,Keep on watchlist; revisit when new procurement demand or catalogue-fit evidence appears.,,
acct_a2221a75b97e,Incheon Institute,org_4ee64fe1cca1,Kenya; KR; MN; KH; LA; TH; IN; KG; MK; TJ; UZ; RS; KW; PS; SA,Implementing Partner,Qualify,0.0,MONITOR,0.0,0,0,0,0.00,0.0,NO_VERIFIED_CATALOGUE_MATCH,0,,0.0,NONE,0,0.0,,0.0,MONITOR,No strong commercial signal yet.,Keep on watchlist; revisit when new procurement demand or catalogue-fit evidence appears.,,
acct_63d129b27e2e,Incision Group B.V.,org_073756fc1d9e,Kenya,Implementing Partner,Prioritise,0.0,MONITOR,0.0,0,0,0,0.00,0.0,NO_VERIFIED_CATALOGUE_MATCH,0,,0.0,NONE,0,0.0,,0.0,MONITOR,No strong commercial signal yet.,Keep on watchlist; revisit when new procurement demand or catalogue-fit evidence appears.,,
acct_d6b161809d95,Individual donors to Ethiopiaid,org_f6ca27a0c94c,Ethiopia,Donor,Qualify,0.0,MONITOR,0.0,0,0,0,0.00,0.0,NO_VERIFIED_CATALOGUE_MATCH,0,,0.0,NONE,0,0.0,,0.0,MONITOR,No strong commercial signal yet.,Keep on watchlist; revisit when new procurement demand or catalogue-fit evidence appears.,,
acct_98398a5ae302,INFECTIOUS DISEASES INSTITUTE,org_8ae9ad31e503,Uganda; Tanzania,Implementing Partner,Prioritise,0.0,MONITOR,0.0,0,0,0,0.00,0.0,NO_VERIFIED_CATALOGUE_MATCH,0,,0.0,NONE,0,0.0,,0.0,MONITOR,No strong commercial signal yet.,Keep on watchlist; revisit when new procurement demand or catalogue-fit evidence appears.,,
acct_28c8e848c60f,INFECTIOUS DISEASES INSTITUTE LTD,org_894118a2a9f8,Democratic Republic of the Congo; Uganda; AO; Rwanda,Implementing Partner,Qualify,0.0,MONITOR,0.0,0,0,0,0.00,0.0,NO_VERIFIED_CATALOGUE_MATCH,0,,0.0,NONE,0,0.0,,0.0,MONITOR,No strong commercial signal yet.,Keep on watchlist; revisit when new procurement demand or catalogue-fit evidence appears.,,
acct_e1c3f1869c30,Infectious Diseases Research Collaboration (IDRC),org_ab0e284b9f38,South Sudan; Uganda,Donor,Prioritise,0.0,MONITOR,0.0,0,0,0,0.00,0.0,NO_VERIFIED_CATALOGUE_MATCH,0,,0.0,NONE,0,0.0,,0.0,MONITOR,No strong commercial signal yet.,Keep on watchlist; revisit when new procurement demand or catalogue-fit evidence appears.,,
acct_05264b34c9b9,Infinity Foundation,org_b210b8ad5f7b,BD; GH; ID; Kenya; MR; NP; LK; Tanzania; TH; Uganda,Implementing Partner,Monitor,0.0,MONITOR,0.0,0,0,0,0.00,0.0,NO_VERIFIED_CATALOGUE_MATCH,0,,0.0,NONE,0,0.0,,0.0,MONITOR,No strong commercial signal yet.,Keep on watchlist; revisit when new procurement demand or catalogue-fit evidence appears.,,
acct_379384523ad8,INFRASTRUCTURE CREDIT GUARANTEE COMPANY PLC,org_4e1b64771307,MY; PH; Kenya; TH,Implementing Partner,Monitor,0.0,MONITOR,0.0,0,0,0,0.00,0.0,NO_VERIFIED_CATALOGUE_MATCH,0,,0.0,NONE,0,0.0,,0.0,MONITOR,No strong commercial signal yet.,Keep on watchlist; revisit when new procurement demand or catalogue-fit evidence appears.,,
acct_943aea35c8eb,Innovation Norway,org_f0e8053c08f2,Kenya,Donor,Prioritise,0.0,MONITOR,0.0,0,0,0,0.00,0.0,NO_VERIFIED_CATALOGUE_MATCH,0,,0.0,NONE,0,0.0,,0.0,MONITOR,No strong commercial signal yet.,Keep on watchlist; revisit when new procurement demand or catalogue-fit evidence appears.,,
acct_7869341c1cad,Innovation Poverty Action,org_2695c1034a5b,BD; GH; KI; SL; Tanzania,Implementing Partner,Research,0.0,MONITOR,0.0,0,0,0,0.00,0.0,NO_VERIFIED_CATALOGUE_MATCH,0,,0.0,NONE,0,0.0,,0.0,MONITOR,No strong commercial signal yet.,Keep on watchlist; revisit when new procurement demand or catalogue-fit evidence appears.,,
acct_35a4e8ef9234,Innovations_for_Poverty_Action,org_29657316aa8d,Uganda; Kenya,Implementing Partner,Qualify,0.0,MONITOR,0.0,0,0,0,0.00,0.0,NO_VERIFIED_CATALOGUE_MATCH,0,,0.0,NONE,0,0.0,,0.0,MONITOR,No strong commercial signal yet.,Keep on watchlist; revisit when new procurement demand or catalogue-fit evidence appears.,,
acct_17fef3d262f1,Innovations For Poverty Action,org_67a8eca476b8,Uganda; Kenya,Reporting Organisation,Qualify,0.0,MONITOR,0.0,0,0,0,0.00,0.0,NO_VERIFIED_CATALOGUE_MATCH,0,,0.0,NONE,0,0.0,,0.0,MONITOR,No strong commercial signal yet.,Keep on watchlist; revisit when new procurement demand or catalogue-fit evidence appears.,,
acct_17fef3d262f1,Innovations for Poverty Action,org_67a8eca476b8,Uganda; Kenya,Reporting Organisation,Monitor,0.0,MONITOR,0.0,0,0,0,0.00,0.0,NO_VERIFIED_CATALOGUE_MATCH,0,,0.0,NONE,0,0.0,,0.0,MONITOR,No strong commercial signal yet.,Keep on watchlist; revisit when new procurement demand or catalogue-fit evidence appears.,,
acct_2da2b6a2a030,INNOVATIVE HUMANITARIAN SOLUTIONS ETHIOPIA,org_4cd54d447722,Ethiopia,Implementing Partner,Prioritise,0.0,MONITOR,0.0,0,0,0,0.00,0.0,NO_VERIFIED_CATALOGUE_MATCH,0,,0.0,NONE,0,0.0,,0.0,MONITOR,No strong commercial signal yet.,Keep on watchlist; revisit when new procurement demand or catalogue-fit evidence appears.,,
acct_08b4a0c8a9ca,INS KATANGA STATISTIQUE LUBUMBASHI,org_f1fa5be5b35e,Democratic Republic of the Congo,Implementing Partner,Prioritise,0.0,MONITOR,0.0,0,0,0,0.00,0.0,NO_VERIFIED_CATALOGUE_MATCH,0,,0.0,NONE,0,0.0,,0.0,MONITOR,No strong commercial signal yet.,Keep on watchlist; revisit when new procurement demand or catalogue-fit evidence appears.,,
acct_6e2d4780caca,INSPECTION PRINCIPALE PROVINCIALE TANGANYIKA,org_87397ca1358e,Democratic Republic of the Congo,Implementing Partner,Prioritise,0.0,MONITOR,0.0,0,0,0,0.00,0.0,NO_VERIFIED_CATALOGUE_MATCH,0,,0.0,NONE,0,0.0,,0.0,MONITOR,No strong commercial signal yet.,Keep on watchlist; revisit when new procurement demand or catalogue-fit evidence appears.,,
acct_37a4c3d33126,INSPECTION PROVINCIALE DE SANTE DU TANGANYIKA,org_612567bfed83,Democratic Republic of the Congo,Implementing Partner,Prioritise,0.0,MONITOR,0.0,0,0,0,0.00,0.0,NO_VERIFIED_CATALOGUE_MATCH,0,,0.0,NONE,0,0.0,,0.0,MONITOR,No strong commercial signal yet.,Keep on watchlist; revisit when new procurement demand or catalogue-fit evidence appears.,,
acct_c3460cf451d1,"Institut de la Recherche en la Santé, Clinical Unit of Nanoro (IRSS-CRUN)",org_efab8d479c4b,GM; GH; BF; Kenya; SD; ZM,Implementing Partner,Prioritise,0.0,MONITOR,0.0,0,0,0,0.00,0.0,NO_VERIFIED_CATALOGUE_MATCH,0,,0.0,NONE,0,0.0,,0.0,MONITOR,No strong commercial signal yet.,Keep on watchlist; revisit when new procurement demand or catalogue-fit evidence appears.,,
acct_f9a1adf42361,INSTITUT NATIONAL DE LA STATISTIQUE KANANGA,org_7864d7d488fc,Democratic Republic of the Congo,Implementing Partner,Prioritise,0.0,MONITOR,0.0,0,0,0,0.00,0.0,NO_VERIFIED_CATALOGUE_MATCH,0,,0.0,NONE,0,0.0,,0.0,MONITOR,No strong commercial signal yet.,Keep on watchlist; revisit when new procurement demand or catalogue-fit evidence appears.,,
acct_9d0b79f69859,Institut National de Recherche Biomédicale,org_5d6ff7fef939,SL; GH; Rwanda; Kenya; LR; Uganda; CM; NG; Democratic Republic of the Congo,Implementing Partner,Prioritise,0.0,MONITOR,0.0,0,0,0,0.00,0.0,NO_VERIFIED_CATALOGUE_MATCH,0,,0.0,NONE,0,0.0,,0.0,MONITOR,No strong commercial signal yet.,Keep on watchlist; revisit when new procurement demand or catalogue-fit evidence appears.,,
acct_2c3f3e352792,INSTITUT NATIONAL DE SANTE PUBLIQUE,org_b0dd10fbfd04,Democratic Republic of the Congo,Implementing Partner,Prioritise,0.0,MONITOR,0.0,0,0,0,0.00,0.0,NO_VERIFIED_CATALOGUE_MATCH,0,,0.0,NONE,0,0.0,,0.0,MONITOR,No strong commercial signal yet.,Keep on watchlist; revisit when new procurement demand or catalogue-fit evidence appears.,,
acct_053006565136,Institut Supérieur d'Informatique et de Gestion,org_e5741fe36701,Democratic Republic of the Congo,Implementing Partner,Qualify,0.0,MONITOR,0.0,0,0,0,0.00,0.0,NO_VERIFIED_CATALOGUE_MATCH,0,,0.0,NONE,0,0.0,,0.0,MONITOR,No strong commercial signal yet.,Keep on watchlist; revisit when new procurement demand or catalogue-fit evidence appears.,,
acct_caaf7a3b5c74,Institut Supérieur de Développement Rural de Bukavu,org_d03bf035294d,Democratic Republic of the Congo,Implementing Partner,Qualify,0.0,MONITOR,0.0,0,0,0,0.00,0.0,NO_VERIFIED_CATALOGUE_MATCH,0,,0.0,NONE,0,0.0,,0.0,MONITOR,No strong commercial signal yet.,Keep on watchlist; revisit when new procurement demand or catalogue-fit evidence appears.,,
acct_51b5acefcac4,Institut Supérieur des Techniques Appliquées,org_7409642ca15c,Democratic Republic of the Congo,Implementing Partner,Qualify,0.0,MONITOR,0.0,0,0,0,0.00,0.0,NO_VERIFIED_CATALOGUE_MATCH,0,,0.0,NONE,0,0.0,,0.0,MONITOR,No strong commercial signal yet.,Keep on watchlist; revisit when new procurement demand or catalogue-fit evidence appears.,,
acct_d39a2878e582,Institute for Development,org_f06d6323091c,BD; GH; KI; SL; Tanzania,Implementing Partner,Research,0.0,MONITOR,0.0,0,0,0,0.00,0.0,NO_VERIFIED_CATALOGUE_MATCH,0,,0.0,NONE,0,0.0,,0.0,MONITOR,No strong commercial signal yet.,Keep on watchlist; revisit when new procurement demand or catalogue-fit evidence appears.,,
acct_a395017ed3fa,Institute for Fiscal Studies,org_1b7c1af693e5,BD; GH; KI; SL; Tanzania,Implementing Partner,Research,0.0,MONITOR,0.0,0,0,0,0.00,0.0,NO_VERIFIED_CATALOGUE_MATCH,0,,0.0,NONE,0,0.0,,0.0,MONITOR,No strong commercial signal yet.,Keep on watchlist; revisit when new procurement demand or catalogue-fit evidence appears.,,
acct_5b650f89fa6f,Institute for Healthcare Improvement,org_89fa8ca5645b,Ethiopia; Kenya; BD,Implementing Partner,Prioritise,0.0,MONITOR,0.0,0,0,0,0.00,0.0,NO_VERIFIED_CATALOGUE_MATCH,0,,0.0,NONE,0,0.0,,0.0,MONITOR,No strong commercial signal yet.,Keep on watchlist; revisit when new procurement demand or catalogue-fit evidence appears.,,
acct_42e4d3b49935,Institute for Tropical Medicine,org_5fe056f46b14,Democratic Republic of the Congo; Ethiopia,Implementing Partner,Research,0.0,MONITOR,0.0,0,0,0,0.00,0.0,NO_VERIFIED_CATALOGUE_MATCH,0,,0.0,NONE,0,0.0,,0.0,MONITOR,No strong commercial signal yet.,Keep on watchlist; revisit when new procurement demand or catalogue-fit evidence appears.,,
acct_86f6298f330f,Institute of Adult Education Tanzania,org_a4f5169ed545,Tanzania,Implementing Partner,Qualify,0.0,MONITOR,0.0,0,0,0,0.00,0.0,NO_VERIFIED_CATALOGUE_MATCH,0,,0.0,NONE,0,0.0,,0.0,MONITOR,No strong commercial signal yet.,Keep on watchlist; revisit when new procurement demand or catalogue-fit evidence appears.,,
acct_2d2f6d9ecf3a,Institute of Cancer Research,org_6ab7694dabc1,GM; GH; BF; Kenya; SD; ZM,Implementing Partner,Prioritise,0.0,MONITOR,0.0,0,0,0,0.00,0.0,NO_VERIFIED_CATALOGUE_MATCH,0,,0.0,NONE,0,0.0,,0.0,MONITOR,No strong commercial signal yet.,Keep on watchlist; revisit when new procurement demand or catalogue-fit evidence appears.,,
acct_4caed91016a3,Institute of Development Studies,org_70035025f458,BD; GH; KH; ZA; Ethiopia; MW; SN; Uganda; IN; ZW; PE; TH; SY; MM; AR; VN; ZM; BR; LA; PK; Rwanda; Democratic Republic of the Congo; Kenya,Implementing Partner,Qualify,0.0,MONITOR,0.0,0,0,0,0.00,0.0,NO_VERIFIED_CATALOGUE_MATCH,0,,0.0,NONE,0,0.0,,0.0,MONITOR,No strong commercial signal yet.,Keep on watchlist; revisit when new procurement demand or catalogue-fit evidence appears.,,
acct_4caed91016a3,Institute of Development Studies,org_70035025f458,BD; GH; KH; ZA; Ethiopia; MW; SN; Uganda; IN; ZW; PE; TH; SY; MM; AR; VN; ZM; BR; LA; PK; Rwanda; Democratic Republic of the Congo; Kenya; NG; Somalia; TL; IQ; EG; YE; MY; PH; JO; South Sudan; ID; NP; TN; Tanzania; CM; TD; CI; ML; NE,Implementing Partner,Qualify,0.0,MONITOR,0.0,0,0,0,0.00,0.0,NO_VERIFIED_CATALOGUE_MATCH,0,,0.0,NONE,0,0.0,,0.0,MONITOR,No strong commercial signal yet.,Keep on watchlist; revisit when new procurement demand or catalogue-fit evidence appears.,,
acct_f54f1bc4500f,Institute of Gender and Children's Health Research,org_476152203f94,IN; SL; Kenya; GB,Implementing Partner,Research,0.0,MONITOR,0.0,0,0,0,0.00,0.0,NO_VERIFIED_CATALOGUE_MATCH,0,,0.0,NONE,0,0.0,,0.0,MONITOR,No strong commercial signal yet.,Keep on watchlist; revisit when new procurement demand or catalogue-fit evidence appears.,,
acct_345eb471f8de,Institute of Primate Research,org_bc618150d8bf,Kenya,Implementing Partner,Qualify,0.0,MONITOR,0.0,0,0,0,0.00,0.0,NO_VERIFIED_CATALOGUE_MATCH,0,,0.0,NONE,0,0.0,,0.0,MONITOR,No strong commercial signal yet.,Keep on watchlist; revisit when new procurement demand or catalogue-fit evidence appears.,,
acct_85c12095ab37,Institute of Tropical Medicine,org_c2c1dd5c7b33,Democratic Republic of the Congo,Implementing Partner,Prioritise,0.0,MONITOR,0.0,0,0,0,0.00,0.0,NO_VERIFIED_CATALOGUE_MATCH,0,,0.0,NONE,0,0.0,,0.0,MONITOR,No strong commercial signal yet.,Keep on watchlist; revisit when new procurement demand or catalogue-fit evidence appears.,,
acct_fd4c88664201,INTEGRATED HUMANITARIAN AID,org_6743f709e097,South Sudan,Implementing Partner,Prioritise,0.0,MONITOR,0.0,0,0,0,0.00,0.0,NO_VERIFIED_CATALOGUE_MATCH,0,,0.0,NONE,0,0.0,,0.0,MONITOR,No strong commercial signal yet.,Keep on watchlist; revisit when new procurement demand or catalogue-fit evidence appears.,,
acct_7201a08e4abc,INTER RELIGIOUS COUNCIL OF KENYA,org_c9e18e9dea8b,Kenya,Implementing Partner,Prioritise,0.0,MONITOR,0.0,0,0,0,0.00,0.0,NO_VERIFIED_CATALOGUE_MATCH,0,,0.0,NONE,0,0.0,,0.0,MONITOR,No strong commercial signal yet.,Keep on watchlist; revisit when new procurement demand or catalogue-fit evidence appears.,,
acct_aab1a6c0786d,INTERCHURCH MEDICAL ASSISTANCE INC,org_0b57822dc8f7,Tanzania,Implementing Partner,Prioritise,0.0,MONITOR,0.0,0,0,0,0.00,0.0,NO_VERIFIED_CATALOGUE_MATCH,0,,0.0,NONE,0,0.0,,0.0,MONITOR,No strong commercial signal yet.,Keep on watchlist; revisit when new procurement demand or catalogue-fit evidence appears.,,
acct_837a4f042438,Interchurch Medical Assistance Inc (IMA),org_ee1cab9469c5,Tanzania,Implementing Partner,Qualify,0.0,MONITOR,0.0,0,0,0,0.00,0.0,NO_VERIFIED_CATALOGUE_MATCH,0,,0.0,NONE,0,0.0,,0.0,MONITOR,No strong commercial signal yet.,Keep on watchlist; revisit when new procurement demand or catalogue-fit evidence appears.,,
acct_6be2304a1481,International Aid Services Germany (IAS) e.V. c/o Rainer Gessler,org_c07f9c69837f,South Sudan,Implementing Partner,Prioritise,0.0,MONITOR,0.0,0,0,0,0.00,0.0,NO_VERIFIED_CATALOGUE_MATCH,0,,0.0,NONE,0,0.0,,0.0,MONITOR,No strong commercial signal yet.,Keep on watchlist; revisit when new procurement demand or catalogue-fit evidence appears.,,
acct_31e5e7b4e5c7,International Bank for Reconstruction and Development,org_9c25c6e3a564,Ethiopia; Kenya; South Sudan; Rwanda; Uganda,Implementing Partner,Prioritise,0.0,MONITOR,0.0,0,0,0,0.00,0.0,NO_VERIFIED_CATALOGUE_MATCH,0,,0.0,NONE,0,0.0,,0.0,MONITOR,No strong commercial signal yet.,Keep on watchlist; revisit when new procurement demand or catalogue-fit evidence appears.,,
acct_31e5e7b4e5c7,International Bank for Reconstruction and Development,org_9c25c6e3a564,South Sudan; Kenya,Implementing Partner,Research,0.0,MONITOR,0.0,0,0,0,0.00,0.0,NO_VERIFIED_CATALOGUE_MATCH,0,,0.0,NONE,0,0.0,,0.0,MONITOR,No strong commercial signal yet.,Keep on watchlist; revisit when new procurement demand or catalogue-fit evidence appears.,,
acct_396a1eb9f3bd,International Center for Tropical Agriculture,org_9d57c708398a,Uganda; Kenya,Implementing Partner,Prioritise,0.0,MONITOR,0.0,0,0,0,0.00,0.0,NO_VERIFIED_CATALOGUE_MATCH,0,,0.0,NONE,0,0.0,,0.0,MONITOR,No strong commercial signal yet.,Keep on watchlist; revisit when new procurement demand or catalogue-fit evidence appears.,,
acct_1a6c3ade7b15,"International Centre for Diarrhoeal Disease Research, Bangladesh (icddr,b)",org_b5948f6708cc,BD; GH; KI; SL; Tanzania,Implementing Partner,Research,0.0,MONITOR,0.0,0,0,0,0.00,0.0,NO_VERIFIED_CATALOGUE_MATCH,0,,0.0,NONE,0,0.0,,0.0,MONITOR,No strong commercial signal yet.,Keep on watchlist; revisit when new procurement demand or catalogue-fit evidence appears.,,
acct_f23dbce7d226,International Centre for Insect Physiology and Ecology,org_67a1cff9b0f5,Kenya,Implementing Partner,Qualify,0.0,MONITOR,0.0,0,0,0,0.00,0.0,NO_VERIFIED_CATALOGUE_MATCH,0,,0.0,NONE,0,0.0,,0.0,MONITOR,No strong commercial signal yet.,Keep on watchlist; revisit when new procurement demand or catalogue-fit evidence appears.,,
acct_24133ecd7787,International Centre of Insect Physiology and Ecology (icipe),org_8e6e3e86afa8,Kenya,Donor,Qualify,0.0,MONITOR,0.0,0,0,0,0.00,0.0,NO_VERIFIED_CATALOGUE_MATCH,0,,0.0,NONE,0,0.0,,0.0,MONITOR,No strong commercial signal yet.,Keep on watchlist; revisit when new procurement demand or catalogue-fit evidence appears.,,
acct_8b374e0fdb6e,International Committee of the Red Cross,org_c8c76ca4f84e,Somalia; Ethiopia,Implementing Partner,Research,0.0,MONITOR,0.0,0,0,0,0.00,0.0,NO_VERIFIED_CATALOGUE_MATCH,0,,0.0,NONE,0,0.0,,0.0,MONITOR,No strong commercial signal yet.,Keep on watchlist; revisit when new procurement demand or catalogue-fit evidence appears.,,
acct_d9c1c9cb59a1,International Committee of the Red Cross,org_448fcfbdd96f,Somalia,Implementing Partner,Research,0.0,MONITOR,0.0,0,0,0,0.00,0.0,NO_VERIFIED_CATALOGUE_MATCH,0,,0.0,NONE,0,0.0,,0.0,MONITOR,No strong commercial signal yet.,Keep on watchlist; revisit when new procurement demand or catalogue-fit evidence appears.,,
acct_306ead97050a,INTERNATIONAL CONFEDERATION OF MIDWIVES,org_5a4f3f454095,Kenya,Implementing Partner,Monitor,0.0,MONITOR,0.0,0,0,0,0.00,0.0,NO_VERIFIED_CATALOGUE_MATCH,0,,0.0,NONE,0,0.0,,0.0,MONITOR,No strong commercial signal yet.,Keep on watchlist; revisit when new procurement demand or catalogue-fit evidence appears.,,
acct_b138578a25a3,International Development Association,org_0ae70a066e90,South Sudan; Kenya; Rwanda; Democratic Republic of the Congo; Ethiopia,Donor,Prioritise,0.0,MONITOR,0.0,0,0,0,0.00,0.0,NO_VERIFIED_CATALOGUE_MATCH,0,,0.0,NONE,0,0.0,,0.0,MONITOR,No strong commercial signal yet.,Keep on watchlist; revisit when new procurement demand or catalogue-fit evidence appears.,,
acct_dabfd7de1f5b,International Development Association,org_eba83d0f0bb9,South Sudan,Implementing Partner,Qualify,0.0,MONITOR,0.0,0,0,0,0.00,0.0,NO_VERIFIED_CATALOGUE_MATCH,0,,0.0,NONE,0,0.0,,0.0,MONITOR,No strong commercial signal yet.,Keep on watchlist; revisit when new procurement demand or catalogue-fit evidence appears.,,
acct_59ebad5c6d5b,International Development Law Organization (IDLO),org_f8e06493684a,BD; GH; ID; Kenya; MR; NP; LK; Tanzania; TH; Uganda,Implementing Partner,Monitor,0.0,MONITOR,0.0,0,0,0,0.00,0.0,NO_VERIFIED_CATALOGUE_MATCH,0,,0.0,NONE,0,0.0,,0.0,MONITOR,No strong commercial signal yet.,Keep on watchlist; revisit when new procurement demand or catalogue-fit evidence appears.,,
acct_1e23b185f995,International Development Research Centre,org_6535ef19d19a,Tanzania; MW; Ethiopia; Uganda; Kenya; SL; NG; GH; CM; Democratic Republic of the Congo; SN; BI; Rwanda; LR; PK; CF; CI; GA; MR; GW; ZA; BW; MZ; GN; BR; CO; NP; ZW,Donor,Prioritise,0.0,MONITOR,0.0,0,0,0,0.00,0.0,NO_VERIFIED_CATALOGUE_MATCH,0,,0.0,NONE,0,0.0,,0.0,MONITOR,No strong commercial signal yet.,Keep on watchlist; revisit when new procurement demand or catalogue-fit evidence appears.,,
acct_1e23b185f995,International Development Research Centre,org_6535ef19d19a,Uganda; ZW; ZA; NG; BW; Rwanda; GH; Kenya; SL,Implementing Partner,Research,0.0,MONITOR,0.0,0,0,0,0.00,0.0,NO_VERIFIED_CATALOGUE_MATCH,0,,0.0,NONE,0,0.0,,0.0,MONITOR,No strong commercial signal yet.,Keep on watchlist; revisit when new procurement demand or catalogue-fit evidence appears.,,
acct_ad62f43bce09,INTERNATIONAL DISABILITY ALLIANCE,org_313240fa63fe,MW; ID; CH; GH; CO; GB; SL; BE; FR; IN; Kenya; MN; US,Implementing Partner,Qualify,0.0,MONITOR,0.0,0,0,0,0.00,0.0,NO_VERIFIED_CATALOGUE_MATCH,0,,0.0,NONE,0,0.0,,0.0,MONITOR,No strong commercial signal yet.,Keep on watchlist; revisit when new procurement demand or catalogue-fit evidence appears.,,
acct_32b08d4a684f,INTERNATIONAL EMERGENCY AND DEVELOPMENT AID RELIEF,org_1463841757cb,Democratic Republic of the Congo,Implementing Partner,Prioritise,0.0,MONITOR,0.0,0,0,0,0.00,0.0,NO_VERIFIED_CATALOGUE_MATCH,0,,0.0,NONE,0,0.0,,0.0,MONITOR,No strong commercial signal yet.,Keep on watchlist; revisit when new procurement demand or catalogue-fit evidence appears.,,
acct_4d036b2dc9ff,International Federation of Red Cross and Red Crescent Societies,org_c29e2b3d3222,BI; CM; Democratic Republic of the Congo; MW; MZ; NG; ZW; ZM; NP; BD; PK,Implementing Partner,Prioritise,0.0,MONITOR,0.0,0,0,0,0.00,0.0,NO_VERIFIED_CATALOGUE_MATCH,0,,0.0,NONE,0,0.0,,0.0,MONITOR,No strong commercial signal yet.,Keep on watchlist; revisit when new procurement demand or catalogue-fit evidence appears.,,
acct_3c1226020d64,International Finance Corporation,org_3f232c6ebd7c,AO; GN; Kenya; Uganda; ZM; IN; BD; KH; Ethiopia,Implementing Partner,Prioritise,0.0,MONITOR,0.0,0,0,0,0.00,0.0,NO_VERIFIED_CATALOGUE_MATCH,0,,0.0,NONE,0,0.0,,0.0,MONITOR,No strong commercial signal yet.,Keep on watchlist; revisit when new procurement demand or catalogue-fit evidence appears.,,
acct_6588075f58dc,International Food Policy Research Institute,org_6abd0f3351de,Ethiopia; Kenya; NG; SN; IN; MG; ID,Implementing Partner,Prioritise,0.0,MONITOR,0.0,0,0,0,0.00,0.0,NO_VERIFIED_CATALOGUE_MATCH,0,,0.0,NONE,0,0.0,,0.0,MONITOR,No strong commercial signal yet.,Keep on watchlist; revisit when new procurement demand or catalogue-fit evidence appears.,,
acct_2b4549e560c3,International Health Policy Program Foundation,org_bd94f40c55b1,Kenya; KH; NG; Somalia; ZA; VN; ZW; IN; Rwanda; GH; SY; TL; IQ; EG; YE; TH; MW; MY; PH; PK; JO; BD; Ethiopia; MM; South Sudan; Democratic Republic of the Congo; ID; NP; TN; Tanzania,Implementing Partner,Qualify,0.0,MONITOR,0.0,0,0,0,0.00,0.0,NO_VERIFIED_CATALOGUE_MATCH,0,,0.0,NONE,0,0.0,,0.0,MONITOR,No strong commercial signal yet.,Keep on watchlist; revisit when new procurement demand or catalogue-fit evidence appears.,,
acct_ff82cd22f6ff,International Institute for Environment and Development,org_7596c81a8a05,BD; GH; KH; ZA; Ethiopia; MW; SN; Uganda; IN; ZW; PE; TH; SY; MM; AR; VN; ZM; BR; LA; PK; Rwanda; Democratic Republic of the Congo; Kenya,Implementing Partner,Qualify,0.0,MONITOR,0.0,0,0,0,0.00,0.0,NO_VERIFIED_CATALOGUE_MATCH,0,,0.0,NONE,0,0.0,,0.0,MONITOR,No strong commercial signal yet.,Keep on watchlist; revisit when new procurement demand or catalogue-fit evidence appears.,,
acct_ff82cd22f6ff,International Institute for Environment and Development,org_7596c81a8a05,Kenya; KH; NG; Somalia; ZA; VN; ZW; IN; Rwanda; GH; SY; TL; IQ; EG; YE; TH; MW; MY; PH; PK; JO; BD; Ethiopia; MM; South Sudan; Democratic Republic of the Congo; ID; NP; TN; Tanzania,Implementing Partner,Qualify,0.0,MONITOR,0.0,0,0,0,0.00,0.0,NO_VERIFIED_CATALOGUE_MATCH,0,,0.0,NONE,0,0.0,,0.0,MONITOR,No strong commercial signal yet.,Keep on watchlist; revisit when new procurement demand or catalogue-fit evidence appears.,,
acct_370981ac85fe,International Livestock Research Institute,org_1d17cb4b26f7,Kenya,Implementing Partner,Qualify,0.0,MONITOR,0.0,0,0,0,0.00,0.0,NO_VERIFIED_CATALOGUE_MATCH,0,,0.0,NONE,0,0.0,,0.0,MONITOR,No strong commercial signal yet.,Keep on watchlist; revisit when new procurement demand or catalogue-fit evidence appears.,,
acct_67e6e7823523,INTERNATIONAL MEDICAL CORPS UK,org_f27563172112,South Sudan,Implementing Partner,Prioritise,0.0,MONITOR,0.0,0,0,0,0.00,0.0,NO_VERIFIED_CATALOGUE_MATCH,0,,0.0,NONE,0,0.0,,0.0,MONITOR,No strong commercial signal yet.,Keep on watchlist; revisit when new procurement demand or catalogue-fit evidence appears.,,
acct_67e6e7823523,INTERNATIONAL MEDICAL CORPS UK,org_f27563172112,Somalia,Implementing Partner,Prioritise,0.0,MONITOR,0.0,0,0,0,0.00,0.0,NO_VERIFIED_CATALOGUE_MATCH,0,,0.0,NONE,0,0.0,,0.0,MONITOR,No strong commercial signal yet.,Keep on watchlist; revisit when new procurement demand or catalogue-fit evidence appears.,,
acct_67e6e7823523,International Medical Corps UK,org_f27563172112,Somalia,Implementing Partner,Qualify,0.0,MONITOR,0.0,0,0,0,0.00,0.0,NO_VERIFIED_CATALOGUE_MATCH,0,,0.0,NONE,0,0.0,,0.0,MONITOR,No strong commercial signal yet.,Keep on watchlist; revisit when new procurement demand or catalogue-fit evidence appears.,,
acct_81123ece3265,International Nepal Fellowship Nepal,org_f2d63a30c1ca,BE; EG; IE; NP; Rwanda; CH; GB; US,Implementing Partner,Prioritise,0.0,MONITOR,0.0,0,0,0,0.00,0.0,NO_VERIFIED_CATALOGUE_MATCH,0,,0.0,NONE,0,0.0,,0.0,MONITOR,No strong commercial signal yet.,Keep on watchlist; revisit when new procurement demand or catalogue-fit evidence appears.,,
acct_ffdd883d55d3,INTERNATIONAL NGO,org_5a0d5ef78d32,Kenya; CM; Democratic Republic of the Congo; GH; NG; SN; Tanzania; Ethiopia; Somalia; South Sudan,Implementing Partner,Prioritise,0.0,MONITOR,0.0,0,0,0,0.00,0.0,NO_VERIFIED_CATALOGUE_MATCH,0,,0.0,NONE,0,0.0,,0.0,MONITOR,No strong commercial signal yet.,Keep on watchlist; revisit when new procurement demand or catalogue-fit evidence appears.,,
acct_b9911df6414e,International Organisation for Migration (IOM),org_cff537c0a327,Somalia,Implementing Partner,Prioritise,0.0,MONITOR,0.0,0,0,0,0.00,0.0,NO_VERIFIED_CATALOGUE_MATCH,0,,0.0,NONE,0,0.0,,0.0,MONITOR,No strong commercial signal yet.,Keep on watchlist; revisit when new procurement demand or catalogue-fit evidence appears.,,
acct_f1d486528a9e,International Organization for Migration,org_3ac48966b591,Democratic Republic of the Congo; South Sudan; Uganda,Donor,Prioritise,0.0,MONITOR,0.0,0,0,0,0.00,0.0,NO_VERIFIED_CATALOGUE_MATCH,0,,0.0,NONE,0,0.0,,0.0,MONITOR,No strong commercial signal yet.,Keep on watchlist; revisit when new procurement demand or catalogue-fit evidence appears.,,
acct_f1d486528a9e,International Organization for Migration,org_3ac48966b591,Democratic Republic of the Congo,Implementing Partner,Prioritise,0.0,MONITOR,0.0,0,0,0,0.00,0.0,NO_VERIFIED_CATALOGUE_MATCH,0,,0.0,NONE,0,0.0,,0.0,MONITOR,No strong commercial signal yet.,Keep on watchlist; revisit when new procurement demand or catalogue-fit evidence appears.,,
acct_f1d486528a9e,INTERNATIONAL ORGANIZATION FOR MIGRATION,org_3ac48966b591,Democratic Republic of the Congo,Implementing Partner,Research,0.0,MONITOR,0.0,0,0,0,0.00,0.0,NO_VERIFIED_CATALOGUE_MATCH,0,,0.0,NONE,0,0.0,,0.0,MONITOR,No strong commercial signal yet.,Keep on watchlist; revisit when new procurement demand or catalogue-fit evidence appears.,,
acct_259d39c406b8,International Paralympic Committee,org_ef873dd76588,MW; ID; CH; GH; CO; GB; SL; BE; FR; IN; Kenya; MN; US,Implementing Partner,Qualify,0.0,MONITOR,0.0,0,0,0,0.00,0.0,NO_VERIFIED_CATALOGUE_MATCH,0,,0.0,NONE,0,0.0,,0.0,MONITOR,No strong commercial signal yet.,Keep on watchlist; revisit when new procurement demand or catalogue-fit evidence appears.,,
acct_8e1bfe9202c3,International Planned Parenthood Federation,org_3b3d55a1351c,BI; Ethiopia; MG; Somalia; South Sudan; SD; ZM; MW; MZ; PK; Rwanda; Tanzania; Uganda; AF; BG; ZW; Democratic Republic of the Congo,Donor,Research,0.0,MONITOR,0.0,0,0,0,0.00,0.0,NO_VERIFIED_CATALOGUE_MATCH,0,,0.0,NONE,0,0.0,,0.0,MONITOR,No strong commercial signal yet.,Keep on watchlist; revisit when new procurement demand or catalogue-fit evidence appears.,,
acct_e78c35f47b25,INTERNATIONAL RESCUE COMMITTEE,org_8748a1c549bc,South Sudan,Implementing Partner,Prioritise,0.0,MONITOR,0.0,0,0,0,0.00,0.0,NO_VERIFIED_CATALOGUE_MATCH,0,,0.0,NONE,0,0.0,,0.0,MONITOR,No strong commercial signal yet.,Keep on watchlist; revisit when new procurement demand or catalogue-fit evidence appears.,,
acct_e78c35f47b25,INTERNATIONAL RESCUE COMMITTEE,org_8748a1c549bc,Kenya,Implementing Partner,Prioritise,0.0,MONITOR,0.0,0,0,0,0.00,0.0,NO_VERIFIED_CATALOGUE_MATCH,0,,0.0,NONE,0,0.0,,0.0,MONITOR,No strong commercial signal yet.,Keep on watchlist; revisit when new procurement demand or catalogue-fit evidence appears.,,
acct_e78c35f47b25,INTERNATIONAL RESCUE COMMITTEE,org_8748a1c549bc,Democratic Republic of the Congo,Implementing Partner,Prioritise,0.0,MONITOR,0.0,0,0,0,0.00,0.0,NO_VERIFIED_CATALOGUE_MATCH,0,,0.0,NONE,0,0.0,,0.0,MONITOR,No strong commercial signal yet.,Keep on watchlist; revisit when new procurement demand or catalogue-fit evidence appears.,,
acct_8329d7991431,International Rescue Committee Inc.,org_05d4b49f0d92,Ethiopia; South Sudan; BI; Democratic Republic of the Congo; Somalia; Uganda; Tanzania; MW; MZ; PK; Rwanda; SD; ZM; AF; BG; MG; ZW,Implementing Partner,Qualify,0.0,MONITOR,0.0,0,0,0,0.00,0.0,NO_VERIFIED_CATALOGUE_MATCH,0,,0.0,NONE,0,0.0,,0.0,MONITOR,No strong commercial signal yet.,Keep on watchlist; revisit when new procurement demand or catalogue-fit evidence appears.,,
acct_5d6501e22d37,International Rescue Committee UK,org_cdc7d5643f34,South Sudan; NP; Kenya; PK; SL; MW; GH; ZW; Ethiopia; Somalia; Uganda; BI; MG; SD; ZM; Tanzania; Democratic Republic of the Congo,Donor,Qualify,0.0,MONITOR,0.0,0,0,0,0.00,0.0,NO_VERIFIED_CATALOGUE_MATCH,0,,0.0,NONE,0,0.0,,0.0,MONITOR,No strong commercial signal yet.,Keep on watchlist; revisit when new procurement demand or catalogue-fit evidence appears.,,
acct_4506dd964a11,International Society for Prosthetics and Orthotics,org_ca36d8daf91f,Kenya; BD; JO; Uganda; GB; AF; BE; FJ; ID; LK; IN; ZA; CH,Implementing Partner,Prioritise,0.0,MONITOR,0.0,0,0,0,0.00,0.0,NO_VERIFIED_CATALOGUE_MATCH,0,,0.0,NONE,0,0.0,,0.0,MONITOR,No strong commercial signal yet.,Keep on watchlist; revisit when new procurement demand or catalogue-fit evidence appears.,,
acct_7b343a652c17,INTERNATIONAL TELECOMMUNICATIONS UNION,org_e2b547c28a30,Uganda,Donor,Research,0.0,MONITOR,0.0,0,0,0,0.00,0.0,NO_VERIFIED_CATALOGUE_MATCH,0,,0.0,NONE,0,0.0,,0.0,MONITOR,No strong commercial signal yet.,Keep on watchlist; revisit when new procurement demand or catalogue-fit evidence appears.,,
acct_7c85ea96ff3a,International Vaccine Institute,org_39d2bd506239,Democratic Republic of the Congo,Implementing Partner,Prioritise,0.0,MONITOR,0.0,0,0,0,0.00,0.0,NO_VERIFIED_CATALOGUE_MATCH,0,,0.0,NONE,0,0.0,,0.0,MONITOR,No strong commercial signal yet.,Keep on watchlist; revisit when new procurement demand or catalogue-fit evidence appears.,,
acct_f5612ccc7ab5,INTERSOS,org_0705c2288152,Democratic Republic of the Congo,Implementing Partner,Prioritise,0.0,MONITOR,0.0,0,0,0,0.00,0.0,NO_VERIFIED_CATALOGUE_MATCH,0,,0.0,NONE,0,0.0,,0.0,MONITOR,No strong commercial signal yet.,Keep on watchlist; revisit when new procurement demand or catalogue-fit evidence appears.,,
acct_f5612ccc7ab5,INTERSOS,org_0705c2288152,South Sudan,Implementing Partner,Prioritise,0.0,MONITOR,0.0,0,0,0,0.00,0.0,NO_VERIFIED_CATALOGUE_MATCH,0,,0.0,NONE,0,0.0,,0.0,MONITOR,No strong commercial signal yet.,Keep on watchlist; revisit when new procurement demand or catalogue-fit evidence appears.,,
acct_79c13148179d,IntraHealth International Inc.,org_571a417e53bd,Tanzania,Implementing Partner,Research,0.0,MONITOR,0.0,0,0,0,0.00,0.0,NO_VERIFIED_CATALOGUE_MATCH,0,,0.0,NONE,0,0.0,,0.0,MONITOR,No strong commercial signal yet.,Keep on watchlist; revisit when new procurement demand or catalogue-fit evidence appears.,,
acct_d5a1b9f6ef76,"INVEA - IMMIGRATION, NATIONALITY AND VITAL EVENTS AGENCY ALT",org_eee5207468ab,Ethiopia,Implementing Partner,Monitor,0.0,MONITOR,0.0,0,0,0,0.00,0.0,NO_VERIFIED_CATALOGUE_MATCH,0,,0.0,NONE,0,0.0,,0.0,MONITOR,No strong commercial signal yet.,Keep on watchlist; revisit when new procurement demand or catalogue-fit evidence appears.,,
acct_05c6430c6a62,Invest International B.V.,org_98bf1bf742d9,Tanzania; Uganda; Kenya; Ethiopia; Rwanda,Donor,Prioritise,0.0,MONITOR,0.0,0,0,0,0.00,0.0,NO_VERIFIED_CATALOGUE_MATCH,0,,0.0,NONE,0,0.0,,0.0,MONITOR,No strong commercial signal yet.,Keep on watchlist; revisit when new procurement demand or catalogue-fit evidence appears.,,
acct_5eefa791969c,IOGT-NTO Movement,org_02a5445a5121,Uganda; Tanzania; Kenya,Donor,Qualify,0.0,MONITOR,0.0,0,0,0,0.00,0.0,NO_VERIFIED_CATALOGUE_MATCH,0,,0.0,NONE,0,0.0,,0.0,MONITOR,No strong commercial signal yet.,Keep on watchlist; revisit when new procurement demand or catalogue-fit evidence appears.,,
acct_ff4e6fce123d,IOM,org_36a21e6689e6,Somalia,Implementing Partner,Research,0.0,MONITOR,0.0,0,0,0,0.00,0.0,NO_VERIFIED_CATALOGUE_MATCH,0,,0.0,NONE,0,0.0,,0.0,MONITOR,No strong commercial signal yet.,Keep on watchlist; revisit when new procurement demand or catalogue-fit evidence appears.,,
acct_b8b0a7b5674a,IORA Ecological Solutions Pvt. Ltd,org_6c4ecd8bc753,Kenya; KH; NG; Somalia; ZA; VN; ZW; IN; Rwanda; GH; SY; TL; IQ; EG; YE; TH; MW; MY; PH; PK; JO; BD; Ethiopia; MM; South Sudan; Democratic Republic of the Congo; ID; NP; TN; Tanzania,Implementing Partner,Qualify,0.0,MONITOR,0.0,0,0,0,0.00,0.0,NO_VERIFIED_CATALOGUE_MATCH,0,,0.0,NONE,0,0.0,,0.0,MONITOR,No strong commercial signal yet.,Keep on watchlist; revisit when new procurement demand or catalogue-fit evidence appears.,,
acct_acda963a2c05,IP not published,org_7a3d99dd3ace,South Sudan,Implementing Partner,Prioritise,0.0,MONITOR,0.0,0,0,0,0.00,0.0,NO_VERIFIED_CATALOGUE_MATCH,0,,0.0,NONE,0,0.0,,0.0,MONITOR,No strong commercial signal yet.,Keep on watchlist; revisit when new procurement demand or catalogue-fit evidence appears.,,
acct_acda963a2c05,IP not published,org_7a3d99dd3ace,Somalia; Democratic Republic of the Congo; Tanzania; South Sudan,Implementing Partner,Prioritise,0.0,MONITOR,0.0,0,0,0,0.00,0.0,NO_VERIFIED_CATALOGUE_MATCH,0,,0.0,NONE,0,0.0,,0.0,MONITOR,No strong commercial signal yet.,Keep on watchlist; revisit when new procurement demand or catalogue-fit evidence appears.,,
acct_acda963a2c05,IP not published,org_7a3d99dd3ace,Ethiopia,Implementing Partner,Prioritise,0.0,MONITOR,0.0,0,0,0,0.00,0.0,NO_VERIFIED_CATALOGUE_MATCH,0,,0.0,NONE,0,0.0,,0.0,MONITOR,No strong commercial signal yet.,Keep on watchlist; revisit when new procurement demand or catalogue-fit evidence appears.,,
acct_acda963a2c05,IP not published,org_7a3d99dd3ace,Kenya,Implementing Partner,Prioritise,0.0,MONITOR,0.0,0,0,0,0.00,0.0,NO_VERIFIED_CATALOGUE_MATCH,0,,0.0,NONE,0,0.0,,0.0,MONITOR,No strong commercial signal yet.,Keep on watchlist; revisit when new procurement demand or catalogue-fit evidence appears.,,
acct_acda963a2c05,IP not published,org_7a3d99dd3ace,Uganda,Implementing Partner,Prioritise,0.0,MONITOR,0.0,0,0,0,0.00,0.0,NO_VERIFIED_CATALOGUE_MATCH,0,,0.0,NONE,0,0.0,,0.0,MONITOR,No strong commercial signal yet.,Keep on watchlist; revisit when new procurement demand or catalogue-fit evidence appears.,,
acct_acda963a2c05,IP not published,org_7a3d99dd3ace,Democratic Republic of the Congo,Implementing Partner,Prioritise,0.0,MONITOR,0.0,0,0,0,0.00,0.0,NO_VERIFIED_CATALOGUE_MATCH,0,,0.0,NONE,0,0.0,,0.0,MONITOR,No strong commercial signal yet.,Keep on watchlist; revisit when new procurement demand or catalogue-fit evidence appears.,,
acct_acda963a2c05,IP not published,org_7a3d99dd3ace,Kenya,Implementing Partner,Prioritise,0.0,MONITOR,0.0,0,0,0,0.00,0.0,NO_VERIFIED_CATALOGUE_MATCH,0,,0.0,NONE,0,0.0,,0.0,MONITOR,No strong commercial signal yet.,Keep on watchlist; revisit when new procurement demand or catalogue-fit evidence appears.,,
acct_acda963a2c05,IP not published,org_7a3d99dd3ace,Kenya,Implementing Partner,Prioritise,0.0,MONITOR,0.0,0,0,0,0.00,0.0,NO_VERIFIED_CATALOGUE_MATCH,0,,0.0,NONE,0,0.0,,0.0,MONITOR,No strong commercial signal yet.,Keep on watchlist; revisit when new procurement demand or catalogue-fit evidence appears.,,
acct_acda963a2c05,IP not published,org_7a3d99dd3ace,Kenya,Implementing Partner,Prioritise,0.0,MONITOR,0.0,0,0,0,0.00,0.0,NO_VERIFIED_CATALOGUE_MATCH,0,,0.0,NONE,0,0.0,,0.0,MONITOR,No strong commercial signal yet.,Keep on watchlist; revisit when new procurement demand or catalogue-fit evidence appears.,,
acct_acda963a2c05,IP not published,org_7a3d99dd3ace,Kenya,Implementing Partner,Prioritise,0.0,MONITOR,0.0,0,0,0,0.00,0.0,NO_VERIFIED_CATALOGUE_MATCH,0,,0.0,NONE,0,0.0,,0.0,MONITOR,No strong commercial signal yet.,Keep on watchlist; revisit when new procurement demand or catalogue-fit evidence appears.,,
acct_acda963a2c05,IP not published,org_7a3d99dd3ace,Kenya,Implementing Partner,Prioritise,0.0,MONITOR,0.0,0,0,0,0.00,0.0,NO_VERIFIED_CATALOGUE_MATCH,0,,0.0,NONE,0,0.0,,0.0,MONITOR,No strong commercial signal yet.,Keep on watchlist; revisit when new procurement demand or catalogue-fit evidence appears.,,
acct_acda963a2c05,IP not published,org_7a3d99dd3ace,Kenya,Implementing Partner,Prioritise,0.0,MONITOR,0.0,0,0,0,0.00,0.0,NO_VERIFIED_CATALOGUE_MATCH,0,,0.0,NONE,0,0.0,,0.0,MONITOR,No strong commercial signal yet.,Keep on watchlist; revisit when new procurement demand or catalogue-fit evidence appears.,,
acct_acda963a2c05,IP not published,org_7a3d99dd3ace,Kenya,Implementing Partner,Prioritise,0.0,MONITOR,0.0,0,0,0,0.00,0.0,NO_VERIFIED_CATALOGUE_MATCH,0,,0.0,NONE,0,0.0,,0.0,MONITOR,No strong commercial signal yet.,Keep on watchlist; revisit when new procurement demand or catalogue-fit evidence appears.,,
acct_acda963a2c05,IP not published,org_7a3d99dd3ace,Kenya,Implementing Partner,Prioritise,0.0,MONITOR,0.0,0,0,0,0.00,0.0,NO_VERIFIED_CATALOGUE_MATCH,0,,0.0,NONE,0,0.0,,0.0,MONITOR,No strong commercial signal yet.,Keep on watchlist; revisit when new procurement demand or catalogue-fit evidence appears.,,
acct_acda963a2c05,IP not published,org_7a3d99dd3ace,Ethiopia,Implementing Partner,Prioritise,0.0,MONITOR,0.0,0,0,0,0.00,0.0,NO_VERIFIED_CATALOGUE_MATCH,0,,0.0,NONE,0,0.0,,0.0,MONITOR,No strong commercial signal yet.,Keep on watchlist; revisit when new procurement demand or catalogue-fit evidence appears.,,
acct_acda963a2c05,IP not published,org_7a3d99dd3ace,Tanzania,Implementing Partner,Prioritise,0.0,MONITOR,0.0,0,0,0,0.00,0.0,NO_VERIFIED_CATALOGUE_MATCH,0,,0.0,NONE,0,0.0,,0.0,MONITOR,No strong commercial signal yet.,Keep on watchlist; revisit when new procurement demand or catalogue-fit evidence appears.,,
acct_acda963a2c05,IP not published,org_7a3d99dd3ace,Tanzania,Implementing Partner,Prioritise,0.0,MONITOR,0.0,0,0,0,0.00,0.0,NO_VERIFIED_CATALOGUE_MATCH,0,,0.0,NONE,0,0.0,,0.0,MONITOR,No strong commercial signal yet.,Keep on watchlist; revisit when new procurement demand or catalogue-fit evidence appears.,,
acct_acda963a2c05,IP not published,org_7a3d99dd3ace,Rwanda,Implementing Partner,Prioritise,0.0,MONITOR,0.0,0,0,0,0.00,0.0,NO_VERIFIED_CATALOGUE_MATCH,0,,0.0,NONE,0,0.0,,0.0,MONITOR,No strong commercial signal yet.,Keep on watchlist; revisit when new procurement demand or catalogue-fit evidence appears.,,
acct_acda963a2c05,IP not published,org_7a3d99dd3ace,Kenya,Implementing Partner,Prioritise,0.0,MONITOR,0.0,0,0,0,0.00,0.0,NO_VERIFIED_CATALOGUE_MATCH,0,,0.0,NONE,0,0.0,,0.0,MONITOR,No strong commercial signal yet.,Keep on watchlist; revisit when new procurement demand or catalogue-fit evidence appears.,,
acct_acda963a2c05,IP not published,org_7a3d99dd3ace,Tanzania,Implementing Partner,Prioritise,0.0,MONITOR,0.0,0,0,0,0.00,0.0,NO_VERIFIED_CATALOGUE_MATCH,0,,0.0,NONE,0,0.0,,0.0,MONITOR,No strong commercial signal yet.,Keep on watchlist; revisit when new procurement demand or catalogue-fit evidence appears.,,
acct_acda963a2c05,IP not published,org_7a3d99dd3ace,Tanzania,Implementing Partner,Prioritise,0.0,MONITOR,0.0,0,0,0,0.00,0.0,NO_VERIFIED_CATALOGUE_MATCH,0,,0.0,NONE,0,0.0,,0.0,MONITOR,No strong commercial signal yet.,Keep on watchlist; revisit when new procurement demand or catalogue-fit evidence appears.,,
acct_acda963a2c05,IP not published,org_7a3d99dd3ace,Tanzania,Implementing Partner,Prioritise,0.0,MONITOR,0.0,0,0,0,0.00,0.0,NO_VERIFIED_CATALOGUE_MATCH,0,,0.0,NONE,0,0.0,,0.0,MONITOR,No strong commercial signal yet.,Keep on watchlist; revisit when new procurement demand or catalogue-fit evidence appears.,,
acct_acda963a2c05,IP not published,org_7a3d99dd3ace,Uganda,Implementing Partner,Prioritise,0.0,MONITOR,0.0,0,0,0,0.00,0.0,NO_VERIFIED_CATALOGUE_MATCH,0,,0.0,NONE,0,0.0,,0.0,MONITOR,No strong commercial signal yet.,Keep on watchlist; revisit when new procurement demand or catalogue-fit evidence appears.,,
acct_acda963a2c05,IP not published,org_7a3d99dd3ace,Uganda,Implementing Partner,Prioritise,0.0,MONITOR,0.0,0,0,0,0.00,0.0,NO_VERIFIED_CATALOGUE_MATCH,0,,0.0,NONE,0,0.0,,0.0,MONITOR,No strong commercial signal yet.,Keep on watchlist; revisit when new procurement demand or catalogue-fit evidence appears.,,
acct_acda963a2c05,IP not published,org_7a3d99dd3ace,South Sudan,Implementing Partner,Prioritise,0.0,MONITOR,0.0,0,0,0,0.00,0.0,NO_VERIFIED_CATALOGUE_MATCH,0,,0.0,NONE,0,0.0,,0.0,MONITOR,No strong commercial signal yet.,Keep on watchlist; revisit when new procurement demand or catalogue-fit evidence appears.,,
acct_acda963a2c05,IP not published,org_7a3d99dd3ace,South Sudan,Implementing Partner,Prioritise,0.0,MONITOR,0.0,0,0,0,0.00,0.0,NO_VERIFIED_CATALOGUE_MATCH,0,,0.0,NONE,0,0.0,,0.0,MONITOR,No strong commercial signal yet.,Keep on watchlist; revisit when new procurement demand or catalogue-fit evidence appears.,,
acct_acda963a2c05,IP not published,org_7a3d99dd3ace,Somalia,Implementing Partner,Prioritise,0.0,MONITOR,0.0,0,0,0,0.00,0.0,NO_VERIFIED_CATALOGUE_MATCH,0,,0.0,NONE,0,0.0,,0.0,MONITOR,No strong commercial signal yet.,Keep on watchlist; revisit when new procurement demand or catalogue-fit evidence appears.,,
acct_acda963a2c05,IP not published,org_7a3d99dd3ace,South Sudan,Implementing Partner,Prioritise,0.0,MONITOR,0.0,0,0,0,0.00,0.0,NO_VERIFIED_CATALOGUE_MATCH,0,,0.0,NONE,0,0.0,,0.0,MONITOR,No strong commercial signal yet.,Keep on watchlist; revisit when new procurement demand or catalogue-fit evidence appears.,,
acct_acda963a2c05,IP not published,org_7a3d99dd3ace,Democratic Republic of the Congo,Implementing Partner,Prioritise,0.0,MONITOR,0.0,0,0,0,0.00,0.0,NO_VERIFIED_CATALOGUE_MATCH,0,,0.0,NONE,0,0.0,,0.0,MONITOR,No strong commercial signal yet.,Keep on watchlist; revisit when new procurement demand or catalogue-fit evidence appears.,,
acct_acda963a2c05,IP not published,org_7a3d99dd3ace,Ethiopia,Implementing Partner,Prioritise,0.0,MONITOR,0.0,0,0,0,0.00,0.0,NO_VERIFIED_CATALOGUE_MATCH,0,,0.0,NONE,0,0.0,,0.0,MONITOR,No strong commercial signal yet.,Keep on watchlist; revisit when new procurement demand or catalogue-fit evidence appears.,,
acct_acda963a2c05,IP not published,org_7a3d99dd3ace,Ethiopia,Implementing Partner,Prioritise,0.0,MONITOR,0.0,0,0,0,0.00,0.0,NO_VERIFIED_CATALOGUE_MATCH,0,,0.0,NONE,0,0.0,,0.0,MONITOR,No strong commercial signal yet.,Keep on watchlist; revisit when new procurement demand or catalogue-fit evidence appears.,,
acct_acda963a2c05,IP not published,org_7a3d99dd3ace,Ethiopia,Implementing Partner,Prioritise,0.0,MONITOR,0.0,0,0,0,0.00,0.0,NO_VERIFIED_CATALOGUE_MATCH,0,,0.0,NONE,0,0.0,,0.0,MONITOR,No strong commercial signal yet.,Keep on watchlist; revisit when new procurement demand or catalogue-fit evidence appears.,,
acct_acda963a2c05,IP not published,org_7a3d99dd3ace,Ethiopia,Implementing Partner,Prioritise,0.0,MONITOR,0.0,0,0,0,0.00,0.0,NO_VERIFIED_CATALOGUE_MATCH,0,,0.0,NONE,0,0.0,,0.0,MONITOR,No strong commercial signal yet.,Keep on watchlist; revisit when new procurement demand or catalogue-fit evidence appears.,,
acct_acda963a2c05,IP not published,org_7a3d99dd3ace,Tanzania,Implementing Partner,Prioritise,0.0,MONITOR,0.0,0,0,0,0.00,0.0,NO_VERIFIED_CATALOGUE_MATCH,0,,0.0,NONE,0,0.0,,0.0,MONITOR,No strong commercial signal yet.,Keep on watchlist; revisit when new procurement demand or catalogue-fit evidence appears.,,
acct_acda963a2c05,IP not published,org_7a3d99dd3ace,Rwanda,Implementing Partner,Prioritise,0.0,MONITOR,0.0,0,0,0,0.00,0.0,NO_VERIFIED_CATALOGUE_MATCH,0,,0.0,NONE,0,0.0,,0.0,MONITOR,No strong commercial signal yet.,Keep on watchlist; revisit when new procurement demand or catalogue-fit evidence appears.,,
acct_acda963a2c05,IP not published,org_7a3d99dd3ace,Rwanda,Implementing Partner,Prioritise,0.0,MONITOR,0.0,0,0,0,0.00,0.0,NO_VERIFIED_CATALOGUE_MATCH,0,,0.0,NONE,0,0.0,,0.0,MONITOR,No strong commercial signal yet.,Keep on watchlist; revisit when new procurement demand or catalogue-fit evidence appears.,,
acct_acda963a2c05,IP not published,org_7a3d99dd3ace,Rwanda,Implementing Partner,Prioritise,0.0,MONITOR,0.0,0,0,0,0.00,0.0,NO_VERIFIED_CATALOGUE_MATCH,0,,0.0,NONE,0,0.0,,0.0,MONITOR,No strong commercial signal yet.,Keep on watchlist; revisit when new procurement demand or catalogue-fit evidence appears.,,
acct_acda963a2c05,IP not published,org_7a3d99dd3ace,Rwanda,Implementing Partner,Prioritise,0.0,MONITOR,0.0,0,0,0,0.00,0.0,NO_VERIFIED_CATALOGUE_MATCH,0,,0.0,NONE,0,0.0,,0.0,MONITOR,No strong commercial signal yet.,Keep on watchlist; revisit when new procurement demand or catalogue-fit evidence appears.,,
acct_acda963a2c05,IP not published,org_7a3d99dd3ace,Tanzania,Implementing Partner,Prioritise,0.0,MONITOR,0.0,0,0,0,0.00,0.0,NO_VERIFIED_CATALOGUE_MATCH,0,,0.0,NONE,0,0.0,,0.0,MONITOR,No strong commercial signal yet.,Keep on watchlist; revisit when new procurement demand or catalogue-fit evidence appears.,,
acct_acda963a2c05,IP not published,org_7a3d99dd3ace,Democratic Republic of the Congo,Implementing Partner,Prioritise,0.0,MONITOR,0.0,0,0,0,0.00,0.0,NO_VERIFIED_CATALOGUE_MATCH,0,,0.0,NONE,0,0.0,,0.0,MONITOR,No strong commercial signal yet.,Keep on watchlist; revisit when new procurement demand or catalogue-fit evidence appears.,,
acct_acda963a2c05,IP not published,org_7a3d99dd3ace,Democratic Republic of the Congo,Implementing Partner,Prioritise,0.0,MONITOR,0.0,0,0,0,0.00,0.0,NO_VERIFIED_CATALOGUE_MATCH,0,,0.0,NONE,0,0.0,,0.0,MONITOR,No strong commercial signal yet.,Keep on watchlist; revisit when new procurement demand or catalogue-fit evidence appears.,,
acct_acda963a2c05,IP not published,org_7a3d99dd3ace,Democratic Republic of the Congo,Implementing Partner,Prioritise,0.0,MONITOR,0.0,0,0,0,0.00,0.0,NO_VERIFIED_CATALOGUE_MATCH,0,,0.0,NONE,0,0.0,,0.0,MONITOR,No strong commercial signal yet.,Keep on watchlist; revisit when new procurement demand or catalogue-fit evidence appears.,,
acct_acda963a2c05,IP not published,org_7a3d99dd3ace,Democratic Republic of the Congo,Implementing Partner,Prioritise,0.0,MONITOR,0.0,0,0,0,0.00,0.0,NO_VERIFIED_CATALOGUE_MATCH,0,,0.0,NONE,0,0.0,,0.0,MONITOR,No strong commercial signal yet.,Keep on watchlist; revisit when new procurement demand or catalogue-fit evidence appears.,,
acct_acda963a2c05,IP not published,org_7a3d99dd3ace,Democratic Republic of the Congo,Implementing Partner,Prioritise,0.0,MONITOR,0.0,0,0,0,0.00,0.0,NO_VERIFIED_CATALOGUE_MATCH,0,,0.0,NONE,0,0.0,,0.0,MONITOR,No strong commercial signal yet.,Keep on watchlist; revisit when new procurement demand or catalogue-fit evidence appears.,,
acct_acda963a2c05,IP not published,org_7a3d99dd3ace,Democratic Republic of the Congo,Implementing Partner,Prioritise,0.0,MONITOR,0.0,0,0,0,0.00,0.0,NO_VERIFIED_CATALOGUE_MATCH,0,,0.0,NONE,0,0.0,,0.0,MONITOR,No strong commercial signal yet.,Keep on watchlist; revisit when new procurement demand or catalogue-fit evidence appears.,,
acct_acda963a2c05,IP not published,org_7a3d99dd3ace,Democratic Republic of the Congo,Implementing Partner,Prioritise,0.0,MONITOR,0.0,0,0,0,0.00,0.0,NO_VERIFIED_CATALOGUE_MATCH,0,,0.0,NONE,0,0.0,,0.0,MONITOR,No strong commercial signal yet.,Keep on watchlist; revisit when new procurement demand or catalogue-fit evidence appears.,,
acct_acda963a2c05,IP not published,org_7a3d99dd3ace,Democratic Republic of the Congo,Implementing Partner,Prioritise,0.0,MONITOR,0.0,0,0,0,0.00,0.0,NO_VERIFIED_CATALOGUE_MATCH,0,,0.0,NONE,0,0.0,,0.0,MONITOR,No strong commercial signal yet.,Keep on watchlist; revisit when new procurement demand or catalogue-fit evidence appears.,,
acct_acda963a2c05,IP not published,org_7a3d99dd3ace,Democratic Republic of the Congo,Implementing Partner,Prioritise,0.0,MONITOR,0.0,0,0,0,0.00,0.0,NO_VERIFIED_CATALOGUE_MATCH,0,,0.0,NONE,0,0.0,,0.0,MONITOR,No strong commercial signal yet.,Keep on watchlist; revisit when new procurement demand or catalogue-fit evidence appears.,,
acct_acda963a2c05,IP not published,org_7a3d99dd3ace,Democratic Republic of the Congo,Implementing Partner,Prioritise,0.0,MONITOR,0.0,0,0,0,0.00,0.0,NO_VERIFIED_CATALOGUE_MATCH,0,,0.0,NONE,0,0.0,,0.0,MONITOR,No strong commercial signal yet.,Keep on watchlist; revisit when new procurement demand or catalogue-fit evidence appears.,,
acct_acda963a2c05,IP not published,org_7a3d99dd3ace,Democratic Republic of the Congo,Implementing Partner,Prioritise,0.0,MONITOR,0.0,0,0,0,0.00,0.0,NO_VERIFIED_CATALOGUE_MATCH,0,,0.0,NONE,0,0.0,,0.0,MONITOR,No strong commercial signal yet.,Keep on watchlist; revisit when new procurement demand or catalogue-fit evidence appears.,,
acct_acda963a2c05,IP not published,org_7a3d99dd3ace,Democratic Republic of the Congo,Implementing Partner,Prioritise,0.0,MONITOR,0.0,0,0,0,0.00,0.0,NO_VERIFIED_CATALOGUE_MATCH,0,,0.0,NONE,0,0.0,,0.0,MONITOR,No strong commercial signal yet.,Keep on watchlist; revisit when new procurement demand or catalogue-fit evidence appears.,,
acct_acda963a2c05,IP not published,org_7a3d99dd3ace,Democratic Republic of the Congo,Implementing Partner,Prioritise,0.0,MONITOR,0.0,0,0,0,0.00,0.0,NO_VERIFIED_CATALOGUE_MATCH,0,,0.0,NONE,0,0.0,,0.0,MONITOR,No strong commercial signal yet.,Keep on watchlist; revisit when new procurement demand or catalogue-fit evidence appears.,,
acct_acda963a2c05,IP not published,org_7a3d99dd3ace,Democratic Republic of the Congo,Implementing Partner,Prioritise,0.0,MONITOR,0.0,0,0,0,0.00,0.0,NO_VERIFIED_CATALOGUE_MATCH,0,,0.0,NONE,0,0.0,,0.0,MONITOR,No strong commercial signal yet.,Keep on watchlist; revisit when new procurement demand or catalogue-fit evidence appears.,,
acct_acda963a2c05,IP not published,org_7a3d99dd3ace,Democratic Republic of the Congo,Implementing Partner,Prioritise,0.0,MONITOR,0.0,0,0,0,0.00,0.0,NO_VERIFIED_CATALOGUE_MATCH,0,,0.0,NONE,0,0.0,,0.0,MONITOR,No strong commercial signal yet.,Keep on watchlist; revisit when new procurement demand or catalogue-fit evidence appears.,,
acct_acda963a2c05,IP not published,org_7a3d99dd3ace,Democratic Republic of the Congo,Implementing Partner,Prioritise,0.0,MONITOR,0.0,0,0,0,0.00,0.0,NO_VERIFIED_CATALOGUE_MATCH,0,,0.0,NONE,0,0.0,,0.0,MONITOR,No strong commercial signal yet.,Keep on watchlist; revisit when new procurement demand or catalogue-fit evidence appears.,,
acct_acda963a2c05,IP not published,org_7a3d99dd3ace,Democratic Republic of the Congo,Implementing Partner,Prioritise,0.0,MONITOR,0.0,0,0,0,0.00,0.0,NO_VERIFIED_CATALOGUE_MATCH,0,,0.0,NONE,0,0.0,,0.0,MONITOR,No strong commercial signal yet.,Keep on watchlist; revisit when new procurement demand or catalogue-fit evidence appears.,,
acct_acda963a2c05,IP not published,org_7a3d99dd3ace,Democratic Republic of the Congo,Implementing Partner,Prioritise,0.0,MONITOR,0.0,0,0,0,0.00,0.0,NO_VERIFIED_CATALOGUE_MATCH,0,,0.0,NONE,0,0.0,,0.0,MONITOR,No strong commercial signal yet.,Keep on watchlist; revisit when new procurement demand or catalogue-fit evidence appears.,,
acct_acda963a2c05,IP not published,org_7a3d99dd3ace,Democratic Republic of the Congo,Implementing Partner,Prioritise,0.0,MONITOR,0.0,0,0,0,0.00,0.0,NO_VERIFIED_CATALOGUE_MATCH,0,,0.0,NONE,0,0.0,,0.0,MONITOR,No strong commercial signal yet.,Keep on watchlist; revisit when new procurement demand or catalogue-fit evidence appears.,,
acct_acda963a2c05,IP not published,org_7a3d99dd3ace,Democratic Republic of the Congo,Implementing Partner,Prioritise,0.0,MONITOR,0.0,0,0,0,0.00,0.0,NO_VERIFIED_CATALOGUE_MATCH,0,,0.0,NONE,0,0.0,,0.0,MONITOR,No strong commercial signal yet.,Keep on watchlist; revisit when new procurement demand or catalogue-fit evidence appears.,,
acct_acda963a2c05,IP not published,org_7a3d99dd3ace,Democratic Republic of the Congo,Implementing Partner,Prioritise,0.0,MONITOR,0.0,0,0,0,0.00,0.0,NO_VERIFIED_CATALOGUE_MATCH,0,,0.0,NONE,0,0.0,,0.0,MONITOR,No strong commercial signal yet.,Keep on watchlist; revisit when new procurement demand or catalogue-fit evidence appears.,,
acct_acda963a2c05,IP not published,org_7a3d99dd3ace,Democratic Republic of the Congo,Implementing Partner,Prioritise,0.0,MONITOR,0.0,0,0,0,0.00,0.0,NO_VERIFIED_CATALOGUE_MATCH,0,,0.0,NONE,0,0.0,,0.0,MONITOR,No strong commercial signal yet.,Keep on watchlist; revisit when new procurement demand or catalogue-fit evidence appears.,,
acct_acda963a2c05,IP not published,org_7a3d99dd3ace,Democratic Republic of the Congo,Implementing Partner,Prioritise,0.0,MONITOR,0.0,0,0,0,0.00,0.0,NO_VERIFIED_CATALOGUE_MATCH,0,,0.0,NONE,0,0.0,,0.0,MONITOR,No strong commercial signal yet.,Keep on watchlist; revisit when new procurement demand or catalogue-fit evidence appears.,,
acct_acda963a2c05,IP not published,org_7a3d99dd3ace,Democratic Republic of the Congo,Implementing Partner,Prioritise,0.0,MONITOR,0.0,0,0,0,0.00,0.0,NO_VERIFIED_CATALOGUE_MATCH,0,,0.0,NONE,0,0.0,,0.0,MONITOR,No strong commercial signal yet.,Keep on watchlist; revisit when new procurement demand or catalogue-fit evidence appears.,,
acct_acda963a2c05,IP not published,org_7a3d99dd3ace,South Sudan,Implementing Partner,Prioritise,0.0,MONITOR,0.0,0,0,0,0.00,0.0,NO_VERIFIED_CATALOGUE_MATCH,0,,0.0,NONE,0,0.0,,0.0,MONITOR,No strong commercial signal yet.,Keep on watchlist; revisit when new procurement demand or catalogue-fit evidence appears.,,
acct_acda963a2c05,IP not published,org_7a3d99dd3ace,South Sudan,Implementing Partner,Prioritise,0.0,MONITOR,0.0,0,0,0,0.00,0.0,NO_VERIFIED_CATALOGUE_MATCH,0,,0.0,NONE,0,0.0,,0.0,MONITOR,No strong commercial signal yet.,Keep on watchlist; revisit when new procurement demand or catalogue-fit evidence appears.,,
acct_acda963a2c05,IP not published,org_7a3d99dd3ace,South Sudan,Implementing Partner,Prioritise,0.0,MONITOR,0.0,0,0,0,0.00,0.0,NO_VERIFIED_CATALOGUE_MATCH,0,,0.0,NONE,0,0.0,,0.0,MONITOR,No strong commercial signal yet.,Keep on watchlist; revisit when new procurement demand or catalogue-fit evidence appears.,,
acct_acda963a2c05,IP not published,org_7a3d99dd3ace,South Sudan,Implementing Partner,Prioritise,0.0,MONITOR,0.0,0,0,0,0.00,0.0,NO_VERIFIED_CATALOGUE_MATCH,0,,0.0,NONE,0,0.0,,0.0,MONITOR,No strong commercial signal yet.,Keep on watchlist; revisit when new procurement demand or catalogue-fit evidence appears.,,
acct_acda963a2c05,IP not published,org_7a3d99dd3ace,Democratic Republic of the Congo,Implementing Partner,Qualify,0.0,MONITOR,0.0,0,0,0,0.00,0.0,NO_VERIFIED_CATALOGUE_MATCH,0,,0.0,NONE,0,0.0,,0.0,MONITOR,No strong commercial signal yet.,Keep on watchlist; revisit when new procurement demand or catalogue-fit evidence appears.,,
acct_acda963a2c05,IP not published,org_7a3d99dd3ace,Democratic Republic of the Congo,Implementing Partner,Qualify,0.0,MONITOR,0.0,0,0,0,0.00,0.0,NO_VERIFIED_CATALOGUE_MATCH,0,,0.0,NONE,0,0.0,,0.0,MONITOR,No strong commercial signal yet.,Keep on watchlist; revisit when new procurement demand or catalogue-fit evidence appears.,,
acct_acda963a2c05,IP not published,org_7a3d99dd3ace,South Sudan,Implementing Partner,Research,0.0,MONITOR,0.0,0,0,0,0.00,0.0,NO_VERIFIED_CATALOGUE_MATCH,0,,0.0,NONE,0,0.0,,0.0,MONITOR,No strong commercial signal yet.,Keep on watchlist; revisit when new procurement demand or catalogue-fit evidence appears.,,
acct_acda963a2c05,IP not published,org_7a3d99dd3ace,South Sudan,Implementing Partner,Research,0.0,MONITOR,0.0,0,0,0,0.00,0.0,NO_VERIFIED_CATALOGUE_MATCH,0,,0.0,NONE,0,0.0,,0.0,MONITOR,No strong commercial signal yet.,Keep on watchlist; revisit when new procurement demand or catalogue-fit evidence appears.,,
acct_ed031ab502e7,IPA,org_8c43246a782e,South Sudan,Reporting Organisation,Research,0.0,MONITOR,0.0,0,0,0,0.00,0.0,NO_VERIFIED_CATALOGUE_MATCH,0,,0.0,NONE,0,0.0,,0.0,MONITOR,No strong commercial signal yet.,Keep on watchlist; revisit when new procurement demand or catalogue-fit evidence appears.,,
acct_1fc24b3d274a,Ipas,org_ef8371a4d246,BI; Ethiopia; MG; Somalia; South Sudan; SD; ZM,Implementing Partner,Qualify,0.0,MONITOR,0.0,0,0,0,0.00,0.0,NO_VERIFIED_CATALOGUE_MATCH,0,,0.0,NONE,0,0.0,,0.0,MONITOR,No strong commercial signal yet.,Keep on watchlist; revisit when new procurement demand or catalogue-fit evidence appears.,,
acct_268a746d931d,IPE Global Africa Limited,org_caa32254d982,Kenya; BD; ID; Somalia; KH; ZA; Uganda; MY; NP; ZM; VN; Rwanda,Implementing Partner,Monitor,0.0,MONITOR,0.0,0,0,0,0.00,0.0,NO_VERIFIED_CATALOGUE_MATCH,0,,0.0,NONE,0,0.0,,0.0,MONITOR,No strong commercial signal yet.,Keep on watchlist; revisit when new procurement demand or catalogue-fit evidence appears.,,
acct_a9c8ef13fa6e,IRC INTERNATIONAL RESCUE COMMITTEE ETHIOPIA,org_bc31b68426aa,Ethiopia,Implementing Partner,Prioritise,0.0,MONITOR,0.0,0,0,0,0.00,0.0,NO_VERIFIED_CATALOGUE_MATCH,0,,0.0,NONE,0,0.0,,0.0,MONITOR,No strong commercial signal yet.,Keep on watchlist; revisit when new procurement demand or catalogue-fit evidence appears.,,
acct_995aa0b135ee,Ireland,org_1c46b1866a93,Tanzania; Democratic Republic of the Congo; Uganda; Ethiopia; Kenya; South Sudan; Somalia,Donor,Prioritise,0.0,MONITOR,0.0,0,0,0,0.00,0.0,NO_VERIFIED_CATALOGUE_MATCH,0,,0.0,NONE,0,0.0,,0.0,MONITOR,No strong commercial signal yet.,Keep on watchlist; revisit when new procurement demand or catalogue-fit evidence appears.,,
acct_a7e1e5dd8772,IReview Limited,org_212b1675dbb2,BD; GH; KI; SL; Tanzania,Implementing Partner,Research,0.0,MONITOR,0.0,0,0,0,0.00,0.0,NO_VERIFIED_CATALOGUE_MATCH,0,,0.0,NONE,0,0.0,,0.0,MONITOR,No strong commercial signal yet.,Keep on watchlist; revisit when new procurement demand or catalogue-fit evidence appears.,,
acct_d0fe695c6037,IRINGA DISTRICT COUNCIL,org_76c6f5313b02,Tanzania,Implementing Partner,Prioritise,0.0,MONITOR,0.0,0,0,0,0.00,0.0,NO_VERIFIED_CATALOGUE_MATCH,0,,0.0,NONE,0,0.0,,0.0,MONITOR,No strong commercial signal yet.,Keep on watchlist; revisit when new procurement demand or catalogue-fit evidence appears.,,
acct_a7ed8b6c3cf7,Irish Aid,org_b278ea9fcc34,Ethiopia,Donor,Qualify,0.0,MONITOR,0.0,0,0,0,0.00,0.0,NO_VERIFIED_CATALOGUE_MATCH,0,,0.0,NONE,0,0.0,,0.0,MONITOR,No strong commercial signal yet.,Keep on watchlist; revisit when new procurement demand or catalogue-fit evidence appears.,,
acct_c6e21690c02b,"Is a non-profit, non-governmental organisation (NGO) based in Magu, Mwanza Region. MAPERECE was established in 1993.In 1994 MAPERECE was registered as a Non-Governmental Organization (NGO) under the cooperative ordinance of 1954. In 2005 MAPERECE was registered again as a non-governmental organization to operate nationally (Tanzania main land) under the Non-Government Organizations Act of 2002. Magu Poverty focus on Older People's Rehabilitation Center",org_feeb8a0ec8ce,PK; MM; LB; Uganda; MZ; Tanzania; Ethiopia; MD; GB,Implementing Partner,Research,0.0,MONITOR,0.0,0,0,0,0.00,0.0,NO_VERIFIED_CATALOGUE_MATCH,0,,0.0,NONE,0,0.0,,0.0,MONITOR,No strong commercial signal yet.,Keep on watchlist; revisit when new procurement demand or catalogue-fit evidence appears.,,
acct_c3b8d9ecebc3,Isandla Institute,org_c876908698d8,Kenya; KH; NG; Somalia; ZA; VN; ZW; IN; Rwanda; GH; SY; TL; IQ; EG; YE; TH; MW; MY; PH; PK; JO; BD; Ethiopia; MM; South Sudan; Democratic Republic of the Congo; ID; NP; TN; Tanzania,Implementing Partner,Qualify,0.0,MONITOR,0.0,0,0,0,0.00,0.0,NO_VERIFIED_CATALOGUE_MATCH,0,,0.0,NONE,0,0.0,,0.0,MONITOR,No strong commercial signal yet.,Keep on watchlist; revisit when new procurement demand or catalogue-fit evidence appears.,,
acct_1fc8a9976ce8,Islamic Relief Canada,org_3685bf5e9107,Ethiopia; South Sudan,Implementing Partner,Prioritise,0.0,MONITOR,0.0,0,0,0,0.00,0.0,NO_VERIFIED_CATALOGUE_MATCH,0,,0.0,NONE,0,0.0,,0.0,MONITOR,No strong commercial signal yet.,Keep on watchlist; revisit when new procurement demand or catalogue-fit evidence appears.,,
acct_b5b422611555,IsraAID Kenya,org_c3978a6dccc8,Kenya,Accountable Agency,Qualify,0.0,MONITOR,0.0,0,0,0,0.00,0.0,NO_VERIFIED_CATALOGUE_MATCH,0,,0.0,NONE,0,0.0,,0.0,MONITOR,No strong commercial signal yet.,Keep on watchlist; revisit when new procurement demand or catalogue-fit evidence appears.,,
acct_dab78e45815d,ITAD LTD,org_107177c61b83,Democratic Republic of the Congo; AO; Rwanda,Implementing Partner,Research,0.0,MONITOR,0.0,0,0,0,0.00,0.0,NO_VERIFIED_CATALOGUE_MATCH,0,,0.0,NONE,0,0.0,,0.0,MONITOR,No strong commercial signal yet.,Keep on watchlist; revisit when new procurement demand or catalogue-fit evidence appears.,,
acct_e960cf3ecd5e,Italian Association for Aid to Children (CIAI),org_d74d5a989735,Ethiopia,Implementing Partner,Qualify,0.0,MONITOR,0.0,0,0,0,0.00,0.0,NO_VERIFIED_CATALOGUE_MATCH,0,,0.0,NONE,0,0.0,,0.0,MONITOR,No strong commercial signal yet.,Keep on watchlist; revisit when new procurement demand or catalogue-fit evidence appears.,,
acct_7f383d6712ad,Italian Committee for UNICEF,org_5df93cd5c706,Uganda; Tanzania; Democratic Republic of the Congo; Somalia; Kenya,Donor,Prioritise,0.0,MONITOR,0.0,0,0,0,0.00,0.0,NO_VERIFIED_CATALOGUE_MATCH,0,,0.0,NONE,0,0.0,,0.0,MONITOR,No strong commercial signal yet.,Keep on watchlist; revisit when new procurement demand or catalogue-fit evidence appears.,,
acct_d88433596f10,Italy - Ministry of Foreign Affairs International Cooperation,org_f8a8ce253abc,Rwanda; Somalia; Ethiopia,Donor,Prioritise,0.0,MONITOR,0.0,0,0,0,0.00,0.0,NO_VERIFIED_CATALOGUE_MATCH,0,,0.0,NONE,0,0.0,,0.0,MONITOR,No strong commercial signal yet.,Keep on watchlist; revisit when new procurement demand or catalogue-fit evidence appears.,,
acct_4e711c4bcc9d,J.C. Flowers Foundation,org_a498844d5075,AO; Democratic Republic of the Congo; MW; MZ; ZW; NA; ZM,Implementing Partner,Prioritise,0.0,MONITOR,0.0,0,0,0,0.00,0.0,NO_VERIFIED_CATALOGUE_MATCH,0,,0.0,NONE,0,0.0,,0.0,MONITOR,No strong commercial signal yet.,Keep on watchlist; revisit when new procurement demand or catalogue-fit evidence appears.,,
acct_2b2cbee140a3,Jacaranda Health Solutions Limited,org_a7554b86c208,GH; Tanzania; Kenya,Implementing Partner,Prioritise,0.0,MONITOR,0.0,0,0,0,0.00,0.0,NO_VERIFIED_CATALOGUE_MATCH,0,,0.0,NONE,0,0.0,,0.0,MONITOR,No strong commercial signal yet.,Keep on watchlist; revisit when new procurement demand or catalogue-fit evidence appears.,,
acct_1e7a3dbfb322,Japan,org_6b40f25e9a1b,Democratic Republic of the Congo; South Sudan; Rwanda; Tanzania; Kenya; Uganda; Somalia; Ethiopia,Donor,Prioritise,0.0,MONITOR,0.0,0,0,0,0.00,0.0,NO_VERIFIED_CATALOGUE_MATCH,0,,0.0,NONE,0,0.0,,0.0,MONITOR,No strong commercial signal yet.,Keep on watchlist; revisit when new procurement demand or catalogue-fit evidence appears.,,
acct_e7f71322c45d,Japan,org_2a8280e20d98,Ethiopia; Kenya,Donor,Qualify,0.0,MONITOR,0.0,0,0,0,0.00,0.0,NO_VERIFIED_CATALOGUE_MATCH,0,,0.0,NONE,0,0.0,,0.0,MONITOR,No strong commercial signal yet.,Keep on watchlist; revisit when new procurement demand or catalogue-fit evidence appears.,,
acct_e42d8802d94e,Japan Committee for UNICEF,org_876fb498119e,Uganda; Somalia; Ethiopia; Kenya; Tanzania; Rwanda,Donor,Prioritise,0.0,MONITOR,0.0,0,0,0,0.00,0.0,NO_VERIFIED_CATALOGUE_MATCH,0,,0.0,NONE,0,0.0,,0.0,MONITOR,No strong commercial signal yet.,Keep on watchlist; revisit when new procurement demand or catalogue-fit evidence appears.,,
acct_95d70acfc791,Japan International Cooperation Agency,org_2d9e17269bf6,Uganda; Kenya; Ethiopia,Reporting Organisation,Research,0.0,MONITOR,0.0,0,0,0,0.00,0.0,NO_VERIFIED_CATALOGUE_MATCH,0,,0.0,NONE,0,0.0,,0.0,MONITOR,No strong commercial signal yet.,Keep on watchlist; revisit when new procurement demand or catalogue-fit evidence appears.,,
acct_59e17beffcd2,Japan - Ministry of Finance,org_112106da2972,Ethiopia; Democratic Republic of the Congo; Rwanda; Somalia; Tanzania; Kenya,Donor,Prioritise,0.0,MONITOR,0.0,0,0,0,0.00,0.0,NO_VERIFIED_CATALOGUE_MATCH,0,,0.0,NONE,0,0.0,,0.0,MONITOR,No strong commercial signal yet.,Keep on watchlist; revisit when new procurement demand or catalogue-fit evidence appears.,,
acct_a7e60d145410,Japan Social Development Fund (JSDF),org_303e8dd0a06a,Rwanda,Implementing Partner,Prioritise,0.0,MONITOR,0.0,0,0,0,0.00,0.0,NO_VERIFIED_CATALOGUE_MATCH,0,,0.0,NONE,0,0.0,,0.0,MONITOR,No strong commercial signal yet.,Keep on watchlist; revisit when new procurement demand or catalogue-fit evidence appears.,,
acct_2211a8d32323,Japanese Social Development Fund (JSDF) - Parallel to TF023779,org_211bff12826d,Rwanda,Implementing Partner,Prioritise,0.0,MONITOR,0.0,0,0,0,0.00,0.0,NO_VERIFIED_CATALOGUE_MATCH,0,,0.0,NONE,0,0.0,,0.0,MONITOR,No strong commercial signal yet.,Keep on watchlist; revisit when new procurement demand or catalogue-fit evidence appears.,,
acct_1f3d47938e52,Jaramogi Oginga Odinga Teaching & Referral Hospital,org_cdde93a85074,Kenya; GB; Uganda; ZA,Implementing Partner,Prioritise,0.0,MONITOR,0.0,0,0,0,0.00,0.0,NO_VERIFIED_CATALOGUE_MATCH,0,,0.0,NONE,0,0.0,,0.0,MONITOR,No strong commercial signal yet.,Keep on watchlist; revisit when new procurement demand or catalogue-fit evidence appears.,,
acct_0662b5668102,Jaramogi Oginga Odinga University of Science and Technology,org_6b0fc635ef41,Kenya,Implementing Partner,Qualify,0.0,MONITOR,0.0,0,0,0,0.00,0.0,NO_VERIFIED_CATALOGUE_MATCH,0,,0.0,NONE,0,0.0,,0.0,MONITOR,No strong commercial signal yet.,Keep on watchlist; revisit when new procurement demand or catalogue-fit evidence appears.,,
acct_0776aeeed6db,JASPER SEMU AND ASSOCIATES CPAS,org_2f276fdd8345,Uganda,Implementing Partner,Research,0.0,MONITOR,0.0,0,0,0,0.00,0.0,NO_VERIFIED_CATALOGUE_MATCH,0,,0.0,NONE,0,0.0,,0.0,MONITOR,No strong commercial signal yet.,Keep on watchlist; revisit when new procurement demand or catalogue-fit evidence appears.,,
acct_47c328fd1e70,JESUIT REFUGEE SERVICE,org_4186764c4bd7,Tanzania,Implementing Partner,Prioritise,0.0,MONITOR,0.0,0,0,0,0.00,0.0,NO_VERIFIED_CATALOGUE_MATCH,0,,0.0,NONE,0,0.0,,0.0,MONITOR,No strong commercial signal yet.,Keep on watchlist; revisit when new procurement demand or catalogue-fit evidence appears.,,
acct_47c328fd1e70,JESUIT REFUGEE SERVICE,org_4186764c4bd7,Democratic Republic of the Congo,Implementing Partner,Prioritise,0.0,MONITOR,0.0,0,0,0,0.00,0.0,NO_VERIFIED_CATALOGUE_MATCH,0,,0.0,NONE,0,0.0,,0.0,MONITOR,No strong commercial signal yet.,Keep on watchlist; revisit when new procurement demand or catalogue-fit evidence appears.,,
acct_78fc3579d550,JHPIEGO,org_353c566f69fb,South Sudan,Implementing Partner,Research,0.0,MONITOR,0.0,0,0,0,0.00,0.0,NO_VERIFIED_CATALOGUE_MATCH,0,,0.0,NONE,0,0.0,,0.0,MONITOR,No strong commercial signal yet.,Keep on watchlist; revisit when new procurement demand or catalogue-fit evidence appears.,,
acct_fcca8e40c1d0,Jhpiego Corporation,org_6ac0a5e16614,Kenya,Implementing Partner,Prioritise,0.0,MONITOR,0.0,0,0,0,0.00,0.0,NO_VERIFIED_CATALOGUE_MATCH,0,,0.0,NONE,0,0.0,,0.0,MONITOR,No strong commercial signal yet.,Keep on watchlist; revisit when new procurement demand or catalogue-fit evidence appears.,,
acct_1f76c7fdb716,JHU Bloomberg School Of Public Health,org_960ceea58c05,Kenya; KH; NG; Somalia; ZA; VN; ZW; IN; Rwanda; GH; SY; TL; IQ; EG; YE; TH; MW; MY; PH; PK; JO; BD; Ethiopia; MM; South Sudan; Democratic Republic of the Congo; ID; NP; TN; Tanzania,Implementing Partner,Qualify,0.0,MONITOR,0.0,0,0,0,0.00,0.0,NO_VERIFIED_CATALOGUE_MATCH,0,,0.0,NONE,0,0.0,,0.0,MONITOR,No strong commercial signal yet.,Keep on watchlist; revisit when new procurement demand or catalogue-fit evidence appears.,,
acct_0e470efb2487,Jimma University,org_e93b63ad7617,Ethiopia,Implementing Partner,Research,0.0,MONITOR,0.0,0,0,0,0.00,0.0,NO_VERIFIED_CATALOGUE_MATCH,0,,0.0,NONE,0,0.0,,0.0,MONITOR,No strong commercial signal yet.,Keep on watchlist; revisit when new procurement demand or catalogue-fit evidence appears.,,
acct_e2303cd398fd,"Jimma University, Ethiopia",org_912256dcd0bc,GB; SL; Ethiopia; Uganda; NL; MG,Implementing Partner,Monitor,0.0,MONITOR,0.0,0,0,0,0.00,0.0,NO_VERIFIED_CATALOGUE_MATCH,0,,0.0,NONE,0,0.0,,0.0,MONITOR,No strong commercial signal yet.,Keep on watchlist; revisit when new procurement demand or catalogue-fit evidence appears.,,
acct_f0e1dc1fcb14,JINJA DISTRICT LOCAL GOVERNMENT,org_5933c41809a1,Uganda,Implementing Partner,Prioritise,0.0,MONITOR,0.0,0,0,0,0.00,0.0,NO_VERIFIED_CATALOGUE_MATCH,0,,0.0,NONE,0,0.0,,0.0,MONITOR,No strong commercial signal yet.,Keep on watchlist; revisit when new procurement demand or catalogue-fit evidence appears.,,
acct_93be4116a472,JOHANNITER UNFALL HILFE E V,org_6473b8715903,South Sudan,Implementing Partner,Prioritise,0.0,MONITOR,0.0,0,0,0,0.00,0.0,NO_VERIFIED_CATALOGUE_MATCH,0,,0.0,NONE,0,0.0,,0.0,MONITOR,No strong commercial signal yet.,Keep on watchlist; revisit when new procurement demand or catalogue-fit evidence appears.,,
acct_78653de2ec1e,JOHN DAU FOUNDATION,org_16d31313c65c,South Sudan,Implementing Partner,Prioritise,0.0,MONITOR,0.0,0,0,0,0.00,0.0,NO_VERIFIED_CATALOGUE_MATCH,0,,0.0,NONE,0,0.0,,0.0,MONITOR,No strong commercial signal yet.,Keep on watchlist; revisit when new procurement demand or catalogue-fit evidence appears.,,
acct_cc6166a69713,Johns Hopkins University,org_778d61e613d6,BD; MZ; Tanzania,Implementing Partner,Research,0.0,MONITOR,0.0,0,0,0,0.00,0.0,NO_VERIFIED_CATALOGUE_MATCH,0,,0.0,NONE,0,0.0,,0.0,MONITOR,No strong commercial signal yet.,Keep on watchlist; revisit when new procurement demand or catalogue-fit evidence appears.,,
acct_e067f74575a1,Johns Hopkins University Bloomberg School of Public Health,org_04ebe06a6429,Ethiopia; Kenya; NG; PK; BD; GH; Rwanda; CM; CF; TD; Democratic Republic of the Congo; GN; CI; LR; MG; MW; ML; MR; MZ; NE; ZW; SN; SL; Somalia; Tanzania; Uganda; BF; ZM; GT; HT; TJ; AF; MM; KH; ID; VN; IN; BI; South Sudan; SD,Implementing Partner,Prioritise,0.0,MONITOR,0.0,0,0,0,0.00,0.0,NO_VERIFIED_CATALOGUE_MATCH,0,,0.0,NONE,0,0.0,,0.0,MONITOR,No strong commercial signal yet.,Keep on watchlist; revisit when new procurement demand or catalogue-fit evidence appears.,,
acct_08422c568f16,Joint Funds Unit (JFU),org_c92dc38ed562,AF; CO; DZ; EG; IQ; JO; LB; LK; LY; MA; MM; NG; NP; PH; PK; SD; Somalia; South Sudan; SY; TN; TR; YE,Implementing Partner,Research,0.0,MONITOR,0.0,0,0,0,0.00,0.0,NO_VERIFIED_CATALOGUE_MATCH,0,,0.0,NONE,0,0.0,,0.0,MONITOR,No strong commercial signal yet.,Keep on watchlist; revisit when new procurement demand or catalogue-fit evidence appears.,,
acct_ade93dfd96d6,Jomo Kenyatta University of Agriculture and Technology,org_84596ddf9174,Kenya; IN; SL; NP; GH; BR; GB; ZA,Implementing Partner,Qualify,0.0,MONITOR,0.0,0,0,0,0.00,0.0,NO_VERIFIED_CATALOGUE_MATCH,0,,0.0,NONE,0,0.0,,0.0,MONITOR,No strong commercial signal yet.,Keep on watchlist; revisit when new procurement demand or catalogue-fit evidence appears.,,
acct_339d83d0d43c,Jomo Kenyatta University of Science and Technology,org_824c6763cc56,Kenya; GB,Implementing Partner,Prioritise,0.0,MONITOR,0.0,0,0,0,0.00,0.0,NO_VERIFIED_CATALOGUE_MATCH,0,,0.0,NONE,0,0.0,,0.0,MONITOR,No strong commercial signal yet.,Keep on watchlist; revisit when new procurement demand or catalogue-fit evidence appears.,,
acct_399f28e7b17e,JP-2,org_a5c757ce36b8,Kenya; Uganda; Democratic Republic of the Congo,Donor,Qualify,0.0,MONITOR,0.0,0,0,0,0.00,0.0,NO_VERIFIED_CATALOGUE_MATCH,0,,0.0,NONE,0,0.0,,0.0,MONITOR,No strong commercial signal yet.,Keep on watchlist; revisit when new procurement demand or catalogue-fit evidence appears.,,
acct_0fdde1603f98,JP-8,org_b1156dd30c71,Kenya,Donor,Monitor,0.0,MONITOR,0.0,0,0,0,0.00,0.0,NO_VERIFIED_CATALOGUE_MATCH,0,,0.0,NONE,0,0.0,,0.0,MONITOR,No strong commercial signal yet.,Keep on watchlist; revisit when new procurement demand or catalogue-fit evidence appears.,,
acct_b1c2fe6813a8,"JSI Research & Training Institute, Inc.",org_6fae9ca5e10d,Ethiopia; CG; Kenya; MG; MZ; NG; Tanzania; Uganda; Democratic Republic of the Congo; PK,Implementing Partner,Prioritise,0.0,MONITOR,0.0,0,0,0,0.00,0.0,NO_VERIFIED_CATALOGUE_MATCH,0,,0.0,NONE,0,0.0,,0.0,MONITOR,No strong commercial signal yet.,Keep on watchlist; revisit when new procurement demand or catalogue-fit evidence appears.,,
acct_cb89b45707db,Juba Foundation,org_193196ff2b42,Somalia; YE; South Sudan,Implementing Partner,Qualify,0.0,MONITOR,0.0,0,0,0,0.00,0.0,NO_VERIFIED_CATALOGUE_MATCH,0,,0.0,NONE,0,0.0,,0.0,MONITOR,No strong commercial signal yet.,Keep on watchlist; revisit when new procurement demand or catalogue-fit evidence appears.,,
acct_fc673ef82900,Julian King Associates Limited,org_a37ac57a41b7,BD; GH; KI; SL; Tanzania,Implementing Partner,Research,0.0,MONITOR,0.0,0,0,0,0.00,0.0,NO_VERIFIED_CATALOGUE_MATCH,0,,0.0,NONE,0,0.0,,0.0,MONITOR,No strong commercial signal yet.,Keep on watchlist; revisit when new procurement demand or catalogue-fit evidence appears.,,
acct_0a4a39e28fd9,Jumuia ya Wazee na Wastaafu Zanzibar(JUWAZA 2),org_005b1c49bb41,Tanzania,Implementing Partner,Qualify,0.0,MONITOR,0.0,0,0,0,0.00,0.0,NO_VERIFIED_CATALOGUE_MATCH,0,,0.0,NONE,0,0.0,,0.0,MONITOR,No strong commercial signal yet.,Keep on watchlist; revisit when new procurement demand or catalogue-fit evidence appears.,,
acct_ef31d99bf368,JUSTICE FOUNDATION ORGANISATION,org_72c071f19155,South Sudan,Implementing Partner,Prioritise,0.0,MONITOR,0.0,0,0,0,0.00,0.0,NO_VERIFIED_CATALOGUE_MATCH,0,,0.0,NONE,0,0.0,,0.0,MONITOR,No strong commercial signal yet.,Keep on watchlist; revisit when new procurement demand or catalogue-fit evidence appears.,,
acct_eed9a4a1b190,KAABONG DISTRICT UNICEF ACCOUNT,org_a6d7ba22fffa,Uganda,Implementing Partner,Prioritise,0.0,MONITOR,0.0,0,0,0,0.00,0.0,NO_VERIFIED_CATALOGUE_MATCH,0,,0.0,NONE,0,0.0,,0.0,MONITOR,No strong commercial signal yet.,Keep on watchlist; revisit when new procurement demand or catalogue-fit evidence appears.,,
acct_64a8f53da32a,Kabanga Nurses and Midwives Training School,org_fd625193dee1,Tanzania,Implementing Partner,Qualify,0.0,MONITOR,0.0,0,0,0,0.00,0.0,NO_VERIFIED_CATALOGUE_MATCH,0,,0.0,NONE,0,0.0,,0.0,MONITOR,No strong commercial signal yet.,Keep on watchlist; revisit when new procurement demand or catalogue-fit evidence appears.,,
acct_333d0c050518,KAKAMEGA COUNTY HEALTH SERVICES,org_f53482424a6d,Kenya,Implementing Partner,Prioritise,0.0,MONITOR,0.0,0,0,0,0.00,0.0,NO_VERIFIED_CATALOGUE_MATCH,0,,0.0,NONE,0,0.0,,0.0,MONITOR,No strong commercial signal yet.,Keep on watchlist; revisit when new procurement demand or catalogue-fit evidence appears.,,
acct_47a1e434c005,KALIUA DISTRICT COUNCIL,org_8cc40d5ad631,Tanzania,Implementing Partner,Prioritise,0.0,MONITOR,0.0,0,0,0,0.00,0.0,NO_VERIFIED_CATALOGUE_MATCH,0,,0.0,NONE,0,0.0,,0.0,MONITOR,No strong commercial signal yet.,Keep on watchlist; revisit when new procurement demand or catalogue-fit evidence appears.,,
acct_d31e251b8573,Kamili Organisation,org_7ed14f710922,Kenya,Accountable Agency,Monitor,0.0,MONITOR,0.0,0,0,0,0.00,0.0,NO_VERIFIED_CATALOGUE_MATCH,0,,0.0,NONE,0,0.0,,0.0,MONITOR,No strong commercial signal yet.,Keep on watchlist; revisit when new procurement demand or catalogue-fit evidence appears.,,
acct_a5a78612e58d,KAMULI DISTRICT UNICEF,org_fbce07fddc58,Uganda,Implementing Partner,Prioritise,0.0,MONITOR,0.0,0,0,0,0.00,0.0,NO_VERIFIED_CATALOGUE_MATCH,0,,0.0,NONE,0,0.0,,0.0,MONITOR,No strong commercial signal yet.,Keep on watchlist; revisit when new procurement demand or catalogue-fit evidence appears.,,
acct_adcd2cb23dc6,Kamuzu College of Health Sciences,org_8004f426a74a,GB; MW; Kenya; GH; CI; NG,Implementing Partner,Prioritise,0.0,MONITOR,0.0,0,0,0,0.00,0.0,NO_VERIFIED_CATALOGUE_MATCH,0,,0.0,NONE,0,0.0,,0.0,MONITOR,No strong commercial signal yet.,Keep on watchlist; revisit when new procurement demand or catalogue-fit evidence appears.,,
acct_c3668998b254,Kamuzu University of Health Sciences,org_41e71fb18319,MW; ZA; Tanzania; GB,Implementing Partner,Monitor,0.0,MONITOR,0.0,0,0,0,0.00,0.0,NO_VERIFIED_CATALOGUE_MATCH,0,,0.0,NONE,0,0.0,,0.0,MONITOR,No strong commercial signal yet.,Keep on watchlist; revisit when new procurement demand or catalogue-fit evidence appears.,,
acct_a0bbf0c97716,Karatina University,org_2a1fa795f56b,Kenya,Implementing Partner,Qualify,0.0,MONITOR,0.0,0,0,0,0.00,0.0,NO_VERIFIED_CATALOGUE_MATCH,0,,0.0,NONE,0,0.0,,0.0,MONITOR,No strong commercial signal yet.,Keep on watchlist; revisit when new procurement demand or catalogue-fit evidence appears.,,
acct_91260cd2fb32,Karel De Grote University College,org_68071209c9ac,Democratic Republic of the Congo,Implementing Partner,Qualify,0.0,MONITOR,0.0,0,0,0,0.00,0.0,NO_VERIFIED_CATALOGUE_MATCH,0,,0.0,NONE,0,0.0,,0.0,MONITOR,No strong commercial signal yet.,Keep on watchlist; revisit when new procurement demand or catalogue-fit evidence appears.,,
acct_08c7eb1145cd,KASESE DISTRICT UNICEF A C,org_deb8b72683e4,Uganda,Implementing Partner,Prioritise,0.0,MONITOR,0.0,0,0,0,0.00,0.0,NO_VERIFIED_CATALOGUE_MATCH,0,,0.0,NONE,0,0.0,,0.0,MONITOR,No strong commercial signal yet.,Keep on watchlist; revisit when new procurement demand or catalogue-fit evidence appears.,,
acct_7be8622e51b3,KASULU DISTRICT COUNCIL,org_36f160de8f97,Tanzania,Implementing Partner,Prioritise,0.0,MONITOR,0.0,0,0,0,0.00,0.0,NO_VERIFIED_CATALOGUE_MATCH,0,,0.0,NONE,0,0.0,,0.0,MONITOR,No strong commercial signal yet.,Keep on watchlist; revisit when new procurement demand or catalogue-fit evidence appears.,,
acct_d01e152963c2,KASULU TOWN COUNCIL DEVELOPMENT,org_b415a131a6b2,Tanzania,Implementing Partner,Prioritise,0.0,MONITOR,0.0,0,0,0,0.00,0.0,NO_VERIFIED_CATALOGUE_MATCH,0,,0.0,NONE,0,0.0,,0.0,MONITOR,No strong commercial signal yet.,Keep on watchlist; revisit when new procurement demand or catalogue-fit evidence appears.,,
acct_7d10f3ffe242,Kathmandu University,org_fe8c3b5f583f,Kenya; IN; SL; NP; GH; BR; GB; ZA,Implementing Partner,Qualify,0.0,MONITOR,0.0,0,0,0,0.00,0.0,NO_VERIFIED_CATALOGUE_MATCH,0,,0.0,NONE,0,0.0,,0.0,MONITOR,No strong commercial signal yet.,Keep on watchlist; revisit when new procurement demand or catalogue-fit evidence appears.,,
acct_253f7e52e510,KATONTE DEVELOPMENT PERSPECTIVES LTD,org_8823f110ad23,Kenya; KH; NG; Somalia; ZA; VN; ZW; IN; Rwanda; GH; SY; TL; IQ; EG; YE; TH; MW; MY; PH; PK; JO; BD; Ethiopia; MM; South Sudan; Democratic Republic of the Congo; ID; NP; TN; Tanzania,Implementing Partner,Qualify,0.0,MONITOR,0.0,0,0,0,0.00,0.0,NO_VERIFIED_CATALOGUE_MATCH,0,,0.0,NONE,0,0.0,,0.0,MONITOR,No strong commercial signal yet.,Keep on watchlist; revisit when new procurement demand or catalogue-fit evidence appears.,,
acct_e9033ecabe71,Kayah Phu Social Service and Development Association (KPSSDA),org_12c8e6eb1b16,South Sudan,Implementing Partner,Research,0.0,MONITOR,0.0,0,0,0,0.00,0.0,NO_VERIFIED_CATALOGUE_MATCH,0,,0.0,NONE,0,0.0,,0.0,MONITOR,No strong commercial signal yet.,Keep on watchlist; revisit when new procurement demand or catalogue-fit evidence appears.,,
acct_b4a5d8b725fb,Kazakhstan’s Association of Practicing Ecologists (APE,org_7dd12f5fe8de,Kenya; KR; MN; KH; LA; TH; IN; KG; MK; TJ; UZ; RS; KW; PS; SA,Implementing Partner,Qualify,0.0,MONITOR,0.0,0,0,0,0.00,0.0,NO_VERIFIED_CATALOGUE_MATCH,0,,0.0,NONE,0,0.0,,0.0,MONITOR,No strong commercial signal yet.,Keep on watchlist; revisit when new procurement demand or catalogue-fit evidence appears.,,
acct_443fc490e038,KCB BANK SOUTH SUDAN LTD,org_f6ce0abc2b09,South Sudan,Implementing Partner,Prioritise,0.0,MONITOR,0.0,0,0,0,0.00,0.0,NO_VERIFIED_CATALOGUE_MATCH,0,,0.0,NONE,0,0.0,,0.0,MONITOR,No strong commercial signal yet.,Keep on watchlist; revisit when new procurement demand or catalogue-fit evidence appears.,,
acct_f8e78b77e2c5,KE-NCB-21805113043590,org_6e67260c7179,Kenya,Donor,Research,0.0,MONITOR,0.0,0,0,0,0.00,0.0,NO_VERIFIED_CATALOGUE_MATCH,0,,0.0,NONE,0,0.0,,0.0,MONITOR,No strong commercial signal yet.,Keep on watchlist; revisit when new procurement demand or catalogue-fit evidence appears.,,
acct_ffd8fd40e63d,Keele University,org_132fb32a9d6a,Kenya; GB; BR; LK; Ethiopia,Implementing Partner,Prioritise,0.0,MONITOR,0.0,0,0,0,0.00,0.0,NO_VERIFIED_CATALOGUE_MATCH,0,,0.0,NONE,0,0.0,,0.0,MONITOR,No strong commercial signal yet.,Keep on watchlist; revisit when new procurement demand or catalogue-fit evidence appears.,,
acct_ffd8fd40e63d,Keele University,org_132fb32a9d6a,GB; BR; LK; Ethiopia,Accountable Agency,Research,0.0,MONITOR,0.0,0,0,0,0.00,0.0,NO_VERIFIED_CATALOGUE_MATCH,0,,0.0,NONE,0,0.0,,0.0,MONITOR,No strong commercial signal yet.,Keep on watchlist; revisit when new procurement demand or catalogue-fit evidence appears.,,
acct_3a77690574e8,KEMRI Centre for Global Health Research,org_1c0812150f0b,GB; NG; CM; Kenya; CI; ZA,Implementing Partner,Monitor,0.0,MONITOR,0.0,0,0,0,0.00,0.0,NO_VERIFIED_CATALOGUE_MATCH,0,,0.0,NONE,0,0.0,,0.0,MONITOR,No strong commercial signal yet.,Keep on watchlist; revisit when new procurement demand or catalogue-fit evidence appears.,,
acct_d0c1902482e6,KEMRI Wellcome Research Programme,org_4be4bb045e5b,GB; GM; Kenya,Implementing Partner,Qualify,0.0,MONITOR,0.0,0,0,0,0.00,0.0,NO_VERIFIED_CATALOGUE_MATCH,0,,0.0,NONE,0,0.0,,0.0,MONITOR,No strong commercial signal yet.,Keep on watchlist; revisit when new procurement demand or catalogue-fit evidence appears.,,
acct_ec5afaf6419e,KEMRI Wellcome Trust Partnership,org_cfeac51c00ca,Ethiopia; Kenya,Implementing Partner,Research,0.0,MONITOR,0.0,0,0,0,0.00,0.0,NO_VERIFIED_CATALOGUE_MATCH,0,,0.0,NONE,0,0.0,,0.0,MONITOR,No strong commercial signal yet.,Keep on watchlist; revisit when new procurement demand or catalogue-fit evidence appears.,,
acct_344d8fe942e8,KEMRI Wellcome Trust Research Programme,org_b6dac30feafa,GB; Uganda; Kenya,Implementing Partner,Monitor,0.0,MONITOR,0.0,0,0,0,0.00,0.0,NO_VERIFIED_CATALOGUE_MATCH,0,,0.0,NONE,0,0.0,,0.0,MONITOR,No strong commercial signal yet.,Keep on watchlist; revisit when new procurement demand or catalogue-fit evidence appears.,,
acct_8d1c5f4b9c38,Kent and Medway Medical School,org_56c7bb5fd8ef,GB; BR; LK; Ethiopia,Implementing Partner,Research,0.0,MONITOR,0.0,0,0,0,0.00,0.0,NO_VERIFIED_CATALOGUE_MATCH,0,,0.0,NONE,0,0.0,,0.0,MONITOR,No strong commercial signal yet.,Keep on watchlist; revisit when new procurement demand or catalogue-fit evidence appears.,,
acct_4597c2030bc4,Kenya,org_814be629a479,Kenya,Donor,Prioritise,0.0,MONITOR,0.0,0,0,0,0.00,0.0,NO_VERIFIED_CATALOGUE_MATCH,0,,0.0,NONE,0,0.0,,0.0,MONITOR,No strong commercial signal yet.,Keep on watchlist; revisit when new procurement demand or catalogue-fit evidence appears.,,
acct_ec1b6ccdb3e1,Kenya Association for the Intellectually Handicapped,org_448dcc6a8263,Kenya,Accountable Agency,Monitor,0.0,MONITOR,0.0,0,0,0,0.00,0.0,NO_VERIFIED_CATALOGUE_MATCH,0,,0.0,NONE,0,0.0,,0.0,MONITOR,No strong commercial signal yet.,Keep on watchlist; revisit when new procurement demand or catalogue-fit evidence appears.,,
acct_4a7cd7beca3f,Kenya Forestry Research Institute,org_421f62db9af6,Kenya,Implementing Partner,Qualify,0.0,MONITOR,0.0,0,0,0,0.00,0.0,NO_VERIFIED_CATALOGUE_MATCH,0,,0.0,NONE,0,0.0,,0.0,MONITOR,No strong commercial signal yet.,Keep on watchlist; revisit when new procurement demand or catalogue-fit evidence appears.,,
acct_9faa09a06d27,KENYA GIRL GUIDES ASSOCIATION,org_5f21dcfc96b2,Kenya,Implementing Partner,Prioritise,0.0,MONITOR,0.0,0,0,0,0.00,0.0,NO_VERIFIED_CATALOGUE_MATCH,0,,0.0,NONE,0,0.0,,0.0,MONITOR,No strong commercial signal yet.,Keep on watchlist; revisit when new procurement demand or catalogue-fit evidence appears.,,
acct_2331d6f6a773,Kenya ICT Action Network,org_fce100a80a96,Kenya,Implementing Partner,Research,0.0,MONITOR,0.0,0,0,0,0.00,0.0,NO_VERIFIED_CATALOGUE_MATCH,0,,0.0,NONE,0,0.0,,0.0,MONITOR,No strong commercial signal yet.,Keep on watchlist; revisit when new procurement demand or catalogue-fit evidence appears.,,
acct_8b0f31d9f1b7,Kenya Legal and Ethical Issues Network on HIV & AIDS (KELIN),org_6ae1a94061da,BD; GH; ID; Kenya; MR; NP; LK; Tanzania; TH; Uganda,Implementing Partner,Monitor,0.0,MONITOR,0.0,0,0,0,0.00,0.0,NO_VERIFIED_CATALOGUE_MATCH,0,,0.0,NONE,0,0.0,,0.0,MONITOR,No strong commercial signal yet.,Keep on watchlist; revisit when new procurement demand or catalogue-fit evidence appears.,,
acct_a2aa3b7c3b84,Kenya Marine and Fisheries Research Institute,org_b87d850a6a05,Kenya,Implementing Partner,Qualify,0.0,MONITOR,0.0,0,0,0,0.00,0.0,NO_VERIFIED_CATALOGUE_MATCH,0,,0.0,NONE,0,0.0,,0.0,MONITOR,No strong commercial signal yet.,Keep on watchlist; revisit when new procurement demand or catalogue-fit evidence appears.,,
acct_8d850301d247,Kenya Medical Research Institute (KEMRI),org_00c354d7806b,Kenya; GB; Rwanda; Uganda; Tanzania; CM,Implementing Partner,Qualify,0.0,MONITOR,0.0,0,0,0,0.00,0.0,NO_VERIFIED_CATALOGUE_MATCH,0,,0.0,NONE,0,0.0,,0.0,MONITOR,No strong commercial signal yet.,Keep on watchlist; revisit when new procurement demand or catalogue-fit evidence appears.,,
acct_614ca6a6959a,"Kenya Medical Research Institute (KEMRI), Kenya",org_5e3e2447ed23,CM; Ethiopia; GH; Kenya; MW; NG; ZA; SD; Tanzania; Uganda; NZ; GB,Implementing Partner,Qualify,0.0,MONITOR,0.0,0,0,0,0.00,0.0,NO_VERIFIED_CATALOGUE_MATCH,0,,0.0,NONE,0,0.0,,0.0,MONITOR,No strong commercial signal yet.,Keep on watchlist; revisit when new procurement demand or catalogue-fit evidence appears.,,
acct_6e102774ad72,Kenya Methodist University,org_816ea9dc8736,Kenya,Implementing Partner,Qualify,0.0,MONITOR,0.0,0,0,0,0.00,0.0,NO_VERIFIED_CATALOGUE_MATCH,0,,0.0,NONE,0,0.0,,0.0,MONITOR,No strong commercial signal yet.,Keep on watchlist; revisit when new procurement demand or catalogue-fit evidence appears.,,
acct_9ebe2cc74039,KENYA NATIONAL BUREAU OF STATISTICS,org_2ce329544d3b,Kenya,Implementing Partner,Prioritise,0.0,MONITOR,0.0,0,0,0,0.00,0.0,NO_VERIFIED_CATALOGUE_MATCH,0,,0.0,NONE,0,0.0,,0.0,MONITOR,No strong commercial signal yet.,Keep on watchlist; revisit when new procurement demand or catalogue-fit evidence appears.,,
acct_04aeec04de72,KENYA PRIVATE SECTOR ALLIANCE FOUNDATION,org_68c252a791db,Kenya,Implementing Partner,Prioritise,0.0,MONITOR,0.0,0,0,0,0.00,0.0,NO_VERIFIED_CATALOGUE_MATCH,0,,0.0,NONE,0,0.0,,0.0,MONITOR,No strong commercial signal yet.,Keep on watchlist; revisit when new procurement demand or catalogue-fit evidence appears.,,
acct_bcf89ca4c3fc,KENYA RED CROSS SOCIETY,org_b28b48762c75,Kenya,Implementing Partner,Prioritise,0.0,MONITOR,0.0,0,0,0,0.00,0.0,NO_VERIFIED_CATALOGUE_MATCH,0,,0.0,NONE,0,0.0,,0.0,MONITOR,No strong commercial signal yet.,Keep on watchlist; revisit when new procurement demand or catalogue-fit evidence appears.,,
acct_bcf89ca4c3fc,Kenya Red Cross Society,org_b28b48762c75,Kenya,Implementing Partner,Qualify,0.0,MONITOR,0.0,0,0,0,0.00,0.0,NO_VERIFIED_CATALOGUE_MATCH,0,,0.0,NONE,0,0.0,,0.0,MONITOR,No strong commercial signal yet.,Keep on watchlist; revisit when new procurement demand or catalogue-fit evidence appears.,,
acct_37a1d96a0acb,KENYA SCOUTS ASSOCIATION,org_438e628e03ab,Kenya,Implementing Partner,Prioritise,0.0,MONITOR,0.0,0,0,0,0.00,0.0,NO_VERIFIED_CATALOGUE_MATCH,0,,0.0,NONE,0,0.0,,0.0,MONITOR,No strong commercial signal yet.,Keep on watchlist; revisit when new procurement demand or catalogue-fit evidence appears.,,
acct_355010cb53ea,Kenya Wildlife Service,org_c56e534071b2,Kenya,Implementing Partner,Qualify,0.0,MONITOR,0.0,0,0,0,0.00,0.0,NO_VERIFIED_CATALOGUE_MATCH,0,,0.0,NONE,0,0.0,,0.0,MONITOR,No strong commercial signal yet.,Keep on watchlist; revisit when new procurement demand or catalogue-fit evidence appears.,,
acct_662e9379555e,Kenyatta University,org_5f0a9cd071e4,Kenya; GB; KH; NG; Somalia; ZA; VN; ZW; IN; Rwanda; GH; SY; TL; IQ; EG; YE; TH; MW; MY; PH; PK; JO; BD; Ethiopia; MM; South Sudan; Democratic Republic of the Congo; ID; NP; TN; Tanzania,Implementing Partner,Qualify,0.0,MONITOR,0.0,0,0,0,0.00,0.0,NO_VERIFIED_CATALOGUE_MATCH,0,,0.0,NONE,0,0.0,,0.0,MONITOR,No strong commercial signal yet.,Keep on watchlist; revisit when new procurement demand or catalogue-fit evidence appears.,,
acct_213dc5c0ca1f,"Kenyatta University Teaching, Referral and Research Hospital",org_426fabdbf8cd,Kenya; GB,Implementing Partner,Prioritise,0.0,MONITOR,0.0,0,0,0,0.00,0.0,NO_VERIFIED_CATALOGUE_MATCH,0,,0.0,NONE,0,0.0,,0.0,MONITOR,No strong commercial signal yet.,Keep on watchlist; revisit when new procurement demand or catalogue-fit evidence appears.,,
acct_e4b0f7716a51,KEPI KAKAMEGA CENTRAL,org_4e59ac52cd61,Kenya,Implementing Partner,Prioritise,0.0,MONITOR,0.0,0,0,0,0.00,0.0,NO_VERIFIED_CATALOGUE_MATCH,0,,0.0,NONE,0,0.0,,0.0,MONITOR,No strong commercial signal yet.,Keep on watchlist; revisit when new procurement demand or catalogue-fit evidence appears.,,
acct_9bd7cf664d61,"Key areas of work are ; • Advocacy and lobbying for the rights of older people • Income, livelihood and climate resilience initiatives • Health and care support • Intergenerational linkage projects. • Cross-cutting issues (Gender mainstreaming and disability inclusion).",org_f16502220b0e,PK; MM; LB; Uganda; MZ; Tanzania; Ethiopia; MD; GB,Implementing Partner,Research,0.0,MONITOR,0.0,0,0,0,0.00,0.0,NO_VERIFIED_CATALOGUE_MATCH,0,,0.0,NONE,0,0.0,,0.0,MONITOR,No strong commercial signal yet.,Keep on watchlist; revisit when new procurement demand or catalogue-fit evidence appears.,,
acct_59b1587af96c,KFUK-KFUM Global,org_07034feae3dc,Uganda; Ethiopia; South Sudan,Implementing Partner,Research,0.0,MONITOR,0.0,0,0,0,0.00,0.0,NO_VERIFIED_CATALOGUE_MATCH,0,,0.0,NONE,0,0.0,,0.0,MONITOR,No strong commercial signal yet.,Keep on watchlist; revisit when new procurement demand or catalogue-fit evidence appears.,,
acct_422b982ac58e,KfW Bankengruppe (KfW),org_553043916913,Democratic Republic of the Congo; Tanzania,Accountable Agency,Research,0.0,MONITOR,0.0,0,0,0,0.00,0.0,NO_VERIFIED_CATALOGUE_MATCH,0,,0.0,NONE,0,0.0,,0.0,MONITOR,No strong commercial signal yet.,Keep on watchlist; revisit when new procurement demand or catalogue-fit evidence appears.,,
acct_9039d2a7a2d0,KIBONDO DISTRICT COUNCIL,org_0c79de9a2f10,Tanzania,Implementing Partner,Prioritise,0.0,MONITOR,0.0,0,0,0,0.00,0.0,NO_VERIFIED_CATALOGUE_MATCH,0,,0.0,NONE,0,0.0,,0.0,MONITOR,No strong commercial signal yet.,Keep on watchlist; revisit when new procurement demand or catalogue-fit evidence appears.,,
acct_69e7f5b4d556,KIGALI COLLABORATIVE RESEARCH CENTRE,org_f5345dbb47b1,Rwanda,Implementing Partner,Prioritise,0.0,MONITOR,0.0,0,0,0,0.00,0.0,NO_VERIFIED_CATALOGUE_MATCH,0,,0.0,NONE,0,0.0,,0.0,MONITOR,No strong commercial signal yet.,Keep on watchlist; revisit when new procurement demand or catalogue-fit evidence appears.,,
acct_d9fd36bbbf96,KIGOMA DISTRICT COUNCIL,org_0f4abb43f949,Tanzania,Implementing Partner,Prioritise,0.0,MONITOR,0.0,0,0,0,0.00,0.0,NO_VERIFIED_CATALOGUE_MATCH,0,,0.0,NONE,0,0.0,,0.0,MONITOR,No strong commercial signal yet.,Keep on watchlist; revisit when new procurement demand or catalogue-fit evidence appears.,,
acct_b99cea9005f0,Kigoma Training College,org_97091ed024af,Tanzania,Implementing Partner,Qualify,0.0,MONITOR,0.0,0,0,0,0.00,0.0,NO_VERIFIED_CATALOGUE_MATCH,0,,0.0,NONE,0,0.0,,0.0,MONITOR,No strong commercial signal yet.,Keep on watchlist; revisit when new procurement demand or catalogue-fit evidence appears.,,
acct_4829b760a99e,KIGOMA UJIJI MUNICIPAL COUNCIL,org_5b3ac826b32b,Tanzania,Implementing Partner,Prioritise,0.0,MONITOR,0.0,0,0,0,0.00,0.0,NO_VERIFIED_CATALOGUE_MATCH,0,,0.0,NONE,0,0.0,,0.0,MONITOR,No strong commercial signal yet.,Keep on watchlist; revisit when new procurement demand or catalogue-fit evidence appears.,,
acct_39ddcb019eca,KILIFI COUNTY DEPARTMENT OF HEALTH,org_cbf4738c0896,Kenya,Implementing Partner,Prioritise,0.0,MONITOR,0.0,0,0,0,0.00,0.0,NO_VERIFIED_CATALOGUE_MATCH,0,,0.0,NONE,0,0.0,,0.0,MONITOR,No strong commercial signal yet.,Keep on watchlist; revisit when new procurement demand or catalogue-fit evidence appears.,,
acct_14f0ddba3f02,Kilimanjaro Blind Trust Africa,org_9888170d1ae4,MW; ID; CH; GH; CO; GB; SL; BE; FR; IN; Kenya; MN; US,Implementing Partner,Qualify,0.0,MONITOR,0.0,0,0,0,0.00,0.0,NO_VERIFIED_CATALOGUE_MATCH,0,,0.0,NONE,0,0.0,,0.0,MONITOR,No strong commercial signal yet.,Keep on watchlist; revisit when new procurement demand or catalogue-fit evidence appears.,,
acct_44da2bd09d54,Kilimanjaro Centre for Community Ophthalmology (KCCO),org_ed20eb28d652,Tanzania,Implementing Partner,Qualify,0.0,MONITOR,0.0,0,0,0,0.00,0.0,NO_VERIFIED_CATALOGUE_MATCH,0,,0.0,NONE,0,0.0,,0.0,MONITOR,No strong commercial signal yet.,Keep on watchlist; revisit when new procurement demand or catalogue-fit evidence appears.,,
acct_1fd8dc0d8f86,Kilimanjaro Christian Medical Centre,org_5b8c9b4bb97d,Tanzania,Implementing Partner,Qualify,0.0,MONITOR,0.0,0,0,0,0.00,0.0,NO_VERIFIED_CATALOGUE_MATCH,0,,0.0,NONE,0,0.0,,0.0,MONITOR,No strong commercial signal yet.,Keep on watchlist; revisit when new procurement demand or catalogue-fit evidence appears.,,
acct_7413501f8e9c,KILOLO DISTRICT COUNCIL,org_ba8622fc9a16,Tanzania,Implementing Partner,Prioritise,0.0,MONITOR,0.0,0,0,0,0.00,0.0,NO_VERIFIED_CATALOGUE_MATCH,0,,0.0,NONE,0,0.0,,0.0,MONITOR,No strong commercial signal yet.,Keep on watchlist; revisit when new procurement demand or catalogue-fit evidence appears.,,
acct_f6cd69462532,Kilpatrick Fraser Charitable Trust,org_9b74727a0139,Kenya,Donor,Qualify,0.0,MONITOR,0.0,0,0,0,0.00,0.0,NO_VERIFIED_CATALOGUE_MATCH,0,,0.0,NONE,0,0.0,,0.0,MONITOR,No strong commercial signal yet.,Keep on watchlist; revisit when new procurement demand or catalogue-fit evidence appears.,,
acct_e569381c4c3f,Kindernothilfe e.V.,org_d2cbfd7d5cd2,Ethiopia,Implementing Partner,Research,0.0,MONITOR,0.0,0,0,0,0.00,0.0,NO_VERIFIED_CATALOGUE_MATCH,0,,0.0,NONE,0,0.0,,0.0,MONITOR,No strong commercial signal yet.,Keep on watchlist; revisit when new procurement demand or catalogue-fit evidence appears.,,
acct_a359890e0cc0,King Abdullah University of Science abd Technology (KAUST),org_6acf3d994413,Kenya; KR; MN; KH; LA; TH; IN; KG; MK; TJ; UZ; RS; KW; PS; SA,Implementing Partner,Qualify,0.0,MONITOR,0.0,0,0,0,0.00,0.0,NO_VERIFIED_CATALOGUE_MATCH,0,,0.0,NONE,0,0.0,,0.0,MONITOR,No strong commercial signal yet.,Keep on watchlist; revisit when new procurement demand or catalogue-fit evidence appears.,,
acct_7f774d3a8e85,King's College London,org_98831247fb3a,Somalia,Implementing Partner,Qualify,0.0,MONITOR,0.0,0,0,0,0.00,0.0,NO_VERIFIED_CATALOGUE_MATCH,0,,0.0,NONE,0,0.0,,0.0,MONITOR,No strong commercial signal yet.,Keep on watchlist; revisit when new procurement demand or catalogue-fit evidence appears.,,
acct_7f774d3a8e85,KING'S COLLEGE LONDON,org_98831247fb3a,Somalia; Ethiopia; Kenya,Implementing Partner,Research,0.0,MONITOR,0.0,0,0,0,0.00,0.0,NO_VERIFIED_CATALOGUE_MATCH,0,,0.0,NONE,0,0.0,,0.0,MONITOR,No strong commercial signal yet.,Keep on watchlist; revisit when new procurement demand or catalogue-fit evidence appears.,,
acct_00da15d4f384,King Salman Humanitarian Aid and Relief Centre,org_b8a3fd29f053,Tanzania; Democratic Republic of the Congo; Ethiopia; Somalia; South Sudan,Donor,Prioritise,0.0,MONITOR,0.0,0,0,0,0.00,0.0,NO_VERIFIED_CATALOGUE_MATCH,0,,0.0,NONE,0,0.0,,0.0,MONITOR,No strong commercial signal yet.,Keep on watchlist; revisit when new procurement demand or catalogue-fit evidence appears.,,
acct_00da15d4f384,King Salman Humanitarian Aid and Relief Centre,org_b8a3fd29f053,Somalia,Donor,Prioritise,0.0,MONITOR,0.0,0,0,0,0.00,0.0,NO_VERIFIED_CATALOGUE_MATCH,0,,0.0,NONE,0,0.0,,0.0,MONITOR,No strong commercial signal yet.,Keep on watchlist; revisit when new procurement demand or catalogue-fit evidence appears.,,
acct_c0037c9f149d,Kirkens Nødhjelp,org_926430783ea7,Democratic Republic of the Congo; Tanzania,Implementing Partner,Qualify,0.0,MONITOR,0.0,0,0,0,0.00,0.0,NO_VERIFIED_CATALOGUE_MATCH,0,,0.0,NONE,0,0.0,,0.0,MONITOR,No strong commercial signal yet.,Keep on watchlist; revisit when new procurement demand or catalogue-fit evidence appears.,,
acct_c4e30a03690f,Kisumu Medical Education Trust - KMET,org_aaacd59e4aa0,Kenya,Implementing Partner,Qualify,0.0,MONITOR,0.0,0,0,0,0.00,0.0,NO_VERIFIED_CATALOGUE_MATCH,0,,0.0,NONE,0,0.0,,0.0,MONITOR,No strong commercial signal yet.,Keep on watchlist; revisit when new procurement demand or catalogue-fit evidence appears.,,
acct_24ebbf5281cc,Kisumu Water and Sanitation Company Limited,org_b216c39cbeb6,Kenya; GB; Uganda; ZA,Implementing Partner,Prioritise,0.0,MONITOR,0.0,0,0,0,0.00,0.0,NO_VERIFIED_CATALOGUE_MATCH,0,,0.0,NONE,0,0.0,,0.0,MONITOR,No strong commercial signal yet.,Keep on watchlist; revisit when new procurement demand or catalogue-fit evidence appears.,,
acct_7f356eaa2d42,KITUI COUNTY HEALTH MANAGEMENT TEAM,org_79a464efe0b8,Kenya,Implementing Partner,Prioritise,0.0,MONITOR,0.0,0,0,0,0.00,0.0,NO_VERIFIED_CATALOGUE_MATCH,0,,0.0,NONE,0,0.0,,0.0,MONITOR,No strong commercial signal yet.,Keep on watchlist; revisit when new procurement demand or catalogue-fit evidence appears.,,
acct_83acd6aa49b2,Kiyita Family Alliance for Development (KIFAD),org_6d6899ed8995,Uganda,Implementing Partner,Qualify,0.0,MONITOR,0.0,0,0,0,0.00,0.0,NO_VERIFIED_CATALOGUE_MATCH,0,,0.0,NONE,0,0.0,,0.0,MONITOR,No strong commercial signal yet.,Keep on watchlist; revisit when new procurement demand or catalogue-fit evidence appears.,,
acct_73672f89b193,KNUST KUMASI,org_c057ca9442d9,ZW; ZA; NG; BW; Rwanda; GH; Kenya; SL,Implementing Partner,Monitor,0.0,MONITOR,0.0,0,0,0,0.00,0.0,NO_VERIFIED_CATALOGUE_MATCH,0,,0.0,NONE,0,0.0,,0.0,MONITOR,No strong commercial signal yet.,Keep on watchlist; revisit when new procurement demand or catalogue-fit evidence appears.,,
acct_61a06b32a737,Koalaa,org_3c3d4621bbef,Kenya; IN; SL; NP; GH; BR; GB; ZA,Implementing Partner,Qualify,0.0,MONITOR,0.0,0,0,0,0.00,0.0,NO_VERIFIED_CATALOGUE_MATCH,0,,0.0,NONE,0,0.0,,0.0,MONITOR,No strong commercial signal yet.,Keep on watchlist; revisit when new procurement demand or catalogue-fit evidence appears.,,
acct_352ba470f57f,KOICA,org_75e4500861ba,Democratic Republic of the Congo; Kenya; Uganda; Tanzania; Rwanda; Ethiopia,Implementing Partner,Prioritise,0.0,MONITOR,0.0,0,0,0,0.00,0.0,NO_VERIFIED_CATALOGUE_MATCH,0,,0.0,NONE,0,0.0,,0.0,MONITOR,No strong commercial signal yet.,Keep on watchlist; revisit when new procurement demand or catalogue-fit evidence appears.,,
acct_352ba470f57f,KOICA,org_75e4500861ba,Tanzania,Donor,Qualify,0.0,MONITOR,0.0,0,0,0,0.00,0.0,NO_VERIFIED_CATALOGUE_MATCH,0,,0.0,NONE,0,0.0,,0.0,MONITOR,No strong commercial signal yet.,Keep on watchlist; revisit when new procurement demand or catalogue-fit evidence appears.,,
acct_5807c803917f,KOIS Advisory,org_087add724fe6,Kenya,Implementing Partner,Prioritise,0.0,MONITOR,0.0,0,0,0,0.00,0.0,NO_VERIFIED_CATALOGUE_MATCH,0,,0.0,NONE,0,0.0,,0.0,MONITOR,No strong commercial signal yet.,Keep on watchlist; revisit when new procurement demand or catalogue-fit evidence appears.,,
acct_13bc6b4bfdae,KONETA,org_4607d4ad6674,South Sudan,Implementing Partner,Prioritise,0.0,MONITOR,0.0,0,0,0,0.00,0.0,NO_VERIFIED_CATALOGUE_MATCH,0,,0.0,NONE,0,0.0,,0.0,MONITOR,No strong commercial signal yet.,Keep on watchlist; revisit when new procurement demand or catalogue-fit evidence appears.,,
acct_3859f59c41a3,Kongwa Trachoma Project (KTP),org_301efc8df1b9,Tanzania,Implementing Partner,Qualify,0.0,MONITOR,0.0,0,0,0,0.00,0.0,NO_VERIFIED_CATALOGUE_MATCH,0,,0.0,NONE,0,0.0,,0.0,MONITOR,No strong commercial signal yet.,Keep on watchlist; revisit when new procurement demand or catalogue-fit evidence appears.,,
acct_709d47a860be,Koninklijk Belgisch Instituut voor Natuurwetenschappen,org_10d2c654e3a3,Democratic Republic of the Congo,Implementing Partner,Qualify,0.0,MONITOR,0.0,0,0,0,0.00,0.0,NO_VERIFIED_CATALOGUE_MATCH,0,,0.0,NONE,0,0.0,,0.0,MONITOR,No strong commercial signal yet.,Keep on watchlist; revisit when new procurement demand or catalogue-fit evidence appears.,,
acct_dede18198ca2,Koninklijk Museum voor Midden-Afrika,org_61d710d5f9a4,Democratic Republic of the Congo,Implementing Partner,Qualify,0.0,MONITOR,0.0,0,0,0,0.00,0.0,NO_VERIFIED_CATALOGUE_MATCH,0,,0.0,NONE,0,0.0,,0.0,MONITOR,No strong commercial signal yet.,Keep on watchlist; revisit when new procurement demand or catalogue-fit evidence appears.,,
acct_f8344c3a1f5c,Konvoi der Hoffnung Oberhausen-Rheinhausen e. V.,org_fed0e053074a,Uganda,Implementing Partner,Qualify,0.0,MONITOR,0.0,0,0,0,0.00,0.0,NO_VERIFIED_CATALOGUE_MATCH,0,,0.0,NONE,0,0.0,,0.0,MONITOR,No strong commercial signal yet.,Keep on watchlist; revisit when new procurement demand or catalogue-fit evidence appears.,,
acct_a9ad3e170937,KOREA INTERN. COOPERATION AGENCY,org_f6ef57ca0563,Uganda,Donor,Research,0.0,MONITOR,0.0,0,0,0,0.00,0.0,NO_VERIFIED_CATALOGUE_MATCH,0,,0.0,NONE,0,0.0,,0.0,MONITOR,No strong commercial signal yet.,Keep on watchlist; revisit when new procurement demand or catalogue-fit evidence appears.,,
acct_b738da4ebc58,Korea International Cooperation Age,org_349b84ba530f,Democratic Republic of the Congo; Tanzania; Kenya,Donor,Prioritise,0.0,MONITOR,0.0,0,0,0,0.00,0.0,NO_VERIFIED_CATALOGUE_MATCH,0,,0.0,NONE,0,0.0,,0.0,MONITOR,No strong commercial signal yet.,Keep on watchlist; revisit when new procurement demand or catalogue-fit evidence appears.,,
acct_5756144ef29d,Korean Committee for UNICEF,org_12aca3f635cc,Somalia,Donor,Prioritise,0.0,MONITOR,0.0,0,0,0,0.00,0.0,NO_VERIFIED_CATALOGUE_MATCH,0,,0.0,NONE,0,0.0,,0.0,MONITOR,No strong commercial signal yet.,Keep on watchlist; revisit when new procurement demand or catalogue-fit evidence appears.,,
acct_face13ac4e0c,Kota Kita,org_1bf9799c8fd2,BE; EG; IE; NP; Rwanda; CH; GB; US; MW; ID; GH; CO; SL; FR; IN; Kenya; MN,Implementing Partner,Qualify,0.0,MONITOR,0.0,0,0,0,0.00,0.0,NO_VERIFIED_CATALOGUE_MATCH,0,,0.0,NONE,0,0.0,,0.0,MONITOR,No strong commercial signal yet.,Keep on watchlist; revisit when new procurement demand or catalogue-fit evidence appears.,,
acct_7e6930faa9dc,KOTIDO DISTRICT LOCAL GOVERNMENT,org_de9d9e0d0ced,Uganda,Implementing Partner,Prioritise,0.0,MONITOR,0.0,0,0,0,0.00,0.0,NO_VERIFIED_CATALOGUE_MATCH,0,,0.0,NONE,0,0.0,,0.0,MONITOR,No strong commercial signal yet.,Keep on watchlist; revisit when new procurement demand or catalogue-fit evidence appears.,,
acct_5b4caed060af,Kounkuey Design Initiative,org_0500d3c8edb2,MW; ID; CH; GH; CO; GB; SL; BE; FR; IN; Kenya; MN; US,Implementing Partner,Qualify,0.0,MONITOR,0.0,0,0,0,0.00,0.0,NO_VERIFIED_CATALOGUE_MATCH,0,,0.0,NONE,0,0.0,,0.0,MONITOR,No strong commercial signal yet.,Keep on watchlist; revisit when new procurement demand or catalogue-fit evidence appears.,,
acct_fe10b0b4409d,KPMG India,org_612389e5bd28,Kenya; KH; NG; Somalia; ZA; VN; ZW; IN; Rwanda; GH; SY; TL; IQ; EG; YE; TH; MW; MY; PH; PK; JO; BD; Ethiopia; MM; South Sudan; Democratic Republic of the Congo; ID; NP; TN; Tanzania,Implementing Partner,Qualify,0.0,MONITOR,0.0,0,0,0,0.00,0.0,NO_VERIFIED_CATALOGUE_MATCH,0,,0.0,NONE,0,0.0,,0.0,MONITOR,No strong commercial signal yet.,Keep on watchlist; revisit when new procurement demand or catalogue-fit evidence appears.,,
acct_49c1b081fc77,KPMG LLP,org_7e298048ca4a,Democratic Republic of the Congo; AO; Rwanda,Implementing Partner,Research,0.0,MONITOR,0.0,0,0,0,0.00,0.0,NO_VERIFIED_CATALOGUE_MATCH,0,,0.0,NONE,0,0.0,,0.0,MONITOR,No strong commercial signal yet.,Keep on watchlist; revisit when new procurement demand or catalogue-fit evidence appears.,,
acct_651612289374,Kreditanstalt für Wiederaufbau (KfW) (Reconstruction Credit Institute),org_55b97553fec7,Uganda; Somalia; Ethiopia,Donor,Qualify,0.0,MONITOR,0.0,0,0,0,0.00,0.0,NO_VERIFIED_CATALOGUE_MATCH,0,,0.0,NONE,0,0.0,,0.0,MONITOR,No strong commercial signal yet.,Keep on watchlist; revisit when new procurement demand or catalogue-fit evidence appears.,,
acct_47a88fd01f62,KU Leuven,org_5293b2e13867,Democratic Republic of the Congo; Tanzania; Kenya; Uganda; Rwanda; Ethiopia,Implementing Partner,Qualify,0.0,MONITOR,0.0,0,0,0,0.00,0.0,NO_VERIFIED_CATALOGUE_MATCH,0,,0.0,NONE,0,0.0,,0.0,MONITOR,No strong commercial signal yet.,Keep on watchlist; revisit when new procurement demand or catalogue-fit evidence appears.,,
acct_d6c1af9f1236,"Kumasi Centre for Collaboration and Research in Tropical Medicine, Kwame Nkrumah University of Science and Technology",org_44ba0c53a774,GB; Ethiopia,Implementing Partner,Qualify,0.0,MONITOR,0.0,0,0,0,0.00,0.0,NO_VERIFIED_CATALOGUE_MATCH,0,,0.0,NONE,0,0.0,,0.0,MONITOR,No strong commercial signal yet.,Keep on watchlist; revisit when new procurement demand or catalogue-fit evidence appears.,,
acct_d6c1af9f1236,"Kumasi Centre for Collaboration and Research in Tropical Medicine, Kwame Nkrumah University of Science and Technology",org_44ba0c53a774,Ethiopia; GH; GB,Implementing Partner,Research,0.0,MONITOR,0.0,0,0,0,0.00,0.0,NO_VERIFIED_CATALOGUE_MATCH,0,,0.0,NONE,0,0.0,,0.0,MONITOR,No strong commercial signal yet.,Keep on watchlist; revisit when new procurement demand or catalogue-fit evidence appears.,,
acct_4ca559f87868,Kuwait,org_b534bbf394de,South Sudan,Donor,Prioritise,0.0,MONITOR,0.0,0,0,0,0.00,0.0,NO_VERIFIED_CATALOGUE_MATCH,0,,0.0,NONE,0,0.0,,0.0,MONITOR,No strong commercial signal yet.,Keep on watchlist; revisit when new procurement demand or catalogue-fit evidence appears.,,
acct_9ff4fcb68b8b,Kuwait Institute for Scientific Research (KISR),org_1567e94aec02,Kenya; KR; MN; KH; LA; TH; IN; KG; MK; TJ; UZ; RS; KW; PS; SA,Implementing Partner,Qualify,0.0,MONITOR,0.0,0,0,0,0.00,0.0,NO_VERIFIED_CATALOGUE_MATCH,0,,0.0,NONE,0,0.0,,0.0,MONITOR,No strong commercial signal yet.,Keep on watchlist; revisit when new procurement demand or catalogue-fit evidence appears.,,
acct_a9aae1d77601,Kwame Nkrumah University,org_96356b4b3a26,MW; ID; CH; GH; CO; GB; SL; BE; FR; IN; Kenya; MN; US,Implementing Partner,Qualify,0.0,MONITOR,0.0,0,0,0,0.00,0.0,NO_VERIFIED_CATALOGUE_MATCH,0,,0.0,NONE,0,0.0,,0.0,MONITOR,No strong commercial signal yet.,Keep on watchlist; revisit when new procurement demand or catalogue-fit evidence appears.,,
acct_91c719620ad2,Kwame Nkrumah University of Science and Technology,org_1851a5ed9caa,GB; GH; Kenya; ZA,Implementing Partner,Monitor,0.0,MONITOR,0.0,0,0,0,0.00,0.0,NO_VERIFIED_CATALOGUE_MATCH,0,,0.0,NONE,0,0.0,,0.0,MONITOR,No strong commercial signal yet.,Keep on watchlist; revisit when new procurement demand or catalogue-fit evidence appears.,,
acct_09525608c34c,"Kwame Nkrumah University of Science & Technology (KNUST), Ghana",org_e87dc5db3224,CM; Ethiopia; GH; Kenya; MW; NG; ZA; SD; Tanzania; Uganda; NZ; GB,Implementing Partner,Qualify,0.0,MONITOR,0.0,0,0,0,0.00,0.0,NO_VERIFIED_CATALOGUE_MATCH,0,,0.0,NONE,0,0.0,,0.0,MONITOR,No strong commercial signal yet.,Keep on watchlist; revisit when new procurement demand or catalogue-fit evidence appears.,,
acct_d6e79b75ae2b,Kyambogo University,org_589dc9e62cb8,Uganda,Implementing Partner,Qualify,0.0,MONITOR,0.0,0,0,0,0.00,0.0,NO_VERIFIED_CATALOGUE_MATCH,0,,0.0,NONE,0,0.0,,0.0,MONITOR,No strong commercial signal yet.,Keep on watchlist; revisit when new procurement demand or catalogue-fit evidence appears.,,
acct_20bd6bf768a9,KYAMBOGO UNIVERSITY UNICEF ACCOUNT,org_ce5168cb8e7e,Uganda,Implementing Partner,Prioritise,0.0,MONITOR,0.0,0,0,0,0.00,0.0,NO_VERIFIED_CATALOGUE_MATCH,0,,0.0,NONE,0,0.0,,0.0,MONITOR,No strong commercial signal yet.,Keep on watchlist; revisit when new procurement demand or catalogue-fit evidence appears.,,
acct_0559d34d98e3,Kybele,org_d32ea00561ef,BD; GH; KI; SL; Tanzania,Implementing Partner,Research,0.0,MONITOR,0.0,0,0,0,0.00,0.0,NO_VERIFIED_CATALOGUE_MATCH,0,,0.0,NONE,0,0.0,,0.0,MONITOR,No strong commercial signal yet.,Keep on watchlist; revisit when new procurement demand or catalogue-fit evidence appears.,,
acct_17917cccd45d,KYEGEGWA DISTRICT UNICEF,org_e16becbb372a,Uganda,Implementing Partner,Prioritise,0.0,MONITOR,0.0,0,0,0,0.00,0.0,NO_VERIFIED_CATALOGUE_MATCH,0,,0.0,NONE,0,0.0,,0.0,MONITOR,No strong commercial signal yet.,Keep on watchlist; revisit when new procurement demand or catalogue-fit evidence appears.,,
acct_eb26d6e0d997,KYELA DISTRICT COUNCIL,org_355a42c2d5e4,Tanzania,Implementing Partner,Prioritise,0.0,MONITOR,0.0,0,0,0,0.00,0.0,NO_VERIFIED_CATALOGUE_MATCH,0,,0.0,NONE,0,0.0,,0.0,MONITOR,No strong commercial signal yet.,Keep on watchlist; revisit when new procurement demand or catalogue-fit evidence appears.,,
acct_ae98eaa874f0,KZE - Katholische Zentralstelle für Entwicklungshilfe e.V.,org_4a372636dd05,Democratic Republic of the Congo; South Sudan; Kenya; Uganda; Ethiopia,Accountable Agency,Qualify,0.0,MONITOR,0.0,0,0,0,0.00,0.0,NO_VERIFIED_CATALOGUE_MATCH,0,,0.0,NONE,0,0.0,,0.0,MONITOR,No strong commercial signal yet.,Keep on watchlist; revisit when new procurement demand or catalogue-fit evidence appears.,,
acct_ac8b0891b450,L'AMIE,org_ca193794a03e,Rwanda,Implementing Partner,Prioritise,0.0,MONITOR,0.0,0,0,0,0.00,0.0,NO_VERIFIED_CATALOGUE_MATCH,0,,0.0,NONE,0,0.0,,0.0,MONITOR,No strong commercial signal yet.,Keep on watchlist; revisit when new procurement demand or catalogue-fit evidence appears.,,
acct_728fb17c0a81,Laerdal Global Health,org_93e4e8d4eea1,Ethiopia; Somalia; Tanzania; Kenya,Donor,Prioritise,0.0,MONITOR,0.0,0,0,0,0.00,0.0,NO_VERIFIED_CATALOGUE_MATCH,0,,0.0,NONE,0,0.0,,0.0,MONITOR,No strong commercial signal yet.,Keep on watchlist; revisit when new procurement demand or catalogue-fit evidence appears.,,
acct_eb0998cf927a,LAMU COUNTY GOVERNMENT,org_be7349ce1669,Kenya,Implementing Partner,Prioritise,0.0,MONITOR,0.0,0,0,0,0.00,0.0,NO_VERIFIED_CATALOGUE_MATCH,0,,0.0,NONE,0,0.0,,0.0,MONITOR,No strong commercial signal yet.,Keep on watchlist; revisit when new procurement demand or catalogue-fit evidence appears.,,
acct_9575c4631d06,Lancaster University,org_d184456ac0e4,CM; Ethiopia; GH; Kenya; MW; NG; ZA; SD; Tanzania; Uganda; NZ; GB,Implementing Partner,Qualify,0.0,MONITOR,0.0,0,0,0,0.00,0.0,NO_VERIFIED_CATALOGUE_MATCH,0,,0.0,NONE,0,0.0,,0.0,MONITOR,No strong commercial signal yet.,Keep on watchlist; revisit when new procurement demand or catalogue-fit evidence appears.,,
acct_f4428fc8b036,Last Mile Health,org_7ab660e8c633,Ethiopia,Implementing Partner,Prioritise,0.0,MONITOR,0.0,0,0,0,0.00,0.0,NO_VERIFIED_CATALOGUE_MATCH,0,,0.0,NONE,0,0.0,,0.0,MONITOR,No strong commercial signal yet.,Keep on watchlist; revisit when new procurement demand or catalogue-fit evidence appears.,,
acct_bb91faf7b79b,LE Costs,org_73790c02115b,Kenya; KH; NG; Somalia; ZA; VN; ZW; IN; Rwanda; GH; SY; TL; IQ; EG; YE; TH; MW; MY; PH; PK; JO; BD; Ethiopia; MM; South Sudan; Democratic Republic of the Congo; ID; NP; TN; Tanzania,Implementing Partner,Qualify,0.0,MONITOR,0.0,0,0,0,0.00,0.0,NO_VERIFIED_CATALOGUE_MATCH,0,,0.0,NONE,0,0.0,,0.0,MONITOR,No strong commercial signal yet.,Keep on watchlist; revisit when new procurement demand or catalogue-fit evidence appears.,,
acct_138ee7f369d1,Legacy of War Foundation,org_7ae0b3257388,GB; LK; LB; Rwanda,Implementing Partner,Qualify,0.0,MONITOR,0.0,0,0,0,0.00,0.0,NO_VERIFIED_CATALOGUE_MATCH,0,,0.0,NONE,0,0.0,,0.0,MONITOR,No strong commercial signal yet.,Keep on watchlist; revisit when new procurement demand or catalogue-fit evidence appears.,,
acct_c20ca63c4bba,LEGO Fonden,org_e89be5c84429,Rwanda; Ethiopia,Donor,Prioritise,0.0,MONITOR,0.0,0,0,0,0.00,0.0,NO_VERIFIED_CATALOGUE_MATCH,0,,0.0,NONE,0,0.0,,0.0,MONITOR,No strong commercial signal yet.,Keep on watchlist; revisit when new procurement demand or catalogue-fit evidence appears.,,
acct_9d6d53b6c1cf,LEGO Foundation,org_64129eabd7a5,Tanzania,Donor,Prioritise,0.0,MONITOR,0.0,0,0,0,0.00,0.0,NO_VERIFIED_CATALOGUE_MATCH,0,,0.0,NONE,0,0.0,,0.0,MONITOR,No strong commercial signal yet.,Keep on watchlist; revisit when new procurement demand or catalogue-fit evidence appears.,,
acct_00e7df16794c,Leonard Cheshire Disability,org_8644851ba601,Kenya; ZW; Uganda; Democratic Republic of the Congo; Ethiopia; GH; MZ; NP; NG; Rwanda; SL; Tanzania; ZM,Implementing Partner,Qualify,0.0,MONITOR,0.0,0,0,0,0.00,0.0,NO_VERIFIED_CATALOGUE_MATCH,0,,0.0,NONE,0,0.0,,0.0,MONITOR,No strong commercial signal yet.,Keep on watchlist; revisit when new procurement demand or catalogue-fit evidence appears.,,
acct_8bd12278f91d,LIFE SKILLS DEVELOPMENT AGENCY,org_03a8ac1d9c0d,South Sudan,Implementing Partner,Prioritise,0.0,MONITOR,0.0,0,0,0,0.00,0.0,NO_VERIFIED_CATALOGUE_MATCH,0,,0.0,NONE,0,0.0,,0.0,MONITOR,No strong commercial signal yet.,Keep on watchlist; revisit when new procurement demand or catalogue-fit evidence appears.,,
acct_e8e53fd45284,LIGHT FOR THE WORLD INTERNATIONAL,org_e6f625290b48,Ethiopia,Implementing Partner,Prioritise,0.0,MONITOR,0.0,0,0,0,0.00,0.0,NO_VERIFIED_CATALOGUE_MATCH,0,,0.0,NONE,0,0.0,,0.0,MONITOR,No strong commercial signal yet.,Keep on watchlist; revisit when new procurement demand or catalogue-fit evidence appears.,,
acct_eeb645764f93,Lillian Lincoln foundation,org_a7bc4a30bfe4,Kenya; NL,Donor,Qualify,0.0,MONITOR,0.0,0,0,0,0.00,0.0,NO_VERIFIED_CATALOGUE_MATCH,0,,0.0,NONE,0,0.0,,0.0,MONITOR,No strong commercial signal yet.,Keep on watchlist; revisit when new procurement demand or catalogue-fit evidence appears.,,
acct_55648bbf6112,Link Community Development,org_9ba14c363b13,Kenya; ZW; Uganda; Democratic Republic of the Congo; Ethiopia; GH; MZ; NP; NG; Rwanda; SL; Tanzania; ZM; PK; MW,Implementing Partner,Qualify,0.0,MONITOR,0.0,0,0,0,0.00,0.0,NO_VERIFIED_CATALOGUE_MATCH,0,,0.0,NONE,0,0.0,,0.0,MONITOR,No strong commercial signal yet.,Keep on watchlist; revisit when new procurement demand or catalogue-fit evidence appears.,,
acct_d8c4afe4d301,LIONS HEAD GLOBAL PARTNERS,org_70247eace3fa,MY; PH; Kenya; TH,Implementing Partner,Monitor,0.0,MONITOR,0.0,0,0,0,0.00,0.0,NO_VERIFIED_CATALOGUE_MATCH,0,,0.0,NONE,0,0.0,,0.0,MONITOR,No strong commercial signal yet.,Keep on watchlist; revisit when new procurement demand or catalogue-fit evidence appears.,,
acct_6db11bfe971a,Liverpool School of Tropical Medicine,org_b22eba63ac5b,South Sudan; AO; TD; GN; CI; SL; Uganda; GB; Kenya; NG; MW; GH; CM; Ethiopia; ZA; SD; Tanzania; NZ; IN; ZW; KH,Implementing Partner,Prioritise,0.0,MONITOR,0.0,0,0,0,0.00,0.0,NO_VERIFIED_CATALOGUE_MATCH,0,,0.0,NONE,0,0.0,,0.0,MONITOR,No strong commercial signal yet.,Keep on watchlist; revisit when new procurement demand or catalogue-fit evidence appears.,,
acct_6db11bfe971a,Liverpool School of Tropical Medicine,org_b22eba63ac5b,Kenya; MW; ZA; Tanzania,Implementing Partner,Qualify,0.0,MONITOR,0.0,0,0,0,0.00,0.0,NO_VERIFIED_CATALOGUE_MATCH,0,,0.0,NONE,0,0.0,,0.0,MONITOR,No strong commercial signal yet.,Keep on watchlist; revisit when new procurement demand or catalogue-fit evidence appears.,,
acct_b4cd03537423,LIVEWELL SOUTH SUDAN ORGANIZATION,org_f664ba9efaa6,South Sudan,Implementing Partner,Qualify,0.0,MONITOR,0.0,0,0,0,0.00,0.0,NO_VERIFIED_CATALOGUE_MATCH,0,,0.0,NONE,0,0.0,,0.0,MONITOR,No strong commercial signal yet.,Keep on watchlist; revisit when new procurement demand or catalogue-fit evidence appears.,,
acct_f4309f2eb6d7,Local Administrative Entities Development Agency,org_3aaa7c1fd7b4,Rwanda,Implementing Partner,Research,0.0,MONITOR,0.0,0,0,0,0.00,0.0,NO_VERIFIED_CATALOGUE_MATCH,0,,0.0,NONE,0,0.0,,0.0,MONITOR,No strong commercial signal yet.,Keep on watchlist; revisit when new procurement demand or catalogue-fit evidence appears.,proc_b9416d0ddaca89b5,
acct_31cd6b868e2b,London School of Economics and Political Science,org_5582e1f1b7c8,Kenya; KH; NG; Somalia; ZA; VN; ZW; IN; Rwanda; GH; SY; TL; IQ; EG; YE; TH; MW; MY; PH; PK; JO; BD; Ethiopia; MM; South Sudan; Democratic Republic of the Congo; ID; NP; TN; Tanzania,Implementing Partner,Qualify,0.0,MONITOR,0.0,0,0,0,0.00,0.0,NO_VERIFIED_CATALOGUE_MATCH,0,,0.0,NONE,0,0.0,,0.0,MONITOR,No strong commercial signal yet.,Keep on watchlist; revisit when new procurement demand or catalogue-fit evidence appears.,,
acct_7933c1f504f7,London School of Hygiene and Tropical Medicine,org_a3c56bc3164e,Ethiopia; MG; GB; GM; Kenya; MW; Uganda; Somalia; BD; JO; AF; BE; FJ; ID; LK; IN; ZA; CH; GH; CI; NG; BW; Democratic Republic of the Congo; GN; MZ; VN; Tanzania; SL; NL,Implementing Partner,Prioritise,0.0,MONITOR,0.0,0,0,0,0.00,0.0,NO_VERIFIED_CATALOGUE_MATCH,0,,0.0,NONE,0,0.0,,0.0,MONITOR,No strong commercial signal yet.,Keep on watchlist; revisit when new procurement demand or catalogue-fit evidence appears.,,
acct_7933c1f504f7,London School of Hygiene and Tropical Medicine,org_a3c56bc3164e,GB; GM; Kenya; BD; GH; KH; ZA; Ethiopia; MW; SN; Uganda; IN; ZW; PE; TH; SY; MM; AR; VN; ZM; BR; LA; PK; Rwanda; Democratic Republic of the Congo; NG; Somalia; TL; IQ; EG; YE; MY; PH; JO; South Sudan; ID; NP; TN; Tanzania,Implementing Partner,Prioritise,0.0,MONITOR,0.0,0,0,0,0.00,0.0,NO_VERIFIED_CATALOGUE_MATCH,0,,0.0,NONE,0,0.0,,0.0,MONITOR,No strong commercial signal yet.,Keep on watchlist; revisit when new procurement demand or catalogue-fit evidence appears.,,
acct_7933c1f504f7,London School of Hygiene and Tropical Medicine,org_a3c56bc3164e,Kenya; KH; NG; Somalia; ZA; VN; ZW; IN; Rwanda; GH; SY; TL; IQ; EG; YE; TH; MW; MY; PH; PK; JO; BD; Ethiopia; MM; South Sudan; Democratic Republic of the Congo; ID; NP; TN; Tanzania; Uganda,Implementing Partner,Research,0.0,MONITOR,0.0,0,0,0,0.00,0.0,NO_VERIFIED_CATALOGUE_MATCH,0,,0.0,NONE,0,0.0,,0.0,MONITOR,No strong commercial signal yet.,Keep on watchlist; revisit when new procurement demand or catalogue-fit evidence appears.,,
acct_7933c1f504f7,London School of Hygiene and Tropical Medicine,org_a3c56bc3164e,Ethiopia; GH; GB,Accountable Agency,Research,0.0,MONITOR,0.0,0,0,0,0.00,0.0,NO_VERIFIED_CATALOGUE_MATCH,0,,0.0,NONE,0,0.0,,0.0,MONITOR,No strong commercial signal yet.,Keep on watchlist; revisit when new procurement demand or catalogue-fit evidence appears.,,
acct_3020347303af,London School of Hygiene & Tropical Medicine,org_2084c1c898dd,MW; Uganda; GB; Kenya; NG,Implementing Partner,Prioritise,0.0,MONITOR,0.0,0,0,0,0.00,0.0,NO_VERIFIED_CATALOGUE_MATCH,0,,0.0,NONE,0,0.0,,0.0,MONITOR,No strong commercial signal yet.,Keep on watchlist; revisit when new procurement demand or catalogue-fit evidence appears.,,
acct_f3b02793a4af,LONDON STOCK EXCHANGE PLC,org_67ca6ebd37c6,MY; PH; Kenya; TH,Implementing Partner,Monitor,0.0,MONITOR,0.0,0,0,0,0.00,0.0,NO_VERIFIED_CATALOGUE_MATCH,0,,0.0,NONE,0,0.0,,0.0,MONITOR,No strong commercial signal yet.,Keep on watchlist; revisit when new procurement demand or catalogue-fit evidence appears.,,
acct_ad3e06f8f690,Loterie Nationale,org_4e3d0608e83c,Democratic Republic of the Congo,Donor,Research,0.0,MONITOR,0.0,0,0,0,0.00,0.0,NO_VERIFIED_CATALOGUE_MATCH,0,,0.0,NONE,0,0.0,,0.0,MONITOR,No strong commercial signal yet.,Keep on watchlist; revisit when new procurement demand or catalogue-fit evidence appears.,,
acct_ccfb5cf82547,Loughborough University,org_a1859639b42b,MW; ID; CH; GH; CO; GB; SL; BE; FR; IN; Kenya; MN; US,Implementing Partner,Qualify,0.0,MONITOR,0.0,0,0,0,0.00,0.0,NO_VERIFIED_CATALOGUE_MATCH,0,,0.0,NONE,0,0.0,,0.0,MONITOR,No strong commercial signal yet.,Keep on watchlist; revisit when new procurement demand or catalogue-fit evidence appears.,,
acct_ccfb5cf82547,Loughborough University,org_a1859639b42b,Kenya; KH; NG; Somalia; ZA; VN; ZW; IN; Rwanda; GH; SY; TL; IQ; EG; YE; TH; MW; MY; PH; PK; JO; BD; Ethiopia; MM; South Sudan; Democratic Republic of the Congo; ID; NP; TN; Tanzania,Implementing Partner,Qualify,0.0,MONITOR,0.0,0,0,0,0.00,0.0,NO_VERIFIED_CATALOGUE_MATCH,0,,0.0,NONE,0,0.0,,0.0,MONITOR,No strong commercial signal yet.,Keep on watchlist; revisit when new procurement demand or catalogue-fit evidence appears.,,
acct_1da770591c2e,Louvain Coopération,org_de78bf2fb1d2,Democratic Republic of the Congo,Donor,Prioritise,0.0,MONITOR,0.0,0,0,0,0.00,0.0,NO_VERIFIED_CATALOGUE_MATCH,0,,0.0,NONE,0,0.0,,0.0,MONITOR,No strong commercial signal yet.,Keep on watchlist; revisit when new procurement demand or catalogue-fit evidence appears.,,
acct_8492ba1836df,LSHTM,org_a08987a2ac16,GB; SL; Ethiopia; Uganda; NL; MG,Implementing Partner,Monitor,0.0,MONITOR,0.0,0,0,0,0.00,0.0,NO_VERIFIED_CATALOGUE_MATCH,0,,0.0,NONE,0,0.0,,0.0,MONITOR,No strong commercial signal yet.,Keep on watchlist; revisit when new procurement demand or catalogue-fit evidence appears.,,
acct_d7d3edd2b888,LTS International Ltd,org_6e42dcd9c1b5,Ethiopia; Kenya; KH; NG; Somalia; ZA; VN; ZW; IN; Rwanda; GH; SY; TL; IQ; EG; YE; TH; MW; MY; PH; PK; JO; BD; MM; South Sudan; Democratic Republic of the Congo; ID; NP; TN; Tanzania,Implementing Partner,Qualify,0.0,MONITOR,0.0,0,0,0,0.00,0.0,NO_VERIFIED_CATALOGUE_MATCH,0,,0.0,NONE,0,0.0,,0.0,MONITOR,No strong commercial signal yet.,Keep on watchlist; revisit when new procurement demand or catalogue-fit evidence appears.,,
acct_9ea0e013f23b,LUGOR AND CO ADVOCATES,org_13876e926c16,South Sudan,Implementing Partner,Prioritise,0.0,MONITOR,0.0,0,0,0,0.00,0.0,NO_VERIFIED_CATALOGUE_MATCH,0,,0.0,NONE,0,0.0,,0.0,MONITOR,No strong commercial signal yet.,Keep on watchlist; revisit when new procurement demand or catalogue-fit evidence appears.,,
acct_f610ef845b60,Lutheran World Federation,org_d745678846f5,Ethiopia,Implementing Partner,Research,0.0,MONITOR,0.0,0,0,0,0.00,0.0,NO_VERIFIED_CATALOGUE_MATCH,0,,0.0,NONE,0,0.0,,0.0,MONITOR,No strong commercial signal yet.,Keep on watchlist; revisit when new procurement demand or catalogue-fit evidence appears.,,
acct_8672602e6115,Lutheran World Federation (LWF),org_1eed3e617a68,Ethiopia,Implementing Partner,Research,0.0,MONITOR,0.0,0,0,0,0.00,0.0,NO_VERIFIED_CATALOGUE_MATCH,0,,0.0,NONE,0,0.0,,0.0,MONITOR,No strong commercial signal yet.,Keep on watchlist; revisit when new procurement demand or catalogue-fit evidence appears.,,
acct_de038cbb5b31,Luxembourg,org_c4497912a6b8,Kenya,Donor,Prioritise,0.0,MONITOR,0.0,0,0,0,0.00,0.0,NO_VERIFIED_CATALOGUE_MATCH,0,,0.0,NONE,0,0.0,,0.0,MONITOR,No strong commercial signal yet.,Keep on watchlist; revisit when new procurement demand or catalogue-fit evidence appears.,,
acct_c5ae895c0abd,Luxembourg Committee for UNICEF,org_1cc78ddec226,Ethiopia; Somalia; Democratic Republic of the Congo; Kenya,Donor,Qualify,0.0,MONITOR,0.0,0,0,0,0.00,0.0,NO_VERIFIED_CATALOGUE_MATCH,0,,0.0,NONE,0,0.0,,0.0,MONITOR,No strong commercial signal yet.,Keep on watchlist; revisit when new procurement demand or catalogue-fit evidence appears.,,
acct_28ef5b0c089f,Luxembourg Ministry for Sustainable Development and Infrastructure,org_456b035263d6,Somalia,Donor,Prioritise,0.0,MONITOR,0.0,0,0,0,0.00,0.0,NO_VERIFIED_CATALOGUE_MATCH,0,,0.0,NONE,0,0.0,,0.0,MONITOR,No strong commercial signal yet.,Keep on watchlist; revisit when new procurement demand or catalogue-fit evidence appears.,,
acct_6a282a680b9e,LVCT Health,org_1d4e3d8698e4,Kenya,Implementing Partner,Prioritise,0.0,MONITOR,0.0,0,0,0,0.00,0.0,NO_VERIFIED_CATALOGUE_MATCH,0,,0.0,NONE,0,0.0,,0.0,MONITOR,No strong commercial signal yet.,Keep on watchlist; revisit when new procurement demand or catalogue-fit evidence appears.,,
acct_ea66bba4b2be,Médecins Sans Vacances,org_bdd360363c78,Democratic Republic of the Congo,Implementing Partner,Qualify,0.0,MONITOR,0.0,0,0,0,0.00,0.0,NO_VERIFIED_CATALOGUE_MATCH,0,,0.0,NONE,0,0.0,,0.0,MONITOR,No strong commercial signal yet.,Keep on watchlist; revisit when new procurement demand or catalogue-fit evidence appears.,,
acct_37a10fb64405,Maastricht University,org_56f6706f5e90,Kenya,Implementing Partner,Monitor,0.0,MONITOR,0.0,0,0,0,0.00,0.0,NO_VERIFIED_CATALOGUE_MATCH,0,,0.0,NONE,0,0.0,,0.0,MONITOR,No strong commercial signal yet.,Keep on watchlist; revisit when new procurement demand or catalogue-fit evidence appears.,,
acct_9100cc800c88,Maastricht University School of Health Professions Education SHE Collaborates (SHEC),org_97004f146566,Kenya,Accountable Agency,Monitor,0.0,MONITOR,0.0,0,0,0,0.00,0.0,NO_VERIFIED_CATALOGUE_MATCH,0,,0.0,NONE,0,0.0,,0.0,MONITOR,No strong commercial signal yet.,Keep on watchlist; revisit when new procurement demand or catalogue-fit evidence appears.,,
acct_56305f060d48,MAGNA ENFANTS EN PERIL,org_a08a6348135e,Democratic Republic of the Congo,Implementing Partner,Prioritise,0.0,MONITOR,0.0,0,0,0,0.00,0.0,NO_VERIFIED_CATALOGUE_MATCH,0,,0.0,NONE,0,0.0,,0.0,MONITOR,No strong commercial signal yet.,Keep on watchlist; revisit when new procurement demand or catalogue-fit evidence appears.,,
acct_26e6309c2b25,Mainline,org_896140535264,Kenya; Tanzania,Donor,Qualify,0.0,MONITOR,0.0,0,0,0,0.00,0.0,NO_VERIFIED_CATALOGUE_MATCH,0,,0.0,NONE,0,0.0,,0.0,MONITOR,No strong commercial signal yet.,Keep on watchlist; revisit when new procurement demand or catalogue-fit evidence appears.,,
acct_ee4c22d014bb,Mainline Foundation,org_15eae19fcb51,Kenya; Tanzania,Reporting Organisation,Qualify,0.0,MONITOR,0.0,0,0,0,0.00,0.0,NO_VERIFIED_CATALOGUE_MATCH,0,,0.0,NONE,0,0.0,,0.0,MONITOR,No strong commercial signal yet.,Keep on watchlist; revisit when new procurement demand or catalogue-fit evidence appears.,,
acct_f2714b004d72,Maisha Meds,org_dd58afd9961a,Kenya; NG; Tanzania; Uganda,Implementing Partner,Prioritise,0.0,MONITOR,0.0,0,0,0,0.00,0.0,NO_VERIFIED_CATALOGUE_MATCH,0,,0.0,NONE,0,0.0,,0.0,MONITOR,No strong commercial signal yet.,Keep on watchlist; revisit when new procurement demand or catalogue-fit evidence appears.,,
acct_40157487cee7,MAKAMBAKO TOWN COUNCIL,org_9677dddcf543,Tanzania,Implementing Partner,Prioritise,0.0,MONITOR,0.0,0,0,0,0.00,0.0,NO_VERIFIED_CATALOGUE_MATCH,0,,0.0,NONE,0,0.0,,0.0,MONITOR,No strong commercial signal yet.,Keep on watchlist; revisit when new procurement demand or catalogue-fit evidence appears.,,
acct_6f8ea141db61,Makerere Lung Institute,org_f9668366708d,Kenya; Rwanda; Uganda; Tanzania; CM; GB,Implementing Partner,Qualify,0.0,MONITOR,0.0,0,0,0,0.00,0.0,NO_VERIFIED_CATALOGUE_MATCH,0,,0.0,NONE,0,0.0,,0.0,MONITOR,No strong commercial signal yet.,Keep on watchlist; revisit when new procurement demand or catalogue-fit evidence appears.,,
acct_9ede789d90b3,Makerere University,org_6df9b2522652,Uganda; Kenya; GB; ZA; Tanzania,Implementing Partner,Prioritise,0.0,MONITOR,0.0,0,0,0,0.00,0.0,NO_VERIFIED_CATALOGUE_MATCH,0,,0.0,NONE,0,0.0,,0.0,MONITOR,No strong commercial signal yet.,Keep on watchlist; revisit when new procurement demand or catalogue-fit evidence appears.,,
acct_412402b8d56e,Makerere University School of Public Health,org_fceaccd7dfae,Uganda; GB; Kenya; NG; MW,Implementing Partner,Prioritise,0.0,MONITOR,0.0,0,0,0,0.00,0.0,NO_VERIFIED_CATALOGUE_MATCH,0,,0.0,NONE,0,0.0,,0.0,MONITOR,No strong commercial signal yet.,Keep on watchlist; revisit when new procurement demand or catalogue-fit evidence appears.,,
acct_f512fb9f61f0,"Makerere University, Uganda",org_a4acb656a7d1,CM; Ethiopia; GH; Kenya; MW; NG; ZA; SD; Tanzania; Uganda; NZ; GB; SL; NL; MG,Implementing Partner,Research,0.0,MONITOR,0.0,0,0,0,0.00,0.0,NO_VERIFIED_CATALOGUE_MATCH,0,,0.0,NONE,0,0.0,,0.0,MONITOR,No strong commercial signal yet.,Keep on watchlist; revisit when new procurement demand or catalogue-fit evidence appears.,,
acct_f0d2772c1f6c,MAKETE DISTRICT COUNCIL,org_0fe2df0005e6,Tanzania,Implementing Partner,Prioritise,0.0,MONITOR,0.0,0,0,0,0.00,0.0,NO_VERIFIED_CATALOGUE_MATCH,0,,0.0,NONE,0,0.0,,0.0,MONITOR,No strong commercial signal yet.,Keep on watchlist; revisit when new procurement demand or catalogue-fit evidence appears.,,
acct_7323897c3e39,MALARIA CONSORTIUM,org_8115a4cf873d,Uganda,Implementing Partner,Prioritise,0.0,MONITOR,0.0,0,0,0,0.00,0.0,NO_VERIFIED_CATALOGUE_MATCH,0,,0.0,NONE,0,0.0,,0.0,MONITOR,No strong commercial signal yet.,Keep on watchlist; revisit when new procurement demand or catalogue-fit evidence appears.,,
acct_7323897c3e39,Malaria Consortium,org_8115a4cf873d,South Sudan; Uganda; Ethiopia; GM; GH; BF; Kenya; SD; ZM; NG; GW; TD; MZ; TG; GB; MW; Tanzania,Donor,Prioritise,0.0,MONITOR,0.0,0,0,0,0.00,0.0,NO_VERIFIED_CATALOGUE_MATCH,0,,0.0,NONE,0,0.0,,0.0,MONITOR,No strong commercial signal yet.,Keep on watchlist; revisit when new procurement demand or catalogue-fit evidence appears.,,
acct_02390181364a,Malaria Consortium US Inc,org_79620da9f812,South Sudan; Uganda; Ethiopia,Donor,Prioritise,0.0,MONITOR,0.0,0,0,0,0.00,0.0,NO_VERIFIED_CATALOGUE_MATCH,0,,0.0,NONE,0,0.0,,0.0,MONITOR,No strong commercial signal yet.,Keep on watchlist; revisit when new procurement demand or catalogue-fit evidence appears.,,
acct_dd90c59e4e68,Malaria Partners International,org_199567bdb918,ZW; Uganda; ZM,Implementing Partner,Prioritise,0.0,MONITOR,0.0,0,0,0,0.00,0.0,NO_VERIFIED_CATALOGUE_MATCH,0,,0.0,NONE,0,0.0,,0.0,MONITOR,No strong commercial signal yet.,Keep on watchlist; revisit when new procurement demand or catalogue-fit evidence appears.,,
acct_f3cb77dd9a77,Malawi Epidemiology & Intervention Research Unit,org_ec750b820212,GB; Uganda; CM; ZA; MW,Implementing Partner,Prioritise,0.0,MONITOR,0.0,0,0,0,0.00,0.0,NO_VERIFIED_CATALOGUE_MATCH,0,,0.0,NONE,0,0.0,,0.0,MONITOR,No strong commercial signal yet.,Keep on watchlist; revisit when new procurement demand or catalogue-fit evidence appears.,,
acct_e916b8ffd294,Malawi-Liverpool Wellcome Programme,org_92fa1dbbc5b4,MW; Uganda; Kenya,Implementing Partner,Prioritise,0.0,MONITOR,0.0,0,0,0,0.00,0.0,NO_VERIFIED_CATALOGUE_MATCH,0,,0.0,NONE,0,0.0,,0.0,MONITOR,No strong commercial signal yet.,Keep on watchlist; revisit when new procurement demand or catalogue-fit evidence appears.,,
acct_6c55b261fd61,Malawi-Liverpool-Wellcome Trust Clinical Research Programme,org_557ac71e418f,GB; MW; Kenya; GH; CI; NG,Implementing Partner,Prioritise,0.0,MONITOR,0.0,0,0,0,0.00,0.0,NO_VERIFIED_CATALOGUE_MATCH,0,,0.0,NONE,0,0.0,,0.0,MONITOR,No strong commercial signal yet.,Keep on watchlist; revisit when new procurement demand or catalogue-fit evidence appears.,,
acct_a2808182501a,Malawi Liverpool Wellcome Trust clinical Research Unit,org_baff44e1057d,BW; Democratic Republic of the Congo; GN; MW; MZ; ZA; VN,Implementing Partner,Prioritise,0.0,MONITOR,0.0,0,0,0,0.00,0.0,NO_VERIFIED_CATALOGUE_MATCH,0,,0.0,NONE,0,0.0,,0.0,MONITOR,No strong commercial signal yet.,Keep on watchlist; revisit when new procurement demand or catalogue-fit evidence appears.,,
acct_416dbd054d81,"Malawi Liverpool Wellcome Trust Programme, Malawi",org_efae25d3b670,GB; Kenya; NG; MW; Uganda; CM; Ethiopia; GH; ZA; SD; Tanzania; NZ,Implementing Partner,Qualify,0.0,MONITOR,0.0,0,0,0,0.00,0.0,NO_VERIFIED_CATALOGUE_MATCH,0,,0.0,NONE,0,0.0,,0.0,MONITOR,No strong commercial signal yet.,Keep on watchlist; revisit when new procurement demand or catalogue-fit evidence appears.,,
acct_9803a36a228e,Malawi University of Science & Technology,org_4f190b98eb44,MW; ZA; Tanzania,Implementing Partner,Research,0.0,MONITOR,0.0,0,0,0,0.00,0.0,NO_VERIFIED_CATALOGUE_MATCH,0,,0.0,NONE,0,0.0,,0.0,MONITOR,No strong commercial signal yet.,Keep on watchlist; revisit when new procurement demand or catalogue-fit evidence appears.,,
acct_d68ed4f20ce1,Malsen Medical AS,org_57ca5f0b1b74,Kenya,Implementing Partner,Qualify,0.0,MONITOR,0.0,0,0,0,0.00,0.0,NO_VERIFIED_CATALOGUE_MATCH,0,,0.0,NONE,0,0.0,,0.0,MONITOR,No strong commercial signal yet.,Keep on watchlist; revisit when new procurement demand or catalogue-fit evidence appears.,,
acct_83630b421884,Malta,org_93da36c7dc57,Ethiopia,Donor,Prioritise,0.0,MONITOR,0.0,0,0,0,0.00,0.0,NO_VERIFIED_CATALOGUE_MATCH,0,,0.0,NONE,0,0.0,,0.0,MONITOR,No strong commercial signal yet.,Keep on watchlist; revisit when new procurement demand or catalogue-fit evidence appears.,,
acct_4690be67f65e,MALTESER HILFSDIENST EV,org_489549848e41,Democratic Republic of the Congo,Implementing Partner,Qualify,0.0,MONITOR,0.0,0,0,0,0.00,0.0,NO_VERIFIED_CATALOGUE_MATCH,0,,0.0,NONE,0,0.0,,0.0,MONITOR,No strong commercial signal yet.,Keep on watchlist; revisit when new procurement demand or catalogue-fit evidence appears.,,
acct_72fa99527433,Management Sciences for Health,org_5914cdad1d78,GH; Rwanda; Ethiopia,Implementing Partner,Prioritise,0.0,MONITOR,0.0,0,0,0,0.00,0.0,NO_VERIFIED_CATALOGUE_MATCH,0,,0.0,NONE,0,0.0,,0.0,MONITOR,No strong commercial signal yet.,Keep on watchlist; revisit when new procurement demand or catalogue-fit evidence appears.,,
acct_56695591d973,management4health GmbH,org_b14f3e884d9d,Somalia,Implementing Partner,Research,0.0,MONITOR,0.0,0,0,0,0.00,0.0,NO_VERIFIED_CATALOGUE_MATCH,0,,0.0,NONE,0,0.0,,0.0,MONITOR,No strong commercial signal yet.,Keep on watchlist; revisit when new procurement demand or catalogue-fit evidence appears.,,
acct_9e0abc1ad1c9,Manchester Metropolitan University,org_001bfcc9c8ea,Kenya; GB; Uganda; ZA,Accountable Agency,Prioritise,0.0,MONITOR,0.0,0,0,0,0.00,0.0,NO_VERIFIED_CATALOGUE_MATCH,0,,0.0,NONE,0,0.0,,0.0,MONITOR,No strong commercial signal yet.,Keep on watchlist; revisit when new procurement demand or catalogue-fit evidence appears.,,
acct_9e0abc1ad1c9,Manchester Metropolitan University,org_001bfcc9c8ea,Kenya; GB; Uganda; ZA,Reporting Organisation,Prioritise,0.0,MONITOR,0.0,0,0,0,0.00,0.0,NO_VERIFIED_CATALOGUE_MATCH,0,,0.0,NONE,0,0.0,,0.0,MONITOR,No strong commercial signal yet.,Keep on watchlist; revisit when new procurement demand or catalogue-fit evidence appears.,,
acct_0e7736e3787e,Manchester University NHS Foundation Trust,org_9a7bd1ffa3c8,Kenya; GB,Implementing Partner,Prioritise,0.0,MONITOR,0.0,0,0,0,0.00,0.0,NO_VERIFIED_CATALOGUE_MATCH,0,,0.0,NONE,0,0.0,,0.0,MONITOR,No strong commercial signal yet.,Keep on watchlist; revisit when new procurement demand or catalogue-fit evidence appears.,,
acct_b43eefbca448,Mangrove Foundation,org_229e176b7527,Democratic Republic of the Congo,Donor,Qualify,0.0,MONITOR,0.0,0,0,0,0.00,0.0,NO_VERIFIED_CATALOGUE_MATCH,0,,0.0,NONE,0,0.0,,0.0,MONITOR,No strong commercial signal yet.,Keep on watchlist; revisit when new procurement demand or catalogue-fit evidence appears.,,
acct_bf2f25ef5c88,MANI TESE 76 ONG,org_9b765c7af6e2,Kenya,Implementing Partner,Prioritise,0.0,MONITOR,0.0,0,0,0,0.00,0.0,NO_VERIFIED_CATALOGUE_MATCH,0,,0.0,NONE,0,0.0,,0.0,MONITOR,No strong commercial signal yet.,Keep on watchlist; revisit when new procurement demand or catalogue-fit evidence appears.,,
acct_9529c33f1509,Mariam Seba Sanitary Products Factory,org_505f53c508b6,Ethiopia,Implementing Partner,Research,0.0,MONITOR,0.0,0,0,0,0.00,0.0,NO_VERIFIED_CATALOGUE_MATCH,0,,0.0,NONE,0,0.0,,0.0,MONITOR,No strong commercial signal yet.,Keep on watchlist; revisit when new procurement demand or catalogue-fit evidence appears.,,
acct_2ece804e6b40,Marie Stopes International,org_cddf81b274d3,Ethiopia; Kenya; Tanzania; TD; ML; Democratic Republic of the Congo; SN; NE; MR; BI; MW; MZ; PK; Rwanda; South Sudan; SD; Uganda; ZM; AF; BG; MG; Somalia; ZW,Donor,Prioritise,0.0,MONITOR,0.0,0,0,0,0.00,0.0,NO_VERIFIED_CATALOGUE_MATCH,0,,0.0,NONE,0,0.0,,0.0,MONITOR,No strong commercial signal yet.,Keep on watchlist; revisit when new procurement demand or catalogue-fit evidence appears.,,
acct_2ece804e6b40,Marie Stopes International,org_cddf81b274d3,Tanzania,Accountable Agency,Research,0.0,MONITOR,0.0,0,0,0,0.00,0.0,NO_VERIFIED_CATALOGUE_MATCH,0,,0.0,NONE,0,0.0,,0.0,MONITOR,No strong commercial signal yet.,Keep on watchlist; revisit when new procurement demand or catalogue-fit evidence appears.,,
acct_fe45c2da22b2,Mario Molina Centre Chile,org_f6fd81d8ef4c,Kenya; KR; MN; KH; LA; TH; IN; KG; MK; TJ; UZ; RS; KW; PS; SA,Implementing Partner,Qualify,0.0,MONITOR,0.0,0,0,0,0.00,0.0,NO_VERIFIED_CATALOGUE_MATCH,0,,0.0,NONE,0,0.0,,0.0,MONITOR,No strong commercial signal yet.,Keep on watchlist; revisit when new procurement demand or catalogue-fit evidence appears.,,
acct_cc29633a4e26,Mary Help Association (MHA),org_9c36ea6f44eb,South Sudan,Implementing Partner,Monitor,0.0,MONITOR,0.0,0,0,0,0.00,0.0,NO_VERIFIED_CATALOGUE_MATCH,0,,0.0,NONE,0,0.0,,0.0,MONITOR,No strong commercial signal yet.,Keep on watchlist; revisit when new procurement demand or catalogue-fit evidence appears.,,
acct_7d12afda2579,MASAKA CITY,org_d1a15a0f1912,Uganda,Implementing Partner,Prioritise,0.0,MONITOR,0.0,0,0,0,0.00,0.0,NO_VERIFIED_CATALOGUE_MATCH,0,,0.0,NONE,0,0.0,,0.0,MONITOR,No strong commercial signal yet.,Keep on watchlist; revisit when new procurement demand or catalogue-fit evidence appears.,,
acct_e7b966c18230,MASAKA REGIONAL REFERRAL HOSPITAL,org_d3e60f3d969c,Uganda,Implementing Partner,Prioritise,0.0,MONITOR,0.0,0,0,0,0.00,0.0,NO_VERIFIED_CATALOGUE_MATCH,0,,0.0,NONE,0,0.0,,0.0,MONITOR,No strong commercial signal yet.,Keep on watchlist; revisit when new procurement demand or catalogue-fit evidence appears.,,
acct_ac403683d8b8,Maseno University,org_99024eb2012e,Kenya,Implementing Partner,Qualify,0.0,MONITOR,0.0,0,0,0,0.00,0.0,NO_VERIFIED_CATALOGUE_MATCH,0,,0.0,NONE,0,0.0,,0.0,MONITOR,No strong commercial signal yet.,Keep on watchlist; revisit when new procurement demand or catalogue-fit evidence appears.,,
acct_dd35b867d7b8,Masinde Muliro University of Science and Technology,org_433be79fec36,Kenya; GB; Uganda; ZA,Implementing Partner,Prioritise,0.0,MONITOR,0.0,0,0,0,0.00,0.0,NO_VERIFIED_CATALOGUE_MATCH,0,,0.0,NONE,0,0.0,,0.0,MONITOR,No strong commercial signal yet.,Keep on watchlist; revisit when new procurement demand or catalogue-fit evidence appears.,,
acct_793d16f9328b,Masinde Muliro University of Technology and Sciences,org_6b2f137dc7a1,GM; GH; BF; Kenya; SD; ZM,Implementing Partner,Prioritise,0.0,MONITOR,0.0,0,0,0,0.00,0.0,NO_VERIFIED_CATALOGUE_MATCH,0,,0.0,NONE,0,0.0,,0.0,MONITOR,No strong commercial signal yet.,Keep on watchlist; revisit when new procurement demand or catalogue-fit evidence appears.,,
acct_00ad0e25be5d,Massive Earth Foundation (MEF),org_774242349a2b,Kenya; KR; MN; KH; LA; TH; IN; KG; MK; TJ; UZ; RS; KW; PS; SA,Implementing Partner,Qualify,0.0,MONITOR,0.0,0,0,0,0.00,0.0,NO_VERIFIED_CATALOGUE_MATCH,0,,0.0,NONE,0,0.0,,0.0,MONITOR,No strong commercial signal yet.,Keep on watchlist; revisit when new procurement demand or catalogue-fit evidence appears.,,
acct_a464f4987b81,Max Foundation,org_fc6fd70258c8,Ethiopia,Implementing Partner,Qualify,0.0,MONITOR,0.0,0,0,0,0.00,0.0,NO_VERIFIED_CATALOGUE_MATCH,0,,0.0,NONE,0,0.0,,0.0,MONITOR,No strong commercial signal yet.,Keep on watchlist; revisit when new procurement demand or catalogue-fit evidence appears.,,
acct_ea0ce7f80b83,MAYBANK SECURITIES THAILAND PLC,org_a4cc042da644,MY; PH; Kenya; TH,Implementing Partner,Monitor,0.0,MONITOR,0.0,0,0,0,0.00,0.0,NO_VERIFIED_CATALOGUE_MATCH,0,,0.0,NONE,0,0.0,,0.0,MONITOR,No strong commercial signal yet.,Keep on watchlist; revisit when new procurement demand or catalogue-fit evidence appears.,,
acct_7332cfd05806,Maynooth University,org_6ca766dc5463,Kenya; BD; JO; Uganda; GB; AF; BE; FJ; ID; LK; IN; ZA; CH; SL; NP; GH; BR,Implementing Partner,Qualify,0.0,MONITOR,0.0,0,0,0,0.00,0.0,NO_VERIFIED_CATALOGUE_MATCH,0,,0.0,NONE,0,0.0,,0.0,MONITOR,No strong commercial signal yet.,Keep on watchlist; revisit when new procurement demand or catalogue-fit evidence appears.,,
acct_e00068dda201,MBARALI DISTRICT COUNCIL,org_b0e920602746,Tanzania,Implementing Partner,Prioritise,0.0,MONITOR,0.0,0,0,0,0.00,0.0,NO_VERIFIED_CATALOGUE_MATCH,0,,0.0,NONE,0,0.0,,0.0,MONITOR,No strong commercial signal yet.,Keep on watchlist; revisit when new procurement demand or catalogue-fit evidence appears.,,
acct_d5622e5b914a,Mbarara University of Science and Technology,org_6c8ad9fd71a8,Uganda,Implementing Partner,Qualify,0.0,MONITOR,0.0,0,0,0,0.00,0.0,NO_VERIFIED_CATALOGUE_MATCH,0,,0.0,NONE,0,0.0,,0.0,MONITOR,No strong commercial signal yet.,Keep on watchlist; revisit when new procurement demand or catalogue-fit evidence appears.,,
acct_93964e9ac0f2,McKinsey and Company,org_5084d4aa3619,Ethiopia,Reporting Organisation,Monitor,0.0,MONITOR,0.0,0,0,0,0.00,0.0,NO_VERIFIED_CATALOGUE_MATCH,0,,0.0,NONE,0,0.0,,0.0,MONITOR,No strong commercial signal yet.,Keep on watchlist; revisit when new procurement demand or catalogue-fit evidence appears.,,
acct_dc3921b8531e,MedAccess Guarantee Limited,org_0613d5456816,Democratic Republic of the Congo; Kenya; NG; Tanzania; ZM; ZW,Accountable Agency,Qualify,0.0,MONITOR,0.0,0,0,0,0.00,0.0,NO_VERIFIED_CATALOGUE_MATCH,0,,0.0,NONE,0,0.0,,0.0,MONITOR,No strong commercial signal yet.,Keep on watchlist; revisit when new procurement demand or catalogue-fit evidence appears.,,
acct_bdcaf9de752d,MEDAIR,org_cd20d7ed8185,South Sudan,Implementing Partner,Prioritise,0.0,MONITOR,0.0,0,0,0,0.00,0.0,NO_VERIFIED_CATALOGUE_MATCH,0,,0.0,NONE,0,0.0,,0.0,MONITOR,No strong commercial signal yet.,Keep on watchlist; revisit when new procurement demand or catalogue-fit evidence appears.,,
acct_bdcaf9de752d,Medair,org_cd20d7ed8185,Somalia,Implementing Partner,Prioritise,0.0,MONITOR,0.0,0,0,0,0.00,0.0,NO_VERIFIED_CATALOGUE_MATCH,0,,0.0,NONE,0,0.0,,0.0,MONITOR,No strong commercial signal yet.,Keep on watchlist; revisit when new procurement demand or catalogue-fit evidence appears.,,
acct_bdcaf9de752d,Medair,org_cd20d7ed8185,Somalia,Implementing Partner,Qualify,0.0,MONITOR,0.0,0,0,0,0.00,0.0,NO_VERIFIED_CATALOGUE_MATCH,0,,0.0,NONE,0,0.0,,0.0,MONITOR,No strong commercial signal yet.,Keep on watchlist; revisit when new procurement demand or catalogue-fit evidence appears.,,
acct_b6ddaede98d4,MEDECINS D AFRIQUE RD CONGO,org_0d285b2b7cec,Democratic Republic of the Congo,Implementing Partner,Prioritise,0.0,MONITOR,0.0,0,0,0,0.00,0.0,NO_VERIFIED_CATALOGUE_MATCH,0,,0.0,NONE,0,0.0,,0.0,MONITOR,No strong commercial signal yet.,Keep on watchlist; revisit when new procurement demand or catalogue-fit evidence appears.,,
acct_32122db83066,Medic Mobile Inc.,org_d9f0ab0e52d1,Kenya; Uganda,Implementing Partner,Prioritise,0.0,MONITOR,0.0,0,0,0,0.00,0.0,NO_VERIFIED_CATALOGUE_MATCH,0,,0.0,NONE,0,0.0,,0.0,MONITOR,No strong commercial signal yet.,Keep on watchlist; revisit when new procurement demand or catalogue-fit evidence appears.,,
acct_1d629e4b1d9e,MEDICAL RESEARCH COUNCIL,org_6e7b480ab466,Uganda; Kenya; Tanzania,Accountable Agency,Prioritise,0.0,MONITOR,0.0,0,0,0,0.00,0.0,NO_VERIFIED_CATALOGUE_MATCH,0,,0.0,NONE,0,0.0,,0.0,MONITOR,No strong commercial signal yet.,Keep on watchlist; revisit when new procurement demand or catalogue-fit evidence appears.,,
acct_4e6f68aafd73,Medical Research Council Uganda,org_f9d3ba8eae3b,Uganda,Implementing Partner,Qualify,0.0,MONITOR,0.0,0,0,0,0.00,0.0,NO_VERIFIED_CATALOGUE_MATCH,0,,0.0,NONE,0,0.0,,0.0,MONITOR,No strong commercial signal yet.,Keep on watchlist; revisit when new procurement demand or catalogue-fit evidence appears.,,
acct_f03d249e9344,Medical Research Council Unit The Gambia @LSHTM,org_36857cf1e97f,GB; GM; Kenya,Implementing Partner,Prioritise,0.0,MONITOR,0.0,0,0,0,0.00,0.0,NO_VERIFIED_CATALOGUE_MATCH,0,,0.0,NONE,0,0.0,,0.0,MONITOR,No strong commercial signal yet.,Keep on watchlist; revisit when new procurement demand or catalogue-fit evidence appears.,,
acct_f03d249e9344,"Medical Research Council Unit, the Gambia @LSHTM",org_36857cf1e97f,GB; Kenya; GM,Implementing Partner,Monitor,0.0,MONITOR,0.0,0,0,0,0.00,0.0,NO_VERIFIED_CATALOGUE_MATCH,0,,0.0,NONE,0,0.0,,0.0,MONITOR,No strong commercial signal yet.,Keep on watchlist; revisit when new procurement demand or catalogue-fit evidence appears.,,
acct_b491321d07c4,MEDICOS DEL MUNDO,org_8ec93730c424,South Sudan,Implementing Partner,Research,0.0,MONITOR,0.0,0,0,0,0.00,0.0,NO_VERIFIED_CATALOGUE_MATCH,0,,0.0,NONE,0,0.0,,0.0,MONITOR,No strong commercial signal yet.,Keep on watchlist; revisit when new procurement demand or catalogue-fit evidence appears.,,
acct_4296173afb84,MEDICUS MUNDI ITALIA ONG/ON,org_40f3022c6c92,Kenya,Implementing Partner,Qualify,0.0,MONITOR,0.0,0,0,0,0.00,0.0,NO_VERIFIED_CATALOGUE_MATCH,0,,0.0,NONE,0,0.0,,0.0,MONITOR,No strong commercial signal yet.,Keep on watchlist; revisit when new procurement demand or catalogue-fit evidence appears.,,
acct_a51609516919,Mekelle University,org_6bc81c26a63d,Ethiopia; GB; BR; LK,Implementing Partner,Research,0.0,MONITOR,0.0,0,0,0,0.00,0.0,NO_VERIFIED_CATALOGUE_MATCH,0,,0.0,NONE,0,0.0,,0.0,MONITOR,No strong commercial signal yet.,Keep on watchlist; revisit when new procurement demand or catalogue-fit evidence appears.,,
acct_c44ef8c54bec,Melhus Kommune,org_b06eb711dca7,Kenya,Implementing Partner,Qualify,0.0,MONITOR,0.0,0,0,0,0.00,0.0,NO_VERIFIED_CATALOGUE_MATCH,0,,0.0,NONE,0,0.0,,0.0,MONITOR,No strong commercial signal yet.,Keep on watchlist; revisit when new procurement demand or catalogue-fit evidence appears.,,
acct_17c6173b4291,Mental Helse Ungdom,org_a9328f65c1f8,Uganda; Ethiopia,Implementing Partner,Prioritise,0.0,MONITOR,0.0,0,0,0,0.00,0.0,NO_VERIFIED_CATALOGUE_MATCH,0,,0.0,NONE,0,0.0,,0.0,MONITOR,No strong commercial signal yet.,Keep on watchlist; revisit when new procurement demand or catalogue-fit evidence appears.,,
acct_641ba03c06ac,"Merck Sharp and Dohme Corp.,",org_1c79f2c2a6c4,Kenya,Donor,Prioritise,0.0,MONITOR,0.0,0,0,0,0.00,0.0,NO_VERIFIED_CATALOGUE_MATCH,0,,0.0,NONE,0,0.0,,0.0,MONITOR,No strong commercial signal yet.,Keep on watchlist; revisit when new procurement demand or catalogue-fit evidence appears.,,
acct_3650dd278c08,Merck Sharp & Dohme Corp,org_4332b92a3578,Ethiopia; Democratic Republic of the Congo; Rwanda; Somalia; Tanzania; Kenya,Donor,Prioritise,0.0,MONITOR,0.0,0,0,0,0.00,0.0,NO_VERIFIED_CATALOGUE_MATCH,0,,0.0,NONE,0,0.0,,0.0,MONITOR,No strong commercial signal yet.,Keep on watchlist; revisit when new procurement demand or catalogue-fit evidence appears.,,
acct_1bf4e5b1ae6c,Mercury Phoenx Trust,org_8e5af25e6303,Kenya,Donor,Qualify,0.0,MONITOR,0.0,0,0,0,0.00,0.0,NO_VERIFIED_CATALOGUE_MATCH,0,,0.0,NONE,0,0.0,,0.0,MONITOR,No strong commercial signal yet.,Keep on watchlist; revisit when new procurement demand or catalogue-fit evidence appears.,,
acct_2c35833ce998,MERCY CORPS,org_c57cf22469da,Democratic Republic of the Congo,Implementing Partner,Prioritise,0.0,MONITOR,0.0,0,0,0,0.00,0.0,NO_VERIFIED_CATALOGUE_MATCH,0,,0.0,NONE,0,0.0,,0.0,MONITOR,No strong commercial signal yet.,Keep on watchlist; revisit when new procurement demand or catalogue-fit evidence appears.,,
acct_aea44542c92a,Mercy Corps Europe,org_ca988b7ecc2d,Kenya; ZW; Uganda; Democratic Republic of the Congo; Ethiopia; GH; MZ; NP; NG; Rwanda; SL; Tanzania; ZM,Implementing Partner,Qualify,0.0,MONITOR,0.0,0,0,0,0.00,0.0,NO_VERIFIED_CATALOGUE_MATCH,0,,0.0,NONE,0,0.0,,0.0,MONITOR,No strong commercial signal yet.,Keep on watchlist; revisit when new procurement demand or catalogue-fit evidence appears.,,
acct_aea44542c92a,Mercy Corps Europe,org_ca988b7ecc2d,Kenya; KH; NG; Somalia; ZA; VN; ZW; IN; Rwanda; GH; SY; TL; IQ; EG; YE; TH; MW; MY; PH; PK; JO; BD; Ethiopia; MM; South Sudan; Democratic Republic of the Congo; ID; NP; TN; Tanzania; Uganda,Implementing Partner,Research,0.0,MONITOR,0.0,0,0,0,0.00,0.0,NO_VERIFIED_CATALOGUE_MATCH,0,,0.0,NONE,0,0.0,,0.0,MONITOR,No strong commercial signal yet.,Keep on watchlist; revisit when new procurement demand or catalogue-fit evidence appears.,,
acct_8a75bba5e394,MERCY USA FOR AID AND DEVELOPMENT INC,org_81b709ae7621,Somalia,Implementing Partner,Prioritise,0.0,MONITOR,0.0,0,0,0,0.00,0.0,NO_VERIFIED_CATALOGUE_MATCH,0,,0.0,NONE,0,0.0,,0.0,MONITOR,No strong commercial signal yet.,Keep on watchlist; revisit when new procurement demand or catalogue-fit evidence appears.,,
acct_ef9a86faf016,Meru University of Science and Technology,org_4cc1116d362e,Kenya,Implementing Partner,Qualify,0.0,MONITOR,0.0,0,0,0,0.00,0.0,NO_VERIFIED_CATALOGUE_MATCH,0,,0.0,NONE,0,0.0,,0.0,MONITOR,No strong commercial signal yet.,Keep on watchlist; revisit when new procurement demand or catalogue-fit evidence appears.,,
acct_5d456057987d,Met Office,org_92a5b9395a88,Kenya; KH; NG; Somalia; ZA; VN; ZW; IN; Rwanda; GH; SY; TL; IQ; EG; YE; TH; MW; MY; PH; PK; JO; BD; Ethiopia; MM; South Sudan; Democratic Republic of the Congo; ID; NP; TN; Tanzania,Implementing Partner,Qualify,0.0,MONITOR,0.0,0,0,0,0.00,0.0,NO_VERIFIED_CATALOGUE_MATCH,0,,0.0,NONE,0,0.0,,0.0,MONITOR,No strong commercial signal yet.,Keep on watchlist; revisit when new procurement demand or catalogue-fit evidence appears.,,
acct_669fc66facf1,Metrics for Management,org_787769ec2355,Kenya; NG; IN,Implementing Partner,Research,0.0,MONITOR,0.0,0,0,0,0.00,0.0,NO_VERIFIED_CATALOGUE_MATCH,0,,0.0,NONE,0,0.0,,0.0,MONITOR,No strong commercial signal yet.,Keep on watchlist; revisit when new procurement demand or catalogue-fit evidence appears.,,
acct_3a36df4f70b0,MEWA,org_3f4374cb1f38,Kenya,Implementing Partner,Qualify,0.0,MONITOR,0.0,0,0,0,0.00,0.0,NO_VERIFIED_CATALOGUE_MATCH,0,,0.0,NONE,0,0.0,,0.0,MONITOR,No strong commercial signal yet.,Keep on watchlist; revisit when new procurement demand or catalogue-fit evidence appears.,,
acct_41a8b24683d4,Micronutrient Initiative,org_12d1d776c30e,Tanzania,Implementing Partner,Prioritise,0.0,MONITOR,0.0,0,0,0,0.00,0.0,NO_VERIFIED_CATALOGUE_MATCH,0,,0.0,NONE,0,0.0,,0.0,MONITOR,No strong commercial signal yet.,Keep on watchlist; revisit when new procurement demand or catalogue-fit evidence appears.,,
acct_be02c7c69c32,Microsoft Research Lab,org_49f388a300aa,Kenya; IN; SL; NP; GH; BR; GB; ZA,Implementing Partner,Qualify,0.0,MONITOR,0.0,0,0,0,0.00,0.0,NO_VERIFIED_CATALOGUE_MATCH,0,,0.0,NONE,0,0.0,,0.0,MONITOR,No strong commercial signal yet.,Keep on watchlist; revisit when new procurement demand or catalogue-fit evidence appears.,,
acct_ffa4c185fffe,MIGORI COUNTY GOVERNMENT PUBLIC HEALTH OFFICE,org_f8d1c4251e14,Kenya,Implementing Partner,Prioritise,0.0,MONITOR,0.0,0,0,0,0.00,0.0,NO_VERIFIED_CATALOGUE_MATCH,0,,0.0,NONE,0,0.0,,0.0,MONITOR,No strong commercial signal yet.,Keep on watchlist; revisit when new procurement demand or catalogue-fit evidence appears.,,
acct_d63fa8aa4963,MINISTERE DE LA SANTE PNLS,org_e66f5c1e7c29,Democratic Republic of the Congo,Implementing Partner,Prioritise,0.0,MONITOR,0.0,0,0,0,0.00,0.0,NO_VERIFIED_CATALOGUE_MATCH,0,,0.0,NONE,0,0.0,,0.0,MONITOR,No strong commercial signal yet.,Keep on watchlist; revisit when new procurement demand or catalogue-fit evidence appears.,,
acct_f549c76acc9f,MINISTERE DE LA SANTE PROGRAMME ELARGIE DE VACCINATION,org_8fee2084932b,Democratic Republic of the Congo,Implementing Partner,Prioritise,0.0,MONITOR,0.0,0,0,0,0.00,0.0,NO_VERIFIED_CATALOGUE_MATCH,0,,0.0,NONE,0,0.0,,0.0,MONITOR,No strong commercial signal yet.,Keep on watchlist; revisit when new procurement demand or catalogue-fit evidence appears.,,
acct_50d822c13046,MINISTERE DE LA SANTE PUBLIQUE,org_c161fa3379a6,Democratic Republic of the Congo,Implementing Partner,Prioritise,0.0,MONITOR,0.0,0,0,0,0.00,0.0,NO_VERIFIED_CATALOGUE_MATCH,0,,0.0,NONE,0,0.0,,0.0,MONITOR,No strong commercial signal yet.,Keep on watchlist; revisit when new procurement demand or catalogue-fit evidence appears.,,
acct_39dddf0be24f,Ministerio Federal de Salud de Etiopía,org_b79a201a2b6e,Ethiopia,Implementing Partner,Research,0.0,MONITOR,0.0,0,0,0,0.00,0.0,NO_VERIFIED_CATALOGUE_MATCH,0,,0.0,NONE,0,0.0,,0.0,MONITOR,No strong commercial signal yet.,Keep on watchlist; revisit when new procurement demand or catalogue-fit evidence appears.,,
acct_7d2e4e07f437,MINISTERO DELLA SALUTE ETIOPICO ALT,org_1b2d011f110d,Ethiopia,Implementing Partner,Qualify,0.0,MONITOR,0.0,0,0,0,0.00,0.0,NO_VERIFIED_CATALOGUE_MATCH,0,,0.0,NONE,0,0.0,,0.0,MONITOR,No strong commercial signal yet.,Keep on watchlist; revisit when new procurement demand or catalogue-fit evidence appears.,,
acct_515c8a89a449,"Ministry for Europe and Foreign Affairs (MEAE), France",org_d15020569b4a,Democratic Republic of the Congo,Donor,Prioritise,0.0,MONITOR,0.0,0,0,0,0.00,0.0,NO_VERIFIED_CATALOGUE_MATCH,0,,0.0,NONE,0,0.0,,0.0,MONITOR,No strong commercial signal yet.,Keep on watchlist; revisit when new procurement demand or catalogue-fit evidence appears.,,
acct_7427710ee3ea,Ministry for Foreign Affairs of Finland,org_da2ea093755f,Tanzania; Kenya; Somalia; Ethiopia; Uganda; South Sudan; Democratic Republic of the Congo; Rwanda,Donor,Prioritise,0.0,MONITOR,0.0,0,0,0,0.00,0.0,NO_VERIFIED_CATALOGUE_MATCH,0,,0.0,NONE,0,0.0,,0.0,MONITOR,No strong commercial signal yet.,Keep on watchlist; revisit when new procurement demand or catalogue-fit evidence appears.,,
acct_8f84b365c410,MINISTRY OF AGRICULTURE,org_aa20136c4b85,Ethiopia,Implementing Partner,Prioritise,0.0,MONITOR,0.0,0,0,0,0.00,0.0,NO_VERIFIED_CATALOGUE_MATCH,0,,0.0,NONE,0,0.0,,0.0,MONITOR,No strong commercial signal yet.,Keep on watchlist; revisit when new procurement demand or catalogue-fit evidence appears.,,
acct_42f3d7ee8885,Ministry of Commerce - MOFCOM,org_b08cded70727,Ethiopia,Donor,Research,0.0,MONITOR,0.0,0,0,0,0.00,0.0,NO_VERIFIED_CATALOGUE_MATCH,0,,0.0,NONE,0,0.0,,0.0,MONITOR,No strong commercial signal yet.,Keep on watchlist; revisit when new procurement demand or catalogue-fit evidence appears.,,
acct_a6861ceda430,MINISTRY OF COMMUNITY DEV GENDER ELDERS AND CHILDREN,org_3c1d218513d7,Tanzania,Implementing Partner,Prioritise,0.0,MONITOR,0.0,0,0,0,0.00,0.0,NO_VERIFIED_CATALOGUE_MATCH,0,,0.0,NONE,0,0.0,,0.0,MONITOR,No strong commercial signal yet.,Keep on watchlist; revisit when new procurement demand or catalogue-fit evidence appears.,,
acct_078636394a1c,MINISTRY OF CULTURE AND SPORT,org_ebcc0f0cc59c,Ethiopia,Implementing Partner,Prioritise,0.0,MONITOR,0.0,0,0,0,0.00,0.0,NO_VERIFIED_CATALOGUE_MATCH,0,,0.0,NONE,0,0.0,,0.0,MONITOR,No strong commercial signal yet.,Keep on watchlist; revisit when new procurement demand or catalogue-fit evidence appears.,,
acct_0a07ac3de1e9,"Ministry of Development Cooperation and Humanitarian Affairs, Luxembourg",org_907072286e8c,South Sudan; Uganda; Ethiopia,Donor,Prioritise,0.0,MONITOR,0.0,0,0,0,0.00,0.0,NO_VERIFIED_CATALOGUE_MATCH,0,,0.0,NONE,0,0.0,,0.0,MONITOR,No strong commercial signal yet.,Keep on watchlist; revisit when new procurement demand or catalogue-fit evidence appears.,,
acct_24ef10ede5aa,MINISTRY OF DEVOLUTION AND PLANNING,org_6db4557db95c,Kenya,Implementing Partner,Prioritise,0.0,MONITOR,0.0,0,0,0,0.00,0.0,NO_VERIFIED_CATALOGUE_MATCH,0,,0.0,NONE,0,0.0,,0.0,MONITOR,No strong commercial signal yet.,Keep on watchlist; revisit when new procurement demand or catalogue-fit evidence appears.,,
acct_ec38d78e9cdd,Ministry of Economy and Finance,org_ffd0e95fa1f4,Rwanda; Tanzania; South Sudan; Ethiopia,Donor,Prioritise,0.0,MONITOR,0.0,0,0,0,0.00,0.0,NO_VERIFIED_CATALOGUE_MATCH,0,,0.0,NONE,0,0.0,,0.0,MONITOR,No strong commercial signal yet.,Keep on watchlist; revisit when new procurement demand or catalogue-fit evidence appears.,,
acct_a316d8b95499,MINISTRY OF EDUCATION SCIENCE AND TECHNOLOGY STATE DEPT OF,org_26310e7ef509,Kenya,Implementing Partner,Prioritise,0.0,MONITOR,0.0,0,0,0,0.00,0.0,NO_VERIFIED_CATALOGUE_MATCH,0,,0.0,NONE,0,0.0,,0.0,MONITOR,No strong commercial signal yet.,Keep on watchlist; revisit when new procurement demand or catalogue-fit evidence appears.,,
acct_6bfcc091d769,MINISTRY OF EDUCATION STATE DEPARTMENT OF EARLY LEARNING AND,org_9587bc5904ca,Kenya,Implementing Partner,Prioritise,0.0,MONITOR,0.0,0,0,0,0.00,0.0,NO_VERIFIED_CATALOGUE_MATCH,0,,0.0,NONE,0,0.0,,0.0,MONITOR,No strong commercial signal yet.,Keep on watchlist; revisit when new procurement demand or catalogue-fit evidence appears.,,
acct_42a911e10be6,MINISTRY OF ENERGY AND WATER RESOURCE FEDERAL GOVERNMENT OF SOMALIA,org_19b71d591396,Somalia,Implementing Partner,Prioritise,0.0,MONITOR,0.0,0,0,0,0.00,0.0,NO_VERIFIED_CATALOGUE_MATCH,0,,0.0,NONE,0,0.0,,0.0,MONITOR,No strong commercial signal yet.,Keep on watchlist; revisit when new procurement demand or catalogue-fit evidence appears.,,
acct_3d6c07428ec4,Ministry of Finance,org_40c7e78ab376,Kenya,Accountable Agency,Research,0.0,MONITOR,0.0,0,0,0,0.00,0.0,NO_VERIFIED_CATALOGUE_MATCH,0,,0.0,NONE,0,0.0,,0.0,MONITOR,No strong commercial signal yet.,Keep on watchlist; revisit when new procurement demand or catalogue-fit evidence appears.,,
acct_3d6c07428ec4,Ministry of Finance,org_40c7e78ab376,Kenya,Accountable Agency,Monitor,0.0,MONITOR,0.0,0,0,0,0.00,0.0,NO_VERIFIED_CATALOGUE_MATCH,0,,0.0,NONE,0,0.0,,0.0,MONITOR,No strong commercial signal yet.,Keep on watchlist; revisit when new procurement demand or catalogue-fit evidence appears.,,
acct_ccfe9bda3f8e,Ministry of Finance (Account 2),org_09ddd13a3c65,Ethiopia,Implementing Partner,Research,0.0,MONITOR,0.0,0,0,0,0.00,0.0,NO_VERIFIED_CATALOGUE_MATCH,0,,0.0,NONE,0,0.0,,0.0,MONITOR,No strong commercial signal yet.,Keep on watchlist; revisit when new procurement demand or catalogue-fit evidence appears.,,
acct_d7dcd358df04,Ministry of Finance and Economic Planning of Rwanda,org_df833d38e66d,Rwanda,Implementing Partner,Qualify,0.0,MONITOR,0.0,0,0,0,0.00,0.0,NO_VERIFIED_CATALOGUE_MATCH,0,,0.0,NONE,0,0.0,,0.0,MONITOR,No strong commercial signal yet.,Keep on watchlist; revisit when new procurement demand or catalogue-fit evidence appears.,,
acct_b6178887cac7,MINISTRY OF FINANCE ETHIOPIA ALT,org_ef4c555b1aab,Ethiopia,Implementing Partner,Research,0.0,MONITOR,0.0,0,0,0,0.00,0.0,NO_VERIFIED_CATALOGUE_MATCH,0,,0.0,NONE,0,0.0,,0.0,MONITOR,No strong commercial signal yet.,Keep on watchlist; revisit when new procurement demand or catalogue-fit evidence appears.,,
acct_a2bd558bf0ee,Ministry of Finance of the United Republic of Tanzania,org_514a29a1c006,Tanzania,Accountable Agency,Prioritise,0.0,MONITOR,0.0,0,0,0,0.00,0.0,NO_VERIFIED_CATALOGUE_MATCH,0,,0.0,NONE,0,0.0,,0.0,MONITOR,No strong commercial signal yet.,Keep on watchlist; revisit when new procurement demand or catalogue-fit evidence appears.,,
acct_d575704256db,"Ministry of Finance, Planning and Economic Development of the Republic of Uganda",org_302bff85b483,Uganda,Implementing Partner,Prioritise,0.0,MONITOR,0.0,0,0,0,0.00,0.0,NO_VERIFIED_CATALOGUE_MATCH,0,,0.0,NONE,0,0.0,,0.0,MONITOR,No strong commercial signal yet.,Keep on watchlist; revisit when new procurement demand or catalogue-fit evidence appears.,,
acct_643df56e5df8,Ministry of Finance Planning and Economic Development of Uganda,org_b8095bae1525,Uganda,Implementing Partner,Research,0.0,MONITOR,0.0,0,0,0,0.00,0.0,NO_VERIFIED_CATALOGUE_MATCH,0,,0.0,NONE,0,0.0,,0.0,MONITOR,No strong commercial signal yet.,Keep on watchlist; revisit when new procurement demand or catalogue-fit evidence appears.,,
acct_8a476fc4b45b,"Ministry of Finance Tanzania,",org_b8ac1027cae0,Tanzania,Implementing Partner,Prioritise,0.0,MONITOR,0.0,0,0,0,0.00,0.0,NO_VERIFIED_CATALOGUE_MATCH,0,,0.0,NONE,0,0.0,,0.0,MONITOR,No strong commercial signal yet.,Keep on watchlist; revisit when new procurement demand or catalogue-fit evidence appears.,,
acct_82acef5fd0b8,Ministry of Foreign Affairs,org_31a7d12e13fd,Democratic Republic of the Congo; Tanzania; Kenya; Uganda; Ethiopia; Rwanda,Donor,Prioritise,0.0,MONITOR,0.0,0,0,0,0.00,0.0,NO_VERIFIED_CATALOGUE_MATCH,0,,0.0,NONE,0,0.0,,0.0,MONITOR,No strong commercial signal yet.,Keep on watchlist; revisit when new procurement demand or catalogue-fit evidence appears.,,
acct_74a020f9e699,"Ministry of Foreign Affairs, Denmark",org_5c1b932e7b70,Somalia; Ethiopia; Democratic Republic of the Congo; Rwanda; Tanzania; South Sudan; Kenya,Donor,Prioritise,0.0,MONITOR,0.0,0,0,0,0.00,0.0,NO_VERIFIED_CATALOGUE_MATCH,0,,0.0,NONE,0,0.0,,0.0,MONITOR,No strong commercial signal yet.,Keep on watchlist; revisit when new procurement demand or catalogue-fit evidence appears.,,
acct_8bf40a17a1ec,"Ministry of Foreign Affairs, Denmark",org_746ecc65ea77,Kenya,Donor,Prioritise,0.0,MONITOR,0.0,0,0,0,0.00,0.0,NO_VERIFIED_CATALOGUE_MATCH,0,,0.0,NONE,0,0.0,,0.0,MONITOR,No strong commercial signal yet.,Keep on watchlist; revisit when new procurement demand or catalogue-fit evidence appears.,,
acct_31a1357aafe5,"Ministry of Foreign Affairs, Greece",org_1cc423d9ddba,Democratic Republic of the Congo,Donor,Prioritise,0.0,MONITOR,0.0,0,0,0,0.00,0.0,NO_VERIFIED_CATALOGUE_MATCH,0,,0.0,NONE,0,0.0,,0.0,MONITOR,No strong commercial signal yet.,Keep on watchlist; revisit when new procurement demand or catalogue-fit evidence appears.,,
acct_c3cc797d1dd7,"Ministry of Foreign Affairs, Ireland",org_b72c32b9bd07,Tanzania; Uganda; South Sudan; Ethiopia; Democratic Republic of the Congo; Kenya,Donor,Prioritise,0.0,MONITOR,0.0,0,0,0,0.00,0.0,NO_VERIFIED_CATALOGUE_MATCH,0,,0.0,NONE,0,0.0,,0.0,MONITOR,No strong commercial signal yet.,Keep on watchlist; revisit when new procurement demand or catalogue-fit evidence appears.,,
acct_c5d169d51f6e,"Ministry of Foreign Affairs, Japan",org_6e82a910dbce,Ethiopia; Tanzania,Donor,Prioritise,0.0,MONITOR,0.0,0,0,0,0.00,0.0,NO_VERIFIED_CATALOGUE_MATCH,0,,0.0,NONE,0,0.0,,0.0,MONITOR,No strong commercial signal yet.,Keep on watchlist; revisit when new procurement demand or catalogue-fit evidence appears.,,
acct_c908941d80a0,"Ministry of Foreign Affairs, Monaco",org_d8d9709b6ce6,Ethiopia,Donor,Prioritise,0.0,MONITOR,0.0,0,0,0,0.00,0.0,NO_VERIFIED_CATALOGUE_MATCH,0,,0.0,NONE,0,0.0,,0.0,MONITOR,No strong commercial signal yet.,Keep on watchlist; revisit when new procurement demand or catalogue-fit evidence appears.,,
acct_af79e667ed32,"Ministry of Foreign Affairs, Netherlands",org_e4b50c86a3eb,Ethiopia,Donor,Prioritise,0.0,MONITOR,0.0,0,0,0,0.00,0.0,NO_VERIFIED_CATALOGUE_MATCH,0,,0.0,NONE,0,0.0,,0.0,MONITOR,No strong commercial signal yet.,Keep on watchlist; revisit when new procurement demand or catalogue-fit evidence appears.,,
acct_9815ed750489,Ministry of Foreign Affairs NL,org_ec36795c50dd,Ethiopia,Donor,Prioritise,0.0,MONITOR,0.0,0,0,0,0.00,0.0,NO_VERIFIED_CATALOGUE_MATCH,0,,0.0,NONE,0,0.0,,0.0,MONITOR,No strong commercial signal yet.,Keep on watchlist; revisit when new procurement demand or catalogue-fit evidence appears.,,
acct_4a2edb940aa4,Ministry of Foreign and European Affairs of the Slovak Republic,org_64ad9407340a,South Sudan; Kenya; Uganda; Rwanda; Ethiopia; Tanzania,Donor,Qualify,0.0,MONITOR,0.0,0,0,0,0.00,0.0,NO_VERIFIED_CATALOGUE_MATCH,0,,0.0,NONE,0,0.0,,0.0,MONITOR,No strong commercial signal yet.,Keep on watchlist; revisit when new procurement demand or catalogue-fit evidence appears.,,
acct_bf97612b40b2,MINISTRY OF GENERAL EDUCATION AND INSTRUCTIONS,org_a4fa0307a25d,South Sudan,Implementing Partner,Prioritise,0.0,MONITOR,0.0,0,0,0,0.00,0.0,NO_VERIFIED_CATALOGUE_MATCH,0,,0.0,NONE,0,0.0,,0.0,MONITOR,No strong commercial signal yet.,Keep on watchlist; revisit when new procurement demand or catalogue-fit evidence appears.,,
acct_96ff2aaf6572,Ministry of Health,org_c85ff86a40bc,Kenya,Implementing Partner,Prioritise,0.0,MONITOR,0.0,0,0,0,0.00,0.0,NO_VERIFIED_CATALOGUE_MATCH,0,,0.0,NONE,0,0.0,,0.0,MONITOR,No strong commercial signal yet.,Keep on watchlist; revisit when new procurement demand or catalogue-fit evidence appears.,,
acct_ce5f753a05c6,MINISTRY OF HEALTH AND HUMAN SERVICES FEDERAL GOVERNMENT OF,org_e427cbbf57f6,Somalia,Implementing Partner,Prioritise,0.0,MONITOR,0.0,0,0,0,0.00,0.0,NO_VERIFIED_CATALOGUE_MATCH,0,,0.0,NONE,0,0.0,,0.0,MONITOR,No strong commercial signal yet.,Keep on watchlist; revisit when new procurement demand or catalogue-fit evidence appears.,,
acct_ac5e6b3a7065,MINISTRY OF HEALTH AND SANITATION WEST POKOT KAPENGURIA,org_4a966918600b,Kenya,Implementing Partner,Prioritise,0.0,MONITOR,0.0,0,0,0,0.00,0.0,NO_VERIFIED_CATALOGUE_MATCH,0,,0.0,NONE,0,0.0,,0.0,MONITOR,No strong commercial signal yet.,Keep on watchlist; revisit when new procurement demand or catalogue-fit evidence appears.,,
acct_89f8032218b4,MINISTRY OF HEALTH AND SOCIAL CARE HIRSHABELLE STATE OF SOMALIA,org_b560c2233d4a,Somalia,Implementing Partner,Prioritise,0.0,MONITOR,0.0,0,0,0,0.00,0.0,NO_VERIFIED_CATALOGUE_MATCH,0,,0.0,NONE,0,0.0,,0.0,MONITOR,No strong commercial signal yet.,Keep on watchlist; revisit when new procurement demand or catalogue-fit evidence appears.,,
acct_88651fb79ccf,Ministry of Health and Social Welfare,org_5aaf4eccd9f6,Tanzania,Accountable Agency,Research,0.0,MONITOR,0.0,0,0,0,0.00,0.0,NO_VERIFIED_CATALOGUE_MATCH,0,,0.0,NONE,0,0.0,,0.0,MONITOR,No strong commercial signal yet.,Keep on watchlist; revisit when new procurement demand or catalogue-fit evidence appears.,,
acct_636094acac74,MINISTRY OF HEALTH AND SOCIAL WELFARE HBF,org_0d88732c023d,Tanzania,Implementing Partner,Prioritise,0.0,MONITOR,0.0,0,0,0,0.00,0.0,NO_VERIFIED_CATALOGUE_MATCH,0,,0.0,NONE,0,0.0,,0.0,MONITOR,No strong commercial signal yet.,Keep on watchlist; revisit when new procurement demand or catalogue-fit evidence appears.,,
acct_1e66d247ed43,Ministry of Health and Welfare,org_c9e0005dc7a9,Tanzania; Ethiopia; Uganda; Rwanda,Donor,Prioritise,0.0,MONITOR,0.0,0,0,0,0.00,0.0,NO_VERIFIED_CATALOGUE_MATCH,0,,0.0,NONE,0,0.0,,0.0,MONITOR,No strong commercial signal yet.,Keep on watchlist; revisit when new procurement demand or catalogue-fit evidence appears.,,
acct_4f7711c2eac3,"Ministry of Health, Community Development, Gender, Elderly and Children",org_7c85e090d1cb,Tanzania,Implementing Partner,Qualify,0.0,MONITOR,0.0,0,0,0,0.00,0.0,NO_VERIFIED_CATALOGUE_MATCH,0,,0.0,NONE,0,0.0,,0.0,MONITOR,No strong commercial signal yet.,Keep on watchlist; revisit when new procurement demand or catalogue-fit evidence appears.,,
acct_dbb5dc7811fe,"Ministry of Health, Community Development, Gender, Elderly and Children of the United Republic of Tanzania",org_19ea8357c965,Tanzania,Implementing Partner,Prioritise,0.0,MONITOR,0.0,0,0,0,0.00,0.0,NO_VERIFIED_CATALOGUE_MATCH,0,,0.0,NONE,0,0.0,,0.0,MONITOR,No strong commercial signal yet.,Keep on watchlist; revisit when new procurement demand or catalogue-fit evidence appears.,,
acct_91e751878d09,MINISTRY OF HEALTH DEVELOPMENT SOMALILAND,org_dd4fd3555e3d,Somalia,Implementing Partner,Prioritise,0.0,MONITOR,0.0,0,0,0,0.00,0.0,NO_VERIFIED_CATALOGUE_MATCH,0,,0.0,NONE,0,0.0,,0.0,MONITOR,No strong commercial signal yet.,Keep on watchlist; revisit when new procurement demand or catalogue-fit evidence appears.,,
acct_180666c10411,Ministry of Health - DRC,org_5db9ba04d3af,Democratic Republic of the Congo,Implementing Partner,Qualify,0.0,MONITOR,0.0,0,0,0,0.00,0.0,NO_VERIFIED_CATALOGUE_MATCH,0,,0.0,NONE,0,0.0,,0.0,MONITOR,No strong commercial signal yet.,Keep on watchlist; revisit when new procurement demand or catalogue-fit evidence appears.,,
acct_c3b95e7ce2aa,"Ministry of Health, Elderly, Gender and Children",org_0580c75b417c,Tanzania,Implementing Partner,Research,0.0,MONITOR,0.0,0,0,0,0.00,0.0,NO_VERIFIED_CATALOGUE_MATCH,0,,0.0,NONE,0,0.0,,0.0,MONITOR,No strong commercial signal yet.,Keep on watchlist; revisit when new procurement demand or catalogue-fit evidence appears.,,
acct_07cb7e6016bf,Ministry of Health - Ethiopia,org_bfba3253145c,Ethiopia,Implementing Partner,Prioritise,0.0,MONITOR,0.0,0,0,0,0.00,0.0,NO_VERIFIED_CATALOGUE_MATCH,0,,0.0,NONE,0,0.0,,0.0,MONITOR,No strong commercial signal yet.,Keep on watchlist; revisit when new procurement demand or catalogue-fit evidence appears.,,
acct_55e8dd75ccf7,MINISTRY OF HEALTH GALMUDUG STATE,org_0421b18b5651,Somalia,Implementing Partner,Prioritise,0.0,MONITOR,0.0,0,0,0,0.00,0.0,NO_VERIFIED_CATALOGUE_MATCH,0,,0.0,NONE,0,0.0,,0.0,MONITOR,No strong commercial signal yet.,Keep on watchlist; revisit when new procurement demand or catalogue-fit evidence appears.,,
acct_4aef03aa4375,MINISTRY OF HEALTH HOMA BAY COUNTY,org_d6555f391824,Kenya,Implementing Partner,Prioritise,0.0,MONITOR,0.0,0,0,0,0.00,0.0,NO_VERIFIED_CATALOGUE_MATCH,0,,0.0,NONE,0,0.0,,0.0,MONITOR,No strong commercial signal yet.,Keep on watchlist; revisit when new procurement demand or catalogue-fit evidence appears.,,
acct_7cafb2e8fe85,MINISTRY OF HEALTH JUBALAND STATE OF SOMALIA,org_e5cc5543eed7,Somalia,Implementing Partner,Prioritise,0.0,MONITOR,0.0,0,0,0,0.00,0.0,NO_VERIFIED_CATALOGUE_MATCH,0,,0.0,NONE,0,0.0,,0.0,MONITOR,No strong commercial signal yet.,Keep on watchlist; revisit when new procurement demand or catalogue-fit evidence appears.,,
acct_cf02fb12db43,Ministry of Health - Kenya,org_8eb33ebb8dff,Kenya,Implementing Partner,Qualify,0.0,MONITOR,0.0,0,0,0,0.00,0.0,NO_VERIFIED_CATALOGUE_MATCH,0,,0.0,NONE,0,0.0,,0.0,MONITOR,No strong commercial signal yet.,Keep on watchlist; revisit when new procurement demand or catalogue-fit evidence appears.,,
acct_af08646f4ef6,MINISTRY OF HEALTH MANDERA COUNTY GOVERNMENT,org_8219c1621281,Kenya,Implementing Partner,Prioritise,0.0,MONITOR,0.0,0,0,0,0.00,0.0,NO_VERIFIED_CATALOGUE_MATCH,0,,0.0,NONE,0,0.0,,0.0,MONITOR,No strong commercial signal yet.,Keep on watchlist; revisit when new procurement demand or catalogue-fit evidence appears.,,
acct_07cb02a484b0,MINISTRY OF HEALTH MOH,org_7ff4fd94b67d,Rwanda,Implementing Partner,Prioritise,0.0,MONITOR,0.0,0,0,0,0.00,0.0,NO_VERIFIED_CATALOGUE_MATCH,0,,0.0,NONE,0,0.0,,0.0,MONITOR,No strong commercial signal yet.,Keep on watchlist; revisit when new procurement demand or catalogue-fit evidence appears.,,
acct_d72951a536b0,Ministry of Health of the Republic of Kenya,org_31027570b193,Kenya,Implementing Partner,Prioritise,0.0,MONITOR,0.0,0,0,0,0.00,0.0,NO_VERIFIED_CATALOGUE_MATCH,0,,0.0,NONE,0,0.0,,0.0,MONITOR,No strong commercial signal yet.,Keep on watchlist; revisit when new procurement demand or catalogue-fit evidence appears.,,
acct_c2423ff498d2,Ministry of Health of the Republic of Rwanda,org_e9ebfb7d2aaf,Rwanda,Implementing Partner,Prioritise,0.0,MONITOR,0.0,0,0,0,0.00,0.0,NO_VERIFIED_CATALOGUE_MATCH,0,,0.0,NONE,0,0.0,,0.0,MONITOR,No strong commercial signal yet.,Keep on watchlist; revisit when new procurement demand or catalogue-fit evidence appears.,,
acct_a63b54c6c9d3,MINISTRY OF HEALTH PUNTLAND,org_0a52cb01646f,Somalia,Implementing Partner,Prioritise,0.0,MONITOR,0.0,0,0,0,0.00,0.0,NO_VERIFIED_CATALOGUE_MATCH,0,,0.0,NONE,0,0.0,,0.0,MONITOR,No strong commercial signal yet.,Keep on watchlist; revisit when new procurement demand or catalogue-fit evidence appears.,,
acct_e5e833e3ebc6,MINISTRY OF HEALTH REPUBLIC OF SOUTH SUDAN,org_617edc9345a1,South Sudan,Implementing Partner,Prioritise,0.0,MONITOR,0.0,0,0,0,0.00,0.0,NO_VERIFIED_CATALOGUE_MATCH,0,,0.0,NONE,0,0.0,,0.0,MONITOR,No strong commercial signal yet.,Keep on watchlist; revisit when new procurement demand or catalogue-fit evidence appears.,,
acct_d4b30e01efe7,MINISTRY OF HEALTH SAMBURU COUNTY,org_a2a4dfb9aa55,Kenya,Implementing Partner,Prioritise,0.0,MONITOR,0.0,0,0,0,0.00,0.0,NO_VERIFIED_CATALOGUE_MATCH,0,,0.0,NONE,0,0.0,,0.0,MONITOR,No strong commercial signal yet.,Keep on watchlist; revisit when new procurement demand or catalogue-fit evidence appears.,,
acct_db40467f8446,MINISTRY OF HEALTH SERVICE AND SANITATION TURKANA COUNTY,org_3ee863d0f30f,Kenya,Implementing Partner,Prioritise,0.0,MONITOR,0.0,0,0,0,0.00,0.0,NO_VERIFIED_CATALOGUE_MATCH,0,,0.0,NONE,0,0.0,,0.0,MONITOR,No strong commercial signal yet.,Keep on watchlist; revisit when new procurement demand or catalogue-fit evidence appears.,,
acct_2751a8f9ec94,MINISTRY OF HEALTH SOUTH WEST STATE SOMALIA,org_9519d1e35b5e,Somalia,Implementing Partner,Prioritise,0.0,MONITOR,0.0,0,0,0,0.00,0.0,NO_VERIFIED_CATALOGUE_MATCH,0,,0.0,NONE,0,0.0,,0.0,MONITOR,No strong commercial signal yet.,Keep on watchlist; revisit when new procurement demand or catalogue-fit evidence appears.,,
acct_06772eeefcb0,MINISTRY OF HEALTH UNICEF,org_8036c1c90e37,Kenya,Implementing Partner,Prioritise,0.0,MONITOR,0.0,0,0,0,0.00,0.0,NO_VERIFIED_CATALOGUE_MATCH,0,,0.0,NONE,0,0.0,,0.0,MONITOR,No strong commercial signal yet.,Keep on watchlist; revisit when new procurement demand or catalogue-fit evidence appears.,,
acct_f20ad0fd8e4b,MINISTRY OF INDUSTRY,org_ecfb5d8ab3d6,Ethiopia,Implementing Partner,Prioritise,0.0,MONITOR,0.0,0,0,0,0.00,0.0,NO_VERIFIED_CATALOGUE_MATCH,0,,0.0,NONE,0,0.0,,0.0,MONITOR,No strong commercial signal yet.,Keep on watchlist; revisit when new procurement demand or catalogue-fit evidence appears.,,
acct_e02d65651216,MINISTRY OF JUSTICE,org_4a3c1521742f,Ethiopia,Implementing Partner,Prioritise,0.0,MONITOR,0.0,0,0,0,0.00,0.0,NO_VERIFIED_CATALOGUE_MATCH,0,,0.0,NONE,0,0.0,,0.0,MONITOR,No strong commercial signal yet.,Keep on watchlist; revisit when new procurement demand or catalogue-fit evidence appears.,,
acct_9b93e0ea5ea0,MINISTRY OF LABOR SOCIAL SECURITY AND SERVICES DEPT OF CHILDREN SERVICES,org_125c19559dba,Kenya,Implementing Partner,Prioritise,0.0,MONITOR,0.0,0,0,0,0.00,0.0,NO_VERIFIED_CATALOGUE_MATCH,0,,0.0,NONE,0,0.0,,0.0,MONITOR,No strong commercial signal yet.,Keep on watchlist; revisit when new procurement demand or catalogue-fit evidence appears.,,
acct_81c3aac9b33e,MINISTRY OF LABOUR SOCIAL AFFAIRS,org_5760fb07145c,Ethiopia,Implementing Partner,Prioritise,0.0,MONITOR,0.0,0,0,0,0.00,0.0,NO_VERIFIED_CATALOGUE_MATCH,0,,0.0,NONE,0,0.0,,0.0,MONITOR,No strong commercial signal yet.,Keep on watchlist; revisit when new procurement demand or catalogue-fit evidence appears.,,
acct_81ba760f3e32,MINISTRY OF LABOUR SOCIAL SECURITY AND SERVICES,org_4144b0d8cd36,Kenya,Implementing Partner,Prioritise,0.0,MONITOR,0.0,0,0,0,0.00,0.0,NO_VERIFIED_CATALOGUE_MATCH,0,,0.0,NONE,0,0.0,,0.0,MONITOR,No strong commercial signal yet.,Keep on watchlist; revisit when new procurement demand or catalogue-fit evidence appears.,,
acct_9315ca5a0cc8,MINISTRY OF LIVESTOCK AND FISHERIES LIVESTOCK,org_685ae1e924f6,Tanzania,Implementing Partner,Prioritise,0.0,MONITOR,0.0,0,0,0,0.00,0.0,NO_VERIFIED_CATALOGUE_MATCH,0,,0.0,NONE,0,0.0,,0.0,MONITOR,No strong commercial signal yet.,Keep on watchlist; revisit when new procurement demand or catalogue-fit evidence appears.,,
acct_18869be13f66,Ministry of Public Health and Sanitation,org_c47aa3d0cadb,Kenya,Accountable Agency,Monitor,0.0,MONITOR,0.0,0,0,0,0.00,0.0,NO_VERIFIED_CATALOGUE_MATCH,0,,0.0,NONE,0,0.0,,0.0,MONITOR,No strong commercial signal yet.,Keep on watchlist; revisit when new procurement demand or catalogue-fit evidence appears.,,
acct_470ce9374f7c,"Ministry of Public Health, Hygiene and Prevention",org_78dce6104742,Democratic Republic of the Congo,Implementing Partner,Qualify,0.0,MONITOR,0.0,0,0,0,0.00,0.0,NO_VERIFIED_CATALOGUE_MATCH,0,,0.0,NONE,0,0.0,,0.0,MONITOR,No strong commercial signal yet.,Keep on watchlist; revisit when new procurement demand or catalogue-fit evidence appears.,,
acct_7a63c045a479,"Ministry of Public Health, Hygiene and Social Security",org_a2521faeb82f,Democratic Republic of the Congo,Implementing Partner,Prioritise,0.0,MONITOR,0.0,0,0,0,0.00,0.0,NO_VERIFIED_CATALOGUE_MATCH,0,,0.0,NONE,0,0.0,,0.0,MONITOR,No strong commercial signal yet.,Keep on watchlist; revisit when new procurement demand or catalogue-fit evidence appears.,,
acct_ab815e2f90e3,MINISTRY OF SOCIAL DEVELOPMENT NBEG,org_7d2261f6e8ea,South Sudan,Implementing Partner,Prioritise,0.0,MONITOR,0.0,0,0,0,0.00,0.0,NO_VERIFIED_CATALOGUE_MATCH,0,,0.0,NONE,0,0.0,,0.0,MONITOR,No strong commercial signal yet.,Keep on watchlist; revisit when new procurement demand or catalogue-fit evidence appears.,,
acct_247829e50c98,MINISTRY OF WATER AND ENVIRONMENT HOMA BAY,org_9aff539fe058,Kenya,Implementing Partner,Prioritise,0.0,MONITOR,0.0,0,0,0,0.00,0.0,NO_VERIFIED_CATALOGUE_MATCH,0,,0.0,NONE,0,0.0,,0.0,MONITOR,No strong commercial signal yet.,Keep on watchlist; revisit when new procurement demand or catalogue-fit evidence appears.,,
acct_1bdd2a0db26f,MINISTRY OF WATER ENERGY AND MINERALS,org_009b3049366d,Tanzania,Implementing Partner,Prioritise,0.0,MONITOR,0.0,0,0,0,0.00,0.0,NO_VERIFIED_CATALOGUE_MATCH,0,,0.0,NONE,0,0.0,,0.0,MONITOR,No strong commercial signal yet.,Keep on watchlist; revisit when new procurement demand or catalogue-fit evidence appears.,,
acct_d5d989ae04cf,MINISTRY OF WOMEN CHILDREN AND YOUTH AFFAIRS,org_14ff437bb2c6,Ethiopia,Implementing Partner,Prioritise,0.0,MONITOR,0.0,0,0,0,0.00,0.0,NO_VERIFIED_CATALOGUE_MATCH,0,,0.0,NONE,0,0.0,,0.0,MONITOR,No strong commercial signal yet.,Keep on watchlist; revisit when new procurement demand or catalogue-fit evidence appears.,,
acct_aa08c96838ac,MINISTRY OF YOUTH CULTURE ARTS AND SPORT,org_1ac00102e41d,Tanzania,Implementing Partner,Prioritise,0.0,MONITOR,0.0,0,0,0,0.00,0.0,NO_VERIFIED_CATALOGUE_MATCH,0,,0.0,NONE,0,0.0,,0.0,MONITOR,No strong commercial signal yet.,Keep on watchlist; revisit when new procurement demand or catalogue-fit evidence appears.,,
acct_db2d1da9d8e1,Mino Health AI,org_dd9ab43043c6,GM; GH; BF; Kenya; SD; ZM,Implementing Partner,Prioritise,0.0,MONITOR,0.0,0,0,0,0.00,0.0,NO_VERIFIED_CATALOGUE_MATCH,0,,0.0,NONE,0,0.0,,0.0,MONITOR,No strong commercial signal yet.,Keep on watchlist; revisit when new procurement demand or catalogue-fit evidence appears.,,
acct_19b75bf9f0a9,"Minsitry Of Employment,Social Affa",org_4c57cdc3b072,Somalia,Implementing Partner,Monitor,0.0,MONITOR,0.0,0,0,0,0.00,0.0,NO_VERIFIED_CATALOGUE_MATCH,0,,0.0,NONE,0,0.0,,0.0,MONITOR,No strong commercial signal yet.,Keep on watchlist; revisit when new procurement demand or catalogue-fit evidence appears.,,
acct_67b97a1cfaf1,MISSION TRUST AID,org_b02456e14b02,South Sudan,Implementing Partner,Prioritise,0.0,MONITOR,0.0,0,0,0,0.00,0.0,NO_VERIFIED_CATALOGUE_MATCH,0,,0.0,NONE,0,0.0,,0.0,MONITOR,No strong commercial signal yet.,Keep on watchlist; revisit when new procurement demand or catalogue-fit evidence appears.,,
acct_ee9ae2664cc9,Missionszentrale der Franziskaner e.V.,org_9fa67f659165,Kenya,Implementing Partner,Research,0.0,MONITOR,0.0,0,0,0,0.00,0.0,NO_VERIFIED_CATALOGUE_MATCH,0,,0.0,NONE,0,0.0,,0.0,MONITOR,No strong commercial signal yet.,Keep on watchlist; revisit when new procurement demand or catalogue-fit evidence appears.,,
acct_774adf1702aa,MOBILE HUMANITARIAN AGENCY,org_2c152c283c46,South Sudan,Implementing Partner,Prioritise,0.0,MONITOR,0.0,0,0,0,0.00,0.0,NO_VERIFIED_CATALOGUE_MATCH,0,,0.0,NONE,0,0.0,,0.0,MONITOR,No strong commercial signal yet.,Keep on watchlist; revisit when new procurement demand or catalogue-fit evidence appears.,,
acct_908c30a96f08,MOBILE THEATRE TEAM,org_c57db5ca13fd,South Sudan,Implementing Partner,Prioritise,0.0,MONITOR,0.0,0,0,0,0.00,0.0,NO_VERIFIED_CATALOGUE_MATCH,0,,0.0,NONE,0,0.0,,0.0,MONITOR,No strong commercial signal yet.,Keep on watchlist; revisit when new procurement demand or catalogue-fit evidence appears.,,
acct_9e4d9e543cfb,Mobility India,org_2bba57d10590,Kenya; BD; JO; Uganda; GB; AF; BE; FJ; ID; LK; IN; ZA; CH,Implementing Partner,Prioritise,0.0,MONITOR,0.0,0,0,0,0.00,0.0,NO_VERIFIED_CATALOGUE_MATCH,0,,0.0,NONE,0,0.0,,0.0,MONITOR,No strong commercial signal yet.,Keep on watchlist; revisit when new procurement demand or catalogue-fit evidence appears.,,
acct_3da893740554,MOH GARISSA COUNTY,org_3b71a0127b72,Kenya,Implementing Partner,Prioritise,0.0,MONITOR,0.0,0,0,0,0.00,0.0,NO_VERIFIED_CATALOGUE_MATCH,0,,0.0,NONE,0,0.0,,0.0,MONITOR,No strong commercial signal yet.,Keep on watchlist; revisit when new procurement demand or catalogue-fit evidence appears.,,
acct_2a3d3a5ffe9a,MOH UN AGENCIES GRANT,org_8fb7204d7f83,Ethiopia,Implementing Partner,Prioritise,0.0,MONITOR,0.0,0,0,0,0.00,0.0,NO_VERIFIED_CATALOGUE_MATCH,0,,0.0,NONE,0,0.0,,0.0,MONITOR,No strong commercial signal yet.,Keep on watchlist; revisit when new procurement demand or catalogue-fit evidence appears.,,
acct_955508462fe0,Mohamed bin Zayed Foundation for Humanity,org_99d2a5458aa2,South Sudan; Ethiopia; Kenya,Donor,Prioritise,0.0,MONITOR,0.0,0,0,0,0.00,0.0,NO_VERIFIED_CATALOGUE_MATCH,0,,0.0,NONE,0,0.0,,0.0,MONITOR,No strong commercial signal yet.,Keep on watchlist; revisit when new procurement demand or catalogue-fit evidence appears.,,
acct_b0c0237694f1,Moi University,org_6461e7e12e60,Kenya; Rwanda; Uganda; Tanzania; CM; GB,Implementing Partner,Qualify,0.0,MONITOR,0.0,0,0,0,0.00,0.0,NO_VERIFIED_CATALOGUE_MATCH,0,,0.0,NONE,0,0.0,,0.0,MONITOR,No strong commercial signal yet.,Keep on watchlist; revisit when new procurement demand or catalogue-fit evidence appears.,,
acct_576872e788af,MOMBA DISTRICT COUNCIL,org_8932c5eb6d2b,Tanzania,Implementing Partner,Prioritise,0.0,MONITOR,0.0,0,0,0,0.00,0.0,NO_VERIFIED_CATALOGUE_MATCH,0,,0.0,NONE,0,0.0,,0.0,MONITOR,No strong commercial signal yet.,Keep on watchlist; revisit when new procurement demand or catalogue-fit evidence appears.,,
acct_3ee31e0b5e18,Morogoro Regional Authority,org_f3c2233ecfad,Tanzania,Implementing Partner,Monitor,0.0,MONITOR,0.0,0,0,0,0.00,0.0,NO_VERIFIED_CATALOGUE_MATCH,0,,0.0,NONE,0,0.0,,0.0,MONITOR,No strong commercial signal yet.,Keep on watchlist; revisit when new procurement demand or catalogue-fit evidence appears.,,
acct_7d3a992f2460,MOROTO DISTRICT LOCAL GOVERNMENT,org_43b5dbe7a66e,Uganda,Implementing Partner,Prioritise,0.0,MONITOR,0.0,0,0,0,0.00,0.0,NO_VERIFIED_CATALOGUE_MATCH,0,,0.0,NONE,0,0.0,,0.0,MONITOR,No strong commercial signal yet.,Keep on watchlist; revisit when new procurement demand or catalogue-fit evidence appears.,,
acct_232650a44b0d,MOTHER AND CHILD DEVELOPMENT ORG,org_69d9a043b51b,Ethiopia,Implementing Partner,Prioritise,0.0,MONITOR,0.0,0,0,0,0.00,0.0,NO_VERIFIED_CATALOGUE_MATCH,0,,0.0,NONE,0,0.0,,0.0,MONITOR,No strong commercial signal yet.,Keep on watchlist; revisit when new procurement demand or catalogue-fit evidence appears.,,
acct_bcd6b964eba3,MOTHER AND CHILDREN DEVELOPMENT AID,org_b1158a637eb7,South Sudan,Implementing Partner,Prioritise,0.0,MONITOR,0.0,0,0,0,0.00,0.0,NO_VERIFIED_CATALOGUE_MATCH,0,,0.0,NONE,0,0.0,,0.0,MONITOR,No strong commercial signal yet.,Keep on watchlist; revisit when new procurement demand or catalogue-fit evidence appears.,,
acct_0dfa2c582991,MOTHERS AND CHILDREN MULTISECTORAL DEVELOPMENT ORGANIZATION,org_d51b37d038d2,Ethiopia,Implementing Partner,Prioritise,0.0,MONITOR,0.0,0,0,0,0.00,0.0,NO_VERIFIED_CATALOGUE_MATCH,0,,0.0,NONE,0,0.0,,0.0,MONITOR,No strong commercial signal yet.,Keep on watchlist; revisit when new procurement demand or catalogue-fit evidence appears.,,
acct_28ea17414670,Motivation,org_bbacab93f90d,Kenya; IN; SL; NP; GH; BR; GB; ZA,Implementing Partner,Qualify,0.0,MONITOR,0.0,0,0,0,0.00,0.0,NO_VERIFIED_CATALOGUE_MATCH,0,,0.0,NONE,0,0.0,,0.0,MONITOR,No strong commercial signal yet.,Keep on watchlist; revisit when new procurement demand or catalogue-fit evidence appears.,,
acct_c164604a8dd1,Mott MacDonald Group Limited,org_d97da42d3471,Uganda; Kenya; KH; NG; Somalia; ZA; VN; ZW; IN; Rwanda; GH; SY; TL; IQ; EG; YE; TH; MW; MY; PH; PK; JO; BD; Ethiopia; MM; South Sudan; Democratic Republic of the Congo; ID; NP; TN; Tanzania,Implementing Partner,Prioritise,0.0,MONITOR,0.0,0,0,0,0.00,0.0,NO_VERIFIED_CATALOGUE_MATCH,0,,0.0,NONE,0,0.0,,0.0,MONITOR,No strong commercial signal yet.,Keep on watchlist; revisit when new procurement demand or catalogue-fit evidence appears.,,
acct_cbfcec2d7508,MOTT MACDONALD LTD,org_61ea9d3edfc1,South Sudan,Implementing Partner,Qualify,0.0,MONITOR,0.0,0,0,0,0.00,0.0,NO_VERIFIED_CATALOGUE_MATCH,0,,0.0,NONE,0,0.0,,0.0,MONITOR,No strong commercial signal yet.,Keep on watchlist; revisit when new procurement demand or catalogue-fit evidence appears.,,
acct_4414a3d4a560,Mount Kenya University,org_dfd7ce4be0dc,Kenya; GB,Implementing Partner,Prioritise,0.0,MONITOR,0.0,0,0,0,0.00,0.0,NO_VERIFIED_CATALOGUE_MATCH,0,,0.0,NONE,0,0.0,,0.0,MONITOR,No strong commercial signal yet.,Keep on watchlist; revisit when new procurement demand or catalogue-fit evidence appears.,,
acct_db2b6dd89daa,Mountains of the Moon University,org_bd709728e806,Uganda,Implementing Partner,Qualify,0.0,MONITOR,0.0,0,0,0,0.00,0.0,NO_VERIFIED_CATALOGUE_MATCH,0,,0.0,NONE,0,0.0,,0.0,MONITOR,No strong commercial signal yet.,Keep on watchlist; revisit when new procurement demand or catalogue-fit evidence appears.,,
acct_8490e581e693,MOUVEMENT INTERNATIONAL DES DROITS DE L ENFANTDE LA FEMME DE L HOMME VEUF ET,org_d4a78ee57404,Democratic Republic of the Congo,Implementing Partner,Prioritise,0.0,MONITOR,0.0,0,0,0,0.00,0.0,NO_VERIFIED_CATALOGUE_MATCH,0,,0.0,NONE,0,0.0,,0.0,MONITOR,No strong commercial signal yet.,Keep on watchlist; revisit when new procurement demand or catalogue-fit evidence appears.,,
acct_e52c01768a0a,MPTF-UN Uganda MPTF,org_dd63ad72ba35,Uganda,Donor,Research,0.0,MONITOR,0.0,0,0,0,0.00,0.0,NO_VERIFIED_CATALOGUE_MATCH,0,,0.0,NONE,0,0.0,,0.0,MONITOR,No strong commercial signal yet.,Keep on watchlist; revisit when new procurement demand or catalogue-fit evidence appears.,,
acct_14d2ace9cc5e,MPTFO - UN Multi Partner,org_f77fbea7407e,Democratic Republic of the Congo; South Sudan; Tanzania; Rwanda; Uganda; Kenya; Somalia; Ethiopia,Donor,Prioritise,0.0,MONITOR,0.0,0,0,0,0.00,0.0,NO_VERIFIED_CATALOGUE_MATCH,0,,0.0,NONE,0,0.0,,0.0,MONITOR,No strong commercial signal yet.,Keep on watchlist; revisit when new procurement demand or catalogue-fit evidence appears.,,
acct_bfcf857ad708,MRC Unit The Gambia,org_5173e823de58,GM; GH; BF; Kenya; SD; ZM,Implementing Partner,Prioritise,0.0,MONITOR,0.0,0,0,0,0.00,0.0,NO_VERIFIED_CATALOGUE_MATCH,0,,0.0,NONE,0,0.0,,0.0,MONITOR,No strong commercial signal yet.,Keep on watchlist; revisit when new procurement demand or catalogue-fit evidence appears.,,
acct_5bebddad5b16,MRC/UVRI and LSHTM Uganda Research Unit,org_275de91381f3,GB; Uganda; Kenya,Implementing Partner,Monitor,0.0,MONITOR,0.0,0,0,0,0.00,0.0,NO_VERIFIED_CATALOGUE_MATCH,0,,0.0,NONE,0,0.0,,0.0,MONITOR,No strong commercial signal yet.,Keep on watchlist; revisit when new procurement demand or catalogue-fit evidence appears.,,
acct_a1ba89318572,MRC/UVRI & LSHTM Uganda Research Unit,org_0a6523c23d96,GB; Uganda; CM; ZA; MW,Implementing Partner,Prioritise,0.0,MONITOR,0.0,0,0,0,0.00,0.0,NO_VERIFIED_CATALOGUE_MATCH,0,,0.0,NONE,0,0.0,,0.0,MONITOR,No strong commercial signal yet.,Keep on watchlist; revisit when new procurement demand or catalogue-fit evidence appears.,,
acct_c0b87743c082,MSD,org_13332eb528d8,Ethiopia,Implementing Partner,Prioritise,0.0,MONITOR,0.0,0,0,0,0.00,0.0,NO_VERIFIED_CATALOGUE_MATCH,0,,0.0,NONE,0,0.0,,0.0,MONITOR,No strong commercial signal yet.,Keep on watchlist; revisit when new procurement demand or catalogue-fit evidence appears.,,
acct_81a2f9a085fd,MSE Auditors Partnership,org_fd80b1dfb4b9,Ethiopia,Implementing Partner,Qualify,0.0,MONITOR,0.0,0,0,0,0.00,0.0,NO_VERIFIED_CATALOGUE_MATCH,0,,0.0,NONE,0,0.0,,0.0,MONITOR,No strong commercial signal yet.,Keep on watchlist; revisit when new procurement demand or catalogue-fit evidence appears.,,
acct_3fae2b173814,MTWARA REGIONAL SECRETARIAT,org_3e6c8cc72925,Tanzania,Implementing Partner,Prioritise,0.0,MONITOR,0.0,0,0,0,0.00,0.0,NO_VERIFIED_CATALOGUE_MATCH,0,,0.0,NONE,0,0.0,,0.0,MONITOR,No strong commercial signal yet.,Keep on watchlist; revisit when new procurement demand or catalogue-fit evidence appears.,,
acct_d0cefebc1f3f,MUFINDI DISTRICT COUNCIL,org_d63b9f7058c5,Tanzania,Implementing Partner,Prioritise,0.0,MONITOR,0.0,0,0,0,0.00,0.0,NO_VERIFIED_CATALOGUE_MATCH,0,,0.0,NONE,0,0.0,,0.0,MONITOR,No strong commercial signal yet.,Keep on watchlist; revisit when new procurement demand or catalogue-fit evidence appears.,,
acct_af4178a10139,MUHIMBILI UNIVERSITY OF HEALTH AND ALLIED SCIENCES,org_1d408c880f2b,Tanzania,Implementing Partner,Prioritise,0.0,MONITOR,0.0,0,0,0,0.00,0.0,NO_VERIFIED_CATALOGUE_MATCH,0,,0.0,NONE,0,0.0,,0.0,MONITOR,No strong commercial signal yet.,Keep on watchlist; revisit when new procurement demand or catalogue-fit evidence appears.,,
acct_af4178a10139,Muhimbili University of Health and Allied Sciences,org_1d408c880f2b,Tanzania; MW; ZA,Implementing Partner,Qualify,0.0,MONITOR,0.0,0,0,0,0.00,0.0,NO_VERIFIED_CATALOGUE_MATCH,0,,0.0,NONE,0,0.0,,0.0,MONITOR,No strong commercial signal yet.,Keep on watchlist; revisit when new procurement demand or catalogue-fit evidence appears.,,
acct_a26f53718f62,MUKONO DISTRICT LOCAL GOVERNMENT,org_79539e1054b2,Uganda,Implementing Partner,Prioritise,0.0,MONITOR,0.0,0,0,0,0.00,0.0,NO_VERIFIED_CATALOGUE_MATCH,0,,0.0,NONE,0,0.0,,0.0,MONITOR,No strong commercial signal yet.,Keep on watchlist; revisit when new procurement demand or catalogue-fit evidence appears.,,
acct_c54338c4202f,Multi Donor Trust Fund for Achieving Nutrition Impact at Scale,org_c113d65e9af7,Rwanda,Implementing Partner,Prioritise,0.0,MONITOR,0.0,0,0,0,0.00,0.0,NO_VERIFIED_CATALOGUE_MATCH,0,,0.0,NONE,0,0.0,,0.0,MONITOR,No strong commercial signal yet.,Keep on watchlist; revisit when new procurement demand or catalogue-fit evidence appears.,,
acct_64fd5b780d05,Multi Donor Trust Fund for Achieving Nutrition Impact at Scale - Parallel Trust Fund of TF072405,org_4c0c2f74aa54,Rwanda,Implementing Partner,Prioritise,0.0,MONITOR,0.0,0,0,0,0.00,0.0,NO_VERIFIED_CATALOGUE_MATCH,0,,0.0,NONE,0,0.0,,0.0,MONITOR,No strong commercial signal yet.,Keep on watchlist; revisit when new procurement demand or catalogue-fit evidence appears.,,
acct_27df5abd22e1,Multi-Donor Trust Fund for the Global Financing Facility (GFF) in Support of Every Woman Every Child,org_a567ffce84ff,Ethiopia; Rwanda; Tanzania; Kenya,Implementing Partner,Prioritise,0.0,MONITOR,0.0,0,0,0,0.00,0.0,NO_VERIFIED_CATALOGUE_MATCH,0,,0.0,NONE,0,0.0,,0.0,MONITOR,No strong commercial signal yet.,Keep on watchlist; revisit when new procurement demand or catalogue-fit evidence appears.,,
acct_fb8a05eee6d8,Multi-Donor Trust Fund for the Global Financing Facility (GFF) in Support of Every Woman Every Child - Parallel Trust Fund,org_d94b1e2ddb52,Ethiopia; Democratic Republic of the Congo; Rwanda; Somalia; Tanzania,Implementing Partner,Prioritise,0.0,MONITOR,0.0,0,0,0,0.00,0.0,NO_VERIFIED_CATALOGUE_MATCH,0,,0.0,NONE,0,0.0,,0.0,MONITOR,No strong commercial signal yet.,Keep on watchlist; revisit when new procurement demand or catalogue-fit evidence appears.,,
acct_217b03f5b308,MULTILATERAL ORGANISATIONS,org_681c7d398eea,Democratic Republic of the Congo,Implementing Partner,Research,0.0,MONITOR,0.0,0,0,0,0.00,0.0,NO_VERIFIED_CATALOGUE_MATCH,0,,0.0,NONE,0,0.0,,0.0,MONITOR,No strong commercial signal yet.,Keep on watchlist; revisit when new procurement demand or catalogue-fit evidence appears.,,
acct_e1aeef27eb17,MUMS FOR MUMS,org_38d30e02bd23,Ethiopia,Implementing Partner,Prioritise,0.0,MONITOR,0.0,0,0,0,0.00,0.0,NO_VERIFIED_CATALOGUE_MATCH,0,,0.0,NONE,0,0.0,,0.0,MONITOR,No strong commercial signal yet.,Keep on watchlist; revisit when new procurement demand or catalogue-fit evidence appears.,,
acct_5e2f54c42d14,Muni University,org_0019b256c70e,Uganda,Implementing Partner,Qualify,0.0,MONITOR,0.0,0,0,0,0.00,0.0,NO_VERIFIED_CATALOGUE_MATCH,0,,0.0,NONE,0,0.0,,0.0,MONITOR,No strong commercial signal yet.,Keep on watchlist; revisit when new procurement demand or catalogue-fit evidence appears.,,
acct_1fb0945e10f5,MUNICIPALITY OF MOGADISHU MOM BENAADIR REGIONAL ADMINISTRATION,org_53a53babc78f,Somalia,Implementing Partner,Prioritise,0.0,MONITOR,0.0,0,0,0,0.00,0.0,NO_VERIFIED_CATALOGUE_MATCH,0,,0.0,NONE,0,0.0,,0.0,MONITOR,No strong commercial signal yet.,Keep on watchlist; revisit when new procurement demand or catalogue-fit evidence appears.,,
acct_92e40b8a2698,Murdoch Childrens Research Institute,org_4ef1dbecb2ea,GM; Kenya; SL; LA; MN,Implementing Partner,Prioritise,0.0,MONITOR,0.0,0,0,0,0.00,0.0,NO_VERIFIED_CATALOGUE_MATCH,0,,0.0,NONE,0,0.0,,0.0,MONITOR,No strong commercial signal yet.,Keep on watchlist; revisit when new procurement demand or catalogue-fit evidence appears.,,
acct_540d166d2c0b,Mwenge Catholic University,org_fe4525a180b0,Tanzania,Implementing Partner,Qualify,0.0,MONITOR,0.0,0,0,0,0.00,0.0,NO_VERIFIED_CATALOGUE_MATCH,0,,0.0,NONE,0,0.0,,0.0,MONITOR,No strong commercial signal yet.,Keep on watchlist; revisit when new procurement demand or catalogue-fit evidence appears.,,
acct_8fb4b815839d,"Myriad USA, Inc (Previously King Baudouin Foundation United States ? KBFUS)",org_a5fafb8430bf,Kenya; Tanzania,Donor,Prioritise,0.0,MONITOR,0.0,0,0,0,0.00,0.0,NO_VERIFIED_CATALOGUE_MATCH,0,,0.0,NONE,0,0.0,,0.0,MONITOR,No strong commercial signal yet.,Keep on watchlist; revisit when new procurement demand or catalogue-fit evidence appears.,,
acct_8e2920c54afe,Mzumbe University,org_328da2bf88d7,Tanzania,Implementing Partner,Qualify,0.0,MONITOR,0.0,0,0,0,0.00,0.0,NO_VERIFIED_CATALOGUE_MATCH,0,,0.0,NONE,0,0.0,,0.0,MONITOR,No strong commercial signal yet.,Keep on watchlist; revisit when new procurement demand or catalogue-fit evidence appears.,,
acct_a8a8bdb8d07d,NAKASONGOLA DISTRICT LOCAL GOVERNMENT,org_e65cd668a0ee,Uganda,Implementing Partner,Prioritise,0.0,MONITOR,0.0,0,0,0,0.00,0.0,NO_VERIFIED_CATALOGUE_MATCH,0,,0.0,NONE,0,0.0,,0.0,MONITOR,No strong commercial signal yet.,Keep on watchlist; revisit when new procurement demand or catalogue-fit evidence appears.,,
acct_96871493718f,NAMAYINGO DISTRICT LOCAL GOVERNMENT,org_9fbb069941a3,Uganda,Implementing Partner,Prioritise,0.0,MONITOR,0.0,0,0,0,0.00,0.0,NO_VERIFIED_CATALOGUE_MATCH,0,,0.0,NONE,0,0.0,,0.0,MONITOR,No strong commercial signal yet.,Keep on watchlist; revisit when new procurement demand or catalogue-fit evidence appears.,,
acct_05a8f089838a,NAROK COUNTY DEPARTMENT OF HEALTH,org_fbccfd68ad97,Kenya,Implementing Partner,Prioritise,0.0,MONITOR,0.0,0,0,0,0.00,0.0,NO_VERIFIED_CATALOGUE_MATCH,0,,0.0,NONE,0,0.0,,0.0,MONITOR,No strong commercial signal yet.,Keep on watchlist; revisit when new procurement demand or catalogue-fit evidence appears.,,
acct_7b66e30f20cf,NATIONAL AIDS CONTROL COUNCIL,org_2fcd7bf4ade5,Kenya,Implementing Partner,Prioritise,0.0,MONITOR,0.0,0,0,0,0.00,0.0,NO_VERIFIED_CATALOGUE_MATCH,0,,0.0,NONE,0,0.0,,0.0,MONITOR,No strong commercial signal yet.,Keep on watchlist; revisit when new procurement demand or catalogue-fit evidence appears.,,
acct_40a4fe535dcf,NATIONAL BUREAU OF STATISTICS,org_3df27e00e3c8,Tanzania,Implementing Partner,Prioritise,0.0,MONITOR,0.0,0,0,0,0.00,0.0,NO_VERIFIED_CATALOGUE_MATCH,0,,0.0,NONE,0,0.0,,0.0,MONITOR,No strong commercial signal yet.,Keep on watchlist; revisit when new procurement demand or catalogue-fit evidence appears.,,
acct_40a4fe535dcf,NATIONAL BUREAU OF STATISTICS,org_3df27e00e3c8,South Sudan,Implementing Partner,Prioritise,0.0,MONITOR,0.0,0,0,0,0.00,0.0,NO_VERIFIED_CATALOGUE_MATCH,0,,0.0,NONE,0,0.0,,0.0,MONITOR,No strong commercial signal yet.,Keep on watchlist; revisit when new procurement demand or catalogue-fit evidence appears.,,
acct_30a8e82f3fe7,National Cancer Institute of Kenya,org_4b0cb2bdb82c,Kenya; GB,Implementing Partner,Prioritise,0.0,MONITOR,0.0,0,0,0,0.00,0.0,NO_VERIFIED_CATALOGUE_MATCH,0,,0.0,NONE,0,0.0,,0.0,MONITOR,No strong commercial signal yet.,Keep on watchlist; revisit when new procurement demand or catalogue-fit evidence appears.,,
acct_59b0cb8e61a3,NATIONAL CHILD DEVELOPMENT AGENCY TUBARERE MUMURYANGO PROGRAMME,org_3d2c9c3cf59d,Rwanda,Implementing Partner,Prioritise,0.0,MONITOR,0.0,0,0,0,0.00,0.0,NO_VERIFIED_CATALOGUE_MATCH,0,,0.0,NONE,0,0.0,,0.0,MONITOR,No strong commercial signal yet.,Keep on watchlist; revisit when new procurement demand or catalogue-fit evidence appears.,,
acct_ea256b804521,NATIONAL COUNCIL FOR NOMADIC EDUCATION IN KENYA,org_3d56936f65c1,Kenya,Implementing Partner,Prioritise,0.0,MONITOR,0.0,0,0,0,0.00,0.0,NO_VERIFIED_CATALOGUE_MATCH,0,,0.0,NONE,0,0.0,,0.0,MONITOR,No strong commercial signal yet.,Keep on watchlist; revisit when new procurement demand or catalogue-fit evidence appears.,,
acct_4f0f8cd1da25,NATIONAL COUNCIL FOR PERSONS WITH DISABILITIES,org_3444c1003ec6,Tanzania,Implementing Partner,Prioritise,0.0,MONITOR,0.0,0,0,0,0.00,0.0,NO_VERIFIED_CATALOGUE_MATCH,0,,0.0,NONE,0,0.0,,0.0,MONITOR,No strong commercial signal yet.,Keep on watchlist; revisit when new procurement demand or catalogue-fit evidence appears.,,
acct_d3f74a728666,NATIONAL COUNCIL OF PERSONS WITH DISABILITIES,org_9038c898801e,Rwanda,Implementing Partner,Prioritise,0.0,MONITOR,0.0,0,0,0,0.00,0.0,NO_VERIFIED_CATALOGUE_MATCH,0,,0.0,NONE,0,0.0,,0.0,MONITOR,No strong commercial signal yet.,Keep on watchlist; revisit when new procurement demand or catalogue-fit evidence appears.,,
acct_33824b1d59dc,NATIONAL EDUCATION COALITION,org_8c092299f58d,South Sudan,Implementing Partner,Prioritise,0.0,MONITOR,0.0,0,0,0,0.00,0.0,NO_VERIFIED_CATALOGUE_MATCH,0,,0.0,NONE,0,0.0,,0.0,MONITOR,No strong commercial signal yet.,Keep on watchlist; revisit when new procurement demand or catalogue-fit evidence appears.,,
acct_d81fed77855b,National Environment Management Authority,org_d10a156543b4,Kenya; GB; Uganda; ZA,Implementing Partner,Prioritise,0.0,MONITOR,0.0,0,0,0,0.00,0.0,NO_VERIFIED_CATALOGUE_MATCH,0,,0.0,NONE,0,0.0,,0.0,MONITOR,No strong commercial signal yet.,Keep on watchlist; revisit when new procurement demand or catalogue-fit evidence appears.,,
acct_5674c79526d7,National Execution,org_3f4cf80cd479,Democratic Republic of the Congo,Implementing Partner,Monitor,0.0,MONITOR,0.0,0,0,0,0.00,0.0,NO_VERIFIED_CATALOGUE_MATCH,0,,0.0,NONE,0,0.0,,0.0,MONITOR,No strong commercial signal yet.,Keep on watchlist; revisit when new procurement demand or catalogue-fit evidence appears.,,
acct_709edd2e7c1a,National Institute for Health and Care Research,org_e1064810350d,GB; Uganda; CM; ZA; MW; GM; Kenya,Donor,Prioritise,0.0,MONITOR,0.0,0,0,0,0.00,0.0,NO_VERIFIED_CATALOGUE_MATCH,0,,0.0,NONE,0,0.0,,0.0,MONITOR,No strong commercial signal yet.,Keep on watchlist; revisit when new procurement demand or catalogue-fit evidence appears.,,
acct_7b4bc5463d3b,National Institute for Health and Care Research (NIHR),org_65328da5a224,Uganda,Donor,Prioritise,0.0,MONITOR,0.0,0,0,0,0.00,0.0,NO_VERIFIED_CATALOGUE_MATCH,0,,0.0,NONE,0,0.0,,0.0,MONITOR,No strong commercial signal yet.,Keep on watchlist; revisit when new procurement demand or catalogue-fit evidence appears.,,
acct_6cea6921be7e,National Institute for Medical Research,org_429d0734c103,Tanzania,Implementing Partner,Qualify,0.0,MONITOR,0.0,0,0,0,0.00,0.0,NO_VERIFIED_CATALOGUE_MATCH,0,,0.0,NONE,0,0.0,,0.0,MONITOR,No strong commercial signal yet.,Keep on watchlist; revisit when new procurement demand or catalogue-fit evidence appears.,,
acct_bbbc831694ce,National Institute of Health (NIH),org_845bce926db3,Kenya,Donor,Qualify,0.0,MONITOR,0.0,0,0,0,0.00,0.0,NO_VERIFIED_CATALOGUE_MATCH,0,,0.0,NONE,0,0.0,,0.0,MONITOR,No strong commercial signal yet.,Keep on watchlist; revisit when new procurement demand or catalogue-fit evidence appears.,,
acct_16d972141fd7,National Institute of Health Research (NIHR),org_70fa2682bf1f,GM; GH; BF; Kenya; SD; ZM; GB; LK; LB; Rwanda,Donor,Qualify,0.0,MONITOR,0.0,0,0,0,0.00,0.0,NO_VERIFIED_CATALOGUE_MATCH,0,,0.0,NONE,0,0.0,,0.0,MONITOR,No strong commercial signal yet.,Keep on watchlist; revisit when new procurement demand or catalogue-fit evidence appears.,,
acct_7ca4c61b0b9b,"National Institute of Medical Research (NIMR, TB Programme), Tanzania",org_68c280896f65,CM; Ethiopia; GH; Kenya; MW; NG; ZA; SD; Tanzania; Uganda; NZ; GB,Implementing Partner,Qualify,0.0,MONITOR,0.0,0,0,0,0.00,0.0,NO_VERIFIED_CATALOGUE_MATCH,0,,0.0,NONE,0,0.0,,0.0,MONITOR,No strong commercial signal yet.,Keep on watchlist; revisit when new procurement demand or catalogue-fit evidence appears.,,
acct_2244a785cac0,National Institute of Urban Affairs,org_94cbc3c3fdb4,MW; ID; CH; GH; CO; GB; SL; BE; FR; IN; Kenya; MN; US,Implementing Partner,Qualify,0.0,MONITOR,0.0,0,0,0,0.00,0.0,NO_VERIFIED_CATALOGUE_MATCH,0,,0.0,NONE,0,0.0,,0.0,MONITOR,No strong commercial signal yet.,Keep on watchlist; revisit when new procurement demand or catalogue-fit evidence appears.,,
acct_bd1b83d88a24,National Institutes Health,org_24a5ce9dd41a,Kenya,Donor,Monitor,0.0,MONITOR,0.0,0,0,0,0.00,0.0,NO_VERIFIED_CATALOGUE_MATCH,0,,0.0,NONE,0,0.0,,0.0,MONITOR,No strong commercial signal yet.,Keep on watchlist; revisit when new procurement demand or catalogue-fit evidence appears.,,
acct_11fab949cffe,National Institutes of Health,org_b059b4b9267d,Kenya,Donor,Research,0.0,MONITOR,0.0,0,0,0,0.00,0.0,NO_VERIFIED_CATALOGUE_MATCH,0,,0.0,NONE,0,0.0,,0.0,MONITOR,No strong commercial signal yet.,Keep on watchlist; revisit when new procurement demand or catalogue-fit evidence appears.,,
acct_59f5719dce31,National Paralympic Committee,org_94c6e557012c,MW; ID; CH; GH; CO; GB; SL; BE; FR; IN; Kenya; MN; US,Implementing Partner,Qualify,0.0,MONITOR,0.0,0,0,0,0.00,0.0,NO_VERIFIED_CATALOGUE_MATCH,0,,0.0,NONE,0,0.0,,0.0,MONITOR,No strong commercial signal yet.,Keep on watchlist; revisit when new procurement demand or catalogue-fit evidence appears.,,
acct_cbe1f2af4344,NATIONAL PARALYMPIC COMMITTEE OF RWANDA,org_832f968aa0ad,Rwanda,Implementing Partner,Prioritise,0.0,MONITOR,0.0,0,0,0,0.00,0.0,NO_VERIFIED_CATALOGUE_MATCH,0,,0.0,NONE,0,0.0,,0.0,MONITOR,No strong commercial signal yet.,Keep on watchlist; revisit when new procurement demand or catalogue-fit evidence appears.,,
acct_4a2915ac4e95,NATIONAL PARENTS ASSOCIATION,org_3e7a75cad866,Kenya,Implementing Partner,Prioritise,0.0,MONITOR,0.0,0,0,0,0.00,0.0,NO_VERIFIED_CATALOGUE_MATCH,0,,0.0,NONE,0,0.0,,0.0,MONITOR,No strong commercial signal yet.,Keep on watchlist; revisit when new procurement demand or catalogue-fit evidence appears.,,
acct_5bef91ddc0b1,NATIONAL REHABILITATION COMMISSION,org_315ebaeca64b,Ethiopia,Implementing Partner,Prioritise,0.0,MONITOR,0.0,0,0,0,0.00,0.0,NO_VERIFIED_CATALOGUE_MATCH,0,,0.0,NONE,0,0.0,,0.0,MONITOR,No strong commercial signal yet.,Keep on watchlist; revisit when new procurement demand or catalogue-fit evidence appears.,,
acct_82c27297b463,NATIONAL SCIENCE AND TECHNOLOGY DEVELOPMENT AGENCY,org_4e94f7f78a60,Kenya; KH; NG; Somalia; ZA; VN; ZW; IN; Rwanda; GH; SY; TL; IQ; EG; YE; TH; MW; MY; PH; PK; JO; BD; Ethiopia; MM; South Sudan; Democratic Republic of the Congo; ID; NP; TN; Tanzania,Implementing Partner,Qualify,0.0,MONITOR,0.0,0,0,0,0.00,0.0,NO_VERIFIED_CATALOGUE_MATCH,0,,0.0,NONE,0,0.0,,0.0,MONITOR,No strong commercial signal yet.,Keep on watchlist; revisit when new procurement demand or catalogue-fit evidence appears.,,
acct_2820eb208f58,National Tuberculosis and Leprosy Programme (NTLP),org_49c2b2a647e6,CM; Ethiopia; GH; Kenya; MW; NG; ZA; SD; Tanzania; Uganda; NZ; GB,Implementing Partner,Qualify,0.0,MONITOR,0.0,0,0,0,0.00,0.0,NO_VERIFIED_CATALOGUE_MATCH,0,,0.0,NONE,0,0.0,,0.0,MONITOR,No strong commercial signal yet.,Keep on watchlist; revisit when new procurement demand or catalogue-fit evidence appears.,,
acct_891da6afc8e1,National University of Singapore,org_aaac840a11ed,Kenya; KH; NG; Somalia; ZA; VN; ZW; IN; Rwanda; GH; SY; TL; IQ; EG; YE; TH; MW; MY; PH; PK; JO; BD; Ethiopia; MM; South Sudan; Democratic Republic of the Congo; ID; NP; TN; Tanzania,Implementing Partner,Qualify,0.0,MONITOR,0.0,0,0,0,0.00,0.0,NO_VERIFIED_CATALOGUE_MATCH,0,,0.0,NONE,0,0.0,,0.0,MONITOR,No strong commercial signal yet.,Keep on watchlist; revisit when new procurement demand or catalogue-fit evidence appears.,,
acct_e78683e2754d,Navrongo Health Research Centre,org_76e59ca41007,GB; MW; Kenya; GH; CI; NG,Implementing Partner,Prioritise,0.0,MONITOR,0.0,0,0,0,0.00,0.0,NO_VERIFIED_CATALOGUE_MATCH,0,,0.0,NONE,0,0.0,,0.0,MONITOR,No strong commercial signal yet.,Keep on watchlist; revisit when new procurement demand or catalogue-fit evidence appears.,,
acct_4ec50de44821,NAWAD,org_3f1ccc999e9c,Uganda,Implementing Partner,Research,0.0,MONITOR,0.0,0,0,0,0.00,0.0,NO_VERIFIED_CATALOGUE_MATCH,0,,0.0,NONE,0,0.0,,0.0,MONITOR,No strong commercial signal yet.,Keep on watchlist; revisit when new procurement demand or catalogue-fit evidence appears.,,
acct_924f6b629b0f,NCD Alliance Association of Thailand,org_34ab13f1426a,BD; GH; ID; Kenya; MR; NP; LK; Tanzania; TH; Uganda,Implementing Partner,Monitor,0.0,MONITOR,0.0,0,0,0,0.00,0.0,NO_VERIFIED_CATALOGUE_MATCH,0,,0.0,NONE,0,0.0,,0.0,MONITOR,No strong commercial signal yet.,Keep on watchlist; revisit when new procurement demand or catalogue-fit evidence appears.,,
acct_e2d9698371ea,Nelson Mandela African Institute of Science and Technology,org_7e256b7d1e0f,Tanzania,Implementing Partner,Qualify,0.0,MONITOR,0.0,0,0,0,0.00,0.0,NO_VERIFIED_CATALOGUE_MATCH,0,,0.0,NONE,0,0.0,,0.0,MONITOR,No strong commercial signal yet.,Keep on watchlist; revisit when new procurement demand or catalogue-fit evidence appears.,,
acct_3522af674dd8,NEOTREE,org_232b5dacf32d,Kenya; KH; NG; Somalia; ZA; VN; ZW; IN; Rwanda; GH; SY; TL; IQ; EG; YE; TH; MW; MY; PH; PK; JO; BD; Ethiopia; MM; South Sudan; Democratic Republic of the Congo; ID; NP; TN; Tanzania,Implementing Partner,Qualify,0.0,MONITOR,0.0,0,0,0,0.00,0.0,NO_VERIFIED_CATALOGUE_MATCH,0,,0.0,NONE,0,0.0,,0.0,MONITOR,No strong commercial signal yet.,Keep on watchlist; revisit when new procurement demand or catalogue-fit evidence appears.,,
acct_88e4604041b6,Netherlands,org_3ca95d453fed,South Sudan; Tanzania; BD; CI; CO; EG; Ethiopia; GH; ID; IN; Kenya; MA; NA; NG; SN; UA; Uganda; VN; ZA; AF; AL; AM; AO; BA; BF; BI; BJ; BO; BT; Democratic Republic of the Congo; CN; CR; CU; CV; DJ; DZ; EC; ER; GE; GM; GN; GT; HT; IQ; IR; JO; KH; LA; LB; LK; LR; LY; MD; MG; MK; ML; MM; MN; MW; MZ; NE; NI; NP; PA; PE; PH; PK; PS; Rwanda; SD; SL; Somalia; SR; ST; TD; TG; TH; TN; XK; YE; ZM; ZW; MY; BR; BS; BZ; CL; CM; DO; GQ; GY; HN; JM; KG; KM; KP; MR; PY; SV; SY; SZ; TO; TR; VE; BW; CF; DM; GR; PG; NL; AR; BY; GA; MX; HU; PL; AE; BH; KW; OM; QA; SA; AZ; BG; CG; LT; RO; VU,Donor,Prioritise,0.0,MONITOR,0.0,0,0,0,0.00,0.0,NO_VERIFIED_CATALOGUE_MATCH,0,,0.0,NONE,0,0.0,,0.0,MONITOR,No strong commercial signal yet.,Keep on watchlist; revisit when new procurement demand or catalogue-fit evidence appears.,,
acct_a06640f07560,Netherlands Committee for UNICEF,org_7c2147904355,Kenya; Somalia; Uganda,Donor,Prioritise,0.0,MONITOR,0.0,0,0,0,0.00,0.0,NO_VERIFIED_CATALOGUE_MATCH,0,,0.0,NONE,0,0.0,,0.0,MONITOR,No strong commercial signal yet.,Keep on watchlist; revisit when new procurement demand or catalogue-fit evidence appears.,,
acct_eddb58ceebf5,"Netherlands embassy in Nairobi, Kenya",org_4a41b3c82266,Kenya,Implementing Partner,Qualify,0.0,MONITOR,0.0,0,0,0,0.00,0.0,NO_VERIFIED_CATALOGUE_MATCH,0,,0.0,NONE,0,0.0,,0.0,MONITOR,No strong commercial signal yet.,Keep on watchlist; revisit when new procurement demand or catalogue-fit evidence appears.,,
acct_658f60792899,Netherlands Enterprise Agency,org_110c839bdcb6,BD; CI; CO; EG; Ethiopia; GH; ID; IN; Kenya; MA; NA; NG; SN; Tanzania; UA; Uganda; VN; ZA; AF; AL; AM; AO; BA; BF; BI; BJ; BO; BT; Democratic Republic of the Congo; CN; CR; CU; CV; DJ; DZ; EC; ER; GE; GM; GN; GT; HT; IQ; IR; JO; KH; LA; LB; LK; LR; LY; MD; MG; MK; ML; MM; MN; MW; MZ; NE; NI; NP; PA; PE; PH; PK; PS; Rwanda; SD; SL; Somalia; SR; South Sudan; ST; TD; TG; TH; TN; XK; YE; ZM; ZW; MY; AR; BR; BS; BZ; CL; CM; DO; GQ; GY; HN; JM; KG; KM; KP; MR; PY; SV; SY; SZ; TO; TR; VE; BW; CF; DM; GR; PG; BY; GA; MX; HU; PL; AE; BH; KW; OM; QA; SA; AZ; BG; CG; LT; RO; VU,Donor,Prioritise,0.0,MONITOR,0.0,0,0,0,0.00,0.0,NO_VERIFIED_CATALOGUE_MATCH,0,,0.0,NONE,0,0.0,,0.0,MONITOR,No strong commercial signal yet.,Keep on watchlist; revisit when new procurement demand or catalogue-fit evidence appears.,,
acct_3730aec7bbf9,Netherlands - Ministry for Foreign Trade and Development Cooperation,org_1ddeb09cb113,Ethiopia; Somalia; Uganda,Donor,Prioritise,0.0,MONITOR,0.0,0,0,0,0.00,0.0,NO_VERIFIED_CATALOGUE_MATCH,0,,0.0,NONE,0,0.0,,0.0,MONITOR,No strong commercial signal yet.,Keep on watchlist; revisit when new procurement demand or catalogue-fit evidence appears.,,
acct_9d82772d9c72,Netherlands Red Cross Society,org_2f00b7195852,Uganda,Implementing Partner,Research,0.0,MONITOR,0.0,0,0,0,0.00,0.0,NO_VERIFIED_CATALOGUE_MATCH,0,,0.0,NONE,0,0.0,,0.0,MONITOR,No strong commercial signal yet.,Keep on watchlist; revisit when new procurement demand or catalogue-fit evidence appears.,,
acct_41fb801fef1f,Netherlands Red Cross Society (NLRC),org_eb4a2fb9b260,Uganda,Implementing Partner,Research,0.0,MONITOR,0.0,0,0,0,0.00,0.0,NO_VERIFIED_CATALOGUE_MATCH,0,,0.0,NONE,0,0.0,,0.0,MONITOR,No strong commercial signal yet.,Keep on watchlist; revisit when new procurement demand or catalogue-fit evidence appears.,,
acct_0b30a9f5f909,NETWORK FOR ADOLESCENT AND YOUTH OF AFRICA,org_9f8c9f75b72b,Kenya,Implementing Partner,Prioritise,0.0,MONITOR,0.0,0,0,0,0.00,0.0,NO_VERIFIED_CATALOGUE_MATCH,0,,0.0,NONE,0,0.0,,0.0,MONITOR,No strong commercial signal yet.,Keep on watchlist; revisit when new procurement demand or catalogue-fit evidence appears.,,
acct_550b5d41cb94,Network of International NGOs-Rwanda,org_a4c62805335f,Rwanda,Implementing Partner,Qualify,0.0,MONITOR,0.0,0,0,0,0.00,0.0,NO_VERIFIED_CATALOGUE_MATCH,0,,0.0,NONE,0,0.0,,0.0,MONITOR,No strong commercial signal yet.,Keep on watchlist; revisit when new procurement demand or catalogue-fit evidence appears.,,
acct_8319ada3866d,NEW WAYS ORGANIZATION,org_f336be3b8c41,Somalia,Implementing Partner,Prioritise,0.0,MONITOR,0.0,0,0,0,0.00,0.0,NO_VERIFIED_CATALOGUE_MATCH,0,,0.0,NONE,0,0.0,,0.0,MONITOR,No strong commercial signal yet.,Keep on watchlist; revisit when new procurement demand or catalogue-fit evidence appears.,,
acct_e65540ca95d2,New Zealand Committee for UNICEF,org_1d14d15ec8af,South Sudan,Donor,Prioritise,0.0,MONITOR,0.0,0,0,0,0.00,0.0,NO_VERIFIED_CATALOGUE_MATCH,0,,0.0,NONE,0,0.0,,0.0,MONITOR,No strong commercial signal yet.,Keep on watchlist; revisit when new procurement demand or catalogue-fit evidence appears.,,
acct_4c9714ab2c99,New Zealand - Ministry of Foreign Affairs and Trade,org_2a0a5b2ad78e,Democratic Republic of the Congo,Donor,Prioritise,0.0,MONITOR,0.0,0,0,0,0.00,0.0,NO_VERIFIED_CATALOGUE_MATCH,0,,0.0,NONE,0,0.0,,0.0,MONITOR,No strong commercial signal yet.,Keep on watchlist; revisit when new procurement demand or catalogue-fit evidence appears.,,
acct_2d270cde5107,Nexus Ethiopia,org_c8e5cc01208d,Ethiopia,Implementing Partner,Prioritise,0.0,MONITOR,0.0,0,0,0,0.00,0.0,NO_VERIFIED_CATALOGUE_MATCH,0,,0.0,NONE,0,0.0,,0.0,MONITOR,No strong commercial signal yet.,Keep on watchlist; revisit when new procurement demand or catalogue-fit evidence appears.,,
acct_98d1f3819269,NFU - Norsk Forbund for Utviklingshemmede,org_f5e76a7a93dd,Ethiopia,Implementing Partner,Prioritise,0.0,MONITOR,0.0,0,0,0,0.00,0.0,NO_VERIFIED_CATALOGUE_MATCH,0,,0.0,NONE,0,0.0,,0.0,MONITOR,No strong commercial signal yet.,Keep on watchlist; revisit when new procurement demand or catalogue-fit evidence appears.,,
acct_9f4069337ab5,Nigeria Centre for Disease Control,org_a7e5c7fd9402,GB; MW; Kenya; GH; CI; NG,Implementing Partner,Prioritise,0.0,MONITOR,0.0,0,0,0,0.00,0.0,NO_VERIFIED_CATALOGUE_MATCH,0,,0.0,NONE,0,0.0,,0.0,MONITOR,No strong commercial signal yet.,Keep on watchlist; revisit when new procurement demand or catalogue-fit evidence appears.,,
acct_b20ffbbea06f,Nigeria Institute of Medical Research,org_5d321fbdb7b5,GB; MW; Kenya; GH; CI; NG,Implementing Partner,Prioritise,0.0,MONITOR,0.0,0,0,0,0.00,0.0,NO_VERIFIED_CATALOGUE_MATCH,0,,0.0,NONE,0,0.0,,0.0,MONITOR,No strong commercial signal yet.,Keep on watchlist; revisit when new procurement demand or catalogue-fit evidence appears.,,
acct_c031e40bc820,NIHR,org_fd3d05772bb4,MW; Uganda; Kenya; Ethiopia; GB; BW; Democratic Republic of the Congo; GN; MZ; ZA; VN; Rwanda; Tanzania; CM; GH; SL; NL; MG,Donor,Prioritise,0.0,MONITOR,0.0,0,0,0,0.00,0.0,NO_VERIFIED_CATALOGUE_MATCH,0,,0.0,NONE,0,0.0,,0.0,MONITOR,No strong commercial signal yet.,Keep on watchlist; revisit when new procurement demand or catalogue-fit evidence appears.,,
acct_ca9cc903c949,NILE HOPE DEVELOPMENT FORUM,org_a3507ad21e48,South Sudan,Implementing Partner,Prioritise,0.0,MONITOR,0.0,0,0,0,0.00,0.0,NO_VERIFIED_CATALOGUE_MATCH,0,,0.0,NONE,0,0.0,,0.0,MONITOR,No strong commercial signal yet.,Keep on watchlist; revisit when new procurement demand or catalogue-fit evidence appears.,,
acct_ff0af6361f57,NILE INITIATIVE DEVELOPMENT ORGANIZATION NIDO,org_5848d8d7d71c,South Sudan,Implementing Partner,Research,0.0,MONITOR,0.0,0,0,0,0.00,0.0,NO_VERIFIED_CATALOGUE_MATCH,0,,0.0,NONE,0,0.0,,0.0,MONITOR,No strong commercial signal yet.,Keep on watchlist; revisit when new procurement demand or catalogue-fit evidence appears.,,
acct_d617a4ca43c3,NIRAS GROUP UK LTD,org_02b69672064e,Ethiopia,Implementing Partner,Qualify,0.0,MONITOR,0.0,0,0,0,0.00,0.0,NO_VERIFIED_CATALOGUE_MATCH,0,,0.0,NONE,0,0.0,,0.0,MONITOR,No strong commercial signal yet.,Keep on watchlist; revisit when new procurement demand or catalogue-fit evidence appears.,,
acct_2910c2d8cb03,NJOMBE TOWN COUNCIL,org_a26cecac43ab,Tanzania,Implementing Partner,Prioritise,0.0,MONITOR,0.0,0,0,0,0.00,0.0,NO_VERIFIED_CATALOGUE_MATCH,0,,0.0,NONE,0,0.0,,0.0,MONITOR,No strong commercial signal yet.,Keep on watchlist; revisit when new procurement demand or catalogue-fit evidence appears.,,
acct_4a620702d881,"Noguchi Memorial Institute for Medical Research, University of Ghana",org_1cf59eea766e,GB; Ethiopia,Reporting Organisation,Qualify,0.0,MONITOR,0.0,0,0,0,0.00,0.0,NO_VERIFIED_CATALOGUE_MATCH,0,,0.0,NONE,0,0.0,,0.0,MONITOR,No strong commercial signal yet.,Keep on watchlist; revisit when new procurement demand or catalogue-fit evidence appears.,,
acct_4a620702d881,"Noguchi Memorial Institute for Medical Research, University of Ghana",org_1cf59eea766e,Ethiopia; GH; GB,Implementing Partner,Research,0.0,MONITOR,0.0,0,0,0,0.00,0.0,NO_VERIFIED_CATALOGUE_MATCH,0,,0.0,NONE,0,0.0,,0.0,MONITOR,No strong commercial signal yet.,Keep on watchlist; revisit when new procurement demand or catalogue-fit evidence appears.,,
acct_d7110984be6f,NOR - MINISTRY OF FOREIGN AFFAIRS,org_888216c6607a,Uganda,Donor,Research,0.0,MONITOR,0.0,0,0,0,0.00,0.0,NO_VERIFIED_CATALOGUE_MATCH,0,,0.0,NONE,0,0.0,,0.0,MONITOR,No strong commercial signal yet.,Keep on watchlist; revisit when new procurement demand or catalogue-fit evidence appears.,,
acct_11a2fd3e53e2,Nordic Development Fund,org_07e2cff35719,Tanzania,Donor,Prioritise,0.0,MONITOR,0.0,0,0,0,0.00,0.0,NO_VERIFIED_CATALOGUE_MATCH,0,,0.0,NONE,0,0.0,,0.0,MONITOR,No strong commercial signal yet.,Keep on watchlist; revisit when new procurement demand or catalogue-fit evidence appears.,,
acct_5fb72a905894,Norges Blindeforbund,org_52e744cd9a93,Tanzania; Ethiopia,Implementing Partner,Prioritise,0.0,MONITOR,0.0,0,0,0,0.00,0.0,NO_VERIFIED_CATALOGUE_MATCH,0,,0.0,NONE,0,0.0,,0.0,MONITOR,No strong commercial signal yet.,Keep on watchlist; revisit when new procurement demand or catalogue-fit evidence appears.,,
acct_777a3540a51c,North coast medical training college Kenya,org_28c2451b66c6,Kenya,Donor,Monitor,0.0,MONITOR,0.0,0,0,0,0.00,0.0,NO_VERIFIED_CATALOGUE_MATCH,0,,0.0,NONE,0,0.0,,0.0,MONITOR,No strong commercial signal yet.,Keep on watchlist; revisit when new procurement demand or catalogue-fit evidence appears.,,
acct_b211dac21100,Northern Uganda Hiphop Culture,org_5e2eddc791af,Uganda,Implementing Partner,Qualify,0.0,MONITOR,0.0,0,0,0,0.00,0.0,NO_VERIFIED_CATALOGUE_MATCH,0,,0.0,NONE,0,0.0,,0.0,MONITOR,No strong commercial signal yet.,Keep on watchlist; revisit when new procurement demand or catalogue-fit evidence appears.,,
acct_c91b9e5cd8ae,Northern Uganda Youth Empowerement Network (NUYEN),org_6ed30c375f27,Uganda,Implementing Partner,Qualify,0.0,MONITOR,0.0,0,0,0,0.00,0.0,NO_VERIFIED_CATALOGUE_MATCH,0,,0.0,NONE,0,0.0,,0.0,MONITOR,No strong commercial signal yet.,Keep on watchlist; revisit when new procurement demand or catalogue-fit evidence appears.,,
acct_7ed31517d661,Norway,org_d5bd9b6eaffa,Democratic Republic of the Congo; South Sudan; Ethiopia; Kenya; Tanzania; Uganda; Rwanda; Somalia,Donor,Prioritise,0.0,MONITOR,0.0,0,0,0,0.00,0.0,NO_VERIFIED_CATALOGUE_MATCH,0,,0.0,NONE,0,0.0,,0.0,MONITOR,No strong commercial signal yet.,Keep on watchlist; revisit when new procurement demand or catalogue-fit evidence appears.,,
acct_08415547faa2,Norway - Ministry of Foreign Affairs,org_8f881fd1d47b,Somalia; Ethiopia; Democratic Republic of the Congo; Rwanda; Tanzania; Kenya,Donor,Prioritise,0.0,MONITOR,0.0,0,0,0,0.00,0.0,NO_VERIFIED_CATALOGUE_MATCH,0,,0.0,NONE,0,0.0,,0.0,MONITOR,No strong commercial signal yet.,Keep on watchlist; revisit when new procurement demand or catalogue-fit evidence appears.,,
acct_35caaa56fc94,Norwegian Church Aid - local office,org_d4dca555615a,Democratic Republic of the Congo; Tanzania,Implementing Partner,Qualify,0.0,MONITOR,0.0,0,0,0,0.00,0.0,NO_VERIFIED_CATALOGUE_MATCH,0,,0.0,NONE,0,0.0,,0.0,MONITOR,No strong commercial signal yet.,Keep on watchlist; revisit when new procurement demand or catalogue-fit evidence appears.,,
acct_1f62762e76ee,Norwegian Committee for UNICEF,org_a04f7438d2d4,Ethiopia; South Sudan; Kenya,Donor,Prioritise,0.0,MONITOR,0.0,0,0,0,0.00,0.0,NO_VERIFIED_CATALOGUE_MATCH,0,,0.0,NONE,0,0.0,,0.0,MONITOR,No strong commercial signal yet.,Keep on watchlist; revisit when new procurement demand or catalogue-fit evidence appears.,,
acct_83315de31d3e,Norwegian Government,org_b6f5a1117bc7,Uganda; Tanzania; Ethiopia; Democratic Republic of the Congo; Kenya; South Sudan,Donor,Prioritise,0.0,MONITOR,0.0,0,0,0,0.00,0.0,NO_VERIFIED_CATALOGUE_MATCH,0,,0.0,NONE,0,0.0,,0.0,MONITOR,No strong commercial signal yet.,Keep on watchlist; revisit when new procurement demand or catalogue-fit evidence appears.,,
acct_0290c9dbefc8,Norwegian Refugee Council,org_ac9f939f2808,South Sudan; Somalia,Donor,Prioritise,0.0,MONITOR,0.0,0,0,0,0.00,0.0,NO_VERIFIED_CATALOGUE_MATCH,0,,0.0,NONE,0,0.0,,0.0,MONITOR,No strong commercial signal yet.,Keep on watchlist; revisit when new procurement demand or catalogue-fit evidence appears.,,
acct_0290c9dbefc8,NORWEGIAN REFUGEE COUNCIL,org_ac9f939f2808,Somalia,Implementing Partner,Research,0.0,MONITOR,0.0,0,0,0,0.00,0.0,NO_VERIFIED_CATALOGUE_MATCH,0,,0.0,NONE,0,0.0,,0.0,MONITOR,No strong commercial signal yet.,Keep on watchlist; revisit when new procurement demand or catalogue-fit evidence appears.,,
acct_d6290615f3e3,Novo Nordisk Foundation,org_403853a4b232,Kenya; South Sudan; Somalia,Donor,Prioritise,0.0,MONITOR,0.0,0,0,0,0.00,0.0,NO_VERIFIED_CATALOGUE_MATCH,0,,0.0,NONE,0,0.0,,0.0,MONITOR,No strong commercial signal yet.,Keep on watchlist; revisit when new procurement demand or catalogue-fit evidence appears.,,
acct_94c08e59eb7c,Nuffic,org_ff667f76de55,Kenya,Donor,Monitor,0.0,MONITOR,0.0,0,0,0,0.00,0.0,NO_VERIFIED_CATALOGUE_MATCH,0,,0.0,NONE,0,0.0,,0.0,MONITOR,No strong commercial signal yet.,Keep on watchlist; revisit when new procurement demand or catalogue-fit evidence appears.,,
acct_afd37df3584b,NURTURE SOUTH SUDAN,org_197726d1b7e5,South Sudan,Implementing Partner,Prioritise,0.0,MONITOR,0.0,0,0,0,0.00,0.0,NO_VERIFIED_CATALOGUE_MATCH,0,,0.0,NONE,0,0.0,,0.0,MONITOR,No strong commercial signal yet.,Keep on watchlist; revisit when new procurement demand or catalogue-fit evidence appears.,,
acct_138bc3afa993,Nutrition International,org_927ede3ef886,Democratic Republic of the Congo; Ethiopia; Somalia; South Sudan; Rwanda; Tanzania; Kenya; Uganda,Donor,Prioritise,0.0,MONITOR,0.0,0,0,0,0.00,0.0,NO_VERIFIED_CATALOGUE_MATCH,0,,0.0,NONE,0,0.0,,0.0,MONITOR,No strong commercial signal yet.,Keep on watchlist; revisit when new procurement demand or catalogue-fit evidence appears.,,
acct_a2ed25988b8e,Nutrition Multi-Donor Trust Fund,org_90a12222b090,Rwanda,Implementing Partner,Prioritise,0.0,MONITOR,0.0,0,0,0,0.00,0.0,NO_VERIFIED_CATALOGUE_MATCH,0,,0.0,NONE,0,0.0,,0.0,MONITOR,No strong commercial signal yet.,Keep on watchlist; revisit when new procurement demand or catalogue-fit evidence appears.,,
acct_cda636f93481,NYU Langone Health,org_746a1da6ee89,EG; Ethiopia; Kenya; LS; MW; ZW; SL; Uganda; ZM; IN; PK; BD,Implementing Partner,Prioritise,0.0,MONITOR,0.0,0,0,0,0.00,0.0,NO_VERIFIED_CATALOGUE_MATCH,0,,0.0,NONE,0,0.0,,0.0,MONITOR,No strong commercial signal yet.,Keep on watchlist; revisit when new procurement demand or catalogue-fit evidence appears.,,
acct_a2bbadbf59eb,OBSALYTICS,org_8c6b7598eaa8,Kenya; KH; NG; Somalia; ZA; VN; ZW; IN; Rwanda; GH; SY; TL; IQ; EG; YE; TH; MW; MY; PH; PK; JO; BD; Ethiopia; MM; South Sudan; Democratic Republic of the Congo; ID; NP; TN; Tanzania,Implementing Partner,Qualify,0.0,MONITOR,0.0,0,0,0,0.00,0.0,NO_VERIFIED_CATALOGUE_MATCH,0,,0.0,NONE,0,0.0,,0.0,MONITOR,No strong commercial signal yet.,Keep on watchlist; revisit when new procurement demand or catalogue-fit evidence appears.,,
acct_12cd44b999f9,OBSERVATOIRE DES DROITS HUMAINS GOMA,org_8b57e0905bfa,Democratic Republic of the Congo,Implementing Partner,Prioritise,0.0,MONITOR,0.0,0,0,0,0.00,0.0,NO_VERIFIED_CATALOGUE_MATCH,0,,0.0,NONE,0,0.0,,0.0,MONITOR,No strong commercial signal yet.,Keep on watchlist; revisit when new procurement demand or catalogue-fit evidence appears.,,
acct_f35e2dcf9283,ODI GLOBAL ADVISORY LIMITED,org_a6484dec7a46,Kenya; KH; NG; Somalia; ZA; VN; ZW; IN; Rwanda; GH; SY; TL; IQ; EG; YE; TH; MW; MY; PH; PK; JO; BD; Ethiopia; MM; South Sudan; Democratic Republic of the Congo; ID; NP; TN; Tanzania,Implementing Partner,Qualify,0.0,MONITOR,0.0,0,0,0,0.00,0.0,NO_VERIFIED_CATALOGUE_MATCH,0,,0.0,NONE,0,0.0,,0.0,MONITOR,No strong commercial signal yet.,Keep on watchlist; revisit when new procurement demand or catalogue-fit evidence appears.,,
acct_4dc4c7be27b6,OFFICE FOR NATIONAL STATISTICS (HMPG),org_0adb42ab29bf,Democratic Republic of the Congo; ZM; MW; SD,Implementing Partner,Monitor,0.0,MONITOR,0.0,0,0,0,0.00,0.0,NO_VERIFIED_CATALOGUE_MATCH,0,,0.0,NONE,0,0.0,,0.0,MONITOR,No strong commercial signal yet.,Keep on watchlist; revisit when new procurement demand or catalogue-fit evidence appears.,,
acct_05801b7c5133,OFFICE OF CHIEF GOVERNMENT STATISTICIAN,org_6b612d693576,Tanzania,Implementing Partner,Prioritise,0.0,MONITOR,0.0,0,0,0,0.00,0.0,NO_VERIFIED_CATALOGUE_MATCH,0,,0.0,NONE,0,0.0,,0.0,MONITOR,No strong commercial signal yet.,Keep on watchlist; revisit when new procurement demand or catalogue-fit evidence appears.,,
acct_72cdcef711fc,OFFICE OF PRIME MINISTER,org_3ea2574d4de4,Uganda,Implementing Partner,Prioritise,0.0,MONITOR,0.0,0,0,0,0.00,0.0,NO_VERIFIED_CATALOGUE_MATCH,0,,0.0,NONE,0,0.0,,0.0,MONITOR,No strong commercial signal yet.,Keep on watchlist; revisit when new procurement demand or catalogue-fit evidence appears.,,
acct_087eb38b648a,OFISI YA MUFTI MKUU ZANZIBAR,org_418789765b4c,Tanzania,Implementing Partner,Prioritise,0.0,MONITOR,0.0,0,0,0,0.00,0.0,NO_VERIFIED_CATALOGUE_MATCH,0,,0.0,NONE,0,0.0,,0.0,MONITOR,No strong commercial signal yet.,Keep on watchlist; revisit when new procurement demand or catalogue-fit evidence appears.,,
acct_32b0cdeb4bcc,OIE,org_f0492cacf4bf,Kenya; Ethiopia,Implementing Partner,Monitor,0.0,MONITOR,0.0,0,0,0,0.00,0.0,NO_VERIFIED_CATALOGUE_MATCH,0,,0.0,NONE,0,0.0,,0.0,MONITOR,No strong commercial signal yet.,Keep on watchlist; revisit when new procurement demand or catalogue-fit evidence appears.,,
acct_83ac5160dbc5,ONA FOUNDATION,org_0e718a06ef0e,Tanzania,Implementing Partner,Prioritise,0.0,MONITOR,0.0,0,0,0,0.00,0.0,NO_VERIFIED_CATALOGUE_MATCH,0,,0.0,NONE,0,0.0,,0.0,MONITOR,No strong commercial signal yet.,Keep on watchlist; revisit when new procurement demand or catalogue-fit evidence appears.,,
acct_92930b365e0a,One-off donations PSFR,org_235073f9fd4c,Tanzania,Donor,Prioritise,0.0,MONITOR,0.0,0,0,0,0.00,0.0,NO_VERIFIED_CATALOGUE_MATCH,0,,0.0,NONE,0,0.0,,0.0,MONITOR,No strong commercial signal yet.,Keep on watchlist; revisit when new procurement demand or catalogue-fit evidence appears.,,
acct_a5b501386548,OneSight EssilorLuxottica Foundation,org_45a5663e3a7f,Kenya,Donor,Qualify,0.0,MONITOR,0.0,0,0,0,0.00,0.0,NO_VERIFIED_CATALOGUE_MATCH,0,,0.0,NONE,0,0.0,,0.0,MONITOR,No strong commercial signal yet.,Keep on watchlist; revisit when new procurement demand or catalogue-fit evidence appears.,,
acct_2a8643b587ff,ONG basée dans un pays donneur,org_839cd73be018,Tanzania; Democratic Republic of the Congo; NG; Kenya; Uganda; Rwanda; Somalia; South Sudan; Ethiopia,Implementing Partner,Prioritise,0.0,MONITOR,0.0,0,0,0,0.00,0.0,NO_VERIFIED_CATALOGUE_MATCH,0,,0.0,NONE,0,0.0,,0.0,MONITOR,No strong commercial signal yet.,Keep on watchlist; revisit when new procurement demand or catalogue-fit evidence appears.,,
acct_1620524b8a1f,ONG basée dans un pays en développement,org_f8745630db84,Rwanda; Ethiopia; Kenya; ZW; BD; NG; Tanzania; Uganda; Democratic Republic of the Congo; ZA; GH; SN; NA; ZM; CM; MZ; South Sudan; Somalia,Implementing Partner,Prioritise,0.0,MONITOR,0.0,0,0,0,0.00,0.0,NO_VERIFIED_CATALOGUE_MATCH,0,,0.0,NONE,0,0.0,,0.0,MONITOR,No strong commercial signal yet.,Keep on watchlist; revisit when new procurement demand or catalogue-fit evidence appears.,,
acct_7b6c47a988b3,OPEC Fund,org_0beaef46c308,Kenya; Tanzania,Donor,Prioritise,0.0,MONITOR,0.0,0,0,0,0.00,0.0,NO_VERIFIED_CATALOGUE_MATCH,0,,0.0,NONE,0,0.0,,0.0,MONITOR,No strong commercial signal yet.,Keep on watchlist; revisit when new procurement demand or catalogue-fit evidence appears.,,
acct_b952d8e21769,Open Development and Education Limited,org_f2deb4871275,Kenya; KH; NG; Somalia; ZA; VN; ZW; IN; Rwanda; GH; SY; TL; IQ; EG; YE; TH; MW; MY; PH; PK; JO; BD; Ethiopia; MM; South Sudan; Democratic Republic of the Congo; ID; NP; TN; Tanzania,Implementing Partner,Qualify,0.0,MONITOR,0.0,0,0,0,0.00,0.0,NO_VERIFIED_CATALOGUE_MATCH,0,,0.0,NONE,0,0.0,,0.0,MONITOR,No strong commercial signal yet.,Keep on watchlist; revisit when new procurement demand or catalogue-fit evidence appears.,,
acct_9f51254cd53c,Open Philanthropy,org_861afd8fe5a7,Democratic Republic of the Congo,Donor,Qualify,0.0,MONITOR,0.0,0,0,0,0.00,0.0,NO_VERIFIED_CATALOGUE_MATCH,0,,0.0,NONE,0,0.0,,0.0,MONITOR,No strong commercial signal yet.,Keep on watchlist; revisit when new procurement demand or catalogue-fit evidence appears.,,
acct_103b7842bb98,Open University of Tanzania,org_6164f60b9431,Tanzania,Implementing Partner,Qualify,0.0,MONITOR,0.0,0,0,0,0.00,0.0,NO_VERIFIED_CATALOGUE_MATCH,0,,0.0,NONE,0,0.0,,0.0,MONITOR,No strong commercial signal yet.,Keep on watchlist; revisit when new procurement demand or catalogue-fit evidence appears.,,
acct_f23149e4dcf3,Operation Namaste,org_313b8a01eea2,BE; EG; IE; NP; Rwanda; CH; GB; US; Kenya; IN; SL; GH; BR; ZA,Implementing Partner,Qualify,0.0,MONITOR,0.0,0,0,0,0.00,0.0,NO_VERIFIED_CATALOGUE_MATCH,0,,0.0,NONE,0,0.0,,0.0,MONITOR,No strong commercial signal yet.,Keep on watchlist; revisit when new procurement demand or catalogue-fit evidence appears.,,
acct_6ec1db58a92b,Opportunity International UK,org_e3660f07d315,Kenya; ZW; Uganda; Democratic Republic of the Congo; Ethiopia; GH; MZ; NP; NG; Rwanda; SL; Tanzania; ZM,Implementing Partner,Qualify,0.0,MONITOR,0.0,0,0,0,0.00,0.0,NO_VERIFIED_CATALOGUE_MATCH,0,,0.0,NONE,0,0.0,,0.0,MONITOR,No strong commercial signal yet.,Keep on watchlist; revisit when new procurement demand or catalogue-fit evidence appears.,,
acct_10506f9ba6f0,Options Consultancy Services,org_615b7943e64b,Kenya; SD; MG; South Sudan; ZM; BI; Ethiopia; Somalia; TD; ML; Democratic Republic of the Congo; SN; NE; MR; MW; MZ; PK; Rwanda; Tanzania; Uganda; AF; BG; ZW,Implementing Partner,Qualify,0.0,MONITOR,0.0,0,0,0,0.00,0.0,NO_VERIFIED_CATALOGUE_MATCH,0,,0.0,NONE,0,0.0,,0.0,MONITOR,No strong commercial signal yet.,Keep on watchlist; revisit when new procurement demand or catalogue-fit evidence appears.,,
acct_55d9c147391b,ora Kinderhilfe International e.V.,org_98dd60d2194b,Rwanda,Implementing Partner,Research,0.0,MONITOR,0.0,0,0,0,0.00,0.0,NO_VERIFIED_CATALOGUE_MATCH,0,,0.0,NONE,0,0.0,,0.0,MONITOR,No strong commercial signal yet.,Keep on watchlist; revisit when new procurement demand or catalogue-fit evidence appears.,,
acct_02368ae5faa2,ORDA ETHIOPIA,org_f1e94917a992,Ethiopia,Implementing Partner,Prioritise,0.0,MONITOR,0.0,0,0,0,0.00,0.0,NO_VERIFIED_CATALOGUE_MATCH,0,,0.0,NONE,0,0.0,,0.0,MONITOR,No strong commercial signal yet.,Keep on watchlist; revisit when new procurement demand or catalogue-fit evidence appears.,,
acct_7c620591b94c,ORG QUEST RESEARCH LIMITED,org_24db0533f00c,Kenya; BD; ID; Somalia; KH; ZA; Uganda; MY; NP; ZM; VN; Rwanda,Implementing Partner,Monitor,0.0,MONITOR,0.0,0,0,0,0.00,0.0,NO_VERIFIED_CATALOGUE_MATCH,0,,0.0,NONE,0,0.0,,0.0,MONITOR,No strong commercial signal yet.,Keep on watchlist; revisit when new procurement demand or catalogue-fit evidence appears.,,
acct_400f401c77fc,Orient Integrated Development Consultants Inc,org_5ad9b4a53101,Kenya; KH; NG; Somalia; ZA; VN; ZW; IN; Rwanda; GH; SY; TL; IQ; EG; YE; TH; MW; MY; PH; PK; JO; BD; Ethiopia; MM; South Sudan; Democratic Republic of the Congo; ID; NP; TN; Tanzania,Implementing Partner,Qualify,0.0,MONITOR,0.0,0,0,0,0.00,0.0,NO_VERIFIED_CATALOGUE_MATCH,0,,0.0,NONE,0,0.0,,0.0,MONITOR,No strong commercial signal yet.,Keep on watchlist; revisit when new procurement demand or catalogue-fit evidence appears.,,
acct_224f6d2262de,OROMIA ATTORNEY GENERAL BUREAU,org_6bd4518813ed,Ethiopia,Implementing Partner,Prioritise,0.0,MONITOR,0.0,0,0,0,0.00,0.0,NO_VERIFIED_CATALOGUE_MATCH,0,,0.0,NONE,0,0.0,,0.0,MONITOR,No strong commercial signal yet.,Keep on watchlist; revisit when new procurement demand or catalogue-fit evidence appears.,,
acct_d0b8fdff429a,OROMIA BUREAU OF AGRICULTURE,org_b99540f30ffe,Ethiopia,Implementing Partner,Prioritise,0.0,MONITOR,0.0,0,0,0,0.00,0.0,NO_VERIFIED_CATALOGUE_MATCH,0,,0.0,NONE,0,0.0,,0.0,MONITOR,No strong commercial signal yet.,Keep on watchlist; revisit when new procurement demand or catalogue-fit evidence appears.,,
acct_70f9ac02910f,OROMIA REGION BUREAU OF EDUCATION,org_5af4561bf15c,Ethiopia,Implementing Partner,Prioritise,0.0,MONITOR,0.0,0,0,0,0.00,0.0,NO_VERIFIED_CATALOGUE_MATCH,0,,0.0,NONE,0,0.0,,0.0,MONITOR,No strong commercial signal yet.,Keep on watchlist; revisit when new procurement demand or catalogue-fit evidence appears.,,
acct_f5a44f2d5dd9,OROMIA REGION BUREAU OF HEALTH,org_c3e5c7e97d4e,Ethiopia,Implementing Partner,Prioritise,0.0,MONITOR,0.0,0,0,0,0.00,0.0,NO_VERIFIED_CATALOGUE_MATCH,0,,0.0,NONE,0,0.0,,0.0,MONITOR,No strong commercial signal yet.,Keep on watchlist; revisit when new procurement demand or catalogue-fit evidence appears.,,
acct_87315ab4f63c,OROMIA REGION BUREAU OF LABOR AND SOCIAL AFFAIRS,org_e5b95508a323,Ethiopia,Implementing Partner,Prioritise,0.0,MONITOR,0.0,0,0,0,0.00,0.0,NO_VERIFIED_CATALOGUE_MATCH,0,,0.0,NONE,0,0.0,,0.0,MONITOR,No strong commercial signal yet.,Keep on watchlist; revisit when new procurement demand or catalogue-fit evidence appears.,,
acct_982907cb68d5,OROMIA REGION BUREAU OF WOMEN AND CHILDREN AFFAIRS,org_50cc5535f9a3,Ethiopia,Implementing Partner,Prioritise,0.0,MONITOR,0.0,0,0,0,0.00,0.0,NO_VERIFIED_CATALOGUE_MATCH,0,,0.0,NONE,0,0.0,,0.0,MONITOR,No strong commercial signal yet.,Keep on watchlist; revisit when new procurement demand or catalogue-fit evidence appears.,,
acct_6b933d8c4a4e,OROMIA REGION DISASTER RISK MANAGEMENT COMMISSION,org_50f4b2847833,Ethiopia,Implementing Partner,Prioritise,0.0,MONITOR,0.0,0,0,0,0.00,0.0,NO_VERIFIED_CATALOGUE_MATCH,0,,0.0,NONE,0,0.0,,0.0,MONITOR,No strong commercial signal yet.,Keep on watchlist; revisit when new procurement demand or catalogue-fit evidence appears.,,
acct_922a1ef7e259,OROMIA REGION SUPREME COURT,org_75eee42bbc65,Ethiopia,Implementing Partner,Prioritise,0.0,MONITOR,0.0,0,0,0,0.00,0.0,NO_VERIFIED_CATALOGUE_MATCH,0,,0.0,NONE,0,0.0,,0.0,MONITOR,No strong commercial signal yet.,Keep on watchlist; revisit when new procurement demand or catalogue-fit evidence appears.,,
acct_04f8222ce0d7,OROMIA REGION VITAL EVENTS REGISTRATION,org_137c5d75a375,Ethiopia,Implementing Partner,Prioritise,0.0,MONITOR,0.0,0,0,0,0.00,0.0,NO_VERIFIED_CATALOGUE_MATCH,0,,0.0,NONE,0,0.0,,0.0,MONITOR,No strong commercial signal yet.,Keep on watchlist; revisit when new procurement demand or catalogue-fit evidence appears.,,
acct_5cf59345a65e,OROMIA REGION WATER RESOURCE BUREAU,org_57d1ea5d6a4c,Ethiopia,Implementing Partner,Prioritise,0.0,MONITOR,0.0,0,0,0,0.00,0.0,NO_VERIFIED_CATALOGUE_MATCH,0,,0.0,NONE,0,0.0,,0.0,MONITOR,No strong commercial signal yet.,Keep on watchlist; revisit when new procurement demand or catalogue-fit evidence appears.,,
acct_8e42f044a3be,Orpington Group,org_62c4ae0d38d6,BD; GH; KI; SL; Tanzania,Implementing Partner,Research,0.0,MONITOR,0.0,0,0,0,0.00,0.0,NO_VERIFIED_CATALOGUE_MATCH,0,,0.0,NONE,0,0.0,,0.0,MONITOR,No strong commercial signal yet.,Keep on watchlist; revisit when new procurement demand or catalogue-fit evidence appears.,,
acct_381e0b9ee102,Orval,org_92d6a8fb82a9,Democratic Republic of the Congo,Donor,Qualify,0.0,MONITOR,0.0,0,0,0,0.00,0.0,NO_VERIFIED_CATALOGUE_MATCH,0,,0.0,NONE,0,0.0,,0.0,MONITOR,No strong commercial signal yet.,Keep on watchlist; revisit when new procurement demand or catalogue-fit evidence appears.,,
acct_e93ffcd959de,OTC Etiopia,org_cf4786783322,Ethiopia,Implementing Partner,Research,0.0,MONITOR,0.0,0,0,0,0.00,0.0,NO_VERIFIED_CATALOGUE_MATCH,0,,0.0,NONE,0,0.0,,0.0,MONITOR,No strong commercial signal yet.,Keep on watchlist; revisit when new procurement demand or catalogue-fit evidence appears.,,
acct_d3b3e4768592,Other non-financial corporations,org_6082c7dd75dd,Ethiopia; Kenya; ZA; NG; Uganda; IN; ID; VN; Rwanda; SN; Tanzania; Somalia; CM; TD; CI; LR; MW; MR; MZ; SL; BF; ZM; HT; AF; Democratic Republic of the Congo; GH,Implementing Partner,Prioritise,0.0,MONITOR,0.0,0,0,0,0.00,0.0,NO_VERIFIED_CATALOGUE_MATCH,0,,0.0,NONE,0,0.0,,0.0,MONITOR,No strong commercial signal yet.,Keep on watchlist; revisit when new procurement demand or catalogue-fit evidence appears.,,
acct_7c7188ab79f0,Other public entities in donor country,org_267c6a9d12cd,Rwanda; Democratic Republic of the Congo,Implementing Partner,Monitor,0.0,MONITOR,0.0,0,0,0,0.00,0.0,NO_VERIFIED_CATALOGUE_MATCH,0,,0.0,NONE,0,0.0,,0.0,MONITOR,No strong commercial signal yet.,Keep on watchlist; revisit when new procurement demand or catalogue-fit evidence appears.,,
acct_82a7f6bb9542,Other public entities in recipient country,org_ab4590b9454c,Rwanda; Democratic Republic of the Congo,Implementing Partner,Prioritise,0.0,MONITOR,0.0,0,0,0,0.00,0.0,NO_VERIFIED_CATALOGUE_MATCH,0,,0.0,NONE,0,0.0,,0.0,MONITOR,No strong commercial signal yet.,Keep on watchlist; revisit when new procurement demand or catalogue-fit evidence appears.,,
acct_a97db4756edc,OUR MISSION is to create an environment where GRANDMOTHERS’ RIGHTS AND NEEDS are prioritized and integrated in all national programs in Uganda.,org_ab139ea91694,PK; MM; LB; Uganda; MZ; Tanzania; Ethiopia; MD; GB,Implementing Partner,Research,0.0,MONITOR,0.0,0,0,0,0.00,0.0,NO_VERIFIED_CATALOGUE_MATCH,0,,0.0,NONE,0,0.0,,0.0,MONITOR,No strong commercial signal yet.,Keep on watchlist; revisit when new procurement demand or catalogue-fit evidence appears.,,
acct_a5eeb55d14c6,"Our vision is a just, equitable, and empowered society where youth, women, and elders actively contribute to sustainable social and economic progress. Our mission is to empower youth, women, and elders with skills, opportunities, and networks that promote entrepreneurship, social impact, and community leadership, fostering inclusive and sustainable development. Our objectives and goals focus on strengthening economic empowerment, social inclusion and intergenerational collaboration, and environmental sustainability by equipping communities with practical skills, expanding access to opportunities, and promoting leadership, innovation, and resilient livelihoods.",org_a787403b890a,PK; MM; LB; Uganda; MZ; Tanzania; Ethiopia; MD; GB,Implementing Partner,Research,0.0,MONITOR,0.0,0,0,0,0.00,0.0,NO_VERIFIED_CATALOGUE_MATCH,0,,0.0,NONE,0,0.0,,0.0,MONITOR,No strong commercial signal yet.,Keep on watchlist; revisit when new procurement demand or catalogue-fit evidence appears.,,
acct_4fc2a6539881,OXENTIA LTD,org_81620b81250c,Kenya; BD; ID; Somalia; KH; ZA; Uganda; MY; NP; ZM; VN; Rwanda,Implementing Partner,Monitor,0.0,MONITOR,0.0,0,0,0,0.00,0.0,NO_VERIFIED_CATALOGUE_MATCH,0,,0.0,NONE,0,0.0,,0.0,MONITOR,No strong commercial signal yet.,Keep on watchlist; revisit when new procurement demand or catalogue-fit evidence appears.,,
acct_02db37a55dbc,OXFAM CANADA,org_3e177397f026,Uganda,Donor,Research,0.0,MONITOR,0.0,0,0,0,0.00,0.0,NO_VERIFIED_CATALOGUE_MATCH,0,,0.0,NONE,0,0.0,,0.0,MONITOR,No strong commercial signal yet.,Keep on watchlist; revisit when new procurement demand or catalogue-fit evidence appears.,,
acct_c31814545a4b,Oxfam Deutschland e.V.,org_374499d098fb,Democratic Republic of the Congo,Accountable Agency,Monitor,0.0,MONITOR,0.0,0,0,0,0.00,0.0,NO_VERIFIED_CATALOGUE_MATCH,0,,0.0,NONE,0,0.0,,0.0,MONITOR,No strong commercial signal yet.,Keep on watchlist; revisit when new procurement demand or catalogue-fit evidence appears.,,
acct_c579ec82965f,Oxfam GB,org_e236ce5b8765,Democratic Republic of the Congo; Somalia,Donor,Qualify,0.0,MONITOR,0.0,0,0,0,0.00,0.0,NO_VERIFIED_CATALOGUE_MATCH,0,,0.0,NONE,0,0.0,,0.0,MONITOR,No strong commercial signal yet.,Keep on watchlist; revisit when new procurement demand or catalogue-fit evidence appears.,,
acct_de32b09ba183,OXFAM HONGKONG,org_fca635e13216,Uganda,Donor,Qualify,0.0,MONITOR,0.0,0,0,0,0.00,0.0,NO_VERIFIED_CATALOGUE_MATCH,0,,0.0,NONE,0,0.0,,0.0,MONITOR,No strong commercial signal yet.,Keep on watchlist; revisit when new procurement demand or catalogue-fit evidence appears.,,
acct_8d09beaa45c1,OXFAM INTERNATIONAL SOUTH SUDAN,org_a2f7a4665396,South Sudan,Implementing Partner,Prioritise,0.0,MONITOR,0.0,0,0,0,0.00,0.0,NO_VERIFIED_CATALOGUE_MATCH,0,,0.0,NONE,0,0.0,,0.0,MONITOR,No strong commercial signal yet.,Keep on watchlist; revisit when new procurement demand or catalogue-fit evidence appears.,,
acct_dfecc9173a58,OXFAM KINSHASA GRANDE BRETAGNE DR OF THE CONGO,org_b8db23512d7c,Democratic Republic of the Congo,Implementing Partner,Prioritise,0.0,MONITOR,0.0,0,0,0,0.00,0.0,NO_VERIFIED_CATALOGUE_MATCH,0,,0.0,NONE,0,0.0,,0.0,MONITOR,No strong commercial signal yet.,Keep on watchlist; revisit when new procurement demand or catalogue-fit evidence appears.,,
acct_5ab084be93cc,Oxfam Novib,org_6c2376b6031f,Somalia; Ethiopia; Democratic Republic of the Congo; Uganda,Donor,Prioritise,0.0,MONITOR,0.0,0,0,0,0.00,0.0,NO_VERIFIED_CATALOGUE_MATCH,0,,0.0,NONE,0,0.0,,0.0,MONITOR,No strong commercial signal yet.,Keep on watchlist; revisit when new procurement demand or catalogue-fit evidence appears.,,
acct_5ab084be93cc,Oxfam Novib,org_6c2376b6031f,Democratic Republic of the Congo,Donor,Research,0.0,MONITOR,0.0,0,0,0,0.00,0.0,NO_VERIFIED_CATALOGUE_MATCH,0,,0.0,NONE,0,0.0,,0.0,MONITOR,No strong commercial signal yet.,Keep on watchlist; revisit when new procurement demand or catalogue-fit evidence appears.,,
acct_cd60cf06d94b,Oxfam Quebec,org_b674258c90fd,Democratic Republic of the Congo; TD; BO; GH; HN; JO; LB; PS,Implementing Partner,Prioritise,0.0,MONITOR,0.0,0,0,0,0.00,0.0,NO_VERIFIED_CATALOGUE_MATCH,0,,0.0,NONE,0,0.0,,0.0,MONITOR,No strong commercial signal yet.,Keep on watchlist; revisit when new procurement demand or catalogue-fit evidence appears.,,
acct_5fe5d66d844c,Oxford Policy Management,org_ba6462d7f0c2,South Sudan; Tanzania; Kenya; KH; NG; Somalia; ZA; VN; ZW; IN; Rwanda; GH; SY; TL; IQ; EG; YE; TH; MW; MY; PH; PK; JO; BD; Ethiopia; MM; Democratic Republic of the Congo; ID; NP; TN; ZM; SD,Implementing Partner,Qualify,0.0,MONITOR,0.0,0,0,0,0.00,0.0,NO_VERIFIED_CATALOGUE_MATCH,0,,0.0,NONE,0,0.0,,0.0,MONITOR,No strong commercial signal yet.,Keep on watchlist; revisit when new procurement demand or catalogue-fit evidence appears.,,
acct_5fe5d66d844c,Oxford Policy Management,org_ba6462d7f0c2,BD; GH; KI; SL; Tanzania,Reporting Organisation,Monitor,0.0,MONITOR,0.0,0,0,0,0.00,0.0,NO_VERIFIED_CATALOGUE_MATCH,0,,0.0,NONE,0,0.0,,0.0,MONITOR,No strong commercial signal yet.,Keep on watchlist; revisit when new procurement demand or catalogue-fit evidence appears.,,
acct_47759ffebd54,Oxford Policy Management India Private Limited,org_787701ff6f1a,Kenya; KH; NG; Somalia; ZA; VN; ZW; IN; Rwanda; GH; SY; TL; IQ; EG; YE; TH; MW; MY; PH; PK; JO; BD; Ethiopia; MM; South Sudan; Democratic Republic of the Congo; ID; NP; TN; Tanzania,Implementing Partner,Qualify,0.0,MONITOR,0.0,0,0,0,0.00,0.0,NO_VERIFIED_CATALOGUE_MATCH,0,,0.0,NONE,0,0.0,,0.0,MONITOR,No strong commercial signal yet.,Keep on watchlist; revisit when new procurement demand or catalogue-fit evidence appears.,,
acct_8f643d91bcc9,Oyam Woman and Girls Champions of Change (OYWG),org_b221803d89a0,Uganda,Implementing Partner,Qualify,0.0,MONITOR,0.0,0,0,0,0.00,0.0,NO_VERIFIED_CATALOGUE_MATCH,0,,0.0,NONE,0,0.0,,0.0,MONITOR,No strong commercial signal yet.,Keep on watchlist; revisit when new procurement demand or catalogue-fit evidence appears.,,
acct_fd79f5f9fa17,Pact,org_06d9e9f91426,Tanzania,Reporting Organisation,Research,0.0,MONITOR,0.0,0,0,0,0.00,0.0,NO_VERIFIED_CATALOGUE_MATCH,0,,0.0,NONE,0,0.0,,0.0,MONITOR,No strong commercial signal yet.,Keep on watchlist; revisit when new procurement demand or catalogue-fit evidence appears.,,
acct_b3ce7802635a,Palabek Development Forum,org_079a12b99b50,Uganda,Implementing Partner,Qualify,0.0,MONITOR,0.0,0,0,0,0.00,0.0,NO_VERIFIED_CATALOGUE_MATCH,0,,0.0,NONE,0,0.0,,0.0,MONITOR,No strong commercial signal yet.,Keep on watchlist; revisit when new procurement demand or catalogue-fit evidence appears.,,
acct_1a4ef5050ac1,Palladium International Ltd (UK),org_4d3481bd1656,GH; Uganda; Democratic Republic of the Congo; MW; Kenya,Reporting Organisation,Prioritise,0.0,MONITOR,0.0,0,0,0,0.00,0.0,NO_VERIFIED_CATALOGUE_MATCH,0,,0.0,NONE,0,0.0,,0.0,MONITOR,No strong commercial signal yet.,Keep on watchlist; revisit when new procurement demand or catalogue-fit evidence appears.,,
acct_1a4ef5050ac1,Palladium International Ltd (UK),org_4d3481bd1656,Democratic Republic of the Congo; Rwanda; South Sudan; AO; Ethiopia; Kenya; Somalia; Uganda; ZM; MW; SD; MY; PH; TH,Implementing Partner,Qualify,0.0,MONITOR,0.0,0,0,0,0.00,0.0,NO_VERIFIED_CATALOGUE_MATCH,0,,0.0,NONE,0,0.0,,0.0,MONITOR,No strong commercial signal yet.,Keep on watchlist; revisit when new procurement demand or catalogue-fit evidence appears.,,
acct_eb7ca32e497e,PALLISA DISTRICT LOCAL GOVERNMENT,org_014eb6359557,Uganda,Implementing Partner,Prioritise,0.0,MONITOR,0.0,0,0,0,0.00,0.0,NO_VERIFIED_CATALOGUE_MATCH,0,,0.0,NONE,0,0.0,,0.0,MONITOR,No strong commercial signal yet.,Keep on watchlist; revisit when new procurement demand or catalogue-fit evidence appears.,,
acct_35c77473df52,"Pan-African Thoracic Society (PATS), South Africa",org_9440b93318e2,CM; Ethiopia; GH; Kenya; MW; NG; ZA; SD; Tanzania; Uganda; NZ; GB,Implementing Partner,Qualify,0.0,MONITOR,0.0,0,0,0,0.00,0.0,NO_VERIFIED_CATALOGUE_MATCH,0,,0.0,NONE,0,0.0,,0.0,MONITOR,No strong commercial signal yet.,Keep on watchlist; revisit when new procurement demand or catalogue-fit evidence appears.,,
acct_cdfd6b300243,PAN ATLANTIC UNIVERSITY FOUNDATION,org_e7dc106a3367,ZW; ZA; NG; BW; Rwanda; GH; Kenya; SL,Implementing Partner,Monitor,0.0,MONITOR,0.0,0,0,0,0.00,0.0,NO_VERIFIED_CATALOGUE_MATCH,0,,0.0,NONE,0,0.0,,0.0,MONITOR,No strong commercial signal yet.,Keep on watchlist; revisit when new procurement demand or catalogue-fit evidence appears.,,
acct_a02adc5fac36,Pandemic Fund,org_fb45fe817563,Democratic Republic of the Congo; Tanzania; Ethiopia; Rwanda,Donor,Prioritise,0.0,MONITOR,0.0,0,0,0,0.00,0.0,NO_VERIFIED_CATALOGUE_MATCH,0,,0.0,NONE,0,0.0,,0.0,MONITOR,No strong commercial signal yet.,Keep on watchlist; revisit when new procurement demand or catalogue-fit evidence appears.,,
acct_7792af440360,Panorama Global,org_463e6d83ada7,Kenya,Implementing Partner,Prioritise,0.0,MONITOR,0.0,0,0,0,0.00,0.0,NO_VERIFIED_CATALOGUE_MATCH,0,,0.0,NONE,0,0.0,,0.0,MONITOR,No strong commercial signal yet.,Keep on watchlist; revisit when new procurement demand or catalogue-fit evidence appears.,,
acct_c068158f6142,Participatory Development Associates,org_5d546cf2a5f5,BD; GH; KI; SL; Tanzania,Implementing Partner,Research,0.0,MONITOR,0.0,0,0,0,0.00,0.0,NO_VERIFIED_CATALOGUE_MATCH,0,,0.0,NONE,0,0.0,,0.0,MONITOR,No strong commercial signal yet.,Keep on watchlist; revisit when new procurement demand or catalogue-fit evidence appears.,,
acct_db94a325a427,Partners in Expanding Health Quality and Access,org_070e09b8a9b2,Democratic Republic of the Congo; Kenya; NG; SN; BF; PK,Implementing Partner,Prioritise,0.0,MONITOR,0.0,0,0,0,0.00,0.0,NO_VERIFIED_CATALOGUE_MATCH,0,,0.0,NONE,0,0.0,,0.0,MONITOR,No strong commercial signal yet.,Keep on watchlist; revisit when new procurement demand or catalogue-fit evidence appears.,,
acct_e629235bd39a,Partnership for Pastoralists Development Association,org_46ac0e53634e,Ethiopia,Implementing Partner,Research,0.0,MONITOR,0.0,0,0,0,0.00,0.0,NO_VERIFIED_CATALOGUE_MATCH,0,,0.0,NONE,0,0.0,,0.0,MONITOR,No strong commercial signal yet.,Keep on watchlist; revisit when new procurement demand or catalogue-fit evidence appears.,,
acct_3aeef1f7b51e,PATH,org_73fa80025ade,CF; Democratic Republic of the Congo; Ethiopia; GM; NG; SN; ZM; Uganda; NE; Somalia; PK; Kenya,Implementing Partner,Prioritise,0.0,MONITOR,0.0,0,0,0,0.00,0.0,NO_VERIFIED_CATALOGUE_MATCH,0,,0.0,NONE,0,0.0,,0.0,MONITOR,No strong commercial signal yet.,Keep on watchlist; revisit when new procurement demand or catalogue-fit evidence appears.,,
acct_c438b0afddf1,Pathfinder International,org_0401788342c2,Ethiopia,Implementing Partner,Prioritise,0.0,MONITOR,0.0,0,0,0,0.00,0.0,NO_VERIFIED_CATALOGUE_MATCH,0,,0.0,NONE,0,0.0,,0.0,MONITOR,No strong commercial signal yet.,Keep on watchlist; revisit when new procurement demand or catalogue-fit evidence appears.,,
acct_c438b0afddf1,PATHFINDER INTERNATIONAL,org_0401788342c2,Uganda,Implementing Partner,Prioritise,0.0,MONITOR,0.0,0,0,0,0.00,0.0,NO_VERIFIED_CATALOGUE_MATCH,0,,0.0,NONE,0,0.0,,0.0,MONITOR,No strong commercial signal yet.,Keep on watchlist; revisit when new procurement demand or catalogue-fit evidence appears.,,
acct_1a092e8afc22,PATHFINDER INTERNATIONAL TANZANIA OFFICE,org_85e91217e45f,Tanzania,Implementing Partner,Prioritise,0.0,MONITOR,0.0,0,0,0,0.00,0.0,NO_VERIFIED_CATALOGUE_MATCH,0,,0.0,NONE,0,0.0,,0.0,MONITOR,No strong commercial signal yet.,Keep on watchlist; revisit when new procurement demand or catalogue-fit evidence appears.,,
acct_b3c175e9e9cd,Patient Helping Fund Organization,org_5fb976883cd1,GM; GH; BF; Kenya; SD; ZM,Implementing Partner,Prioritise,0.0,MONITOR,0.0,0,0,0,0.00,0.0,NO_VERIFIED_CATALOGUE_MATCH,0,,0.0,NONE,0,0.0,,0.0,MONITOR,No strong commercial signal yet.,Keep on watchlist; revisit when new procurement demand or catalogue-fit evidence appears.,,
acct_3601c186e924,PayTM Foundation,org_0c1c1e4902b1,Kenya; KR; MN; KH; LA; TH; IN; KG; MK; TJ; UZ; RS; KW; PS; SA,Donor,Qualify,0.0,MONITOR,0.0,0,0,0,0.00,0.0,NO_VERIFIED_CATALOGUE_MATCH,0,,0.0,NONE,0,0.0,,0.0,MONITOR,No strong commercial signal yet.,Keep on watchlist; revisit when new procurement demand or catalogue-fit evidence appears.,,
acct_be0f1892944f,"PCAU was established in 1999 and registered in 2003. It works to accelerate the integration of palliative care in the health care system in Uganda through capacity building, research, and resource mobilization. Additionally, it works in capacity building of health workers and the health care system strengthening on issues of pain management and palliative care.",org_cddf0eabfe5c,PK; MM; LB; Uganda; MZ; Tanzania; Ethiopia; MD; GB,Implementing Partner,Research,0.0,MONITOR,0.0,0,0,0,0.00,0.0,NO_VERIFIED_CATALOGUE_MATCH,0,,0.0,NONE,0,0.0,,0.0,MONITOR,No strong commercial signal yet.,Keep on watchlist; revisit when new procurement demand or catalogue-fit evidence appears.,,
acct_a3292b98d6c1,Peace and Shammah Foundation (PSF),org_f6de2ce23ecd,Uganda,Implementing Partner,Qualify,0.0,MONITOR,0.0,0,0,0,0.00,0.0,NO_VERIFIED_CATALOGUE_MATCH,0,,0.0,NONE,0,0.0,,0.0,MONITOR,No strong commercial signal yet.,Keep on watchlist; revisit when new procurement demand or catalogue-fit evidence appears.,,
acct_1d4d7f83e5cf,PEACE CORPS ORGANIZATION PCO,org_ec9a92f21e5c,South Sudan,Implementing Partner,Prioritise,0.0,MONITOR,0.0,0,0,0,0.00,0.0,NO_VERIFIED_CATALOGUE_MATCH,0,,0.0,NONE,0,0.0,,0.0,MONITOR,No strong commercial signal yet.,Keep on watchlist; revisit when new procurement demand or catalogue-fit evidence appears.,,
acct_139b31509a8d,Peace Together Uganda,org_881829a26d29,Uganda,Implementing Partner,Qualify,0.0,MONITOR,0.0,0,0,0,0.00,0.0,NO_VERIFIED_CATALOGUE_MATCH,0,,0.0,NONE,0,0.0,,0.0,MONITOR,No strong commercial signal yet.,Keep on watchlist; revisit when new procurement demand or catalogue-fit evidence appears.,,
acct_7d8b8dc5296b,PEMBA NORTH REGION,org_7b2af1032e3f,Tanzania,Implementing Partner,Prioritise,0.0,MONITOR,0.0,0,0,0,0.00,0.0,NO_VERIFIED_CATALOGUE_MATCH,0,,0.0,NONE,0,0.0,,0.0,MONITOR,No strong commercial signal yet.,Keep on watchlist; revisit when new procurement demand or catalogue-fit evidence appears.,,
acct_467fbd9cfefd,People in Need,org_6af584150d53,NP; Kenya; PK; SL; MW; GH; ZW; Ethiopia,Implementing Partner,Qualify,0.0,MONITOR,0.0,0,0,0,0.00,0.0,NO_VERIFIED_CATALOGUE_MATCH,0,,0.0,NONE,0,0.0,,0.0,MONITOR,No strong commercial signal yet.,Keep on watchlist; revisit when new procurement demand or catalogue-fit evidence appears.,,
acct_6abe705592dd,"PeriGen, Inc",org_579beb5630b7,Kenya,Implementing Partner,Prioritise,0.0,MONITOR,0.0,0,0,0,0.00,0.0,NO_VERIFIED_CATALOGUE_MATCH,0,,0.0,NONE,0,0.0,,0.0,MONITOR,No strong commercial signal yet.,Keep on watchlist; revisit when new procurement demand or catalogue-fit evidence appears.,,
acct_6449c3414a0d,PHYSICIANS ACROSS CONTINENT,org_7fbcc6147714,Somalia,Implementing Partner,Prioritise,0.0,MONITOR,0.0,0,0,0,0.00,0.0,NO_VERIFIED_CATALOGUE_MATCH,0,,0.0,NONE,0,0.0,,0.0,MONITOR,No strong commercial signal yet.,Keep on watchlist; revisit when new procurement demand or catalogue-fit evidence appears.,,
acct_58cc78b5562c,Physicians for Human Rights,org_6dfc74c342e5,Kenya,Accountable Agency,Qualify,0.0,MONITOR,0.0,0,0,0,0.00,0.0,NO_VERIFIED_CATALOGUE_MATCH,0,,0.0,NONE,0,0.0,,0.0,MONITOR,No strong commercial signal yet.,Keep on watchlist; revisit when new procurement demand or catalogue-fit evidence appears.,,
acct_60fc4e262938,PKF UGANDA,org_48dc1f028311,Uganda,Implementing Partner,Research,0.0,MONITOR,0.0,0,0,0,0.00,0.0,NO_VERIFIED_CATALOGUE_MATCH,0,,0.0,NONE,0,0.0,,0.0,MONITOR,No strong commercial signal yet.,Keep on watchlist; revisit when new procurement demand or catalogue-fit evidence appears.,,
acct_e5695c5c814e,PLAN INTERNATIONAL ETHIOPIA PIE,org_f122263383a4,Ethiopia,Implementing Partner,Prioritise,0.0,MONITOR,0.0,0,0,0,0.00,0.0,NO_VERIFIED_CATALOGUE_MATCH,0,,0.0,NONE,0,0.0,,0.0,MONITOR,No strong commercial signal yet.,Keep on watchlist; revisit when new procurement demand or catalogue-fit evidence appears.,,
acct_d50121e06782,PLAN INTERNATIONAL INC SOUTH SUDAN,org_d11943d6eec2,South Sudan,Implementing Partner,Prioritise,0.0,MONITOR,0.0,0,0,0,0.00,0.0,NO_VERIFIED_CATALOGUE_MATCH,0,,0.0,NONE,0,0.0,,0.0,MONITOR,No strong commercial signal yet.,Keep on watchlist; revisit when new procurement demand or catalogue-fit evidence appears.,,
acct_40f09e8915fb,PLAN INTERNATIONAL RWANDA,org_856e782a6f5a,Rwanda,Implementing Partner,Prioritise,0.0,MONITOR,0.0,0,0,0,0.00,0.0,NO_VERIFIED_CATALOGUE_MATCH,0,,0.0,NONE,0,0.0,,0.0,MONITOR,No strong commercial signal yet.,Keep on watchlist; revisit when new procurement demand or catalogue-fit evidence appears.,,
acct_02ec6ca246c8,Plan International UK,org_30eb77e3dd46,Kenya; ZW; Uganda; Democratic Republic of the Congo; Ethiopia; GH; MZ; NP; NG; Rwanda; SL; Tanzania; ZM; PK; MW,Implementing Partner,Qualify,0.0,MONITOR,0.0,0,0,0,0.00,0.0,NO_VERIFIED_CATALOGUE_MATCH,0,,0.0,NONE,0,0.0,,0.0,MONITOR,No strong commercial signal yet.,Keep on watchlist; revisit when new procurement demand or catalogue-fit evidence appears.,,
acct_921f5339295f,Plan Nederland,org_eb35e75f4e77,Ethiopia; PK; ID; Kenya; MW; ZM; MZ; South Sudan,Donor,Prioritise,0.0,MONITOR,0.0,0,0,0,0.00,0.0,NO_VERIFIED_CATALOGUE_MATCH,0,,0.0,NONE,0,0.0,,0.0,MONITOR,No strong commercial signal yet.,Keep on watchlist; revisit when new procurement demand or catalogue-fit evidence appears.,,
acct_9856b6f7da55,PLANE TALKING,org_ed704d309679,ZW; ZA; NG; BW; Rwanda; GH; Kenya; SL,Implementing Partner,Monitor,0.0,MONITOR,0.0,0,0,0,0.00,0.0,NO_VERIFIED_CATALOGUE_MATCH,0,,0.0,NONE,0,0.0,,0.0,MONITOR,No strong commercial signal yet.,Keep on watchlist; revisit when new procurement demand or catalogue-fit evidence appears.,,
acct_9e343f09bf1e,Planned Parenthood Association of Zambia (PPAZ),org_02dd379adfe6,BI; Ethiopia; MG; Somalia; South Sudan; SD; ZM; MW; MZ; PK; Rwanda; Tanzania; Uganda; AF; BG; ZW,Implementing Partner,Research,0.0,MONITOR,0.0,0,0,0,0.00,0.0,NO_VERIFIED_CATALOGUE_MATCH,0,,0.0,NONE,0,0.0,,0.0,MONITOR,No strong commercial signal yet.,Keep on watchlist; revisit when new procurement demand or catalogue-fit evidence appears.,,
acct_1d1d086a523d,Plateforme Hospitalière RDC,org_2655e7edcecf,Democratic Republic of the Congo,Implementing Partner,Monitor,0.0,MONITOR,0.0,0,0,0,0.00,0.0,NO_VERIFIED_CATALOGUE_MATCH,0,,0.0,NONE,0,0.0,,0.0,MONITOR,No strong commercial signal yet.,Keep on watchlist; revisit when new procurement demand or catalogue-fit evidence appears.,,
acct_646da64ecfd7,Please add,org_19b2abc5c429,PK; MM; LB; Uganda; MZ; Tanzania; Ethiopia; MD; GB,Implementing Partner,Research,0.0,MONITOR,0.0,0,0,0,0.00,0.0,NO_VERIFIED_CATALOGUE_MATCH,0,,0.0,NONE,0,0.0,,0.0,MONITOR,No strong commercial signal yet.,Keep on watchlist; revisit when new procurement demand or catalogue-fit evidence appears.,,
acct_940570e26dac,PNAM PROGRAMME NATIONAL D APPROV MEDICAMENTS ESSENTIELS,org_31cec221ed85,Democratic Republic of the Congo,Implementing Partner,Prioritise,0.0,MONITOR,0.0,0,0,0,0.00,0.0,NO_VERIFIED_CATALOGUE_MATCH,0,,0.0,NONE,0,0.0,,0.0,MONITOR,No strong commercial signal yet.,Keep on watchlist; revisit when new procurement demand or catalogue-fit evidence appears.,,
acct_14bd9aef46ce,POLICY AND LEGAL ADVOCACY CENTRE,org_7219fb3be65c,ZW; ZA; NG; BW; Rwanda; GH; Kenya; SL,Implementing Partner,Monitor,0.0,MONITOR,0.0,0,0,0,0.00,0.0,NO_VERIFIED_CATALOGUE_MATCH,0,,0.0,NONE,0,0.0,,0.0,MONITOR,No strong commercial signal yet.,Keep on watchlist; revisit when new procurement demand or catalogue-fit evidence appears.,,
acct_65c984903e50,POLICY ENTREPRENEURS INCORPORATED P LTD,org_4e805d107ff3,Kenya; BD; ID; Somalia; KH; ZA; Uganda; MY; NP; ZM; VN; Rwanda,Implementing Partner,Monitor,0.0,MONITOR,0.0,0,0,0,0.00,0.0,NO_VERIFIED_CATALOGUE_MATCH,0,,0.0,NONE,0,0.0,,0.0,MONITOR,No strong commercial signal yet.,Keep on watchlist; revisit when new procurement demand or catalogue-fit evidence appears.,,
acct_8703f8620b5e,Policy Studies Institute,org_f83c72b976c4,Ethiopia,Implementing Partner,Prioritise,0.0,MONITOR,0.0,0,0,0,0.00,0.0,NO_VERIFIED_CATALOGUE_MATCH,0,,0.0,NONE,0,0.0,,0.0,MONITOR,No strong commercial signal yet.,Keep on watchlist; revisit when new procurement demand or catalogue-fit evidence appears.,,
acct_cdcbf60f42bd,Polish National Comm for UNICEF,org_c153f5644b8d,Ethiopia,Donor,Prioritise,0.0,MONITOR,0.0,0,0,0,0.00,0.0,NO_VERIFIED_CATALOGUE_MATCH,0,,0.0,NONE,0,0.0,,0.0,MONITOR,No strong commercial signal yet.,Keep on watchlist; revisit when new procurement demand or catalogue-fit evidence appears.,,
acct_85d90e753304,Population Council,org_bdc032957bcf,NP; Kenya; PK; SL; MW; GH; ZW; Ethiopia,Implementing Partner,Qualify,0.0,MONITOR,0.0,0,0,0,0.00,0.0,NO_VERIFIED_CATALOGUE_MATCH,0,,0.0,NONE,0,0.0,,0.0,MONITOR,No strong commercial signal yet.,Keep on watchlist; revisit when new procurement demand or catalogue-fit evidence appears.,,
acct_7717475c5abc,Population Service International,org_e18efbe13947,Somalia,Implementing Partner,Qualify,0.0,MONITOR,0.0,0,0,0,0.00,0.0,NO_VERIFIED_CATALOGUE_MATCH,0,,0.0,NONE,0,0.0,,0.0,MONITOR,No strong commercial signal yet.,Keep on watchlist; revisit when new procurement demand or catalogue-fit evidence appears.,,
acct_e51b2256cb89,Population Services International,org_2adc66bcd186,Ethiopia; Tanzania,Implementing Partner,Prioritise,0.0,MONITOR,0.0,0,0,0,0.00,0.0,NO_VERIFIED_CATALOGUE_MATCH,0,,0.0,NONE,0,0.0,,0.0,MONITOR,No strong commercial signal yet.,Keep on watchlist; revisit when new procurement demand or catalogue-fit evidence appears.,,
acct_e51b2256cb89,Population Services International,org_2adc66bcd186,Somalia,Reporting Organisation,Qualify,0.0,MONITOR,0.0,0,0,0,0.00,0.0,NO_VERIFIED_CATALOGUE_MATCH,0,,0.0,NONE,0,0.0,,0.0,MONITOR,No strong commercial signal yet.,Keep on watchlist; revisit when new procurement demand or catalogue-fit evidence appears.,,
acct_e51b2256cb89,Population Services International,org_2adc66bcd186,Kenya,Implementing Partner,Qualify,0.0,MONITOR,0.0,0,0,0,0.00,0.0,NO_VERIFIED_CATALOGUE_MATCH,0,,0.0,NONE,0,0.0,,0.0,MONITOR,No strong commercial signal yet.,Keep on watchlist; revisit when new procurement demand or catalogue-fit evidence appears.,,
acct_7c784d14fda3,Population Services International (PSI),org_c3ae9ea138ef,South Sudan,Donor,Research,0.0,MONITOR,0.0,0,0,0,0.00,0.0,NO_VERIFIED_CATALOGUE_MATCH,0,,0.0,NONE,0,0.0,,0.0,MONITOR,No strong commercial signal yet.,Keep on watchlist; revisit when new procurement demand or catalogue-fit evidence appears.,,
acct_1b59775ad0ea,Population Services Kenya,org_0abb2da21cb3,Kenya,Implementing Partner,Qualify,0.0,MONITOR,0.0,0,0,0,0.00,0.0,NO_VERIFIED_CATALOGUE_MATCH,0,,0.0,NONE,0,0.0,,0.0,MONITOR,No strong commercial signal yet.,Keep on watchlist; revisit when new procurement demand or catalogue-fit evidence appears.,,
acct_1b59775ad0ea,Population Services Kenya,org_0abb2da21cb3,Kenya,Reporting Organisation,Qualify,0.0,MONITOR,0.0,0,0,0,0.00,0.0,NO_VERIFIED_CATALOGUE_MATCH,0,,0.0,NONE,0,0.0,,0.0,MONITOR,No strong commercial signal yet.,Keep on watchlist; revisit when new procurement demand or catalogue-fit evidence appears.,,
acct_918edd10f5ba,Pre-Qualification Fees (PQF),org_b10c53cb0b50,Rwanda,Donor,Prioritise,0.0,MONITOR,0.0,0,0,0,0.00,0.0,NO_VERIFIED_CATALOGUE_MATCH,0,,0.0,NONE,0,0.0,,0.0,MONITOR,No strong commercial signal yet.,Keep on watchlist; revisit when new procurement demand or catalogue-fit evidence appears.,,
acct_a0a5dfb20229,Première Urgence Internationale,org_402c92a77e1c,PS; Ethiopia; NG; BF; Democratic Republic of the Congo; SY; VE; FR,Reporting Organisation,Prioritise,0.0,MONITOR,0.0,0,0,0,0.00,0.0,NO_VERIFIED_CATALOGUE_MATCH,0,,0.0,NONE,0,0.0,,0.0,MONITOR,No strong commercial signal yet.,Keep on watchlist; revisit when new procurement demand or catalogue-fit evidence appears.,,
acct_a0a5dfb20229,Première Urgence Internationale,org_402c92a77e1c,Democratic Republic of the Congo; Ethiopia,Implementing Partner,Prioritise,0.0,MONITOR,0.0,0,0,0,0.00,0.0,NO_VERIFIED_CATALOGUE_MATCH,0,,0.0,NONE,0,0.0,,0.0,MONITOR,No strong commercial signal yet.,Keep on watchlist; revisit when new procurement demand or catalogue-fit evidence appears.,,
acct_a0a5dfb20229,PREMIERE URGENCE INTERNATIONALE,org_402c92a77e1c,PS; Ethiopia; NG; BF; Democratic Republic of the Congo; SY; VE; FR,Implementing Partner,Prioritise,0.0,MONITOR,0.0,0,0,0,0.00,0.0,NO_VERIFIED_CATALOGUE_MATCH,0,,0.0,NONE,0,0.0,,0.0,MONITOR,No strong commercial signal yet.,Keep on watchlist; revisit when new procurement demand or catalogue-fit evidence appears.,,
acct_c3d24192d6f5,PricewaterhouseCoopers,org_acb2a0d8c88d,Somalia,Donor,Qualify,0.0,MONITOR,0.0,0,0,0,0.00,0.0,NO_VERIFIED_CATALOGUE_MATCH,0,,0.0,NONE,0,0.0,,0.0,MONITOR,No strong commercial signal yet.,Keep on watchlist; revisit when new procurement demand or catalogue-fit evidence appears.,,
acct_4e4fe1614930,PRICEWATERHOUSECOOPERS LLP,org_395043d6fdb2,Kenya; KH; NG; Somalia; ZA; VN; ZW; IN; Rwanda; GH; SY; TL; IQ; EG; YE; TH; MW; MY; PH; PK; JO; BD; Ethiopia; MM; South Sudan; Democratic Republic of the Congo; ID; NP; TN; Tanzania,Implementing Partner,Qualify,0.0,MONITOR,0.0,0,0,0,0.00,0.0,NO_VERIFIED_CATALOGUE_MATCH,0,,0.0,NONE,0,0.0,,0.0,MONITOR,No strong commercial signal yet.,Keep on watchlist; revisit when new procurement demand or catalogue-fit evidence appears.,,
acct_590eaa4d7911,Primary Health Care Transformation Trust Fund,org_2e14222a2144,Ethiopia; Democratic Republic of the Congo; Tanzania; Kenya,Implementing Partner,Prioritise,0.0,MONITOR,0.0,0,0,0,0.00,0.0,NO_VERIFIED_CATALOGUE_MATCH,0,,0.0,NONE,0,0.0,,0.0,MONITOR,No strong commercial signal yet.,Keep on watchlist; revisit when new procurement demand or catalogue-fit evidence appears.,,
acct_601af0f843e7,Private sector in provider country,org_a0fd9d2a58b6,Democratic Republic of the Congo,Implementing Partner,Research,0.0,MONITOR,0.0,0,0,0,0.00,0.0,NO_VERIFIED_CATALOGUE_MATCH,0,,0.0,NONE,0,0.0,,0.0,MONITOR,No strong commercial signal yet.,Keep on watchlist; revisit when new procurement demand or catalogue-fit evidence appears.,,
acct_f3eafbfafa1b,Private sector in recipient country,org_fa9cad3d367c,Tanzania; Kenya; Somalia,Implementing Partner,Research,0.0,MONITOR,0.0,0,0,0,0.00,0.0,NO_VERIFIED_CATALOGUE_MATCH,0,,0.0,NONE,0,0.0,,0.0,MONITOR,No strong commercial signal yet.,Keep on watchlist; revisit when new procurement demand or catalogue-fit evidence appears.,,
acct_6b85c4370271,PROG NATIONAL MULTI SECTORIEL DE LUTTE CONTRE LE SIDA,org_7f8a26348bf8,Democratic Republic of the Congo,Implementing Partner,Prioritise,0.0,MONITOR,0.0,0,0,0,0.00,0.0,NO_VERIFIED_CATALOGUE_MATCH,0,,0.0,NONE,0,0.0,,0.0,MONITOR,No strong commercial signal yet.,Keep on watchlist; revisit when new procurement demand or catalogue-fit evidence appears.,,
acct_2217ab0bc396,Programme alimentaire mondial,org_b9118bf33159,Ethiopia; Democratic Republic of the Congo; Tanzania; Somalia; South Sudan; Rwanda; Kenya; BF; NE; Uganda,Donor,Prioritise,0.0,MONITOR,0.0,0,0,0,0.00,0.0,NO_VERIFIED_CATALOGUE_MATCH,0,,0.0,NONE,0,0.0,,0.0,MONITOR,No strong commercial signal yet.,Keep on watchlist; revisit when new procurement demand or catalogue-fit evidence appears.,,
acct_c60e54fb2881,PROGRAMME D APPROVISIONNEMENT EN EAU POUR LES VILLAGES,org_df577bcc5f68,Democratic Republic of the Congo,Implementing Partner,Prioritise,0.0,MONITOR,0.0,0,0,0,0.00,0.0,NO_VERIFIED_CATALOGUE_MATCH,0,,0.0,NONE,0,0.0,,0.0,MONITOR,No strong commercial signal yet.,Keep on watchlist; revisit when new procurement demand or catalogue-fit evidence appears.,,
acct_c635bcd0146a,PROGRAMME D ASSISSTANCE AUX POPULATIONS VULNERABLES EN AFRIQUE,org_91cce8a84c09,Democratic Republic of the Congo,Implementing Partner,Prioritise,0.0,MONITOR,0.0,0,0,0,0.00,0.0,NO_VERIFIED_CATALOGUE_MATCH,0,,0.0,NONE,0,0.0,,0.0,MONITOR,No strong commercial signal yet.,Keep on watchlist; revisit when new procurement demand or catalogue-fit evidence appears.,,
acct_0bd68fe785d6,PROGRAMME DE PROMOTION DES SOINS DE SANTE PRIMAIRES,org_082ad75cc409,Democratic Republic of the Congo,Implementing Partner,Prioritise,0.0,MONITOR,0.0,0,0,0,0.00,0.0,NO_VERIFIED_CATALOGUE_MATCH,0,,0.0,NONE,0,0.0,,0.0,MONITOR,No strong commercial signal yet.,Keep on watchlist; revisit when new procurement demand or catalogue-fit evidence appears.,,
acct_5f2ed9305ddc,PROGRAMME NATIONAL D'ELIMINATION DU CHOLERA ET DE LUTTE CONTRE LES AUTRES,org_ab51eefe679e,Democratic Republic of the Congo,Implementing Partner,Prioritise,0.0,MONITOR,0.0,0,0,0,0.00,0.0,NO_VERIFIED_CATALOGUE_MATCH,0,,0.0,NONE,0,0.0,,0.0,MONITOR,No strong commercial signal yet.,Keep on watchlist; revisit when new procurement demand or catalogue-fit evidence appears.,,
acct_cf9b28f5f696,PROGRAMME NATIONAL DE NUTRITION DU KASAI CENTRAL,org_9e4858c69bb3,Democratic Republic of the Congo,Implementing Partner,Prioritise,0.0,MONITOR,0.0,0,0,0,0.00,0.0,NO_VERIFIED_CATALOGUE_MATCH,0,,0.0,NONE,0,0.0,,0.0,MONITOR,No strong commercial signal yet.,Keep on watchlist; revisit when new procurement demand or catalogue-fit evidence appears.,,
acct_14ea529216f4,PROGRAMME NATIONAL DE READAPTATION A BASE COMMUNAUTAIRE PNRBC,org_8e3c16effb2d,Democratic Republic of the Congo,Implementing Partner,Prioritise,0.0,MONITOR,0.0,0,0,0,0.00,0.0,NO_VERIFIED_CATALOGUE_MATCH,0,,0.0,NONE,0,0.0,,0.0,MONITOR,No strong commercial signal yet.,Keep on watchlist; revisit when new procurement demand or catalogue-fit evidence appears.,,
acct_8aacccb99fc9,PROGRAMME NATIONAL DE SANTE DES ADOLESCENTS PNSA KINSHASA,org_7827d97e7c4a,Democratic Republic of the Congo,Implementing Partner,Prioritise,0.0,MONITOR,0.0,0,0,0,0.00,0.0,NO_VERIFIED_CATALOGUE_MATCH,0,,0.0,NONE,0,0.0,,0.0,MONITOR,No strong commercial signal yet.,Keep on watchlist; revisit when new procurement demand or catalogue-fit evidence appears.,,
acct_4072d5550ddd,Project Harar,org_16d57f6b2409,Ethiopia,Accountable Agency,Qualify,0.0,MONITOR,0.0,0,0,0,0.00,0.0,NO_VERIFIED_CATALOGUE_MATCH,0,,0.0,NONE,0,0.0,,0.0,MONITOR,No strong commercial signal yet.,Keep on watchlist; revisit when new procurement demand or catalogue-fit evidence appears.,,
acct_5ad5127aadc2,Project Harar (Ethiopia),org_dd9d54b077d3,Ethiopia,Implementing Partner,Qualify,0.0,MONITOR,0.0,0,0,0,0.00,0.0,NO_VERIFIED_CATALOGUE_MATCH,0,,0.0,NONE,0,0.0,,0.0,MONITOR,No strong commercial signal yet.,Keep on watchlist; revisit when new procurement demand or catalogue-fit evidence appears.,,
acct_bcc700e46411,Project HOPE,org_2063ec306189,Ethiopia,Implementing Partner,Prioritise,0.0,MONITOR,0.0,0,0,0,0.00,0.0,NO_VERIFIED_CATALOGUE_MATCH,0,,0.0,NONE,0,0.0,,0.0,MONITOR,No strong commercial signal yet.,Keep on watchlist; revisit when new procurement demand or catalogue-fit evidence appears.,,
acct_b8360c64885a,Promoting Equality in African Schools,org_0568a94fa2fe,Kenya; ZW; Uganda; Democratic Republic of the Congo; Ethiopia; GH; MZ; NP; NG; Rwanda; SL; Tanzania; ZM,Implementing Partner,Qualify,0.0,MONITOR,0.0,0,0,0,0.00,0.0,NO_VERIFIED_CATALOGUE_MATCH,0,,0.0,NONE,0,0.0,,0.0,MONITOR,No strong commercial signal yet.,Keep on watchlist; revisit when new procurement demand or catalogue-fit evidence appears.,,
acct_02ce0eb0920c,PRONANUT PROG NAT NUTRITION KINSHASA,org_f9897122df09,Democratic Republic of the Congo,Implementing Partner,Prioritise,0.0,MONITOR,0.0,0,0,0,0.00,0.0,NO_VERIFIED_CATALOGUE_MATCH,0,,0.0,NONE,0,0.0,,0.0,MONITOR,No strong commercial signal yet.,Keep on watchlist; revisit when new procurement demand or catalogue-fit evidence appears.,,
acct_e178d50f90eb,PROSANA MINAGRI,org_ad2451689c29,Democratic Republic of the Congo,Implementing Partner,Prioritise,0.0,MONITOR,0.0,0,0,0,0.00,0.0,NO_VERIFIED_CATALOGUE_MATCH,0,,0.0,NONE,0,0.0,,0.0,MONITOR,No strong commercial signal yet.,Keep on watchlist; revisit when new procurement demand or catalogue-fit evidence appears.,,
acct_5ee08ddfb338,Province de l'Eglise Anglicane du Congo (PEAC),org_9e9411a1639a,Democratic Republic of the Congo,Implementing Partner,Monitor,0.0,MONITOR,0.0,0,0,0,0.00,0.0,NO_VERIFIED_CATALOGUE_MATCH,0,,0.0,NONE,0,0.0,,0.0,MONITOR,No strong commercial signal yet.,Keep on watchlist; revisit when new procurement demand or catalogue-fit evidence appears.,,
acct_02edce55a6f8,PROVINCE EDUC EPST KINSHASA PLATEAU,org_e9717dded3b2,Democratic Republic of the Congo,Implementing Partner,Prioritise,0.0,MONITOR,0.0,0,0,0,0.00,0.0,NO_VERIFIED_CATALOGUE_MATCH,0,,0.0,NONE,0,0.0,,0.0,MONITOR,No strong commercial signal yet.,Keep on watchlist; revisit when new procurement demand or catalogue-fit evidence appears.,,
acct_4c6fb9055d8b,PROVINCE EDUCATIONNELLE DE L EPSP KINSHASA MONT AMBA,org_5bad45aeea7f,Democratic Republic of the Congo,Implementing Partner,Prioritise,0.0,MONITOR,0.0,0,0,0,0.00,0.0,NO_VERIFIED_CATALOGUE_MATCH,0,,0.0,NONE,0,0.0,,0.0,MONITOR,No strong commercial signal yet.,Keep on watchlist; revisit when new procurement demand or catalogue-fit evidence appears.,,
acct_ffd084418d4c,PROVINCE EDUCATIONNELLE ITURI3,org_bc9d1936ccdd,Democratic Republic of the Congo,Implementing Partner,Prioritise,0.0,MONITOR,0.0,0,0,0,0.00,0.0,NO_VERIFIED_CATALOGUE_MATCH,0,,0.0,NONE,0,0.0,,0.0,MONITOR,No strong commercial signal yet.,Keep on watchlist; revisit when new procurement demand or catalogue-fit evidence appears.,,
acct_fd1e2114dc78,Provincial Ministry of Health Ituri,org_664244a2c7fa,Tanzania,Implementing Partner,Qualify,0.0,MONITOR,0.0,0,0,0,0.00,0.0,NO_VERIFIED_CATALOGUE_MATCH,0,,0.0,NONE,0,0.0,,0.0,MONITOR,No strong commercial signal yet.,Keep on watchlist; revisit when new procurement demand or catalogue-fit evidence appears.,,
acct_ad1d47c9e6c3,PS MINISTRY OF EDUCATION AND VOCATIONAL TRAINING ZNZ,org_a28c124eaf7e,Tanzania,Implementing Partner,Prioritise,0.0,MONITOR,0.0,0,0,0,0.00,0.0,NO_VERIFIED_CATALOGUE_MATCH,0,,0.0,NONE,0,0.0,,0.0,MONITOR,No strong commercial signal yet.,Keep on watchlist; revisit when new procurement demand or catalogue-fit evidence appears.,,
acct_91e520dc0873,PS MINISTRY OF HEALTH AND SOCIAL WELFARE ENVIRONMENTAL HEALTH,org_7a8c1c8f70d4,Tanzania,Implementing Partner,Prioritise,0.0,MONITOR,0.0,0,0,0,0.00,0.0,NO_VERIFIED_CATALOGUE_MATCH,0,,0.0,NONE,0,0.0,,0.0,MONITOR,No strong commercial signal yet.,Keep on watchlist; revisit when new procurement demand or catalogue-fit evidence appears.,,
acct_1246850dee2b,PS MINISTRY OF HEALTH AND SOCIAL WELFARE HEALTH PROMOTION,org_8fb37418f6f0,Tanzania,Implementing Partner,Prioritise,0.0,MONITOR,0.0,0,0,0,0.00,0.0,NO_VERIFIED_CATALOGUE_MATCH,0,,0.0,NONE,0,0.0,,0.0,MONITOR,No strong commercial signal yet.,Keep on watchlist; revisit when new procurement demand or catalogue-fit evidence appears.,,
acct_2053a7a58eb5,PS MINISTRY OF HEALTH AND SOCIAL WELFARE MATERNAL AND CHILD,org_4bd6674aafda,Tanzania,Implementing Partner,Prioritise,0.0,MONITOR,0.0,0,0,0,0.00,0.0,NO_VERIFIED_CATALOGUE_MATCH,0,,0.0,NONE,0,0.0,,0.0,MONITOR,No strong commercial signal yet.,Keep on watchlist; revisit when new procurement demand or catalogue-fit evidence appears.,,
acct_bad73dbd6ec5,PS MINISTRY OF HEALTH COMMUNITY DEVELOPMENT GENDER ELDERLY AND,org_e532498ae31c,Tanzania,Implementing Partner,Prioritise,0.0,MONITOR,0.0,0,0,0,0.00,0.0,NO_VERIFIED_CATALOGUE_MATCH,0,,0.0,NONE,0,0.0,,0.0,MONITOR,No strong commercial signal yet.,Keep on watchlist; revisit when new procurement demand or catalogue-fit evidence appears.,,
acct_48163738d413,PS MINISTRY OF HEALTH ZNZ,org_1dea60f72271,Tanzania,Implementing Partner,Prioritise,0.0,MONITOR,0.0,0,0,0,0.00,0.0,NO_VERIFIED_CATALOGUE_MATCH,0,,0.0,NONE,0,0.0,,0.0,MONITOR,No strong commercial signal yet.,Keep on watchlist; revisit when new procurement demand or catalogue-fit evidence appears.,,
acct_bdcfb3979081,PS PRIME MINISTERS OFFICE REGIONAL ADMINISTRATION AND LOCAL,org_9c9e97820652,Tanzania,Implementing Partner,Prioritise,0.0,MONITOR,0.0,0,0,0,0.00,0.0,NO_VERIFIED_CATALOGUE_MATCH,0,,0.0,NONE,0,0.0,,0.0,MONITOR,No strong commercial signal yet.,Keep on watchlist; revisit when new procurement demand or catalogue-fit evidence appears.,,
acct_cbd0e1198c93,PS SECOND VICE PRESIDENT S OFFICE ZANZIBAR DISASTER MANAGEMENT OFFICE,org_be11fa55b1f1,Tanzania,Implementing Partner,Prioritise,0.0,MONITOR,0.0,0,0,0,0.00,0.0,NO_VERIFIED_CATALOGUE_MATCH,0,,0.0,NONE,0,0.0,,0.0,MONITOR,No strong commercial signal yet.,Keep on watchlist; revisit when new procurement demand or catalogue-fit evidence appears.,,
acct_a9a7e4087753,PSFR - consolidated pool funding,org_ba6c33d3c438,South Sudan,Donor,Prioritise,0.0,MONITOR,0.0,0,0,0,0.00,0.0,NO_VERIFIED_CATALOGUE_MATCH,0,,0.0,NONE,0,0.0,,0.0,MONITOR,No strong commercial signal yet.,Keep on watchlist; revisit when new procurement demand or catalogue-fit evidence appears.,,
acct_b8afad4066dc,Psychiatric Disability Organization,org_18571b67f513,Kenya,Accountable Agency,Monitor,0.0,MONITOR,0.0,0,0,0,0.00,0.0,NO_VERIFIED_CATALOGUE_MATCH,0,,0.0,NONE,0,0.0,,0.0,MONITOR,No strong commercial signal yet.,Keep on watchlist; revisit when new procurement demand or catalogue-fit evidence appears.,,
acct_dc736b1adc82,PT PricewaterhouseCoopers Indonesia Advisory,org_3178c2e75d88,Kenya; KH; NG; Somalia; ZA; VN; ZW; IN; Rwanda; GH; SY; TL; IQ; EG; YE; TH; MW; MY; PH; PK; JO; BD; Ethiopia; MM; South Sudan; Democratic Republic of the Congo; ID; NP; TN; Tanzania,Implementing Partner,Qualify,0.0,MONITOR,0.0,0,0,0,0.00,0.0,NO_VERIFIED_CATALOGUE_MATCH,0,,0.0,NONE,0,0.0,,0.0,MONITOR,No strong commercial signal yet.,Keep on watchlist; revisit when new procurement demand or catalogue-fit evidence appears.,,
acct_e0e73b39637f,PT SVARA RESEARCH INDONESIA,org_df807604eddb,Kenya; BD; ID; Somalia; KH; ZA; Uganda; MY; NP; ZM; VN; Rwanda,Implementing Partner,Monitor,0.0,MONITOR,0.0,0,0,0,0.00,0.0,NO_VERIFIED_CATALOGUE_MATCH,0,,0.0,NONE,0,0.0,,0.0,MONITOR,No strong commercial signal yet.,Keep on watchlist; revisit when new procurement demand or catalogue-fit evidence appears.,,
acct_fa97e3633254,Public Association “MoveGreen”,org_dc991a9d5fe3,Kenya; KR; MN; KH; LA; TH; IN; KG; MK; TJ; UZ; RS; KW; PS; SA,Implementing Partner,Qualify,0.0,MONITOR,0.0,0,0,0,0.00,0.0,NO_VERIFIED_CATALOGUE_MATCH,0,,0.0,NONE,0,0.0,,0.0,MONITOR,No strong commercial signal yet.,Keep on watchlist; revisit when new procurement demand or catalogue-fit evidence appears.,,
acct_b06cf6f32777,Public Health and Sanitation- County Government of Kisumu,org_a8c9076929c2,Kenya; GB; Uganda; ZA,Implementing Partner,Prioritise,0.0,MONITOR,0.0,0,0,0,0.00,0.0,NO_VERIFIED_CATALOGUE_MATCH,0,,0.0,NONE,0,0.0,,0.0,MONITOR,No strong commercial signal yet.,Keep on watchlist; revisit when new procurement demand or catalogue-fit evidence appears.,,
acct_498988269bbb,PUMWANI MATERNITY HOSPITAL,org_0a84cad15bb0,Kenya,Implementing Partner,Prioritise,0.0,MONITOR,0.0,0,0,0,0.00,0.0,NO_VERIFIED_CATALOGUE_MATCH,0,,0.0,NONE,0,0.0,,0.0,MONITOR,No strong commercial signal yet.,Keep on watchlist; revisit when new procurement demand or catalogue-fit evidence appears.,,
acct_eb4713885a15,PUNTLAND AIDS COMMISSION,org_37f83f232c3b,Somalia,Implementing Partner,Prioritise,0.0,MONITOR,0.0,0,0,0,0.00,0.0,NO_VERIFIED_CATALOGUE_MATCH,0,,0.0,NONE,0,0.0,,0.0,MONITOR,No strong commercial signal yet.,Keep on watchlist; revisit when new procurement demand or catalogue-fit evidence appears.,,
acct_531dfcc3febb,PwC,org_add0b4d338c4,Kenya; KH; NG; Somalia; ZA; VN; ZW; IN; Rwanda; GH; SY; TL; IQ; EG; YE; TH; MW; MY; PH; PK; JO; BD; Ethiopia; MM; South Sudan; Democratic Republic of the Congo; ID; NP; TN; Tanzania,Implementing Partner,Research,0.0,MONITOR,0.0,0,0,0,0.00,0.0,NO_VERIFIED_CATALOGUE_MATCH,0,,0.0,NONE,0,0.0,,0.0,MONITOR,No strong commercial signal yet.,Keep on watchlist; revisit when new procurement demand or catalogue-fit evidence appears.,,
acct_78d53b0ddb9f,PwC India,org_23c5198431c7,Kenya; KH; NG; Somalia; ZA; VN; ZW; IN; Rwanda; GH; SY; TL; IQ; EG; YE; TH; MW; MY; PH; PK; JO; BD; Ethiopia; MM; South Sudan; Democratic Republic of the Congo; ID; NP; TN; Tanzania,Implementing Partner,Qualify,0.0,MONITOR,0.0,0,0,0,0.00,0.0,NO_VERIFIED_CATALOGUE_MATCH,0,,0.0,NONE,0,0.0,,0.0,MONITOR,No strong commercial signal yet.,Keep on watchlist; revisit when new procurement demand or catalogue-fit evidence appears.,,
acct_b53ca3c4059e,PwC Kenya,org_d868f3abfdac,Kenya; KH; NG; Somalia; ZA; VN; ZW; IN; Rwanda; GH; SY; TL; IQ; EG; YE; TH; MW; MY; PH; PK; JO; BD; Ethiopia; MM; South Sudan; Democratic Republic of the Congo; ID; NP; TN; Tanzania,Implementing Partner,Qualify,0.0,MONITOR,0.0,0,0,0,0.00,0.0,NO_VERIFIED_CATALOGUE_MATCH,0,,0.0,NONE,0,0.0,,0.0,MONITOR,No strong commercial signal yet.,Keep on watchlist; revisit when new procurement demand or catalogue-fit evidence appears.,,
acct_afc5eb9b5a27,PXL University College,org_969e14c44ed0,Ethiopia,Implementing Partner,Research,0.0,MONITOR,0.0,0,0,0,0.00,0.0,NO_VERIFIED_CATALOGUE_MATCH,0,,0.0,NONE,0,0.0,,0.0,MONITOR,No strong commercial signal yet.,Keep on watchlist; revisit when new procurement demand or catalogue-fit evidence appears.,,
acct_5cd2fea7c8af,Qatar,org_ddf48d607aa7,South Sudan,Donor,Prioritise,0.0,MONITOR,0.0,0,0,0,0.00,0.0,NO_VERIFIED_CATALOGUE_MATCH,0,,0.0,NONE,0,0.0,,0.0,MONITOR,No strong commercial signal yet.,Keep on watchlist; revisit when new procurement demand or catalogue-fit evidence appears.,,
acct_347bf7ee9941,Qatar Fund for Development,org_620cd905c1f3,Ethiopia; Somalia; Tanzania; Kenya,Donor,Prioritise,0.0,MONITOR,0.0,0,0,0,0.00,0.0,NO_VERIFIED_CATALOGUE_MATCH,0,,0.0,NONE,0,0.0,,0.0,MONITOR,No strong commercial signal yet.,Keep on watchlist; revisit when new procurement demand or catalogue-fit evidence appears.,,
acct_b6fe3d6012b6,Queen Elizabeth Central Hospital,org_7cbf08339330,MW; ZA; Tanzania,Implementing Partner,Research,0.0,MONITOR,0.0,0,0,0,0.00,0.0,NO_VERIFIED_CATALOGUE_MATCH,0,,0.0,NONE,0,0.0,,0.0,MONITOR,No strong commercial signal yet.,Keep on watchlist; revisit when new procurement demand or catalogue-fit evidence appears.,,
acct_b1a54824f80b,"Queen Margaret University, UK",org_209a7e2e6fbe,SL; ZW; Uganda; KH; GB,Implementing Partner,Monitor,0.0,MONITOR,0.0,0,0,0,0.00,0.0,NO_VERIFIED_CATALOGUE_MATCH,0,,0.0,NONE,0,0.0,,0.0,MONITOR,No strong commercial signal yet.,Keep on watchlist; revisit when new procurement demand or catalogue-fit evidence appears.,,
acct_fbae295890ba,RADA in Business Limited,org_a06f01de83d2,Democratic Republic of the Congo; ZM; MW; SD,Implementing Partner,Monitor,0.0,MONITOR,0.0,0,0,0,0.00,0.0,NO_VERIFIED_CATALOGUE_MATCH,0,,0.0,NONE,0,0.0,,0.0,MONITOR,No strong commercial signal yet.,Keep on watchlist; revisit when new procurement demand or catalogue-fit evidence appears.,,
acct_24cd3086a9ac,RADDA BARNENS RIKSFORBUND,org_59eb7916bbea,Democratic Republic of the Congo,Implementing Partner,Prioritise,0.0,MONITOR,0.0,0,0,0,0.00,0.0,NO_VERIFIED_CATALOGUE_MATCH,0,,0.0,NONE,0,0.0,,0.0,MONITOR,No strong commercial signal yet.,Keep on watchlist; revisit when new procurement demand or catalogue-fit evidence appears.,,
acct_2c6ff2f690be,Rahnuma - Family Planning Association of Pakistan (Rahnuma-FPAP),org_d5976322d58a,BI; Ethiopia; MW; MZ; PK; Rwanda; South Sudan; SD; Tanzania; Uganda; ZM; AF; BG; MG; Somalia; ZW,Implementing Partner,Research,0.0,MONITOR,0.0,0,0,0,0.00,0.0,NO_VERIFIED_CATALOGUE_MATCH,0,,0.0,NONE,0,0.0,,0.0,MONITOR,No strong commercial signal yet.,Keep on watchlist; revisit when new procurement demand or catalogue-fit evidence appears.,,
acct_a602e88c4a84,Rajarata University,org_de2a009c15ef,GB; BR; LK; Ethiopia,Implementing Partner,Research,0.0,MONITOR,0.0,0,0,0,0.00,0.0,NO_VERIFIED_CATALOGUE_MATCH,0,,0.0,NONE,0,0.0,,0.0,MONITOR,No strong commercial signal yet.,Keep on watchlist; revisit when new procurement demand or catalogue-fit evidence appears.,,
acct_5d528713ac4a,RAS KATAVI,org_4e92ea7dc319,Tanzania,Implementing Partner,Prioritise,0.0,MONITOR,0.0,0,0,0,0.00,0.0,NO_VERIFIED_CATALOGUE_MATCH,0,,0.0,NONE,0,0.0,,0.0,MONITOR,No strong commercial signal yet.,Keep on watchlist; revisit when new procurement demand or catalogue-fit evidence appears.,,
acct_942065c87dc5,RAS KIGOMA,org_19bd1374a551,Tanzania,Implementing Partner,Prioritise,0.0,MONITOR,0.0,0,0,0,0.00,0.0,NO_VERIFIED_CATALOGUE_MATCH,0,,0.0,NONE,0,0.0,,0.0,MONITOR,No strong commercial signal yet.,Keep on watchlist; revisit when new procurement demand or catalogue-fit evidence appears.,,
acct_cf16b40747ab,RBC RWANDA BIOMEDICAL CENTER,org_45505f7316cd,Rwanda,Implementing Partner,Prioritise,0.0,MONITOR,0.0,0,0,0,0.00,0.0,NO_VERIFIED_CATALOGUE_MATCH,0,,0.0,NONE,0,0.0,,0.0,MONITOR,No strong commercial signal yet.,Keep on watchlist; revisit when new procurement demand or catalogue-fit evidence appears.,,
acct_d39f041fc296,Reach One Touch One Ministries (ROTOM) is a non-denominational Christian organization reaching out to older persons and children in their care.,org_e9b6fbc49960,PK; MM; LB; Uganda; MZ; Tanzania; Ethiopia; MD; GB,Implementing Partner,Research,0.0,MONITOR,0.0,0,0,0,0.00,0.0,NO_VERIFIED_CATALOGUE_MATCH,0,,0.0,NONE,0,0.0,,0.0,MONITOR,No strong commercial signal yet.,Keep on watchlist; revisit when new procurement demand or catalogue-fit evidence appears.,,
acct_f2e7420767cd,REACH THE NEEDY ETHIOPIA RTN ETHIOPIA,org_4cae9799fafb,Ethiopia,Implementing Partner,Prioritise,0.0,MONITOR,0.0,0,0,0,0.00,0.0,NO_VERIFIED_CATALOGUE_MATCH,0,,0.0,NONE,0,0.0,,0.0,MONITOR,No strong commercial signal yet.,Keep on watchlist; revisit when new procurement demand or catalogue-fit evidence appears.,,
acct_0728aff73181,"REACH Trust, Malawi",org_deeb827ec163,CM; Ethiopia; GH; Kenya; MW; NG; ZA; SD; Tanzania; Uganda; NZ; GB,Implementing Partner,Qualify,0.0,MONITOR,0.0,0,0,0,0.00,0.0,NO_VERIFIED_CATALOGUE_MATCH,0,,0.0,NONE,0,0.0,,0.0,MONITOR,No strong commercial signal yet.,Keep on watchlist; revisit when new procurement demand or catalogue-fit evidence appears.,,
acct_57e911ad14d8,Red Barnet,org_7a1235911394,Somalia; South Sudan,Donor,Research,0.0,MONITOR,0.0,0,0,0,0.00,0.0,NO_VERIFIED_CATALOGUE_MATCH,0,,0.0,NONE,0,0.0,,0.0,MONITOR,No strong commercial signal yet.,Keep on watchlist; revisit when new procurement demand or catalogue-fit evidence appears.,,
acct_97f7eb91b08e,REDR AUSTRALIA,org_e0f58c7871ff,Democratic Republic of the Congo; AO; Rwanda; Somalia,Implementing Partner,Research,0.0,MONITOR,0.0,0,0,0,0.00,0.0,NO_VERIFIED_CATALOGUE_MATCH,0,,0.0,NONE,0,0.0,,0.0,MONITOR,No strong commercial signal yet.,Keep on watchlist; revisit when new procurement demand or catalogue-fit evidence appears.,,
acct_bf3ae1ce4a32,REFUGEES AND RETURNEES SERVICE,org_e688d17bc034,Ethiopia,Implementing Partner,Prioritise,0.0,MONITOR,0.0,0,0,0,0.00,0.0,NO_VERIFIED_CATALOGUE_MATCH,0,,0.0,NONE,0,0.0,,0.0,MONITOR,No strong commercial signal yet.,Keep on watchlist; revisit when new procurement demand or catalogue-fit evidence appears.,,
acct_7c1e65247e76,REGIE DE DISTRIBUTION DEAU DE LA REPUBLIQUE DEMOCRATIQUE DU CONGO,org_5546d97439d4,Democratic Republic of the Congo,Implementing Partner,Prioritise,0.0,MONITOR,0.0,0,0,0,0.00,0.0,NO_VERIFIED_CATALOGUE_MATCH,0,,0.0,NONE,0,0.0,,0.0,MONITOR,No strong commercial signal yet.,Keep on watchlist; revisit when new procurement demand or catalogue-fit evidence appears.,,
acct_8f818dc252b3,REGIONAL ADMINISTRATIVE SECRETARY,org_7d5fcaa5f146,Tanzania,Implementing Partner,Prioritise,0.0,MONITOR,0.0,0,0,0,0.00,0.0,NO_VERIFIED_CATALOGUE_MATCH,0,,0.0,NONE,0,0.0,,0.0,MONITOR,No strong commercial signal yet.,Keep on watchlist; revisit when new procurement demand or catalogue-fit evidence appears.,,
acct_71b4a6818caf,REGIONAL ADMINISTRATIVE SECRETARY DAR ES SALAAM,org_7fa2e3536034,Tanzania,Implementing Partner,Prioritise,0.0,MONITOR,0.0,0,0,0,0.00,0.0,NO_VERIFIED_CATALOGUE_MATCH,0,,0.0,NONE,0,0.0,,0.0,MONITOR,No strong commercial signal yet.,Keep on watchlist; revisit when new procurement demand or catalogue-fit evidence appears.,,
acct_7870a1ee6bdd,REGIONAL ADMINISTRATIVE SECRETARY DODOMA,org_d940f286616b,Tanzania,Implementing Partner,Prioritise,0.0,MONITOR,0.0,0,0,0,0.00,0.0,NO_VERIFIED_CATALOGUE_MATCH,0,,0.0,NONE,0,0.0,,0.0,MONITOR,No strong commercial signal yet.,Keep on watchlist; revisit when new procurement demand or catalogue-fit evidence appears.,,
acct_81cd98870829,REGIONAL ADMINISTRATIVE SECRETARY IRINGA,org_dac65b09c0c6,Tanzania,Implementing Partner,Prioritise,0.0,MONITOR,0.0,0,0,0,0.00,0.0,NO_VERIFIED_CATALOGUE_MATCH,0,,0.0,NONE,0,0.0,,0.0,MONITOR,No strong commercial signal yet.,Keep on watchlist; revisit when new procurement demand or catalogue-fit evidence appears.,,
acct_7c635ae0c565,REGIONAL ADMINISTRATIVE SECRETARY KAGERA,org_6cb2af7974da,Tanzania,Implementing Partner,Prioritise,0.0,MONITOR,0.0,0,0,0,0.00,0.0,NO_VERIFIED_CATALOGUE_MATCH,0,,0.0,NONE,0,0.0,,0.0,MONITOR,No strong commercial signal yet.,Keep on watchlist; revisit when new procurement demand or catalogue-fit evidence appears.,,
acct_4d0c926f978e,REGIONAL ADMINISTRATIVE SECRETARY MBEYA,org_64bf09c25a24,Tanzania,Implementing Partner,Prioritise,0.0,MONITOR,0.0,0,0,0,0.00,0.0,NO_VERIFIED_CATALOGUE_MATCH,0,,0.0,NONE,0,0.0,,0.0,MONITOR,No strong commercial signal yet.,Keep on watchlist; revisit when new procurement demand or catalogue-fit evidence appears.,,
acct_98273d89ffa3,REGIONAL ADMINISTRATIVE SECRETARY NJOMBE,org_1cee496295b4,Tanzania,Implementing Partner,Prioritise,0.0,MONITOR,0.0,0,0,0,0.00,0.0,NO_VERIFIED_CATALOGUE_MATCH,0,,0.0,NONE,0,0.0,,0.0,MONITOR,No strong commercial signal yet.,Keep on watchlist; revisit when new procurement demand or catalogue-fit evidence appears.,,
acct_81a080154924,REGIONAL ADMINISTRATIVE SECRETARY SONGWE,org_fc7d1e01af7b,Tanzania,Implementing Partner,Prioritise,0.0,MONITOR,0.0,0,0,0,0.00,0.0,NO_VERIFIED_CATALOGUE_MATCH,0,,0.0,NONE,0,0.0,,0.0,MONITOR,No strong commercial signal yet.,Keep on watchlist; revisit when new procurement demand or catalogue-fit evidence appears.,,
acct_8558812c6e9e,REGIONAL ADMINISTRATIVE SECRETARY TABORA,org_bb588467f0ad,Tanzania,Implementing Partner,Prioritise,0.0,MONITOR,0.0,0,0,0,0.00,0.0,NO_VERIFIED_CATALOGUE_MATCH,0,,0.0,NONE,0,0.0,,0.0,MONITOR,No strong commercial signal yet.,Keep on watchlist; revisit when new procurement demand or catalogue-fit evidence appears.,,
acct_ff5c34fb68c0,REGISTERED TRUSTEES OF JAKAYA MRISHO KIKWETE FOUNDATION,org_39b01b658e89,Tanzania,Implementing Partner,Prioritise,0.0,MONITOR,0.0,0,0,0,0.00,0.0,NO_VERIFIED_CATALOGUE_MATCH,0,,0.0,NONE,0,0.0,,0.0,MONITOR,No strong commercial signal yet.,Keep on watchlist; revisit when new procurement demand or catalogue-fit evidence appears.,,
acct_e1acc8acc1eb,RELIEF AND DEVELOPMENT FOR VULNERABLE,org_ca40becc3c71,Ethiopia,Implementing Partner,Prioritise,0.0,MONITOR,0.0,0,0,0,0.00,0.0,NO_VERIFIED_CATALOGUE_MATCH,0,,0.0,NONE,0,0.0,,0.0,MONITOR,No strong commercial signal yet.,Keep on watchlist; revisit when new procurement demand or catalogue-fit evidence appears.,,
acct_518522e9c546,RELIEF INTERNATIONAL,org_7f229679554a,South Sudan,Implementing Partner,Prioritise,0.0,MONITOR,0.0,0,0,0,0.00,0.0,NO_VERIFIED_CATALOGUE_MATCH,0,,0.0,NONE,0,0.0,,0.0,MONITOR,No strong commercial signal yet.,Keep on watchlist; revisit when new procurement demand or catalogue-fit evidence appears.,,
acct_d047883c7fc6,RELIEF SOCIETY OF TIGRAY,org_7c8d8f8b3dd9,Ethiopia,Implementing Partner,Prioritise,0.0,MONITOR,0.0,0,0,0,0.00,0.0,NO_VERIFIED_CATALOGUE_MATCH,0,,0.0,NONE,0,0.0,,0.0,MONITOR,No strong commercial signal yet.,Keep on watchlist; revisit when new procurement demand or catalogue-fit evidence appears.,,
acct_2339e48029e4,Reproductive Health Association of South Sudan (RHASS),org_ff34d553f9dc,BI; Ethiopia; MG; Somalia; South Sudan; SD; ZM; MW; MZ; PK; Rwanda; Tanzania; Uganda; AF; BG; ZW,Implementing Partner,Research,0.0,MONITOR,0.0,0,0,0,0.00,0.0,NO_VERIFIED_CATALOGUE_MATCH,0,,0.0,NONE,0,0.0,,0.0,MONITOR,No strong commercial signal yet.,Keep on watchlist; revisit when new procurement demand or catalogue-fit evidence appears.,,
acct_f7882d812ca9,Reproductive Health Network Kenya,org_3d096b248d19,Kenya,Implementing Partner,Monitor,0.0,MONITOR,0.0,0,0,0,0.00,0.0,NO_VERIFIED_CATALOGUE_MATCH,0,,0.0,NONE,0,0.0,,0.0,MONITOR,No strong commercial signal yet.,Keep on watchlist; revisit when new procurement demand or catalogue-fit evidence appears.,,
acct_0f566b41e7fd,Reproductive Health Uganda,org_f41cb87217cc,Uganda,Implementing Partner,Monitor,0.0,MONITOR,0.0,0,0,0,0.00,0.0,NO_VERIFIED_CATALOGUE_MATCH,0,,0.0,NONE,0,0.0,,0.0,MONITOR,No strong commercial signal yet.,Keep on watchlist; revisit when new procurement demand or catalogue-fit evidence appears.,,
acct_8948925532c7,Reproductive Health Uganda (RHU),org_01ff4ba56213,BI; Ethiopia; MW; MZ; PK; Rwanda; South Sudan; SD; Tanzania; Uganda; ZM; AF; BG; MG; Somalia; ZW,Implementing Partner,Research,0.0,MONITOR,0.0,0,0,0,0.00,0.0,NO_VERIFIED_CATALOGUE_MATCH,0,,0.0,NONE,0,0.0,,0.0,MONITOR,No strong commercial signal yet.,Keep on watchlist; revisit when new procurement demand or catalogue-fit evidence appears.,,
acct_5e6e7c9f9128,Republic of Kenya,org_d32834d72ccf,Kenya,Accountable Agency,Qualify,0.0,MONITOR,0.0,0,0,0,0.00,0.0,NO_VERIFIED_CATALOGUE_MATCH,0,,0.0,NONE,0,0.0,,0.0,MONITOR,No strong commercial signal yet.,Keep on watchlist; revisit when new procurement demand or catalogue-fit evidence appears.,,
acct_0035179113d1,Republic of Korea,org_afbd2f538c3d,Democratic Republic of the Congo; Tanzania; Kenya; Uganda; Ethiopia; South Sudan; Rwanda; Somalia,Donor,Prioritise,0.0,MONITOR,0.0,0,0,0,0.00,0.0,NO_VERIFIED_CATALOGUE_MATCH,0,,0.0,NONE,0,0.0,,0.0,MONITOR,No strong commercial signal yet.,Keep on watchlist; revisit when new procurement demand or catalogue-fit evidence appears.,,
acct_d97883702de6,Republic of South Sudan,org_a02de78381e3,South Sudan,Donor,Prioritise,0.0,MONITOR,0.0,0,0,0,0.00,0.0,NO_VERIFIED_CATALOGUE_MATCH,0,,0.0,NONE,0,0.0,,0.0,MONITOR,No strong commercial signal yet.,Keep on watchlist; revisit when new procurement demand or catalogue-fit evidence appears.,,
acct_d97883702de6,Republic of South Sudan,org_a02de78381e3,South Sudan,Accountable Agency,Prioritise,0.0,MONITOR,0.0,0,0,0,0.00,0.0,NO_VERIFIED_CATALOGUE_MATCH,0,,0.0,NONE,0,0.0,,0.0,MONITOR,No strong commercial signal yet.,Keep on watchlist; revisit when new procurement demand or catalogue-fit evidence appears.,,
acct_84ce4afd5c1c,REPUBLIQUE DEMOCRATIQUE DU CONGO,org_c28f18a2c9e6,Democratic Republic of the Congo,Implementing Partner,Prioritise,0.0,MONITOR,0.0,0,0,0,0.00,0.0,NO_VERIFIED_CATALOGUE_MATCH,0,,0.0,NONE,0,0.0,,0.0,MONITOR,No strong commercial signal yet.,Keep on watchlist; revisit when new procurement demand or catalogue-fit evidence appears.,,
acct_e28611a5ac60,REPUBLIQUE DU RWANDA,org_d14a7e1beb3d,Rwanda,Implementing Partner,Prioritise,0.0,MONITOR,0.0,0,0,0,0.00,0.0,NO_VERIFIED_CATALOGUE_MATCH,0,,0.0,NONE,0,0.0,,0.0,MONITOR,No strong commercial signal yet.,Keep on watchlist; revisit when new procurement demand or catalogue-fit evidence appears.,,
acct_a6b9ce6160af,RESCUE LIFE OF CHILDREN,org_da4965d22aab,South Sudan,Implementing Partner,Prioritise,0.0,MONITOR,0.0,0,0,0,0.00,0.0,NO_VERIFIED_CATALOGUE_MATCH,0,,0.0,NONE,0,0.0,,0.0,MONITOR,No strong commercial signal yet.,Keep on watchlist; revisit when new procurement demand or catalogue-fit evidence appears.,,
acct_aae349856f25,RESEARCH AND POLICY INTEGRATION FOR DEVELOPMENT,org_4e336570e292,Kenya; BD; ID; Somalia; KH; ZA; Uganda; MY; NP; ZM; VN; Rwanda,Implementing Partner,Monitor,0.0,MONITOR,0.0,0,0,0,0.00,0.0,NO_VERIFIED_CATALOGUE_MATCH,0,,0.0,NONE,0,0.0,,0.0,MONITOR,No strong commercial signal yet.,Keep on watchlist; revisit when new procurement demand or catalogue-fit evidence appears.,,
acct_2cf64f5e62fa,RESEARCH CENTER FOR INCLUSIVE DEVELOPMENT IN AFRICA,org_b5503f5b5c88,Ethiopia,Implementing Partner,Prioritise,0.0,MONITOR,0.0,0,0,0,0.00,0.0,NO_VERIFIED_CATALOGUE_MATCH,0,,0.0,NONE,0,0.0,,0.0,MONITOR,No strong commercial signal yet.,Keep on watchlist; revisit when new procurement demand or catalogue-fit evidence appears.,,
acct_408770d0819a,Research Insights international,org_830a68c3185e,BD; GH; KI; SL; Tanzania,Implementing Partner,Research,0.0,MONITOR,0.0,0,0,0,0.00,0.0,NO_VERIFIED_CATALOGUE_MATCH,0,,0.0,NONE,0,0.0,,0.0,MONITOR,No strong commercial signal yet.,Keep on watchlist; revisit when new procurement demand or catalogue-fit evidence appears.,,
acct_cbf3301ad520,RESEARCH INSTITUTE FOR INNOVATION AND SUSTAINABILITY PTY LTD,org_647be24d6e7d,ZW; ZA; NG; BW; Rwanda; GH; Kenya; SL,Implementing Partner,Monitor,0.0,MONITOR,0.0,0,0,0,0.00,0.0,NO_VERIFIED_CATALOGUE_MATCH,0,,0.0,NONE,0,0.0,,0.0,MONITOR,No strong commercial signal yet.,Keep on watchlist; revisit when new procurement demand or catalogue-fit evidence appears.,,
acct_43c184f948c6,RESEAU DES MEDIAS POUR LE DEVELOPPEMENT REMED,org_efff7f688be5,Democratic Republic of the Congo,Implementing Partner,Prioritise,0.0,MONITOR,0.0,0,0,0,0.00,0.0,NO_VERIFIED_CATALOGUE_MATCH,0,,0.0,NONE,0,0.0,,0.0,MONITOR,No strong commercial signal yet.,Keep on watchlist; revisit when new procurement demand or catalogue-fit evidence appears.,,
acct_2032b7b5b03e,Resolve to Save Lives,org_de68a6d37408,Ethiopia; NG; ZM; Kenya; Uganda; Rwanda; MZ,Implementing Partner,Prioritise,0.0,MONITOR,0.0,0,0,0,0.00,0.0,NO_VERIFIED_CATALOGUE_MATCH,0,,0.0,NONE,0,0.0,,0.0,MONITOR,No strong commercial signal yet.,Keep on watchlist; revisit when new procurement demand or catalogue-fit evidence appears.,,
acct_2032b7b5b03e,Resolve To Save Lives,org_de68a6d37408,Ethiopia,Donor,Qualify,0.0,MONITOR,0.0,0,0,0,0.00,0.0,NO_VERIFIED_CATALOGUE_MATCH,0,,0.0,NONE,0,0.0,,0.0,MONITOR,No strong commercial signal yet.,Keep on watchlist; revisit when new procurement demand or catalogue-fit evidence appears.,,
acct_5fc837fcbc67,Resource Stewardship Consultants Sdn Bhd,org_30e5e1c3cce3,Kenya; KH; NG; Somalia; ZA; VN; ZW; IN; Rwanda; GH; SY; TL; IQ; EG; YE; TH; MW; MY; PH; PK; JO; BD; Ethiopia; MM; South Sudan; Democratic Republic of the Congo; ID; NP; TN; Tanzania,Implementing Partner,Qualify,0.0,MONITOR,0.0,0,0,0,0.00,0.0,NO_VERIFIED_CATALOGUE_MATCH,0,,0.0,NONE,0,0.0,,0.0,MONITOR,No strong commercial signal yet.,Keep on watchlist; revisit when new procurement demand or catalogue-fit evidence appears.,,
acct_ff30303b4e51,Respiratory Society of Kenya,org_6ece9f87194e,GB; Kenya; NG; MW; Uganda,Implementing Partner,Prioritise,0.0,MONITOR,0.0,0,0,0,0.00,0.0,NO_VERIFIED_CATALOGUE_MATCH,0,,0.0,NONE,0,0.0,,0.0,MONITOR,No strong commercial signal yet.,Keep on watchlist; revisit when new procurement demand or catalogue-fit evidence appears.,,
acct_b9a6ea4ffa82,RESTLESS DEVELOPMENT,org_fd9473643319,Tanzania,Implementing Partner,Prioritise,0.0,MONITOR,0.0,0,0,0,0.00,0.0,NO_VERIFIED_CATALOGUE_MATCH,0,,0.0,NONE,0,0.0,,0.0,MONITOR,No strong commercial signal yet.,Keep on watchlist; revisit when new procurement demand or catalogue-fit evidence appears.,,
acct_3e188c27aa0d,"Results for Development Institute, Inc.",org_409db938cd97,Ethiopia; GH; Tanzania; ID; NG; BF; IN; Kenya; MG,Implementing Partner,Prioritise,0.0,MONITOR,0.0,0,0,0,0.00,0.0,NO_VERIFIED_CATALOGUE_MATCH,0,,0.0,NONE,0,0.0,,0.0,MONITOR,No strong commercial signal yet.,Keep on watchlist; revisit when new procurement demand or catalogue-fit evidence appears.,,
acct_8954844400a4,"RF Catalytic Capital, Inc.",org_432f65b142ed,SN; Uganda,Implementing Partner,Qualify,0.0,MONITOR,0.0,0,0,0,0.00,0.0,NO_VERIFIED_CATALOGUE_MATCH,0,,0.0,NONE,0,0.0,,0.0,MONITOR,No strong commercial signal yet.,Keep on watchlist; revisit when new procurement demand or catalogue-fit evidence appears.,,
acct_9a35b5c2e1a0,Rice University,org_49c4670e46d2,Ethiopia; Kenya; MW; NG; Tanzania,Implementing Partner,Prioritise,0.0,MONITOR,0.0,0,0,0,0.00,0.0,NO_VERIFIED_CATALOGUE_MATCH,0,,0.0,NONE,0,0.0,,0.0,MONITOR,No strong commercial signal yet.,Keep on watchlist; revisit when new procurement demand or catalogue-fit evidence appears.,,
acct_134450a078bb,RICE West Nile,org_4caa1e89079d,Uganda,Implementing Partner,Qualify,0.0,MONITOR,0.0,0,0,0,0.00,0.0,NO_VERIFIED_CATALOGUE_MATCH,0,,0.0,NONE,0,0.0,,0.0,MONITOR,No strong commercial signal yet.,Keep on watchlist; revisit when new procurement demand or catalogue-fit evidence appears.,,
acct_284b85c81360,RIFT VALLEY INSTITUTE (D),org_993ccc93d80e,Kenya; KH; NG; Somalia; ZA; VN; ZW; IN; Rwanda; GH; SY; TL; IQ; EG; YE; TH; MW; MY; PH; PK; JO; BD; Ethiopia; MM; South Sudan; Democratic Republic of the Congo; ID; NP; TN; Tanzania,Implementing Partner,Qualify,0.0,MONITOR,0.0,0,0,0,0.00,0.0,NO_VERIFIED_CATALOGUE_MATCH,0,,0.0,NONE,0,0.0,,0.0,MONITOR,No strong commercial signal yet.,Keep on watchlist; revisit when new procurement demand or catalogue-fit evidence appears.,,
acct_122707d03dd3,Right to Play Netherlands Foundation,org_71a3ab13b6bb,Uganda,Implementing Partner,Monitor,0.0,MONITOR,0.0,0,0,0,0.00,0.0,NO_VERIFIED_CATALOGUE_MATCH,0,,0.0,NONE,0,0.0,,0.0,MONITOR,No strong commercial signal yet.,Keep on watchlist; revisit when new procurement demand or catalogue-fit evidence appears.,,
acct_4552fcfd51e0,RINDA UBUZIMA,org_e02af2fbfaa7,Rwanda,Implementing Partner,Prioritise,0.0,MONITOR,0.0,0,0,0,0.00,0.0,NO_VERIFIED_CATALOGUE_MATCH,0,,0.0,NONE,0,0.0,,0.0,MONITOR,No strong commercial signal yet.,Keep on watchlist; revisit when new procurement demand or catalogue-fit evidence appears.,,
acct_d506cdd7d76f,RISK CONTROL LIMITED,org_b1a7c67c0ac5,MY; PH; Kenya; TH,Implementing Partner,Monitor,0.0,MONITOR,0.0,0,0,0,0.00,0.0,NO_VERIFIED_CATALOGUE_MATCH,0,,0.0,NONE,0,0.0,,0.0,MONITOR,No strong commercial signal yet.,Keep on watchlist; revisit when new procurement demand or catalogue-fit evidence appears.,,
acct_580b05039144,Roche Kenya Limited,org_af053d6af566,Kenya; Tanzania,Donor,Qualify,0.0,MONITOR,0.0,0,0,0,0.00,0.0,NO_VERIFIED_CATALOGUE_MATCH,0,,0.0,NONE,0,0.0,,0.0,MONITOR,No strong commercial signal yet.,Keep on watchlist; revisit when new procurement demand or catalogue-fit evidence appears.,,
acct_5f33a35e6180,Rockefeller Foundation,org_2d9e086441ac,Ethiopia; Somalia; Tanzania; Kenya,Donor,Prioritise,0.0,MONITOR,0.0,0,0,0,0.00,0.0,NO_VERIFIED_CATALOGUE_MATCH,0,,0.0,NONE,0,0.0,,0.0,MONITOR,No strong commercial signal yet.,Keep on watchlist; revisit when new procurement demand or catalogue-fit evidence appears.,,
acct_5f33a35e6180,Rockefeller Foundation,org_2d9e086441ac,Ethiopia; Uganda; Kenya; Tanzania; GH; ZA,Donor,Prioritise,0.0,MONITOR,0.0,0,0,0,0.00,0.0,NO_VERIFIED_CATALOGUE_MATCH,0,,0.0,NONE,0,0.0,,0.0,MONITOR,No strong commercial signal yet.,Keep on watchlist; revisit when new procurement demand or catalogue-fit evidence appears.,,
acct_fcb6db9241d8,Rockefeller Philanthropy Advisors,org_8d51fd5e02ae,Rwanda; Ethiopia,Donor,Prioritise,0.0,MONITOR,0.0,0,0,0,0.00,0.0,NO_VERIFIED_CATALOGUE_MATCH,0,,0.0,NONE,0,0.0,,0.0,MONITOR,No strong commercial signal yet.,Keep on watchlist; revisit when new procurement demand or catalogue-fit evidence appears.,,
acct_ef0d45bea4d2,Rods&Cones Sales B.V.,org_b7cc38719275,Kenya,Implementing Partner,Prioritise,0.0,MONITOR,0.0,0,0,0,0.00,0.0,NO_VERIFIED_CATALOGUE_MATCH,0,,0.0,NONE,0,0.0,,0.0,MONITOR,No strong commercial signal yet.,Keep on watchlist; revisit when new procurement demand or catalogue-fit evidence appears.,,
acct_eea0a9bec6ec,Rotary International,org_1288c5f3250f,South Sudan; Democratic Republic of the Congo,Donor,Prioritise,0.0,MONITOR,0.0,0,0,0,0.00,0.0,NO_VERIFIED_CATALOGUE_MATCH,0,,0.0,NONE,0,0.0,,0.0,MONITOR,No strong commercial signal yet.,Keep on watchlist; revisit when new procurement demand or catalogue-fit evidence appears.,,
acct_eea0a9bec6ec,Rotary International,org_1288c5f3250f,Ethiopia; Somalia; South Sudan; Kenya; Democratic Republic of the Congo; Uganda,Donor,Prioritise,0.0,MONITOR,0.0,0,0,0,0.00,0.0,NO_VERIFIED_CATALOGUE_MATCH,0,,0.0,NONE,0,0.0,,0.0,MONITOR,No strong commercial signal yet.,Keep on watchlist; revisit when new procurement demand or catalogue-fit evidence appears.,,
acct_b7dedd38a031,ROYAL AID FOR DEVELOPMENT,org_59b50e30f013,South Sudan,Implementing Partner,Prioritise,0.0,MONITOR,0.0,0,0,0,0.00,0.0,NO_VERIFIED_CATALOGUE_MATCH,0,,0.0,NONE,0,0.0,,0.0,MONITOR,No strong commercial signal yet.,Keep on watchlist; revisit when new procurement demand or catalogue-fit evidence appears.,,
acct_9b0cc34b6319,Royal Devon University Healthcare NHS Foundation Trust,org_664806886363,GB; Uganda; CM; ZA; MW,Implementing Partner,Prioritise,0.0,MONITOR,0.0,0,0,0,0.00,0.0,NO_VERIFIED_CATALOGUE_MATCH,0,,0.0,NONE,0,0.0,,0.0,MONITOR,No strong commercial signal yet.,Keep on watchlist; revisit when new procurement demand or catalogue-fit evidence appears.,,
acct_50902c12e29c,Royal University of Phnom Penh,org_2e186941e806,Kenya; KR; MN; KH; LA; TH; IN; KG; MK; TJ; UZ; RS; KW; PS; SA,Implementing Partner,Qualify,0.0,MONITOR,0.0,0,0,0,0.00,0.0,NO_VERIFIED_CATALOGUE_MATCH,0,,0.0,NONE,0,0.0,,0.0,MONITOR,No strong commercial signal yet.,Keep on watchlist; revisit when new procurement demand or catalogue-fit evidence appears.,,
acct_b0e205499876,RSD Institute,org_74bd3ba04c01,GB; Uganda; CM; ZA; MW,Implementing Partner,Prioritise,0.0,MONITOR,0.0,0,0,0,0.00,0.0,NO_VERIFIED_CATALOGUE_MATCH,0,,0.0,NONE,0,0.0,,0.0,MONITOR,No strong commercial signal yet.,Keep on watchlist; revisit when new procurement demand or catalogue-fit evidence appears.,,
acct_0a850a1455b0,RURAL AGENCY FOR COMMUNITY DEVELOPMENT AND ASSISTANCE,org_f97f424ad493,Kenya,Implementing Partner,Prioritise,0.0,MONITOR,0.0,0,0,0,0.00,0.0,NO_VERIFIED_CATALOGUE_MATCH,0,,0.0,NONE,0,0.0,,0.0,MONITOR,No strong commercial signal yet.,Keep on watchlist; revisit when new procurement demand or catalogue-fit evidence appears.,,
acct_a44c145b6255,RURAL DEVELOPMENT ACTION AID,org_b2cc8699374e,South Sudan,Implementing Partner,Prioritise,0.0,MONITOR,0.0,0,0,0,0.00,0.0,NO_VERIFIED_CATALOGUE_MATCH,0,,0.0,NONE,0,0.0,,0.0,MONITOR,No strong commercial signal yet.,Keep on watchlist; revisit when new procurement demand or catalogue-fit evidence appears.,,
acct_3dd758507515,Russian Federation,org_380bdb92c1ed,Kenya; Somalia,Donor,Qualify,0.0,MONITOR,0.0,0,0,0,0.00,0.0,NO_VERIFIED_CATALOGUE_MATCH,0,,0.0,NONE,0,0.0,,0.0,MONITOR,No strong commercial signal yet.,Keep on watchlist; revisit when new procurement demand or catalogue-fit evidence appears.,,
acct_f55a30fdab7b,Rutgers,org_726a56e51bdf,Ethiopia,Implementing Partner,Qualify,0.0,MONITOR,0.0,0,0,0,0.00,0.0,NO_VERIFIED_CATALOGUE_MATCH,0,,0.0,NONE,0,0.0,,0.0,MONITOR,No strong commercial signal yet.,Keep on watchlist; revisit when new procurement demand or catalogue-fit evidence appears.,,
acct_f55a30fdab7b,Rutgers,org_726a56e51bdf,GH; ID; Kenya; MW; Uganda; PK; Ethiopia; ZM,Donor,Qualify,0.0,MONITOR,0.0,0,0,0,0.00,0.0,NO_VERIFIED_CATALOGUE_MATCH,0,,0.0,NONE,0,0.0,,0.0,MONITOR,No strong commercial signal yet.,Keep on watchlist; revisit when new procurement demand or catalogue-fit evidence appears.,,
acct_bec34af7b186,RUTSIRO DISTRICT,org_8387bbad088b,Rwanda,Implementing Partner,Prioritise,0.0,MONITOR,0.0,0,0,0,0.00,0.0,NO_VERIFIED_CATALOGUE_MATCH,0,,0.0,NONE,0,0.0,,0.0,MONITOR,No strong commercial signal yet.,Keep on watchlist; revisit when new procurement demand or catalogue-fit evidence appears.,,
acct_d9c52fb14f18,Rwanda Biomedical Centre,org_c6cbf9ec284d,Rwanda,Implementing Partner,Qualify,0.0,MONITOR,0.0,0,0,0,0.00,0.0,NO_VERIFIED_CATALOGUE_MATCH,0,,0.0,NONE,0,0.0,,0.0,MONITOR,No strong commercial signal yet.,Keep on watchlist; revisit when new procurement demand or catalogue-fit evidence appears.,,
acct_f266e66ef139,Rwanda Biomedical Research Centre,org_d5a16e08fd9e,Kenya; Rwanda; Uganda; Tanzania; CM; GB,Implementing Partner,Qualify,0.0,MONITOR,0.0,0,0,0,0.00,0.0,NO_VERIFIED_CATALOGUE_MATCH,0,,0.0,NONE,0,0.0,,0.0,MONITOR,No strong commercial signal yet.,Keep on watchlist; revisit when new procurement demand or catalogue-fit evidence appears.,,
acct_4828136be89e,RWANDA BROADCASTING AGENCY,org_8fe38b66c779,Rwanda,Implementing Partner,Prioritise,0.0,MONITOR,0.0,0,0,0,0.00,0.0,NO_VERIFIED_CATALOGUE_MATCH,0,,0.0,NONE,0,0.0,,0.0,MONITOR,No strong commercial signal yet.,Keep on watchlist; revisit when new procurement demand or catalogue-fit evidence appears.,,
acct_a7f3559a215b,RWANDA INTERFAITH COUNCIL ON HEALTH RICH,org_5530bb91a620,Rwanda,Implementing Partner,Prioritise,0.0,MONITOR,0.0,0,0,0,0.00,0.0,NO_VERIFIED_CATALOGUE_MATCH,0,,0.0,NONE,0,0.0,,0.0,MONITOR,No strong commercial signal yet.,Keep on watchlist; revisit when new procurement demand or catalogue-fit evidence appears.,,
acct_1c84e5bb0eb0,RWANDA MENS RESOURCE CENTRE,org_eefa04893263,Rwanda,Implementing Partner,Prioritise,0.0,MONITOR,0.0,0,0,0,0.00,0.0,NO_VERIFIED_CATALOGUE_MATCH,0,,0.0,NONE,0,0.0,,0.0,MONITOR,No strong commercial signal yet.,Keep on watchlist; revisit when new procurement demand or catalogue-fit evidence appears.,,
acct_7d71fb61cda8,RWANDA NGOS FORUM ON HIV AIDS AND HEALTH PROMOTION,org_306473ca488d,Rwanda,Implementing Partner,Prioritise,0.0,MONITOR,0.0,0,0,0,0.00,0.0,NO_VERIFIED_CATALOGUE_MATCH,0,,0.0,NONE,0,0.0,,0.0,MONITOR,No strong commercial signal yet.,Keep on watchlist; revisit when new procurement demand or catalogue-fit evidence appears.,,
acct_b1063e7af757,Ryggmargsbrokk- og Hydrocephalusforeningen,org_af9004146427,Uganda,Implementing Partner,Prioritise,0.0,MONITOR,0.0,0,0,0,0.00,0.0,NO_VERIFIED_CATALOGUE_MATCH,0,,0.0,NONE,0,0.0,,0.0,MONITOR,No strong commercial signal yet.,Keep on watchlist; revisit when new procurement demand or catalogue-fit evidence appears.,,
acct_c49f4ca8dffb,SAfA Stiftungsallianz für Afrika gGmbH,org_fd5f9e4396b8,Tanzania,Implementing Partner,Prioritise,0.0,MONITOR,0.0,0,0,0,0.00,0.0,NO_VERIFIED_CATALOGUE_MATCH,0,,0.0,NONE,0,0.0,,0.0,MONITOR,No strong commercial signal yet.,Keep on watchlist; revisit when new procurement demand or catalogue-fit evidence appears.,,
acct_fec2e374adde,SAFE AND HEALTHY ENVIRONMENT,org_0a1a718c720c,Somalia; Kenya,Donor,Prioritise,0.0,MONITOR,0.0,0,0,0,0.00,0.0,NO_VERIFIED_CATALOGUE_MATCH,0,,0.0,NONE,0,0.0,,0.0,MONITOR,No strong commercial signal yet.,Keep on watchlist; revisit when new procurement demand or catalogue-fit evidence appears.,,
acct_cdfdf4a19b42,SAFER COMMUNITY ORGANIZATION SOUTH SUDAN,org_36330ebf3d38,South Sudan,Implementing Partner,Prioritise,0.0,MONITOR,0.0,0,0,0,0.00,0.0,NO_VERIFIED_CATALOGUE_MATCH,0,,0.0,NONE,0,0.0,,0.0,MONITOR,No strong commercial signal yet.,Keep on watchlist; revisit when new procurement demand or catalogue-fit evidence appears.,,
acct_694636f1b851,SaferWorld,org_050d17da50af,South Sudan,Implementing Partner,Monitor,0.0,MONITOR,0.0,0,0,0,0.00,0.0,NO_VERIFIED_CATALOGUE_MATCH,0,,0.0,NONE,0,0.0,,0.0,MONITOR,No strong commercial signal yet.,Keep on watchlist; revisit when new procurement demand or catalogue-fit evidence appears.,,
acct_e1c5271d66c4,SAIF,org_4b3ccba3d696,MY; PH; Kenya; TH,Implementing Partner,Monitor,0.0,MONITOR,0.0,0,0,0,0.00,0.0,NO_VERIFIED_CATALOGUE_MATCH,0,,0.0,NONE,0,0.0,,0.0,MONITOR,No strong commercial signal yet.,Keep on watchlist; revisit when new procurement demand or catalogue-fit evidence appears.,,
acct_0b0913fecd40,Saint Augustine University of Tanzania,org_cda7f9964677,Tanzania,Implementing Partner,Qualify,0.0,MONITOR,0.0,0,0,0,0.00,0.0,NO_VERIFIED_CATALOGUE_MATCH,0,,0.0,NONE,0,0.0,,0.0,MONITOR,No strong commercial signal yet.,Keep on watchlist; revisit when new procurement demand or catalogue-fit evidence appears.,,
acct_587ee4ec9363,Salford Royal NHS Foundation Trust,org_a50a5de5642b,Kenya; GB,Implementing Partner,Prioritise,0.0,MONITOR,0.0,0,0,0,0.00,0.0,NO_VERIFIED_CATALOGUE_MATCH,0,,0.0,NONE,0,0.0,,0.0,MONITOR,No strong commercial signal yet.,Keep on watchlist; revisit when new procurement demand or catalogue-fit evidence appears.,,
acct_9d8f76b2a830,SANITATION AND WATER ACTION SAWA,org_2e07a4f9a8e7,Tanzania,Implementing Partner,Prioritise,0.0,MONITOR,0.0,0,0,0,0.00,0.0,NO_VERIFIED_CATALOGUE_MATCH,0,,0.0,NONE,0,0.0,,0.0,MONITOR,No strong commercial signal yet.,Keep on watchlist; revisit when new procurement demand or catalogue-fit evidence appears.,,
acct_f94207e95243,Sanofi-Aventis,org_d6e63dc6e93f,Rwanda; Ethiopia; Kenya; South Sudan; Uganda,Donor,Prioritise,0.0,MONITOR,0.0,0,0,0,0.00,0.0,NO_VERIFIED_CATALOGUE_MATCH,0,,0.0,NONE,0,0.0,,0.0,MONITOR,No strong commercial signal yet.,Keep on watchlist; revisit when new procurement demand or catalogue-fit evidence appears.,,
acct_3c8c97a313a0,SANRU Asbl,org_07ad91d65995,Democratic Republic of the Congo,Implementing Partner,Prioritise,0.0,MONITOR,0.0,0,0,0,0.00,0.0,NO_VERIFIED_CATALOGUE_MATCH,0,,0.0,NONE,0,0.0,,0.0,MONITOR,No strong commercial signal yet.,Keep on watchlist; revisit when new procurement demand or catalogue-fit evidence appears.,,
acct_f0cf8c0eafc6,SANTE PLUS ASBL,org_1b578c5591ac,Democratic Republic of the Congo,Implementing Partner,Prioritise,0.0,MONITOR,0.0,0,0,0,0.00,0.0,NO_VERIFIED_CATALOGUE_MATCH,0,,0.0,NONE,0,0.0,,0.0,MONITOR,No strong commercial signal yet.,Keep on watchlist; revisit when new procurement demand or catalogue-fit evidence appears.,,
acct_84b8ef5fa21c,Sasakawa Health Foundation,org_1c758e660940,Tanzania; Democratic Republic of the Congo; Somalia; Ethiopia; South Sudan,Donor,Prioritise,0.0,MONITOR,0.0,0,0,0,0.00,0.0,NO_VERIFIED_CATALOGUE_MATCH,0,,0.0,NONE,0,0.0,,0.0,MONITOR,No strong commercial signal yet.,Keep on watchlist; revisit when new procurement demand or catalogue-fit evidence appears.,,
acct_98049e1f0cb7,SAVE A LIFE INTERNATIONAL,org_85549c6dc5f2,South Sudan,Implementing Partner,Prioritise,0.0,MONITOR,0.0,0,0,0,0.00,0.0,NO_VERIFIED_CATALOGUE_MATCH,0,,0.0,NONE,0,0.0,,0.0,MONITOR,No strong commercial signal yet.,Keep on watchlist; revisit when new procurement demand or catalogue-fit evidence appears.,,
acct_d4b115f186a7,SAVE COMMUNITIES IN CONFLICTS,org_06c51202a391,Democratic Republic of the Congo,Implementing Partner,Prioritise,0.0,MONITOR,0.0,0,0,0,0.00,0.0,NO_VERIFIED_CATALOGUE_MATCH,0,,0.0,NONE,0,0.0,,0.0,MONITOR,No strong commercial signal yet.,Keep on watchlist; revisit when new procurement demand or catalogue-fit evidence appears.,,
acct_97ecb0862726,Save the Children,org_0ff2d05725ed,Democratic Republic of the Congo,Accountable Agency,Prioritise,0.0,MONITOR,0.0,0,0,0,0.00,0.0,NO_VERIFIED_CATALOGUE_MATCH,0,,0.0,NONE,0,0.0,,0.0,MONITOR,No strong commercial signal yet.,Keep on watchlist; revisit when new procurement demand or catalogue-fit evidence appears.,,
acct_ddcd24b0d9c9,SAVE THE CHILDREN FUND,org_525835a4784c,South Sudan,Implementing Partner,Prioritise,0.0,MONITOR,0.0,0,0,0,0.00,0.0,NO_VERIFIED_CATALOGUE_MATCH,0,,0.0,NONE,0,0.0,,0.0,MONITOR,No strong commercial signal yet.,Keep on watchlist; revisit when new procurement demand or catalogue-fit evidence appears.,,
acct_ddcd24b0d9c9,Save the Children Fund,org_525835a4784c,Somalia,Implementing Partner,Qualify,0.0,MONITOR,0.0,0,0,0,0.00,0.0,NO_VERIFIED_CATALOGUE_MATCH,0,,0.0,NONE,0,0.0,,0.0,MONITOR,No strong commercial signal yet.,Keep on watchlist; revisit when new procurement demand or catalogue-fit evidence appears.,,
acct_cfddc711d926,Save The Children International,org_64dd637d4a5f,Ethiopia; Somalia; South Sudan; Uganda; Tanzania,Implementing Partner,Qualify,0.0,MONITOR,0.0,0,0,0,0.00,0.0,NO_VERIFIED_CATALOGUE_MATCH,0,,0.0,NONE,0,0.0,,0.0,MONITOR,No strong commercial signal yet.,Keep on watchlist; revisit when new procurement demand or catalogue-fit evidence appears.,,
acct_81581e424603,Save the Children Netherlands,org_a0a1faee7c27,South Sudan,Accountable Agency,Qualify,0.0,MONITOR,0.0,0,0,0,0.00,0.0,NO_VERIFIED_CATALOGUE_MATCH,0,,0.0,NONE,0,0.0,,0.0,MONITOR,No strong commercial signal yet.,Keep on watchlist; revisit when new procurement demand or catalogue-fit evidence appears.,,
acct_81581e424603,Save the Children Netherlands,org_a0a1faee7c27,South Sudan,Donor,Research,0.0,MONITOR,0.0,0,0,0,0.00,0.0,NO_VERIFIED_CATALOGUE_MATCH,0,,0.0,NONE,0,0.0,,0.0,MONITOR,No strong commercial signal yet.,Keep on watchlist; revisit when new procurement demand or catalogue-fit evidence appears.,,
acct_9a5e5d32071f,SAVE THE CHILDREN SWEDEN RWANDA,org_4dfe82054dbd,Rwanda,Implementing Partner,Prioritise,0.0,MONITOR,0.0,0,0,0,0.00,0.0,NO_VERIFIED_CATALOGUE_MATCH,0,,0.0,NONE,0,0.0,,0.0,MONITOR,No strong commercial signal yet.,Keep on watchlist; revisit when new procurement demand or catalogue-fit evidence appears.,,
acct_f398bd2820cb,Save The Children UK,org_541d1376bab0,Ethiopia; Kenya; ZW; Uganda; Democratic Republic of the Congo; GH; MZ; NP; NG; Rwanda; SL; Tanzania; ZM; Somalia,Donor,Prioritise,0.0,MONITOR,0.0,0,0,0,0.00,0.0,NO_VERIFIED_CATALOGUE_MATCH,0,,0.0,NONE,0,0.0,,0.0,MONITOR,No strong commercial signal yet.,Keep on watchlist; revisit when new procurement demand or catalogue-fit evidence appears.,,
acct_4f6747e4dc8e,SAVE THE CHILDREN UK DRC,org_d80f49350687,Democratic Republic of the Congo,Implementing Partner,Prioritise,0.0,MONITOR,0.0,0,0,0,0.00,0.0,NO_VERIFIED_CATALOGUE_MATCH,0,,0.0,NONE,0,0.0,,0.0,MONITOR,No strong commercial signal yet.,Keep on watchlist; revisit when new procurement demand or catalogue-fit evidence appears.,,
acct_ed21b3031a7f,SAVE THE CHILDREN UK KENYA,org_9443b925f8cb,Kenya,Implementing Partner,Prioritise,0.0,MONITOR,0.0,0,0,0,0.00,0.0,NO_VERIFIED_CATALOGUE_MATCH,0,,0.0,NONE,0,0.0,,0.0,MONITOR,No strong commercial signal yet.,Keep on watchlist; revisit when new procurement demand or catalogue-fit evidence appears.,,
acct_dedd7b03aa34,SCIENCE TEACHERS INITIATIVE,org_b8d72ecc33de,South Sudan,Implementing Partner,Prioritise,0.0,MONITOR,0.0,0,0,0,0.00,0.0,NO_VERIFIED_CATALOGUE_MATCH,0,,0.0,NONE,0,0.0,,0.0,MONITOR,No strong commercial signal yet.,Keep on watchlist; revisit when new procurement demand or catalogue-fit evidence appears.,,
acct_6a36709edabe,"Science, Technology, Innovation, Research and Sustainability Collaboration (STIRS Collaboration)",org_99b3d7602b31,Kenya; KH; NG; Somalia; ZA; VN; ZW; IN; Rwanda; GH; SY; TL; IQ; EG; YE; TH; MW; MY; PH; PK; JO; BD; Ethiopia; MM; South Sudan; Democratic Republic of the Congo; ID; NP; TN; Tanzania; BW; SL,Implementing Partner,Research,0.0,MONITOR,0.0,0,0,0,0.00,0.0,NO_VERIFIED_CATALOGUE_MATCH,0,,0.0,NONE,0,0.0,,0.0,MONITOR,No strong commercial signal yet.,Keep on watchlist; revisit when new procurement demand or catalogue-fit evidence appears.,,
acct_bdd9a3ee1058,Second Phase of the Scaling Up of Nutrition Investments - Parallel Trust Fund of TF072449,org_3099d455be0e,Democratic Republic of the Congo,Implementing Partner,Prioritise,0.0,MONITOR,0.0,0,0,0,0.00,0.0,NO_VERIFIED_CATALOGUE_MATCH,0,,0.0,NONE,0,0.0,,0.0,MONITOR,No strong commercial signal yet.,Keep on watchlist; revisit when new procurement demand or catalogue-fit evidence appears.,,
acct_7bb77e20cb45,SECRETARIAT GENERAL A LA COMMUNICATION ET MEDIAS,org_f734f1e1515e,Democratic Republic of the Congo,Implementing Partner,Prioritise,0.0,MONITOR,0.0,0,0,0,0.00,0.0,NO_VERIFIED_CATALOGUE_MATCH,0,,0.0,NONE,0,0.0,,0.0,MONITOR,No strong commercial signal yet.,Keep on watchlist; revisit when new procurement demand or catalogue-fit evidence appears.,,
acct_7ec498b98c9f,SECRETARIAT GENERAL A LA SANTE KINSHASA,org_8571b71025fb,Democratic Republic of the Congo,Implementing Partner,Prioritise,0.0,MONITOR,0.0,0,0,0,0.00,0.0,NO_VERIFIED_CATALOGUE_MATCH,0,,0.0,NONE,0,0.0,,0.0,MONITOR,No strong commercial signal yet.,Keep on watchlist; revisit when new procurement demand or catalogue-fit evidence appears.,,
acct_0e22711642cf,Secteur privé d'un pays tiers,org_798e809abfc9,Somalia; Rwanda; Tanzania,Implementing Partner,Research,0.0,MONITOR,0.0,0,0,0,0.00,0.0,NO_VERIFIED_CATALOGUE_MATCH,0,,0.0,NONE,0,0.0,,0.0,MONITOR,No strong commercial signal yet.,Keep on watchlist; revisit when new procurement demand or catalogue-fit evidence appears.,,
acct_c1cb21c2a13a,Selfly Aviation Technologies B.V.,org_2916ec51f2b5,Kenya,Implementing Partner,Prioritise,0.0,MONITOR,0.0,0,0,0,0.00,0.0,NO_VERIFIED_CATALOGUE_MATCH,0,,0.0,NONE,0,0.0,,0.0,MONITOR,No strong commercial signal yet.,Keep on watchlist; revisit when new procurement demand or catalogue-fit evidence appears.,,
acct_08b8b879b799,Semafor,org_a08e1c94af54,ZA; Ethiopia; NG,Implementing Partner,Prioritise,0.0,MONITOR,0.0,0,0,0,0.00,0.0,NO_VERIFIED_CATALOGUE_MATCH,0,,0.0,NONE,0,0.0,,0.0,MONITOR,No strong commercial signal yet.,Keep on watchlist; revisit when new procurement demand or catalogue-fit evidence appears.,,
acct_607fd1e4fb9e,Send a Cow,org_db3c9825895b,Uganda; Ethiopia; Kenya,Donor,Qualify,0.0,MONITOR,0.0,0,0,0,0.00,0.0,NO_VERIFIED_CATALOGUE_MATCH,0,,0.0,NONE,0,0.0,,0.0,MONITOR,No strong commercial signal yet.,Keep on watchlist; revisit when new procurement demand or catalogue-fit evidence appears.,,
acct_777022aada1c,Send a Cow Ethiopia,org_e41caf1c2ae4,Ethiopia,Implementing Partner,Qualify,0.0,MONITOR,0.0,0,0,0,0.00,0.0,NO_VERIFIED_CATALOGUE_MATCH,0,,0.0,NONE,0,0.0,,0.0,MONITOR,No strong commercial signal yet.,Keep on watchlist; revisit when new procurement demand or catalogue-fit evidence appears.,,
acct_777022aada1c,Send a Cow Ethiopia,org_e41caf1c2ae4,Ethiopia,Implementing Partner,Research,0.0,MONITOR,0.0,0,0,0,0.00,0.0,NO_VERIFIED_CATALOGUE_MATCH,0,,0.0,NONE,0,0.0,,0.0,MONITOR,No strong commercial signal yet.,Keep on watchlist; revisit when new procurement demand or catalogue-fit evidence appears.,,
acct_777022aada1c,Send a Cow Ethiopia,org_e41caf1c2ae4,Ethiopia,Reporting Organisation,Research,0.0,MONITOR,0.0,0,0,0,0.00,0.0,NO_VERIFIED_CATALOGUE_MATCH,0,,0.0,NONE,0,0.0,,0.0,MONITOR,No strong commercial signal yet.,Keep on watchlist; revisit when new procurement demand or catalogue-fit evidence appears.,,
acct_3595c60ddab1,Send a Cow Kenya,org_ee5fcfc42b7d,Kenya,Implementing Partner,Research,0.0,MONITOR,0.0,0,0,0,0.00,0.0,NO_VERIFIED_CATALOGUE_MATCH,0,,0.0,NONE,0,0.0,,0.0,MONITOR,No strong commercial signal yet.,Keep on watchlist; revisit when new procurement demand or catalogue-fit evidence appears.,,
acct_167b74840544,Send a Cow Uganda,org_406792915c1c,Uganda,Implementing Partner,Qualify,0.0,MONITOR,0.0,0,0,0,0.00,0.0,NO_VERIFIED_CATALOGUE_MATCH,0,,0.0,NONE,0,0.0,,0.0,MONITOR,No strong commercial signal yet.,Keep on watchlist; revisit when new procurement demand or catalogue-fit evidence appears.,,
acct_167b74840544,Send a Cow Uganda,org_406792915c1c,Uganda,Implementing Partner,Qualify,0.0,MONITOR,0.0,0,0,0,0.00,0.0,NO_VERIFIED_CATALOGUE_MATCH,0,,0.0,NONE,0,0.0,,0.0,MONITOR,No strong commercial signal yet.,Keep on watchlist; revisit when new procurement demand or catalogue-fit evidence appears.,,
acct_06d85bfb3842,Send a Cow UK,org_3bd42816d102,Ethiopia; Uganda,Donor,Qualify,0.0,MONITOR,0.0,0,0,0,0.00,0.0,NO_VERIFIED_CATALOGUE_MATCH,0,,0.0,NONE,0,0.0,,0.0,MONITOR,No strong commercial signal yet.,Keep on watchlist; revisit when new procurement demand or catalogue-fit evidence appears.,,
acct_a168f9b611b7,Sense International,org_dc8bb9b69e91,Kenya; Uganda,Accountable Agency,Qualify,0.0,MONITOR,0.0,0,0,0,0.00,0.0,NO_VERIFIED_CATALOGUE_MATCH,0,,0.0,NONE,0,0.0,,0.0,MONITOR,No strong commercial signal yet.,Keep on watchlist; revisit when new procurement demand or catalogue-fit evidence appears.,,
acct_a54c2cc51a27,Seoul Institute,org_e89ffe39d164,Kenya; KR; MN; KH; LA; TH; IN; KG; MK; TJ; UZ; RS; KW; PS; SA,Implementing Partner,Qualify,0.0,MONITOR,0.0,0,0,0,0.00,0.0,NO_VERIFIED_CATALOGUE_MATCH,0,,0.0,NONE,0,0.0,,0.0,MONITOR,No strong commercial signal yet.,Keep on watchlist; revisit when new procurement demand or catalogue-fit evidence appears.,,
acct_b0403f6196a0,SERS BOWCA,org_3339f58adb4a,Ethiopia,Implementing Partner,Prioritise,0.0,MONITOR,0.0,0,0,0,0.00,0.0,NO_VERIFIED_CATALOGUE_MATCH,0,,0.0,NONE,0,0.0,,0.0,MONITOR,No strong commercial signal yet.,Keep on watchlist; revisit when new procurement demand or catalogue-fit evidence appears.,,
acct_d4fe4a09582e,SERS BUREAU OF HEALTH,org_fd34c9b837ba,Ethiopia,Implementing Partner,Prioritise,0.0,MONITOR,0.0,0,0,0,0.00,0.0,NO_VERIFIED_CATALOGUE_MATCH,0,,0.0,NONE,0,0.0,,0.0,MONITOR,No strong commercial signal yet.,Keep on watchlist; revisit when new procurement demand or catalogue-fit evidence appears.,,
acct_ffce7e8d4d69,SERS BUREAU OF JUSTICE,org_31e12c34b2fb,Ethiopia,Implementing Partner,Prioritise,0.0,MONITOR,0.0,0,0,0,0.00,0.0,NO_VERIFIED_CATALOGUE_MATCH,0,,0.0,NONE,0,0.0,,0.0,MONITOR,No strong commercial signal yet.,Keep on watchlist; revisit when new procurement demand or catalogue-fit evidence appears.,,
acct_47dc562f3944,SERS DRMC,org_d106c636e282,Ethiopia,Implementing Partner,Prioritise,0.0,MONITOR,0.0,0,0,0,0.00,0.0,NO_VERIFIED_CATALOGUE_MATCH,0,,0.0,NONE,0,0.0,,0.0,MONITOR,No strong commercial signal yet.,Keep on watchlist; revisit when new procurement demand or catalogue-fit evidence appears.,,
acct_1eab26e8afb6,SERS SUPREME COURT,org_3a7b0d723e4b,Ethiopia,Implementing Partner,Prioritise,0.0,MONITOR,0.0,0,0,0,0.00,0.0,NO_VERIFIED_CATALOGUE_MATCH,0,,0.0,NONE,0,0.0,,0.0,MONITOR,No strong commercial signal yet.,Keep on watchlist; revisit when new procurement demand or catalogue-fit evidence appears.,,
acct_89d6a1d50d63,SERS VERA,org_81efcede01ed,Ethiopia,Implementing Partner,Prioritise,0.0,MONITOR,0.0,0,0,0,0.00,0.0,NO_VERIFIED_CATALOGUE_MATCH,0,,0.0,NONE,0,0.0,,0.0,MONITOR,No strong commercial signal yet.,Keep on watchlist; revisit when new procurement demand or catalogue-fit evidence appears.,,
acct_33ad63842970,SERVANTS HEART SOUTH SUDAN,org_64aed36f9b33,South Sudan,Implementing Partner,Prioritise,0.0,MONITOR,0.0,0,0,0,0.00,0.0,NO_VERIFIED_CATALOGUE_MATCH,0,,0.0,NONE,0,0.0,,0.0,MONITOR,No strong commercial signal yet.,Keep on watchlist; revisit when new procurement demand or catalogue-fit evidence appears.,,
acct_55a68bfcf648,SERVICE DE COMMUNICATION ET MEDIAS DU TANGANYIKA,org_8003ca61db62,Democratic Republic of the Congo,Implementing Partner,Prioritise,0.0,MONITOR,0.0,0,0,0,0.00,0.0,NO_VERIFIED_CATALOGUE_MATCH,0,,0.0,NONE,0,0.0,,0.0,MONITOR,No strong commercial signal yet.,Keep on watchlist; revisit when new procurement demand or catalogue-fit evidence appears.,,
acct_05c2a4b2eadc,SERVICE GENRE FAMILLE ET ENFANT KALEMIE,org_19fafecd1edb,Democratic Republic of the Congo,Implementing Partner,Prioritise,0.0,MONITOR,0.0,0,0,0,0.00,0.0,NO_VERIFIED_CATALOGUE_MATCH,0,,0.0,NONE,0,0.0,,0.0,MONITOR,No strong commercial signal yet.,Keep on watchlist; revisit when new procurement demand or catalogue-fit evidence appears.,,
acct_978403b146a9,Shack Dwellers International - Kenya,org_0760f7e68340,IN; SL; Kenya; GB,Implementing Partner,Research,0.0,MONITOR,0.0,0,0,0,0.00,0.0,NO_VERIFIED_CATALOGUE_MATCH,0,,0.0,NONE,0,0.0,,0.0,MONITOR,No strong commercial signal yet.,Keep on watchlist; revisit when new procurement demand or catalogue-fit evidence appears.,,
acct_40d7c4c2c9e5,Sheikh Zayed Eye Hospital,org_28ab60035e4d,Kenya; BD; JO; Uganda; GB; AF; BE; FJ; ID; LK; IN; ZA; CH,Implementing Partner,Prioritise,0.0,MONITOR,0.0,0,0,0,0.00,0.0,NO_VERIFIED_CATALOGUE_MATCH,0,,0.0,NONE,0,0.0,,0.0,MONITOR,No strong commercial signal yet.,Keep on watchlist; revisit when new procurement demand or catalogue-fit evidence appears.,,
acct_bbc5b24efbc3,"SHIFA Welfare Association (SHIFA) is a youth-based, women-led non-profit organization committed to empowering marginalized communities through sustainable and community-driven development interventions. SHIFA works in health, education, gender equality, climate resilience, humanitarian response, WASH, disaster risk reduction, peacebuilding, governance, inclusion, and protection of vulnerable groups including older people, women, children, persons with disabilities, minorities, and transgender communities",org_80ec279416fb,PK; MM; LB; Uganda; MZ; Tanzania; Ethiopia; MD; GB,Implementing Partner,Research,0.0,MONITOR,0.0,0,0,0,0.00,0.0,NO_VERIFIED_CATALOGUE_MATCH,0,,0.0,NONE,0,0.0,,0.0,MONITOR,No strong commercial signal yet.,Keep on watchlist; revisit when new procurement demand or catalogue-fit evidence appears.,,
acct_3a29eeddce99,ShikaNdoto,org_fef7f277167c,Tanzania,Implementing Partner,Qualify,0.0,MONITOR,0.0,0,0,0,0.00,0.0,NO_VERIFIED_CATALOGUE_MATCH,0,,0.0,NONE,0,0.0,,0.0,MONITOR,No strong commercial signal yet.,Keep on watchlist; revisit when new procurement demand or catalogue-fit evidence appears.,,
acct_5a4b1e378fa6,SHIMAHR CONSULTANTS LTD,org_ae0d7adeec3c,South Sudan,Implementing Partner,Prioritise,0.0,MONITOR,0.0,0,0,0,0.00,0.0,NO_VERIFIED_CATALOGUE_MATCH,0,,0.0,NONE,0,0.0,,0.0,MONITOR,No strong commercial signal yet.,Keep on watchlist; revisit when new procurement demand or catalogue-fit evidence appears.,,
acct_3a46d7c25664,Shore Capital Stockbrokers Limited,org_ad63b99fa6f4,MY; PH; Kenya; TH,Implementing Partner,Monitor,0.0,MONITOR,0.0,0,0,0,0.00,0.0,NO_VERIFIED_CATALOGUE_MATCH,0,,0.0,NONE,0,0.0,,0.0,MONITOR,No strong commercial signal yet.,Keep on watchlist; revisit when new procurement demand or catalogue-fit evidence appears.,,
acct_512a2b27217f,SI East Africa (Kenya),org_3b3de4206f77,Kenya; Uganda,Implementing Partner,Qualify,0.0,MONITOR,0.0,0,0,0,0.00,0.0,NO_VERIFIED_CATALOGUE_MATCH,0,,0.0,NONE,0,0.0,,0.0,MONITOR,No strong commercial signal yet.,Keep on watchlist; revisit when new procurement demand or catalogue-fit evidence appears.,,
acct_aada6145829d,SI East Africa (Uganda),org_b54cd540cb9f,Kenya; Uganda,Implementing Partner,Qualify,0.0,MONITOR,0.0,0,0,0,0.00,0.0,NO_VERIFIED_CATALOGUE_MATCH,0,,0.0,NONE,0,0.0,,0.0,MONITOR,No strong commercial signal yet.,Keep on watchlist; revisit when new procurement demand or catalogue-fit evidence appears.,,
acct_edc312fe34c2,SIDAMA REGIONAL STATE BUREAU OF AGRICULTURE,org_153155059737,Ethiopia,Implementing Partner,Prioritise,0.0,MONITOR,0.0,0,0,0,0.00,0.0,NO_VERIFIED_CATALOGUE_MATCH,0,,0.0,NONE,0,0.0,,0.0,MONITOR,No strong commercial signal yet.,Keep on watchlist; revisit when new procurement demand or catalogue-fit evidence appears.,,
acct_f81f021b5608,Sierra Leone Urban Institute for Urban Affairs,org_f91d470858e0,MW; ID; CH; GH; CO; GB; SL; BE; FR; IN; Kenya; MN; US,Implementing Partner,Qualify,0.0,MONITOR,0.0,0,0,0,0.00,0.0,NO_VERIFIED_CATALOGUE_MATCH,0,,0.0,NONE,0,0.0,,0.0,MONITOR,No strong commercial signal yet.,Keep on watchlist; revisit when new procurement demand or catalogue-fit evidence appears.,,
acct_bc685c17d0ac,Sierra Leone Urban Research Centre (SLURC),org_f202ce7007f1,IN; SL; Kenya; GB,Implementing Partner,Research,0.0,MONITOR,0.0,0,0,0,0.00,0.0,NO_VERIFIED_CATALOGUE_MATCH,0,,0.0,NONE,0,0.0,,0.0,MONITOR,No strong commercial signal yet.,Keep on watchlist; revisit when new procurement demand or catalogue-fit evidence appears.,,
acct_fed17208b595,Sightsavers,org_93b1bad634dc,Kenya; MW; MZ; NG; Uganda; Tanzania; ZM; Democratic Republic of the Congo,Donor,Qualify,0.0,MONITOR,0.0,0,0,0,0.00,0.0,NO_VERIFIED_CATALOGUE_MATCH,0,,0.0,NONE,0,0.0,,0.0,MONITOR,No strong commercial signal yet.,Keep on watchlist; revisit when new procurement demand or catalogue-fit evidence appears.,,
acct_fed17208b595,Sightsavers,org_93b1bad634dc,Tanzania,Accountable Agency,Qualify,0.0,MONITOR,0.0,0,0,0,0.00,0.0,NO_VERIFIED_CATALOGUE_MATCH,0,,0.0,NONE,0,0.0,,0.0,MONITOR,No strong commercial signal yet.,Keep on watchlist; revisit when new procurement demand or catalogue-fit evidence appears.,,
acct_fed17208b595,Sightsavers,org_93b1bad634dc,Tanzania,Accountable Agency,Qualify,0.0,MONITOR,0.0,0,0,0,0.00,0.0,NO_VERIFIED_CATALOGUE_MATCH,0,,0.0,NONE,0,0.0,,0.0,MONITOR,No strong commercial signal yet.,Keep on watchlist; revisit when new procurement demand or catalogue-fit evidence appears.,,
acct_fed17208b595,Sightsavers,org_93b1bad634dc,Kenya,Accountable Agency,Qualify,0.0,MONITOR,0.0,0,0,0,0.00,0.0,NO_VERIFIED_CATALOGUE_MATCH,0,,0.0,NONE,0,0.0,,0.0,MONITOR,No strong commercial signal yet.,Keep on watchlist; revisit when new procurement demand or catalogue-fit evidence appears.,,
acct_fed17208b595,Sightsavers,org_93b1bad634dc,Tanzania,Accountable Agency,Monitor,0.0,MONITOR,0.0,0,0,0,0.00,0.0,NO_VERIFIED_CATALOGUE_MATCH,0,,0.0,NONE,0,0.0,,0.0,MONITOR,No strong commercial signal yet.,Keep on watchlist; revisit when new procurement demand or catalogue-fit evidence appears.,,
acct_be5701ca2c9d,SightSavers (Royal Commonwealth Society for the Blind),org_6651224d9eec,BD; GH; KI; SL; Tanzania,Implementing Partner,Research,0.0,MONITOR,0.0,0,0,0,0.00,0.0,NO_VERIFIED_CATALOGUE_MATCH,0,,0.0,NONE,0,0.0,,0.0,MONITOR,No strong commercial signal yet.,Keep on watchlist; revisit when new procurement demand or catalogue-fit evidence appears.,,
acct_a08cf6dec07c,SIIQQEE WOMENS DEVELOPMENT ASSOCIATION,org_e0295a5fb291,Ethiopia,Implementing Partner,Prioritise,0.0,MONITOR,0.0,0,0,0,0.00,0.0,NO_VERIFIED_CATALOGUE_MATCH,0,,0.0,NONE,0,0.0,,0.0,MONITOR,No strong commercial signal yet.,Keep on watchlist; revisit when new procurement demand or catalogue-fit evidence appears.,,
acct_20d8feaa55b9,Sikika,org_124bae7ca778,Tanzania,Accountable Agency,Monitor,0.0,MONITOR,0.0,0,0,0,0.00,0.0,NO_VERIFIED_CATALOGUE_MATCH,0,,0.0,NONE,0,0.0,,0.0,MONITOR,No strong commercial signal yet.,Keep on watchlist; revisit when new procurement demand or catalogue-fit evidence appears.,,
acct_828e79ea0958,Similar Ground Uganda,org_e905113e01a6,Uganda,Implementing Partner,Qualify,0.0,MONITOR,0.0,0,0,0,0.00,0.0,NO_VERIFIED_CATALOGUE_MATCH,0,,0.0,NONE,0,0.0,,0.0,MONITOR,No strong commercial signal yet.,Keep on watchlist; revisit when new procurement demand or catalogue-fit evidence appears.,,
acct_5df5d431ae81,Singida Regional Authority,org_a27e9af1ac44,Tanzania,Implementing Partner,Monitor,0.0,MONITOR,0.0,0,0,0,0.00,0.0,NO_VERIFIED_CATALOGUE_MATCH,0,,0.0,NONE,0,0.0,,0.0,MONITOR,No strong commercial signal yet.,Keep on watchlist; revisit when new procurement demand or catalogue-fit evidence appears.,,
acct_30bda96d4ad4,Skills Meducation BV,org_bbd38439a132,Kenya,Donor,Monitor,0.0,MONITOR,0.0,0,0,0,0.00,0.0,NO_VERIFIED_CATALOGUE_MATCH,0,,0.0,NONE,0,0.0,,0.0,MONITOR,No strong commercial signal yet.,Keep on watchlist; revisit when new procurement demand or catalogue-fit evidence appears.,,
acct_9cad3329678d,Slovak Committee for UNICEF,org_6846966737c9,Uganda,Donor,Prioritise,0.0,MONITOR,0.0,0,0,0,0.00,0.0,NO_VERIFIED_CATALOGUE_MATCH,0,,0.0,NONE,0,0.0,,0.0,MONITOR,No strong commercial signal yet.,Keep on watchlist; revisit when new procurement demand or catalogue-fit evidence appears.,,
acct_56e99ab06009,Smile Again Africa Development Organisation (SAADO),org_cfcb014c0fa9,South Sudan,Implementing Partner,Monitor,0.0,MONITOR,0.0,0,0,0,0.00,0.0,NO_VERIFIED_CATALOGUE_MATCH,0,,0.0,NONE,0,0.0,,0.0,MONITOR,No strong commercial signal yet.,Keep on watchlist; revisit when new procurement demand or catalogue-fit evidence appears.,,
acct_533fa66bca16,SNRS AGENCY OF VITAL EVENTS REGISTRATION,org_e6e4db952339,Ethiopia,Implementing Partner,Prioritise,0.0,MONITOR,0.0,0,0,0,0.00,0.0,NO_VERIFIED_CATALOGUE_MATCH,0,,0.0,NONE,0,0.0,,0.0,MONITOR,No strong commercial signal yet.,Keep on watchlist; revisit when new procurement demand or catalogue-fit evidence appears.,,
acct_855311755741,SNRS ATTORNEY GENERAL,org_57303ff933f9,Ethiopia,Implementing Partner,Prioritise,0.0,MONITOR,0.0,0,0,0,0.00,0.0,NO_VERIFIED_CATALOGUE_MATCH,0,,0.0,NONE,0,0.0,,0.0,MONITOR,No strong commercial signal yet.,Keep on watchlist; revisit when new procurement demand or catalogue-fit evidence appears.,,
acct_e290e1607da3,SNRS BUREAU OF WOMEN CHILDREN AND YOUTH AFFAIR,org_e111d7d85d4d,Ethiopia,Implementing Partner,Prioritise,0.0,MONITOR,0.0,0,0,0,0.00,0.0,NO_VERIFIED_CATALOGUE_MATCH,0,,0.0,NONE,0,0.0,,0.0,MONITOR,No strong commercial signal yet.,Keep on watchlist; revisit when new procurement demand or catalogue-fit evidence appears.,,
acct_3fdd8adb0670,SNRS DISASTER RISK MANAGEMENT COMMISSION,org_e7945f9a4981,Ethiopia,Implementing Partner,Prioritise,0.0,MONITOR,0.0,0,0,0,0.00,0.0,NO_VERIFIED_CATALOGUE_MATCH,0,,0.0,NONE,0,0.0,,0.0,MONITOR,No strong commercial signal yet.,Keep on watchlist; revisit when new procurement demand or catalogue-fit evidence appears.,,
acct_18d737b19c56,SNRS HEALTH BUREAU,org_11f0e9f59644,Ethiopia,Implementing Partner,Prioritise,0.0,MONITOR,0.0,0,0,0,0.00,0.0,NO_VERIFIED_CATALOGUE_MATCH,0,,0.0,NONE,0,0.0,,0.0,MONITOR,No strong commercial signal yet.,Keep on watchlist; revisit when new procurement demand or catalogue-fit evidence appears.,,
acct_3f097abcbeeb,SNV Netherlands Development Organisation,org_9f61e69e530b,Rwanda,Reporting Organisation,Qualify,0.0,MONITOR,0.0,0,0,0,0.00,0.0,NO_VERIFIED_CATALOGUE_MATCH,0,,0.0,NONE,0,0.0,,0.0,MONITOR,No strong commercial signal yet.,Keep on watchlist; revisit when new procurement demand or catalogue-fit evidence appears.,,
acct_778731835c03,SNV Rwanda,org_0c6b28f0c5c7,Rwanda,Implementing Partner,Qualify,0.0,MONITOR,0.0,0,0,0,0.00,0.0,NO_VERIFIED_CATALOGUE_MATCH,0,,0.0,NONE,0,0.0,,0.0,MONITOR,No strong commercial signal yet.,Keep on watchlist; revisit when new procurement demand or catalogue-fit evidence appears.,,
acct_9b5ec60ef593,SOCIAL DEVELOPMENT CENTER,org_7271cd6eeb5b,Democratic Republic of the Congo,Implementing Partner,Prioritise,0.0,MONITOR,0.0,0,0,0,0.00,0.0,NO_VERIFIED_CATALOGUE_MATCH,0,,0.0,NONE,0,0.0,,0.0,MONITOR,No strong commercial signal yet.,Keep on watchlist; revisit when new procurement demand or catalogue-fit evidence appears.,,
acct_02c85b461731,Social Development Direct Limited,org_b9a11a2df9a6,Kenya; KH; NG; Somalia; ZA; VN; ZW; IN; Rwanda; GH; SY; TL; IQ; EG; YE; TH; MW; MY; PH; PK; JO; BD; Ethiopia; MM; South Sudan; Democratic Republic of the Congo; ID; NP; TN; Tanzania,Implementing Partner,Qualify,0.0,MONITOR,0.0,0,0,0,0.00,0.0,NO_VERIFIED_CATALOGUE_MATCH,0,,0.0,NONE,0,0.0,,0.0,MONITOR,No strong commercial signal yet.,Keep on watchlist; revisit when new procurement demand or catalogue-fit evidence appears.,,
acct_846906f7a521,Sokoine University of Agriculture,org_39bfeae9213f,Tanzania,Implementing Partner,Qualify,0.0,MONITOR,0.0,0,0,0,0.00,0.0,NO_VERIFIED_CATALOGUE_MATCH,0,,0.0,NONE,0,0.0,,0.0,MONITOR,No strong commercial signal yet.,Keep on watchlist; revisit when new procurement demand or catalogue-fit evidence appears.,,
acct_68a7c46cf8c0,SOLIDARITE DES ASSOCIATIONS FEMININES POUR LES DROITS DE LA,org_c0ccd7ab2fc1,Democratic Republic of the Congo,Implementing Partner,Prioritise,0.0,MONITOR,0.0,0,0,0,0.00,0.0,NO_VERIFIED_CATALOGUE_MATCH,0,,0.0,NONE,0,0.0,,0.0,MONITOR,No strong commercial signal yet.,Keep on watchlist; revisit when new procurement demand or catalogue-fit evidence appears.,,
acct_63829e8dc523,SOLIDARITES INTERNATIONAL,org_4bf58d4693fb,Democratic Republic of the Congo,Implementing Partner,Prioritise,0.0,MONITOR,0.0,0,0,0,0.00,0.0,NO_VERIFIED_CATALOGUE_MATCH,0,,0.0,NONE,0,0.0,,0.0,MONITOR,No strong commercial signal yet.,Keep on watchlist; revisit when new procurement demand or catalogue-fit evidence appears.,,
acct_31da89e6c503,Solution Seeker AS,org_60d50a37b8e5,Uganda,Implementing Partner,Qualify,0.0,MONITOR,0.0,0,0,0,0.00,0.0,NO_VERIFIED_CATALOGUE_MATCH,0,,0.0,NONE,0,0.0,,0.0,MONITOR,No strong commercial signal yet.,Keep on watchlist; revisit when new procurement demand or catalogue-fit evidence appears.,,
acct_a204ba97755d,SOMALI BUREAU OF AGRICULTURE,org_fe02b1dca2c7,Ethiopia,Implementing Partner,Prioritise,0.0,MONITOR,0.0,0,0,0,0.00,0.0,NO_VERIFIED_CATALOGUE_MATCH,0,,0.0,NONE,0,0.0,,0.0,MONITOR,No strong commercial signal yet.,Keep on watchlist; revisit when new procurement demand or catalogue-fit evidence appears.,,
acct_2c3d38b6cacf,SOMALI FEDERAL PARLIAMENT HOUSE OF THE PEOPLE,org_fecdf0d5916b,Somalia,Implementing Partner,Prioritise,0.0,MONITOR,0.0,0,0,0,0.00,0.0,NO_VERIFIED_CATALOGUE_MATCH,0,,0.0,NONE,0,0.0,,0.0,MONITOR,No strong commercial signal yet.,Keep on watchlist; revisit when new procurement demand or catalogue-fit evidence appears.,,
acct_b75924eb1c0a,SOMALI REGIONAL STATE ATTORNEY GENERAL,org_be145dd61c1a,Ethiopia,Implementing Partner,Prioritise,0.0,MONITOR,0.0,0,0,0,0.00,0.0,NO_VERIFIED_CATALOGUE_MATCH,0,,0.0,NONE,0,0.0,,0.0,MONITOR,No strong commercial signal yet.,Keep on watchlist; revisit when new procurement demand or catalogue-fit evidence appears.,,
acct_e14d77644865,SOMALI REGIONAL STATE BUREAU OF FINANCE AND ECONOMIC DEVELOPMENT,org_87591d205a4c,Ethiopia,Implementing Partner,Research,0.0,MONITOR,0.0,0,0,0,0.00,0.0,NO_VERIFIED_CATALOGUE_MATCH,0,,0.0,NONE,0,0.0,,0.0,MONITOR,No strong commercial signal yet.,Keep on watchlist; revisit when new procurement demand or catalogue-fit evidence appears.,,
acct_fff8fbf2dbd7,SOMALI REGIONAL STATE BUREAU OF LABOUR AND SOCIAL AFFAIRS,org_89cb792307d4,Ethiopia,Implementing Partner,Prioritise,0.0,MONITOR,0.0,0,0,0,0.00,0.0,NO_VERIFIED_CATALOGUE_MATCH,0,,0.0,NONE,0,0.0,,0.0,MONITOR,No strong commercial signal yet.,Keep on watchlist; revisit when new procurement demand or catalogue-fit evidence appears.,,
acct_3852671e9b00,SOMALI REGIONAL STATE BUREAU OF WOMEN AND CHILD AFFAIRS,org_b331d7a14430,Ethiopia,Implementing Partner,Prioritise,0.0,MONITOR,0.0,0,0,0,0.00,0.0,NO_VERIFIED_CATALOGUE_MATCH,0,,0.0,NONE,0,0.0,,0.0,MONITOR,No strong commercial signal yet.,Keep on watchlist; revisit when new procurement demand or catalogue-fit evidence appears.,,
acct_c9097539b506,SOMALI REGIONAL STATE DISASTER RISK RISK MANAGEMENT BUREAU,org_0b1e43577303,Ethiopia,Implementing Partner,Prioritise,0.0,MONITOR,0.0,0,0,0,0.00,0.0,NO_VERIFIED_CATALOGUE_MATCH,0,,0.0,NONE,0,0.0,,0.0,MONITOR,No strong commercial signal yet.,Keep on watchlist; revisit when new procurement demand or catalogue-fit evidence appears.,,
acct_6792b8e09926,SOMALI REGIONAL STATE HEALTH BUREAU,org_4523d419ff64,Ethiopia,Implementing Partner,Prioritise,0.0,MONITOR,0.0,0,0,0,0.00,0.0,NO_VERIFIED_CATALOGUE_MATCH,0,,0.0,NONE,0,0.0,,0.0,MONITOR,No strong commercial signal yet.,Keep on watchlist; revisit when new procurement demand or catalogue-fit evidence appears.,,
acct_bdc172df4baf,SOMALI RELIEF CENTER,org_5ac09d37f4b8,Somalia,Implementing Partner,Prioritise,0.0,MONITOR,0.0,0,0,0,0.00,0.0,NO_VERIFIED_CATALOGUE_MATCH,0,,0.0,NONE,0,0.0,,0.0,MONITOR,No strong commercial signal yet.,Keep on watchlist; revisit when new procurement demand or catalogue-fit evidence appears.,,
acct_a9d8c9b95420,Somalia,org_964002c49673,Somalia,Donor,Prioritise,0.0,MONITOR,0.0,0,0,0,0.00,0.0,NO_VERIFIED_CATALOGUE_MATCH,0,,0.0,NONE,0,0.0,,0.0,MONITOR,No strong commercial signal yet.,Keep on watchlist; revisit when new procurement demand or catalogue-fit evidence appears.,,
acct_ccb4df10cdc2,SOMALIA DISASTER MANAGEMENT AGENCY FDS,org_ee7a9b313a8e,Somalia,Implementing Partner,Prioritise,0.0,MONITOR,0.0,0,0,0,0.00,0.0,NO_VERIFIED_CATALOGUE_MATCH,0,,0.0,NONE,0,0.0,,0.0,MONITOR,No strong commercial signal yet.,Keep on watchlist; revisit when new procurement demand or catalogue-fit evidence appears.,,
acct_c372713f6625,Somalia Multi-Partner Fund - Parallel Trust Fund of TF072283,org_11d3b0b19bf9,Somalia,Implementing Partner,Monitor,0.0,MONITOR,0.0,0,0,0,0.00,0.0,NO_VERIFIED_CATALOGUE_MATCH,0,,0.0,NONE,0,0.0,,0.0,MONITOR,No strong commercial signal yet.,Keep on watchlist; revisit when new procurement demand or catalogue-fit evidence appears.,,
acct_9a776cccb4ef,SOMALILAND NATIONAL AIDS COMMISSION,org_08de8684343a,Somalia,Implementing Partner,Prioritise,0.0,MONITOR,0.0,0,0,0,0.00,0.0,NO_VERIFIED_CATALOGUE_MATCH,0,,0.0,NONE,0,0.0,,0.0,MONITOR,No strong commercial signal yet.,Keep on watchlist; revisit when new procurement demand or catalogue-fit evidence appears.,,
acct_1ca9c2dca9f6,Sonder Communications Ltd,org_b7706e46b496,BD; GH; KI; SL; Tanzania,Implementing Partner,Research,0.0,MONITOR,0.0,0,0,0,0.00,0.0,NO_VERIFIED_CATALOGUE_MATCH,0,,0.0,NONE,0,0.0,,0.0,MONITOR,No strong commercial signal yet.,Keep on watchlist; revisit when new procurement demand or catalogue-fit evidence appears.,,
acct_15f9ff0a93a2,SOS Children's Villages of Ethiopia,org_df30552d98f2,Ethiopia,Implementing Partner,Qualify,0.0,MONITOR,0.0,0,0,0,0.00,0.0,NO_VERIFIED_CATALOGUE_MATCH,0,,0.0,NONE,0,0.0,,0.0,MONITOR,No strong commercial signal yet.,Keep on watchlist; revisit when new procurement demand or catalogue-fit evidence appears.,,
acct_bdd7349638cd,SOS ITALIA,org_5ff7d62a5491,South Sudan,Reporting Organisation,Monitor,0.0,MONITOR,0.0,0,0,0,0.00,0.0,NO_VERIFIED_CATALOGUE_MATCH,0,,0.0,NONE,0,0.0,,0.0,MONITOR,No strong commercial signal yet.,Keep on watchlist; revisit when new procurement demand or catalogue-fit evidence appears.,,
acct_bef7c1b8ac30,SOS-Kinderdörfer weltweit Hermann-Gmeiner-Fonds Deutschland e.V.,org_9385fe4edeef,Ethiopia,Implementing Partner,Monitor,0.0,MONITOR,0.0,0,0,0,0.00,0.0,NO_VERIFIED_CATALOGUE_MATCH,0,,0.0,NONE,0,0.0,,0.0,MONITOR,No strong commercial signal yet.,Keep on watchlist; revisit when new procurement demand or catalogue-fit evidence appears.,,
acct_d468954691d1,South African Medical Research Council,org_29934e9377c9,Kenya; GB; Uganda; ZA; BD; GH; KH; Ethiopia; MW; SN; IN; ZW; PE; TH; SY; MM; AR; VN; ZM; BR; LA; PK; Rwanda; Democratic Republic of the Congo,Implementing Partner,Prioritise,0.0,MONITOR,0.0,0,0,0,0.00,0.0,NO_VERIFIED_CATALOGUE_MATCH,0,,0.0,NONE,0,0.0,,0.0,MONITOR,No strong commercial signal yet.,Keep on watchlist; revisit when new procurement demand or catalogue-fit evidence appears.,,
acct_1206f36f626a,SOUTH CENTRAL SOMALIA AIDS COMMISION,org_919c28e6a34a,Somalia,Implementing Partner,Prioritise,0.0,MONITOR,0.0,0,0,0,0.00,0.0,NO_VERIFIED_CATALOGUE_MATCH,0,,0.0,NONE,0,0.0,,0.0,MONITOR,No strong commercial signal yet.,Keep on watchlist; revisit when new procurement demand or catalogue-fit evidence appears.,,
acct_392535b538ef,South Consulting Africa Ltd,org_5291038384d3,Kenya; KH; NG; Somalia; ZA; VN; ZW; IN; Rwanda; GH; SY; TL; IQ; EG; YE; TH; MW; MY; PH; PK; JO; BD; Ethiopia; MM; South Sudan; Democratic Republic of the Congo; ID; NP; TN; Tanzania,Implementing Partner,Qualify,0.0,MONITOR,0.0,0,0,0,0.00,0.0,NO_VERIFIED_CATALOGUE_MATCH,0,,0.0,NONE,0,0.0,,0.0,MONITOR,No strong commercial signal yet.,Keep on watchlist; revisit when new procurement demand or catalogue-fit evidence appears.,,
acct_0522f569e5f3,South Eastern Kenya University,org_155d42153a9d,Kenya,Implementing Partner,Qualify,0.0,MONITOR,0.0,0,0,0,0.00,0.0,NO_VERIFIED_CATALOGUE_MATCH,0,,0.0,NONE,0,0.0,,0.0,MONITOR,No strong commercial signal yet.,Keep on watchlist; revisit when new procurement demand or catalogue-fit evidence appears.,,
acct_e6a74b410398,SOUTH ETHIOPIA REGION BUREAU OF AGRICULTURE,org_16ea1aeda7f1,Ethiopia,Implementing Partner,Prioritise,0.0,MONITOR,0.0,0,0,0,0.00,0.0,NO_VERIFIED_CATALOGUE_MATCH,0,,0.0,NONE,0,0.0,,0.0,MONITOR,No strong commercial signal yet.,Keep on watchlist; revisit when new procurement demand or catalogue-fit evidence appears.,,
acct_63b7a6668a2c,South Sudan,org_bdd5ceaea466,South Sudan,Donor,Prioritise,0.0,MONITOR,0.0,0,0,0,0.00,0.0,NO_VERIFIED_CATALOGUE_MATCH,0,,0.0,NONE,0,0.0,,0.0,MONITOR,No strong commercial signal yet.,Keep on watchlist; revisit when new procurement demand or catalogue-fit evidence appears.,,
acct_ec41106eefdf,SOUTH SUDAN COUNCIL OF CHURCHES,org_33c76b9f2844,South Sudan,Implementing Partner,Prioritise,0.0,MONITOR,0.0,0,0,0,0.00,0.0,NO_VERIFIED_CATALOGUE_MATCH,0,,0.0,NONE,0,0.0,,0.0,MONITOR,No strong commercial signal yet.,Keep on watchlist; revisit when new procurement demand or catalogue-fit evidence appears.,,
acct_3cf3b385b17f,SOUTH SUDAN HEALTH ASSOCIATION,org_ca608d81f1c7,South Sudan,Implementing Partner,Prioritise,0.0,MONITOR,0.0,0,0,0,0.00,0.0,NO_VERIFIED_CATALOGUE_MATCH,0,,0.0,NONE,0,0.0,,0.0,MONITOR,No strong commercial signal yet.,Keep on watchlist; revisit when new procurement demand or catalogue-fit evidence appears.,,
acct_d71dcd23192f,SOUTH WEST ETHIOPIAN REGION AGENCY VITAL EVENTS REGISTRATION,org_61f6d99dc51e,Ethiopia,Implementing Partner,Prioritise,0.0,MONITOR,0.0,0,0,0,0.00,0.0,NO_VERIFIED_CATALOGUE_MATCH,0,,0.0,NONE,0,0.0,,0.0,MONITOR,No strong commercial signal yet.,Keep on watchlist; revisit when new procurement demand or catalogue-fit evidence appears.,,
acct_65a7cc72ea3a,SOUTH WEST ETHIOPIAN REGION BUREAU OF JUSTICE,org_a3c84b8f8bf2,Ethiopia,Implementing Partner,Prioritise,0.0,MONITOR,0.0,0,0,0,0.00,0.0,NO_VERIFIED_CATALOGUE_MATCH,0,,0.0,NONE,0,0.0,,0.0,MONITOR,No strong commercial signal yet.,Keep on watchlist; revisit when new procurement demand or catalogue-fit evidence appears.,,
acct_d1d941567eb3,SOUTH WEST ETHIOPIAN REGION BUREAU OF WOMEN CHILDREN AND YOUTH AFFAIR,org_1a8be803fa2b,Ethiopia,Implementing Partner,Prioritise,0.0,MONITOR,0.0,0,0,0,0.00,0.0,NO_VERIFIED_CATALOGUE_MATCH,0,,0.0,NONE,0,0.0,,0.0,MONITOR,No strong commercial signal yet.,Keep on watchlist; revisit when new procurement demand or catalogue-fit evidence appears.,,
acct_b692e38f9a07,SOUTH WEST ETHIOPIAN REGION DISASTER RISK MANAGEMENT COMMISSION,org_fa1bce90fc39,Ethiopia,Implementing Partner,Prioritise,0.0,MONITOR,0.0,0,0,0,0.00,0.0,NO_VERIFIED_CATALOGUE_MATCH,0,,0.0,NONE,0,0.0,,0.0,MONITOR,No strong commercial signal yet.,Keep on watchlist; revisit when new procurement demand or catalogue-fit evidence appears.,,
acct_83ad04bc1e91,SOUTH WEST ETHIOPIAN REGION HEALTH BUREAU,org_c577e6792b68,Ethiopia,Implementing Partner,Prioritise,0.0,MONITOR,0.0,0,0,0,0.00,0.0,NO_VERIFIED_CATALOGUE_MATCH,0,,0.0,NONE,0,0.0,,0.0,MONITOR,No strong commercial signal yet.,Keep on watchlist; revisit when new procurement demand or catalogue-fit evidence appears.,,
acct_227192d66fe3,Southern Voice,org_3362fd438d75,BD; GH; KH; ZA; Ethiopia; MW; SN; Uganda; IN; ZW; PE; TH; SY; MM; AR; VN; ZM; BR; LA; PK; Rwanda; Democratic Republic of the Congo; Kenya,Implementing Partner,Qualify,0.0,MONITOR,0.0,0,0,0,0.00,0.0,NO_VERIFIED_CATALOGUE_MATCH,0,,0.0,NONE,0,0.0,,0.0,MONITOR,No strong commercial signal yet.,Keep on watchlist; revisit when new procurement demand or catalogue-fit evidence appears.,,
acct_41a599d6db80,Spain,org_78391a4aabd1,South Sudan; Somalia,Donor,Prioritise,0.0,MONITOR,0.0,0,0,0,0.00,0.0,NO_VERIFIED_CATALOGUE_MATCH,0,,0.0,NONE,0,0.0,,0.0,MONITOR,No strong commercial signal yet.,Keep on watchlist; revisit when new procurement demand or catalogue-fit evidence appears.,,
acct_e2e62ebc743d,Spain - Ministry of Economycomma Industry and Competitiveness,org_d2d86d2f4318,Somalia,Donor,Prioritise,0.0,MONITOR,0.0,0,0,0,0.00,0.0,NO_VERIFIED_CATALOGUE_MATCH,0,,0.0,NONE,0,0.0,,0.0,MONITOR,No strong commercial signal yet.,Keep on watchlist; revisit when new procurement demand or catalogue-fit evidence appears.,,
acct_89266a397293,Spanish Agency for International Cooperation (AECID),org_4f7c724a2221,Rwanda; Ethiopia,Donor,Prioritise,0.0,MONITOR,0.0,0,0,0,0.00,0.0,NO_VERIFIED_CATALOGUE_MATCH,0,,0.0,NONE,0,0.0,,0.0,MONITOR,No strong commercial signal yet.,Keep on watchlist; revisit when new procurement demand or catalogue-fit evidence appears.,,
acct_0f8e16ecad25,Spanish Committee for UNICEF,org_723ed160e99e,Ethiopia; Democratic Republic of the Congo,Donor,Prioritise,0.0,MONITOR,0.0,0,0,0,0.00,0.0,NO_VERIFIED_CATALOGUE_MATCH,0,,0.0,NONE,0,0.0,,0.0,MONITOR,No strong commercial signal yet.,Keep on watchlist; revisit when new procurement demand or catalogue-fit evidence appears.,,
acct_2efb30e41299,Spearfish Security Ltd,org_787c5948d169,BD; GH; KI; SL; Tanzania,Implementing Partner,Research,0.0,MONITOR,0.0,0,0,0,0.00,0.0,NO_VERIFIED_CATALOGUE_MATCH,0,,0.0,NONE,0,0.0,,0.0,MONITOR,No strong commercial signal yet.,Keep on watchlist; revisit when new procurement demand or catalogue-fit evidence appears.,,
acct_92c0b1f4c21b,Special Relief Funds,org_4469c4bae0f8,Democratic Republic of the Congo; Uganda; South Sudan,Donor,Prioritise,0.0,MONITOR,0.0,0,0,0,0.00,0.0,NO_VERIFIED_CATALOGUE_MATCH,0,,0.0,NONE,0,0.0,,0.0,MONITOR,No strong commercial signal yet.,Keep on watchlist; revisit when new procurement demand or catalogue-fit evidence appears.,,
acct_f4f9b657663b,SPIRIT DIGITAL LTD,org_3dc1c7fd910f,Kenya; BD; ID; Somalia; KH; ZA; Uganda; MY; NP; ZM; VN; Rwanda,Implementing Partner,Monitor,0.0,MONITOR,0.0,0,0,0,0.00,0.0,NO_VERIFIED_CATALOGUE_MATCH,0,,0.0,NONE,0,0.0,,0.0,MONITOR,No strong commercial signal yet.,Keep on watchlist; revisit when new procurement demand or catalogue-fit evidence appears.,,
acct_457063962ea1,SRHR Alliance Uganda,org_a205ed81896b,Uganda,Implementing Partner,Qualify,0.0,MONITOR,0.0,0,0,0,0.00,0.0,NO_VERIFIED_CATALOGUE_MATCH,0,,0.0,NONE,0,0.0,,0.0,MONITOR,No strong commercial signal yet.,Keep on watchlist; revisit when new procurement demand or catalogue-fit evidence appears.,,
acct_ac1eb35e8bbd,St. George's University of London (SGUL),org_8d7186a69be9,BW; Democratic Republic of the Congo; GN; MW; MZ; ZA; VN,Implementing Partner,Prioritise,0.0,MONITOR,0.0,0,0,0,0.00,0.0,NO_VERIFIED_CATALOGUE_MATCH,0,,0.0,NONE,0,0.0,,0.0,MONITOR,No strong commercial signal yet.,Keep on watchlist; revisit when new procurement demand or catalogue-fit evidence appears.,,
acct_1f48ff2e2bb6,St. Mary's Hospital Lacor,org_923603b93d41,Kenya; GB; Uganda; ZA,Implementing Partner,Prioritise,0.0,MONITOR,0.0,0,0,0,0.00,0.0,NO_VERIFIED_CATALOGUE_MATCH,0,,0.0,NONE,0,0.0,,0.0,MONITOR,No strong commercial signal yet.,Keep on watchlist; revisit when new procurement demand or catalogue-fit evidence appears.,,
acct_84ef588e1aea,Stanford University,org_a3aac5bdcb15,Ethiopia; NP,Implementing Partner,Prioritise,0.0,MONITOR,0.0,0,0,0,0.00,0.0,NO_VERIFIED_CATALOGUE_MATCH,0,,0.0,NONE,0,0.0,,0.0,MONITOR,No strong commercial signal yet.,Keep on watchlist; revisit when new procurement demand or catalogue-fit evidence appears.,,
acct_380bed2c608a,StartHub Africa Ltd.,org_d7d0f287b159,Uganda,Implementing Partner,Qualify,0.0,MONITOR,0.0,0,0,0,0.00,0.0,NO_VERIFIED_CATALOGUE_MATCH,0,,0.0,NONE,0,0.0,,0.0,MONITOR,No strong commercial signal yet.,Keep on watchlist; revisit when new procurement demand or catalogue-fit evidence appears.,,
acct_1089d179a94f,STATE MINISTRY OF EDUCATION JONGLEI,org_9432ea6382b5,South Sudan,Implementing Partner,Prioritise,0.0,MONITOR,0.0,0,0,0,0.00,0.0,NO_VERIFIED_CATALOGUE_MATCH,0,,0.0,NONE,0,0.0,,0.0,MONITOR,No strong commercial signal yet.,Keep on watchlist; revisit when new procurement demand or catalogue-fit evidence appears.,,
acct_ef63de5ef8f6,STATE MINISTRY OF GENERAL EDUCATION AND INSTRUCTION,org_968e1b09ad24,South Sudan,Implementing Partner,Prioritise,0.0,MONITOR,0.0,0,0,0,0.00,0.0,NO_VERIFIED_CATALOGUE_MATCH,0,,0.0,NONE,0,0.0,,0.0,MONITOR,No strong commercial signal yet.,Keep on watchlist; revisit when new procurement demand or catalogue-fit evidence appears.,,
acct_7ac43b929aac,STATE MINISTRY OF GENERAL EDUCATION NBEG,org_c3401adb6976,South Sudan,Implementing Partner,Prioritise,0.0,MONITOR,0.0,0,0,0,0.00,0.0,NO_VERIFIED_CATALOGUE_MATCH,0,,0.0,NONE,0,0.0,,0.0,MONITOR,No strong commercial signal yet.,Keep on watchlist; revisit when new procurement demand or catalogue-fit evidence appears.,,
acct_ecac08fe2647,STATE MINISTRY OF HEALTH,org_c073ab2e5c7c,South Sudan,Implementing Partner,Prioritise,0.0,MONITOR,0.0,0,0,0,0.00,0.0,NO_VERIFIED_CATALOGUE_MATCH,0,,0.0,NONE,0,0.0,,0.0,MONITOR,No strong commercial signal yet.,Keep on watchlist; revisit when new procurement demand or catalogue-fit evidence appears.,,
acct_5d68baa690cb,STATE MINISTRY OF HEALTH AND ENVIRONMENT JONGLEI STATE BOR,org_e06f026fac5b,South Sudan,Implementing Partner,Prioritise,0.0,MONITOR,0.0,0,0,0,0.00,0.0,NO_VERIFIED_CATALOGUE_MATCH,0,,0.0,NONE,0,0.0,,0.0,MONITOR,No strong commercial signal yet.,Keep on watchlist; revisit when new procurement demand or catalogue-fit evidence appears.,,
acct_ffc1e4b26a17,STATE MINISTRY OF HEALTH AWEIL,org_f3e687e5ede0,South Sudan,Implementing Partner,Prioritise,0.0,MONITOR,0.0,0,0,0,0.00,0.0,NO_VERIFIED_CATALOGUE_MATCH,0,,0.0,NONE,0,0.0,,0.0,MONITOR,No strong commercial signal yet.,Keep on watchlist; revisit when new procurement demand or catalogue-fit evidence appears.,,
acct_1e1a586dfc27,STATE MINISTRY OF HEALTH CES,org_0ab0e3972311,South Sudan,Implementing Partner,Prioritise,0.0,MONITOR,0.0,0,0,0,0.00,0.0,NO_VERIFIED_CATALOGUE_MATCH,0,,0.0,NONE,0,0.0,,0.0,MONITOR,No strong commercial signal yet.,Keep on watchlist; revisit when new procurement demand or catalogue-fit evidence appears.,,
acct_046a086a1300,STATE MINISTRY OF HEALTH EES,org_9f85e7139ada,South Sudan,Implementing Partner,Prioritise,0.0,MONITOR,0.0,0,0,0,0.00,0.0,NO_VERIFIED_CATALOGUE_MATCH,0,,0.0,NONE,0,0.0,,0.0,MONITOR,No strong commercial signal yet.,Keep on watchlist; revisit when new procurement demand or catalogue-fit evidence appears.,,
acct_7bd2edd6141f,STATE MINISTRY OF HEALTH LAKES,org_f4395b290b4b,South Sudan,Implementing Partner,Prioritise,0.0,MONITOR,0.0,0,0,0,0.00,0.0,NO_VERIFIED_CATALOGUE_MATCH,0,,0.0,NONE,0,0.0,,0.0,MONITOR,No strong commercial signal yet.,Keep on watchlist; revisit when new procurement demand or catalogue-fit evidence appears.,,
acct_69fc3c550591,STATE MINISTRY OF HEALTH UNITY,org_1a04bec92649,South Sudan,Implementing Partner,Prioritise,0.0,MONITOR,0.0,0,0,0,0.00,0.0,NO_VERIFIED_CATALOGUE_MATCH,0,,0.0,NONE,0,0.0,,0.0,MONITOR,No strong commercial signal yet.,Keep on watchlist; revisit when new procurement demand or catalogue-fit evidence appears.,,
acct_8d3ecd4fa8e9,STATE MINISTRY OF HEALTH UPPER NILE,org_cfa41c1533c3,South Sudan,Implementing Partner,Prioritise,0.0,MONITOR,0.0,0,0,0,0.00,0.0,NO_VERIFIED_CATALOGUE_MATCH,0,,0.0,NONE,0,0.0,,0.0,MONITOR,No strong commercial signal yet.,Keep on watchlist; revisit when new procurement demand or catalogue-fit evidence appears.,,
acct_b85dfa8fad6e,STATE MINISTRY OF HEALTH WARRAP,org_76081d50f8a2,South Sudan,Implementing Partner,Prioritise,0.0,MONITOR,0.0,0,0,0,0.00,0.0,NO_VERIFIED_CATALOGUE_MATCH,0,,0.0,NONE,0,0.0,,0.0,MONITOR,No strong commercial signal yet.,Keep on watchlist; revisit when new procurement demand or catalogue-fit evidence appears.,,
acct_57db7de6ee75,STATE MINISTRY OF HEALTH WESTERN EQUATORIA,org_8f33c902f1a4,South Sudan,Implementing Partner,Prioritise,0.0,MONITOR,0.0,0,0,0,0.00,0.0,NO_VERIFIED_CATALOGUE_MATCH,0,,0.0,NONE,0,0.0,,0.0,MONITOR,No strong commercial signal yet.,Keep on watchlist; revisit when new procurement demand or catalogue-fit evidence appears.,,
acct_40a885376300,State Secretariat for Economic Affairscomma SECO,org_24ca576a479c,Somalia,Donor,Prioritise,0.0,MONITOR,0.0,0,0,0,0.00,0.0,NO_VERIFIED_CATALOGUE_MATCH,0,,0.0,NONE,0,0.0,,0.0,MONITOR,No strong commercial signal yet.,Keep on watchlist; revisit when new procurement demand or catalogue-fit evidence appears.,,
acct_7b5fb17e996a,STEADFAST VOLUNTARY ORGANIZATION,org_9a5cf1b1d817,Somalia,Implementing Partner,Prioritise,0.0,MONITOR,0.0,0,0,0,0.00,0.0,NO_VERIFIED_CATALOGUE_MATCH,0,,0.0,NONE,0,0.0,,0.0,MONITOR,No strong commercial signal yet.,Keep on watchlist; revisit when new procurement demand or catalogue-fit evidence appears.,,
acct_94aeaca9ecf1,Stellenbosch University,org_3ce9aa55caf6,Ethiopia,Implementing Partner,Research,0.0,MONITOR,0.0,0,0,0,0.00,0.0,NO_VERIFIED_CATALOGUE_MATCH,0,,0.0,NONE,0,0.0,,0.0,MONITOR,No strong commercial signal yet.,Keep on watchlist; revisit when new procurement demand or catalogue-fit evidence appears.,,
acct_aec75162269b,"Stellenbosch University, South Africa",org_6948322bd82a,CM; Ethiopia; GH; Kenya; MW; NG; ZA; SD; Tanzania; Uganda; NZ; GB,Implementing Partner,Qualify,0.0,MONITOR,0.0,0,0,0,0.00,0.0,NO_VERIFIED_CATALOGUE_MATCH,0,,0.0,NONE,0,0.0,,0.0,MONITOR,No strong commercial signal yet.,Keep on watchlist; revisit when new procurement demand or catalogue-fit evidence appears.,,
acct_8f2a8e100260,Step By Step Womens Mental Health,org_54af01659713,Uganda,Implementing Partner,Qualify,0.0,MONITOR,0.0,0,0,0,0.00,0.0,NO_VERIFIED_CATALOGUE_MATCH,0,,0.0,NONE,0,0.0,,0.0,MONITOR,No strong commercial signal yet.,Keep on watchlist; revisit when new procurement demand or catalogue-fit evidence appears.,,
acct_35c2a95a4458,Stichting Beheer Subsidiegelden DRA,org_0a4e5f830604,Uganda,Donor,Research,0.0,MONITOR,0.0,0,0,0,0.00,0.0,NO_VERIFIED_CATALOGUE_MATCH,0,,0.0,NONE,0,0.0,,0.0,MONITOR,No strong commercial signal yet.,Keep on watchlist; revisit when new procurement demand or catalogue-fit evidence appears.,,
acct_9133aa88a1c9,STICHTING HEALTHNET TRANSCULTURAL PSYCHOSOCIAL ORGANIZATION,org_22361e02a8c3,South Sudan,Implementing Partner,Prioritise,0.0,MONITOR,0.0,0,0,0,0.00,0.0,NO_VERIFIED_CATALOGUE_MATCH,0,,0.0,NONE,0,0.0,,0.0,MONITOR,No strong commercial signal yet.,Keep on watchlist; revisit when new procurement demand or catalogue-fit evidence appears.,,
acct_f7d95b65bba4,Stichting Healthy Entrepreneurs Foundation,org_0b4a78988605,Ethiopia,Implementing Partner,Prioritise,0.0,MONITOR,0.0,0,0,0,0.00,0.0,NO_VERIFIED_CATALOGUE_MATCH,0,,0.0,NONE,0,0.0,,0.0,MONITOR,No strong commercial signal yet.,Keep on watchlist; revisit when new procurement demand or catalogue-fit evidence appears.,,
acct_9f7b17556b51,Stichting International NGO Safety Organisation,org_9be169fb728f,Somalia,Implementing Partner,Research,0.0,MONITOR,0.0,0,0,0,0.00,0.0,NO_VERIFIED_CATALOGUE_MATCH,0,,0.0,NONE,0,0.0,,0.0,MONITOR,No strong commercial signal yet.,Keep on watchlist; revisit when new procurement demand or catalogue-fit evidence appears.,,
acct_15bd7b40cc11,Stichting Iplussolutions,org_b37e7ad99136,Kenya,Implementing Partner,Prioritise,0.0,MONITOR,0.0,0,0,0,0.00,0.0,NO_VERIFIED_CATALOGUE_MATCH,0,,0.0,NONE,0,0.0,,0.0,MONITOR,No strong commercial signal yet.,Keep on watchlist; revisit when new procurement demand or catalogue-fit evidence appears.,,
acct_15bd7b40cc11,Stichting Iplussolutions,org_b37e7ad99136,Kenya,Implementing Partner,Qualify,0.0,MONITOR,0.0,0,0,0,0.00,0.0,NO_VERIFIED_CATALOGUE_MATCH,0,,0.0,NONE,0,0.0,,0.0,MONITOR,No strong commercial signal yet.,Keep on watchlist; revisit when new procurement demand or catalogue-fit evidence appears.,,
acct_76c71911e02a,Stichting PharmAccess International,org_dce9555b3075,Kenya; GH; Tanzania; NG; NL,Implementing Partner,Prioritise,0.0,MONITOR,0.0,0,0,0,0.00,0.0,NO_VERIFIED_CATALOGUE_MATCH,0,,0.0,NONE,0,0.0,,0.0,MONITOR,No strong commercial signal yet.,Keep on watchlist; revisit when new procurement demand or catalogue-fit evidence appears.,,
acct_ce179a254e22,Stichting Simavi,org_8375b3e577fe,Kenya; GH; ID; MW; Uganda,Donor,Prioritise,0.0,MONITOR,0.0,0,0,0,0.00,0.0,NO_VERIFIED_CATALOGUE_MATCH,0,,0.0,NONE,0,0.0,,0.0,MONITOR,No strong commercial signal yet.,Keep on watchlist; revisit when new procurement demand or catalogue-fit evidence appears.,,
acct_2730f3d52f9d,Stichting Task Force Health Care,org_c2babf898397,Kenya,Implementing Partner,Prioritise,0.0,MONITOR,0.0,0,0,0,0.00,0.0,NO_VERIFIED_CATALOGUE_MATCH,0,,0.0,NONE,0,0.0,,0.0,MONITOR,No strong commercial signal yet.,Keep on watchlist; revisit when new procurement demand or catalogue-fit evidence appears.,,
acct_8e0070ed9a2c,Stichting Vluchteling,org_ee29b21a9493,BI; Democratic Republic of the Congo,Donor,Prioritise,0.0,MONITOR,0.0,0,0,0,0.00,0.0,NO_VERIFIED_CATALOGUE_MATCH,0,,0.0,NONE,0,0.0,,0.0,MONITOR,No strong commercial signal yet.,Keep on watchlist; revisit when new procurement demand or catalogue-fit evidence appears.,,
acct_04ea57299e8e,Stichting Wageningen University and Research,org_db5c2d34f162,Rwanda; BD; GH; ID; Kenya; MR; NP; LK; Tanzania; TH; Uganda,Implementing Partner,Research,0.0,MONITOR,0.0,0,0,0,0.00,0.0,NO_VERIFIED_CATALOGUE_MATCH,0,,0.0,NONE,0,0.0,,0.0,MONITOR,No strong commercial signal yet.,Keep on watchlist; revisit when new procurement demand or catalogue-fit evidence appears.,,
acct_f4ddedd15f95,Stichting Wings for Aid Foundation,org_82d62eb72eae,Kenya,Implementing Partner,Prioritise,0.0,MONITOR,0.0,0,0,0,0.00,0.0,NO_VERIFIED_CATALOGUE_MATCH,0,,0.0,NONE,0,0.0,,0.0,MONITOR,No strong commercial signal yet.,Keep on watchlist; revisit when new procurement demand or catalogue-fit evidence appears.,,
acct_695325caffae,Stichting ZOA,org_e018a5beb090,Ethiopia,Implementing Partner,Research,0.0,MONITOR,0.0,0,0,0,0.00,0.0,NO_VERIFIED_CATALOGUE_MATCH,0,,0.0,NONE,0,0.0,,0.0,MONITOR,No strong commercial signal yet.,Keep on watchlist; revisit when new procurement demand or catalogue-fit evidence appears.,,
acct_b0d359d4ac72,Stiftung der Deutschen Lions,org_3a106371fddc,Rwanda,Implementing Partner,Prioritise,0.0,MONITOR,0.0,0,0,0,0.00,0.0,NO_VERIFIED_CATALOGUE_MATCH,0,,0.0,NONE,0,0.0,,0.0,MONITOR,No strong commercial signal yet.,Keep on watchlist; revisit when new procurement demand or catalogue-fit evidence appears.,,
acct_7e439ebfd771,Stiftung Menschen für Menschen - Karlheinz Böhms Äthiopienhilfe -,org_55e98e017c3d,Ethiopia,Implementing Partner,Qualify,0.0,MONITOR,0.0,0,0,0,0.00,0.0,NO_VERIFIED_CATALOGUE_MATCH,0,,0.0,NONE,0,0.0,,0.0,MONITOR,No strong commercial signal yet.,Keep on watchlist; revisit when new procurement demand or catalogue-fit evidence appears.,,
acct_3bf763065fef,Stockholm Environment Institute (SEI),org_2f834fdd330a,Kenya; KR; MN; KH; LA; TH; IN; KG; MK; TJ; UZ; RS; KW; PS; SA,Implementing Partner,Qualify,0.0,MONITOR,0.0,0,0,0,0.00,0.0,NO_VERIFIED_CATALOGUE_MATCH,0,,0.0,NONE,0,0.0,,0.0,MONITOR,No strong commercial signal yet.,Keep on watchlist; revisit when new procurement demand or catalogue-fit evidence appears.,,
acct_a29b82f86c4c,Stockholm University,org_a53f0ed14271,BD; GH; KI; SL; Tanzania,Implementing Partner,Research,0.0,MONITOR,0.0,0,0,0,0.00,0.0,NO_VERIFIED_CATALOGUE_MATCH,0,,0.0,NONE,0,0.0,,0.0,MONITOR,No strong commercial signal yet.,Keep on watchlist; revisit when new procurement demand or catalogue-fit evidence appears.,,
acct_dcaf2c4d7ad2,STOP POVERTY COMMUNAL INITIATIVE,org_57f6bcec48dd,South Sudan,Implementing Partner,Prioritise,0.0,MONITOR,0.0,0,0,0,0.00,0.0,NO_VERIFIED_CATALOGUE_MATCH,0,,0.0,NONE,0,0.0,,0.0,MONITOR,No strong commercial signal yet.,Keep on watchlist; revisit when new procurement demand or catalogue-fit evidence appears.,,
acct_c753d190a374,Strathmore University Business School,org_7d823aca1ef5,South Sudan,Implementing Partner,Research,0.0,MONITOR,0.0,0,0,0,0.00,0.0,NO_VERIFIED_CATALOGUE_MATCH,0,,0.0,NONE,0,0.0,,0.0,MONITOR,No strong commercial signal yet.,Keep on watchlist; revisit when new procurement demand or catalogue-fit evidence appears.,,
acct_6f80db1306f2,STREET CHILD,org_06289b25de8c,Democratic Republic of the Congo,Implementing Partner,Prioritise,0.0,MONITOR,0.0,0,0,0,0.00,0.0,NO_VERIFIED_CATALOGUE_MATCH,0,,0.0,NONE,0,0.0,,0.0,MONITOR,No strong commercial signal yet.,Keep on watchlist; revisit when new procurement demand or catalogue-fit evidence appears.,,
acct_6f80db1306f2,Street Child,org_06289b25de8c,NP; Kenya; PK; SL; MW; GH; ZW; Ethiopia,Implementing Partner,Qualify,0.0,MONITOR,0.0,0,0,0,0.00,0.0,NO_VERIFIED_CATALOGUE_MATCH,0,,0.0,NONE,0,0.0,,0.0,MONITOR,No strong commercial signal yet.,Keep on watchlist; revisit when new procurement demand or catalogue-fit evidence appears.,,
acct_9a3f1d146f95,StrongMinds,org_9c99e76cc99c,Uganda,Implementing Partner,Monitor,0.0,MONITOR,0.0,0,0,0,0.00,0.0,NO_VERIFIED_CATALOGUE_MATCH,0,,0.0,NONE,0,0.0,,0.0,MONITOR,No strong commercial signal yet.,Keep on watchlist; revisit when new procurement demand or catalogue-fit evidence appears.,,
acct_de1a8a07e8a6,Sudan Family Planning Association (SFPA),org_ee611bc989e7,BI; Ethiopia; MG; Somalia; South Sudan; SD; ZM; MW; MZ; PK; Rwanda; Tanzania; Uganda; AF; BG; ZW,Implementing Partner,Research,0.0,MONITOR,0.0,0,0,0,0.00,0.0,NO_VERIFIED_CATALOGUE_MATCH,0,,0.0,NONE,0,0.0,,0.0,MONITOR,No strong commercial signal yet.,Keep on watchlist; revisit when new procurement demand or catalogue-fit evidence appears.,,
acct_1a250a77e25e,SUN SECRETARIAT SOMALILAND,org_ee6a08e6336b,Somalia,Implementing Partner,Prioritise,0.0,MONITOR,0.0,0,0,0,0.00,0.0,NO_VERIFIED_CATALOGUE_MATCH,0,,0.0,NONE,0,0.0,,0.0,MONITOR,No strong commercial signal yet.,Keep on watchlist; revisit when new procurement demand or catalogue-fit evidence appears.,,
acct_baaf1445ae7f,Support Activities in Poverty Eradication and Health,org_d39eaaf76792,Kenya,Implementing Partner,Qualify,0.0,MONITOR,0.0,0,0,0,0.00,0.0,NO_VERIFIED_CATALOGUE_MATCH,0,,0.0,NONE,0,0.0,,0.0,MONITOR,No strong commercial signal yet.,Keep on watchlist; revisit when new procurement demand or catalogue-fit evidence appears.,,
acct_bd5abdf76bc3,SUPPORT FOR PEACE AND EDUCATION DEVELOPMENT PROGRAM SPEDP,org_94ef9891d30b,South Sudan,Implementing Partner,Prioritise,0.0,MONITOR,0.0,0,0,0,0.00,0.0,NO_VERIFIED_CATALOGUE_MATCH,0,,0.0,NONE,0,0.0,,0.0,MONITOR,No strong commercial signal yet.,Keep on watchlist; revisit when new procurement demand or catalogue-fit evidence appears.,,
acct_307201144311,Survivors Fund (SURF),org_b6f0d1be87ac,Rwanda; GB,Accountable Agency,Monitor,0.0,MONITOR,0.0,0,0,0,0.00,0.0,NO_VERIFIED_CATALOGUE_MATCH,0,,0.0,NONE,0,0.0,,0.0,MONITOR,No strong commercial signal yet.,Keep on watchlist; revisit when new procurement demand or catalogue-fit evidence appears.,,
acct_43c285edd836,Susan Thompson Buffett Foundation,org_59e1382c722f,Rwanda; Ethiopia; Kenya; Tanzania; South Sudan; Democratic Republic of the Congo,Donor,Prioritise,0.0,MONITOR,0.0,0,0,0,0.00,0.0,NO_VERIFIED_CATALOGUE_MATCH,0,,0.0,NONE,0,0.0,,0.0,MONITOR,No strong commercial signal yet.,Keep on watchlist; revisit when new procurement demand or catalogue-fit evidence appears.,,
acct_a0c98528fbf4,SUSTAINABLE HEALTH AND EDUCATION RELIEF ORGANIZATION,org_a4c70f6b0424,South Sudan,Implementing Partner,Prioritise,0.0,MONITOR,0.0,0,0,0,0.00,0.0,NO_VERIFIED_CATALOGUE_MATCH,0,,0.0,NONE,0,0.0,,0.0,MONITOR,No strong commercial signal yet.,Keep on watchlist; revisit when new procurement demand or catalogue-fit evidence appears.,,
acct_9498bf2c65c7,Sweden,org_43c9dae7d836,Democratic Republic of the Congo; Ethiopia; Somalia; Uganda; Kenya; South Sudan; Rwanda; Tanzania; BW; LS; MW; ZA; ZM; ZW; PK; UA; GB; NG; SZ; MM; LB; MZ; MD; BD; LR; PS; GH; ID; KH; MA; PE; SN; TJ; BF; CG; CI; CM; GA; MG; ML; NA; NE; CO; EG; GT; HN; HT; IN; IQ; JO; PH; CF; TH; VN; BA; LA; LK; RS; BI; GN; GW; TD; AF,Donor,Prioritise,0.0,MONITOR,0.0,0,0,0,0.00,0.0,NO_VERIFIED_CATALOGUE_MATCH,0,,0.0,NONE,0,0.0,,0.0,MONITOR,No strong commercial signal yet.,Keep on watchlist; revisit when new procurement demand or catalogue-fit evidence appears.,,
acct_d08ffd0e3d10,Swedish Committee for UNICEF,org_1ae6ab7dc229,Somalia; Uganda; Rwanda; Kenya; Tanzania,Donor,Prioritise,0.0,MONITOR,0.0,0,0,0,0.00,0.0,NO_VERIFIED_CATALOGUE_MATCH,0,,0.0,NONE,0,0.0,,0.0,MONITOR,No strong commercial signal yet.,Keep on watchlist; revisit when new procurement demand or catalogue-fit evidence appears.,,
acct_f635d66f407a,SWER BUEARU OF AGRICULTURE,org_b9d9edd1e376,Ethiopia,Implementing Partner,Prioritise,0.0,MONITOR,0.0,0,0,0,0.00,0.0,NO_VERIFIED_CATALOGUE_MATCH,0,,0.0,NONE,0,0.0,,0.0,MONITOR,No strong commercial signal yet.,Keep on watchlist; revisit when new procurement demand or catalogue-fit evidence appears.,,
acct_4cc6073cf2a2,Swiss Agency for Development and Cooperation (SDC),org_cce1ecabbcac,Democratic Republic of the Congo; Tanzania; Somalia; Rwanda; South Sudan; Kenya; Ethiopia,Donor,Prioritise,0.0,MONITOR,0.0,0,0,0,0.00,0.0,NO_VERIFIED_CATALOGUE_MATCH,0,,0.0,NONE,0,0.0,,0.0,MONITOR,No strong commercial signal yet.,Keep on watchlist; revisit when new procurement demand or catalogue-fit evidence appears.,,
acct_4e92fe6cd908,Swiss Development Cooperation Agency (SDC/DDC),org_788c073c2809,Tanzania,Donor,Qualify,0.0,MONITOR,0.0,0,0,0,0.00,0.0,NO_VERIFIED_CATALOGUE_MATCH,0,,0.0,NONE,0,0.0,,0.0,MONITOR,No strong commercial signal yet.,Keep on watchlist; revisit when new procurement demand or catalogue-fit evidence appears.,,
acct_3ff12e232f2e,SWISS FOUNDATION FOR DEVELOPMENT COOPERATION (SWISS AID TANZANIA),org_c32a1dd79823,Tanzania,Implementing Partner,Prioritise,0.0,MONITOR,0.0,0,0,0,0.00,0.0,NO_VERIFIED_CATALOGUE_MATCH,0,,0.0,NONE,0,0.0,,0.0,MONITOR,No strong commercial signal yet.,Keep on watchlist; revisit when new procurement demand or catalogue-fit evidence appears.,,
acct_c98a3e78380c,SWS SUN SECRETARIAT,org_a58b661c8f69,Somalia,Implementing Partner,Prioritise,0.0,MONITOR,0.0,0,0,0,0.00,0.0,NO_VERIFIED_CATALOGUE_MATCH,0,,0.0,NONE,0,0.0,,0.0,MONITOR,No strong commercial signal yet.,Keep on watchlist; revisit when new procurement demand or catalogue-fit evidence appears.,,
acct_c51b29690aa0,T MARC TANZANIA,org_3be7c2d5e929,Tanzania,Implementing Partner,Prioritise,0.0,MONITOR,0.0,0,0,0,0.00,0.0,NO_VERIFIED_CATALOGUE_MATCH,0,,0.0,NONE,0,0.0,,0.0,MONITOR,No strong commercial signal yet.,Keep on watchlist; revisit when new procurement demand or catalogue-fit evidence appears.,,
acct_8df01233905d,Tadamun Social Society,org_ce736a648958,Somalia,Implementing Partner,Qualify,0.0,MONITOR,0.0,0,0,0,0.00,0.0,NO_VERIFIED_CATALOGUE_MATCH,0,,0.0,NONE,0,0.0,,0.0,MONITOR,No strong commercial signal yet.,Keep on watchlist; revisit when new procurement demand or catalogue-fit evidence appears.,,
acct_d64c576924ef,TAI TANZANIA,org_95c048bc570d,Tanzania,Implementing Partner,Prioritise,0.0,MONITOR,0.0,0,0,0,0.00,0.0,NO_VERIFIED_CATALOGUE_MATCH,0,,0.0,NONE,0,0.0,,0.0,MONITOR,No strong commercial signal yet.,Keep on watchlist; revisit when new procurement demand or catalogue-fit evidence appears.,,
acct_f7ddb3d69025,Talking Tipps,org_7cc65fab596b,Kenya; IN; SL; NP; GH; BR; GB; ZA,Implementing Partner,Qualify,0.0,MONITOR,0.0,0,0,0,0.00,0.0,NO_VERIFIED_CATALOGUE_MATCH,0,,0.0,NONE,0,0.0,,0.0,MONITOR,No strong commercial signal yet.,Keep on watchlist; revisit when new procurement demand or catalogue-fit evidence appears.,,
acct_52ee9b562c9f,TANZANIA ASSOCIATION OF THE DEAF,org_0fb13adb53ec,Tanzania,Implementing Partner,Prioritise,0.0,MONITOR,0.0,0,0,0,0.00,0.0,NO_VERIFIED_CATALOGUE_MATCH,0,,0.0,NONE,0,0.0,,0.0,MONITOR,No strong commercial signal yet.,Keep on watchlist; revisit when new procurement demand or catalogue-fit evidence appears.,,
acct_1917ed430821,TANZANIA COMMISSION FOR AIDS,org_97d05054574a,Tanzania,Implementing Partner,Prioritise,0.0,MONITOR,0.0,0,0,0,0.00,0.0,NO_VERIFIED_CATALOGUE_MATCH,0,,0.0,NONE,0,0.0,,0.0,MONITOR,No strong commercial signal yet.,Keep on watchlist; revisit when new procurement demand or catalogue-fit evidence appears.,,
acct_fa66743746fa,TANZANIA COMMUNICATION AND DEVELOPMENT CENTER,org_b2f71cb9dcf2,Tanzania,Implementing Partner,Prioritise,0.0,MONITOR,0.0,0,0,0,0.00,0.0,NO_VERIFIED_CATALOGUE_MATCH,0,,0.0,NONE,0,0.0,,0.0,MONITOR,No strong commercial signal yet.,Keep on watchlist; revisit when new procurement demand or catalogue-fit evidence appears.,,
acct_7a88b7b34c76,TANZANIA DEVELOPMENT INFORMATION ORGANIZATION TADIO COMMUNITY MEDIA,org_5a516b73c5ae,Tanzania,Implementing Partner,Prioritise,0.0,MONITOR,0.0,0,0,0,0.00,0.0,NO_VERIFIED_CATALOGUE_MATCH,0,,0.0,NONE,0,0.0,,0.0,MONITOR,No strong commercial signal yet.,Keep on watchlist; revisit when new procurement demand or catalogue-fit evidence appears.,,
acct_256a834b963f,TANZANIA FOOD AND NUTRITION CENTRE,org_08924a4d93db,Tanzania,Implementing Partner,Prioritise,0.0,MONITOR,0.0,0,0,0,0.00,0.0,NO_VERIFIED_CATALOGUE_MATCH,0,,0.0,NONE,0,0.0,,0.0,MONITOR,No strong commercial signal yet.,Keep on watchlist; revisit when new procurement demand or catalogue-fit evidence appears.,,
acct_73d42292ca0f,Tanzania Gender Networking Programme,org_af1cd17cb15b,Tanzania,Implementing Partner,Monitor,0.0,MONITOR,0.0,0,0,0,0.00,0.0,NO_VERIFIED_CATALOGUE_MATCH,0,,0.0,NONE,0,0.0,,0.0,MONITOR,No strong commercial signal yet.,Keep on watchlist; revisit when new procurement demand or catalogue-fit evidence appears.,,
acct_7aff9bd93675,TANZANIA INTERFAITH PARTNERSHIP TIP,org_dd6cea7f533b,Tanzania,Implementing Partner,Prioritise,0.0,MONITOR,0.0,0,0,0,0.00,0.0,NO_VERIFIED_CATALOGUE_MATCH,0,,0.0,NONE,0,0.0,,0.0,MONITOR,No strong commercial signal yet.,Keep on watchlist; revisit when new procurement demand or catalogue-fit evidence appears.,,
acct_8642010750fb,Tanzania NCD Alliance (TANCDA),org_dc624a35e89d,BD; GH; ID; Kenya; MR; NP; LK; Tanzania; TH; Uganda,Implementing Partner,Monitor,0.0,MONITOR,0.0,0,0,0,0.00,0.0,NO_VERIFIED_CATALOGUE_MATCH,0,,0.0,NONE,0,0.0,,0.0,MONITOR,No strong commercial signal yet.,Keep on watchlist; revisit when new procurement demand or catalogue-fit evidence appears.,,
acct_cb7b96a23a68,TANZANIA RED CROSS SOCIETIES,org_69e965c09e1a,Tanzania,Implementing Partner,Prioritise,0.0,MONITOR,0.0,0,0,0,0.00,0.0,NO_VERIFIED_CATALOGUE_MATCH,0,,0.0,NONE,0,0.0,,0.0,MONITOR,No strong commercial signal yet.,Keep on watchlist; revisit when new procurement demand or catalogue-fit evidence appears.,,
acct_57c426d7a012,TANZANIA SOCIAL ACTION FUND,org_dc0be75b712e,Tanzania,Implementing Partner,Prioritise,0.0,MONITOR,0.0,0,0,0,0.00,0.0,NO_VERIFIED_CATALOGUE_MATCH,0,,0.0,NONE,0,0.0,,0.0,MONITOR,No strong commercial signal yet.,Keep on watchlist; revisit when new procurement demand or catalogue-fit evidence appears.,,
acct_e0e4db5a40dc,Tanzania Women Lawyers Association (TAWLA),org_4b6109d089f5,BD; GH; ID; Kenya; MR; NP; LK; Tanzania; TH; Uganda,Implementing Partner,Monitor,0.0,MONITOR,0.0,0,0,0,0.00,0.0,NO_VERIFIED_CATALOGUE_MATCH,0,,0.0,NONE,0,0.0,,0.0,MONITOR,No strong commercial signal yet.,Keep on watchlist; revisit when new procurement demand or catalogue-fit evidence appears.,,
acct_e99c44114cf1,TASKBRIDGE LIMITED,org_7303208afcf0,Kenya; KH; NG; Somalia; ZA; VN; ZW; IN; Rwanda; GH; SY; TL; IQ; EG; YE; TH; MW; MY; PH; PK; JO; BD; Ethiopia; MM; South Sudan; Democratic Republic of the Congo; ID; NP; TN; Tanzania,Implementing Partner,Qualify,0.0,MONITOR,0.0,0,0,0,0.00,0.0,NO_VERIFIED_CATALOGUE_MATCH,0,,0.0,NONE,0,0.0,,0.0,MONITOR,No strong commercial signal yet.,Keep on watchlist; revisit when new procurement demand or catalogue-fit evidence appears.,,
acct_3ec8a39f8f5d,"Taysha Consulting, Ltd",org_57104ead5724,South Sudan,Donor,Qualify,0.0,MONITOR,0.0,0,0,0,0.00,0.0,NO_VERIFIED_CATALOGUE_MATCH,0,,0.0,NONE,0,0.0,,0.0,MONITOR,No strong commercial signal yet.,Keep on watchlist; revisit when new procurement demand or catalogue-fit evidence appears.,,
acct_117972aacb91,TEARFUND,org_b917c0640ddf,South Sudan,Implementing Partner,Prioritise,0.0,MONITOR,0.0,0,0,0,0.00,0.0,NO_VERIFIED_CATALOGUE_MATCH,0,,0.0,NONE,0,0.0,,0.0,MONITOR,No strong commercial signal yet.,Keep on watchlist; revisit when new procurement demand or catalogue-fit evidence appears.,,
acct_94ade5e7cc09,Techforce Projects B.V.,org_b069c22835f7,Kenya,Implementing Partner,Prioritise,0.0,MONITOR,0.0,0,0,0,0.00,0.0,NO_VERIFIED_CATALOGUE_MATCH,0,,0.0,NONE,0,0.0,,0.0,MONITOR,No strong commercial signal yet.,Keep on watchlist; revisit when new procurement demand or catalogue-fit evidence appears.,,
acct_a50d7b558961,Technical University of Kenya,org_718ab2a1c3d1,Kenya,Implementing Partner,Qualify,0.0,MONITOR,0.0,0,0,0,0.00,0.0,NO_VERIFIED_CATALOGUE_MATCH,0,,0.0,NONE,0,0.0,,0.0,MONITOR,No strong commercial signal yet.,Keep on watchlist; revisit when new procurement demand or catalogue-fit evidence appears.,,
acct_36ff5e9762c4,Technical University of Mombasa,org_7ffccaa45a05,Kenya,Implementing Partner,Qualify,0.0,MONITOR,0.0,0,0,0,0.00,0.0,NO_VERIFIED_CATALOGUE_MATCH,0,,0.0,NONE,0,0.0,,0.0,MONITOR,No strong commercial signal yet.,Keep on watchlist; revisit when new procurement demand or catalogue-fit evidence appears.,,
acct_a22de7c3b2e3,Technology for Social Change and Development Initiative,org_344cb03ee566,Kenya; KH; NG; Somalia; ZA; VN; ZW; IN; Rwanda; GH; SY; TL; IQ; EG; YE; TH; MW; MY; PH; PK; JO; BD; Ethiopia; MM; South Sudan; Democratic Republic of the Congo; ID; NP; TN; Tanzania; BW; SL,Implementing Partner,Research,0.0,MONITOR,0.0,0,0,0,0.00,0.0,NO_VERIFIED_CATALOGUE_MATCH,0,,0.0,NONE,0,0.0,,0.0,MONITOR,No strong commercial signal yet.,Keep on watchlist; revisit when new procurement demand or catalogue-fit evidence appears.,,
acct_95f767d8a9be,TECHNOPOLIS LIMITED,org_218dc641a9af,Kenya; KH; NG; Somalia; ZA; VN; ZW; IN; Rwanda; GH; SY; TL; IQ; EG; YE; TH; MW; MY; PH; PK; JO; BD; Ethiopia; MM; South Sudan; Democratic Republic of the Congo; ID; NP; TN; Tanzania,Implementing Partner,Qualify,0.0,MONITOR,0.0,0,0,0,0.00,0.0,NO_VERIFIED_CATALOGUE_MATCH,0,,0.0,NONE,0,0.0,,0.0,MONITOR,No strong commercial signal yet.,Keep on watchlist; revisit when new procurement demand or catalogue-fit evidence appears.,,
acct_564324894b24,"TechnoServe, Inc.",org_f246abcb1cb9,Ethiopia; Kenya; NG; Tanzania; IN; PK; BD; ID,Implementing Partner,Prioritise,0.0,MONITOR,0.0,0,0,0,0.00,0.0,NO_VERIFIED_CATALOGUE_MATCH,0,,0.0,NONE,0,0.0,,0.0,MONITOR,No strong commercial signal yet.,Keep on watchlist; revisit when new procurement demand or catalogue-fit evidence appears.,,
acct_72c0be0f83f2,Temple University - Of The Commonwealth System of Higher Education,org_62b82d39435e,Kenya; Rwanda; Uganda; BF; Democratic Republic of the Congo; ZM; LB; BD,Implementing Partner,Prioritise,0.0,MONITOR,0.0,0,0,0,0.00,0.0,NO_VERIFIED_CATALOGUE_MATCH,0,,0.0,NONE,0,0.0,,0.0,MONITOR,No strong commercial signal yet.,Keep on watchlist; revisit when new procurement demand or catalogue-fit evidence appears.,,
acct_becd41035ee0,Tenwek Hospital,org_77913c1d4c93,Kenya; GB,Implementing Partner,Prioritise,0.0,MONITOR,0.0,0,0,0,0.00,0.0,NO_VERIFIED_CATALOGUE_MATCH,0,,0.0,NONE,0,0.0,,0.0,MONITOR,No strong commercial signal yet.,Keep on watchlist; revisit when new procurement demand or catalogue-fit evidence appears.,,
acct_7a896915385e,Terra Tech Förderprojekte,org_32584de48c89,Ethiopia,Implementing Partner,Qualify,0.0,MONITOR,0.0,0,0,0,0.00,0.0,NO_VERIFIED_CATALOGUE_MATCH,0,,0.0,NONE,0,0.0,,0.0,MONITOR,No strong commercial signal yet.,Keep on watchlist; revisit when new procurement demand or catalogue-fit evidence appears.,,
acct_9547f33881ea,Terre des Hommes Deutschland e.V. Hilfe für Kinder in Not,org_7e436145e285,South Sudan,Implementing Partner,Research,0.0,MONITOR,0.0,0,0,0,0.00,0.0,NO_VERIFIED_CATALOGUE_MATCH,0,,0.0,NONE,0,0.0,,0.0,MONITOR,No strong commercial signal yet.,Keep on watchlist; revisit when new procurement demand or catalogue-fit evidence appears.,,
acct_c9c8a6b54b10,TERRE DES HOMMES FOUNDATION,org_95e8c68eda27,Kenya,Implementing Partner,Prioritise,0.0,MONITOR,0.0,0,0,0,0.00,0.0,NO_VERIFIED_CATALOGUE_MATCH,0,,0.0,NONE,0,0.0,,0.0,MONITOR,No strong commercial signal yet.,Keep on watchlist; revisit when new procurement demand or catalogue-fit evidence appears.,,
acct_3bfa26080e5e,TETRA TECH INTERNATIONAL DEVELOPMENT,org_199d30029293,Kenya; KH; NG; Somalia; ZA; VN; ZW; IN; Rwanda; GH; SY; TL; IQ; EG; YE; TH; MW; MY; PH; PK; JO; BD; Ethiopia; MM; South Sudan; Democratic Republic of the Congo; ID; NP; TN; Tanzania,Implementing Partner,Qualify,0.0,MONITOR,0.0,0,0,0,0.00,0.0,NO_VERIFIED_CATALOGUE_MATCH,0,,0.0,NONE,0,0.0,,0.0,MONITOR,No strong commercial signal yet.,Keep on watchlist; revisit when new procurement demand or catalogue-fit evidence appears.,,
acct_868d64dae0d3,Tetra Tech International Development Limited,org_78c57f9769ec,Somalia,Implementing Partner,Research,0.0,MONITOR,0.0,0,0,0,0.00,0.0,NO_VERIFIED_CATALOGUE_MATCH,0,,0.0,NONE,0,0.0,,0.0,MONITOR,No strong commercial signal yet.,Keep on watchlist; revisit when new procurement demand or catalogue-fit evidence appears.,,
acct_84f5ae6b5e91,Thailand Environment Institute Foundation (TEI),org_f4be2b42e403,Kenya; KR; MN; KH; LA; TH; IN; KG; MK; TJ; UZ; RS; KW; PS; SA,Implementing Partner,Qualify,0.0,MONITOR,0.0,0,0,0,0.00,0.0,NO_VERIFIED_CATALOGUE_MATCH,0,,0.0,NONE,0,0.0,,0.0,MONITOR,No strong commercial signal yet.,Keep on watchlist; revisit when new procurement demand or catalogue-fit evidence appears.,,
acct_47cfbfcc39e0,The Aids Support Organisation (TASO) Uganda Limited,org_2a8e6a9a1361,Uganda,Donor,Prioritise,0.0,MONITOR,0.0,0,0,0,0.00,0.0,NO_VERIFIED_CATALOGUE_MATCH,0,,0.0,NONE,0,0.0,,0.0,MONITOR,No strong commercial signal yet.,Keep on watchlist; revisit when new procurement demand or catalogue-fit evidence appears.,,
acct_abd54b284f3f,The AIDS Support Organisation (Uganda) Limited,org_29f6764e5f1f,Uganda,Implementing Partner,Prioritise,0.0,MONITOR,0.0,0,0,0,0.00,0.0,NO_VERIFIED_CATALOGUE_MATCH,0,,0.0,NONE,0,0.0,,0.0,MONITOR,No strong commercial signal yet.,Keep on watchlist; revisit when new procurement demand or catalogue-fit evidence appears.,,
acct_fc62ced7abbb,THE BOMA PROJECT,org_91a7cb155373,Kenya,Implementing Partner,Research,0.0,MONITOR,0.0,0,0,0,0.00,0.0,NO_VERIFIED_CATALOGUE_MATCH,0,,0.0,NONE,0,0.0,,0.0,MONITOR,No strong commercial signal yet.,Keep on watchlist; revisit when new procurement demand or catalogue-fit evidence appears.,,
acct_1c632dbc2c90,THE BRITISH COUNCIL,org_85bcd86a92b6,ZW; ZA; NG; BW; Rwanda; GH; Kenya; SL,Implementing Partner,Monitor,0.0,MONITOR,0.0,0,0,0,0.00,0.0,NO_VERIFIED_CATALOGUE_MATCH,0,,0.0,NONE,0,0.0,,0.0,MONITOR,No strong commercial signal yet.,Keep on watchlist; revisit when new procurement demand or catalogue-fit evidence appears.,,
acct_c8041b0c85a5,The Centre for Economic Governance and Accountability in Africa (CEGAA),org_ccdc98494e16,Ethiopia; Uganda; South Sudan,Reporting Organisation,Qualify,0.0,MONITOR,0.0,0,0,0,0.00,0.0,NO_VERIFIED_CATALOGUE_MATCH,0,,0.0,NONE,0,0.0,,0.0,MONITOR,No strong commercial signal yet.,Keep on watchlist; revisit when new procurement demand or catalogue-fit evidence appears.,,
acct_45f9ccc4af46,The Chartered Institute of Procurement and Supply,org_f59736548d4e,Ethiopia; Kenya; NG,Implementing Partner,Prioritise,0.0,MONITOR,0.0,0,0,0,0.00,0.0,NO_VERIFIED_CATALOGUE_MATCH,0,,0.0,NONE,0,0.0,,0.0,MONITOR,No strong commercial signal yet.,Keep on watchlist; revisit when new procurement demand or catalogue-fit evidence appears.,,
acct_953d3f876698,The Christie NHS Foundation Trust,org_22455ebca194,Kenya; GB,Implementing Partner,Prioritise,0.0,MONITOR,0.0,0,0,0,0.00,0.0,NO_VERIFIED_CATALOGUE_MATCH,0,,0.0,NONE,0,0.0,,0.0,MONITOR,No strong commercial signal yet.,Keep on watchlist; revisit when new procurement demand or catalogue-fit evidence appears.,,
acct_2765f8222f2f,The END Fund,org_f45fca27c0e6,TD; Ethiopia; ML; NE; SN; South Sudan; YE; Kenya; BF,Implementing Partner,Prioritise,0.0,MONITOR,0.0,0,0,0,0.00,0.0,NO_VERIFIED_CATALOGUE_MATCH,0,,0.0,NONE,0,0.0,,0.0,MONITOR,No strong commercial signal yet.,Keep on watchlist; revisit when new procurement demand or catalogue-fit evidence appears.,,
acct_aac7d1a09ad5,THE ENERGY AND RESOURCES INSTITUTE (TERI),org_6f326aab67c4,Kenya; KH; NG; Somalia; ZA; VN; ZW; IN; Rwanda; GH; SY; TL; IQ; EG; YE; TH; MW; MY; PH; PK; JO; BD; Ethiopia; MM; South Sudan; Democratic Republic of the Congo; ID; NP; TN; Tanzania,Implementing Partner,Qualify,0.0,MONITOR,0.0,0,0,0,0.00,0.0,NO_VERIFIED_CATALOGUE_MATCH,0,,0.0,NONE,0,0.0,,0.0,MONITOR,No strong commercial signal yet.,Keep on watchlist; revisit when new procurement demand or catalogue-fit evidence appears.,,
acct_c4b1c2a4b817,The Federation of Kenya Employers,org_4741b92eb9ba,Kenya,Implementing Partner,Monitor,0.0,MONITOR,0.0,0,0,0,0.00,0.0,NO_VERIFIED_CATALOGUE_MATCH,0,,0.0,NONE,0,0.0,,0.0,MONITOR,No strong commercial signal yet.,Keep on watchlist; revisit when new procurement demand or catalogue-fit evidence appears.,,
acct_863ae2b09cd7,The George Washington University,org_235f3aa315c1,GH; Kenya; ZM; IN; PK; Tanzania; NG,Implementing Partner,Prioritise,0.0,MONITOR,0.0,0,0,0,0.00,0.0,NO_VERIFIED_CATALOGUE_MATCH,0,,0.0,NONE,0,0.0,,0.0,MONITOR,No strong commercial signal yet.,Keep on watchlist; revisit when new procurement demand or catalogue-fit evidence appears.,,
acct_40de97c64252,"The Global Fund to Fight AIDS, Tuberculosis and Malaria",org_0ca5f946b33a,Somalia; South Sudan; Ethiopia; Kenya; Tanzania; Uganda; Rwanda; Democratic Republic of the Congo,Donor,Prioritise,0.0,MONITOR,0.0,0,0,0,0.00,0.0,NO_VERIFIED_CATALOGUE_MATCH,0,,0.0,NONE,0,0.0,,0.0,MONITOR,No strong commercial signal yet.,Keep on watchlist; revisit when new procurement demand or catalogue-fit evidence appears.,,
acct_40de97c64252,"The Global Fund to Fight AIDS, Tuberculosis and Malaria",org_0ca5f946b33a,CM; TD; ML; MR; MZ; NE; Tanzania; Uganda; BF; South Sudan; Democratic Republic of the Congo; Ethiopia; GH; LS; MW; GN; Kenya; LR; MG; NG; ZW; SL; ZM; BD; ID,Donor,Prioritise,0.0,MONITOR,0.0,0,0,0,0.00,0.0,NO_VERIFIED_CATALOGUE_MATCH,0,,0.0,NONE,0,0.0,,0.0,MONITOR,No strong commercial signal yet.,Keep on watchlist; revisit when new procurement demand or catalogue-fit evidence appears.,,
acct_215b1e7a69c2,The Governing Council of the University of Toronto,org_c30d0425c0df,NG; GH; Ethiopia; CM; Democratic Republic of the Congo; SN; BI,Implementing Partner,Prioritise,0.0,MONITOR,0.0,0,0,0,0.00,0.0,NO_VERIFIED_CATALOGUE_MATCH,0,,0.0,NONE,0,0.0,,0.0,MONITOR,No strong commercial signal yet.,Keep on watchlist; revisit when new procurement demand or catalogue-fit evidence appears.,,
acct_b1b4a8367e23,The Hague University of Applied Sciences,org_2bb241b816a2,GM; GH; BF; Kenya; SD; ZM,Implementing Partner,Prioritise,0.0,MONITOR,0.0,0,0,0,0.00,0.0,NO_VERIFIED_CATALOGUE_MATCH,0,,0.0,NONE,0,0.0,,0.0,MONITOR,No strong commercial signal yet.,Keep on watchlist; revisit when new procurement demand or catalogue-fit evidence appears.,,
acct_fc583f06138d,The HALO Trust,org_7bd75df6fece,Somalia,Implementing Partner,Qualify,0.0,MONITOR,0.0,0,0,0,0.00,0.0,NO_VERIFIED_CATALOGUE_MATCH,0,,0.0,NONE,0,0.0,,0.0,MONITOR,No strong commercial signal yet.,Keep on watchlist; revisit when new procurement demand or catalogue-fit evidence appears.,,
acct_4b51b84d85bc,The Hong Kong Polytechnic University,org_cd38292fead7,Kenya; BD; JO; Uganda; GB; AF; BE; FJ; ID; LK; IN; ZA; CH,Implementing Partner,Prioritise,0.0,MONITOR,0.0,0,0,0,0.00,0.0,NO_VERIFIED_CATALOGUE_MATCH,0,,0.0,NONE,0,0.0,,0.0,MONITOR,No strong commercial signal yet.,Keep on watchlist; revisit when new procurement demand or catalogue-fit evidence appears.,,
acct_410fdda52156,The Hunger Project Netherlands,org_6c162be7fadd,Uganda; Ethiopia; South Sudan,Donor,Qualify,0.0,MONITOR,0.0,0,0,0,0.00,0.0,NO_VERIFIED_CATALOGUE_MATCH,0,,0.0,NONE,0,0.0,,0.0,MONITOR,No strong commercial signal yet.,Keep on watchlist; revisit when new procurement demand or catalogue-fit evidence appears.,,
acct_46f122513f63,The Infectious Disease Institute Limited,org_98fe75833f9c,PK; Uganda; Kenya; NG; NP,Implementing Partner,Research,0.0,MONITOR,0.0,0,0,0,0.00,0.0,NO_VERIFIED_CATALOGUE_MATCH,0,,0.0,NONE,0,0.0,,0.0,MONITOR,No strong commercial signal yet.,Keep on watchlist; revisit when new procurement demand or catalogue-fit evidence appears.,,
acct_73c6c43906a1,The Lilongwe Institute of Orthopaedics and Neurosurgery,org_7718d56d5108,MW; ZA; Tanzania,Implementing Partner,Research,0.0,MONITOR,0.0,0,0,0,0.00,0.0,NO_VERIFIED_CATALOGUE_MATCH,0,,0.0,NONE,0,0.0,,0.0,MONITOR,No strong commercial signal yet.,Keep on watchlist; revisit when new procurement demand or catalogue-fit evidence appears.,,
acct_56d659e5f5a0,The Malawi Liverpool Wellcome Trust Clinical Research Programme,org_1b64075994bc,MW; ZA; Tanzania,Implementing Partner,Research,0.0,MONITOR,0.0,0,0,0,0.00,0.0,NO_VERIFIED_CATALOGUE_MATCH,0,,0.0,NONE,0,0.0,,0.0,MONITOR,No strong commercial signal yet.,Keep on watchlist; revisit when new procurement demand or catalogue-fit evidence appears.,,
acct_6fed0cb29e42,THE METEOROLOGICAL OFFICE,org_324566d28ea3,Kenya; KH; NG; Somalia; ZA; VN; ZW; IN; Rwanda; GH; SY; TL; IQ; EG; YE; TH; MW; MY; PH; PK; JO; BD; Ethiopia; MM; South Sudan; Democratic Republic of the Congo; ID; NP; TN; Tanzania,Implementing Partner,Qualify,0.0,MONITOR,0.0,0,0,0,0.00,0.0,NO_VERIFIED_CATALOGUE_MATCH,0,,0.0,NONE,0,0.0,,0.0,MONITOR,No strong commercial signal yet.,Keep on watchlist; revisit when new procurement demand or catalogue-fit evidence appears.,,
acct_4bd32faaaba4,The National Treasury & Economic Planning of the Government of Kenya,org_5b8332b8c99a,Kenya,Accountable Agency,Prioritise,0.0,MONITOR,0.0,0,0,0,0.00,0.0,NO_VERIFIED_CATALOGUE_MATCH,0,,0.0,NONE,0,0.0,,0.0,MONITOR,No strong commercial signal yet.,Keep on watchlist; revisit when new procurement demand or catalogue-fit evidence appears.,,
acct_320f6167884a,The Organisation of Islamic Cooperation (OIC),org_982bae3789c8,Somalia,Implementing Partner,Qualify,0.0,MONITOR,0.0,0,0,0,0.00,0.0,NO_VERIFIED_CATALOGUE_MATCH,0,,0.0,NONE,0,0.0,,0.0,MONITOR,No strong commercial signal yet.,Keep on watchlist; revisit when new procurement demand or catalogue-fit evidence appears.,,
acct_e8364dc77a8d,THE ORGANIZATION FOR CHILDREN HARMONY,org_42837c2299d6,South Sudan,Implementing Partner,Prioritise,0.0,MONITOR,0.0,0,0,0,0.00,0.0,NO_VERIFIED_CATALOGUE_MATCH,0,,0.0,NONE,0,0.0,,0.0,MONITOR,No strong commercial signal yet.,Keep on watchlist; revisit when new procurement demand or catalogue-fit evidence appears.,,
acct_c06d0916d311,The Pandemic Fund,org_5d22ba82a83c,Democratic Republic of the Congo; Tanzania; Ethiopia; South Sudan; Somalia,Donor,Prioritise,0.0,MONITOR,0.0,0,0,0,0.00,0.0,NO_VERIFIED_CATALOGUE_MATCH,0,,0.0,NONE,0,0.0,,0.0,MONITOR,No strong commercial signal yet.,Keep on watchlist; revisit when new procurement demand or catalogue-fit evidence appears.,,
acct_21db26607c8c,THE PHILIPPINE STOCK EXCHANGE,org_8957d27d449b,MY; PH; Kenya; TH,Implementing Partner,Monitor,0.0,MONITOR,0.0,0,0,0,0.00,0.0,NO_VERIFIED_CATALOGUE_MATCH,0,,0.0,NONE,0,0.0,,0.0,MONITOR,No strong commercial signal yet.,Keep on watchlist; revisit when new procurement demand or catalogue-fit evidence appears.,,
acct_afd8e448a9b2,The Power of Nutrition,org_ec17cbd2c7ad,Tanzania; Ethiopia; Rwanda,Donor,Prioritise,0.0,MONITOR,0.0,0,0,0,0.00,0.0,NO_VERIFIED_CATALOGUE_MATCH,0,,0.0,NONE,0,0.0,,0.0,MONITOR,No strong commercial signal yet.,Keep on watchlist; revisit when new procurement demand or catalogue-fit evidence appears.,,
acct_afd8e448a9b2,The Power of Nutrition,org_ec17cbd2c7ad,Tanzania; Ethiopia; Rwanda,Reporting Organisation,Qualify,0.0,MONITOR,0.0,0,0,0,0.00,0.0,NO_VERIFIED_CATALOGUE_MATCH,0,,0.0,NONE,0,0.0,,0.0,MONITOR,No strong commercial signal yet.,Keep on watchlist; revisit when new procurement demand or catalogue-fit evidence appears.,,
acct_1255b4697d14,"The purpose of ASA is to support communities in finding sustainable solutions to their social problems, focusing on the areas of agriculture, water and sanitation, education, health, advocacy and communication, and spirituality. The objectives of ASA are to: a) Stimulate the integral development of communities; b) Promote the sustainable development of communities, in cooperation with other similar and/or religious and humanitarian institutions; c) Encourage the strengthening of the organizational and institutional capacity of communities, with a view to the self-satisfaction of their basic needs and the development of a participatory community life; d) Promote actions that contribute to human development, as well as to harmony and dignity among people. ASA's MISSION is to Promote the pursuit of peace and sustainable solutions that contribute to holistic development aimed at the well-being of the human being and the preservation of God's creation.. ASA's VISION communities with integral and abundant life.",org_cc39bc8787db,PK; MM; LB; Uganda; MZ; Tanzania; Ethiopia; MD; GB,Implementing Partner,Research,0.0,MONITOR,0.0,0,0,0,0.00,0.0,NO_VERIFIED_CATALOGUE_MATCH,0,,0.0,NONE,0,0.0,,0.0,MONITOR,No strong commercial signal yet.,Keep on watchlist; revisit when new procurement demand or catalogue-fit evidence appears.,,
acct_d2f008f33ac8,The Queen Elizabeth Diamond Jubilee Trust,org_8b5d2efe3aa1,Kenya; MW; MZ; NG; Uganda; Tanzania; ZM,Donor,Qualify,0.0,MONITOR,0.0,0,0,0,0.00,0.0,NO_VERIFIED_CATALOGUE_MATCH,0,,0.0,NONE,0,0.0,,0.0,MONITOR,No strong commercial signal yet.,Keep on watchlist; revisit when new procurement demand or catalogue-fit evidence appears.,,
acct_f9c19cad50bd,The Republic of Rwanda,org_8d5e85da00ea,Rwanda,Accountable Agency,Qualify,0.0,MONITOR,0.0,0,0,0,0.00,0.0,NO_VERIFIED_CATALOGUE_MATCH,0,,0.0,NONE,0,0.0,,0.0,MONITOR,No strong commercial signal yet.,Keep on watchlist; revisit when new procurement demand or catalogue-fit evidence appears.,,
acct_43dafaddb152,THE RESCUE INITIATIVE SOUTH SUDAN,org_232bbb8a8e61,South Sudan,Implementing Partner,Prioritise,0.0,MONITOR,0.0,0,0,0,0.00,0.0,NO_VERIFIED_CATALOGUE_MATCH,0,,0.0,NONE,0,0.0,,0.0,MONITOR,No strong commercial signal yet.,Keep on watchlist; revisit when new procurement demand or catalogue-fit evidence appears.,,
acct_a08dea0b9e52,The Rotary Foundation of Rotary International,org_c85997e8a5fe,Democratic Republic of the Congo; MZ; NG; ZM,Implementing Partner,Prioritise,0.0,MONITOR,0.0,0,0,0,0.00,0.0,NO_VERIFIED_CATALOGUE_MATCH,0,,0.0,NONE,0,0.0,,0.0,MONITOR,No strong commercial signal yet.,Keep on watchlist; revisit when new procurement demand or catalogue-fit evidence appears.,,
acct_27d336061466,THE SHARE TRUST INC,org_677f0407776b,Uganda,Implementing Partner,Research,0.0,MONITOR,0.0,0,0,0,0.00,0.0,NO_VERIFIED_CATALOGUE_MATCH,0,,0.0,NONE,0,0.0,,0.0,MONITOR,No strong commercial signal yet.,Keep on watchlist; revisit when new procurement demand or catalogue-fit evidence appears.,,
acct_1ef502a2c51d,The Somali Institute for Environmental Peace,org_fba5dfaddbfb,Kenya; KH; NG; Somalia; ZA; VN; ZW; IN; Rwanda; GH; SY; TL; IQ; EG; YE; TH; MW; MY; PH; PK; JO; BD; Ethiopia; MM; South Sudan; Democratic Republic of the Congo; ID; NP; TN; Tanzania,Implementing Partner,Qualify,0.0,MONITOR,0.0,0,0,0,0.00,0.0,NO_VERIFIED_CATALOGUE_MATCH,0,,0.0,NONE,0,0.0,,0.0,MONITOR,No strong commercial signal yet.,Keep on watchlist; revisit when new procurement demand or catalogue-fit evidence appears.,,
acct_20f5573f1262,THE STATE UNIVERSITY OF ZANZIBAR,org_18e5a373318a,Tanzania,Implementing Partner,Prioritise,0.0,MONITOR,0.0,0,0,0,0.00,0.0,NO_VERIFIED_CATALOGUE_MATCH,0,,0.0,NONE,0,0.0,,0.0,MONITOR,No strong commercial signal yet.,Keep on watchlist; revisit when new procurement demand or catalogue-fit evidence appears.,,
acct_a5a3c7736387,The Susan Thompson Buffett Foundati,org_5895e0d97c2a,Ethiopia; Democratic Republic of the Congo; Rwanda; Somalia; Tanzania; Kenya,Donor,Prioritise,0.0,MONITOR,0.0,0,0,0,0.00,0.0,NO_VERIFIED_CATALOGUE_MATCH,0,,0.0,NONE,0,0.0,,0.0,MONITOR,No strong commercial signal yet.,Keep on watchlist; revisit when new procurement demand or catalogue-fit evidence appears.,,
acct_f550dc3ac76b,The Task Force for Global Health,org_f0dc091112d5,Tanzania,Donor,Qualify,0.0,MONITOR,0.0,0,0,0,0.00,0.0,NO_VERIFIED_CATALOGUE_MATCH,0,,0.0,NONE,0,0.0,,0.0,MONITOR,No strong commercial signal yet.,Keep on watchlist; revisit when new procurement demand or catalogue-fit evidence appears.,,
acct_a8c35b628a1d,The United Kingdom,org_d96f8fde4782,Tanzania; Democratic Republic of the Congo; South Sudan; Rwanda; Somalia; Ethiopia; Kenya; Uganda; GH; NG; CM; SN; BI; KH; IN; ID; MW; MM; ZA; VN; ZM; TD; CI; ML; NE; GB; ZW; MZ; NP; SL; PK; BD; LS; PH; SZ; TH; LA; BW; LR; SY; TL; IQ; EG; YE; MY; JO; TN; SD; MG; AO; AF; CO; DZ; LB; LK; LY; MA; TR; BG,Donor,Prioritise,0.0,MONITOR,0.0,0,0,0,0.00,0.0,NO_VERIFIED_CATALOGUE_MATCH,0,,0.0,NONE,0,0.0,,0.0,MONITOR,No strong commercial signal yet.,Keep on watchlist; revisit when new procurement demand or catalogue-fit evidence appears.,,
acct_927dcfda2434,The University of Alabama at Birmingham,org_0643a73b757b,Kenya; PK; Democratic Republic of the Congo; Ethiopia; NG; IN; BD; ID,Implementing Partner,Prioritise,0.0,MONITOR,0.0,0,0,0,0.00,0.0,NO_VERIFIED_CATALOGUE_MATCH,0,,0.0,NONE,0,0.0,,0.0,MONITOR,No strong commercial signal yet.,Keep on watchlist; revisit when new procurement demand or catalogue-fit evidence appears.,,
acct_6dee44fabe01,The University of Manchester,org_825d63548399,Kenya; GB; Uganda; Tanzania,Accountable Agency,Qualify,0.0,MONITOR,0.0,0,0,0,0.00,0.0,NO_VERIFIED_CATALOGUE_MATCH,0,,0.0,NONE,0,0.0,,0.0,MONITOR,No strong commercial signal yet.,Keep on watchlist; revisit when new procurement demand or catalogue-fit evidence appears.,,
acct_26964e1c771b,The University of Oxford,org_57eecf563e39,Kenya; Ethiopia; GB; Uganda; MW; ZA; Tanzania,Implementing Partner,Qualify,0.0,MONITOR,0.0,0,0,0,0.00,0.0,NO_VERIFIED_CATALOGUE_MATCH,0,,0.0,NONE,0,0.0,,0.0,MONITOR,No strong commercial signal yet.,Keep on watchlist; revisit when new procurement demand or catalogue-fit evidence appears.,,
acct_2155bcac8580,"The University of the West of England, Bristol",org_121de692f887,Ethiopia,Accountable Agency,Qualify,0.0,MONITOR,0.0,0,0,0,0.00,0.0,NO_VERIFIED_CATALOGUE_MATCH,0,,0.0,NONE,0,0.0,,0.0,MONITOR,No strong commercial signal yet.,Keep on watchlist; revisit when new procurement demand or catalogue-fit evidence appears.,,
acct_5beb138f637c,The William and Flora Hewlett Foundation,org_9095e8a0a82d,Rwanda; Ethiopia,Donor,Prioritise,0.0,MONITOR,0.0,0,0,0,0.00,0.0,NO_VERIFIED_CATALOGUE_MATCH,0,,0.0,NONE,0,0.0,,0.0,MONITOR,No strong commercial signal yet.,Keep on watchlist; revisit when new procurement demand or catalogue-fit evidence appears.,,
acct_b5a772b60f0c,THE WORLD BANK,org_c634a8aaeb45,South Sudan; Somalia,Implementing Partner,Research,0.0,MONITOR,0.0,0,0,0,0.00,0.0,NO_VERIFIED_CATALOGUE_MATCH,0,,0.0,NONE,0,0.0,,0.0,MONITOR,No strong commercial signal yet.,Keep on watchlist; revisit when new procurement demand or catalogue-fit evidence appears.,,
acct_066032950147,THET,org_8f1536b484de,Uganda; GH; Tanzania; Kenya; MM; ZM,Accountable Agency,Qualify,0.0,MONITOR,0.0,0,0,0,0.00,0.0,NO_VERIFIED_CATALOGUE_MATCH,0,,0.0,NONE,0,0.0,,0.0,MONITOR,No strong commercial signal yet.,Keep on watchlist; revisit when new procurement demand or catalogue-fit evidence appears.,,
acct_bed6497cd32b,thinkIT Limited,org_acd664dde7ab,Uganda,Implementing Partner,Monitor,0.0,MONITOR,0.0,0,0,0,0.00,0.0,NO_VERIFIED_CATALOGUE_MATCH,0,,0.0,NONE,0,0.0,,0.0,MONITOR,No strong commercial signal yet.,Keep on watchlist; revisit when new procurement demand or catalogue-fit evidence appears.,,
acct_e5831b72b111,Third Country Government (Delegated co-operation),org_87fd8afceaa2,Ethiopia; Rwanda; Tanzania; Democratic Republic of the Congo,Implementing Partner,Qualify,0.0,MONITOR,0.0,0,0,0,0.00,0.0,NO_VERIFIED_CATALOGUE_MATCH,0,,0.0,NONE,0,0.0,,0.0,MONITOR,No strong commercial signal yet.,Keep on watchlist; revisit when new procurement demand or catalogue-fit evidence appears.,,
acct_cb110d3c4e1a,Thomas More University College Kempen,org_abb0e8d91eff,Tanzania,Implementing Partner,Qualify,0.0,MONITOR,0.0,0,0,0,0.00,0.0,NO_VERIFIED_CATALOGUE_MATCH,0,,0.0,NONE,0,0.0,,0.0,MONITOR,No strong commercial signal yet.,Keep on watchlist; revisit when new procurement demand or catalogue-fit evidence appears.,,
acct_758566f10f4f,Three Graces Foundation Inc,org_b42650f246f2,BF; NG; GW; TD; MZ; TG; Uganda; GB; South Sudan,Donor,Qualify,0.0,MONITOR,0.0,0,0,0,0.00,0.0,NO_VERIFIED_CATALOGUE_MATCH,0,,0.0,NONE,0,0.0,,0.0,MONITOR,No strong commercial signal yet.,Keep on watchlist; revisit when new procurement demand or catalogue-fit evidence appears.,,
acct_04efa1fd7a95,TIGRAY AGENCY STATISTICS AND VITAL EVENTS REGISTRATION,org_c8a577e231f3,Ethiopia,Implementing Partner,Prioritise,0.0,MONITOR,0.0,0,0,0,0.00,0.0,NO_VERIFIED_CATALOGUE_MATCH,0,,0.0,NONE,0,0.0,,0.0,MONITOR,No strong commercial signal yet.,Keep on watchlist; revisit when new procurement demand or catalogue-fit evidence appears.,,
acct_3d46c28aefb2,TIGRAY BOFRC AGRI NUTRITION,org_85226be20075,Ethiopia,Implementing Partner,Prioritise,0.0,MONITOR,0.0,0,0,0,0.00,0.0,NO_VERIFIED_CATALOGUE_MATCH,0,,0.0,NONE,0,0.0,,0.0,MONITOR,No strong commercial signal yet.,Keep on watchlist; revisit when new procurement demand or catalogue-fit evidence appears.,,
acct_4e93d6bac77c,TIGRAY BUREAU OF HEALTH,org_96ecee91ee67,Ethiopia,Implementing Partner,Prioritise,0.0,MONITOR,0.0,0,0,0,0.00,0.0,NO_VERIFIED_CATALOGUE_MATCH,0,,0.0,NONE,0,0.0,,0.0,MONITOR,No strong commercial signal yet.,Keep on watchlist; revisit when new procurement demand or catalogue-fit evidence appears.,,
acct_00b8bba12972,TIGRAY BUREAU OF JUSTICE,org_abbc8a2458d9,Ethiopia,Implementing Partner,Prioritise,0.0,MONITOR,0.0,0,0,0,0.00,0.0,NO_VERIFIED_CATALOGUE_MATCH,0,,0.0,NONE,0,0.0,,0.0,MONITOR,No strong commercial signal yet.,Keep on watchlist; revisit when new procurement demand or catalogue-fit evidence appears.,,
acct_f1ea5d9ebf52,TIGRAY BUREAU OF SOCIAL AND REHABILITATION AFFAIRS,org_8c98d08b395e,Ethiopia,Implementing Partner,Prioritise,0.0,MONITOR,0.0,0,0,0,0.00,0.0,NO_VERIFIED_CATALOGUE_MATCH,0,,0.0,NONE,0,0.0,,0.0,MONITOR,No strong commercial signal yet.,Keep on watchlist; revisit when new procurement demand or catalogue-fit evidence appears.,,
acct_3750198b72bd,TIGRAY COMMISSION OF DISASTER AND RISK MANAGEMENT,org_68b2a4e49a05,Ethiopia,Implementing Partner,Prioritise,0.0,MONITOR,0.0,0,0,0,0.00,0.0,NO_VERIFIED_CATALOGUE_MATCH,0,,0.0,NONE,0,0.0,,0.0,MONITOR,No strong commercial signal yet.,Keep on watchlist; revisit when new procurement demand or catalogue-fit evidence appears.,,
acct_f86ccee2c426,TIGRAY DEVELOPMENT ASSOCIATION TDA,org_7181971dc9bb,Ethiopia,Implementing Partner,Prioritise,0.0,MONITOR,0.0,0,0,0,0.00,0.0,NO_VERIFIED_CATALOGUE_MATCH,0,,0.0,NONE,0,0.0,,0.0,MONITOR,No strong commercial signal yet.,Keep on watchlist; revisit when new procurement demand or catalogue-fit evidence appears.,,
acct_70440e725928,TIGRAY YOUTH EMPOWERMENT SOLUTIONS,org_439a6d45069a,Ethiopia,Implementing Partner,Prioritise,0.0,MONITOR,0.0,0,0,0,0.00,0.0,NO_VERIFIED_CATALOGUE_MATCH,0,,0.0,NONE,0,0.0,,0.0,MONITOR,No strong commercial signal yet.,Keep on watchlist; revisit when new procurement demand or catalogue-fit evidence appears.,,
acct_8bc52b1a00b8,time2help e.V.,org_2548adf7cca7,Tanzania,Implementing Partner,Qualify,0.0,MONITOR,0.0,0,0,0,0.00,0.0,NO_VERIFIED_CATALOGUE_MATCH,0,,0.0,NONE,0,0.0,,0.0,MONITOR,No strong commercial signal yet.,Keep on watchlist; revisit when new procurement demand or catalogue-fit evidence appears.,,
acct_752210e09134,Tinada Youth Organization,org_36e63676e746,Kenya,Accountable Agency,Monitor,0.0,MONITOR,0.0,0,0,0,0.00,0.0,NO_VERIFIED_CATALOGUE_MATCH,0,,0.0,NONE,0,0.0,,0.0,MONITOR,No strong commercial signal yet.,Keep on watchlist; revisit when new procurement demand or catalogue-fit evidence appears.,,
acct_e5e69110cd93,Tony Blair Institute for Global Change,org_966132dd87da,Ethiopia,Implementing Partner,Research,0.0,MONITOR,0.0,0,0,0,0.00,0.0,NO_VERIFIED_CATALOGUE_MATCH,0,,0.0,NONE,0,0.0,,0.0,MONITOR,No strong commercial signal yet.,Keep on watchlist; revisit when new procurement demand or catalogue-fit evidence appears.,,
acct_e916296ab233,TOUCH AFRICA DEVELOPMENT ORGANIZATION,org_7c0cca78421e,South Sudan,Implementing Partner,Prioritise,0.0,MONITOR,0.0,0,0,0,0.00,0.0,NO_VERIFIED_CATALOGUE_MATCH,0,,0.0,NONE,0,0.0,,0.0,MONITOR,No strong commercial signal yet.,Keep on watchlist; revisit when new procurement demand or catalogue-fit evidence appears.,,
acct_aefa4fead7a0,"Touch Health, Inc.",org_cd7ea0ea7f0a,Tanzania,Implementing Partner,Research,0.0,MONITOR,0.0,0,0,0,0.00,0.0,NO_VERIFIED_CATALOGUE_MATCH,0,,0.0,NONE,0,0.0,,0.0,MONITOR,No strong commercial signal yet.,Keep on watchlist; revisit when new procurement demand or catalogue-fit evidence appears.,,
acct_ca14bb0da1e9,TRADE AND INDUSTRIAL POLICY STRATEGIES NPC,org_35b89e5b7a69,Kenya; BD; ID; Somalia; KH; ZA; Uganda; MY; NP; ZM; VN; Rwanda,Implementing Partner,Monitor,0.0,MONITOR,0.0,0,0,0,0.00,0.0,NO_VERIFIED_CATALOGUE_MATCH,0,,0.0,NONE,0,0.0,,0.0,MONITOR,No strong commercial signal yet.,Keep on watchlist; revisit when new procurement demand or catalogue-fit evidence appears.,,
acct_93b82a7a46fb,TradeMark Africa,org_588c8b9e9d64,Rwanda; Kenya,Implementing Partner,Qualify,0.0,MONITOR,0.0,0,0,0,0.00,0.0,NO_VERIFIED_CATALOGUE_MATCH,0,,0.0,NONE,0,0.0,,0.0,MONITOR,No strong commercial signal yet.,Keep on watchlist; revisit when new procurement demand or catalogue-fit evidence appears.,,
acct_82d135699cfe,Triggerise Ethiopia,org_b3a04aae92b2,Ethiopia,Implementing Partner,Monitor,0.0,MONITOR,0.0,0,0,0,0.00,0.0,NO_VERIFIED_CATALOGUE_MATCH,0,,0.0,NONE,0,0.0,,0.0,MONITOR,No strong commercial signal yet.,Keep on watchlist; revisit when new procurement demand or catalogue-fit evidence appears.,,
acct_f6805f8235e0,TRIPLE LINE CONSULTING,org_cde19bd63f49,Democratic Republic of the Congo; Kenya; KH; NG; Somalia; ZA; VN; ZW; IN; Rwanda; GH; SY; TL; IQ; EG; YE; TH; MW; MY; PH; PK; JO; BD; Ethiopia; MM; South Sudan; ID; NP; TN; Tanzania; AO; Uganda; ZM,Implementing Partner,Qualify,0.0,MONITOR,0.0,0,0,0,0.00,0.0,NO_VERIFIED_CATALOGUE_MATCH,0,,0.0,NONE,0,0.0,,0.0,MONITOR,No strong commercial signal yet.,Keep on watchlist; revisit when new procurement demand or catalogue-fit evidence appears.,,
acct_9c3e9dfa6251,TROCAIRE,org_c41c54b8b05d,Ethiopia,Implementing Partner,Qualify,0.0,MONITOR,0.0,0,0,0,0.00,0.0,NO_VERIFIED_CATALOGUE_MATCH,0,,0.0,NONE,0,0.0,,0.0,MONITOR,No strong commercial signal yet.,Keep on watchlist; revisit when new procurement demand or catalogue-fit evidence appears.,,
acct_0a20c2a7f6f0,Tropical Diseases Research Centre,org_c09b3535f8c2,GM; GH; BF; Kenya; SD; ZM,Implementing Partner,Prioritise,0.0,MONITOR,0.0,0,0,0,0.00,0.0,NO_VERIFIED_CATALOGUE_MATCH,0,,0.0,NONE,0,0.0,,0.0,MONITOR,No strong commercial signal yet.,Keep on watchlist; revisit when new procurement demand or catalogue-fit evidence appears.,,
acct_082ad77ebef6,TROPICAL HEALTH CONSULTING LLP,org_4b7734eed06c,Kenya; KH; NG; Somalia; ZA; VN; ZW; IN; Rwanda; GH; SY; TL; IQ; EG; YE; TH; MW; MY; PH; PK; JO; BD; Ethiopia; MM; South Sudan; Democratic Republic of the Congo; ID; NP; TN; Tanzania,Implementing Partner,Qualify,0.0,MONITOR,0.0,0,0,0,0.00,0.0,NO_VERIFIED_CATALOGUE_MATCH,0,,0.0,NONE,0,0.0,,0.0,MONITOR,No strong commercial signal yet.,Keep on watchlist; revisit when new procurement demand or catalogue-fit evidence appears.,,
acct_0c21b28988c8,Tropical Institute of Community Health and Development,org_3dfdda93bda8,Kenya,Implementing Partner,Prioritise,0.0,MONITOR,0.0,0,0,0,0.00,0.0,NO_VERIFIED_CATALOGUE_MATCH,0,,0.0,NONE,0,0.0,,0.0,MONITOR,No strong commercial signal yet.,Keep on watchlist; revisit when new procurement demand or catalogue-fit evidence appears.,,
acct_5d582abfa70d,"Tropical Institute of Community Health and Development (TICH), Great Lakes University of Kisumu (GLUK)",org_49ad01ae2dd5,Kenya,Implementing Partner,Qualify,0.0,MONITOR,0.0,0,0,0,0.00,0.0,NO_VERIFIED_CATALOGUE_MATCH,0,,0.0,NONE,0,0.0,,0.0,MONITOR,No strong commercial signal yet.,Keep on watchlist; revisit when new procurement demand or catalogue-fit evidence appears.,,
acct_8cf76e91d48c,"TSDA was established in 2000 in Ethiopia to improve the lives of marginalised groups in the country, in particular vulnerable children, women, and older people living in poverty. TSDA designs and implements participatory projects that aim to prevent the spread of HIV/AIDS, and facilitate income generation and employment opportunities. TSDA has implemented various projects providing care and support for older people, community-based healthcare, education and learning, combating gender-based violence, and providing guidance to older people on how they can earn an income. It also provides food, shelter, and psychosocial and legal support, and is involved in fundraising, campaigning and advocacy. TSDA became a HelpAge global network member in 2018.",org_d3ceb691c313,Tanzania; Ethiopia; PK; UA; GB; MM; LB; Uganda; MZ; MD,Implementing Partner,Research,0.0,MONITOR,0.0,0,0,0,0.00,0.0,NO_VERIFIED_CATALOGUE_MATCH,0,,0.0,NONE,0,0.0,,0.0,MONITOR,No strong commercial signal yet.,Keep on watchlist; revisit when new procurement demand or catalogue-fit evidence appears.,,
acct_3ac945305661,Tufts University,org_5b34407bcbb3,Kenya; KH; NG; Somalia; ZA; VN; ZW; IN; Rwanda; GH; SY; TL; IQ; EG; YE; TH; MW; MY; PH; PK; JO; BD; Ethiopia; MM; South Sudan; Democratic Republic of the Congo; ID; NP; TN; Tanzania,Implementing Partner,Qualify,0.0,MONITOR,0.0,0,0,0,0.00,0.0,NO_VERIFIED_CATALOGUE_MATCH,0,,0.0,NONE,0,0.0,,0.0,MONITOR,No strong commercial signal yet.,Keep on watchlist; revisit when new procurement demand or catalogue-fit evidence appears.,,
acct_83e39f51c4a6,TURKANA COUNTY ASSEMBLY,org_69ff24d03f8e,Kenya,Implementing Partner,Prioritise,0.0,MONITOR,0.0,0,0,0,0.00,0.0,NO_VERIFIED_CATALOGUE_MATCH,0,,0.0,NONE,0,0.0,,0.0,MONITOR,No strong commercial signal yet.,Keep on watchlist; revisit when new procurement demand or catalogue-fit evidence appears.,,
acct_04f34a058ab3,TURKANA DEPARTMENT OF EDUCATION SPORTS AND SOCIAL PROTECTION,org_9133f9fb2266,Kenya,Implementing Partner,Prioritise,0.0,MONITOR,0.0,0,0,0,0.00,0.0,NO_VERIFIED_CATALOGUE_MATCH,0,,0.0,NONE,0,0.0,,0.0,MONITOR,No strong commercial signal yet.,Keep on watchlist; revisit when new procurement demand or catalogue-fit evidence appears.,,
acct_445fb13630a7,Tusk,org_1881dd93db93,Uganda,Implementing Partner,Qualify,0.0,MONITOR,0.0,0,0,0,0.00,0.0,NO_VERIFIED_CATALOGUE_MATCH,0,,0.0,NONE,0,0.0,,0.0,MONITOR,No strong commercial signal yet.,Keep on watchlist; revisit when new procurement demand or catalogue-fit evidence appears.,,
acct_faead20d50ff,UBS AG,org_95f94c05452e,MY; PH; Kenya; TH,Implementing Partner,Monitor,0.0,MONITOR,0.0,0,0,0,0.00,0.0,NO_VERIFIED_CATALOGUE_MATCH,0,,0.0,NONE,0,0.0,,0.0,MONITOR,No strong commercial signal yet.,Keep on watchlist; revisit when new procurement demand or catalogue-fit evidence appears.,,
acct_25df2206de70,UC Berkeley on behalf of the Pickering Lab,org_abcf58c83c5c,Kenya,Implementing Partner,Qualify,0.0,MONITOR,0.0,0,0,0,0.00,0.0,NO_VERIFIED_CATALOGUE_MATCH,0,,0.0,NONE,0,0.0,,0.0,MONITOR,No strong commercial signal yet.,Keep on watchlist; revisit when new procurement demand or catalogue-fit evidence appears.,,
acct_ca2a1ea0cade,UGA Office of the Prime Mster,org_10285fa32dd1,Uganda,Implementing Partner,Research,0.0,MONITOR,0.0,0,0,0,0.00,0.0,NO_VERIFIED_CATALOGUE_MATCH,0,,0.0,NONE,0,0.0,,0.0,MONITOR,No strong commercial signal yet.,Keep on watchlist; revisit when new procurement demand or catalogue-fit evidence appears.,,
acct_5f0b9172c024,Uganda,org_1afbb7107bd6,Uganda,Donor,Prioritise,0.0,MONITOR,0.0,0,0,0,0.00,0.0,NO_VERIFIED_CATALOGUE_MATCH,0,,0.0,NONE,0,0.0,,0.0,MONITOR,No strong commercial signal yet.,Keep on watchlist; revisit when new procurement demand or catalogue-fit evidence appears.,,
acct_5f0b9172c024,Uganda,org_1afbb7107bd6,Uganda,Donor,Prioritise,0.0,MONITOR,0.0,0,0,0,0.00,0.0,NO_VERIFIED_CATALOGUE_MATCH,0,,0.0,NONE,0,0.0,,0.0,MONITOR,No strong commercial signal yet.,Keep on watchlist; revisit when new procurement demand or catalogue-fit evidence appears.,,
acct_86ccd64c7a5e,Uganda Christian University,org_5bf4fa17c7ed,Uganda,Implementing Partner,Qualify,0.0,MONITOR,0.0,0,0,0,0.00,0.0,NO_VERIFIED_CATALOGUE_MATCH,0,,0.0,NONE,0,0.0,,0.0,MONITOR,No strong commercial signal yet.,Keep on watchlist; revisit when new procurement demand or catalogue-fit evidence appears.,,
acct_98264107c0bb,Uganda Martyrs University,org_619333233e04,Uganda,Implementing Partner,Qualify,0.0,MONITOR,0.0,0,0,0,0.00,0.0,NO_VERIFIED_CATALOGUE_MATCH,0,,0.0,NONE,0,0.0,,0.0,MONITOR,No strong commercial signal yet.,Keep on watchlist; revisit when new procurement demand or catalogue-fit evidence appears.,,
acct_01952a2d2080,Uganda Medical Research Council,org_a613ff7a3a11,Kenya; BD; JO; Uganda; GB; AF; BE; FJ; ID; LK; IN; ZA; CH,Implementing Partner,Prioritise,0.0,MONITOR,0.0,0,0,0,0.00,0.0,NO_VERIFIED_CATALOGUE_MATCH,0,,0.0,NONE,0,0.0,,0.0,MONITOR,No strong commercial signal yet.,Keep on watchlist; revisit when new procurement demand or catalogue-fit evidence appears.,,
acct_0c2f21d8d8a6,Uganda National Council for Science and Technology,org_afb497f679e3,Uganda; Kenya; SL; Tanzania,Implementing Partner,Prioritise,0.0,MONITOR,0.0,0,0,0,0.00,0.0,NO_VERIFIED_CATALOGUE_MATCH,0,,0.0,NONE,0,0.0,,0.0,MONITOR,No strong commercial signal yet.,Keep on watchlist; revisit when new procurement demand or catalogue-fit evidence appears.,,
acct_95136a72bebf,Uganda National Health Research Organization,org_08f8bf86f195,Uganda,Implementing Partner,Prioritise,0.0,MONITOR,0.0,0,0,0,0.00,0.0,NO_VERIFIED_CATALOGUE_MATCH,0,,0.0,NONE,0,0.0,,0.0,MONITOR,No strong commercial signal yet.,Keep on watchlist; revisit when new procurement demand or catalogue-fit evidence appears.,,
acct_7e1b80cfe0c2,Uganda National Meteorological Authority,org_c8053b2f9f31,Uganda,Implementing Partner,Research,0.0,MONITOR,0.0,0,0,0,0.00,0.0,NO_VERIFIED_CATALOGUE_MATCH,0,,0.0,NONE,0,0.0,,0.0,MONITOR,No strong commercial signal yet.,Keep on watchlist; revisit when new procurement demand or catalogue-fit evidence appears.,,
acct_44b87cf6f328,UGANDA RED CROSS SOCIETY,org_11592fb7674d,Uganda,Implementing Partner,Prioritise,0.0,MONITOR,0.0,0,0,0,0.00,0.0,NO_VERIFIED_CATALOGUE_MATCH,0,,0.0,NONE,0,0.0,,0.0,MONITOR,No strong commercial signal yet.,Keep on watchlist; revisit when new procurement demand or catalogue-fit evidence appears.,,
acct_44b87cf6f328,Uganda Red Cross Society,org_11592fb7674d,Uganda,Implementing Partner,Research,0.0,MONITOR,0.0,0,0,0,0.00,0.0,NO_VERIFIED_CATALOGUE_MATCH,0,,0.0,NONE,0,0.0,,0.0,MONITOR,No strong commercial signal yet.,Keep on watchlist; revisit when new procurement demand or catalogue-fit evidence appears.,,
acct_2a6f9b389e95,Uganda Society for Health Scientists,org_4d2c506cbe3d,MW; Uganda,Implementing Partner,Prioritise,0.0,MONITOR,0.0,0,0,0,0.00,0.0,NO_VERIFIED_CATALOGUE_MATCH,0,,0.0,NONE,0,0.0,,0.0,MONITOR,No strong commercial signal yet.,Keep on watchlist; revisit when new procurement demand or catalogue-fit evidence appears.,,
acct_ce9873cbc467,Uganda Virus Research Institute,org_9ee31fdf3552,GB; Uganda; Kenya,Implementing Partner,Qualify,0.0,MONITOR,0.0,0,0,0,0.00,0.0,NO_VERIFIED_CATALOGUE_MATCH,0,,0.0,NONE,0,0.0,,0.0,MONITOR,No strong commercial signal yet.,Keep on watchlist; revisit when new procurement demand or catalogue-fit evidence appears.,,
acct_35898636525e,Uganda Virus Research Institute (UVRI),org_6694b2fedf4a,Uganda,Implementing Partner,Research,0.0,MONITOR,0.0,0,0,0,0.00,0.0,NO_VERIFIED_CATALOGUE_MATCH,0,,0.0,NONE,0,0.0,,0.0,MONITOR,No strong commercial signal yet.,Keep on watchlist; revisit when new procurement demand or catalogue-fit evidence appears.,,
acct_ddf92384ec31,UK - Department for Work and Pensions,org_fd753cbb10ba,Somalia,Donor,Prioritise,0.0,MONITOR,0.0,0,0,0,0.00,0.0,NO_VERIFIED_CATALOGUE_MATCH,0,,0.0,NONE,0,0.0,,0.0,MONITOR,No strong commercial signal yet.,Keep on watchlist; revisit when new procurement demand or catalogue-fit evidence appears.,,
acct_19ac0d364e25,UK - Department of Health and Social Care (DHSC),org_90d8c18cb0ff,Kenya; Rwanda; GB; Uganda; Ethiopia; CM; GH; MW; NG; ZA; SD; Tanzania; NZ; IN; SL,Donor,Prioritise,0.0,MONITOR,0.0,0,0,0,0.00,0.0,NO_VERIFIED_CATALOGUE_MATCH,0,,0.0,NONE,0,0.0,,0.0,MONITOR,No strong commercial signal yet.,Keep on watchlist; revisit when new procurement demand or catalogue-fit evidence appears.,,
acct_19ac0d364e25,UK Department of Health and Social Care (DHSC),org_90d8c18cb0ff,IN; Kenya; MW; VN; LA,Donor,Research,0.0,MONITOR,0.0,0,0,0,0.00,0.0,NO_VERIFIED_CATALOGUE_MATCH,0,,0.0,NONE,0,0.0,,0.0,MONITOR,No strong commercial signal yet.,Keep on watchlist; revisit when new procurement demand or catalogue-fit evidence appears.,,
acct_a8c35b628a1d,"UK Foreign, Commonwealth & Development Office (FCDO)",org_d96f8fde4782,IN; NG; ZA; Uganda; VN; Democratic Republic of the Congo; Ethiopia; ID; Kenya; LA; MM; Rwanda; Tanzania; ZM; ZW,Donor,Prioritise,0.0,MONITOR,0.0,0,0,0,0.00,0.0,NO_VERIFIED_CATALOGUE_MATCH,0,,0.0,NONE,0,0.0,,0.0,MONITOR,No strong commercial signal yet.,Keep on watchlist; revisit when new procurement demand or catalogue-fit evidence appears.,,
acct_aefb4dcb9dd8,UK - Foreign & Commonwealth Office,org_338a5319263b,Kenya; BD; JO; Uganda; GB; AF; BE; FJ; ID; LK; IN; ZA; CH; EG; IE; NP; Rwanda; US; MW; GH; CO; SL; FR; MN; BR; Tanzania; TJ; NG; ZW; LR; DZ; IQ; LB; LY; MA; MM; PH; PK; SD; Somalia; South Sudan; SY; TN; TR; YE,Donor,Prioritise,0.0,MONITOR,0.0,0,0,0,0.00,0.0,NO_VERIFIED_CATALOGUE_MATCH,0,,0.0,NONE,0,0.0,,0.0,MONITOR,No strong commercial signal yet.,Keep on watchlist; revisit when new procurement demand or catalogue-fit evidence appears.,,
acct_c2b6eedf4e37,UK-Med,org_9bbafe12d7d0,Rwanda; Democratic Republic of the Congo; AO; Ethiopia,Implementing Partner,Research,0.0,MONITOR,0.0,0,0,0,0.00,0.0,NO_VERIFIED_CATALOGUE_MATCH,0,,0.0,NONE,0,0.0,,0.0,MONITOR,No strong commercial signal yet.,Keep on watchlist; revisit when new procurement demand or catalogue-fit evidence appears.,,
acct_e9e7a8e92dcb,UK - Scottish Government,org_08b0bf4d7b86,Rwanda,Reporting Organisation,Monitor,0.0,MONITOR,0.0,0,0,0,0.00,0.0,NO_VERIFIED_CATALOGUE_MATCH,0,,0.0,NONE,0,0.0,,0.0,MONITOR,No strong commercial signal yet.,Keep on watchlist; revisit when new procurement demand or catalogue-fit evidence appears.,,
acct_9dbe1a3ec698,ULB-Coopération,org_4fe9aca01c42,Democratic Republic of the Congo,Donor,Prioritise,0.0,MONITOR,0.0,0,0,0,0.00,0.0,NO_VERIFIED_CATALOGUE_MATCH,0,,0.0,NONE,0,0.0,,0.0,MONITOR,No strong commercial signal yet.,Keep on watchlist; revisit when new procurement demand or catalogue-fit evidence appears.,,
acct_c19206dfc314,UMURI FOUNDATION,org_ccdca91b00c5,Rwanda,Implementing Partner,Prioritise,0.0,MONITOR,0.0,0,0,0,0.00,0.0,NO_VERIFIED_CATALOGUE_MATCH,0,,0.0,NONE,0,0.0,,0.0,MONITOR,No strong commercial signal yet.,Keep on watchlist; revisit when new procurement demand or catalogue-fit evidence appears.,,
acct_77815f020041,UN Children's Fund (UNICEF),org_33cf1c019c12,Kenya; KR; MN; KH; LA; TH; IN; KG; MK; TJ; UZ; RS; KW; PS; SA,Donor,Qualify,0.0,MONITOR,0.0,0,0,0,0.00,0.0,NO_VERIFIED_CATALOGUE_MATCH,0,,0.0,NONE,0,0.0,,0.0,MONITOR,No strong commercial signal yet.,Keep on watchlist; revisit when new procurement demand or catalogue-fit evidence appears.,,
acct_5fd321b52822,UN Environment Programme,org_0e77a5c5d9a5,Kenya; KR; MN; KH; LA; TH; IN; KG; MK; TJ; UZ; RS; KW; PS; SA; Uganda,Donor,Qualify,0.0,MONITOR,0.0,0,0,0,0.00,0.0,NO_VERIFIED_CATALOGUE_MATCH,0,,0.0,NONE,0,0.0,,0.0,MONITOR,No strong commercial signal yet.,Keep on watchlist; revisit when new procurement demand or catalogue-fit evidence appears.,,
acct_fed1ab06090c,UN-Habitat,org_f431830ac4b0,MW; ID; CH; GH; CO; GB; SL; BE; FR; IN; Kenya; MN; US,Implementing Partner,Qualify,0.0,MONITOR,0.0,0,0,0,0.00,0.0,NO_VERIFIED_CATALOGUE_MATCH,0,,0.0,NONE,0,0.0,,0.0,MONITOR,No strong commercial signal yet.,Keep on watchlist; revisit when new procurement demand or catalogue-fit evidence appears.,,
acct_c6076b71bb5f,UN HIGH COMMISSIONER FOR REFUGEES (UNHCR),org_20d5eb90f825,Uganda,Donor,Qualify,0.0,MONITOR,0.0,0,0,0,0.00,0.0,NO_VERIFIED_CATALOGUE_MATCH,0,,0.0,NONE,0,0.0,,0.0,MONITOR,No strong commercial signal yet.,Keep on watchlist; revisit when new procurement demand or catalogue-fit evidence appears.,,
acct_d4235a883b0c,UN Joint Programme,org_151e2e7760da,Tanzania; Uganda; Democratic Republic of the Congo; Ethiopia; Kenya; South Sudan; Somalia; Rwanda; ZW; ZA; NG; BW; GH; SL,Donor,Prioritise,0.0,MONITOR,0.0,0,0,0,0.00,0.0,NO_VERIFIED_CATALOGUE_MATCH,0,,0.0,NONE,0,0.0,,0.0,MONITOR,No strong commercial signal yet.,Keep on watchlist; revisit when new procurement demand or catalogue-fit evidence appears.,,
acct_91f6e77a980e,UN Office - Geneva,org_b937e7da3569,Ethiopia,Donor,Prioritise,0.0,MONITOR,0.0,0,0,0,0.00,0.0,NO_VERIFIED_CATALOGUE_MATCH,0,,0.0,NONE,0,0.0,,0.0,MONITOR,No strong commercial signal yet.,Keep on watchlist; revisit when new procurement demand or catalogue-fit evidence appears.,,
acct_cda006fb529b,UNAIDS - Joint UN Programme,org_cd2a37e07b0b,South Sudan; Democratic Republic of the Congo; Ethiopia; Rwanda; Kenya; Uganda; Tanzania,Donor,Prioritise,0.0,MONITOR,0.0,0,0,0,0.00,0.0,NO_VERIFIED_CATALOGUE_MATCH,0,,0.0,NONE,0,0.0,,0.0,MONITOR,No strong commercial signal yet.,Keep on watchlist; revisit when new procurement demand or catalogue-fit evidence appears.,,
acct_66b76a0b7ca5,Undefined,org_8b088455b574,Uganda,Donor,Research,0.0,MONITOR,0.0,0,0,0,0.00,0.0,NO_VERIFIED_CATALOGUE_MATCH,0,,0.0,NONE,0,0.0,,0.0,MONITOR,No strong commercial signal yet.,Keep on watchlist; revisit when new procurement demand or catalogue-fit evidence appears.,,
acct_66b76a0b7ca5,Undefined,org_8b088455b574,Uganda,Implementing Partner,Research,0.0,MONITOR,0.0,0,0,0,0.00,0.0,NO_VERIFIED_CATALOGUE_MATCH,0,,0.0,NONE,0,0.0,,0.0,MONITOR,No strong commercial signal yet.,Keep on watchlist; revisit when new procurement demand or catalogue-fit evidence appears.,,
acct_e9971b4edaf7,UNDP South Sudan,org_21457108e7c2,South Sudan,Donor,Prioritise,0.0,MONITOR,0.0,0,0,0,0.00,0.0,NO_VERIFIED_CATALOGUE_MATCH,0,,0.0,NONE,0,0.0,,0.0,MONITOR,No strong commercial signal yet.,Keep on watchlist; revisit when new procurement demand or catalogue-fit evidence appears.,,
acct_2c8a35fb23d0,UNFPA - UN Population Fund,org_dd01d271b88a,Uganda; Democratic Republic of the Congo; Ethiopia; Kenya; Rwanda; Tanzania; South Sudan; Somalia,Donor,Prioritise,0.0,MONITOR,0.0,0,0,0,0.00,0.0,NO_VERIFIED_CATALOGUE_MATCH,0,,0.0,NONE,0,0.0,,0.0,MONITOR,No strong commercial signal yet.,Keep on watchlist; revisit when new procurement demand or catalogue-fit evidence appears.,,
acct_5c251837706b,UNI LINK SMART VENTURE SDN BHD,org_1cd30fc72e67,Kenya; BD; ID; Somalia; KH; ZA; Uganda; MY; NP; ZM; VN; Rwanda,Implementing Partner,Monitor,0.0,MONITOR,0.0,0,0,0,0.00,0.0,NO_VERIFIED_CATALOGUE_MATCH,0,,0.0,NONE,0,0.0,,0.0,MONITOR,No strong commercial signal yet.,Keep on watchlist; revisit when new procurement demand or catalogue-fit evidence appears.,,
acct_4a46a77c872f,UNICEF,org_10d2303f236a,Somalia; Tanzania; Democratic Republic of the Congo; South Sudan; Rwanda; Uganda; Ethiopia; Kenya; BD; CI; CO; GH; HT; JM; JO; MZ; NG; SN; BE; EG; IE; NP; CH; GB; US; AO; BF; BJ; CF; CM; GN; MG; MW; SL; TD; TG,Donor,Prioritise,0.0,MONITOR,0.0,0,0,0,0.00,0.0,NO_VERIFIED_CATALOGUE_MATCH,0,,0.0,NONE,0,0.0,,0.0,MONITOR,No strong commercial signal yet.,Keep on watchlist; revisit when new procurement demand or catalogue-fit evidence appears.,,
acct_48bfdebf6e5c,UNICEF,org_adc8deda2486,Somalia; South Sudan; Uganda; Tanzania; Ethiopia,Donor,Prioritise,0.0,MONITOR,0.0,0,0,0,0.00,0.0,NO_VERIFIED_CATALOGUE_MATCH,0,,0.0,NONE,0,0.0,,0.0,MONITOR,No strong commercial signal yet.,Keep on watchlist; revisit when new procurement demand or catalogue-fit evidence appears.,,
acct_e90e82460198,UNICEF-Argentina,org_a267489dff10,Kenya,Donor,Prioritise,0.0,MONITOR,0.0,0,0,0,0.00,0.0,NO_VERIFIED_CATALOGUE_MATCH,0,,0.0,NONE,0,0.0,,0.0,MONITOR,No strong commercial signal yet.,Keep on watchlist; revisit when new procurement demand or catalogue-fit evidence appears.,,
acct_a4b594e12fcb,UNICEF GLOBAL SHARED SERVICE CENTRE,org_10ca4f226557,Kenya; Democratic Republic of the Congo; AO; Rwanda; Uganda,Implementing Partner,Qualify,0.0,MONITOR,0.0,0,0,0,0.00,0.0,NO_VERIFIED_CATALOGUE_MATCH,0,,0.0,NONE,0,0.0,,0.0,MONITOR,No strong commercial signal yet.,Keep on watchlist; revisit when new procurement demand or catalogue-fit evidence appears.,,
acct_95d623320481,UNICEF Kenya,org_e9b5fbd12cbf,Kenya,Donor,Prioritise,0.0,MONITOR,0.0,0,0,0,0.00,0.0,NO_VERIFIED_CATALOGUE_MATCH,0,,0.0,NONE,0,0.0,,0.0,MONITOR,No strong commercial signal yet.,Keep on watchlist; revisit when new procurement demand or catalogue-fit evidence appears.,,
acct_8ec553fc4e28,UNICEF-Mexico,org_9684cc0eed04,Somalia; Kenya; South Sudan; Uganda,Donor,Prioritise,0.0,MONITOR,0.0,0,0,0,0.00,0.0,NO_VERIFIED_CATALOGUE_MATCH,0,,0.0,NONE,0,0.0,,0.0,MONITOR,No strong commercial signal yet.,Keep on watchlist; revisit when new procurement demand or catalogue-fit evidence appears.,,
acct_61e0fdf4d46b,UNICEF-QATAR,org_1b2f38e9ff7f,Tanzania; Kenya,Donor,Prioritise,0.0,MONITOR,0.0,0,0,0,0.00,0.0,NO_VERIFIED_CATALOGUE_MATCH,0,,0.0,NONE,0,0.0,,0.0,MONITOR,No strong commercial signal yet.,Keep on watchlist; revisit when new procurement demand or catalogue-fit evidence appears.,,
acct_3581465b52eb,UNICEF Regular Resources,org_150f3106e43a,Somalia; Tanzania; Democratic Republic of the Congo; South Sudan; Rwanda; Uganda; Ethiopia; Kenya,Donor,Prioritise,0.0,MONITOR,0.0,0,0,0,0.00,0.0,NO_VERIFIED_CATALOGUE_MATCH,0,,0.0,NONE,0,0.0,,0.0,MONITOR,No strong commercial signal yet.,Keep on watchlist; revisit when new procurement demand or catalogue-fit evidence appears.,,
acct_0455587cdfa6,UNICEF-Rwanda,org_01e7ac0f553f,Rwanda,Donor,Prioritise,0.0,MONITOR,0.0,0,0,0,0.00,0.0,NO_VERIFIED_CATALOGUE_MATCH,0,,0.0,NONE,0,0.0,,0.0,MONITOR,No strong commercial signal yet.,Keep on watchlist; revisit when new procurement demand or catalogue-fit evidence appears.,,
acct_b7f389d5bd76,UNICEF-Saudi Arabia,org_4d5d6d241526,South Sudan; Somalia; Ethiopia,Donor,Prioritise,0.0,MONITOR,0.0,0,0,0,0.00,0.0,NO_VERIFIED_CATALOGUE_MATCH,0,,0.0,NONE,0,0.0,,0.0,MONITOR,No strong commercial signal yet.,Keep on watchlist; revisit when new procurement demand or catalogue-fit evidence appears.,,
acct_d31fb3df7342,UNICEF South Sudan,org_a2dacb604035,South Sudan,Donor,Prioritise,0.0,MONITOR,0.0,0,0,0,0.00,0.0,NO_VERIFIED_CATALOGUE_MATCH,0,,0.0,NONE,0,0.0,,0.0,MONITOR,No strong commercial signal yet.,Keep on watchlist; revisit when new procurement demand or catalogue-fit evidence appears.,,
acct_c0a843a62ef4,UNICEF-Uganda,org_a205cdb01244,Uganda,Donor,Prioritise,0.0,MONITOR,0.0,0,0,0,0.00,0.0,NO_VERIFIED_CATALOGUE_MATCH,0,,0.0,NONE,0,0.0,,0.0,MONITOR,No strong commercial signal yet.,Keep on watchlist; revisit when new procurement demand or catalogue-fit evidence appears.,,
acct_64bc4e05c75b,UNICEF-United Arab Emirates,org_ef2a15536328,Tanzania; Democratic Republic of the Congo; Somalia; South Sudan; Kenya; Ethiopia,Donor,Prioritise,0.0,MONITOR,0.0,0,0,0,0.00,0.0,NO_VERIFIED_CATALOGUE_MATCH,0,,0.0,NONE,0,0.0,,0.0,MONITOR,No strong commercial signal yet.,Keep on watchlist; revisit when new procurement demand or catalogue-fit evidence appears.,,
acct_bb9d08248a64,UNICEF-United Republic of Tanzania,org_42733c140236,Tanzania,Donor,Prioritise,0.0,MONITOR,0.0,0,0,0,0.00,0.0,NO_VERIFIED_CATALOGUE_MATCH,0,,0.0,NONE,0,0.0,,0.0,MONITOR,No strong commercial signal yet.,Keep on watchlist; revisit when new procurement demand or catalogue-fit evidence appears.,,
acct_5db93e631b88,UNILEVER,org_f9ecfa7f9d79,Kenya,Donor,Qualify,0.0,MONITOR,0.0,0,0,0,0.00,0.0,NO_VERIFIED_CATALOGUE_MATCH,0,,0.0,NONE,0,0.0,,0.0,MONITOR,No strong commercial signal yet.,Keep on watchlist; revisit when new procurement demand or catalogue-fit evidence appears.,,
acct_b295157864bd,UNITAID,org_92308f73aeac,Tanzania; Democratic Republic of the Congo; Ethiopia; Kenya; Uganda,Donor,Prioritise,0.0,MONITOR,0.0,0,0,0,0.00,0.0,NO_VERIFIED_CATALOGUE_MATCH,0,,0.0,NONE,0,0.0,,0.0,MONITOR,No strong commercial signal yet.,Keep on watchlist; revisit when new procurement demand or catalogue-fit evidence appears.,,
acct_b295157864bd,UNITAID,org_92308f73aeac,BF; NG; GW; TD; MZ; TG; Uganda; GB; South Sudan,Donor,Qualify,0.0,MONITOR,0.0,0,0,0,0.00,0.0,NO_VERIFIED_CATALOGUE_MATCH,0,,0.0,NONE,0,0.0,,0.0,MONITOR,No strong commercial signal yet.,Keep on watchlist; revisit when new procurement demand or catalogue-fit evidence appears.,,
acct_9dcac60f5878,United Arab Emirates,org_5fc2867663a4,South Sudan; Somalia; Kenya; Ethiopia,Donor,Prioritise,0.0,MONITOR,0.0,0,0,0,0.00,0.0,NO_VERIFIED_CATALOGUE_MATCH,0,,0.0,NONE,0,0.0,,0.0,MONITOR,No strong commercial signal yet.,Keep on watchlist; revisit when new procurement demand or catalogue-fit evidence appears.,,
acct_1844b5bf852d,United Front Against River Blindness (UFAR),org_cac93a93d2e3,Democratic Republic of the Congo,Implementing Partner,Qualify,0.0,MONITOR,0.0,0,0,0,0.00,0.0,NO_VERIFIED_CATALOGUE_MATCH,0,,0.0,NONE,0,0.0,,0.0,MONITOR,No strong commercial signal yet.,Keep on watchlist; revisit when new procurement demand or catalogue-fit evidence appears.,,
acct_32b858d93c22,United Kingdom - Children's Investment Fund Foundation (CIFF),org_c47330ca88fa,Ethiopia; Somalia; Tanzania; Kenya,Donor,Prioritise,0.0,MONITOR,0.0,0,0,0,0.00,0.0,NO_VERIFIED_CATALOGUE_MATCH,0,,0.0,NONE,0,0.0,,0.0,MONITOR,No strong commercial signal yet.,Keep on watchlist; revisit when new procurement demand or catalogue-fit evidence appears.,,
acct_fb5cde867ae3,United Kingdom Committee for UNICEF,org_31fbf2ee12b2,Tanzania; Ethiopia; South Sudan; Kenya; Uganda; Somalia; Democratic Republic of the Congo,Donor,Prioritise,0.0,MONITOR,0.0,0,0,0,0.00,0.0,NO_VERIFIED_CATALOGUE_MATCH,0,,0.0,NONE,0,0.0,,0.0,MONITOR,No strong commercial signal yet.,Keep on watchlist; revisit when new procurement demand or catalogue-fit evidence appears.,,
acct_cbc6deeb6edb,United Kingdom - Department of Energy and Climate Change,org_c4d0d79f474f,Somalia,Donor,Prioritise,0.0,MONITOR,0.0,0,0,0,0.00,0.0,NO_VERIFIED_CATALOGUE_MATCH,0,,0.0,NONE,0,0.0,,0.0,MONITOR,No strong commercial signal yet.,Keep on watchlist; revisit when new procurement demand or catalogue-fit evidence appears.,,
acct_6aa394d02532,UNITED KINGDOM SECURITY HEALTH AGENCY,org_43db9142aadb,Democratic Republic of the Congo; AO; Rwanda,Implementing Partner,Research,0.0,MONITOR,0.0,0,0,0,0.00,0.0,NO_VERIFIED_CATALOGUE_MATCH,0,,0.0,NONE,0,0.0,,0.0,MONITOR,No strong commercial signal yet.,Keep on watchlist; revisit when new procurement demand or catalogue-fit evidence appears.,,
acct_b323c23fd089,UNITED NATIONS,org_a0d32ab293e3,Tanzania,Implementing Partner,Qualify,0.0,MONITOR,0.0,0,0,0,0.00,0.0,NO_VERIFIED_CATALOGUE_MATCH,0,,0.0,NONE,0,0.0,,0.0,MONITOR,No strong commercial signal yet.,Keep on watchlist; revisit when new procurement demand or catalogue-fit evidence appears.,,
acct_b2c0eecd6513,"United Nations agency, fund or commission (UN)",org_f63ba05dad0b,Ethiopia,Implementing Partner,Qualify,0.0,MONITOR,0.0,0,0,0,0.00,0.0,NO_VERIFIED_CATALOGUE_MATCH,0,,0.0,NONE,0,0.0,,0.0,MONITOR,No strong commercial signal yet.,Keep on watchlist; revisit when new procurement demand or catalogue-fit evidence appears.,,
acct_9069dcb4c784,UNITED NATIONS CHILDREN FUND,org_a5b4aecbd52f,Rwanda; Democratic Republic of the Congo; AO,Implementing Partner,Qualify,0.0,MONITOR,0.0,0,0,0,0.00,0.0,NO_VERIFIED_CATALOGUE_MATCH,0,,0.0,NONE,0,0.0,,0.0,MONITOR,No strong commercial signal yet.,Keep on watchlist; revisit when new procurement demand or catalogue-fit evidence appears.,,
acct_46963e1d11e1,United Nations Children's Fund,org_3d9bd639ab00,South Sudan; Somalia; Tanzania,Donor,Prioritise,0.0,MONITOR,0.0,0,0,0,0.00,0.0,NO_VERIFIED_CATALOGUE_MATCH,0,,0.0,NONE,0,0.0,,0.0,MONITOR,No strong commercial signal yet.,Keep on watchlist; revisit when new procurement demand or catalogue-fit evidence appears.,,
acct_c43849b3a600,United Nations Development Programme,org_2c3ca1001b10,South Sudan; Democratic Republic of the Congo,Implementing Partner,Prioritise,0.0,MONITOR,0.0,0,0,0,0.00,0.0,NO_VERIFIED_CATALOGUE_MATCH,0,,0.0,NONE,0,0.0,,0.0,MONITOR,No strong commercial signal yet.,Keep on watchlist; revisit when new procurement demand or catalogue-fit evidence appears.,,
acct_76f10cab3116,United Nations Economic Commission forEurope (UNECE),org_cf8850d5bd73,Kenya; KR; MN; KH; LA; TH; IN; KG; MK; TJ; UZ; RS; KW; PS; SA,Accountable Agency,Qualify,0.0,MONITOR,0.0,0,0,0,0.00,0.0,NO_VERIFIED_CATALOGUE_MATCH,0,,0.0,NONE,0,0.0,,0.0,MONITOR,No strong commercial signal yet.,Keep on watchlist; revisit when new procurement demand or catalogue-fit evidence appears.,,
acct_a41fe61a6e9b,United Nations Entity for Gender Equality and the Empowerment of Women,org_313402a6e5b0,Ethiopia; Uganda; Democratic Republic of the Congo,Implementing Partner,Qualify,0.0,MONITOR,0.0,0,0,0,0.00,0.0,NO_VERIFIED_CATALOGUE_MATCH,0,,0.0,NONE,0,0.0,,0.0,MONITOR,No strong commercial signal yet.,Keep on watchlist; revisit when new procurement demand or catalogue-fit evidence appears.,,
acct_c8ce18807148,United Nations Foundation Inc.,org_c76478877539,South Sudan; Kenya; Democratic Republic of the Congo; Tanzania; Ethiopia; Uganda; Somalia,Donor,Prioritise,0.0,MONITOR,0.0,0,0,0,0.00,0.0,NO_VERIFIED_CATALOGUE_MATCH,0,,0.0,NONE,0,0.0,,0.0,MONITOR,No strong commercial signal yet.,Keep on watchlist; revisit when new procurement demand or catalogue-fit evidence appears.,,
acct_96ee89e7c654,United Nations Human Settlement Programme,org_ed0bd9c10f06,Somalia,Implementing Partner,Research,0.0,MONITOR,0.0,0,0,0,0.00,0.0,NO_VERIFIED_CATALOGUE_MATCH,0,,0.0,NONE,0,0.0,,0.0,MONITOR,No strong commercial signal yet.,Keep on watchlist; revisit when new procurement demand or catalogue-fit evidence appears.,,
acct_aa55a5041afc,United Nations Multi-Partner Trust Fund Office (MPTFO),org_ab490ed6ff9a,Tanzania; Rwanda; Uganda; Kenya; Ethiopia,Donor,Prioritise,0.0,MONITOR,0.0,0,0,0,0.00,0.0,NO_VERIFIED_CATALOGUE_MATCH,0,,0.0,NONE,0,0.0,,0.0,MONITOR,No strong commercial signal yet.,Keep on watchlist; revisit when new procurement demand or catalogue-fit evidence appears.,,
acct_97a28832b26e,United Nations Office for Project Services,org_2de0bd70bdce,Kenya; Rwanda; Democratic Republic of the Congo; Tanzania; Ethiopia; South Sudan; MW; ID; TJ; JO; SL; NG; ZW; LR; BR; NP; EG; CH; US,Donor,Prioritise,0.0,MONITOR,0.0,0,0,0,0.00,0.0,NO_VERIFIED_CATALOGUE_MATCH,0,,0.0,NONE,0,0.0,,0.0,MONITOR,No strong commercial signal yet.,Keep on watchlist; revisit when new procurement demand or catalogue-fit evidence appears.,,
acct_f9c0e18a4490,United Nations Population Fund,org_8211c70e26a7,Kenya; BD; JO; Uganda; GB; AF; BE; FJ; ID; LK; IN; ZA; CH; EG; IE; NP; Rwanda; US,Implementing Partner,Qualify,0.0,MONITOR,0.0,0,0,0,0.00,0.0,NO_VERIFIED_CATALOGUE_MATCH,0,,0.0,NONE,0,0.0,,0.0,MONITOR,No strong commercial signal yet.,Keep on watchlist; revisit when new procurement demand or catalogue-fit evidence appears.,,
acct_2c8a35fb23d0,United Nations Population Fund (UNFPA),org_dd01d271b88a,Tanzania; Somalia,Implementing Partner,Research,0.0,MONITOR,0.0,0,0,0,0.00,0.0,NO_VERIFIED_CATALOGUE_MATCH,0,,0.0,NONE,0,0.0,,0.0,MONITOR,No strong commercial signal yet.,Keep on watchlist; revisit when new procurement demand or catalogue-fit evidence appears.,,
acct_9ad4eb0514c0,United Nations University,org_260775a8ea8b,ZW; ZA; NG; BW; Rwanda; GH; Kenya; SL,Implementing Partner,Monitor,0.0,MONITOR,0.0,0,0,0,0.00,0.0,NO_VERIFIED_CATALOGUE_MATCH,0,,0.0,NONE,0,0.0,,0.0,MONITOR,No strong commercial signal yet.,Keep on watchlist; revisit when new procurement demand or catalogue-fit evidence appears.,,
acct_322821fa8154,UNITED NETWORKS FOR HEALTH,org_3f5c8855aa7e,South Sudan,Implementing Partner,Prioritise,0.0,MONITOR,0.0,0,0,0,0.00,0.0,NO_VERIFIED_CATALOGUE_MATCH,0,,0.0,NONE,0,0.0,,0.0,MONITOR,No strong commercial signal yet.,Keep on watchlist; revisit when new procurement demand or catalogue-fit evidence appears.,,
acct_6d959ae9774e,United Republic of Tanzania,org_72eefd18b86c,Tanzania,Donor,Prioritise,0.0,MONITOR,0.0,0,0,0,0.00,0.0,NO_VERIFIED_CATALOGUE_MATCH,0,,0.0,NONE,0,0.0,,0.0,MONITOR,No strong commercial signal yet.,Keep on watchlist; revisit when new procurement demand or catalogue-fit evidence appears.,,
acct_6d959ae9774e,United Republic of Tanzania,org_72eefd18b86c,Tanzania,Donor,Prioritise,0.0,MONITOR,0.0,0,0,0,0.00,0.0,NO_VERIFIED_CATALOGUE_MATCH,0,,0.0,NONE,0,0.0,,0.0,MONITOR,No strong commercial signal yet.,Keep on watchlist; revisit when new procurement demand or catalogue-fit evidence appears.,,
acct_cd26a9aa235d,United States Fund for UNICEF,org_71a798919964,Tanzania; Democratic Republic of the Congo; Uganda; Somalia; Ethiopia; South Sudan; Kenya; Rwanda,Donor,Prioritise,0.0,MONITOR,0.0,0,0,0,0.00,0.0,NO_VERIFIED_CATALOGUE_MATCH,0,,0.0,NONE,0,0.0,,0.0,MONITOR,No strong commercial signal yet.,Keep on watchlist; revisit when new procurement demand or catalogue-fit evidence appears.,,
acct_cd26a9aa235d,United States Fund for UNICEF,org_71a798919964,Kenya; Somalia; BD; ID; Democratic Republic of the Congo; Ethiopia; NG; SN; Tanzania; ZM; Rwanda; CI; SL,Implementing Partner,Prioritise,0.0,MONITOR,0.0,0,0,0,0.00,0.0,NO_VERIFIED_CATALOGUE_MATCH,0,,0.0,NONE,0,0.0,,0.0,MONITOR,No strong commercial signal yet.,Keep on watchlist; revisit when new procurement demand or catalogue-fit evidence appears.,,
acct_090299556d8c,Univeristy of Oxford,org_fff817ae599a,MW; ZA; Tanzania,Donor,Research,0.0,MONITOR,0.0,0,0,0,0.00,0.0,NO_VERIFIED_CATALOGUE_MATCH,0,,0.0,NONE,0,0.0,,0.0,MONITOR,No strong commercial signal yet.,Keep on watchlist; revisit when new procurement demand or catalogue-fit evidence appears.,,
acct_9f74dffe3a22,UNIVERISTY OF RWANDA HOLDINGS GROUP LTD,org_69eef5a47b25,Rwanda,Implementing Partner,Prioritise,0.0,MONITOR,0.0,0,0,0,0.00,0.0,NO_VERIFIED_CATALOGUE_MATCH,0,,0.0,NONE,0,0.0,,0.0,MONITOR,No strong commercial signal yet.,Keep on watchlist; revisit when new procurement demand or catalogue-fit evidence appears.,,
acct_83013cc371d4,Universal Intervention and Development Organisation,org_898e8ad6f8c7,South Sudan,Implementing Partner,Monitor,0.0,MONITOR,0.0,0,0,0,0.00,0.0,NO_VERIFIED_CATALOGUE_MATCH,0,,0.0,NONE,0,0.0,,0.0,MONITOR,No strong commercial signal yet.,Keep on watchlist; revisit when new procurement demand or catalogue-fit evidence appears.,,
acct_c898d87dd5d9,UNIVERSAL INTERVENTION AND DEVELOPMENT ORGANIZATION,org_5b7b19689d1c,South Sudan,Implementing Partner,Prioritise,0.0,MONITOR,0.0,0,0,0,0.00,0.0,NO_VERIFIED_CATALOGUE_MATCH,0,,0.0,NONE,0,0.0,,0.0,MONITOR,No strong commercial signal yet.,Keep on watchlist; revisit when new procurement demand or catalogue-fit evidence appears.,,
acct_902d293ea948,Universal Intervention and Development Organization (UNIDO),org_c91a6cf9e8ed,South Sudan,Implementing Partner,Research,0.0,MONITOR,0.0,0,0,0,0.00,0.0,NO_VERIFIED_CATALOGUE_MATCH,0,,0.0,NONE,0,0.0,,0.0,MONITOR,No strong commercial signal yet.,Keep on watchlist; revisit when new procurement demand or catalogue-fit evidence appears.,,
acct_4959e5241f18,UNIVERSAL NETWORK FOR KNOWLEDGE AND EMPOWERMENT AGENCY,org_06e002c3c4ef,South Sudan,Implementing Partner,Prioritise,0.0,MONITOR,0.0,0,0,0,0.00,0.0,NO_VERIFIED_CATALOGUE_MATCH,0,,0.0,NONE,0,0.0,,0.0,MONITOR,No strong commercial signal yet.,Keep on watchlist; revisit when new procurement demand or catalogue-fit evidence appears.,,
acct_79011dae4360,Universal Progress ILC,org_66982b250ca8,MW; ID; CH; GH; CO; GB; SL; BE; FR; IN; Kenya; MN; US,Implementing Partner,Qualify,0.0,MONITOR,0.0,0,0,0,0.00,0.0,NO_VERIFIED_CATALOGUE_MATCH,0,,0.0,NONE,0,0.0,,0.0,MONITOR,No strong commercial signal yet.,Keep on watchlist; revisit when new procurement demand or catalogue-fit evidence appears.,,
acct_856a00fe7b49,Universidad Agraria de La Habana,org_512009d4a4fa,Democratic Republic of the Congo,Implementing Partner,Qualify,0.0,MONITOR,0.0,0,0,0,0.00,0.0,NO_VERIFIED_CATALOGUE_MATCH,0,,0.0,NONE,0,0.0,,0.0,MONITOR,No strong commercial signal yet.,Keep on watchlist; revisit when new procurement demand or catalogue-fit evidence appears.,,
acct_b2b21d632a60,Universidad de Cuenca,org_17aafcd26f7f,Tanzania,Implementing Partner,Qualify,0.0,MONITOR,0.0,0,0,0,0.00,0.0,NO_VERIFIED_CATALOGUE_MATCH,0,,0.0,NONE,0,0.0,,0.0,MONITOR,No strong commercial signal yet.,Keep on watchlist; revisit when new procurement demand or catalogue-fit evidence appears.,,
acct_fd725a3d0bb4,Universidade de Sao Paulo,org_69d94162db3c,Kenya; BD; JO; Uganda; GB; AF; BE; FJ; ID; LK; IN; ZA; CH; SL; NP; GH; BR,Implementing Partner,Qualify,0.0,MONITOR,0.0,0,0,0,0.00,0.0,NO_VERIFIED_CATALOGUE_MATCH,0,,0.0,NONE,0,0.0,,0.0,MONITOR,No strong commercial signal yet.,Keep on watchlist; revisit when new procurement demand or catalogue-fit evidence appears.,,
acct_f2397defae86,Université Catholique de Bukavu,org_9aa1c3d2ada5,Democratic Republic of the Congo,Implementing Partner,Qualify,0.0,MONITOR,0.0,0,0,0,0.00,0.0,NO_VERIFIED_CATALOGUE_MATCH,0,,0.0,NONE,0,0.0,,0.0,MONITOR,No strong commercial signal yet.,Keep on watchlist; revisit when new procurement demand or catalogue-fit evidence appears.,,
acct_ad06e60df32e,Université Catholique du Congo,org_077a211a04e9,Democratic Republic of the Congo,Implementing Partner,Qualify,0.0,MONITOR,0.0,0,0,0,0.00,0.0,NO_VERIFIED_CATALOGUE_MATCH,0,,0.0,NONE,0,0.0,,0.0,MONITOR,No strong commercial signal yet.,Keep on watchlist; revisit when new procurement demand or catalogue-fit evidence appears.,,
acct_3b7c372385fa,Université de Kamina,org_fa7446c88eed,Democratic Republic of the Congo,Implementing Partner,Qualify,0.0,MONITOR,0.0,0,0,0,0.00,0.0,NO_VERIFIED_CATALOGUE_MATCH,0,,0.0,NONE,0,0.0,,0.0,MONITOR,No strong commercial signal yet.,Keep on watchlist; revisit when new procurement demand or catalogue-fit evidence appears.,,
acct_41e453cd8e96,Université de Kindu,org_12de7b07f859,Democratic Republic of the Congo,Implementing Partner,Qualify,0.0,MONITOR,0.0,0,0,0,0.00,0.0,NO_VERIFIED_CATALOGUE_MATCH,0,,0.0,NONE,0,0.0,,0.0,MONITOR,No strong commercial signal yet.,Keep on watchlist; revisit when new procurement demand or catalogue-fit evidence appears.,,
acct_69b194da888d,Université de Kinshasa,org_c728bf9d8e57,Democratic Republic of the Congo,Implementing Partner,Qualify,0.0,MONITOR,0.0,0,0,0,0.00,0.0,NO_VERIFIED_CATALOGUE_MATCH,0,,0.0,NONE,0,0.0,,0.0,MONITOR,No strong commercial signal yet.,Keep on watchlist; revisit when new procurement demand or catalogue-fit evidence appears.,,
acct_6f1f57a84a06,Université de Kisangani,org_2889eb192bf7,Democratic Republic of the Congo,Implementing Partner,Qualify,0.0,MONITOR,0.0,0,0,0,0.00,0.0,NO_VERIFIED_CATALOGUE_MATCH,0,,0.0,NONE,0,0.0,,0.0,MONITOR,No strong commercial signal yet.,Keep on watchlist; revisit when new procurement demand or catalogue-fit evidence appears.,,
acct_8c9a001af41b,Université de Liège,org_5792a113e20a,Democratic Republic of the Congo,Implementing Partner,Qualify,0.0,MONITOR,0.0,0,0,0,0.00,0.0,NO_VERIFIED_CATALOGUE_MATCH,0,,0.0,NONE,0,0.0,,0.0,MONITOR,No strong commercial signal yet.,Keep on watchlist; revisit when new procurement demand or catalogue-fit evidence appears.,,
acct_da0481eb6f2e,Université de Lubumbashi,org_5183e13802bd,Democratic Republic of the Congo,Implementing Partner,Qualify,0.0,MONITOR,0.0,0,0,0,0.00,0.0,NO_VERIFIED_CATALOGUE_MATCH,0,,0.0,NONE,0,0.0,,0.0,MONITOR,No strong commercial signal yet.,Keep on watchlist; revisit when new procurement demand or catalogue-fit evidence appears.,,
acct_7be41858c057,Université de Mons,org_4846b029f220,Democratic Republic of the Congo,Implementing Partner,Qualify,0.0,MONITOR,0.0,0,0,0,0.00,0.0,NO_VERIFIED_CATALOGUE_MATCH,0,,0.0,NONE,0,0.0,,0.0,MONITOR,No strong commercial signal yet.,Keep on watchlist; revisit when new procurement demand or catalogue-fit evidence appears.,,
acct_94e55d61e76d,UNIVERSITÀ DEGLI STUDI DI PALERMO,org_0831c5e2d087,Somalia,Implementing Partner,Research,0.0,MONITOR,0.0,0,0,0,0.00,0.0,NO_VERIFIED_CATALOGUE_MATCH,0,,0.0,NONE,0,0.0,,0.0,MONITOR,No strong commercial signal yet.,Keep on watchlist; revisit when new procurement demand or catalogue-fit evidence appears.,,
acct_41bae475d442,UNIVERSITÀ DEGLI STUDI DI PISA,org_68063c798ea1,South Sudan,Implementing Partner,Qualify,0.0,MONITOR,0.0,0,0,0,0.00,0.0,NO_VERIFIED_CATALOGUE_MATCH,0,,0.0,NONE,0,0.0,,0.0,MONITOR,No strong commercial signal yet.,Keep on watchlist; revisit when new procurement demand or catalogue-fit evidence appears.,,
acct_71fd00d63538,UNIVERSITÀ DEGLI STUDI MILANO-BICOCCA EPE,org_e4832a1557f2,Uganda,Implementing Partner,Prioritise,0.0,MONITOR,0.0,0,0,0,0.00,0.0,NO_VERIFIED_CATALOGUE_MATCH,0,,0.0,NONE,0,0.0,,0.0,MONITOR,No strong commercial signal yet.,Keep on watchlist; revisit when new procurement demand or catalogue-fit evidence appears.,,
acct_ea3dac228079,"Université, institut d'education et autre institution d'enseignement, institut de recherche ou groupe de réflexion",org_7eecdb46db9c,Uganda; ZA; Kenya; NG; Rwanda; Tanzania; Ethiopia; DJ; SD; Democratic Republic of the Congo; MZ; GM; ZM; BJ; GH; BI; CM; CI; ML; SN; South Sudan; MW; BF; NE; SL; TG; ZW; CF; TN; BW,Implementing Partner,Prioritise,0.0,MONITOR,0.0,0,0,0,0.00,0.0,NO_VERIFIED_CATALOGUE_MATCH,0,,0.0,NONE,0,0.0,,0.0,MONITOR,No strong commercial signal yet.,Keep on watchlist; revisit when new procurement demand or catalogue-fit evidence appears.,,
acct_4d1f194b6cb6,Université Pédagogique Nationale,org_c49d9531bbaa,Democratic Republic of the Congo,Implementing Partner,Qualify,0.0,MONITOR,0.0,0,0,0,0.00,0.0,NO_VERIFIED_CATALOGUE_MATCH,0,,0.0,NONE,0,0.0,,0.0,MONITOR,No strong commercial signal yet.,Keep on watchlist; revisit when new procurement demand or catalogue-fit evidence appears.,,
acct_ce5b4718984b,UNIVERSITA DELLA SVIZZERA ITALIANA,org_777b547ddd26,Ethiopia,Implementing Partner,Prioritise,0.0,MONITOR,0.0,0,0,0,0.00,0.0,NO_VERIFIED_CATALOGUE_MATCH,0,,0.0,NONE,0,0.0,,0.0,MONITOR,No strong commercial signal yet.,Keep on watchlist; revisit when new procurement demand or catalogue-fit evidence appears.,,
acct_ff9feaebe3ff,Universitas Indonesia - University of Indonesia,org_e23a711559d8,BD; GH; ID; Kenya; MR; NP; LK; Tanzania; TH; Uganda,Implementing Partner,Monitor,0.0,MONITOR,0.0,0,0,0,0.00,0.0,NO_VERIFIED_CATALOGUE_MATCH,0,,0.0,NONE,0,0.0,,0.0,MONITOR,No strong commercial signal yet.,Keep on watchlist; revisit when new procurement demand or catalogue-fit evidence appears.,,
acct_6b699cfa3509,UniversitiesUK International,org_ab18b87ab005,Somalia,Donor,Qualify,0.0,MONITOR,0.0,0,0,0,0.00,0.0,NO_VERIFIED_CATALOGUE_MATCH,0,,0.0,NONE,0,0.0,,0.0,MONITOR,No strong commercial signal yet.,Keep on watchlist; revisit when new procurement demand or catalogue-fit evidence appears.,,
acct_5f19791a0373,University,org_1c680f5552cf,GB; Uganda; CM; ZA; MW; NG; Kenya; US,Implementing Partner,Prioritise,0.0,MONITOR,0.0,0,0,0,0.00,0.0,NO_VERIFIED_CATALOGUE_MATCH,0,,0.0,NONE,0,0.0,,0.0,MONITOR,No strong commercial signal yet.,Keep on watchlist; revisit when new procurement demand or catalogue-fit evidence appears.,,
acct_c48d3a4472e3,University College Ghent,org_d5fadba083de,Uganda; Rwanda,Implementing Partner,Qualify,0.0,MONITOR,0.0,0,0,0,0.00,0.0,NO_VERIFIED_CATALOGUE_MATCH,0,,0.0,NONE,0,0.0,,0.0,MONITOR,No strong commercial signal yet.,Keep on watchlist; revisit when new procurement demand or catalogue-fit evidence appears.,,
acct_088fed70d4e5,University College Leuven,org_70083d07526d,Rwanda,Implementing Partner,Qualify,0.0,MONITOR,0.0,0,0,0,0.00,0.0,NO_VERIFIED_CATALOGUE_MATCH,0,,0.0,NONE,0,0.0,,0.0,MONITOR,No strong commercial signal yet.,Keep on watchlist; revisit when new procurement demand or catalogue-fit evidence appears.,,
acct_d82835bdc3ba,University College Limburg,org_cc1d1db06699,Tanzania; Rwanda,Implementing Partner,Qualify,0.0,MONITOR,0.0,0,0,0,0.00,0.0,NO_VERIFIED_CATALOGUE_MATCH,0,,0.0,NONE,0,0.0,,0.0,MONITOR,No strong commercial signal yet.,Keep on watchlist; revisit when new procurement demand or catalogue-fit evidence appears.,,
acct_203a71a8cdec,University College London,org_0b8166f09a3b,Kenya,Accountable Agency,Prioritise,0.0,MONITOR,0.0,0,0,0,0.00,0.0,NO_VERIFIED_CATALOGUE_MATCH,0,,0.0,NONE,0,0.0,,0.0,MONITOR,No strong commercial signal yet.,Keep on watchlist; revisit when new procurement demand or catalogue-fit evidence appears.,,
acct_203a71a8cdec,University College London,org_0b8166f09a3b,Kenya; BD; JO; Uganda; GB; AF; BE; FJ; ID; LK; IN; ZA; CH; MW; GH; CI; NG; CO; SL; FR; MN; US; NP; BR; Tanzania; TJ; Rwanda; ZW; LR; EG,Implementing Partner,Qualify,0.0,MONITOR,0.0,0,0,0,0.00,0.0,NO_VERIFIED_CATALOGUE_MATCH,0,,0.0,NONE,0,0.0,,0.0,MONITOR,No strong commercial signal yet.,Keep on watchlist; revisit when new procurement demand or catalogue-fit evidence appears.,,
acct_b1bfa70b827f,University College of West Flanders,org_3637a8ce4e07,Uganda,Implementing Partner,Qualify,0.0,MONITOR,0.0,0,0,0,0.00,0.0,NO_VERIFIED_CATALOGUE_MATCH,0,,0.0,NONE,0,0.0,,0.0,MONITOR,No strong commercial signal yet.,Keep on watchlist; revisit when new procurement demand or catalogue-fit evidence appears.,,
acct_f0c7771224f9,University of Antwerp,org_1c86febf5b04,Democratic Republic of the Congo; Tanzania; Kenya; Uganda; Ethiopia,Implementing Partner,Qualify,0.0,MONITOR,0.0,0,0,0,0.00,0.0,NO_VERIFIED_CATALOGUE_MATCH,0,,0.0,NONE,0,0.0,,0.0,MONITOR,No strong commercial signal yet.,Keep on watchlist; revisit when new procurement demand or catalogue-fit evidence appears.,,
acct_9dcf0ed409e8,University of Birmingham,org_12729e2ab71c,Democratic Republic of the Congo; NG; Kenya; GB; US; Rwanda; KH; Somalia; ZA; VN; ZW; IN; GH; SY; TL; IQ; EG; YE; TH; MW; MY; PH; PK; JO; BD; Ethiopia; MM; South Sudan; ID; NP; TN; Tanzania,Implementing Partner,Prioritise,0.0,MONITOR,0.0,0,0,0,0.00,0.0,NO_VERIFIED_CATALOGUE_MATCH,0,,0.0,NONE,0,0.0,,0.0,MONITOR,No strong commercial signal yet.,Keep on watchlist; revisit when new procurement demand or catalogue-fit evidence appears.,,
acct_9dcf0ed409e8,UNIVERSITY OF BIRMINGHAM,org_12729e2ab71c,Kenya; KH; NG; Somalia; ZA; VN; ZW; IN; Rwanda; GH; SY; TL; IQ; EG; YE; TH; MW; MY; PH; PK; JO; BD; Ethiopia; MM; South Sudan; Democratic Republic of the Congo; ID; NP; TN; Tanzania,Implementing Partner,Qualify,0.0,MONITOR,0.0,0,0,0,0.00,0.0,NO_VERIFIED_CATALOGUE_MATCH,0,,0.0,NONE,0,0.0,,0.0,MONITOR,No strong commercial signal yet.,Keep on watchlist; revisit when new procurement demand or catalogue-fit evidence appears.,,
acct_6f69cb58e4e5,University of Bristol,org_fa1512cb90aa,MW; ZA; Tanzania,Implementing Partner,Research,0.0,MONITOR,0.0,0,0,0,0.00,0.0,NO_VERIFIED_CATALOGUE_MATCH,0,,0.0,NONE,0,0.0,,0.0,MONITOR,No strong commercial signal yet.,Keep on watchlist; revisit when new procurement demand or catalogue-fit evidence appears.,,
acct_6f69cb58e4e5,University of Bristol,org_fa1512cb90aa,MW; ZA; Tanzania; GB,Implementing Partner,Monitor,0.0,MONITOR,0.0,0,0,0,0.00,0.0,NO_VERIFIED_CATALOGUE_MATCH,0,,0.0,NONE,0,0.0,,0.0,MONITOR,No strong commercial signal yet.,Keep on watchlist; revisit when new procurement demand or catalogue-fit evidence appears.,,
acct_4a6613767d3c,"University of California, Los Angeles",org_9ed5deed5f74,Democratic Republic of the Congo,Implementing Partner,Prioritise,0.0,MONITOR,0.0,0,0,0,0.00,0.0,NO_VERIFIED_CATALOGUE_MATCH,0,,0.0,NONE,0,0.0,,0.0,MONITOR,No strong commercial signal yet.,Keep on watchlist; revisit when new procurement demand or catalogue-fit evidence appears.,,
acct_453f07b7d295,University of California San Diego,org_e83fca4f6bc3,Uganda; IN,Implementing Partner,Prioritise,0.0,MONITOR,0.0,0,0,0,0.00,0.0,NO_VERIFIED_CATALOGUE_MATCH,0,,0.0,NONE,0,0.0,,0.0,MONITOR,No strong commercial signal yet.,Keep on watchlist; revisit when new procurement demand or catalogue-fit evidence appears.,,
acct_4921c9aca785,University of California San Francisco,org_fd74b04cc1a8,Uganda; Democratic Republic of the Congo; GH; MZ; NG,Implementing Partner,Prioritise,0.0,MONITOR,0.0,0,0,0,0.00,0.0,NO_VERIFIED_CATALOGUE_MATCH,0,,0.0,NONE,0,0.0,,0.0,MONITOR,No strong commercial signal yet.,Keep on watchlist; revisit when new procurement demand or catalogue-fit evidence appears.,,
acct_4efef78c5a19,University of Cambrige,org_56eb25ccb699,GB; Uganda; Kenya,Implementing Partner,Monitor,0.0,MONITOR,0.0,0,0,0,0.00,0.0,NO_VERIFIED_CATALOGUE_MATCH,0,,0.0,NONE,0,0.0,,0.0,MONITOR,No strong commercial signal yet.,Keep on watchlist; revisit when new procurement demand or catalogue-fit evidence appears.,,
acct_64b8b9a9262d,University of Cape Coast,org_4967f3bb8799,BD; GH; KI; SL; Tanzania,Implementing Partner,Research,0.0,MONITOR,0.0,0,0,0,0.00,0.0,NO_VERIFIED_CATALOGUE_MATCH,0,,0.0,NONE,0,0.0,,0.0,MONITOR,No strong commercial signal yet.,Keep on watchlist; revisit when new procurement demand or catalogue-fit evidence appears.,,
acct_64ff55142902,University of Cape Town,org_95df6801612d,GB; Uganda; CM; ZA; MW; Kenya; KH; NG; Somalia; VN; ZW; IN; Rwanda; GH; SY; TL; IQ; EG; YE; TH; MY; PH; PK; JO; BD; Ethiopia; MM; South Sudan; Democratic Republic of the Congo; ID; NP; TN; Tanzania,Implementing Partner,Prioritise,0.0,MONITOR,0.0,0,0,0,0.00,0.0,NO_VERIFIED_CATALOGUE_MATCH,0,,0.0,NONE,0,0.0,,0.0,MONITOR,No strong commercial signal yet.,Keep on watchlist; revisit when new procurement demand or catalogue-fit evidence appears.,,
acct_64ff55142902,University of Cape Town,org_95df6801612d,BW; Democratic Republic of the Congo; GN; MW; MZ; ZA; VN; BJ; Kenya; LS; NA; NG; Uganda; ZM; Tanzania,Implementing Partner,Qualify,0.0,MONITOR,0.0,0,0,0,0.00,0.0,NO_VERIFIED_CATALOGUE_MATCH,0,,0.0,NONE,0,0.0,,0.0,MONITOR,No strong commercial signal yet.,Keep on watchlist; revisit when new procurement demand or catalogue-fit evidence appears.,,
acct_64ff55142902,University of Cape Town,org_95df6801612d,ZA; BJ; BW; Kenya; LS; MW; NA; NG; Uganda; ZM; Tanzania,Accountable Agency,Research,0.0,MONITOR,0.0,0,0,0,0.00,0.0,NO_VERIFIED_CATALOGUE_MATCH,0,,0.0,NONE,0,0.0,,0.0,MONITOR,No strong commercial signal yet.,Keep on watchlist; revisit when new procurement demand or catalogue-fit evidence appears.,,
acct_f90cc0ed4f30,"University of Cape Town, South Africa",org_57c02a4b6d30,CM; Ethiopia; GH; Kenya; MW; NG; ZA; SD; Tanzania; Uganda; NZ; GB,Implementing Partner,Qualify,0.0,MONITOR,0.0,0,0,0,0.00,0.0,NO_VERIFIED_CATALOGUE_MATCH,0,,0.0,NONE,0,0.0,,0.0,MONITOR,No strong commercial signal yet.,Keep on watchlist; revisit when new procurement demand or catalogue-fit evidence appears.,,
acct_8dea3020fdd2,University of Dar es Salaam,org_2767d466d1c5,Tanzania,Implementing Partner,Qualify,0.0,MONITOR,0.0,0,0,0,0.00,0.0,NO_VERIFIED_CATALOGUE_MATCH,0,,0.0,NONE,0,0.0,,0.0,MONITOR,No strong commercial signal yet.,Keep on watchlist; revisit when new procurement demand or catalogue-fit evidence appears.,,
acct_8dea3020fdd2,University of Dar es Salaam,org_2767d466d1c5,Kenya; Rwanda; Uganda; Tanzania; CM; GB,Implementing Partner,Qualify,0.0,MONITOR,0.0,0,0,0,0.00,0.0,NO_VERIFIED_CATALOGUE_MATCH,0,,0.0,NONE,0,0.0,,0.0,MONITOR,No strong commercial signal yet.,Keep on watchlist; revisit when new procurement demand or catalogue-fit evidence appears.,,
acct_6e557a7df468,University of Dodoma,org_0438a1cdc5f3,Tanzania,Implementing Partner,Qualify,0.0,MONITOR,0.0,0,0,0,0.00,0.0,NO_VERIFIED_CATALOGUE_MATCH,0,,0.0,NONE,0,0.0,,0.0,MONITOR,No strong commercial signal yet.,Keep on watchlist; revisit when new procurement demand or catalogue-fit evidence appears.,,
acct_445bd8177330,University of Dundee,org_fb85a1d9d4df,Ethiopia,Implementing Partner,Qualify,0.0,MONITOR,0.0,0,0,0,0.00,0.0,NO_VERIFIED_CATALOGUE_MATCH,0,,0.0,NONE,0,0.0,,0.0,MONITOR,No strong commercial signal yet.,Keep on watchlist; revisit when new procurement demand or catalogue-fit evidence appears.,,
acct_ee8781e953a6,University Of Durham,org_4647b7ea8893,Kenya; BD; ID; Somalia; KH; ZA; Uganda; MY; NP; ZM; VN; Rwanda,Implementing Partner,Monitor,0.0,MONITOR,0.0,0,0,0,0.00,0.0,NO_VERIFIED_CATALOGUE_MATCH,0,,0.0,NONE,0,0.0,,0.0,MONITOR,No strong commercial signal yet.,Keep on watchlist; revisit when new procurement demand or catalogue-fit evidence appears.,,
acct_4b04962f31e5,University of Edinburgh,org_3b8bb9bc1159,NG; Kenya; GB; US; BD; GH; KH; ZA; Ethiopia; MW; SN; Uganda; IN; ZW; PE; TH; SY; MM; AR; VN; ZM; BR; LA; PK; Rwanda; Democratic Republic of the Congo; CM; CI,Implementing Partner,Qualify,0.0,MONITOR,0.0,0,0,0,0.00,0.0,NO_VERIFIED_CATALOGUE_MATCH,0,,0.0,NONE,0,0.0,,0.0,MONITOR,No strong commercial signal yet.,Keep on watchlist; revisit when new procurement demand or catalogue-fit evidence appears.,,
acct_20116d9f8910,University of Eldoret,org_8a1a1c87607a,Kenya,Implementing Partner,Qualify,0.0,MONITOR,0.0,0,0,0,0.00,0.0,NO_VERIFIED_CATALOGUE_MATCH,0,,0.0,NONE,0,0.0,,0.0,MONITOR,No strong commercial signal yet.,Keep on watchlist; revisit when new procurement demand or catalogue-fit evidence appears.,,
acct_db152b9ea58b,University of Embu,org_455f68448283,Kenya,Implementing Partner,Qualify,0.0,MONITOR,0.0,0,0,0,0.00,0.0,NO_VERIFIED_CATALOGUE_MATCH,0,,0.0,NONE,0,0.0,,0.0,MONITOR,No strong commercial signal yet.,Keep on watchlist; revisit when new procurement demand or catalogue-fit evidence appears.,,
acct_b66cf3a309d6,University of Geneva,org_1c4ab910232c,Ethiopia; Somalia; Democratic Republic of the Congo,Implementing Partner,Prioritise,0.0,MONITOR,0.0,0,0,0,0.00,0.0,NO_VERIFIED_CATALOGUE_MATCH,0,,0.0,NONE,0,0.0,,0.0,MONITOR,No strong commercial signal yet.,Keep on watchlist; revisit when new procurement demand or catalogue-fit evidence appears.,,
acct_faf173813116,University of Ghana,org_2706368475cd,GM; GH; BF; Kenya; SD; ZM,Implementing Partner,Prioritise,0.0,MONITOR,0.0,0,0,0,0.00,0.0,NO_VERIFIED_CATALOGUE_MATCH,0,,0.0,NONE,0,0.0,,0.0,MONITOR,No strong commercial signal yet.,Keep on watchlist; revisit when new procurement demand or catalogue-fit evidence appears.,,
acct_0121cfc5b6cc,University of Glasgow,org_aade22f8ac33,GB; Uganda; CM; ZA; MW,Implementing Partner,Prioritise,0.0,MONITOR,0.0,0,0,0,0.00,0.0,NO_VERIFIED_CATALOGUE_MATCH,0,,0.0,NONE,0,0.0,,0.0,MONITOR,No strong commercial signal yet.,Keep on watchlist; revisit when new procurement demand or catalogue-fit evidence appears.,,
acct_0121cfc5b6cc,UNIVERSITY OF GLASGOW,org_aade22f8ac33,Uganda; Tanzania,Implementing Partner,Prioritise,0.0,MONITOR,0.0,0,0,0,0.00,0.0,NO_VERIFIED_CATALOGUE_MATCH,0,,0.0,NONE,0,0.0,,0.0,MONITOR,No strong commercial signal yet.,Keep on watchlist; revisit when new procurement demand or catalogue-fit evidence appears.,,
acct_0121cfc5b6cc,University of Glasgow,org_aade22f8ac33,GB; Uganda; Kenya; NG; IN,Implementing Partner,Prioritise,0.0,MONITOR,0.0,0,0,0,0.00,0.0,NO_VERIFIED_CATALOGUE_MATCH,0,,0.0,NONE,0,0.0,,0.0,MONITOR,No strong commercial signal yet.,Keep on watchlist; revisit when new procurement demand or catalogue-fit evidence appears.,,
acct_dfd3cbdcc2ba,University of Global Health Equity,org_7d1107839f87,GB; LK; LB; Rwanda,Implementing Partner,Qualify,0.0,MONITOR,0.0,0,0,0,0.00,0.0,NO_VERIFIED_CATALOGUE_MATCH,0,,0.0,NONE,0,0.0,,0.0,MONITOR,No strong commercial signal yet.,Keep on watchlist; revisit when new procurement demand or catalogue-fit evidence appears.,,
acct_64221f1eab13,University of Gondar,org_023c7258dc2e,Ethiopia,Implementing Partner,Prioritise,0.0,MONITOR,0.0,0,0,0,0.00,0.0,NO_VERIFIED_CATALOGUE_MATCH,0,,0.0,NONE,0,0.0,,0.0,MONITOR,No strong commercial signal yet.,Keep on watchlist; revisit when new procurement demand or catalogue-fit evidence appears.,,
acct_64221f1eab13,University of Gondar,org_023c7258dc2e,Ethiopia,Implementing Partner,Research,0.0,MONITOR,0.0,0,0,0,0.00,0.0,NO_VERIFIED_CATALOGUE_MATCH,0,,0.0,NONE,0,0.0,,0.0,MONITOR,No strong commercial signal yet.,Keep on watchlist; revisit when new procurement demand or catalogue-fit evidence appears.,,
acct_5d31667baecc,University of Ibadan,org_82cb296b16ca,NG; Kenya; GB; US,Implementing Partner,Prioritise,0.0,MONITOR,0.0,0,0,0,0.00,0.0,NO_VERIFIED_CATALOGUE_MATCH,0,,0.0,NONE,0,0.0,,0.0,MONITOR,No strong commercial signal yet.,Keep on watchlist; revisit when new procurement demand or catalogue-fit evidence appears.,,
acct_cc3ec805284e,"University of Ibadan, Nigeria",org_3238168d700b,CM; Ethiopia; GH; Kenya; MW; NG; ZA; SD; Tanzania; Uganda; NZ; GB,Implementing Partner,Qualify,0.0,MONITOR,0.0,0,0,0,0.00,0.0,NO_VERIFIED_CATALOGUE_MATCH,0,,0.0,NONE,0,0.0,,0.0,MONITOR,No strong commercial signal yet.,Keep on watchlist; revisit when new procurement demand or catalogue-fit evidence appears.,,
acct_8f78cd2cc553,University of Khartoum,org_6a6df2c66a09,GM; GH; BF; Kenya; SD; ZM,Implementing Partner,Prioritise,0.0,MONITOR,0.0,0,0,0,0.00,0.0,NO_VERIFIED_CATALOGUE_MATCH,0,,0.0,NONE,0,0.0,,0.0,MONITOR,No strong commercial signal yet.,Keep on watchlist; revisit when new procurement demand or catalogue-fit evidence appears.,,
acct_8134d4362ae5,University of Lagos (UoL),org_2702c35e0aa4,GB; NG; CM; Kenya; CI; ZA,Implementing Partner,Monitor,0.0,MONITOR,0.0,0,0,0,0.00,0.0,NO_VERIFIED_CATALOGUE_MATCH,0,,0.0,NONE,0,0.0,,0.0,MONITOR,No strong commercial signal yet.,Keep on watchlist; revisit when new procurement demand or catalogue-fit evidence appears.,,
acct_78609b6ff319,University Of Liverpool,org_08f813d6ad5f,Uganda; Kenya; Ethiopia; GB; Rwanda; Tanzania; CM; MW; ZA,Implementing Partner,Qualify,0.0,MONITOR,0.0,0,0,0,0.00,0.0,NO_VERIFIED_CATALOGUE_MATCH,0,,0.0,NONE,0,0.0,,0.0,MONITOR,No strong commercial signal yet.,Keep on watchlist; revisit when new procurement demand or catalogue-fit evidence appears.,,
acct_78609b6ff319,University of Liverpool,org_08f813d6ad5f,MW; ZA; Tanzania,Implementing Partner,Research,0.0,MONITOR,0.0,0,0,0,0.00,0.0,NO_VERIFIED_CATALOGUE_MATCH,0,,0.0,NONE,0,0.0,,0.0,MONITOR,No strong commercial signal yet.,Keep on watchlist; revisit when new procurement demand or catalogue-fit evidence appears.,,
acct_0997437490ad,University of Makeni,org_d8f0978af4ae,BD; GH; KI; SL; Tanzania,Implementing Partner,Research,0.0,MONITOR,0.0,0,0,0,0.00,0.0,NO_VERIFIED_CATALOGUE_MATCH,0,,0.0,NONE,0,0.0,,0.0,MONITOR,No strong commercial signal yet.,Keep on watchlist; revisit when new procurement demand or catalogue-fit evidence appears.,,
acct_75735a8ca6c7,University of Malawi,org_c40f45e7f6f4,MW; ID; CH; GH; CO; GB; SL; BE; FR; IN; Kenya; MN; US,Implementing Partner,Qualify,0.0,MONITOR,0.0,0,0,0,0.00,0.0,NO_VERIFIED_CATALOGUE_MATCH,0,,0.0,NONE,0,0.0,,0.0,MONITOR,No strong commercial signal yet.,Keep on watchlist; revisit when new procurement demand or catalogue-fit evidence appears.,,
acct_954e1861c45f,University of Manchester,org_81ef6f2ff83a,BD; GH; KH; ZA; Ethiopia; MW; SN; Uganda; IN; ZW; PE; TH; SY; MM; AR; VN; ZM; BR; LA; PK; Rwanda; Democratic Republic of the Congo; Kenya,Implementing Partner,Qualify,0.0,MONITOR,0.0,0,0,0,0.00,0.0,NO_VERIFIED_CATALOGUE_MATCH,0,,0.0,NONE,0,0.0,,0.0,MONITOR,No strong commercial signal yet.,Keep on watchlist; revisit when new procurement demand or catalogue-fit evidence appears.,,
acct_5ed7f042b097,University of Manitoba,org_8aaba877e0e0,Kenya; NG,Implementing Partner,Prioritise,0.0,MONITOR,0.0,0,0,0,0.00,0.0,NO_VERIFIED_CATALOGUE_MATCH,0,,0.0,NONE,0,0.0,,0.0,MONITOR,No strong commercial signal yet.,Keep on watchlist; revisit when new procurement demand or catalogue-fit evidence appears.,,
acct_325273ab457b,"University of Maryland, Baltimore",org_97fd3e0570c8,Democratic Republic of the Congo; GH; Kenya; MG; MW; NE; BF; ZM; NP; PK; BD,Implementing Partner,Prioritise,0.0,MONITOR,0.0,0,0,0,0.00,0.0,NO_VERIFIED_CATALOGUE_MATCH,0,,0.0,NONE,0,0.0,,0.0,MONITOR,No strong commercial signal yet.,Keep on watchlist; revisit when new procurement demand or catalogue-fit evidence appears.,,
acct_7a9cb52d8685,University of Moratuwa,org_37e976211d3b,GB; LK; LB; Rwanda,Implementing Partner,Qualify,0.0,MONITOR,0.0,0,0,0,0.00,0.0,NO_VERIFIED_CATALOGUE_MATCH,0,,0.0,NONE,0,0.0,,0.0,MONITOR,No strong commercial signal yet.,Keep on watchlist; revisit when new procurement demand or catalogue-fit evidence appears.,,
acct_089601fcd974,University of Nairobi,org_06db9e65ea8c,Kenya; BD; JO; Uganda; GB; AF; BE; FJ; ID; LK; IN; ZA; CH; GM; GH; BF; SD; ZM; SL; NP; BR,Implementing Partner,Qualify,0.0,MONITOR,0.0,0,0,0,0.00,0.0,NO_VERIFIED_CATALOGUE_MATCH,0,,0.0,NONE,0,0.0,,0.0,MONITOR,No strong commercial signal yet.,Keep on watchlist; revisit when new procurement demand or catalogue-fit evidence appears.,,
acct_98900eaccc90,University of North Carolina at Chapel Hill,org_7d60a7d47348,Democratic Republic of the Congo,Implementing Partner,Prioritise,0.0,MONITOR,0.0,0,0,0,0.00,0.0,NO_VERIFIED_CATALOGUE_MATCH,0,,0.0,NONE,0,0.0,,0.0,MONITOR,No strong commercial signal yet.,Keep on watchlist; revisit when new procurement demand or catalogue-fit evidence appears.,,
acct_38b326bf4e47,UNIVERSITY OF NOTTINGHAM,org_28df713898ee,Kenya,Implementing Partner,Prioritise,0.0,MONITOR,0.0,0,0,0,0.00,0.0,NO_VERIFIED_CATALOGUE_MATCH,0,,0.0,NONE,0,0.0,,0.0,MONITOR,No strong commercial signal yet.,Keep on watchlist; revisit when new procurement demand or catalogue-fit evidence appears.,,
acct_38b326bf4e47,UNIVERSITY OF NOTTINGHAM,org_28df713898ee,Kenya; BD; ID; Somalia; KH; ZA; Uganda; MY; NP; ZM; VN; Rwanda,Implementing Partner,Monitor,0.0,MONITOR,0.0,0,0,0,0.00,0.0,NO_VERIFIED_CATALOGUE_MATCH,0,,0.0,NONE,0,0.0,,0.0,MONITOR,No strong commercial signal yet.,Keep on watchlist; revisit when new procurement demand or catalogue-fit evidence appears.,,
acct_fafa41494343,University of Ottawa,org_12f5f9a7ed74,Democratic Republic of the Congo; GN,Implementing Partner,Research,0.0,MONITOR,0.0,0,0,0,0.00,0.0,NO_VERIFIED_CATALOGUE_MATCH,0,,0.0,NONE,0,0.0,,0.0,MONITOR,No strong commercial signal yet.,Keep on watchlist; revisit when new procurement demand or catalogue-fit evidence appears.,,
acct_2db276a22177,UNIVERSITY OF OXFORD,org_4834510cf00d,Kenya; KH; NG; Somalia; ZA; VN; ZW; IN; Rwanda; GH; SY; TL; IQ; EG; YE; TH; MW; MY; PH; PK; JO; BD; Ethiopia; MM; South Sudan; Democratic Republic of the Congo; ID; NP; TN; Tanzania,Implementing Partner,Research,0.0,MONITOR,0.0,0,0,0,0.00,0.0,NO_VERIFIED_CATALOGUE_MATCH,0,,0.0,NONE,0,0.0,,0.0,MONITOR,No strong commercial signal yet.,Keep on watchlist; revisit when new procurement demand or catalogue-fit evidence appears.,,
acct_2db276a22177,University of Oxford,org_4834510cf00d,Kenya; KH; NG; Somalia; ZA; VN; ZW; IN; Rwanda; GH; SY; TL; IQ; EG; YE; TH; MW; MY; PH; PK; JO; BD; Ethiopia; MM; South Sudan; Democratic Republic of the Congo; ID; NP; TN; Tanzania,Implementing Partner,Research,0.0,MONITOR,0.0,0,0,0,0.00,0.0,NO_VERIFIED_CATALOGUE_MATCH,0,,0.0,NONE,0,0.0,,0.0,MONITOR,No strong commercial signal yet.,Keep on watchlist; revisit when new procurement demand or catalogue-fit evidence appears.,,
acct_dff32b74e7e7,University of Oxford - Wolfson College,org_e660f631770e,Kenya,Donor,Monitor,0.0,MONITOR,0.0,0,0,0,0.00,0.0,NO_VERIFIED_CATALOGUE_MATCH,0,,0.0,NONE,0,0.0,,0.0,MONITOR,No strong commercial signal yet.,Keep on watchlist; revisit when new procurement demand or catalogue-fit evidence appears.,,
acct_a82b4284c8ee,University of Pretoria,org_03f496019ac8,Kenya; GB; Uganda; ZA,Implementing Partner,Prioritise,0.0,MONITOR,0.0,0,0,0,0.00,0.0,NO_VERIFIED_CATALOGUE_MATCH,0,,0.0,NONE,0,0.0,,0.0,MONITOR,No strong commercial signal yet.,Keep on watchlist; revisit when new procurement demand or catalogue-fit evidence appears.,,
acct_589afe63ebd0,University of Rwanda,org_f5adfc903c14,GB; LK; LB; Rwanda,Implementing Partner,Qualify,0.0,MONITOR,0.0,0,0,0,0.00,0.0,NO_VERIFIED_CATALOGUE_MATCH,0,,0.0,NONE,0,0.0,,0.0,MONITOR,No strong commercial signal yet.,Keep on watchlist; revisit when new procurement demand or catalogue-fit evidence appears.,,
acct_bbbcdee300ad,UNIVERSITY OF RWANDA UR SINGLE PROJECT IMPLEMENTATION UNIT,org_08f4480daa39,Rwanda,Implementing Partner,Prioritise,0.0,MONITOR,0.0,0,0,0,0.00,0.0,NO_VERIFIED_CATALOGUE_MATCH,0,,0.0,NONE,0,0.0,,0.0,MONITOR,No strong commercial signal yet.,Keep on watchlist; revisit when new procurement demand or catalogue-fit evidence appears.,,
acct_f5c8609ceda3,University of SaskatchewanTreasury Department,org_862b8f9fa859,Ethiopia; GH; Uganda,Implementing Partner,Prioritise,0.0,MONITOR,0.0,0,0,0,0.00,0.0,NO_VERIFIED_CATALOGUE_MATCH,0,,0.0,NONE,0,0.0,,0.0,MONITOR,No strong commercial signal yet.,Keep on watchlist; revisit when new procurement demand or catalogue-fit evidence appears.,,
acct_891502dde160,University of South Australia,org_ef3febfbcb07,BD; GH; KI; SL; Tanzania,Implementing Partner,Research,0.0,MONITOR,0.0,0,0,0,0.00,0.0,NO_VERIFIED_CATALOGUE_MATCH,0,,0.0,NONE,0,0.0,,0.0,MONITOR,No strong commercial signal yet.,Keep on watchlist; revisit when new procurement demand or catalogue-fit evidence appears.,,
acct_916d7dbbe419,UNIVERSITY OF SOUTHAMPTON,org_447b25113dd1,BD; GH; KI; SL; Tanzania; Democratic Republic of the Congo; ZM; MW; SD,Implementing Partner,Monitor,0.0,MONITOR,0.0,0,0,0,0.00,0.0,NO_VERIFIED_CATALOGUE_MATCH,0,,0.0,NONE,0,0.0,,0.0,MONITOR,No strong commercial signal yet.,Keep on watchlist; revisit when new procurement demand or catalogue-fit evidence appears.,,
acct_a1c5cdbd61c7,University of Sunderland,org_9b68ba927707,Kenya,Implementing Partner,Prioritise,0.0,MONITOR,0.0,0,0,0,0.00,0.0,NO_VERIFIED_CATALOGUE_MATCH,0,,0.0,NONE,0,0.0,,0.0,MONITOR,No strong commercial signal yet.,Keep on watchlist; revisit when new procurement demand or catalogue-fit evidence appears.,,
acct_7b81225c50bd,University of Virginia,org_96ff62c4249c,GM; Kenya; MW; ML; PE; PK; BD,Implementing Partner,Prioritise,0.0,MONITOR,0.0,0,0,0,0.00,0.0,NO_VERIFIED_CATALOGUE_MATCH,0,,0.0,NONE,0,0.0,,0.0,MONITOR,No strong commercial signal yet.,Keep on watchlist; revisit when new procurement demand or catalogue-fit evidence appears.,,
acct_1274fee1ccc1,University of Warwick,org_b2c303562a54,TD; Democratic Republic of the Congo; GN; CI; Uganda; NG; Kenya; GB; US,Implementing Partner,Prioritise,0.0,MONITOR,0.0,0,0,0,0.00,0.0,NO_VERIFIED_CATALOGUE_MATCH,0,,0.0,NONE,0,0.0,,0.0,MONITOR,No strong commercial signal yet.,Keep on watchlist; revisit when new procurement demand or catalogue-fit evidence appears.,,
acct_59cd7fbdda70,University of Washington Foundation,org_76af77f490d2,ZA; Kenya; Uganda; GM; MW; ML; PE; PK; BD,Implementing Partner,Prioritise,0.0,MONITOR,0.0,0,0,0,0.00,0.0,NO_VERIFIED_CATALOGUE_MATCH,0,,0.0,NONE,0,0.0,,0.0,MONITOR,No strong commercial signal yet.,Keep on watchlist; revisit when new procurement demand or catalogue-fit evidence appears.,,
acct_030b8e8c8737,University of Witwatersrand,org_c871c83101d2,GB; GH; Kenya; ZA,Implementing Partner,Monitor,0.0,MONITOR,0.0,0,0,0,0.00,0.0,NO_VERIFIED_CATALOGUE_MATCH,0,,0.0,NONE,0,0.0,,0.0,MONITOR,No strong commercial signal yet.,Keep on watchlist; revisit when new procurement demand or catalogue-fit evidence appears.,,
acct_2f03a2b69065,University of Yaoundé I,org_ae0041e8e544,GB; Uganda; CM; ZA; MW,Implementing Partner,Prioritise,0.0,MONITOR,0.0,0,0,0,0.00,0.0,NO_VERIFIED_CATALOGUE_MATCH,0,,0.0,NONE,0,0.0,,0.0,MONITOR,No strong commercial signal yet.,Keep on watchlist; revisit when new procurement demand or catalogue-fit evidence appears.,,
acct_0ace161568fc,"University Research Co., LLC. (URC)",org_3dd949c5cf83,Uganda,Implementing Partner,Research,0.0,MONITOR,0.0,0,0,0,0.00,0.0,NO_VERIFIED_CATALOGUE_MATCH,0,,0.0,NONE,0,0.0,,0.0,MONITOR,No strong commercial signal yet.,Keep on watchlist; revisit when new procurement demand or catalogue-fit evidence appears.,,
acct_b99056f8cf6f,University Teaching Hospital of Kigali,org_be987446048a,Rwanda,Implementing Partner,Qualify,0.0,MONITOR,0.0,0,0,0,0.00,0.0,NO_VERIFIED_CATALOGUE_MATCH,0,,0.0,NONE,0,0.0,,0.0,MONITOR,No strong commercial signal yet.,Keep on watchlist; revisit when new procurement demand or catalogue-fit evidence appears.,,
acct_1a03bf5ff5b0,UNOCHA,org_89136f8179ea,Democratic Republic of the Congo; South Sudan; Ethiopia; Kenya; Uganda; Somalia; Rwanda,Donor,Prioritise,0.0,MONITOR,0.0,0,0,0,0.00,0.0,NO_VERIFIED_CATALOGUE_MATCH,0,,0.0,NONE,0,0.0,,0.0,MONITOR,No strong commercial signal yet.,Keep on watchlist; revisit when new procurement demand or catalogue-fit evidence appears.,,
acct_26576dc527ae,UNOCHA - United Nations Office for the Coordination of Humanitarian Affairs,org_7da4c7db8fc2,Ethiopia,Donor,Qualify,0.0,MONITOR,0.0,0,0,0,0.00,0.0,NO_VERIFIED_CATALOGUE_MATCH,0,,0.0,NONE,0,0.0,,0.0,MONITOR,No strong commercial signal yet.,Keep on watchlist; revisit when new procurement demand or catalogue-fit evidence appears.,,
acct_b80d8f50a15d,UNOPS,org_48ed6619dc19,Kenya; Ethiopia,Donor,Qualify,0.0,MONITOR,0.0,0,0,0,0.00,0.0,NO_VERIFIED_CATALOGUE_MATCH,0,,0.0,NONE,0,0.0,,0.0,MONITOR,No strong commercial signal yet.,Keep on watchlist; revisit when new procurement demand or catalogue-fit evidence appears.,,
acct_2c62297308aa,UNOPS - UFFICIO DELLE NAZIONI UNITE PER L'ASSISTENZA E GESTIONE,org_b4bb98197b90,Ethiopia,Implementing Partner,Qualify,0.0,MONITOR,0.0,0,0,0,0.00,0.0,NO_VERIFIED_CATALOGUE_MATCH,0,,0.0,NONE,0,0.0,,0.0,MONITOR,No strong commercial signal yet.,Keep on watchlist; revisit when new procurement demand or catalogue-fit evidence appears.,,
acct_d52b1142f319,UNTFHS - UN Trust Fund for,org_fc4444c3019e,Rwanda,Donor,Prioritise,0.0,MONITOR,0.0,0,0,0,0.00,0.0,NO_VERIFIED_CATALOGUE_MATCH,0,,0.0,NONE,0,0.0,,0.0,MONITOR,No strong commercial signal yet.,Keep on watchlist; revisit when new procurement demand or catalogue-fit evidence appears.,,
acct_dd3c4e871363,UPHLS UMBRELLA OF ORGANIZATIONS OF PERSONS,org_ec06aeb63f8f,Rwanda,Implementing Partner,Prioritise,0.0,MONITOR,0.0,0,0,0,0.00,0.0,NO_VERIFIED_CATALOGUE_MATCH,0,,0.0,NONE,0,0.0,,0.0,MONITOR,No strong commercial signal yet.,Keep on watchlist; revisit when new procurement demand or catalogue-fit evidence appears.,,
acct_aa4089c36beb,UPM CONSULTANCY AND SERVICES,org_9b76e3ddee70,Kenya; BD; ID; Somalia; KH; ZA; Uganda; MY; NP; ZM; VN; Rwanda,Implementing Partner,Monitor,0.0,MONITOR,0.0,0,0,0,0.00,0.0,NO_VERIFIED_CATALOGUE_MATCH,0,,0.0,NONE,0,0.0,,0.0,MONITOR,No strong commercial signal yet.,Keep on watchlist; revisit when new procurement demand or catalogue-fit evidence appears.,,
acct_2be88f1e011f,USA CDC,org_cd9ccfa8ab70,Tanzania; Democratic Republic of the Congo; South Sudan; Uganda; Somalia; Ethiopia; Kenya,Donor,Prioritise,0.0,MONITOR,0.0,0,0,0,0.00,0.0,NO_VERIFIED_CATALOGUE_MATCH,0,,0.0,NONE,0,0.0,,0.0,MONITOR,No strong commercial signal yet.,Keep on watchlist; revisit when new procurement demand or catalogue-fit evidence appears.,,
acct_de3ab6ae5753,USAID,org_83c41c25a102,Kenya,Donor,Qualify,0.0,MONITOR,0.0,0,0,0,0.00,0.0,NO_VERIFIED_CATALOGUE_MATCH,0,,0.0,NONE,0,0.0,,0.0,MONITOR,No strong commercial signal yet.,Keep on watchlist; revisit when new procurement demand or catalogue-fit evidence appears.,,
acct_ef4c4d11a5eb,UVINZA DISTRICT COUNCIL,org_4ecba2ed6cbd,Tanzania,Implementing Partner,Prioritise,0.0,MONITOR,0.0,0,0,0,0.00,0.0,NO_VERIFIED_CATALOGUE_MATCH,0,,0.0,NONE,0,0.0,,0.0,MONITOR,No strong commercial signal yet.,Keep on watchlist; revisit when new procurement demand or catalogue-fit evidence appears.,,
acct_9dbe04816122,UYISENGA NI IMANZI,org_56e3f254b598,Rwanda,Implementing Partner,Prioritise,0.0,MONITOR,0.0,0,0,0,0.00,0.0,NO_VERIFIED_CATALOGUE_MATCH,0,,0.0,NONE,0,0.0,,0.0,MONITOR,No strong commercial signal yet.,Keep on watchlist; revisit when new procurement demand or catalogue-fit evidence appears.,,
acct_ff0b920ba6a6,Varkey Foundation,org_fb3377ccaf01,Kenya; ZW; Uganda; Democratic Republic of the Congo; Ethiopia; GH; MZ; NP; NG; Rwanda; SL; Tanzania; ZM,Implementing Partner,Qualify,0.0,MONITOR,0.0,0,0,0,0.00,0.0,NO_VERIFIED_CATALOGUE_MATCH,0,,0.0,NONE,0,0.0,,0.0,MONITOR,No strong commercial signal yet.,Keep on watchlist; revisit when new procurement demand or catalogue-fit evidence appears.,,
acct_e3c4002ac5e0,VEREINIGTE REPUBLIK TANSANIA,org_26650ad07dd6,Tanzania,Implementing Partner,Research,0.0,MONITOR,0.0,0,0,0,0.00,0.0,NO_VERIFIED_CATALOGUE_MATCH,0,,0.0,NONE,0,0.0,,0.0,MONITOR,No strong commercial signal yet.,Keep on watchlist; revisit when new procurement demand or catalogue-fit evidence appears.,,
acct_c516564e15ef,Veta Bailey Charitable Trust,org_b0ebf33f1fa9,Kenya,Donor,Qualify,0.0,MONITOR,0.0,0,0,0,0.00,0.0,NO_VERIFIED_CATALOGUE_MATCH,0,,0.0,NONE,0,0.0,,0.0,MONITOR,No strong commercial signal yet.,Keep on watchlist; revisit when new procurement demand or catalogue-fit evidence appears.,,
acct_f11da3f243b0,Veterinarians Without Borders,org_16d4806fa569,Rwanda; SN; GH; Kenya; KH; LA; VN,Implementing Partner,Prioritise,0.0,MONITOR,0.0,0,0,0,0.00,0.0,NO_VERIFIED_CATALOGUE_MATCH,0,,0.0,NONE,0,0.0,,0.0,MONITOR,No strong commercial signal yet.,Keep on watchlist; revisit when new procurement demand or catalogue-fit evidence appears.,,
acct_348aaff27682,Vietnam National University of Agriculture,org_9264413acb44,BD; GH; KH; ZA; Ethiopia; MW; SN; Uganda; IN; ZW; PE; TH; SY; MM; AR; VN; ZM; BR; LA; PK; Rwanda; Democratic Republic of the Congo; Kenya,Implementing Partner,Qualify,0.0,MONITOR,0.0,0,0,0,0.00,0.0,NO_VERIFIED_CATALOGUE_MATCH,0,,0.0,NONE,0,0.0,,0.0,MONITOR,No strong commercial signal yet.,Keep on watchlist; revisit when new procurement demand or catalogue-fit evidence appears.,,
acct_ac073860b565,VIHIGA COUNTY HEALTH DEPARTMENT,org_c07cab3b0d1c,Kenya,Implementing Partner,Prioritise,0.0,MONITOR,0.0,0,0,0,0.00,0.0,NO_VERIFIED_CATALOGUE_MATCH,0,,0.0,NONE,0,0.0,,0.0,MONITOR,No strong commercial signal yet.,Keep on watchlist; revisit when new procurement demand or catalogue-fit evidence appears.,,
acct_74a39d71a001,VIJANA YA PANDA TUJENGENI ONGD VIPATU,org_75dfb22aaf05,Democratic Republic of the Congo,Implementing Partner,Prioritise,0.0,MONITOR,0.0,0,0,0,0.00,0.0,NO_VERIFIED_CATALOGUE_MATCH,0,,0.0,NONE,0,0.0,,0.0,MONITOR,No strong commercial signal yet.,Keep on watchlist; revisit when new procurement demand or catalogue-fit evidence appears.,,
acct_7def36886e90,VILLAGE D ESPOIR,org_0b4643dbcab7,Democratic Republic of the Congo,Implementing Partner,Prioritise,0.0,MONITOR,0.0,0,0,0,0.00,0.0,NO_VERIFIED_CATALOGUE_MATCH,0,,0.0,NONE,0,0.0,,0.0,MONITOR,No strong commercial signal yet.,Keep on watchlist; revisit when new procurement demand or catalogue-fit evidence appears.,,
acct_2db318066eeb,VILLAGE ENTERPRISE,org_d2700a23fc83,Kenya,Implementing Partner,Research,0.0,MONITOR,0.0,0,0,0,0.00,0.0,NO_VERIFIED_CATALOGUE_MATCH,0,,0.0,NONE,0,0.0,,0.0,MONITOR,No strong commercial signal yet.,Keep on watchlist; revisit when new procurement demand or catalogue-fit evidence appears.,,
acct_13398c6b9502,VillageReach,org_c29c5dc85213,Democratic Republic of the Congo,Implementing Partner,Prioritise,0.0,MONITOR,0.0,0,0,0,0.00,0.0,NO_VERIFIED_CATALOGUE_MATCH,0,,0.0,NONE,0,0.0,,0.0,MONITOR,No strong commercial signal yet.,Keep on watchlist; revisit when new procurement demand or catalogue-fit evidence appears.,,
acct_7d993ddbff40,"Vision A future where Ethiopian women and girls fully exercise their rights, experience gender justice, and thrive in an equitable society. Mission To advance gender equality and build an equitable society for Ethiopian women and girls by delivering multi-dimensional programs in education, SRHR, skills development, community engagement, and advocacy, while leveraging strategic partnerships and innovative solutions in digitalization, science, and technology. EWDO Goal To contribute to an equitable, inclusive, and resilient society where women and girls, including vulnerable and older women, fully exercise their rights, live free from violence and discrimination, and actively participate in social and economic development with dignity and equal opportunity. EWDO Objectives 1. Digital Inclusion and Empowerment for Women and Girls: - EWDO works to close the digital gender gap by increasing women’s and girls’ access to technology, digital skills, and online opportunities. The pillar also promotes online safety and addresses technology-facilitated violence; ensuring digital spaces support education, livelihoods, and empowerment. 2. Specialized GBV Prevention, Response, and Access to Justice: To prevent and respond to gender-based violence (GBV) and harmful practices by strengthening survivor-centered services, protection systems, access to justice, and community awareness. 3. Access to Comprehensive Sexual and Reproductive Health and Rights (SRHR): To improve equitable access to comprehensive sexual and reproductive health and rights (SRHR) information and services, particularly for marginalized and underserved women and girls. 4. Socio-Economic Empowerment and Leadership: EWDO strengthens women’s economic independence through skills development, entrepreneurship, and digital inclusion including elder people, marginalized and underserved groups. The pillar also promotes women’s leadership across sectors, enabling them to influence economic and social decision-making. 5. Peace, Governance, and Humanitarian Action: EWDO supports active participation of women and vulnerable groups in peace building, governance, and humanitarian response. The organization advocates for gender-responsive systems and uses innovative and digital approaches to ensure women’s voices and needs are central in crisis and recovery efforts. 6. Organizational Excellence and Sustainable Impact: To strengthen institutional capacity, partnerships, innovation, and evidence-based programming to ensure sustainable impact and organizational excellence.",org_892e7bc956a9,PK; MM; LB; Uganda; MZ; Tanzania; Ethiopia; MD; GB,Implementing Partner,Research,0.0,MONITOR,0.0,0,0,0,0.00,0.0,NO_VERIFIED_CATALOGUE_MATCH,0,,0.0,NONE,0,0.0,,0.0,MONITOR,No strong commercial signal yet.,Keep on watchlist; revisit when new procurement demand or catalogue-fit evidence appears.,,
acct_991029aae457,"Vision: A just, inclusive, and resilient society where all people, particularly those facing poverty, exclusion, or vulnerability, have equal opportunities to access essential services, participate in decision-making, and live with dignity. Mission: Friends Foundation works to improve the well-being of underserved communities by facilitating access to quality healthcare, education, water and sanitation services, humanitarian assistance, and opportunities for social and economic development. Through community engagement, capacity building, and partnerships with public and private sector stakeholders, the organization promotes sustainable solutions that strengthen resilience and improve quality of life. Objectives and Goals: The Foundation seeks to improve access to primary healthcare, maternal and child health, nutrition, and preventive health services for disadvantaged populations. It promotes safe water, sanitation, and hygiene practices to improve public health outcomes and community well-being. The organization supports women, youth, older persons, persons with disabilities, and other marginalized groups by creating opportunities for participation, capacity development, and social inclusion. It works to strengthen community resilience to disasters and emergencies through preparedness, risk reduction, relief, and recovery initiatives. Friends Foundation also contributes to improved governance, civic engagement, and community participation by strengthening local institutions and promoting accountability and inclusion. Across all programmes, the organization focuses on building local capacities, encouraging community ownership, and supporting sustainable development that delivers long-term benefits for vulnerable populations. Website: www.ffpak.org.pk Strategic Focus Areas: Integrated Health, WASH, Women Empowerment, Climate Resilience, Education, Governance, and Humanitarian Response & Rehabilitation.",org_fc225d0bc71f,PK; MM; LB; Uganda; MZ; Tanzania; Ethiopia; MD; GB,Implementing Partner,Research,0.0,MONITOR,0.0,0,0,0,0.00,0.0,NO_VERIFIED_CATALOGUE_MATCH,0,,0.0,NONE,0,0.0,,0.0,MONITOR,No strong commercial signal yet.,Keep on watchlist; revisit when new procurement demand or catalogue-fit evidence appears.,,
acct_e9997b495c71,Vision Aid Overseas,org_1247ae1ff31f,Ethiopia,Reporting Organisation,Qualify,0.0,MONITOR,0.0,0,0,0,0.00,0.0,NO_VERIFIED_CATALOGUE_MATCH,0,,0.0,NONE,0,0.0,,0.0,MONITOR,No strong commercial signal yet.,Keep on watchlist; revisit when new procurement demand or catalogue-fit evidence appears.,,
acct_b4e092b64c55,Vision for a Nation Foundation,org_75f7b46ca21a,Rwanda,Implementing Partner,Monitor,0.0,MONITOR,0.0,0,0,0,0.00,0.0,NO_VERIFIED_CATALOGUE_MATCH,0,,0.0,NONE,0,0.0,,0.0,MONITOR,No strong commercial signal yet.,Keep on watchlist; revisit when new procurement demand or catalogue-fit evidence appears.,,
acct_f307340ea8a8,"Vision To be a mission organisation reflecting Christ's love and light through the practical service of churches, while nurturing the body, mind and soul of the community through the holistic mission. Mission To build Christ’s love through the collaborative ministry of member churches, engaging in a holistic mission dedicated to the care and preservation of humanity and the environment. Objectives 1. To serve practically through member churches in order to manifest Christ's love and light, establishing and strengthening robust networks within our church communities to act as primary mobilisation units. 2. To build a holistic ministry centered on integrated development, driving sustainable programs that address multi-sectoral community needs. 3. To support and uplift 'the least of these' in the community who are weak in body, mind and spirit by delivering structured care frameworks to fragile populations. 4. To foster deep community fellowship, sustainable friendships, mutual trust and holistic social integration across all target regions. 5. To assist in rebuilding, repairing and restoring damaged infrastructure and community structures across church communities and their adjacent environment to ensure long-term stability and resilience.",org_14304dece8f7,PK; MM; LB; Uganda; MZ; Tanzania; Ethiopia; MD; GB,Implementing Partner,Research,0.0,MONITOR,0.0,0,0,0,0.00,0.0,NO_VERIFIED_CATALOGUE_MATCH,0,,0.0,NONE,0,0.0,,0.0,MONITOR,No strong commercial signal yet.,Keep on watchlist; revisit when new procurement demand or catalogue-fit evidence appears.,,
acct_0cb187ab46a8,Visions for Children e.V.,org_d65bd2ae8eae,Uganda,Implementing Partner,Qualify,0.0,MONITOR,0.0,0,0,0,0.00,0.0,NO_VERIFIED_CATALOGUE_MATCH,0,,0.0,NONE,0,0.0,,0.0,MONITOR,No strong commercial signal yet.,Keep on watchlist; revisit when new procurement demand or catalogue-fit evidence appears.,,
acct_14b28dd8b6a5,"Vital Strategies, Inc.",org_a7056e433b82,Ethiopia,Implementing Partner,Prioritise,0.0,MONITOR,0.0,0,0,0,0.00,0.0,NO_VERIFIED_CATALOGUE_MATCH,0,,0.0,NONE,0,0.0,,0.0,MONITOR,No strong commercial signal yet.,Keep on watchlist; revisit when new procurement demand or catalogue-fit evidence appears.,,
acct_263e44b642af,Viva,org_b3a86f2f402d,Kenya; ZW; Uganda; Democratic Republic of the Congo; Ethiopia; GH; MZ; NP; NG; Rwanda; SL; Tanzania; ZM,Implementing Partner,Qualify,0.0,MONITOR,0.0,0,0,0,0.00,0.0,NO_VERIFIED_CATALOGUE_MATCH,0,,0.0,NONE,0,0.0,,0.0,MONITOR,No strong commercial signal yet.,Keep on watchlist; revisit when new procurement demand or catalogue-fit evidence appears.,,
acct_c5cc2b93c090,VLIR-UOS,org_0eecaaddf4c8,Democratic Republic of the Congo; Tanzania; Kenya; Uganda; Rwanda; Ethiopia,Donor,Qualify,0.0,MONITOR,0.0,0,0,0,0.00,0.0,NO_VERIFIED_CATALOGUE_MATCH,0,,0.0,NONE,0,0.0,,0.0,MONITOR,No strong commercial signal yet.,Keep on watchlist; revisit when new procurement demand or catalogue-fit evidence appears.,,
acct_7ae49eabf4f8,VODACASH SA,org_59a054fb2d03,Democratic Republic of the Congo,Implementing Partner,Prioritise,0.0,MONITOR,0.0,0,0,0,0.00,0.0,NO_VERIFIED_CATALOGUE_MATCH,0,,0.0,NONE,0,0.0,,0.0,MONITOR,No strong commercial signal yet.,Keep on watchlist; revisit when new procurement demand or catalogue-fit evidence appears.,,
acct_575470bb28ef,VODAFONE FOUNDATION,org_d42f52d38a65,Kenya,Implementing Partner,Monitor,0.0,MONITOR,0.0,0,0,0,0.00,0.0,NO_VERIFIED_CATALOGUE_MATCH,0,,0.0,NONE,0,0.0,,0.0,MONITOR,No strong commercial signal yet.,Keep on watchlist; revisit when new procurement demand or catalogue-fit evidence appears.,,
acct_7d0e4cddc176,Voluntary Service Overseas,org_81f04260a4c3,Kenya; ZW; Uganda; Democratic Republic of the Congo; Ethiopia; GH; MZ; NP; NG; Rwanda; SL; Tanzania; ZM; PK; MW; GB; BD; KH; LS; MM; PH; SZ; TH; ZA,Implementing Partner,Qualify,0.0,MONITOR,0.0,0,0,0,0.00,0.0,NO_VERIFIED_CATALOGUE_MATCH,0,,0.0,NONE,0,0.0,,0.0,MONITOR,No strong commercial signal yet.,Keep on watchlist; revisit when new procurement demand or catalogue-fit evidence appears.,,
acct_e43c15a716c9,Vrije Universiteit Brussel,org_3423797bd804,Democratic Republic of the Congo; Tanzania; Kenya; Uganda; Rwanda; Ethiopia,Implementing Partner,Qualify,0.0,MONITOR,0.0,0,0,0,0.00,0.0,NO_VERIFIED_CATALOGUE_MATCH,0,,0.0,NONE,0,0.0,,0.0,MONITOR,No strong commercial signal yet.,Keep on watchlist; revisit when new procurement demand or catalogue-fit evidence appears.,,
acct_370f0b7dca34,Vysoká škola zdravotníctva a sociálnej práce sv. Alžbety,org_08f9668061e0,Kenya; South Sudan; Uganda; Rwanda; Ethiopia,Accountable Agency,Research,0.0,MONITOR,0.0,0,0,0,0.00,0.0,NO_VERIFIED_CATALOGUE_MATCH,0,,0.0,NONE,0,0.0,,0.0,MONITOR,No strong commercial signal yet.,Keep on watchlist; revisit when new procurement demand or catalogue-fit evidence appears.,,
acct_3e7026824205,Wageningen University & Research,org_e18d3a714436,Rwanda,Implementing Partner,Qualify,0.0,MONITOR,0.0,0,0,0,0.00,0.0,NO_VERIFIED_CATALOGUE_MATCH,0,,0.0,NONE,0,0.0,,0.0,MONITOR,No strong commercial signal yet.,Keep on watchlist; revisit when new procurement demand or catalogue-fit evidence appears.,,
acct_46a3898b0330,"Wageningen University & Research, Netherlands",org_06dfcf5170fa,GB; SL; Ethiopia; Uganda; NL; MG,Implementing Partner,Monitor,0.0,MONITOR,0.0,0,0,0,0.00,0.0,NO_VERIFIED_CATALOGUE_MATCH,0,,0.0,NONE,0,0.0,,0.0,MONITOR,No strong commercial signal yet.,Keep on watchlist; revisit when new procurement demand or catalogue-fit evidence appears.,,
acct_9ff27fdf8baa,WAKISO DISTRICT LOCAL GOVERNMENT,org_1770749ac744,Uganda,Implementing Partner,Prioritise,0.0,MONITOR,0.0,0,0,0,0.00,0.0,NO_VERIFIED_CATALOGUE_MATCH,0,,0.0,NONE,0,0.0,,0.0,MONITOR,No strong commercial signal yet.,Keep on watchlist; revisit when new procurement demand or catalogue-fit evidence appears.,,
acct_b96f2e0aa5d5,War Child Alliance Foundation,org_127248dabef6,Uganda,Accountable Agency,Qualify,0.0,MONITOR,0.0,0,0,0,0.00,0.0,NO_VERIFIED_CATALOGUE_MATCH,0,,0.0,NONE,0,0.0,,0.0,MONITOR,No strong commercial signal yet.,Keep on watchlist; revisit when new procurement demand or catalogue-fit evidence appears.,,
acct_3cefbb54f276,War Child Holland,org_64434bfc5632,South Sudan; Uganda,Implementing Partner,Qualify,0.0,MONITOR,0.0,0,0,0,0.00,0.0,NO_VERIFIED_CATALOGUE_MATCH,0,,0.0,NONE,0,0.0,,0.0,MONITOR,No strong commercial signal yet.,Keep on watchlist; revisit when new procurement demand or catalogue-fit evidence appears.,,
acct_5d40be5b6192,WARDI RELIEF AND DEVELOPMENT INITIATIVES WARDI,org_f580adfa6bfb,Somalia,Implementing Partner,Prioritise,0.0,MONITOR,0.0,0,0,0,0.00,0.0,NO_VERIFIED_CATALOGUE_MATCH,0,,0.0,NONE,0,0.0,,0.0,MONITOR,No strong commercial signal yet.,Keep on watchlist; revisit when new procurement demand or catalogue-fit evidence appears.,,
acct_b4598de501d7,WASH ALLIANCE SOCIETY OF KENYA,org_2a6a69d5a021,Kenya,Implementing Partner,Prioritise,0.0,MONITOR,0.0,0,0,0,0.00,0.0,NO_VERIFIED_CATALOGUE_MATCH,0,,0.0,NONE,0,0.0,,0.0,MONITOR,No strong commercial signal yet.,Keep on watchlist; revisit when new procurement demand or catalogue-fit evidence appears.,,
acct_8ff43bc6c17e,WATER AND ENVIRONMENTAL SANITATION ABYEI OFFICE,org_080b673b0082,South Sudan,Implementing Partner,Prioritise,0.0,MONITOR,0.0,0,0,0,0.00,0.0,NO_VERIFIED_CATALOGUE_MATCH,0,,0.0,NONE,0,0.0,,0.0,MONITOR,No strong commercial signal yet.,Keep on watchlist; revisit when new procurement demand or catalogue-fit evidence appears.,,
acct_a02355caf4fa,Water & Land Resource Center - Addis Ababa University,org_de8c98789748,Ethiopia,Accountable Agency,Qualify,0.0,MONITOR,0.0,0,0,0,0.00,0.0,NO_VERIFIED_CATALOGUE_MATCH,0,,0.0,NONE,0,0.0,,0.0,MONITOR,No strong commercial signal yet.,Keep on watchlist; revisit when new procurement demand or catalogue-fit evidence appears.,,
acct_0f48f66bebd3,Waterloo Foudation,org_01b2096e891e,Ethiopia,Donor,Monitor,0.0,MONITOR,0.0,0,0,0,0.00,0.0,NO_VERIFIED_CATALOGUE_MATCH,0,,0.0,NONE,0,0.0,,0.0,MONITOR,No strong commercial signal yet.,Keep on watchlist; revisit when new procurement demand or catalogue-fit evidence appears.,,
acct_40bf4b6dbc6b,Watye Ki Gen,org_379e4d7f0814,Uganda,Implementing Partner,Qualify,0.0,MONITOR,0.0,0,0,0,0.00,0.0,NO_VERIFIED_CATALOGUE_MATCH,0,,0.0,NONE,0,0.0,,0.0,MONITOR,No strong commercial signal yet.,Keep on watchlist; revisit when new procurement demand or catalogue-fit evidence appears.,,
acct_05827b47b426,WE GOT YOUR BACK,org_1b051810b0da,Rwanda,Implementing Partner,Prioritise,0.0,MONITOR,0.0,0,0,0,0.00,0.0,NO_VERIFIED_CATALOGUE_MATCH,0,,0.0,NONE,0,0.0,,0.0,MONITOR,No strong commercial signal yet.,Keep on watchlist; revisit when new procurement demand or catalogue-fit evidence appears.,,
acct_db3e23197a09,WEEMA International Inc,org_d0b33487260a,Ethiopia,Implementing Partner,Prioritise,0.0,MONITOR,0.0,0,0,0,0.00,0.0,NO_VERIFIED_CATALOGUE_MATCH,0,,0.0,NONE,0,0.0,,0.0,MONITOR,No strong commercial signal yet.,Keep on watchlist; revisit when new procurement demand or catalogue-fit evidence appears.,,
acct_90252f50f014,Wellcome Connecting Science,org_5c8c4205a844,GB; MW; Kenya; GH; CI; NG,Implementing Partner,Prioritise,0.0,MONITOR,0.0,0,0,0,0.00,0.0,NO_VERIFIED_CATALOGUE_MATCH,0,,0.0,NONE,0,0.0,,0.0,MONITOR,No strong commercial signal yet.,Keep on watchlist; revisit when new procurement demand or catalogue-fit evidence appears.,,
acct_a5e227cbe7fa,Wellcome Trust,org_aa4d6c2d942a,Rwanda; Uganda; Kenya; Ethiopia,Donor,Prioritise,0.0,MONITOR,0.0,0,0,0,0.00,0.0,NO_VERIFIED_CATALOGUE_MATCH,0,,0.0,NONE,0,0.0,,0.0,MONITOR,No strong commercial signal yet.,Keep on watchlist; revisit when new procurement demand or catalogue-fit evidence appears.,,
acct_0407709eb7be,Welthungerhilfe,org_4680785ef2c7,South Sudan; Democratic Republic of the Congo; Somalia; Uganda; Ethiopia; Kenya,Reporting Organisation,Prioritise,0.0,MONITOR,0.0,0,0,0,0.00,0.0,NO_VERIFIED_CATALOGUE_MATCH,0,,0.0,NONE,0,0.0,,0.0,MONITOR,No strong commercial signal yet.,Keep on watchlist; revisit when new procurement demand or catalogue-fit evidence appears.,,
acct_e1bf31fba404,WEST AND CENTRAL AFRICAN RESEARCH AND EDUCATION NETWORK,org_80e92af60e72,ZW; ZA; NG; BW; Rwanda; GH; Kenya; SL,Implementing Partner,Monitor,0.0,MONITOR,0.0,0,0,0,0.00,0.0,NO_VERIFIED_CATALOGUE_MATCH,0,,0.0,NONE,0,0.0,,0.0,MONITOR,No strong commercial signal yet.,Keep on watchlist; revisit when new procurement demand or catalogue-fit evidence appears.,,
acct_849c47d46318,WESTERN UNION US,org_a5996b5c78d8,Democratic Republic of the Congo,Implementing Partner,Prioritise,0.0,MONITOR,0.0,0,0,0,0.00,0.0,NO_VERIFIED_CATALOGUE_MATCH,0,,0.0,NONE,0,0.0,,0.0,MONITOR,No strong commercial signal yet.,Keep on watchlist; revisit when new procurement demand or catalogue-fit evidence appears.,,
acct_0303b64ce062,WHO-Assessed,org_d10b6222191d,Uganda,Implementing Partner,Qualify,0.0,MONITOR,0.0,0,0,0,0.00,0.0,NO_VERIFIED_CATALOGUE_MATCH,0,,0.0,NONE,0,0.0,,0.0,MONITOR,No strong commercial signal yet.,Keep on watchlist; revisit when new procurement demand or catalogue-fit evidence appears.,,
acct_4108178f6031,WHO Contingency Fund for Emergencies,org_6c28ffbb094a,Democratic Republic of the Congo; South Sudan; Uganda; Somalia,Donor,Prioritise,0.0,MONITOR,0.0,0,0,0,0.00,0.0,NO_VERIFIED_CATALOGUE_MATCH,0,,0.0,NONE,0,0.0,,0.0,MONITOR,No strong commercial signal yet.,Keep on watchlist; revisit when new procurement demand or catalogue-fit evidence appears.,,
acct_5468dda1f9d8,WHO Foundation,org_afb08b12140b,Somalia; Tanzania; Ethiopia; Uganda; South Sudan; Rwanda; Kenya,Donor,Prioritise,0.0,MONITOR,0.0,0,0,0,0.00,0.0,NO_VERIFIED_CATALOGUE_MATCH,0,,0.0,NONE,0,0.0,,0.0,MONITOR,No strong commercial signal yet.,Keep on watchlist; revisit when new procurement demand or catalogue-fit evidence appears.,,
acct_d92578b632df,WHO (GENEVA),org_90f2e8de6a5a,Somalia; Uganda,Implementing Partner,Qualify,0.0,MONITOR,0.0,0,0,0,0.00,0.0,NO_VERIFIED_CATALOGUE_MATCH,0,,0.0,NONE,0,0.0,,0.0,MONITOR,No strong commercial signal yet.,Keep on watchlist; revisit when new procurement demand or catalogue-fit evidence appears.,,
acct_0df86ab2efd3,Wholistic Development Initiative For All (WODIFA),org_941db66859e2,Uganda,Implementing Partner,Qualify,0.0,MONITOR,0.0,0,0,0,0.00,0.0,NO_VERIFIED_CATALOGUE_MATCH,0,,0.0,NONE,0,0.0,,0.0,MONITOR,No strong commercial signal yet.,Keep on watchlist; revisit when new procurement demand or catalogue-fit evidence appears.,,
acct_c4c6c4e7c0fc,Widows and Orphans Charity Organization (WOCO),org_1b3d96c7b69f,South Sudan,Implementing Partner,Monitor,0.0,MONITOR,0.0,0,0,0,0.00,0.0,NO_VERIFIED_CATALOGUE_MATCH,0,,0.0,NONE,0,0.0,,0.0,MONITOR,No strong commercial signal yet.,Keep on watchlist; revisit when new procurement demand or catalogue-fit evidence appears.,,
acct_20badbcdff7d,William and Flora Hewlett Foundation,org_312bafac3130,Tanzania; MW; Ethiopia; Uganda; NG; Kenya,Donor,Prioritise,0.0,MONITOR,0.0,0,0,0,0.00,0.0,NO_VERIFIED_CATALOGUE_MATCH,0,,0.0,NONE,0,0.0,,0.0,MONITOR,No strong commercial signal yet.,Keep on watchlist; revisit when new procurement demand or catalogue-fit evidence appears.,,
acct_8d86ae7a86ba,WILTON PARK EXECUTIVE AGENCY,org_93672506ba25,Kenya; KH; NG; Somalia; ZA; VN; ZW; IN; Rwanda; GH; SY; TL; IQ; EG; YE; TH; MW; MY; PH; PK; JO; BD; Ethiopia; MM; South Sudan; Democratic Republic of the Congo; ID; NP; TN; Tanzania; ZM; SD,Implementing Partner,Research,0.0,MONITOR,0.0,0,0,0,0.00,0.0,NO_VERIFIED_CATALOGUE_MATCH,0,,0.0,NONE,0,0.0,,0.0,MONITOR,No strong commercial signal yet.,Keep on watchlist; revisit when new procurement demand or catalogue-fit evidence appears.,,
acct_d678d44282b2,WINDLE TRUST INTERNATIONAL,org_702a67b02eae,South Sudan,Implementing Partner,Prioritise,0.0,MONITOR,0.0,0,0,0,0.00,0.0,NO_VERIFIED_CATALOGUE_MATCH,0,,0.0,NONE,0,0.0,,0.0,MONITOR,No strong commercial signal yet.,Keep on watchlist; revisit when new procurement demand or catalogue-fit evidence appears.,,
acct_a9884bbbf0ef,Wits Health Consortium,org_3d0b38a1b202,BW; Democratic Republic of the Congo; GN; MW; MZ; ZA; VN,Implementing Partner,Prioritise,0.0,MONITOR,0.0,0,0,0,0.00,0.0,NO_VERIFIED_CATALOGUE_MATCH,0,,0.0,NONE,0,0.0,,0.0,MONITOR,No strong commercial signal yet.,Keep on watchlist; revisit when new procurement demand or catalogue-fit evidence appears.,,
acct_1d9d4de3ea0b,Wits Health Consortium (Proprietary) Ltd.,org_3ef86ed4c9ae,GH; Kenya; ZA,Implementing Partner,Research,0.0,MONITOR,0.0,0,0,0,0.00,0.0,NO_VERIFIED_CATALOGUE_MATCH,0,,0.0,NONE,0,0.0,,0.0,MONITOR,No strong commercial signal yet.,Keep on watchlist; revisit when new procurement demand or catalogue-fit evidence appears.,,
acct_4c076e319355,Wits Health Consortium (Pty) Ltd,org_0462e5598faf,GM; GH; Kenya; ZA; MW; Ethiopia; GB; NG; CM; CI,Implementing Partner,Prioritise,0.0,MONITOR,0.0,0,0,0,0.00,0.0,NO_VERIFIED_CATALOGUE_MATCH,0,,0.0,NONE,0,0.0,,0.0,MONITOR,No strong commercial signal yet.,Keep on watchlist; revisit when new procurement demand or catalogue-fit evidence appears.,,
acct_84fd517516f7,WIZARA YA MAENDELEO YA JAMII WAZEE JINSIA NA WATOTO PEMBA,org_5c01f2719989,Tanzania,Implementing Partner,Prioritise,0.0,MONITOR,0.0,0,0,0,0.00,0.0,NO_VERIFIED_CATALOGUE_MATCH,0,,0.0,NONE,0,0.0,,0.0,MONITOR,No strong commercial signal yet.,Keep on watchlist; revisit when new procurement demand or catalogue-fit evidence appears.,,
acct_0e5426b3adca,Wolaita Sodo University,org_324a5d982004,Ethiopia,Implementing Partner,Research,0.0,MONITOR,0.0,0,0,0,0.00,0.0,NO_VERIFIED_CATALOGUE_MATCH,0,,0.0,NONE,0,0.0,,0.0,MONITOR,No strong commercial signal yet.,Keep on watchlist; revisit when new procurement demand or catalogue-fit evidence appears.,,
acct_290d7135b75e,WOMEN ACTION FOR ADVOCACY AND PROGRESS ORGANIZATION,org_a4d1936d9497,Somalia,Implementing Partner,Prioritise,0.0,MONITOR,0.0,0,0,0,0.00,0.0,NO_VERIFIED_CATALOGUE_MATCH,0,,0.0,NONE,0,0.0,,0.0,MONITOR,No strong commercial signal yet.,Keep on watchlist; revisit when new procurement demand or catalogue-fit evidence appears.,,
acct_7f837fdb4099,WOMEN AGENCY FOR RESILIENCE AND TRANSFORMATION,org_f9d1e0ffecd1,South Sudan,Implementing Partner,Prioritise,0.0,MONITOR,0.0,0,0,0,0.00,0.0,NO_VERIFIED_CATALOGUE_MATCH,0,,0.0,NONE,0,0.0,,0.0,MONITOR,No strong commercial signal yet.,Keep on watchlist; revisit when new procurement demand or catalogue-fit evidence appears.,,
acct_b2f6d82b5814,WOMEN EDUCATION AND HEALTH FOR DEVELOPMENT,org_f93f6752adfd,Kenya,Implementing Partner,Prioritise,0.0,MONITOR,0.0,0,0,0,0.00,0.0,NO_VERIFIED_CATALOGUE_MATCH,0,,0.0,NONE,0,0.0,,0.0,MONITOR,No strong commercial signal yet.,Keep on watchlist; revisit when new procurement demand or catalogue-fit evidence appears.,,
acct_2f8698df23c6,WOMEN EMPOWERMENT ACTION,org_8fc81568a6fb,Ethiopia,Implementing Partner,Prioritise,0.0,MONITOR,0.0,0,0,0,0.00,0.0,NO_VERIFIED_CATALOGUE_MATCH,0,,0.0,NONE,0,0.0,,0.0,MONITOR,No strong commercial signal yet.,Keep on watchlist; revisit when new procurement demand or catalogue-fit evidence appears.,,
acct_7f64478a88bc,WOMEN INITIATIVE FOR DEVELOPMENT ORGANIZATION,org_c5c71b82b64d,South Sudan,Implementing Partner,Prioritise,0.0,MONITOR,0.0,0,0,0,0.00,0.0,NO_VERIFIED_CATALOGUE_MATCH,0,,0.0,NONE,0,0.0,,0.0,MONITOR,No strong commercial signal yet.,Keep on watchlist; revisit when new procurement demand or catalogue-fit evidence appears.,,
acct_55ec237036f2,WOMEN S ASSOCIATION OF TIGRAY,org_eee6335ea64f,Ethiopia,Implementing Partner,Prioritise,0.0,MONITOR,0.0,0,0,0,0.00,0.0,NO_VERIFIED_CATALOGUE_MATCH,0,,0.0,NONE,0,0.0,,0.0,MONITOR,No strong commercial signal yet.,Keep on watchlist; revisit when new procurement demand or catalogue-fit evidence appears.,,
acct_e092161b8987,Women's Refugee Commission,org_450a923b22fa,Uganda; NP; Democratic Republic of the Congo,Accountable Agency,Research,0.0,MONITOR,0.0,0,0,0,0.00,0.0,NO_VERIFIED_CATALOGUE_MATCH,0,,0.0,NONE,0,0.0,,0.0,MONITOR,No strong commercial signal yet.,Keep on watchlist; revisit when new procurement demand or catalogue-fit evidence appears.,,
acct_e092161b8987,Women's Refugee Commission,org_450a923b22fa,Uganda; NP; Democratic Republic of the Congo,Reporting Organisation,Monitor,0.0,MONITOR,0.0,0,0,0,0.00,0.0,NO_VERIFIED_CATALOGUE_MATCH,0,,0.0,NONE,0,0.0,,0.0,MONITOR,No strong commercial signal yet.,Keep on watchlist; revisit when new procurement demand or catalogue-fit evidence appears.,,
acct_e5a449ddc710,World Bank,org_6b6fd503e82d,South Sudan,Implementing Partner,Prioritise,0.0,MONITOR,0.0,0,0,0,0.00,0.0,NO_VERIFIED_CATALOGUE_MATCH,0,,0.0,NONE,0,0.0,,0.0,MONITOR,No strong commercial signal yet.,Keep on watchlist; revisit when new procurement demand or catalogue-fit evidence appears.,,
acct_e9f7607887eb,World Bank Trust Funds,org_d7467a19807d,Tanzania; Somalia; Ethiopia; Democratic Republic of the Congo; Rwanda; Uganda; Kenya,Implementing Partner,Prioritise,0.0,MONITOR,0.0,0,0,0,0.00,0.0,NO_VERIFIED_CATALOGUE_MATCH,0,,0.0,NONE,0,0.0,,0.0,MONITOR,No strong commercial signal yet.,Keep on watchlist; revisit when new procurement demand or catalogue-fit evidence appears.,,
acct_6edea12409f3,World Bank - Washington D.C.,org_38fe6b5adbe6,Democratic Republic of the Congo; South Sudan; Rwanda; Tanzania; Somalia; Ethiopia; Kenya,Donor,Prioritise,0.0,MONITOR,0.0,0,0,0,0.00,0.0,NO_VERIFIED_CATALOGUE_MATCH,0,,0.0,NONE,0,0.0,,0.0,MONITOR,No strong commercial signal yet.,Keep on watchlist; revisit when new procurement demand or catalogue-fit evidence appears.,,
acct_dd82d5c916b2,World Bank (WB),org_42d1caeae20d,Kenya; KR; MN; KH; LA; TH; IN; KG; MK; TJ; UZ; RS; KW; PS; SA,Implementing Partner,Qualify,0.0,MONITOR,0.0,0,0,0,0.00,0.0,NO_VERIFIED_CATALOGUE_MATCH,0,,0.0,NONE,0,0.0,,0.0,MONITOR,No strong commercial signal yet.,Keep on watchlist; revisit when new procurement demand or catalogue-fit evidence appears.,,
acct_be8d67682c13,WORLD CONCERN DEVELOPMENT ORGANIZATION,org_4abf157f218e,South Sudan,Implementing Partner,Prioritise,0.0,MONITOR,0.0,0,0,0,0.00,0.0,NO_VERIFIED_CATALOGUE_MATCH,0,,0.0,NONE,0,0.0,,0.0,MONITOR,No strong commercial signal yet.,Keep on watchlist; revisit when new procurement demand or catalogue-fit evidence appears.,,
acct_bae3bca052ce,World Diabetes Foundation,org_9aabe2594c03,Uganda; Somalia,Donor,Prioritise,0.0,MONITOR,0.0,0,0,0,0.00,0.0,NO_VERIFIED_CATALOGUE_MATCH,0,,0.0,NONE,0,0.0,,0.0,MONITOR,No strong commercial signal yet.,Keep on watchlist; revisit when new procurement demand or catalogue-fit evidence appears.,,
acct_8e943b863922,World Economic Forum (WEF),org_19c36f680422,Kenya; KR; MN; KH; LA; TH; IN; KG; MK; TJ; UZ; RS; KW; PS; SA,Implementing Partner,Qualify,0.0,MONITOR,0.0,0,0,0,0.00,0.0,NO_VERIFIED_CATALOGUE_MATCH,0,,0.0,NONE,0,0.0,,0.0,MONITOR,No strong commercial signal yet.,Keep on watchlist; revisit when new procurement demand or catalogue-fit evidence appears.,,
acct_67cdb9359454,World Education Inc,org_79ed971e4001,NP; Kenya; PK; SL; MW; GH; ZW; Ethiopia,Implementing Partner,Qualify,0.0,MONITOR,0.0,0,0,0,0.00,0.0,NO_VERIFIED_CATALOGUE_MATCH,0,,0.0,NONE,0,0.0,,0.0,MONITOR,No strong commercial signal yet.,Keep on watchlist; revisit when new procurement demand or catalogue-fit evidence appears.,,
acct_f7ff5f44f19c,World Federation of Neurology,org_4c634ce895ae,Ethiopia,Donor,Qualify,0.0,MONITOR,0.0,0,0,0,0.00,0.0,NO_VERIFIED_CATALOGUE_MATCH,0,,0.0,NONE,0,0.0,,0.0,MONITOR,No strong commercial signal yet.,Keep on watchlist; revisit when new procurement demand or catalogue-fit evidence appears.,,
acct_09f425fa2dd0,World Food Program USA,org_97d6da0caff8,Ethiopia; NG; IN,Implementing Partner,Prioritise,0.0,MONITOR,0.0,0,0,0,0.00,0.0,NO_VERIFIED_CATALOGUE_MATCH,0,,0.0,NONE,0,0.0,,0.0,MONITOR,No strong commercial signal yet.,Keep on watchlist; revisit when new procurement demand or catalogue-fit evidence appears.,,
acct_fe54326debd2,WORLD FRIENDS ONLUS AMICI DEL MONDO ONLUS,org_bc895ee86f5a,Kenya,Implementing Partner,Qualify,0.0,MONITOR,0.0,0,0,0,0.00,0.0,NO_VERIFIED_CATALOGUE_MATCH,0,,0.0,NONE,0,0.0,,0.0,MONITOR,No strong commercial signal yet.,Keep on watchlist; revisit when new procurement demand or catalogue-fit evidence appears.,,
acct_ab269409b489,World Health Orgaisation,org_16466d9a7ed7,Kenya,Donor,Prioritise,0.0,MONITOR,0.0,0,0,0,0.00,0.0,NO_VERIFIED_CATALOGUE_MATCH,0,,0.0,NONE,0,0.0,,0.0,MONITOR,No strong commercial signal yet.,Keep on watchlist; revisit when new procurement demand or catalogue-fit evidence appears.,,
acct_cfda2ef79e4c,WORLD HEALTH ORGANISATION,org_f2c192337bbb,Tanzania; Democratic Republic of the Congo; AO; Rwanda,Implementing Partner,Qualify,0.0,MONITOR,0.0,0,0,0,0.00,0.0,NO_VERIFIED_CATALOGUE_MATCH,0,,0.0,NONE,0,0.0,,0.0,MONITOR,No strong commercial signal yet.,Keep on watchlist; revisit when new procurement demand or catalogue-fit evidence appears.,,
acct_33727572601d,World Health Organisation - assessed contributions,org_9d56378d344b,Ethiopia; Rwanda,Implementing Partner,Qualify,0.0,MONITOR,0.0,0,0,0,0.00,0.0,NO_VERIFIED_CATALOGUE_MATCH,0,,0.0,NONE,0,0.0,,0.0,MONITOR,No strong commercial signal yet.,Keep on watchlist; revisit when new procurement demand or catalogue-fit evidence appears.,,
acct_9812083202a3,WORLD HEALTH ORGANISATION (WHO),org_16d1b1d83a13,South Sudan,Implementing Partner,Qualify,0.0,MONITOR,0.0,0,0,0,0.00,0.0,NO_VERIFIED_CATALOGUE_MATCH,0,,0.0,NONE,0,0.0,,0.0,MONITOR,No strong commercial signal yet.,Keep on watchlist; revisit when new procurement demand or catalogue-fit evidence appears.,,
acct_1ede24e838ce,World Health Organization,org_906aee231f3a,Tanzania; Somalia; Democratic Republic of the Congo; South Sudan; Kenya; Ethiopia; Uganda; Rwanda; BE; EG; IE; NP; CH; GB; US; BD; GH; ID; MR; LK; TH,Donor,Prioritise,0.0,MONITOR,0.0,0,0,0,0.00,0.0,NO_VERIFIED_CATALOGUE_MATCH,0,,0.0,NONE,0,0.0,,0.0,MONITOR,No strong commercial signal yet.,Keep on watchlist; revisit when new procurement demand or catalogue-fit evidence appears.,,
acct_ce2ffa651a34,World Health Organization,org_03f184fc4d50,Ethiopia; NG; IN; PK; Somalia; MZ; SN; ZM; Kenya; BD; Tanzania; Democratic Republic of the Congo; Uganda; MX; IR; IQ; SY; AF; CN; South Sudan; Rwanda,Implementing Partner,Prioritise,0.0,MONITOR,0.0,0,0,0,0.00,0.0,NO_VERIFIED_CATALOGUE_MATCH,0,,0.0,NONE,0,0.0,,0.0,MONITOR,No strong commercial signal yet.,Keep on watchlist; revisit when new procurement demand or catalogue-fit evidence appears.,,
acct_60cadaefddb0,World Health Organization,org_3d8997fe9a0c,Uganda; Tanzania; Rwanda; MW; ID; TJ; JO; SL; NG; ZW; LR; BR; NP; EG; CH; US,Implementing Partner,Qualify,0.0,MONITOR,0.0,0,0,0,0.00,0.0,NO_VERIFIED_CATALOGUE_MATCH,0,,0.0,NONE,0,0.0,,0.0,MONITOR,No strong commercial signal yet.,Keep on watchlist; revisit when new procurement demand or catalogue-fit evidence appears.,,
acct_1ede24e838ce,World Health Organization (WHO,org_906aee231f3a,Kenya; KR; MN; KH; LA; TH; IN; KG; MK; TJ; UZ; RS; KW; PS; SA,Accountable Agency,Qualify,0.0,MONITOR,0.0,0,0,0,0.00,0.0,NO_VERIFIED_CATALOGUE_MATCH,0,,0.0,NONE,0,0.0,,0.0,MONITOR,No strong commercial signal yet.,Keep on watchlist; revisit when new procurement demand or catalogue-fit evidence appears.,,
acct_d62aab0c7cd7,World Meteorological Organization (WMO),org_ab52c12677db,Kenya; KR; MN; KH; LA; TH; IN; KG; MK; TJ; UZ; RS; KW; PS; SA,Accountable Agency,Qualify,0.0,MONITOR,0.0,0,0,0,0.00,0.0,NO_VERIFIED_CATALOGUE_MATCH,0,,0.0,NONE,0,0.0,,0.0,MONITOR,No strong commercial signal yet.,Keep on watchlist; revisit when new procurement demand or catalogue-fit evidence appears.,,
acct_8f2ab122b483,World Organisation for Animal Health (WOAH),org_24222a3b9b8a,Ethiopia; Kenya,Implementing Partner,Monitor,0.0,MONITOR,0.0,0,0,0,0.00,0.0,NO_VERIFIED_CATALOGUE_MATCH,0,,0.0,NONE,0,0.0,,0.0,MONITOR,No strong commercial signal yet.,Keep on watchlist; revisit when new procurement demand or catalogue-fit evidence appears.,,
acct_bc0c3a44adf4,WORLD RELIEF CORPORATION OF NATIONAL ASSOCIATION OF EVANGELICALS,org_4c7da9452216,South Sudan,Implementing Partner,Prioritise,0.0,MONITOR,0.0,0,0,0,0.00,0.0,NO_VERIFIED_CATALOGUE_MATCH,0,,0.0,NONE,0,0.0,,0.0,MONITOR,No strong commercial signal yet.,Keep on watchlist; revisit when new procurement demand or catalogue-fit evidence appears.,,
acct_2fe58f3e590f,World University Service of Canada,org_0561dbef409f,Kenya; ZW; Uganda; Democratic Republic of the Congo; Ethiopia; GH; MZ; NP; NG; Rwanda; SL; Tanzania; ZM,Implementing Partner,Qualify,0.0,MONITOR,0.0,0,0,0,0.00,0.0,NO_VERIFIED_CATALOGUE_MATCH,0,,0.0,NONE,0,0.0,,0.0,MONITOR,No strong commercial signal yet.,Keep on watchlist; revisit when new procurement demand or catalogue-fit evidence appears.,,
acct_a2449a88170b,WORLD VISION,org_5be3af5ac51e,Democratic Republic of the Congo,Implementing Partner,Prioritise,0.0,MONITOR,0.0,0,0,0,0.00,0.0,NO_VERIFIED_CATALOGUE_MATCH,0,,0.0,NONE,0,0.0,,0.0,MONITOR,No strong commercial signal yet.,Keep on watchlist; revisit when new procurement demand or catalogue-fit evidence appears.,,
acct_90aac45dc9ec,World Vision Canada,org_b570eca506e7,BD; Kenya; KH; Somalia; Tanzania; South Sudan,Implementing Partner,Prioritise,0.0,MONITOR,0.0,0,0,0,0.00,0.0,NO_VERIFIED_CATALOGUE_MATCH,0,,0.0,NONE,0,0.0,,0.0,MONITOR,No strong commercial signal yet.,Keep on watchlist; revisit when new procurement demand or catalogue-fit evidence appears.,,
acct_a3c16b25ca1a,World Vision Ethiopia,org_17796d21b28c,Ethiopia,Implementing Partner,Research,0.0,MONITOR,0.0,0,0,0,0.00,0.0,NO_VERIFIED_CATALOGUE_MATCH,0,,0.0,NONE,0,0.0,,0.0,MONITOR,No strong commercial signal yet.,Keep on watchlist; revisit when new procurement demand or catalogue-fit evidence appears.,,
acct_33a1ee44bc05,WORLD VISION INTERNATIONAL,org_ab3aa9c2fd63,South Sudan; Somalia; Uganda; Ethiopia,Donor,Prioritise,0.0,MONITOR,0.0,0,0,0,0.00,0.0,NO_VERIFIED_CATALOGUE_MATCH,0,,0.0,NONE,0,0.0,,0.0,MONITOR,No strong commercial signal yet.,Keep on watchlist; revisit when new procurement demand or catalogue-fit evidence appears.,,
acct_33a1ee44bc05,World Vision International,org_ab3aa9c2fd63,Somalia,Implementing Partner,Prioritise,0.0,MONITOR,0.0,0,0,0,0.00,0.0,NO_VERIFIED_CATALOGUE_MATCH,0,,0.0,NONE,0,0.0,,0.0,MONITOR,No strong commercial signal yet.,Keep on watchlist; revisit when new procurement demand or catalogue-fit evidence appears.,,
acct_b8e1ed3b5630,WORLD VISION INTERNATIONAL RWANDA RWANDA,org_701d264a935d,Rwanda,Implementing Partner,Prioritise,0.0,MONITOR,0.0,0,0,0,0.00,0.0,NO_VERIFIED_CATALOGUE_MATCH,0,,0.0,NONE,0,0.0,,0.0,MONITOR,No strong commercial signal yet.,Keep on watchlist; revisit when new procurement demand or catalogue-fit evidence appears.,,
acct_72ace4dcbaa9,WORLD VISION KENYA,org_d35b010bd40e,Kenya,Implementing Partner,Prioritise,0.0,MONITOR,0.0,0,0,0,0.00,0.0,NO_VERIFIED_CATALOGUE_MATCH,0,,0.0,NONE,0,0.0,,0.0,MONITOR,No strong commercial signal yet.,Keep on watchlist; revisit when new procurement demand or catalogue-fit evidence appears.,,
acct_fec2c9be1433,World Vision Netherlands,org_44aa50272484,Uganda,Donor,Qualify,0.0,MONITOR,0.0,0,0,0,0.00,0.0,NO_VERIFIED_CATALOGUE_MATCH,0,,0.0,NONE,0,0.0,,0.0,MONITOR,No strong commercial signal yet.,Keep on watchlist; revisit when new procurement demand or catalogue-fit evidence appears.,,
acct_fec2c9be1433,World Vision Netherlands,org_44aa50272484,Democratic Republic of the Congo,Donor,Qualify,0.0,MONITOR,0.0,0,0,0,0.00,0.0,NO_VERIFIED_CATALOGUE_MATCH,0,,0.0,NONE,0,0.0,,0.0,MONITOR,No strong commercial signal yet.,Keep on watchlist; revisit when new procurement demand or catalogue-fit evidence appears.,,
acct_b96e0dc7a889,World Vision Somalia,org_b624a7b3d8a4,Somalia,Implementing Partner,Qualify,0.0,MONITOR,0.0,0,0,0,0.00,0.0,NO_VERIFIED_CATALOGUE_MATCH,0,,0.0,NONE,0,0.0,,0.0,MONITOR,No strong commercial signal yet.,Keep on watchlist; revisit when new procurement demand or catalogue-fit evidence appears.,,
acct_d2332457ae21,World Vision South Sudan,org_43acd285291a,South Sudan,Implementing Partner,Research,0.0,MONITOR,0.0,0,0,0,0.00,0.0,NO_VERIFIED_CATALOGUE_MATCH,0,,0.0,NONE,0,0.0,,0.0,MONITOR,No strong commercial signal yet.,Keep on watchlist; revisit when new procurement demand or catalogue-fit evidence appears.,,
acct_9d113d9e013f,World Vision United Kingdom,org_fbd166968502,Kenya; ZW; Uganda; Democratic Republic of the Congo; Ethiopia; GH; MZ; NP; NG; Rwanda; SL; Tanzania; ZM; Somalia; South Sudan,Implementing Partner,Qualify,0.0,MONITOR,0.0,0,0,0,0.00,0.0,NO_VERIFIED_CATALOGUE_MATCH,0,,0.0,NONE,0,0.0,,0.0,MONITOR,No strong commercial signal yet.,Keep on watchlist; revisit when new procurement demand or catalogue-fit evidence appears.,,
acct_b5a3ef70bc0a,WRTHY,org_69e6d3b45e75,Kenya; NG,Implementing Partner,Research,0.0,MONITOR,0.0,0,0,0,0.00,0.0,NO_VERIFIED_CATALOGUE_MATCH,0,,0.0,NONE,0,0.0,,0.0,MONITOR,No strong commercial signal yet.,Keep on watchlist; revisit when new procurement demand or catalogue-fit evidence appears.,,
acct_2f5d71557222,WS INSIGHT LIMITED,org_0764cac2dbef,South Sudan,Implementing Partner,Prioritise,0.0,MONITOR,0.0,0,0,0,0.00,0.0,NO_VERIFIED_CATALOGUE_MATCH,0,,0.0,NONE,0,0.0,,0.0,MONITOR,No strong commercial signal yet.,Keep on watchlist; revisit when new procurement demand or catalogue-fit evidence appears.,,
acct_b69f633715bf,XM-DAC-302,org_05745c99f62a,Tanzania,Donor,Prioritise,0.0,MONITOR,0.0,0,0,0,0.00,0.0,NO_VERIFIED_CATALOGUE_MATCH,0,,0.0,NONE,0,0.0,,0.0,MONITOR,No strong commercial signal yet.,Keep on watchlist; revisit when new procurement demand or catalogue-fit evidence appears.,,
acct_76f2a9fef195,XM-DAC-41305,org_73abc9c28abd,Tanzania; Ethiopia,Donor,Prioritise,0.0,MONITOR,0.0,0,0,0,0.00,0.0,NO_VERIFIED_CATALOGUE_MATCH,0,,0.0,NONE,0,0.0,,0.0,MONITOR,No strong commercial signal yet.,Keep on watchlist; revisit when new procurement demand or catalogue-fit evidence appears.,,
acct_b03c12a980c2,XM-DAC-966,org_6a7aeded5089,Tanzania,Donor,Prioritise,0.0,MONITOR,0.0,0,0,0,0.00,0.0,NO_VERIFIED_CATALOGUE_MATCH,0,,0.0,NONE,0,0.0,,0.0,MONITOR,No strong commercial signal yet.,Keep on watchlist; revisit when new procurement demand or catalogue-fit evidence appears.,,
acct_3faccb5e0872,YAMBIO COUNTY HEALTH DEPARTMENT,org_1b88c7c4b1a2,South Sudan,Implementing Partner,Prioritise,0.0,MONITOR,0.0,0,0,0,0.00,0.0,NO_VERIFIED_CATALOGUE_MATCH,0,,0.0,NONE,0,0.0,,0.0,MONITOR,No strong commercial signal yet.,Keep on watchlist; revisit when new procurement demand or catalogue-fit evidence appears.,,
acct_bfa7cda03c6d,YOUNG AFRICANS SPORTS CLUB,org_81bd7ce33fef,Tanzania,Implementing Partner,Prioritise,0.0,MONITOR,0.0,0,0,0,0.00,0.0,NO_VERIFIED_CATALOGUE_MATCH,0,,0.0,NONE,0,0.0,,0.0,MONITOR,No strong commercial signal yet.,Keep on watchlist; revisit when new procurement demand or catalogue-fit evidence appears.,,
acct_a37c724e4c7e,YOUNG CHILD SURVIVAL & DEVELOPMENT,org_962cbb2ace6e,Somalia; Ethiopia; Kenya; Uganda; Democratic Republic of the Congo; South Sudan; Tanzania; Rwanda,Donor,Prioritise,0.0,MONITOR,0.0,0,0,0,0.00,0.0,NO_VERIFIED_CATALOGUE_MATCH,0,,0.0,NONE,0,0.0,,0.0,MONITOR,No strong commercial signal yet.,Keep on watchlist; revisit when new procurement demand or catalogue-fit evidence appears.,,
acct_7bbde9bdeee3,YOUNG WOMEN S CHRISTIAN ASSOCIATION OF RWANDA YWCA RWANDA,org_9b5ac82d3147,Rwanda,Implementing Partner,Prioritise,0.0,MONITOR,0.0,0,0,0,0.00,0.0,NO_VERIFIED_CATALOGUE_MATCH,0,,0.0,NONE,0,0.0,,0.0,MONITOR,No strong commercial signal yet.,Keep on watchlist; revisit when new procurement demand or catalogue-fit evidence appears.,,
acct_194dcc9174b8,Youth Social Advocacy Team Uganda,org_598d865225b8,Uganda,Implementing Partner,Qualify,0.0,MONITOR,0.0,0,0,0,0.00,0.0,NO_VERIFIED_CATALOGUE_MATCH,0,,0.0,NONE,0,0.0,,0.0,MONITOR,No strong commercial signal yet.,Keep on watchlist; revisit when new procurement demand or catalogue-fit evidence appears.,,
acct_71009779e9be,ZAMARA RISK AND INSURANCE BROKERS LTD,org_09ebff999b02,Kenya; KH; NG; Somalia; ZA; VN; ZW; IN; Rwanda; GH; SY; TL; IQ; EG; YE; TH; MW; MY; PH; PK; JO; BD; Ethiopia; MM; South Sudan; Democratic Republic of the Congo; ID; NP; TN; Tanzania,Implementing Partner,Qualify,0.0,MONITOR,0.0,0,0,0,0.00,0.0,NO_VERIFIED_CATALOGUE_MATCH,0,,0.0,NONE,0,0.0,,0.0,MONITOR,No strong commercial signal yet.,Keep on watchlist; revisit when new procurement demand or catalogue-fit evidence appears.,,
acct_08caf5ea5a96,Zankli Research Centre,org_b99b03569e37,GB; Kenya; NG; MW; Uganda,Implementing Partner,Prioritise,0.0,MONITOR,0.0,0,0,0,0.00,0.0,NO_VERIFIED_CATALOGUE_MATCH,0,,0.0,NONE,0,0.0,,0.0,MONITOR,No strong commercial signal yet.,Keep on watchlist; revisit when new procurement demand or catalogue-fit evidence appears.,,
acct_517901861eb5,ZANZIBAR AIDS COMMISSION,org_b9300736aa6f,Tanzania,Implementing Partner,Prioritise,0.0,MONITOR,0.0,0,0,0,0.00,0.0,NO_VERIFIED_CATALOGUE_MATCH,0,,0.0,NONE,0,0.0,,0.0,MONITOR,No strong commercial signal yet.,Keep on watchlist; revisit when new procurement demand or catalogue-fit evidence appears.,,
acct_58065a77cc54,ZANZIBAR ASSOCIATION OF PEOPLE LIVING WITH HIV AND AIDS ZAPHA,org_b2154f47a67d,Tanzania,Implementing Partner,Prioritise,0.0,MONITOR,0.0,0,0,0,0.00,0.0,NO_VERIFIED_CATALOGUE_MATCH,0,,0.0,NONE,0,0.0,,0.0,MONITOR,No strong commercial signal yet.,Keep on watchlist; revisit when new procurement demand or catalogue-fit evidence appears.,,
acct_dfa6e8f2a86b,Zenysis Technologies Inc.,org_f78a2cb4b397,Rwanda,Implementing Partner,Prioritise,0.0,MONITOR,0.0,0,0,0,0.00,0.0,NO_VERIFIED_CATALOGUE_MATCH,0,,0.0,NONE,0,0.0,,0.0,MONITOR,No strong commercial signal yet.,Keep on watchlist; revisit when new procurement demand or catalogue-fit evidence appears.,,
acct_2f4d47d263e1,Zone de santé de Goma,org_ef486a06e566,Democratic Republic of the Congo,Implementing Partner,Qualify,0.0,MONITOR,0.0,0,0,0,0.00,0.0,NO_VERIFIED_CATALOGUE_MATCH,0,,0.0,NONE,0,0.0,,0.0,MONITOR,No strong commercial signal yet.,Keep on watchlist; revisit when new procurement demand or catalogue-fit evidence appears.,,
acct_6ac38889ce0c,Zone de santé Kintambo,org_60e725333bdc,Democratic Republic of the Congo,Implementing Partner,Monitor,0.0,MONITOR,0.0,0,0,0,0.00,0.0,NO_VERIFIED_CATALOGUE_MATCH,0,,0.0,NONE,0,0.0,,0.0,MONITOR,No strong commercial signal yet.,Keep on watchlist; revisit when new procurement demand or catalogue-fit evidence appears.,,
