donor_intelligence_id,donor_name,source_aliases,project_count,active_projects,pipeline_projects,reported_budget,reported_budget_usd,disbursement_usd,future_disbursement_usd,disbursement_ratio,average_score,high_priority_opportunities,likely_procurement_count,top_countries,country_count,country_concentration,top_implementers,top_equipment_categories,equipment_specificity,next_window,latest_update,donor_score,commercial_priority,intelligence_notes,source_layer
donor_intel_5b5eed9ca6ea,William and Flora Hewlett Foundation,William and Flora Hewlett Foundation,2,2,0,2495200.0,1821496.0,0.0,0.0,0.0,88.9,2,2,ET; KE; MW; NG,6,0.167,African Institute for Development Policy; Center for Rapid Evidence Synthesis,Facility Infrastructure,1.0,Q2 2027,,79.7,Strategic donor,High equipment specificity; Contains likely procurement programmes,intelligence
donor_intel_6e2ac7587f92,Gates Philanthropy Partners,Gates Philanthropy Partners,3,3,0,9308305.43,9308305.43,224389.15,0.0,0.024,77.9,3,3,ET; KE; SS,3,0.333,World Health Organization,Diagnostic Equipment,1.0,Q4 2026,,77.6,Strategic donor,High equipment specificity; Contains likely procurement programmes,intelligence
donor_intel_5499cc222745,Mohamed bin Zayed Foundation for Humanity,Mohamed bin Zayed Foundation for Humanity,3,3,0,9308305.43,9308305.43,224389.15,0.0,0.024,77.9,3,3,ET; KE; SS,3,0.333,World Health Organization,Diagnostic Equipment,1.0,Q4 2026,,77.6,Strategic donor,High equipment specificity; Contains likely procurement programmes,intelligence
donor_intel_bf582465e170,University of Birmingham,University of Birmingham,1,1,0,4030527.81,5441212.54,0.0,0.0,0.0,78.8,1,1,GB; KE; NG; US,4,0.25,African Population Health Research Center; Bayero University; Health Research Operations Kenya Limited - The Operating Vehicle for the KEMRI-Wellcome Trust Research Programme; University of Edinburgh,Facility Infrastructure,1.0,Q4 2026,,77.5,Strategic donor,High equipment specificity; Contains likely procurement programmes,intelligence
donor_intel_62301607505b,UK - Department of Health and Social Care,UK - Department of Health and Social Care,1,1,0,1972801.0,2663281.35,0.0,0.0,0.0,74.9,1,1,GB; UG,2,0.5,MRC/UVRI & LSHTM Uganda Research Unit; Uganda Virus Research Institute,Diagnostic Equipment,1.0,Q2 2027,,76.0,Strategic donor,High equipment specificity; Contains likely procurement programmes,intelligence
donor_intel_0df27154ae97,Country - Thematic Humanitarian Res,Country - Thematic Humanitarian Res,2,2,0,289853930.0,289853930.0,1480560.8,144926965.0,0.005,93.9,2,0,SO,1,1.0,MINISTRY OF HEALTH AND HUMAN SERVICES FEDERAL GOVERNMENT OF; MINISTRY OF HEALTH AND SOCIAL CARE HIRSHABELLE STATE OF SOMALIA; MINISTRY OF HEALTH DEVELOPMENT SOMALILAND; MINISTRY OF HEALTH GALMUDUG STATE,Diagnostic Equipment,0.0,Q1 2027,,74.1,Priority donor,Has dated future disbursements,intelligence
donor_intel_d79f252f729f,CBM eV,CBM eV,1,1,0,210000.0,210000.0,0.0,0.0,0.0,87.9,1,0,SS,1,1.0,Cordaid South Sudan,Facility Infrastructure,1.0,Q4 2027,,74.1,Priority donor,High equipment specificity,intelligence
donor_intel_b1e8873de998,"Ministry for Europe and Foreign Affairs (MEAE), France","Ministry for Europe and Foreign Affairs (MEAE), France",1,1,0,9562382.47,9562382.47,26225.65,0.0,0.003,79.3,1,1,CD,1,1.0,World Health Organization,Diagnostic Equipment,1.0,Q4 2026,,74.0,Priority donor,High equipment specificity; Contains likely procurement programmes,intelligence
donor_intel_e9badbaf44a5,Iceland,Iceland,3,2,1,106397408.0,106397408.0,5733486.8,12266564.0,0.054,73.9,3,0,UG; KE,2,0.556,IP not published; UNICEF; BUDAKA DISTRICT L G; BUGIRI DISTRICT LOCAL GOVERNMENT,Diagnostic Equipment; Facility Infrastructure; Power & Utilities,0.333,Q1 2027,,73.8,Priority donor,High equipment specificity; Has dated future disbursements,intelligence
donor_intel_dbaec751ef47,SAFE AND HEALTHY ENVIRONMENT,SAFE AND HEALTHY ENVIRONMENT,2,2,0,224593372.0,224593372.0,881028.8,104002712.0,0.004,78.9,2,0,KE; SO,2,0.5,UNICEF; ACTION AGAINST HUNGER USA; CARE INTERNATIONAL SOMALIA; COUNTY GOVERNMENT OF MARSABIT DEPARTMENT OF HEALTH SERVICES,Diagnostic Equipment,0.0,Q1 2027,,73.8,Priority donor,Has dated future disbursements,intelligence
donor_intel_42f1c2216790,Malta,Malta,1,1,0,101966286.0,101966286.0,15243844.44,45809471.0,0.149,93.9,1,0,ET,1,1.0,AAC ADM FIN AND ECO UN HEALTH AND NUT; AFAR REGIONAL HEALTH BUREAU; AMHARA BUREAU OF HEALTH; AMHARA DEVELOPMENT ASSOCIATION,Diagnostic Equipment,0.0,Q1 2027,,73.5,Priority donor,Has dated future disbursements,intelligence
donor_intel_bb796fd1193f,"Ministry of Foreign Affairs, Monaco","Ministry of Foreign Affairs, Monaco",1,1,0,3784462.28,3784462.28,224389.15,0.0,0.059,78.3,1,1,ET,1,1.0,World Health Organization,Diagnostic Equipment,1.0,Q4 2026,,73.1,Priority donor,High equipment specificity; Contains likely procurement programmes,intelligence
donor_intel_9b584d4cb718,European Investment Bank,European Investment Bank,16,13,3,969656432.65,969656432.65,115888684.99,299794312.0,0.12,75.0,15,2,CD; ET; TZ; KE,7,0.188,IP not published; UNICEF; DIVISION PROVINCIALE SANTE BAS UELE; DIVISION PROVINCIALE SANTE TSHUAPA,Diagnostic Equipment; Facility Infrastructure,0.125,Q1 2027; Q4 2026,,72.4,Strategic donor,Has dated future disbursements; Contains likely procurement programmes,intelligence
donor_intel_99c11c1b8b55,USA (State) GHSD,USA (State) GHSD,25,23,2,1772651572.0,1772651572.0,133898834.01,643023647.0,0.076,73.1,25,0,KE; ET; CD; SO,6,0.203,IP not published; UNICEF; AGENCE D ACHAT DES PERFORMANCES; COUNTY GOVERNMENT OF BUSIA DEPARTMENT OF HEALTH AND SANITATION,Diagnostic Equipment,0.0,Q1 2027; Q4 2026,,71.8,Strategic donor,Has dated future disbursements,intelligence
donor_intel_c8bbef7def40,Cyprus,Cyprus,6,4,2,110350230.0,110350230.0,16115683.14,24006799.0,0.146,74.8,6,1,TZ; KE; RW; SS,5,0.222,IP not published; UNICEF; BUHIGWE DISTRICT COUNCIL; CATHOLIC RELIEF SERVICES,Diagnostic Equipment; Power & Utilities,0.167,Q1 2027; Q4 2026,,71.8,Priority donor,Has dated future disbursements; Contains likely procurement programmes,intelligence
donor_intel_bb36857f5035,Department of Health and Social Care,Department of Health and Social Care,1,1,0,1009629.4,1362999.69,0.0,0.0,0.0,74.1,1,1,KE,1,1.0,Tropical Institute of Community Health and Development; University of Sunderland,IT / Health Information Systems,1.0,Q2 2027,,71.3,Priority donor,High equipment specificity; Contains likely procurement programmes,intelligence
donor_intel_2bf211d25341,Central Emergency Response Fund,Central Emergency Response Fund,16,14,2,939334312.0,939334312.0,72980822.33,316385232.0,0.078,68.8,16,0,SS; CD; ET; SO,5,0.273,UNICEF; IP not published; AMREF HEALTH AFRICA; WORLD VISION INTERNATIONAL,Diagnostic Equipment,0.0,Q1 2027; Q4 2026,,70.3,Strategic donor,Has dated future disbursements,intelligence
donor_intel_29bb94f5978b,Somalia,Somalia,4,4,0,358792166.0,358792166.0,2466810.19,179396083.0,0.007,79.3,4,0,SO,1,1.0,MINISTRY OF HEALTH AND HUMAN SERVICES FEDERAL GOVERNMENT OF; UNICEF; MINISTRY OF HEALTH AND SOCIAL CARE HIRSHABELLE STATE OF SOMALIA; MINISTRY OF HEALTH DEVELOPMENT SOMALILAND,Diagnostic Equipment,0.0,Q1 2027,,70.2,Priority donor,Has dated future disbursements,intelligence
donor_intel_0422969a3b44,Education Cannot Wait Fund,Education Cannot Wait Fund,2,2,0,149882412.0,149882412.0,15534989.39,62757924.0,0.104,65.6,2,0,CD; ET,2,0.5,IP not published; UNICEF; ACTION FOR INTEGRATED SUSTAINABLE DEVELOPMENT ASSOCIATION; ADDIS ABABA CITY ADMINISTRATION FINANCE ECONOMIC DEVELOPMENT BUREAU,,0.0,Q1 2027,,69.8,Priority donor,Has dated future disbursements,intelligence
donor_intel_a413c79fc8be,United Nations Central Emergency Response Fund (CERF),United Nations Central Emergency Response Fund (CERF),5,5,0,19850431.5,19850431.5,698945.12,0.0,0.035,70.5,4,4,ET; CD; SO; SS,4,0.28,World Health Organization,Diagnostic Equipment,0.8,Q4 2026,,69.1,Priority donor,High equipment specificity; Contains likely procurement programmes,intelligence
donor_intel_6c36ed68068b,The Global Fund,"The Global Fund to Fight AIDS; The Global Fund to Fight AIDS, Tuberculosis and Malaria; Global Fund to Fight AIDS, Tuberculosis and Malaria (GFATM); Global Fund to Fight AIDS, Tuberculosis and Malaria; Global Fund To Fight AidscommaTuberculosis And Malaria; Global Fund",61,79,13,6488234601.91,6488234601.91,3707701833.9,328428481.0,0.571,60.0,43,22,SO; KE; ET; SS,8,0.145,IP not published; UNICEF; SOMALI FEDERAL PARLIAMENT HOUSE OF THE PEOPLE; SOMALIA DISASTER MANAGEMENT AGENCY FDS,Diagnostic Equipment; Facility Infrastructure; Laboratory Systems; Medical Devices & Equipment,0.41,Q4 2026; Q1 2027,,68.9,Strategic donor,High equipment specificity; Has dated future disbursements; Contains likely procurement programmes,intelligence
donor_intel_a17d7046e0a7,Country - Survive & Thrive,Country - Survive & Thrive,2,2,0,53749674.0,53749674.0,4128149.58,23080219.0,0.077,64.4,2,0,ET; RW,2,0.5,UNICEF; AAC ADM FIN AND ECO UN HEALTH AND NUT; AFAR REGIONAL HEALTH BUREAU; AMHARA BUREAU OF HEALTH,,0.0,Q1 2027,,68.4,Priority donor,Has dated future disbursements,intelligence
donor_intel_d7a7af416a91,African Development Fund,African Development Fund,2,2,0,36000000.0,0.0,0.0,0.0,0.0,79.4,2,2,ET; KE,2,0.5,Ministry of Health; Ministry of finance,Diagnostic Equipment; Facility Infrastructure,1.0,Q4 2026,,68.2,Priority donor,High equipment specificity; Contains likely procurement programmes,intelligence
donor_intel_857837852594,Global - Programmes,Global - Programmes,5,3,2,638727520.0,638727520.0,62359711.96,255699005.0,0.098,67.6,5,0,CD; RW,2,0.68,UNICEF; AGENCE D ACHAT DES PERFORMANCES; DIVISION PROVINCIALE DE LA SANTE SUD KIVU; DIVISION PROVINCIALE SANTE BAS UELE,,0.0,Q1 2027,,67.7,Priority donor,Has dated future disbursements,intelligence
donor_intel_e2271e6a7339,German Federal Foreign Office,German Federal Foreign Office,24,19,5,2474316964.0,2474316964.0,207322576.03,646390986.0,0.084,67.9,21,0,SS; CD; ET; KE,6,0.243,IP not published; UNICEF; AMREF HEALTH AFRICA; INTERNATIONAL RESCUE COMMITTEE,Diagnostic Equipment,0.0,Q1 2027; Q4 2026,,67.1,Strategic donor,Has dated future disbursements,intelligence
donor_intel_4d2a7c1d4384,Korea International Cooperation Age,Korea International Cooperation Age,9,7,2,847347336.0,847347336.0,75689848.47,323098617.0,0.089,65.7,8,0,CD; KE; TZ,3,0.506,UNICEF; IP not published; AGENCE D ACHAT DES PERFORMANCES; MEDECINS D AFRIQUE RD CONGO,,0.0,Q1 2027,,66.6,Priority donor,Has dated future disbursements,intelligence
donor_intel_302efee24674,The Pandemic Fund,The Pandemic Fund,5,5,0,36673218.33,36673218.33,0.0,0.0,0.0,69.4,5,0,CD; ET; SO; SS,5,0.2,Food and Agriculture Organization (FAO),Diagnostic Equipment; Laboratory Systems,0.4,Q1 2028; Q2 2029,,66.4,Priority donor,High equipment specificity,intelligence
donor_intel_2da4d0b37c84,United States of America,United States of America,14,9,5,556142372.0,556142372.0,38998061.6,42297356.0,0.07,70.9,10,2,TZ; KE; SS; ET,4,0.296,IP not published; UNICEF; PS MINISTRY OF HEALTH ZNZ; REGIONAL ADMINISTRATIVE SECRETARY SONGWE,Diagnostic Equipment; Power & Utilities; Facility Infrastructure,0.143,Q1 2027; Q4 2026,,66.1,Priority donor,Has dated future disbursements; Contains likely procurement programmes,intelligence
donor_intel_0247e5c03fca,Global - Gender Equality,Global - Gender Equality,2,1,1,80661410.0,80661410.0,12238039.02,36500705.0,0.152,67.9,2,0,CD; SO,2,0.5,UNICEF; ACTION AGAINST HUNGER USA; ACTION DES VOLONTAIRES UNIS POUR LE DEVELOPPEMENT ET LA SANTE; ACTIONS POUR LA PROTECTION ET L ENCADREMENT DE L ENFANT,,0.0,Q1 2027,,65.9,Priority donor,Has dated future disbursements,intelligence
donor_intel_e2994d5fdae0,IOM - International Organization,IOM - International Organization,1,1,0,108200732.0,108200732.0,15736319.38,19997069.0,0.145,65.5,1,0,SS,1,1.0,IP not published; ABYEI COMMUNITY ACTION FOR DEVELOPMENT; ACROSS AFRICA DEVELOPMENT ORGANIZATION; ACTION FOR CONFLICT RESOLUTION,,0.0,Q4 2026,,65.1,Priority donor,Has dated future disbursements,intelligence
donor_intel_2c018b11e9d2,Deutsche Gesellschaft für,Deutsche Gesellschaft für,1,1,0,55831612.0,55831612.0,13709939.08,25137604.0,0.246,65.3,1,0,ET,1,1.0,IP not published; ACTION FOR INTEGRATED SUSTAINABLE DEVELOPMENT ASSOCIATION; ADDIS ABABA CITY ADMINISTRATION FINANCE ECONOMIC DEVELOPMENT BUREAU; ADDIS ABABA CIVIL REGISTRATION AND RESIDENCY SERVICE AGENCY,,0.0,Q1 2027,,64.8,Priority donor,Has dated future disbursements,intelligence
donor_intel_1b0a2eb74aad,Government of Austria,Government of Austria,2,1,1,44989884.0,44989884.0,913673.78,1401678.0,0.02,74.0,1,1,ET; TZ,2,0.5,UNICEF; AMHARA BUREAU OF WATER IRRIGATION AND ENERGY DEVELOPMENT; D TREE INTERNATIONAL; DED MAKETE WASH,Diagnostic Equipment; Power & Utilities,0.5,Q1 2027,,64.4,Priority donor,High equipment specificity; Has dated future disbursements; Contains likely procurement programmes,intelligence
donor_intel_2ff1de41845b,Global - Social Policy & Social,Global - Social Policy & Social,3,2,1,372009090.0,372009090.0,37871085.78,148803636.0,0.102,67.5,3,0,CD,1,1.0,UNICEF; ACTION DES VOLONTAIRES UNIS POUR LE DEVELOPPEMENT ET LA SANTE; ACTIONS POUR LA REHABILITATION ET LA PROMOTION SOCIALE; AGENCE D ACHAT DES PERFORMANCES,,0.0,Q1 2027,,64.2,Priority donor,Has dated future disbursements,intelligence
donor_intel_3dcf21e1de40,Catalan Agency for Development,Catalan Agency for Development,2,2,0,77738492.0,77738492.0,4072926.37,6281357.0,0.052,64.0,2,0,KE,1,1.0,COUNTY GOVERNMENT OF MARSABIT DEPARTMENT OF HEALTH SERVICES; UNICEF; ACTION AGAINST HUNGER; COUNCIL OF GOVERNORS,,0.0,Q1 2027,,63.8,Priority donor,Has dated future disbursements,intelligence
donor_intel_aab90aecd1a7,Pandemic Fund,Pandemic Fund,6,6,0,29624216.86,29624216.86,1751259.75,0.0,0.059,66.2,4,4,ET; TZ; CD; RW,4,0.278,World Health Organization,Diagnostic Equipment,0.667,Q4 2026,,63.7,Priority donor,High equipment specificity; Contains likely procurement programmes,intelligence
donor_intel_35f52a63984c,Première Urgence Internationale,Première Urgence Internationale,3,3,0,45000000.0,4860000.0,20250000.0,0.0,4.167,66.5,3,1,CD; ET; BF; FR,8,0.14,Première Urgence Internationale; DJF; Nexus Ethiopia; PREMIERE URGENCE INTERNATIONALE,Power & Utilities,0.333,Q1 2027,,63.3,Priority donor,High equipment specificity; Contains likely procurement programmes,intelligence
donor_intel_ec9f74ca516a,Saudi Arabia,Saudi Arabia,12,8,4,817979574.0,817979574.0,73210620.88,283721100.0,0.09,65.4,9,0,SO; CD; ET; TZ,5,0.264,UNICEF; IP not published; SOMALI FEDERAL PARLIAMENT HOUSE OF THE PEOPLE; SOMALIA DISASTER MANAGEMENT AGENCY FDS,Diagnostic Equipment,0.0,Q1 2027; Q4 2026,,63.1,Priority donor,Has dated future disbursements,intelligence
donor_intel_14c34525f1c9,Innovation Norway,Innovation Norway,1,1,0,38387474.0,38387474.0,3575765.16,2926157.0,0.093,64.0,1,0,KE,1,1.0,IP not published; CBCC AFRICA; COUNTY COORDINATOR CHILDREN SERVICES KAJIADO COUNTY; COUNTY DEPARTMENT OF HEALTH ISIOLO,,0.0,Q1 2027,,62.9,Priority donor,Has dated future disbursements,intelligence
donor_intel_30915106c606,Ministry of Foreign Affairs NL,Ministry of Foreign Affairs NL,1,1,0,7666421.0,8969712.57,0.0,7489919.97,0.0,63.4,1,0,ET,1,1.0,Stichting Plan Nederland,,0.0,Q1 2027,,62.4,Priority donor,Has dated future disbursements,intelligence
donor_intel_2b33df212831,Danish Refugee Council / Danish Demining Group (DRC/DDG),Danish Refugee Council / Danish Demining Group (DRC/DDG),2,2,0,2600000.01,3510000.01,1517629.7,0.0,0.432,57.8,1,1,TZ; UG,2,0.5,"International Rescue Committee Inc.; International Rescue Committee, The",Power & Utilities,1.0,Q2 2027,,62.4,Priority donor,High equipment specificity; Contains likely procurement programmes,intelligence
donor_intel_7487c6ab5805,"Ministry of Foreign Affairs, Japan","Ministry of Foreign Affairs, Japan",4,4,0,13695156.04,13695156.05,672654.61,0.0,0.049,67.0,3,2,ET; TZ,2,0.625,World Health Organization,Diagnostic Equipment; Facility Infrastructure,0.5,Q4 2026,,62.3,Priority donor,High equipment specificity; Contains likely procurement programmes,intelligence
donor_intel_837c7cca167d,UNTFHS - UN Trust Fund for,UNTFHS - UN Trust Fund for,1,0,1,9031442.0,9031442.0,0.0,0.0,0.0,64.4,1,0,RW,1,1.0,IP not published; UNICEF,Facility Infrastructure; Power & Utilities,1.0,No dated window,,61.8,Priority donor,High equipment specificity,intelligence
donor_intel_904bc9bf9a4a,World Bank,World Bank - Washington D.C.; International Development Association,34,20,14,3495159663.0,3495159663.0,518082910.95,582272171.0,0.148,60.0,25,1,SS; ET; CD; RW,7,0.304,IP not published; UNICEF; WORLD VISION INTERNATIONAL; AMREF HEALTH AFRICA,Diagnostic Equipment; Medical Devices & Equipment; Cold Chain / Storage; Facility Infrastructure,0.059,Q4 2026; Q1 2027,,61.7,Strategic donor,Has dated future disbursements; Contains likely procurement programmes,intelligence
donor_intel_20633f5a038a,Global Partnership for Education,Global Partnership for Education,4,2,2,199982806.0,199982806.0,19465341.88,40764003.0,0.097,64.3,3,0,SS; ET; RW,3,0.375,IP not published; UNICEF; MINISTRY OF HEALTH REPUBLIC OF SOUTH SUDAN; NILE HOPE DEVELOPMENT FORUM,Diagnostic Equipment,0.0,Q1 2027; Q4 2026,,61.0,Priority donor,Has dated future disbursements,intelligence
donor_intel_47efb4639043,United Republic of Tanzania,United Republic of Tanzania,6,6,0,89419362.67,89419362.67,12059489.74,11147540.0,0.135,62.8,4,1,TZ,1,1.0,BENJAMIN WILLIAM MKAPA FOUNDATION; MUHIMBILI UNIVERSITY OF HEALTH AND ALLIED SCIENCES; NATIONAL BUREAU OF STATISTICS; PS MINISTRY OF HEALTH AND SOCIAL WELFARE ENVIRONMENTAL HEALTH,Diagnostic Equipment; Facility Infrastructure,0.167,Q1 2027; Q4 2026,,60.6,Priority donor,Has dated future disbursements; Contains likely procurement programmes,intelligence
donor_intel_07c795ab3e7d,UNICEF,UNICEF Regular Resources; Danish Committee for UNICEF; United States Fund for UNICEF; United Kingdom Committee for UNICEF; German Committee for UNICEF; UNICEF-United Arab Emirates; Canadian UNICEF Committee; Committee for UNICEF Switzerland; Italian Committee for UNICEF; French Committee for UNICEF; United Nations Children's Fund (UNICEF); UNICEF-Saudi Arabia; Japan Committee for UNICEF; UNICEF-QATAR; New Zealand Committee for UNICEF; Slovak Committee for UNICEF; Swedish Committee for UNICEF; Norwegian Committee for UNICEF; Hong Kong Committee for UNICEF; Netherlands Committee for UNICEF; UNICEF-Rwanda; UNICEF; UNICEF-Mexico; Belgian Committee for UNICEF; Polish National Comm for UNICEF; Spanish Committee for UNICEF; UNICEF South Sudan; UNICEF-Uganda; Hungarian National Comm for UNICEF; UNICEF-United Republic of Tanzania; Australian Committee for UNICEF; Finnish Committee for UNICEF; UNICEF Kenya; Luxembourg Committee for UNICEF; UN Children's Fund (UNICEF); UNICEF-Argentina; Korean Committee for UNICEF; United Nations Children's Fund,325,267,562,29167001063.35,27505580272.34,1292095064.19,4551749248.0,0.047,51.2,303,17,ET; SS; SO; KE,22,0.145,UNICEF; IP not published; SWER BUEARU OF AGRICULTURE; GPNRS LIVESTOCK AND FISHE RES DEV BUREAU,Diagnostic Equipment; Power & Utilities; Facility Infrastructure; Cold Chain / Storage,0.302,Q1 2027; Q4 2026,,60.5,Strategic donor,High equipment specificity; Has dated future disbursements; Contains likely procurement programmes,intelligence
donor_intel_8b8feb0d49cf,"Department of Foreign Affairs, Trade and Development (DFATD), Canada","Department of Foreign Affairs, Trade and Development (DFATD), Canada",5,5,0,15576799.42,15576799.42,224389.15,0.0,0.014,63.1,3,3,ET; CD; KE; SO,4,0.28,World Health Organization,Diagnostic Equipment,0.6,Q4 2026,,60.1,Priority donor,High equipment specificity; Contains likely procurement programmes,intelligence
donor_intel_0a92fab32301,Anonymous,Anonymous,1,0,1,658097.0,888430.95,205692.75,0.0,0.232,62.9,1,0,UG,1,1.0,Amref Health Africa in Uganda,Diagnostic Equipment; Facility Infrastructure,1.0,No dated window,,59.9,Priority donor,High equipment specificity,intelligence
donor_intel_57aa8b00a136,Global - Education,Global - Education,7,3,4,262980312.0,262980312.0,17901557.76,64295720.0,0.068,63.2,4,0,SS; CD; KE; RW,5,0.265,UNICEF; IP not published; AMREF HEALTH AFRICA; ABYEI COMMUNITY ACTION FOR DEVELOPMENT,Diagnostic Equipment; Power & Utilities,0.143,Q1 2027; Q4 2026,,59.5,Priority donor,Has dated future disbursements,intelligence
donor_intel_f039529436c5,"DEPARTMENT FOR SCIENCE, INNOVATION AND TECHNOLOGY","DEPARTMENT FOR SCIENCE, INNOVATION AND TECHNOLOGY",3,3,0,2634796.97,3556975.9,3522418.6,2711783.56,0.99,65.3,1,1,KE; TZ; UG,3,0.333,INFECTIOUS DISEASES INSTITUTE; UNIVERSITY OF GLASGOW; UNIVERSITY OF NOTTINGHAM,Facility Infrastructure; Vehicles & Transport,0.333,Q4 2026; Q3 2026,,59.2,Priority donor,High equipment specificity; Has dated future disbursements; Contains likely procurement programmes,intelligence
donor_intel_91522dfaa318,Global - Nutrition,Global - Nutrition,44,25,19,1307156620.0,1307156620.0,71481605.53,307410699.0,0.055,55.5,29,2,ET; SS; KE; RW,7,0.242,UNICEF; IP not published; SWER BUEARU OF AGRICULTURE; GPNRS LIVESTOCK AND FISHE RES DEV BUREAU,Diagnostic Equipment; Power & Utilities,0.068,Q1 2027; Q4 2026,,59.0,Strategic donor,Has dated future disbursements; Contains likely procurement programmes,intelligence
donor_intel_1ac5120f1455,Sasakawa Health Foundation,Sasakawa Health Foundation,5,5,0,6583828.11,6583828.1,434076.92,0.0,0.066,69.0,5,0,CD; ET; SO; SS,5,0.2,World Health Organization,Diagnostic Equipment,0.0,Q4 2026,,58.9,Priority donor,Baseline donor profile,intelligence
donor_intel_57ab03e6063c,Norway / Norad,Norway; Norwegian Agency for Development Cooperation (NORAD),39,20,19,1842108641.68,1842108641.68,263996006.22,401155812.0,0.143,56.8,22,0,ET; SS; CD; TZ,8,0.169,IP not published; UNICEF; AMREF HEALTH AFRICA; AMHARA BUREAU OF WATER IRRIGATION AND ENERGY DEVELOPMENT,Facility Infrastructure; Power & Utilities; Diagnostic Equipment; Medical Devices & Equipment,0.154,Q1 2027; Q2 2027,,58.6,Strategic donor,Has dated future disbursements,intelligence
donor_intel_ce9415510a40,Ireland,Ireland,26,13,13,1075644580.0,1075644580.0,74256827.43,256709802.0,0.069,58.1,16,2,TZ; ET; CD; KE,7,0.219,UNICEF; IP not published; PS MINISTRY OF HEALTH AND SOCIAL WELFARE HEALTH PROMOTION; PS MINISTRY OF HEALTH ZNZ,Diagnostic Equipment; Power & Utilities; Facility Infrastructure,0.077,Q1 2027,,58.6,Strategic donor,Has dated future disbursements; Contains likely procurement programmes,intelligence
donor_intel_275719ea1460,Global - Water Sanitation & Hygiene,Global - Water Sanitation & Hygiene,22,3,19,438656210.0,438656210.0,1431593.28,13562048.0,0.003,59.4,10,0,SS; KE; RW; ET,7,0.236,IP not published; UNICEF; AMREF HEALTH AFRICA; WORLD VISION INTERNATIONAL,Power & Utilities; Facility Infrastructure; Diagnostic Equipment,0.455,Q4 2026; Q1 2027,,58.4,Priority donor,High equipment specificity; Has dated future disbursements,intelligence
donor_intel_9b862e9b95e3,Carter Center,Carter Center,2,2,0,1247368.26,1247368.26,137512.47,0.0,0.11,68.2,2,0,ET; SS,2,0.5,World Health Organization,Diagnostic Equipment,0.0,Q4 2026,,57.6,Priority donor,Baseline donor profile,intelligence
donor_intel_57ffd823e908,Bill & Melinda Gates Foundation,Gates Foundation; Bill & Melinda Gates Foundation; Bill and Melinda Gates Foundation; BILL AND MELINDA GATES FOUNDATION,447,435,13,2218102884.01,2218102884.01,1417097920.08,260012923.34,0.639,58.5,235,45,ET; KE; NG; CD,72,0.063,World Health Organization; Health Research Operations Kenya Limited; UNICEF; Clinton Health Access Initiative Inc,Diagnostic Equipment; Facility Infrastructure; IT / Health Information Systems; Medical Devices & Equipment,0.094,Q4 2026; Q1 2027,,57.1,Strategic donor,Has dated future disbursements; Contains likely procurement programmes,intelligence
donor_intel_d506a9b79c2f,Europäische Union (EU),Europäische Union (EU),2,2,0,29463147.3,34471882.34,0.0,0.0,0.0,61.5,1,1,RW; SS,2,0.5,Ministry of Trade and Industry; entfällt,Facility Infrastructure,0.5,Q1 2027; Q4 2026,,56.8,Priority donor,High equipment specificity; Contains likely procurement programmes,intelligence
donor_intel_71f015d491f6,Oxfam Novib,Oxfam Novib,3,3,0,5673611.0,6638124.87,6166262.11,0.0,0.929,62.4,2,1,SO; CD,2,0.556,Medair; Oxfam GB,Power & Utilities; Medical Devices & Equipment,0.333,Q4 2026,,56.4,Priority donor,High equipment specificity; Contains likely procurement programmes,intelligence
donor_intel_27f3950087e4,Uganda,Uganda,6,4,2,61705993.24,61705993.24,2473493.64,18458095.0,0.04,65.4,4,0,UG,1,1.0,IP not published; UNICEF; MINISTRY OF HEALTH; MUKONO DISTRICT LOCAL GOVERNMENT,Diagnostic Equipment,0.0,Q1 2027; Q4 2026,,56.0,Priority donor,Has dated future disbursements,intelligence
donor_intel_c34a40fb2755,Austria - Ministry of Finance,Austria - Ministry of Finance,1,1,0,30779234.85,30779234.85,24072945.45,0.0,0.782,69.7,1,0,SO,1,1.0,Energy Sector Management Assistance Program Multi Donor Fund - Successor to TF071398; Global Financing Facility for Womencomma Children and Adolescents Multi-Donor Trust Fund; Green Climate Fund (GCF) - Cooling Facility Trust Fund; Multi-Donor Trust Fund for the Global Financing Facility (GFF) in Support of Every Woman Every Child - Parallel Trust Fund,Facility Infrastructure; Medical Devices & Equipment,0.0,Q2 2027,,56.0,Priority donor,Baseline donor profile,intelligence
donor_intel_7cb84b642224,ClimateWorks Foundation,ClimateWorks Foundation,1,1,0,30779234.85,30779234.85,24072945.45,0.0,0.782,69.7,1,0,SO,1,1.0,Energy Sector Management Assistance Program Multi Donor Fund - Successor to TF071398; Global Financing Facility for Womencomma Children and Adolescents Multi-Donor Trust Fund; Green Climate Fund (GCF) - Cooling Facility Trust Fund; Multi-Donor Trust Fund for the Global Financing Facility (GFF) in Support of Every Woman Every Child - Parallel Trust Fund,Facility Infrastructure; Medical Devices & Equipment,0.0,Q2 2027,,56.0,Priority donor,Baseline donor profile,intelligence
donor_intel_5b7d38929a28,Foreign Office,Foreign Office,1,1,0,30779234.85,30779234.85,24072945.45,0.0,0.782,69.7,1,0,SO,1,1.0,Energy Sector Management Assistance Program Multi Donor Fund - Successor to TF071398; Global Financing Facility for Womencomma Children and Adolescents Multi-Donor Trust Fund; Green Climate Fund (GCF) - Cooling Facility Trust Fund; Multi-Donor Trust Fund for the Global Financing Facility (GFF) in Support of Every Woman Every Child - Parallel Trust Fund,Facility Infrastructure; Medical Devices & Equipment,0.0,Q2 2027,,56.0,Priority donor,Baseline donor profile,intelligence
donor_intel_5b28e0853a37,Germany - Ministry for the Environmentcomma Nature Conservation and Nuclear Safety,Germany - Ministry for the Environmentcomma Nature Conservation and Nuclear Safety,1,1,0,30779234.85,30779234.85,24072945.45,0.0,0.782,69.7,1,0,SO,1,1.0,Energy Sector Management Assistance Program Multi Donor Fund - Successor to TF071398; Global Financing Facility for Womencomma Children and Adolescents Multi-Donor Trust Fund; Green Climate Fund (GCF) - Cooling Facility Trust Fund; Multi-Donor Trust Fund for the Global Financing Facility (GFF) in Support of Every Woman Every Child - Parallel Trust Fund,Facility Infrastructure; Medical Devices & Equipment,0.0,Q2 2027,,56.0,Priority donor,Baseline donor profile,intelligence
donor_intel_89361b9fecca,Iceland - Ministry for Foreign Affairs,Iceland - Ministry for Foreign Affairs,1,1,0,30779234.85,30779234.85,24072945.45,0.0,0.782,69.7,1,0,SO,1,1.0,Energy Sector Management Assistance Program Multi Donor Fund - Successor to TF071398; Global Financing Facility for Womencomma Children and Adolescents Multi-Donor Trust Fund; Green Climate Fund (GCF) - Cooling Facility Trust Fund; Multi-Donor Trust Fund for the Global Financing Facility (GFF) in Support of Every Woman Every Child - Parallel Trust Fund,Facility Infrastructure; Medical Devices & Equipment,0.0,Q2 2027,,56.0,Priority donor,Baseline donor profile,intelligence
donor_intel_b8ffc5005315,Luxembourg Ministry for Sustainable Development and Infrastructure,Luxembourg Ministry for Sustainable Development and Infrastructure,1,1,0,30779234.85,30779234.85,24072945.45,0.0,0.782,69.7,1,0,SO,1,1.0,Energy Sector Management Assistance Program Multi Donor Fund - Successor to TF071398; Global Financing Facility for Womencomma Children and Adolescents Multi-Donor Trust Fund; Green Climate Fund (GCF) - Cooling Facility Trust Fund; Multi-Donor Trust Fund for the Global Financing Facility (GFF) in Support of Every Woman Every Child - Parallel Trust Fund,Facility Infrastructure; Medical Devices & Equipment,0.0,Q2 2027,,56.0,Priority donor,Baseline donor profile,intelligence
donor_intel_a56c6be8c0a2,Spain - Ministry of Economycomma Industry and Competitiveness,Spain - Ministry of Economycomma Industry and Competitiveness,1,1,0,30779234.85,30779234.85,24072945.45,0.0,0.782,69.7,1,0,SO,1,1.0,Energy Sector Management Assistance Program Multi Donor Fund - Successor to TF071398; Global Financing Facility for Womencomma Children and Adolescents Multi-Donor Trust Fund; Green Climate Fund (GCF) - Cooling Facility Trust Fund; Multi-Donor Trust Fund for the Global Financing Facility (GFF) in Support of Every Woman Every Child - Parallel Trust Fund,Facility Infrastructure; Medical Devices & Equipment,0.0,Q2 2027,,56.0,Priority donor,Baseline donor profile,intelligence
donor_intel_751a49f0fa90,State Secretariat for Economic Affairscomma SECO,State Secretariat for Economic Affairscomma SECO,1,1,0,30779234.85,30779234.85,24072945.45,0.0,0.782,69.7,1,0,SO,1,1.0,Energy Sector Management Assistance Program Multi Donor Fund - Successor to TF071398; Global Financing Facility for Womencomma Children and Adolescents Multi-Donor Trust Fund; Green Climate Fund (GCF) - Cooling Facility Trust Fund; Multi-Donor Trust Fund for the Global Financing Facility (GFF) in Support of Every Woman Every Child - Parallel Trust Fund,Facility Infrastructure; Medical Devices & Equipment,0.0,Q2 2027,,56.0,Priority donor,Baseline donor profile,intelligence
donor_intel_23e591e8c36d,France,France,50,34,16,1205318199.98,1266647399.96,153936939.12,152910865.0,0.122,54.7,23,10,CD; SO; KE; RW,9,0.183,UNICEF; IP not published; SOMALI FEDERAL PARLIAMENT HOUSE OF THE PEOPLE; SOMALIA DISASTER MANAGEMENT AGENCY FDS,Diagnostic Equipment; Facility Infrastructure; Power & Utilities,0.3,Q4 2026; Q1 2027,,55.8,Strategic donor,High equipment specificity; Has dated future disbursements; Contains likely procurement programmes,intelligence
donor_intel_dd735da7e42a,Australian Centre for International Agricultural Research,Australian Centre for International Agricultural Research,2,2,0,1595700.0,1164861.0,0.0,0.0,0.0,65.1,1,1,UG; KE,2,0.556,International Center for Tropical Agriculture; Makerere University,Power & Utilities,0.5,Q2 2027,,55.7,Priority donor,High equipment specificity; Contains likely procurement programmes,intelligence
donor_intel_38dbd967082d,Global - Health,Global - Health,23,10,13,2081932398.0,2081932398.0,110882074.83,503548500.0,0.053,56.3,12,0,SS; KE; RW; ET,7,0.187,IP not published; UNICEF; WORLD VISION INTERNATIONAL; AMREF HEALTH AFRICA,Diagnostic Equipment; Facility Infrastructure; Power & Utilities,0.043,Q1 2027; Q4 2026,,55.3,Strategic donor,Has dated future disbursements,intelligence
donor_intel_7d8a54c72799,Nordic Development Fund,Nordic Development Fund,1,1,0,34826360.27,34826360.27,19700000.0,0.0,0.566,66.9,1,0,TZ,1,1.0,Africa Nordic Development Fund (NDF) Climate Change Program Parallel Trust Fund of TF071810; Global Financing Facility for Womencomma Children and Adolescents Multi-Donor Trust Fund; Multi-Donor Trust Fund for the Global Financing Facility (GFF) in Support of Every Woman Every Child; Multi-Donor Trust Fund for the Global Financing Facility (GFF) in Support of Every Woman Every Child - Parallel Trust Fund,Facility Infrastructure,0.0,Q3 2028,,55.3,Priority donor,Baseline donor profile,intelligence
donor_intel_a478d5b90491,World Health Organization,WHO - World Health Organization; WHO Contingency Fund for Emergencies; World Health Organization,198,190,8,1072238019.83,1072238019.84,37190213.47,171416602.0,0.035,49.5,54,28,ET; SO; TZ; CD,8,0.132,World Health Organization; IP not published; UNICEF; BUGIRI DISTRICT LOCAL GOVERNMENT,Diagnostic Equipment; Facility Infrastructure; IT / Health Information Systems; Power & Utilities,0.146,Q4 2026; Q1 2027,,54.8,Strategic donor,Has dated future disbursements; Contains likely procurement programmes,intelligence
donor_intel_336ce1ee11dd,"Gavi, the Vaccine Alliance","GAVI The Vaccine Alliance; Gavi, the Vaccine Alliance; GAVI; Gavi, The Vaccine Alliance",105,53,52,2952901910.28,2952901910.3,132045467.6,618495539.0,0.045,55.6,43,3,ET; SO; SS; KE,8,0.155,IP not published; UNICEF; SWER BUEARU OF AGRICULTURE; GPNRS LIVESTOCK AND FISHE RES DEV BUREAU,Diagnostic Equipment; Power & Utilities; Facility Infrastructure; Cold Chain / Storage,0.095,Q1 2027; Q4 2026,,54.5,Strategic donor,Has dated future disbursements; Contains likely procurement programmes,intelligence
donor_intel_a3cce5e8c205,Republic of Korea,Republic of Korea,63,25,38,2614596753.0,2614596753.0,161518271.1,594028921.0,0.062,54.5,30,2,ET; RW; SS; SO,8,0.162,IP not published; UNICEF; GPNRS LIVESTOCK AND FISHE RES DEV BUREAU; REACH THE NEEDY ETHIOPIA RTN ETHIOPIA,Diagnostic Equipment; Power & Utilities; Facility Infrastructure,0.095,Q1 2027; Q4 2026,,54.5,Strategic donor,Has dated future disbursements; Contains likely procurement programmes,intelligence
donor_intel_8cc34da9b518,One-off donations PSFR,One-off donations PSFR,1,0,1,9639000.0,9639000.0,7859267.94,720000.0,0.815,68.3,1,0,TZ,1,1.0,BBC MEDIA ACTION; BUHIGWE DISTRICT COUNCIL; CATHOLIC RELIEF SERVICES; DANISH REFUGEE COUNCIL DANSK FLYGTNINGEHJAELP,,0.0,Q1 2027,,54.5,Watch donor,Has dated future disbursements,intelligence
donor_intel_3054055cd6b5,Invest International B.V.,Invest International B.V.,7,7,0,36283129.91,42451262.0,50232492.31,0.0,1.183,59.5,4,2,KE; UG; ET; RW,5,0.224,"Ethiopian Ministry of Finance and Economic Development; Healthy Entrepreneurs B.V.; Ministry of Finance Planning and Economic Development of Uganda; Ministry of Finance Tanzania,",Medical Devices & Equipment; Facility Infrastructure; Diagnostic Equipment; IT / Health Information Systems,0.286,Q1 2027; Q4 2026,,54.2,Watch donor,High equipment specificity; Contains likely procurement programmes,intelligence
donor_intel_0e975985ae7a,UNOPS,UNOPS; UNOPS - UN Office for Project,12,7,5,579300517.0,579300517.0,16077502.84,120426724.0,0.028,52.0,5,0,SS; KE; ET; RW,5,0.236,IP not published; UNICEF; CARE INTERNATIONAL IN SS; COUNTY GOVERNMENT OF MARSABIT DEPARTMENT OF HEALTH SERVICES,Diagnostic Equipment; Power & Utilities,0.083,Q1 2027; Q4 2026,,54.1,Watch donor,Has dated future disbursements,intelligence
donor_intel_eefeeadfcf43,USA CDC,USA CDC,33,13,20,1612435858.0,1612435858.0,98749874.88,350851583.0,0.061,57.7,16,0,KE; CD; ET; SS,7,0.148,IP not published; UNICEF; COUNTY GOVERNMENT OF MARSABIT DEPARTMENT OF HEALTH SERVICES; AMREF HEALTH AFRICA,Diagnostic Equipment,0.0,Q1 2027; Q4 2026,,54.0,Strategic donor,Has dated future disbursements,intelligence
donor_intel_9b8572428089,World Vision International,World Vision International,1,1,0,1469132.02,1469132.02,0.0,0.0,0.0,69.3,1,0,SO,1,1.0,World Health Organization,Diagnostic Equipment,0.0,Q4 2026,,54.0,Watch donor,Baseline donor profile,intelligence
donor_intel_579c450159ed,GSK plc,GSK plc,1,1,0,1428786.03,1428786.03,0.0,0.0,0.0,69.3,1,0,UG,1,1.0,World Health Organization,Diagnostic Equipment,0.0,Q4 2026,,54.0,Watch donor,Baseline donor profile,intelligence
donor_intel_2732dd1226ad,United Nations Office for Project Services,United Nations Office for Project Services,22,22,0,99670231.0,99670231.0,0.0,0.0,0.0,54.7,8,2,ET; TZ; CD; KE,5,0.269,United Nations Office for Project Services,Diagnostic Equipment; Medical Devices & Equipment; Facility Infrastructure; Vehicles & Transport,0.545,Q4 2026; Q4 2028,,53.8,Watch donor,High equipment specificity; Contains likely procurement programmes,intelligence
donor_intel_bbe956747bd1,Switzerland,Switzerland,10,4,6,521063826.0,521063826.0,47211658.21,162770495.0,0.091,55.8,5,0,SO; CD; TZ; SS,4,0.3,UNICEF; IP not published; SOMALI FEDERAL PARLIAMENT HOUSE OF THE PEOPLE; SOMALIA DISASTER MANAGEMENT AGENCY FDS,Power & Utilities,0.0,Q1 2027,,53.8,Watch donor,Has dated future disbursements,intelligence
donor_intel_3ab9380fa252,China,China,9,4,5,304447410.0,304447410.0,2103613.41,20215153.0,0.007,53.0,5,0,KE; RW; SO,3,0.333,UNICEF; IP not published; SOMALI FEDERAL PARLIAMENT HOUSE OF THE PEOPLE; SOMALIA DISASTER MANAGEMENT AGENCY FDS,Power & Utilities,0.0,Q1 2027,,53.8,Watch donor,Has dated future disbursements,intelligence
donor_intel_ea66d2742686,Fundaci?n Anesvad,Fundaci?n Anesvad,1,1,0,906236.32,906236.32,137512.47,0.0,0.152,68.8,1,0,ET,1,1.0,World Health Organization,Diagnostic Equipment,0.0,Q4 2026,,53.6,Watch donor,Baseline donor profile,intelligence
donor_intel_03e653fbcd02,Hilfsaktion Noma e.V.,Hilfsaktion Noma e.V.,1,1,0,906236.32,906236.32,137512.47,0.0,0.152,68.8,1,0,ET,1,1.0,World Health Organization,Diagnostic Equipment,0.0,Q4 2026,,53.6,Watch donor,Baseline donor profile,intelligence
donor_intel_ff22d85bfd98,Kenya,Kenya,11,7,4,495010382.0,495010382.0,18974437.18,18193669.0,0.038,61.2,6,0,KE,1,1.0,IP not published; UNICEF; COUNTY GOVERNMENT OF MARSABIT DEPARTMENT OF HEALTH SERVICES; KENYA PRIVATE SECTOR ALLIANCE FOUNDATION,Diagnostic Equipment; Power & Utilities,0.0,Q1 2027,,53.5,Watch donor,Has dated future disbursements,intelligence
donor_intel_cef253b1a402,University College London,University College London,1,1,0,3026376.39,4085608.13,0.0,0.0,0.0,57.9,0,0,CI; GB; GH; KE,6,0.167,Centre Suisse de Recherches Scientifiques en Côte d'Ivoire; Health Research Operations Kenya Limited; Kamuzu College of Health Sciences; Liverpool School of Tropical Medicine,Diagnostic Equipment,1.0,Active through Q2 2028,,53.5,Watch donor,High equipment specificity,intelligence
donor_intel_53a0c2b7bc6d,MINISTRY OF FOREIGN AFFAIRS,MINISTRY OF FOREIGN AFFAIRS,8,8,0,709207805.5,709207805.5,145381340.71,0.0,0.205,57.8,5,0,SO; CD; ET; RW,5,0.312,Multi-Donor Trust Fund for the Global Financing Facility (GFF) in Support of Every Woman Every Child - Parallel Trust Fund; Global Financing Facility for Womencomma Children and Adolescents Multi-Donor Trust Fund; Multi-Donor Trust Fund for the Global Financing Facility (GFF) in Support of Every Woman Every Child; Primary Health Care Transformation Trust Fund,Facility Infrastructure; Medical Devices & Equipment; Power & Utilities,0.125,Q1 2027; Q2 2027,,53.4,Watch donor,Baseline donor profile,intelligence
donor_intel_eae3995dc72d,Department of Health and Social Care (DHSC) Global Health Research,Department of Health and Social Care (DHSC) Global Health Research,1,1,0,2789607.0,3765969.45,62071.7,0.0,0.016,57.9,0,0,GB; KE,2,0.5,"Jomo Kenyatta University of Science and Technology; Kenya Medical Research Institute (KEMRI); Kenyatta University; Kenyatta University Teaching, Referral and Research Hospital",Diagnostic Equipment; Facility Infrastructure; IT / Health Information Systems; Laboratory Systems,1.0,No dated window,,53.4,Watch donor,High equipment specificity,intelligence
donor_intel_74eb16c16b5c,National Institute for Health and Care Research (NIHR),National Institute for Health and Care Research (NIHR),1,1,0,2749920.0,3712392.0,0.0,0.0,0.0,64.4,1,0,UG,1,1.0,Malaria Consortium,Diagnostic Equipment,0.0,Q4 2027,,53.2,Watch donor,Baseline donor profile,intelligence
donor_intel_9a682411f215,Consolidated Funds from NatComs,Consolidated Funds from NatComs,82,29,53,3846048446.0,3846048446.0,191476065.98,671793830.0,0.05,55.7,34,2,ET; KE; SS; SO,8,0.159,UNICEF; IP not published; AMHARA BUREAU OF WATER IRRIGATION AND ENERGY DEVELOPMENT; GPNRS LIVESTOCK AND FISHE RES DEV BUREAU,Diagnostic Equipment; Power & Utilities; Facility Infrastructure,0.073,Q1 2027; Q4 2026,,53.1,Strategic donor,Has dated future disbursements; Contains likely procurement programmes,intelligence
donor_intel_612de797c6a3,UN Joint Programme,UN Joint Programme,46,16,30,1761761784.0,1761761784.0,99002448.76,379321196.0,0.056,51.6,19,4,SO; TZ; CD; ET,5,0.342,UNICEF; IP not published; SOMALI FEDERAL PARLIAMENT HOUSE OF THE PEOPLE; SOMALIA DISASTER MANAGEMENT AGENCY FDS,Diagnostic Equipment; Power & Utilities; Facility Infrastructure,0.152,Q1 2027,,53.1,Strategic donor,Has dated future disbursements; Contains likely procurement programmes,intelligence
donor_intel_53a0c2b7bc6d,Ministry of Foreign Affairs,Ministry of Foreign Affairs,37,37,0,18028567248.0,0.0,4346893650.0,30264559998.0,0.0,65.2,19,8,TZ; ET; KE; RW,6,0.208,KOICA; Donor country-based NGO; World Food Programme; Good People International,Medical Devices & Equipment; Diagnostic Equipment; Facility Infrastructure; IT / Health Information Systems,0.216,Q4 2026,,53.0,Strategic donor,Has dated future disbursements; Contains likely procurement programmes,intelligence
donor_intel_808e1dac83d6,Germany / BMZ / KfW,"KfW - Germany; Federal Ministry for Economic Cooperation and Development (BMZ); Federal Ministry for Economic Cooperation and Development (BMZ), Germany; Deutsche Gesellschaft f?r Internationale Zusammenarbeit (GIZ), Germany; Kreditanstalt für Wiederaufbau (KfW) (Reconstruction Credit Institute); GIZ",144,140,6,2736838783.37,2752075613.84,313536141.01,731136571.0,0.114,45.1,46,10,ET; CD; SS; SO,22,0.136,UNICEF; IP not published; SOMALI REGIONAL STATE HEALTH BUREAU; SWER BUEARU OF AGRICULTURE,Facility Infrastructure; Power & Utilities; Diagnostic Equipment; Medical Devices & Equipment,0.306,Q1 2027; Q4 2026,,52.9,Strategic donor,High equipment specificity; Has dated future disbursements; Contains likely procurement programmes,intelligence
donor_intel_53c418bf108c,UNAIDS - Joint UN Programme,UNAIDS - Joint UN Programme,16,8,8,1096513146.0,1096513146.0,76847113.4,246933775.0,0.07,53.3,7,0,ET; KE; SS; RW,7,0.156,UNICEF; IP not published; AMREF HEALTH AFRICA; WORLD VISION INTERNATIONAL,Diagnostic Equipment,0.0,Q1 2027; Q4 2026,,52.8,Watch donor,Has dated future disbursements,intelligence
donor_intel_eb64d8c69da1,France / AFD,Agence Francaise de Developpement A; Expertise France; French Development Agency (Agence Française de Developpement),3,3,0,101763590.19,101813016.67,1825050.31,37620320.0,0.018,49.1,1,0,ET; CD,2,0.556,Advancing Human Capital Outcomes Globally Multi-Donor Trust Fund; DIRECTION PROVINCIALE EPST KASAI 1; DIVISION DES AFFAIRES SOCIALES DE LITURI; DIVISION PROVINCIALE DE L EPSP TANGANYIKA,Diagnostic Equipment,0.0,Q1 2027; Q4 2028,,52.8,Watch donor,Has dated future disbursements,intelligence
donor_intel_18078e984611,Democratic Republic of the Congo,Democratic Republic of the Congo,15,9,6,942110318.09,942110318.09,77384488.39,304744312.0,0.082,58.3,8,0,CD,1,1.0,IP not published; UNICEF; AGENCE D ACHAT DES PERFORMANCES; DIVISION PROVINCIALE DE LA SANTE DU NORD KIVU,Diagnostic Equipment; Power & Utilities,0.0,Q1 2027; Q4 2026,,52.7,Watch donor,Has dated future disbursements,intelligence
donor_intel_8213cac0883c,Global Financing Facility,Global Financing Facility,3,1,2,86783488.0,86783488.0,2873315.88,4525269.0,0.033,52.5,1,1,ET; TZ,2,0.556,UNICEF; AFYA PAMOJA; AMHARA BUREAU OF WATER IRRIGATION AND ENERGY DEVELOPMENT; BENJAMIN WILLIAM MKAPA FOUNDATION,Facility Infrastructure,0.333,Q1 2027,,52.5,Watch donor,High equipment specificity; Has dated future disbursements; Contains likely procurement programmes,intelligence
donor_intel_8e581bfe5b16,Comic Relief,Comic Relief,1,1,0,187500.0,253125.0,0.0,0.0,0.0,67.4,1,0,UG,1,1.0,,Facility Infrastructure,0.0,Q4 2026,,52.4,Watch donor,Baseline donor profile,intelligence
donor_intel_a25086f8e206,The Aids Support Organisation (TASO) Uganda Limited,The Aids Support Organisation (TASO) Uganda Limited,2,2,0,20272293596.0,5473519.27,0.0,0.0,0.0,63.8,1,0,UG,1,1.0,Malaria Consortium,Diagnostic Equipment; Facility Infrastructure,0.5,Q4 2026,,52.3,Watch donor,High equipment specificity,intelligence
donor_intel_d433ca55e43d,Republic of South Sudan,Republic of South Sudan,17,7,10,1520803132.0,1520803132.0,94191039.33,275861321.0,0.062,58.2,9,0,SS,1,1.0,IP not published; UNICEF; AMREF HEALTH AFRICA; WORLD VISION INTERNATIONAL,Diagnostic Equipment; Facility Infrastructure,0.059,Q4 2026,,52.1,Watch donor,Has dated future disbursements,intelligence
donor_intel_c213a54f5e72,EU-Commission of the European Communities,EU-Commission of the European Communities,10,10,0,815897484.34,815897484.34,145381340.71,0.0,0.178,55.3,6,0,SO; ET; CD; RW,6,0.24,Multi-Donor Trust Fund for the Global Financing Facility (GFF) in Support of Every Woman Every Child - Parallel Trust Fund; World Bank Trust Funds; Global Financing Facility for Womencomma Children and Adolescents Multi-Donor Trust Fund; Multi-Donor Trust Fund for the Global Financing Facility (GFF) in Support of Every Woman Every Child,Facility Infrastructure; Medical Devices & Equipment; Power & Utilities,0.1,Q2 2028; Q1 2027,,51.9,Watch donor,Baseline donor profile,intelligence
donor_intel_d03c42d47476,King Salman Humanitarian Aid and Relief Centre,King Salman Humanitarian Aid and Relief Centre,17,16,1,22383412.0,22383412.0,22564947.45,0.0,1.008,53.1,1,0,SO; SS,2,0.889,Al-Ameen for Humanitarian Support; The Organisation of Islamic Cooperation (OIC); United Nations World Food Programme (WFP); International Medical Corps UK,Facility Infrastructure; Medical Devices & Equipment; Power & Utilities; Diagnostic Equipment,0.882,Active through Q1 2027,,51.9,Watch donor,High equipment specificity,intelligence
donor_intel_c31db80210ba,Stichting Vluchteling,Stichting Vluchteling,1,1,0,481685.0,563571.45,243593.25,0.0,0.432,56.6,0,0,BI; CD,2,0.5,The International Rescue Committee,Facility Infrastructure; Power & Utilities,1.0,No dated window,,51.9,Watch donor,High equipment specificity,intelligence
donor_intel_d1ab167bb3a4,"Ministry of Foreign Affairs, Greece","Ministry of Foreign Affairs, Greece",2,2,0,9833987.5,9833987.49,26225.65,0.0,0.003,59.4,1,1,CD,1,1.0,World Health Organization,Diagnostic Equipment,0.5,Q4 2026,,51.4,Watch donor,High equipment specificity; Contains likely procurement programmes,intelligence
donor_intel_2af479609fef,Norway - Ministry of Foreign Affairs,Norway - Ministry of Foreign Affairs,9,9,0,732311155.5,732311155.5,145381340.71,0.0,0.199,55.2,5,0,SO; CD; ET; KE,6,0.259,Multi-Donor Trust Fund for the Global Financing Facility (GFF) in Support of Every Woman Every Child - Parallel Trust Fund; Global Financing Facility for Womencomma Children and Adolescents Multi-Donor Trust Fund; Multi-Donor Trust Fund for the Global Financing Facility (GFF) in Support of Every Woman Every Child; Primary Health Care Transformation Trust Fund,Facility Infrastructure; Medical Devices & Equipment; Power & Utilities,0.111,Q1 2027; Q2 2027,,51.2,Watch donor,Baseline donor profile,intelligence
donor_intel_155aae01a63a,Infectious Diseases Research Collaboration (IDRC),Infectious Diseases Research Collaboration (IDRC),1,1,0,153000.0,153000.0,0.0,0.0,0.0,64.0,1,0,SS,1,1.0,,Diagnostic Equipment,0.0,Q2 2027,,51.2,Watch donor,Baseline donor profile,intelligence
donor_intel_2c43c180fbbf,UK - Department for Work and Pensions,UK - Department for Work and Pensions,1,1,0,27000000.0,36450000.0,0.0,0.0,0.0,59.3,0,0,SO,1,1.0,Population Service International,IT / Health Information Systems; Medical Devices & Equipment,1.0,No dated window,,51.2,Watch donor,High equipment specificity,intelligence
donor_intel_39263389d035,Nutrition International,Nutrition International,36,11,25,1399816508.0,1399816508.0,41238443.24,192293019.0,0.029,49.4,14,1,ET; SS; RW; KE,8,0.196,UNICEF; IP not published; SWER BUEARU OF AGRICULTURE; GPNRS LIVESTOCK AND FISHE RES DEV BUREAU,Diagnostic Equipment; Facility Infrastructure; Power & Utilities,0.111,Q1 2027; Q4 2026,,51.0,Strategic donor,Has dated future disbursements; Contains likely procurement programmes,intelligence
donor_intel_3fe95ee0be57,Global - HIV and AIDS,Global - HIV and AIDS,20,9,11,462520132.0,462520132.0,6672052.73,81677168.0,0.014,50.3,8,0,ET; KE; RW; SS,6,0.19,UNICEF; IP not published; AMHARA BUREAU OF WATER IRRIGATION AND ENERGY DEVELOPMENT; AMREF HEALTH AFRICA,Diagnostic Equipment; Power & Utilities,0.0,Q1 2027,,50.9,Watch donor,Has dated future disbursements,intelligence
donor_intel_31ad75705eb9,Germany - Ministry for Economic Cooperation and Development,Germany - Ministry for Economic Cooperation and Development,9,9,0,32562953.0,38098655.01,0.0,0.0,0.0,53.2,4,3,UG; SO; CD; ET,6,0.21,,Power & Utilities; Diagnostic Equipment; Facility Infrastructure,0.333,Q1 2027; Q4 2026,,50.8,Watch donor,High equipment specificity; Contains likely procurement programmes,intelligence
donor_intel_3bb280c5675d,ACTION AGAINST HUNGER SPAIN,ACTION AGAINST HUNGER SPAIN,4,4,0,2658832.24,3110833.72,2765700.65,0.0,0.889,48.8,0,0,ET; KE; SS; UG,4,0.25,Action Against Hunger USA,Power & Utilities,1.0,No dated window,,50.7,Watch donor,High equipment specificity,intelligence
donor_intel_95f23404d9b5,GiveWell,GiveWell,3,3,0,7178977.22,7577657.67,1638134.55,0.0,0.216,60.8,2,0,CD; KE; SS,3,0.333,Ministry of Health - DRC; United Front Against River Blindness (UFAR); World Health Organization,Diagnostic Equipment,0.0,Active through Q1 2027; Q1 2028,,50.6,Watch donor,Baseline donor profile,intelligence
donor_intel_71394c727186,Cordaid Global Office,Cordaid Global Office,4,4,0,1339962.0,1532055.54,0.0,0.0,0.0,61.9,1,0,SS,1,1.0,Cordaid South Sudan; Children Aid South Sudan,Facility Infrastructure; Power & Utilities,0.75,Q3 2026; Q4 2027,,50.5,Watch donor,High equipment specificity,intelligence
donor_intel_40d44f98a9e3,Canada - Department of Foreign Affairscomma Trade and Development,Canada - Department of Foreign Affairscomma Trade and Development,8,8,0,457240644.78,457240644.78,142381340.71,0.0,0.311,55.0,4,0,ET; SO; CD; KE,6,0.188,Global Financing Facility for Womencomma Children and Adolescents Multi-Donor Trust Fund; Multi-Donor Trust Fund for the Global Financing Facility (GFF) in Support of Every Woman Every Child - Parallel Trust Fund; Multi-Donor Trust Fund for the Global Financing Facility (GFF) in Support of Every Woman Every Child; Primary Health Care Transformation Trust Fund,Facility Infrastructure; Medical Devices & Equipment,0.125,Q1 2027; Q2 2027,,50.4,Watch donor,Baseline donor profile,intelligence
donor_intel_34be5e881e6b,Global - Child Protection,Global - Child Protection,7,2,5,316615080.0,316615080.0,16150934.62,27466385.0,0.051,52.9,3,0,SS; RW; UG,3,0.429,IP not published; UNICEF; AMREF HEALTH AFRICA; WORLD VISION INTERNATIONAL,Diagnostic Equipment,0.0,Q4 2026; Q1 2027,,50.4,Watch donor,Has dated future disbursements,intelligence
donor_intel_ab65d8b9611f,Canada,Canada,142,60,82,4770197920.0,4543347969.46,655036156.52,610562008.05,0.144,52.8,54,15,ET; SS; TZ; CD,42,0.088,UNICEF; IP not published; GPNRS LIVESTOCK AND FISHE RES DEV BUREAU; REACH THE NEEDY ETHIOPIA RTN ETHIOPIA,Diagnostic Equipment; Facility Infrastructure; Power & Utilities; IT / Health Information Systems,0.204,Q1 2027; Q2 2027,,50.3,Strategic donor,Has dated future disbursements; Contains likely procurement programmes,intelligence
donor_intel_d072e8e5b07d,Sanofi-Aventis,Sanofi-Aventis,6,6,0,5820522.2,5820522.2,137512.47,0.0,0.024,59.3,4,0,SS; ET; KE; RW,5,0.222,World Health Organization,Diagnostic Equipment,0.0,Q4 2026,,50.1,Watch donor,Baseline donor profile,intelligence
donor_intel_31869c0b6efa,USA (State) BPRM,USA (State) BPRM,24,7,17,996786624.0,996786624.0,39828249.67,163453875.0,0.04,50.8,9,0,ET; UG; SS; KE,4,0.347,UNICEF; GPNRS LIVESTOCK AND FISHE RES DEV BUREAU; REACH THE NEEDY ETHIOPIA RTN ETHIOPIA; SWER BUEARU OF AGRICULTURE,Diagnostic Equipment; Power & Utilities; Facility Infrastructure,0.042,Q1 2027; Q4 2026,,50.0,Watch donor,Has dated future disbursements,intelligence
donor_intel_a1b6785daa21,Global - Thematic Humanitarian Resp,Global - Thematic Humanitarian Resp,130,32,98,5198449820.0,5198449820.0,237224612.48,842204132.0,0.046,50.4,44,2,SO; ET; SS; KE,8,0.208,IP not published; UNICEF; SOMALI FEDERAL PARLIAMENT HOUSE OF THE PEOPLE; SOMALIA DISASTER MANAGEMENT AGENCY FDS,Diagnostic Equipment; Power & Utilities; Facility Infrastructure,0.108,Q1 2027; Q4 2026,,49.9,Strategic donor,Has dated future disbursements; Contains likely procurement programmes,intelligence
donor_intel_af36c741bea9,Denmark - Ministry of Foreign Affairs,Denmark - Ministry of Foreign Affairs,5,5,0,164986509.66,164986509.66,88364509.71,0.0,0.536,55.6,3,0,ET; KE; SO; TZ,4,0.28,Global Financing Facility for Womencomma Children and Adolescents Multi-Donor Trust Fund; Multi-Donor Trust Fund for the Global Financing Facility (GFF) in Support of Every Woman Every Child; Multi-Donor Trust Fund for the Global Financing Facility (GFF) in Support of Every Woman Every Child - Parallel Trust Fund; Primary Health Care Transformation Trust Fund,Facility Infrastructure; Medical Devices & Equipment,0.0,Q1 2027; Q2 2027,,49.9,Watch donor,Baseline donor profile,intelligence
donor_intel_375e2907dfec,Laerdal Global Health,Laerdal Global Health,5,5,0,164986509.66,164986509.66,88364509.71,0.0,0.536,55.6,3,0,ET; KE; SO; TZ,4,0.28,Global Financing Facility for Womencomma Children and Adolescents Multi-Donor Trust Fund; Multi-Donor Trust Fund for the Global Financing Facility (GFF) in Support of Every Woman Every Child; Multi-Donor Trust Fund for the Global Financing Facility (GFF) in Support of Every Woman Every Child - Parallel Trust Fund; Primary Health Care Transformation Trust Fund,Facility Infrastructure; Medical Devices & Equipment,0.0,Q1 2027; Q2 2027,,49.9,Watch donor,Baseline donor profile,intelligence
donor_intel_1f99027fc79e,Qatar Fund for Development,Qatar Fund for Development,5,5,0,164986509.66,164986509.66,88364509.71,0.0,0.536,55.6,3,0,ET; KE; SO; TZ,4,0.28,Global Financing Facility for Womencomma Children and Adolescents Multi-Donor Trust Fund; Multi-Donor Trust Fund for the Global Financing Facility (GFF) in Support of Every Woman Every Child; Multi-Donor Trust Fund for the Global Financing Facility (GFF) in Support of Every Woman Every Child - Parallel Trust Fund; Primary Health Care Transformation Trust Fund,Facility Infrastructure; Medical Devices & Equipment,0.0,Q1 2027; Q2 2027,,49.9,Watch donor,Baseline donor profile,intelligence
donor_intel_038d168b77f5,Finland MFA,Ministry for Foreign Affairs of Finland; Finland - Ministry of Foreign Affairs; Finland,290,286,4,850855049.13,872062939.49,143055165.89,32479875.0,0.164,35.4,19,6,SO; TZ; ET; KE,8,0.253,IP not published; UNICEF; MUHIMBILI UNIVERSITY OF HEALTH AND ALLIED SCIENCES; PS MINISTRY OF HEALTH AND SOCIAL WELFARE HEALTH PROMOTION,Facility Infrastructure; Medical Devices & Equipment; Diagnostic Equipment; Vehicles & Transport,0.31,Q4 2026; Q1 2027,,49.7,Strategic donor,High equipment specificity; Has dated future disbursements; Contains likely procurement programmes,intelligence
donor_intel_a5d29f3a1ade,Marie Stopes International,Marie Stopes International,1,1,0,3906398.0,5273637.3,0.0,0.0,0.0,58.1,0,0,KE,1,1.0,Options Consultancy Services,IT / Health Information Systems,1.0,No dated window,,49.7,Watch donor,High equipment specificity,intelligence
donor_intel_16c2c065c852,Health Research Operations Kenya Limited,Health Research Operations Kenya Limited,1,1,0,3026376.0,4085607.6,0.0,0.0,0.0,57.9,0,0,KE,1,1.0,Centre Suisse de Recherches Scientifiques en Côte d'Ivoire; Kamuzu College of Health Sciences; Liverpool School of Tropical Medicine; London School of Hygiene and Tropical Medicine,Diagnostic Equipment,1.0,No dated window,,49.5,Watch donor,High equipment specificity,intelligence
donor_intel_2c85d1258c2f,USAID,USA USAID; United States Agency for International Development (USAID); USAID/Food for Peace; USAID,111,32,89,4475757524.44,4475757524.44,190278294.46,421879208.0,0.043,49.5,36,2,ET; SS; SO; KE,8,0.147,IP not published; UNICEF; GPNRS LIVESTOCK AND FISHE RES DEV BUREAU; SWER BUEARU OF AGRICULTURE,Diagnostic Equipment; Power & Utilities; Facility Infrastructure,0.099,Q1 2027; Q2 2028,,49.4,Strategic donor,Has dated future disbursements; Contains likely procurement programmes,intelligence
donor_intel_604667c72d31,UNFPA,UNFPA - UN Population Fund; United Nations Population Fund (UNFPA),39,17,22,963011238.25,963011238.25,36008812.74,147534450.0,0.037,48.7,11,0,ET; KE; UG; SS,8,0.193,UNICEF; IP not published; AMHARA BUREAU OF WATER IRRIGATION AND ENERGY DEVELOPMENT; GPNRS LIVESTOCK AND FISHE RES DEV BUREAU,Diagnostic Equipment; Facility Infrastructure; Power & Utilities,0.077,Q1 2027; Q4 2026,,49.4,Watch donor,Has dated future disbursements,intelligence
donor_intel_13fe1c0219ef,WFP - World Food Programme,WFP - World Food Programme,6,1,5,361623016.0,361623016.0,17894577.81,93944000.0,0.049,49.2,1,0,KE; RW; CD; SS,4,0.278,IP not published; UNICEF; COUNTY GOVERNMENT OF MARSABIT DEPARTMENT OF HEALTH SERVICES; KENYA PRIVATE SECTOR ALLIANCE FOUNDATION,Power & Utilities; Diagnostic Equipment,0.333,Q1 2027,,49.4,Watch donor,High equipment specificity; Has dated future disbursements,intelligence
donor_intel_950c2c204c95,Belgian Development Agency (Enabel),Belgian Development Agency (Enabel),1,1,0,3252663.75,3252663.75,2444769.78,0.0,0.752,57.8,0,0,RW,1,1.0,TradeMark Africa,Facility Infrastructure,1.0,No dated window,,49.3,Watch donor,High equipment specificity,intelligence
donor_intel_19d6673a2972,MPTFO - UN Multi Partner,MPTFO - UN Multi Partner,73,14,59,1890945485.0,1890945485.0,48862975.99,71678918.0,0.026,50.0,21,2,SS; SO; TZ; CD,8,0.235,IP not published; UNICEF; WORLD VISION INTERNATIONAL; AMREF HEALTH AFRICA,Diagnostic Equipment; Power & Utilities; Facility Infrastructure,0.151,Q1 2027; Q4 2026,,49.1,Strategic donor,Has dated future disbursements; Contains likely procurement programmes,intelligence
donor_intel_6ace185eedb8,Netherlands,"Netherlands; Netherlands Ministry of Foreign Affairs; Embassy of the Kingdom of the Netherlands Ethiopia; Netherlands Enterprise Agency; Netherlands - Ministry for Foreign Trade and Development Cooperation; Netherlands - Ministry of Foreign Affairs; World Vision Netherlands; Save the Children Netherlands; The Hunger Project Netherlands; Ministry of Foreign Affairs of the Netherlands; Ministry of Foreign Affairs, Netherlands; Embassy of the Kingdome of the Netherlands in Rwanda; Heifer Netherlands",105,61,46,2849171710.2,3120345445.08,380509214.83,30102357.75,0.122,48.6,29,6,ET; KE; RW; UG,128,0.015,IP not published; UNICEF; AMHARA BUREAU OF WATER IRRIGATION AND ENERGY DEVELOPMENT; GPNRS LIVESTOCK AND FISHE RES DEV BUREAU,Power & Utilities; Facility Infrastructure; Medical Devices & Equipment; Diagnostic Equipment,0.257,Q1 2027; Q4 2026,,49.0,Strategic donor,High equipment specificity; Has dated future disbursements; Contains likely procurement programmes,intelligence
donor_intel_07142df12e93,Japan / JICA,Japan; Japan International Cooperation Agency,126,26,100,10784501459.44,4310172059.44,153090853.21,477714138.0,0.036,50.5,34,2,SS; ET; SO; KE,8,0.162,UNICEF; IP not published; AMREF HEALTH AFRICA; WORLD VISION INTERNATIONAL,Diagnostic Equipment; Power & Utilities; Facility Infrastructure; Medical Devices & Equipment,0.143,Q1 2027; Q4 2026,,48.9,Strategic donor,Has dated future disbursements; Contains likely procurement programmes,intelligence
donor_intel_6f2b16ab6b9f,United Nations Multi-Partner Trust Fund Office (MPTFO),United Nations Multi-Partner Trust Fund Office (MPTFO),15,15,0,22504045.18,22504045.18,1102242.25,0.0,0.049,54.2,6,4,TZ; RW; KE; ET,5,0.351,World Health Organization,Diagnostic Equipment; IT / Health Information Systems; Facility Infrastructure,0.267,Q4 2026,,48.9,Watch donor,High equipment specificity; Contains likely procurement programmes,intelligence
donor_intel_4ccc93a2dad5,National Institute for Health and Care Research,National Institute for Health and Care Research,4,3,1,13514223.38,18244201.57,2289121.1,0.0,0.125,56.1,2,1,GB; KE; GM; UG,7,0.173,KEMRI Wellcome Research Programme; Busitema University; Jaramogi Oginga Odinga Teaching & Referral Hospital; Kisumu Water and Sanitation Company Limited,Diagnostic Equipment; Facility Infrastructure; IT / Health Information Systems; Power & Utilities,0.25,Q1 2027; Q3 2027,,48.9,Watch donor,High equipment specificity; Contains likely procurement programmes,intelligence
donor_intel_8fee0016e47e,UN OCHA,UNOCHA; United Nations Office for the Coordination of Humanitarian Affairs (UNOCHA); UNOCHA - United Nations Office for the Coordination of Humanitarian Affairs; OCHA,121,29,92,3873400505.43,3875268535.93,135305479.86,410128106.0,0.035,48.4,33,1,ET; SS; SO; KE,7,0.208,IP not published; UNICEF; GPNRS LIVESTOCK AND FISHE RES DEV BUREAU; REACH THE NEEDY ETHIOPIA RTN ETHIOPIA,Diagnostic Equipment; Power & Utilities; Facility Infrastructure; Cold Chain / Storage,0.132,Q1 2027; Q4 2026,,48.5,Strategic donor,Has dated future disbursements; Contains likely procurement programmes,intelligence
donor_intel_2fab632c6784,Gesundes Afrika e.V.,Gesundes Afrika e.V.,1,1,0,872726.0,1021089.42,0.0,0.0,0.0,57.0,0,0,UG,1,1.0,Cordaid Uganda,Facility Infrastructure,1.0,No dated window,,48.4,Watch donor,High equipment specificity,intelligence
donor_intel_4df979cf24d1,Ministry of Health and Welfare,Ministry of Health and Welfare,11,11,0,10339000000.0,0.0,0.0,0.0,0.0,72.0,9,1,UG; ET; TZ; RW,4,0.289,,Medical Devices & Equipment; Diagnostic Equipment,0.091,Q4 2026,,48.3,Watch donor,Contains likely procurement programmes,intelligence
donor_intel_d7b12369ff89,National Institute of Health Research (NIHR),National Institute of Health Research (NIHR),2,2,0,3410610.0,4604323.5,0.0,0.0,0.0,53.5,0,0,BF; GB; GH; GM,10,0.1,"Imperial College of Science, Technology and Medicine; American University of Beirut; Canterbury Christ Church University; Institut de la Recherche en la Santé, Clinical Unit of Nanoro (IRSS-CRUN)",Diagnostic Equipment; Vehicles & Transport,1.0,No dated window,,48.3,Watch donor,High equipment specificity,intelligence
donor_intel_4fee3e53afa7,World Health Orgaisation,World Health Orgaisation,1,1,0,838311.0,838311.0,0.0,0.0,0.0,56.9,0,0,KE,1,1.0,International Centre of Insect Physiology and Ecology (icipe),Diagnostic Equipment,1.0,No dated window,,48.2,Watch donor,High equipment specificity,intelligence
donor_intel_3bc15c8aae3e,-,-,1,1,0,687733.0,804647.61,2550600.0,0.0,3.17,56.9,0,0,KE,1,1.0,Amref Health Africa in Kenya,Power & Utilities,1.0,Active through Q4 2029,,48.2,Watch donor,High equipment specificity,intelligence
donor_intel_57d57b8301da,"Gilead Sciences, Inc.","Gilead Sciences, Inc.",5,5,0,3598993.11,3598993.1,137512.47,0.0,0.038,56.9,3,0,SS; ET; KE; SO,4,0.28,World Health Organization,Diagnostic Equipment,0.0,Q4 2026,,47.9,Watch donor,Baseline donor profile,intelligence
donor_intel_e8673420589f,Bureau for Humanitarian Assistance,Bureau for Humanitarian Assistance,103,21,82,3815229466.0,3815229466.0,112963016.45,515628893.0,0.03,47.0,29,0,SO; SS; ET; KE,6,0.239,IP not published; UNICEF; SOMALI FEDERAL PARLIAMENT HOUSE OF THE PEOPLE; SOMALIA DISASTER MANAGEMENT AGENCY FDS,Diagnostic Equipment; Power & Utilities; Facility Infrastructure,0.097,Q1 2027; Q4 2026,,47.4,Strategic donor,Has dated future disbursements,intelligence
donor_intel_83fcdd2e7b39,FCDO / United Kingdom,"British Government (DFID); The United Kingdom; Great Britain. Foreign, Commonwealth & Development Office; Foreign, Commonwealth & Development Office (FCDO), United Kingdom; Foreign, Commonwealth and Development Office (FCDO); UK - Department for International Development (DFID); United Kingdom - Children's Investment Fund Foundation (CIFF); United Kingdom - Department of Energy and Climate Change; UK Foreign, Commonwealth & Development Office (FCDO); UK - Foreign, Commonwealth and Development Office; Foreign, Commonwealth & Development Office; UK - Foreign, Commonwealth and Development Office (FCDO); DFID; UK Foreign Commonwealth and Development Office; Department of Health and Social Care, United Kingdom; FCDO; UK Department for International Development (DFID); DfID - Department for International Development UK; DFID GPAF",330,224,120,9133444725.33,9603055834.03,1708942622.85,1084621358.0,0.178,45.6,85,12,ET; KE; SS; UG,53,0.071,IP not published; UNICEF; SWER BUEARU OF AGRICULTURE; GPNRS LIVESTOCK AND FISHE RES DEV BUREAU,Diagnostic Equipment; Facility Infrastructure; Power & Utilities; Medical Devices & Equipment,0.164,Q1 2027; Q4 2026,,47.2,Strategic donor,Has dated future disbursements; Contains likely procurement programmes,intelligence
donor_intel_f3dc3416e140,WHO Foundation,WHO Foundation,15,15,0,26383156.96,26383156.95,92551.99,0.0,0.004,54.8,7,1,ET; RW; UG; TZ,7,0.182,World Health Organization,Diagnostic Equipment,0.067,Q4 2026,,47.2,Watch donor,Contains likely procurement programmes,intelligence
donor_intel_c1a682ee3490,Ethiopia,Ethiopia,11,5,6,452736786.0,452736786.0,33468575.57,144975046.0,0.074,47.9,5,0,ET,1,1.0,UNICEF; AMHARA BUREAU OF WATER IRRIGATION AND ENERGY DEVELOPMENT; GPNRS LIVESTOCK AND FISHE RES DEV BUREAU; REACH THE NEEDY ETHIOPIA RTN ETHIOPIA,Diagnostic Equipment,0.0,Q1 2027,,47.2,Watch donor,Has dated future disbursements,intelligence
donor_intel_e92cd0d53862,"Ministry of Development Cooperation and Humanitarian Affairs, Luxembourg","Ministry of Development Cooperation and Humanitarian Affairs, Luxembourg",3,3,0,3824361.22,3824361.22,8466.0,0.0,0.002,52.5,1,1,ET; SS; UG,3,0.333,World Health Organization,Diagnostic Equipment,0.333,Q4 2026,,47.2,Watch donor,High equipment specificity; Contains likely procurement programmes,intelligence
donor_intel_a26a5329cf96,Amref Health Africa Uganda,Amref Health Africa Uganda,1,1,0,199974.0,233969.58,0.0,0.0,0.0,56.1,0,0,UG,1,1.0,Amref Health Africa Uganda,Facility Infrastructure,1.0,No dated window,,47.2,Watch donor,High equipment specificity,intelligence
donor_intel_d7e933058fed,Malaria Consortium US Inc,Malaria Consortium US Inc,15,15,0,8459818.0,8459818.0,0.0,0.0,0.0,52.8,8,0,UG; ET; SS,3,0.375,,Diagnostic Equipment; Facility Infrastructure; IT / Health Information Systems,0.067,Q2 2027; Q3 2027,,47.1,Watch donor,Baseline donor profile,intelligence
donor_intel_3d5023781142,South Sudan,South Sudan,9,9,0,13688836.54,13688836.55,9705.16,0.0,0.001,56.1,4,3,SS,1,1.0,World Health Organization,Diagnostic Equipment; Facility Infrastructure; IT / Health Information Systems,0.333,Q4 2026,,47.0,Watch donor,High equipment specificity; Contains likely procurement programmes,intelligence
donor_intel_de41976ccb8a,Dutch Relief Alliance,Dutch Relief Alliance,1,1,0,1468342.84,1717961.12,0.0,0.0,0.0,49.4,0,0,SO,1,1.0,Help a Child; Medair,Power & Utilities,1.0,No dated window,,46.6,Watch donor,High equipment specificity,intelligence
donor_intel_d74e1accd391,UK - Department of Health and Social Care (DHSC),UK - Department of Health and Social Care (DHSC),18,17,1,237755661.74,320970143.35,58960222.38,0.0,0.184,49.0,7,6,KE; UG; GB; ZA,15,0.114,London School of Hygiene and Tropical Medicine; Makerere University School of Public Health; University of Oxford; Addis Ababa University,Facility Infrastructure; IT / Health Information Systems; Diagnostic Equipment; Vehicles & Transport,0.389,Q2 2027; Active through Q3 2026,,46.4,Watch donor,High equipment specificity; Contains likely procurement programmes,intelligence
donor_intel_8ba43b87d430,OXFAM HONGKONG,OXFAM HONGKONG,1,1,0,73038.0,85454.46,0.0,0.0,0.0,55.4,0,0,UG,1,1.0,Oxfam Novib,Facility Infrastructure; Power & Utilities,1.0,No dated window,,46.4,Watch donor,High equipment specificity,intelligence
donor_intel_c838f8466b14,Belgium,Belgium,11,1,10,576328586.0,576328586.0,13709939.08,25137604.0,0.024,54.4,2,0,SS; KE; SO; ET,5,0.289,IP not published; UNICEF; AMREF HEALTH AFRICA; WORLD VISION INTERNATIONAL,Diagnostic Equipment; Facility Infrastructure; Power & Utilities,0.091,Q1 2027,,46.3,Watch donor,Has dated future disbursements,intelligence
donor_intel_6b90538ee3f4,United Arab Emirates,United Arab Emirates,16,3,13,610313078.0,610313078.0,11451562.4,18324350.0,0.019,52.1,4,0,ET; SO; SS; KE,4,0.273,UNICEF; IP not published; AMHARA BUREAU OF WATER IRRIGATION AND ENERGY DEVELOPMENT; GPNRS LIVESTOCK AND FISHE RES DEV BUREAU,Diagnostic Equipment,0.0,Q4 2026,,46.0,Watch donor,Has dated future disbursements,intelligence
donor_intel_6e292d49d0e8,Merck Sharp & Dohme Corp,Merck Sharp & Dohme Corp,7,7,0,226936551.68,226936551.68,142381340.71,0.0,0.627,52.0,3,0,ET; CD; KE; RW,6,0.184,Global Financing Facility for Womencomma Children and Adolescents Multi-Donor Trust Fund; Multi-Donor Trust Fund for the Global Financing Facility (GFF) in Support of Every Woman Every Child - Parallel Trust Fund; Multi-Donor Trust Fund for the Global Financing Facility (GFF) in Support of Every Woman Every Child; Primary Health Care Transformation Trust Fund,Facility Infrastructure; Medical Devices & Equipment,0.0,Q1 2027; Q2 2027,,46.0,Watch donor,Baseline donor profile,intelligence
donor_intel_841cb64d2497,The Susan Thompson Buffett Foundati,The Susan Thompson Buffett Foundati,7,7,0,226936551.68,226936551.68,142381340.71,0.0,0.627,52.0,3,0,ET; CD; KE; RW,6,0.184,Global Financing Facility for Womencomma Children and Adolescents Multi-Donor Trust Fund; Multi-Donor Trust Fund for the Global Financing Facility (GFF) in Support of Every Woman Every Child - Parallel Trust Fund; Multi-Donor Trust Fund for the Global Financing Facility (GFF) in Support of Every Woman Every Child; Primary Health Care Transformation Trust Fund,Facility Infrastructure; Medical Devices & Equipment,0.0,Q1 2027; Q2 2027,,46.0,Watch donor,Baseline donor profile,intelligence
donor_intel_aae4e8b27f98,Japan - Ministry of Finance,Japan - Ministry of Finance,9,9,0,233061146.29,233061146.29,147515958.43,0.0,0.633,50.3,4,0,ET; RW; SO; CD,6,0.185,Global Financing Facility for Womencomma Children and Adolescents Multi-Donor Trust Fund; Multi-Donor Trust Fund for the Global Financing Facility (GFF) in Support of Every Woman Every Child - Parallel Trust Fund; Multi-Donor Trust Fund for the Global Financing Facility (GFF) in Support of Every Woman Every Child; Primary Health Care Transformation Trust Fund,Facility Infrastructure; Medical Devices & Equipment,0.0,Q2 2027; Q1 2027,,45.8,Watch donor,Baseline donor profile,intelligence
donor_intel_a0407a9e18b1,"Ministry of Foreign Affairs, Ireland","Ministry of Foreign Affairs, Ireland",13,13,0,20925405.37,20925405.37,1350482.63,0.0,0.065,51.1,4,3,UG; TZ; CD; ET,6,0.337,World Health Organization,Diagnostic Equipment; Facility Infrastructure,0.231,Q4 2026,,45.8,Watch donor,Contains likely procurement programmes,intelligence
donor_intel_cd02a818c46b,ADRA Danmark,ADRA Danmark,1,1,0,162750.0,25551.75,0.0,0.0,0.0,54.6,0,0,CD,1,1.0,ADRA DR Congo,Facility Infrastructure,1.0,No dated window,,45.5,Watch donor,High equipment specificity,intelligence
donor_intel_e345baa6ac47,NIHR,NIHR,8,8,0,24908570.06,33626569.58,5039627.69,0.0,0.15,51.2,2,1,GB; UG; ET; KE,18,0.096,"Armauer Hansen Research Institute; Kumasi Centre for Collaboration and Research in Tropical Medicine, Kwame Nkrumah University of Science and Technology; Blue Ventures, Madagascar; Botswana Harvard AIDS Institute Partnership",Diagnostic Equipment; Facility Infrastructure; IT / Health Information Systems,0.5,Q1 2027; Q2 2027,,45.4,Watch donor,High equipment specificity; Contains likely procurement programmes,intelligence
donor_intel_d798b1ff638d,Spanish Agency for International Cooperation (AECID),Spanish Agency for International Cooperation (AECID),2,2,0,2415372.32,2415372.32,5711.93,0.0,0.002,54.9,1,0,ET; RW,2,0.5,World Health Organization,Diagnostic Equipment,0.0,Q4 2026,,45.3,Watch donor,Baseline donor profile,intelligence
donor_intel_d6765f2be355,European Commission,"European Commission/EC; European Commission / ECHO; Directorate-General for European Civil Protection and Humanitarian Aid Operations (ECHO), European Commission; European Commission; European Commission - Development and Cooperation - EuropeAid; Directorate-General for International Partnerships (INTPA), European Commission; European Commission - International Partnerships",239,146,123,6071794693.03,6079600514.86,1761162949.28,1062885025.15,0.29,42.6,59,12,ET; CD; SS; SO,15,0.182,UNICEF; IP not published; SWER BUEARU OF AGRICULTURE; GPNRS LIVESTOCK AND FISHE RES DEV BUREAU,Diagnostic Equipment; Facility Infrastructure; Power & Utilities; IT / Health Information Systems,0.151,Q4 2026; Q1 2027,,45.1,Strategic donor,Has dated future disbursements; Contains likely procurement programmes,intelligence
donor_intel_5a11f2f9bc44,Canada. Parliament,Canada. Parliament,24,24,0,22573893.0,16478941.89,0.0,0.0,0.0,57.1,8,6,KE; UG; TZ; CD,27,0.072,Institut National de Recherche Biomédicale; Jacaranda Health Solutions Limited; AMREF HEALTH AFRICA IN KENYA; African Institute for Development Policy,Diagnostic Equipment; Facility Infrastructure; Power & Utilities; IT / Health Information Systems,0.292,Q2 2027; Q1 2027,,44.8,Watch donor,High equipment specificity; Contains likely procurement programmes,intelligence
donor_intel_fb9e9274c83d,Italy / AICS,AICS - Italian Agency for Cooperation and Development,19,19,0,13142376.01,15376579.93,28555291.48,0.0,1.857,44.5,2,1,ET; KE; SS; UG,5,0.302,AICS - Italian Agency for Cooperation and Development; MINISTERO DELLA SALUTE ETIOPICO ALT; ACAP - COMUNITÀ DI S. EGIDIO ONLUS; AMREF HEALTH AFRICA ONG/ON,Facility Infrastructure; Diagnostic Equipment; IT / Health Information Systems; Cold Chain / Storage,0.526,Q1 2027; Active through Q1 2028,,44.8,Watch donor,High equipment specificity; Contains likely procurement programmes,intelligence
donor_intel_fd1ef82aa521,Kilpatrick Fraser Charitable Trust,Kilpatrick Fraser Charitable Trust,1,1,0,8590.0,11596.5,10056.15,0.0,0.867,54.1,0,0,KE,1,1.0,,Diagnostic Equipment,1.0,No dated window,,44.8,Watch donor,High equipment specificity,intelligence
donor_intel_310113cc6e2f,Veta Bailey Charitable Trust,Veta Bailey Charitable Trust,1,1,0,8590.0,11596.5,10056.15,0.0,0.867,54.1,0,0,KE,1,1.0,,Diagnostic Equipment,1.0,No dated window,,44.8,Watch donor,High equipment specificity,intelligence
donor_intel_d005f43fe239,Ministry of Economy and Finance,Ministry of Economy and Finance,11,0,11,0.0,0.0,0.0,0.0,0.0,61.8,8,0,TZ; ET; RW; SS,4,0.322,,Facility Infrastructure; Medical Devices & Equipment; Diagnostic Equipment,0.636,Q4 2026,,44.6,Watch donor,High equipment specificity,intelligence
donor_intel_0e208bd9b422,Rockefeller Foundation,Rockefeller Foundation,8,8,0,167157409.66,166571266.66,88364509.71,0.0,0.53,50.6,3,0,ET; KE; TZ; GH,7,0.181,Global Financing Facility for Womencomma Children and Adolescents Multi-Donor Trust Fund; Multi-Donor Trust Fund for the Global Financing Facility (GFF) in Support of Every Woman Every Child; Multi-Donor Trust Fund for the Global Financing Facility (GFF) in Support of Every Woman Every Child - Parallel Trust Fund; Primary Health Care Transformation Trust Fund,Facility Infrastructure; Medical Devices & Equipment,0.0,Q1 2027; Q2 2027,,44.4,Watch donor,Baseline donor profile,intelligence
donor_intel_dd5249166741,Donor Pooled Fund (mixed donors),Donor Pooled Fund (mixed donors),16,1,15,456514350.0,456514350.0,803254.04,7216702.0,0.002,56.1,2,0,ET; SS; KE; CD,5,0.312,UNICEF; IP not published; AMHARA BUREAU OF WATER IRRIGATION AND ENERGY DEVELOPMENT; GPNRS LIVESTOCK AND FISHE RES DEV BUREAU,Diagnostic Equipment; Power & Utilities; Facility Infrastructure,0.062,Q1 2027,,44.4,Watch donor,Has dated future disbursements,intelligence
donor_intel_4301e6c64274,Irish Aidcomma Department of Foreign Affairs and Trade,Irish Aidcomma Department of Foreign Affairs and Trade,5,5,0,204651127.16,204651127.16,59608395.26,0.0,0.291,48.4,2,0,ET; CD; UG,3,0.44,Global Financing Facility for Womencomma Children and Adolescents Multi-Donor Trust Fund; Multi-Donor Trust Fund for the Global Financing Facility (GFF) in Support of Every Woman Every Child - Parallel Trust Fund; Primary Health Care Transformation Trust Fund; World Bank Trust Funds,Facility Infrastructure,0.0,Q1 2027; Q2 2028,,44.4,Watch donor,Baseline donor profile,intelligence
donor_intel_9aec35c79b4e,Germany,Germany,54,15,39,1811552542.07,1812269933.91,65429506.25,206225028.0,0.036,48.7,15,0,SS; ET; SO; UG,11,0.255,UNICEF; IP not published; AMREF HEALTH AFRICA; WORLD VISION INTERNATIONAL,Diagnostic Equipment; Facility Infrastructure; Power & Utilities; Medical Devices & Equipment,0.093,Q4 2026; Q1 2027,,44.3,Strategic donor,Has dated future disbursements,intelligence
donor_intel_2214b03e2857,Italy - Ministry of Foreign Affairs International Cooperation,Italy - Ministry of Foreign Affairs International Cooperation,5,5,0,360959996.19,360959996.19,66072945.45,0.0,0.183,46.9,2,0,SO; ET; RW,3,0.44,Early Learning Partnership Multi Donor Trust Fund - Parallel Trust Fund of TF072402; Global Financing Facility for Womencomma Children and Adolescents Multi-Donor Trust Fund; Multi-Donor Trust Fund for the Global Financing Facility (GFF) in Support of Every Woman Every Child - Parallel Trust Fund; Advancing Human Capital Outcomes Globally Multi-Donor Trust Fund,Facility Infrastructure; Medical Devices & Equipment; Power & Utilities,0.0,Q2 2027; Q2 2028,,44.3,Watch donor,Baseline donor profile,intelligence
donor_intel_48a87665eaa6,Norwegian Government,Norwegian Government,27,27,0,171273494.0,16270981.95,16270982.15,0.0,1.0,45.1,6,6,UG; ET; TZ; KE,6,0.224,Atlas-alliansen; KFUK-KFUM Global; Digni; Kirkens Nødhjelp,Facility Infrastructure; Medical Devices & Equipment,0.333,Q4 2026; Active through Q4 2026,,44.1,Watch donor,High equipment specificity; Contains likely procurement programmes,intelligence
donor_intel_57d15d84b3ac,Novo Nordisk Foundation,Novo Nordisk Foundation,6,6,0,3077315.01,3077315.01,0.0,0.0,0.0,49.9,2,1,KE; SO; SS,3,0.333,World Health Organization,Diagnostic Equipment,0.167,Q4 2026,,43.7,Watch donor,Contains likely procurement programmes,intelligence
donor_intel_6ae6fc097937,UNDP,UNDP South Sudan; UNDP - UN Development Programme; UNITED NATIONS DEVELOPMENT PROGRAMME; United Nations Development Programme (UNDP); UNDP Administered Donor Joint Trust Fund (UNJ),41,10,31,772295341.29,773845551.91,3575765.16,2926157.0,0.005,45.5,3,1,SS; SO; RW; ET,7,0.168,IP not published; UNICEF; AMREF HEALTH AFRICA; WORLD VISION INTERNATIONAL,Diagnostic Equipment; Power & Utilities; Medical Devices & Equipment; Facility Infrastructure,0.195,Q4 2026; Active through Q4 2026,,43.5,Watch donor,Has dated future disbursements; Contains likely procurement programmes,intelligence
donor_intel_88259d3821e9,International Rescue Committee UK,International Rescue Committee UK,11,10,0,7382214.66,9545975.79,3606486.74,0.0,0.378,41.9,1,1,SS; SO; ET; CD,5,0.256,"The International Rescue Committee; International Rescue Committee, The; AYUUB; Centre for Emergency and Development Support (CEDS)",Power & Utilities; Facility Infrastructure; Medical Devices & Equipment,0.545,Q2 2027,,43.1,Watch donor,High equipment specificity; Contains likely procurement programmes,intelligence
donor_intel_9ab34d6b2aaa,Mainline,Mainline,2,2,0,891093.0,1042578.81,716516.19,0.0,0.687,52.2,0,0,KE; TZ,2,0.5,MEWA,Diagnostic Equipment,0.5,No dated window,,43.1,Watch donor,High equipment specificity,intelligence
donor_intel_d74be98db53e,Sweden / Sida,"SIDA - Sweden; Swedish International Development Cooperation Agency (SIDA); Sweden; Sida is Sweden's government agency for development cooperation. We strive to reduce poverty and oppression around the world. In cooperation with organisations, government agencies and the private sector we invest in sustainable development for all people.",110,56,54,3248345469.7,3248345469.7,132331871.46,451214609.0,0.041,40.8,18,0,ET; SO; UG; KE,63,0.057,UNICEF; IP not published; SOMALI FEDERAL PARLIAMENT HOUSE OF THE PEOPLE; SOMALIA DISASTER MANAGEMENT AGENCY FDS,Diagnostic Equipment; Facility Infrastructure; Power & Utilities; Medical Devices & Equipment,0.155,Q1 2027; Active through Q2 2027,,42.9,Strategic donor,Has dated future disbursements,intelligence
donor_intel_dd561b8eaa1b,Denmark,Denmark,23,1,22,732291874.0,732291874.0,13709939.08,25137604.0,0.019,47.3,3,0,SS; SO; ET; TZ,4,0.342,IP not published; UNICEF; AMREF HEALTH AFRICA; WORLD VISION INTERNATIONAL,Diagnostic Equipment; Facility Infrastructure; Power & Utilities,0.087,Q1 2027,,42.9,Watch donor,Has dated future disbursements,intelligence
donor_intel_e0c9035898dd,AA,AA,2,2,0,11167352.0,13065801.84,0.0,0.0,0.0,46.0,0,0,CD; ET,2,0.5,,Power & Utilities,0.5,Q1 2027,,42.9,Watch donor,High equipment specificity,intelligence
donor_intel_dc22e4fbded9,Australia - Ministry for Foreign Affairs and Trade,Australia - Ministry for Foreign Affairs and Trade,3,3,0,78467439.28,78467439.28,63072945.45,0.0,0.804,48.3,1,0,ET; RW; SO,3,0.333,Early Learning Partnership Multi Donor Trust Fund - Parallel Trust Fund of TF072402; Global Financing Facility for Womencomma Children and Adolescents Multi-Donor Trust Fund; Multi-Donor Trust Fund for the Global Financing Facility (GFF) in Support of Every Woman Every Child - Parallel Trust Fund; Advancing Human Capital Outcomes Globally Multi-Donor Trust Fund,Facility Infrastructure; Medical Devices & Equipment,0.0,Q2 2027; Q4 2028,,42.6,Watch donor,Baseline donor profile,intelligence
donor_intel_aa16aa025535,Children's Investment Fund Foundation (UK),Children's Investment Fund Foundation (UK),11,11,0,16275297.48,16275297.48,331529.77,0.0,0.02,49.4,3,1,KE; UG; CD; ET,5,0.289,World Health Organization,Diagnostic Equipment,0.091,Q4 2026,,42.3,Watch donor,Contains likely procurement programmes,intelligence
donor_intel_413f8fd9f558,Bayer AG,Bayer AG,2,2,0,3333714.11,3333714.11,373397.42,0.0,0.112,55.4,1,0,CD,1,1.0,World Health Organization,Diagnostic Equipment,0.0,Q4 2026,,41.7,Watch donor,Baseline donor profile,intelligence
donor_intel_62b0bce0aac1,Helmsley Charitable Trust,Helmsley Charitable Trust,3,3,0,4920458.21,4920458.21,9116.91,0.0,0.002,50.6,1,0,KE; RW; TZ,3,0.333,World Health Organization,Diagnostic Equipment,0.0,Q4 2026,,41.5,Watch donor,Baseline donor profile,intelligence
donor_intel_36fdb1572757,Joint United Nations Programme on HIV/AIDS (UNAIDS),Joint United Nations Programme on HIV/AIDS (UNAIDS),2,2,0,2961042.24,2961042.24,0.0,0.0,0.0,55.3,1,0,UG,1,1.0,World Health Organization,Diagnostic Equipment,0.0,Q4 2026,,41.5,Watch donor,Baseline donor profile,intelligence
donor_intel_096d8cc01b55,Hennecke Family Foundation,Hennecke Family Foundation,1,1,0,0.0,0.0,0.0,0.0,0.0,48.0,0,0,KE; NL,2,0.5,Stichting Health Action International,Facility Infrastructure,1.0,No dated window,,41.4,Watch donor,High equipment specificity,intelligence
donor_intel_61c1a668b407,Lillian Lincoln foundation,Lillian Lincoln foundation,1,1,0,0.0,0.0,0.0,0.0,0.0,48.0,0,0,KE; NL,2,0.5,Stichting Health Action International,Facility Infrastructure,1.0,No dated window,,41.4,Watch donor,High equipment specificity,intelligence
donor_intel_12d8613048f1,Crown Agents Limited,Crown Agents Limited,3,3,0,2215681.0,2991169.35,1439386.2,0.0,0.481,48.6,0,0,SS,1,1.0,"International Rescue Committee, The; Centre for Emergency and Development Support (CEDS); The International Rescue Committee",Facility Infrastructure,0.667,No dated window,,41.3,Watch donor,High equipment specificity,intelligence
donor_intel_2ed348875e27,World Diabetes Foundation,World Diabetes Foundation,3,3,0,3514332.02,3514332.03,0.0,0.0,0.0,50.3,1,0,UG; SO,2,0.556,World Health Organization,Diagnostic Equipment,0.0,Q4 2026,,41.2,Watch donor,Baseline donor profile,intelligence
donor_intel_642aef9fe0e3,Crown Agents,Crown Agents,7,7,0,9075684.99,10368789.04,2329450.34,0.0,0.225,49.8,0,0,SS,1,1.0,International Rescue Committee Inc.; Centre for Emergency and Development Support (CEDS),Facility Infrastructure; Medical Devices & Equipment,0.571,No dated window,,40.9,Watch donor,High equipment specificity,intelligence
donor_intel_b056c762d02a,Directorate-general Development Cooperation and Humanitarian Aid,Directorate-general Development Cooperation and Humanitarian Aid,11,11,0,27409686.0,32069332.62,27949320.36,0.0,0.872,43.3,2,2,CD; UG; KE; RW,4,0.455,Belgian agency for international cooperation (Enabel); Enabel - the Belgian development agency; IA Institut de Médecine Tropicale - Instituut voor Tropische Geneeskunde; government partner country: financial coop. - DGCD partner,Facility Infrastructure; Medical Devices & Equipment; Diagnostic Equipment,0.182,Q1 2027; Active through Q1 2028,,40.8,Watch donor,Contains likely procurement programmes,intelligence
donor_intel_487b3c7825dc,GlaxoSmithKline (GSK),GlaxoSmithKline (GSK),3,3,0,3366309.0,4544517.15,8230920.79,0.0,1.811,44.9,0,0,ET; AO; BI; KE,13,0.082,Amref Health Africa Headquarters; Amref Health Africa in Ethiopia,Facility Infrastructure; Diagnostic Equipment; PPE,0.667,No dated window,,40.5,Watch donor,High equipment specificity,intelligence
donor_intel_98b07f87399e,Country Learn & Skilled for Work &,Country Learn & Skilled for Work &,1,1,0,749002.0,749002.0,9372.15,374495.0,0.013,59.7,0,0,UG,1,1.0,BUGIRI DISTRICT LOCAL GOVERNMENT; KAMULI DISTRICT UNICEF; MASAKA CITY; NAMAYINGO DISTRICT LOCAL GOVERNMENT,,0.0,Q1 2027,,40.2,Watch donor,Has dated future disbursements,intelligence
donor_intel_bae35b4e1ad8,Rotary International,Rotary International,15,2,13,512803176.56,512803176.57,78451.15,0.0,0.0,56.6,3,2,CD; ET; SO; SS,6,0.182,UNICEF; IP not published; AMHARA BUREAU OF WATER IRRIGATION AND ENERGY DEVELOPMENT; GPNRS LIVESTOCK AND FISHE RES DEV BUREAU,Diagnostic Equipment; Cold Chain / Storage,0.2,Q4 2026,,39.7,Watch donor,Contains likely procurement programmes,intelligence
donor_intel_a20c8d81c56c,Bloomberg Family Foundation,Bloomberg Family Foundation,6,6,0,2701269.62,2701269.62,27404.47,0.0,0.01,45.6,1,1,ET; KE; RW; UG,4,0.278,World Health Organization,IT / Health Information Systems,0.167,Q4 2026,,39.4,Watch donor,Contains likely procurement programmes,intelligence
donor_intel_92bcd73b04cc,Russian Federation,Russian Federation,2,0,2,23892704.0,23892704.0,0.0,0.0,0.0,56.6,0,0,KE; SO,2,0.5,UNICEF; COUNTY GOVERNMENT OF MARSABIT DEPARTMENT OF HEALTH SERVICES; IP not published; KENYA PRIVATE SECTOR ALLIANCE FOUNDATION,Power & Utilities,0.5,No dated window,,38.2,Watch donor,High equipment specificity,intelligence
donor_intel_fd31526ec4ad,BASIC EDUCATION AND GENDER EQUALITY,BASIC EDUCATION AND GENDER EQUALITY,7,0,7,84239596.0,84239596.0,0.0,0.0,0.0,48.3,0,0,ET; RW; SO; UG,4,0.306,IP not published; UNICEF; AMHARA BUREAU OF WATER IRRIGATION AND ENERGY DEVELOPMENT; GPNRS LIVESTOCK AND FISHE RES DEV BUREAU,Power & Utilities; Diagnostic Equipment,0.571,No dated window,,37.8,Watch donor,High equipment specificity,intelligence
donor_intel_a998354a0b01,The Power of Nutrition,The Power of Nutrition,5,3,2,168220000.0,168220000.0,75000000.0,0.0,0.446,37.9,0,0,ET; RW; TZ,3,0.36,World Bank Group; Action Against Hunger UK; United Nations Children's Fund (UNICEF),Facility Infrastructure; IT / Health Information Systems,0.4,No dated window,,37.3,Watch donor,High equipment specificity,intelligence
donor_intel_f44769c65bd4,The Queen Elizabeth Diamond Jubilee Trust,The Queen Elizabeth Diamond Jubilee Trust,1,1,0,40100000.0,54135000.0,0.0,0.0,0.0,51.6,0,0,KE; MW; MZ; NG,7,0.143,Sightsavers,Diagnostic Equipment,0.0,No dated window,,37.3,Watch donor,Baseline donor profile,intelligence
donor_intel_6cc9019737dd,Susan Thompson Buffett Foundation,Susan Thompson Buffett Foundation,13,13,0,10746657.21,10746657.22,50129.48,0.0,0.005,44.7,2,0,RW; CD; ET; KE,6,0.195,World Health Organization,Diagnostic Equipment,0.0,Q4 2026,,37.1,Watch donor,Baseline donor profile,intelligence
donor_intel_75b298a477a7,Australia,Australia,19,0,19,308425864.0,308425864.0,0.0,0.0,0.0,47.2,3,0,SO; ET; SS; KE,5,0.285,UNICEF; IP not published; SOMALI FEDERAL PARLIAMENT HOUSE OF THE PEOPLE; SOMALIA DISASTER MANAGEMENT AGENCY FDS,Diagnostic Equipment; Power & Utilities; Facility Infrastructure,0.316,No dated window,,37.0,Watch donor,High equipment specificity,intelligence
donor_intel_124cc94ec77c,Department for International Development,Department for International Development,3,3,0,10839959.18,14633944.89,0.0,0.0,0.0,33.6,0,0,ET; RW; SO,3,0.333,Concern Ethiopia; Deutsche Welthungerhilfe e.v (WHH); Helvetas Swiss intercooperation; Italian Association for Aid to Children (CIAI),Facility Infrastructure,0.333,No dated window,,36.8,Watch donor,High equipment specificity,intelligence
donor_intel_dcff44867e88,Wellcome Trust,Wellcome Trust,6,6,0,6817320.32,2848320.32,7774.69,0.0,0.003,42.6,1,0,ET; KE; RW; UG,4,0.278,World Health Organization; International Centre of Insect physiology and ecology (icipe),Diagnostic Equipment,0.0,Q4 2026,,36.0,Watch donor,Baseline donor profile,intelligence
donor_intel_f0017815f126,Direction-Générale Coopération au Développement et Aide humanitaire,Direction-Générale Coopération au Développement et Aide humanitaire,34,34,0,1582330.0,1851326.1,0.0,0.0,0.0,32.2,0,0,CD; UG; ET; KE,6,0.261,,Diagnostic Equipment; Facility Infrastructure; IT / Health Information Systems; Medical Devices & Equipment,0.382,Active through Q3 2027; Q4 2026,,35.9,Watch donor,High equipment specificity,intelligence
donor_intel_51288d140528,Spain,Spain,8,0,8,250760834.0,250760834.0,0.0,0.0,0.0,41.2,2,0,SO; SS,2,0.531,IP not published; UNICEF; SOMALI FEDERAL PARLIAMENT HOUSE OF THE PEOPLE; SOMALIA DISASTER MANAGEMENT AGENCY FDS,Facility Infrastructure; Diagnostic Equipment,0.25,No dated window,,35.8,Watch donor,High equipment specificity,intelligence
donor_intel_f485d2281231,Estonia,Estonia,4,0,4,174325810.0,174325810.0,0.0,0.0,0.0,52.0,1,0,SS,1,1.0,IP not published; AMREF HEALTH AFRICA; UNICEF; WORLD VISION INTERNATIONAL,Diagnostic Equipment; Facility Infrastructure,0.25,No dated window,,34.6,Background,High equipment specificity,intelligence
donor_intel_a4fb0b4e2d9e,Abt Associates Inc.,Abt Associates Inc.,1,1,0,1663360.0,1663360.0,0.0,0.0,0.0,49.3,0,0,GB; MW; TZ; ZM,4,0.25,Malaria Consortium,Diagnostic Equipment,0.0,No dated window,,34.5,Background,Baseline donor profile,intelligence
donor_intel_80d814630523,Effective Altruism Foundation,Effective Altruism Foundation,1,1,0,180837765.0,180837765.0,0.0,0.0,0.0,52.0,0,0,BF; GB; GW; MZ,9,0.111,Malaria Consortium,Diagnostic Equipment,0.0,No dated window,,34.1,Background,Baseline donor profile,intelligence
donor_intel_95f23404d9b5,Givewell,Givewell,1,1,0,180837765.0,180837765.0,0.0,0.0,0.0,52.0,0,0,BF; GB; GW; MZ,9,0.111,Malaria Consortium,Diagnostic Equipment,0.0,No dated window,,34.1,Background,Baseline donor profile,intelligence
donor_intel_d8fcfebb5f5b,Good Ventures,Good Ventures,1,1,0,180837765.0,180837765.0,0.0,0.0,0.0,52.0,0,0,BF; GB; GW; MZ,9,0.111,Malaria Consortium,Diagnostic Equipment,0.0,No dated window,,34.1,Background,Baseline donor profile,intelligence
donor_intel_7564c659402e,Three Graces Foundation Inc,Three Graces Foundation Inc,1,1,0,180837765.0,180837765.0,0.0,0.0,0.0,52.0,0,0,BF; GB; GW; MZ,9,0.111,Malaria Consortium,Diagnostic Equipment,0.0,No dated window,,34.1,Background,Baseline donor profile,intelligence
donor_intel_4b0b5fdab098,Amref Health Africa NL,Amref Health Africa NL,3,3,0,480087.0,561701.79,4227795.0,0.0,7.527,29.5,0,0,ET; KE; UG,3,0.333,Amref Health Africa Uganda; Amref Health Africa in Kenya; Amref Health Africia Ethiopia,Power & Utilities,0.333,Active through Q4 2027; Active through Q4 2029,,33.7,Background,High equipment specificity,intelligence
donor_intel_045a315104b7,Conrad N. Hilton Foundation,Conrad N. Hilton Foundation,2,2,0,47688204.43,47688204.43,39000000.0,0.0,0.818,37.6,0,0,ET; RW,2,0.5,Early Learning Partnership Multi Donor Trust Fund - Parallel Trust Fund of TF072402; Advancing Human Capital Outcomes Globally Multi-Donor Trust Fund; Ethiopia Reform Support Multi-Donor Trust Fund; Global Financing Facility for Womencomma Children and Adolescents Multi-Donor Trust Fund,,0.0,Q2 2027; Q4 2028,,33.3,Background,Baseline donor profile,intelligence
donor_intel_f5d8b57771a6,LEGO Fonden,LEGO Fonden,2,2,0,47688204.43,47688204.43,39000000.0,0.0,0.818,37.6,0,0,ET; RW,2,0.5,Early Learning Partnership Multi Donor Trust Fund - Parallel Trust Fund of TF072402; Advancing Human Capital Outcomes Globally Multi-Donor Trust Fund; Ethiopia Reform Support Multi-Donor Trust Fund; Global Financing Facility for Womencomma Children and Adolescents Multi-Donor Trust Fund,,0.0,Q2 2027; Q4 2028,,33.3,Background,Baseline donor profile,intelligence
donor_intel_b7f2ea342242,Rockefeller Philanthropy Advisors,Rockefeller Philanthropy Advisors,2,2,0,47688204.43,47688204.43,39000000.0,0.0,0.818,37.6,0,0,ET; RW,2,0.5,Early Learning Partnership Multi Donor Trust Fund - Parallel Trust Fund of TF072402; Advancing Human Capital Outcomes Globally Multi-Donor Trust Fund; Ethiopia Reform Support Multi-Donor Trust Fund; Global Financing Facility for Womencomma Children and Adolescents Multi-Donor Trust Fund,,0.0,Q2 2027; Q4 2028,,33.3,Background,Baseline donor profile,intelligence
donor_intel_2fbeb0c5a6b6,The William and Flora Hewlett Foundation,The William and Flora Hewlett Foundation,2,2,0,47688204.43,47688204.43,39000000.0,0.0,0.818,37.6,0,0,ET; RW,2,0.5,Early Learning Partnership Multi Donor Trust Fund - Parallel Trust Fund of TF072402; Advancing Human Capital Outcomes Globally Multi-Donor Trust Fund; Ethiopia Reform Support Multi-Donor Trust Fund; Global Financing Facility for Womencomma Children and Adolescents Multi-Donor Trust Fund,,0.0,Q2 2027; Q4 2028,,33.3,Background,Baseline donor profile,intelligence
donor_intel_88228032cc5c,ACTION AGAINST HUNGER USA,ACTION AGAINST HUNGER USA,1,1,0,2388168.0,3224026.8,0.0,0.0,0.0,57.8,0,0,SO,1,1.0,ACTION AGAINST HUNGER USA; International Medical Corps UK,Facility Infrastructure,0.0,No dated window,,33.3,Background,Baseline donor profile,intelligence
donor_intel_76f0e1f77f3c,Belgian Development Cooperation,Belgian Development Cooperation,9,9,0,32919219.14,38515486.39,36147512.1,0.0,0.939,37.4,0,0,CD; ET; KE; RW,6,0.259,Ghent University; KU Leuven; Vrije Universiteit Brussel; University of Antwerp,Diagnostic Equipment; Medical Devices & Equipment,0.0,No dated window,,33.1,Background,Baseline donor profile,intelligence
donor_intel_69f2e5640f29,"Myriad USA, Inc (Previously King Baudouin Foundation United States ? KBFUS)","Myriad USA, Inc (Previously King Baudouin Foundation United States ? KBFUS)",3,3,0,4668227.18,4668227.18,0.0,0.0,0.0,41.3,0,0,KE; TZ,2,0.556,World Health Organization,,0.0,Q4 2026,,32.9,Background,Baseline donor profile,intelligence
donor_intel_ec6621080d35,MSI Reproductive Choices,MSI Reproductive Choices,1,1,0,4801997.0,6482695.95,0.0,0.0,0.0,39.8,0,0,CD; ML; MR; NE,6,0.167,,,0.0,Q2 2027,,32.7,Background,Baseline donor profile,intelligence
donor_intel_c3e99dc6c0a6,Roche Kenya Limited,Roche Kenya Limited,2,2,0,3032515.71,3032515.71,9116.91,0.0,0.003,41.0,0,0,KE; TZ,2,0.5,World Health Organization,,0.0,Q4 2026,,32.6,Background,Baseline donor profile,intelligence
donor_intel_a74be3a55fe2,AECID Agencia Española de Cooperación Internacional para el Desarrollo,AECID Agencia Española de Cooperación Internacional para el Desarrollo,3,3,0,2811929.02,3289956.95,3289956.93,0.0,1.0,39.7,0,0,ET; EG; JO; MA,7,0.185,"FCSAI - Fundación Estatal Salud, Infancia y Bienestar Social; Ministerio Federal de Salud de Etiopía; OTC Etiopia",,0.0,Q4 2026; Q3 2026,,32.2,Background,Baseline donor profile,intelligence
donor_intel_65d36d0e8501,Canada/IHA,Canada/IHA,31,0,31,953733928.0,953733928.0,0.0,0.0,0.0,42.0,4,0,SO; ET; KE,3,0.55,UNICEF; IP not published; SOMALI FEDERAL PARLIAMENT HOUSE OF THE PEOPLE; SOMALIA DISASTER MANAGEMENT AGENCY FDS,Diagnostic Equipment; Power & Utilities; Facility Infrastructure,0.129,No dated window,,32.1,Background,Baseline donor profile,intelligence
donor_intel_402a3b91f677,YOUNG CHILD SURVIVAL & DEVELOPMENT,YOUNG CHILD SURVIVAL & DEVELOPMENT,37,0,37,999623760.0,999623760.0,0.0,0.0,0.0,45.7,3,0,SO; ET; KE; CD,8,0.147,UNICEF; IP not published; SOMALI FEDERAL PARLIAMENT HOUSE OF THE PEOPLE; SOMALIA DISASTER MANAGEMENT AGENCY FDS,Diagnostic Equipment; Facility Infrastructure; Power & Utilities,0.108,No dated window,,32.0,Background,Baseline donor profile,intelligence
donor_intel_f3fe0a0eae06,Save The Children UK,Save The Children UK,23,23,0,30110359.0,40648984.65,0.0,0.0,0.0,25.9,0,0,ET; TZ,2,0.917,Save The Children International,Power & Utilities,0.13,No dated window,,32.0,Background,Baseline donor profile,intelligence
donor_intel_a582d5aeb7b4,IOGT-NTO Movement,IOGT-NTO Movement,6,6,0,18654950.0,2014734.6,0.0,0.0,0.0,39.8,0,0,KE; TZ; UG,3,0.333,,,0.0,Q1 2027,,32.0,Background,Baseline donor profile,intelligence
donor_intel_c2306b9a51d8,International Planned Parenthood Federation,International Planned Parenthood Federation,3,3,0,20286092.0,27386224.2,0.0,0.0,0.0,34.0,0,0,ET; SS; SO; UG,4,0.278,"Family Guidance Association of Ethiopia (FGAE); International Rescue Committee, The; Reproductive Health Association of South Sudan (RHASS)",,0.0,Q2 2027,,31.9,Background,Baseline donor profile,intelligence
donor_intel_95e1b986538e,Switzerland / SDC,Direktion für Entwicklung und Zusammenarbeit (DEZA/engl. SDC); Swiss Agency for Development and Cooperation (SDC); Swiss Development Cooperation Agency (SDC/DDC),591,591,0,324215551.32,326608172.81,423879274.2,0.0,1.298,22.0,3,1,CD; TZ; SO; SS,7,0.246,"ONG basée dans un pays donneur; ONG basée dans un pays en développement; Developing country-based NGO; Université, institut d'education et autre institution d'enseignement, institut de recherche ou groupe de réflexion",Diagnostic Equipment; Medical Devices & Equipment; Facility Infrastructure; IT / Health Information Systems,0.102,Active through Q4 2026; Active through Q4 2028,,31.8,Background,Contains likely procurement programmes,intelligence
donor_intel_49e7175a145c,UNITAID,UNITAID,20,5,15,536795270.37,536795270.36,478042.43,0.0,0.001,50.5,4,0,ET; KE; UG; TZ,13,0.163,UNICEF; AMHARA BUREAU OF WATER IRRIGATION AND ENERGY DEVELOPMENT; GPNRS LIVESTOCK AND FISHE RES DEV BUREAU; REACH THE NEEDY ETHIOPIA RTN ETHIOPIA,Diagnostic Equipment; Power & Utilities,0.0,Q4 2026,,31.7,Background,Baseline donor profile,intelligence
donor_intel_c073d97dd896,Italy,Italy,24,0,24,782096236.0,782096236.0,0.0,0.0,0.0,46.0,2,0,SS; SO; UG; ET,4,0.372,IP not published; UNICEF; WORLD VISION INTERNATIONAL; AMREF HEALTH AFRICA,Diagnostic Equipment; Facility Infrastructure,0.083,No dated window,,31.7,Background,Baseline donor profile,intelligence
donor_intel_8f490545013b,AFLAM,AFLAM,1,2,0,4708848.0,5509352.16,2627169.04,0.0,0.477,49.7,0,0,CD,1,1.0,ARES; Archidiocèse Bukavu; CAMPS; Direction Provinciale de la Santé du Sud Kivu,Medical Devices & Equipment,0.0,No dated window,,31.4,Background,Baseline donor profile,intelligence
donor_intel_b1e8e9d085f7,Ethiopiaid Ireland,Ethiopiaid Ireland,3,3,0,0.0,0.0,0.0,0.0,0.0,45.3,0,0,ET,1,1.0,,Facility Infrastructure; Medical Devices & Equipment,0.667,No dated window,,31.4,Background,High equipment specificity,intelligence
donor_intel_933b9c221e13,The Institute of Development Studies,The Institute of Development Studies,1,1,0,3200000.0,4320000.0,5232327.34,0.0,1.211,50.0,0,0,AR; BD; BR; CD,23,0.043,Analyzing Development Issues Centre; Associação Saúde Sem Limites; BRAC Institute of Governance and Development; Cambodia Development Resource Institute,Diagnostic Equipment,0.0,No dated window,,31.3,Background,Baseline donor profile,intelligence
donor_intel_0a4ee6450a2e,United Nations Foundation Inc.,United Nations Foundation Inc.,10,0,10,354164774.0,354164774.0,0.0,0.0,0.0,54.3,0,0,ET; KE; TZ; CD,7,0.16,UNICEF; IP not published; AMHARA BUREAU OF WATER IRRIGATION AND ENERGY DEVELOPMENT; COUNTY GOVERNMENT OF MARSABIT DEPARTMENT OF HEALTH SERVICES,Diagnostic Equipment,0.0,No dated window,,31.2,Background,Baseline donor profile,intelligence
donor_intel_30a14d1476de,Fondation NIF,Fondation NIF,1,1,0,2354424.0,2754676.08,1313584.52,0.0,0.477,49.7,0,0,CD,1,1.0,ARES; Archidiocèse Bukavu; CAMPS; Direction Provinciale de la Santé du Sud Kivu,Medical Devices & Equipment,0.0,No dated window,,30.9,Background,Baseline donor profile,intelligence
donor_intel_903356eb58d0,Louvain Coopération,Louvain Coopération,1,1,0,2354424.0,2754676.08,1313584.52,0.0,0.477,49.7,0,0,CD,1,1.0,ARES; Archidiocèse Bukavu; CAMPS; Direction Provinciale de la Santé du Sud Kivu,Medical Devices & Equipment,0.0,No dated window,,30.9,Background,Baseline donor profile,intelligence
donor_intel_0d7013f5a11c,Mangrove Foundation,Mangrove Foundation,1,1,0,2354424.0,2754676.08,1313584.52,0.0,0.477,49.7,0,0,CD,1,1.0,ARES; Archidiocèse Bukavu; CAMPS; Direction Provinciale de la Santé du Sud Kivu,Medical Devices & Equipment,0.0,No dated window,,30.9,Background,Baseline donor profile,intelligence
donor_intel_039ebb987cf2,Orval,Orval,1,1,0,2354424.0,2754676.08,1313584.52,0.0,0.477,49.7,0,0,CD,1,1.0,ARES; Archidiocèse Bukavu; CAMPS; Direction Provinciale de la Santé du Sud Kivu,Medical Devices & Equipment,0.0,No dated window,,30.9,Background,Baseline donor profile,intelligence
donor_intel_2261cc55a9c7,Donor Entity,Donor Entity,1,1,0,2192989.0,2565797.13,0.0,0.0,0.0,49.6,0,0,UG,1,1.0,,Medical Devices & Equipment,0.0,No dated window,,30.9,Background,Baseline donor profile,intelligence
donor_intel_99e9e64ecf32,New Zealand - Ministry of Foreign Affairs and Trade,New Zealand - Ministry of Foreign Affairs and Trade,1,1,0,21683883.78,21683883.78,15016831.0,0.0,0.693,44.3,0,0,CD,1,1.0,Food Systems 2030 Multi-Donor Trust Fund; Global Agriculture and Food Security Program (GAFSP) - World Bank as Supervising Entity; Multi-Donor Trust Fund for the Global Financing Facility (GFF) in Support of Every Woman Every Child - Parallel Trust Fund; Primary Health Care Transformation Trust Fund,,0.0,Q1 2027,,30.7,Background,Baseline donor profile,intelligence
donor_intel_1dd754f8dd5e,Health Pooled Fund South Sudan,Health Pooled Fund South Sudan,3,3,0,2079860.0,2807811.0,0.0,0.0,0.0,48.8,0,0,SS,1,1.0,Malaria Consortium,Facility Infrastructure,0.0,No dated window,,30.7,Background,Baseline donor profile,intelligence
donor_intel_244d94344828,Heifer Nederland,Heifer Nederland,1,1,0,1625111.0,1901379.87,0.0,0.0,0.0,49.4,0,0,ET,1,1.0,Send a Cow Ethiopia,Power & Utilities,0.0,No dated window,,30.6,Background,Baseline donor profile,intelligence
donor_intel_d5654472772f,Open Philanthropy,Open Philanthropy,1,1,0,1139087.0,1537767.45,1638134.55,0.0,1.065,49.3,0,0,CD,1,1.0,Ministry of Health - DRC; United Front Against River Blindness (UFAR),Diagnostic Equipment,0.0,Active through Q1 2027,,30.5,Background,Baseline donor profile,intelligence
donor_intel_fd2aaebb5ad9,CAFIN / Power of nutrition,CAFIN / Power of nutrition,1,1,0,40266158.24,40266158.24,39000000.0,0.0,0.969,42.0,0,0,RW,1,1.0,Early Learning Partnership Multi Donor Trust Fund - Parallel Trust Fund of TF072402; Japan Social Development Fund (JSDF); Multi Donor Trust Fund for Achieving Nutrition Impact at Scale; Multi Donor Trust Fund for Achieving Nutrition Impact at Scale - Parallel Trust Fund of TF072405,,0.0,Q2 2027,,30.4,Background,Baseline donor profile,intelligence
donor_intel_d9b6a2b7ed57,Canada/GID,Canada/GID,34,0,34,761232878.0,761232878.0,0.0,0.0,0.0,45.8,2,0,ET; SS; CD; TZ,8,0.175,UNICEF; IP not published; AMHARA BUREAU OF WATER IRRIGATION AND ENERGY DEVELOPMENT; GPNRS LIVESTOCK AND FISHE RES DEV BUREAU,Diagnostic Equipment,0.029,No dated window,,30.3,Background,Baseline donor profile,intelligence
donor_intel_251717e78a82,OPEC Fund,OPEC Fund,3,0,3,28705880.0,28705880.0,0.0,0.0,0.0,37.7,0,0,KE; TZ,2,0.556,UNICEF; COUNTY GOVERNMENT OF MARSABIT DEPARTMENT OF HEALTH SERVICES; KENYA PRIVATE SECTOR ALLIANCE FOUNDATION; MINISTRY OF WATER AND ENVIRONMENT HOMA BAY,Power & Utilities,0.333,No dated window,,30.3,Background,High equipment specificity,intelligence
donor_intel_981796dffcb4,The Task Force for Global Health,The Task Force for Global Health,2,2,0,1097730.0,1481935.5,1316511.9,0.0,0.888,48.8,0,0,TZ,1,1.0,Helen Keller International; Interchurch Medical Assistance Inc (IMA); Kilimanjaro Centre for Community Ophthalmology (KCCO); Kongwa Trachoma Project (KTP),Diagnostic Equipment,0.0,Active through Q4 2026,,30.3,Background,Baseline donor profile,intelligence
donor_intel_936cd4450a53,Christian Blind Mission (UK) Ltd.,Christian Blind Mission (UK) Ltd.,1,1,0,901802.87,1217433.87,0.0,0.0,0.0,49.1,0,0,RW,1,1.0,,Medical Devices & Equipment,0.0,No dated window,,30.3,Background,Baseline donor profile,intelligence
donor_intel_1a4bce264831,XM-DAC-302,XM-DAC-302,1,1,0,16537226.14,16537226.14,0.0,0.0,0.0,43.2,0,0,TZ,1,1.0,XM-DAC-41140,,0.0,Q4 2026,,30.2,Background,Baseline donor profile,intelligence
donor_intel_47de2ed29088,XM-DAC-41305,XM-DAC-41305,1,1,0,16537226.14,16537226.14,0.0,0.0,0.0,43.2,0,0,TZ,1,1.0,XM-DAC-41140,,0.0,Q4 2026,,30.2,Background,Baseline donor profile,intelligence
donor_intel_17bfcf32f703,XM-DAC-7,XM-DAC-7,1,1,0,16537226.14,16537226.14,0.0,0.0,0.0,43.2,0,0,TZ,1,1.0,XM-DAC-41140,,0.0,Q4 2026,,30.2,Background,Baseline donor profile,intelligence
donor_intel_a13c1d42b108,XM-DAC-966,XM-DAC-966,1,1,0,16537226.14,16537226.14,0.0,0.0,0.0,43.2,0,0,TZ,1,1.0,XM-DAC-41140,,0.0,Q4 2026,,30.2,Background,Baseline donor profile,intelligence
donor_intel_5b7d0263566d,Amref Flying Doctors,Amref Flying Doctors,5,4,1,2121386.0,2559421.62,2709521.46,0.0,1.059,27.3,0,0,KE; ET; UG; ZM,4,0.306,AMREF Ethiopia; Amref Health Africa Kenya; Amref Health Africa in Ethiopia; Amref Health Africa in Kenya,Facility Infrastructure,0.2,No dated window,,30.2,Background,Baseline donor profile,intelligence
donor_intel_d28e608ba338,Sightsavers,Sightsavers,2,2,0,815020.0,1100277.0,0.0,0.0,0.0,34.6,0,0,TZ; UG,2,0.5,Dodoma Regional Authority; Morogoro Regional Authority; Singida Regional Authority; Tanzania Gender Networking Programme,Diagnostic Equipment,0.0,Active through Q4 2026,,30.1,Background,Baseline donor profile,intelligence
donor_intel_4946f4fb200b,Norwegian Refugee Council,Norwegian Refugee Council,6,6,0,16374634.51,22105756.58,16943261.86,0.0,0.766,32.3,0,0,SO,1,1.0,The International Rescue Committee; Action Against Hunger UK; Cesvi; Concern Worldwide UK,Facility Infrastructure; Power & Utilities,0.167,Q3 2027,,30.0,Background,Baseline donor profile,intelligence
donor_intel_4fb0e0630a94,Handicap International Belgique,Handicap International Belgique,1,1,0,737536.0,862917.12,553587.11,0.0,0.642,48.9,0,0,CD,1,1.0,Humanity&Inclusion,Medical Devices & Equipment,0.0,No dated window,,30.0,Background,Baseline donor profile,intelligence
donor_intel_db9a022b7562,GOAL,GOAL,1,1,0,592118.0,799359.3,0.0,0.0,0.0,48.9,0,0,SS,1,1.0,,Facility Infrastructure,0.0,No dated window,,30.0,Background,Baseline donor profile,intelligence
donor_intel_62ac3965d121,UK - Foreign & Commonwealth Office,UK - Foreign & Commonwealth Office,5,5,0,13089710.96,17671109.79,0.0,0.0,0.0,30.6,0,0,CH; GB; BE; ID,30,0.042,University College London; Global Disability Innovation Hub; Clinton Health Access Initiative; IIT Madras,Diagnostic Equipment,0.2,Active through Q1 2030,,29.9,Background,Baseline donor profile,intelligence
donor_intel_ac241b24dca1,Clean Air Fund (CAF),Clean Air Fund (CAF),1,1,0,11322313.0,11322313.0,0.0,0.0,0.0,42.9,0,0,IN; KE; KG; KH,15,0.067,American University of Beirut (AUB); Asian Institute of Technology; Center of Live and Learn for Environment and Community (CLEC; Clean Air Asia,,0.0,Q4 2026,,29.9,Background,Baseline donor profile,intelligence
donor_intel_c0318c304410,PayTM Foundation,PayTM Foundation,1,1,0,11322313.0,11322313.0,0.0,0.0,0.0,42.9,0,0,IN; KE; KG; KH,15,0.067,American University of Beirut (AUB); Asian Institute of Technology; Center of Live and Learn for Environment and Community (CLEC; Clean Air Asia,,0.0,Q4 2026,,29.9,Background,Baseline donor profile,intelligence
donor_intel_e0a7a2af8524,VLIR-UOS,VLIR-UOS,25,25,0,0.0,0.0,0.0,0.0,0.0,34.1,0,0,CD; UG; ET; KE,6,0.181,,Diagnostic Equipment; Facility Infrastructure; IT / Health Information Systems; Medical Devices & Equipment,0.52,Active through Q3 2027,,29.9,Background,High equipment specificity,intelligence
donor_intel_7c8cea41586a,Biovision Foundation,Biovision Foundation,1,1,0,689965.0,689965.0,0.0,0.0,0.0,48.8,0,0,KE,1,1.0,,Diagnostic Equipment,0.0,No dated window,,29.8,Background,Baseline donor profile,intelligence
donor_intel_3e1d9f3d1cf3,Hospice Africa Ltd,Hospice Africa Ltd,1,1,0,302462.0,408323.7,0.0,0.0,0.0,48.4,0,0,UG,1,1.0,hospice africa ltd,Medical Devices & Equipment,0.0,No dated window,,29.4,Background,Baseline donor profile,intelligence
donor_intel_3f013fc06bf4,HealthNet TPO,HealthNet TPO,1,1,0,255275.0,344621.25,0.0,0.0,0.0,48.3,0,0,SS,1,1.0,,Facility Infrastructure,0.0,No dated window,,29.3,Background,Baseline donor profile,intelligence
donor_intel_335492b33cf1,JP-2,JP-2,3,3,0,0.0,0.0,0.0,0.0,0.0,42.7,0,0,CD; KE; UG,3,0.333,,Diagnostic Equipment; Facility Infrastructure; Medical Devices & Equipment,0.333,No dated window,,29.3,Background,High equipment specificity,intelligence
donor_intel_4b72b9638df8,Care Nederland,Care Nederland,3,3,0,16623943.0,19450013.31,16279059.42,0.0,0.837,24.8,0,0,ET; KE; UG,3,0.333,CARE ETHIOPIA CO; CARE INTERNATIONAL in Kenya; CARE UGANDA CO,,0.0,Active through Q4 2026,,29.1,Background,Baseline donor profile,intelligence
donor_intel_a16986d3001c,"Ministry of Foreign Affairs, Denmark","Ministry of Foreign Affairs, Denmark",44,44,0,2909859.96,2909859.96,244441721.78,0.0,84.005,19.0,1,0,KE; TZ; RW; SO,4,0.437,World Health Organization,Facility Infrastructure; Diagnostic Equipment,0.136,Q4 2026; Active through Q4 2026,,29.0,Background,Baseline donor profile,intelligence
donor_intel_fc3a9bf07186,Fred Hollows Foundation,Fred Hollows Foundation,1,1,0,184835.0,249527.25,129186.9,0.0,0.518,48.1,0,0,KE,1,1.0,Ministry of Health - Kenya,Diagnostic Equipment,0.0,No dated window,,29.0,Background,Baseline donor profile,intelligence
donor_intel_c9e8d0261dbb,Ministry of Foreign and European Affairs of the Slovak Republic,Ministry of Foreign and European Affairs of the Slovak Republic,112,112,0,0.0,0.0,8366997.6,0.0,0.0,32.0,0,0,KE; RW; SS; UG,6,0.359,,Facility Infrastructure; Diagnostic Equipment; Medical Devices & Equipment; Vehicles & Transport,0.5,No dated window,,29.0,Background,High equipment specificity,intelligence
donor_intel_86e399c0d7b3,Oxford Policy Management,Oxford Policy Management,1,1,0,15724357.0,21227881.95,0.0,0.0,0.0,23.0,0,0,BD; GH; KI; SL,5,0.2,AGY Ambala Group Ghana Limited; Bangor university; Boston College; CMI,,0.0,Active through Q4 2026,,28.7,Background,Baseline donor profile,intelligence
donor_intel_4f7955367d91,OneSight EssilorLuxottica Foundation,OneSight EssilorLuxottica Foundation,1,1,0,2488477.33,2488477.33,0.0,0.0,0.0,41.9,0,0,KE,1,1.0,World Health Organization,,0.0,Q4 2026,,28.7,Background,Baseline donor profile,intelligence
donor_intel_57f8e44c3f5e,Malaria Consortium,Malaria Consortium,45,45,0,25000.0,25000.0,1730952.25,0.0,69.238,34.9,0,0,SS; UG; ET; TZ,4,0.363,Malaria Consortium; Uganda Virus Research Institute (UVRI); Erasmus University Medical Center (Erasmus MC); Aero Medical Services,Diagnostic Equipment; Facility Infrastructure; IT / Health Information Systems,0.044,Active through Q4 2026; Active through Q2 2027,,28.6,Background,Baseline donor profile,intelligence
donor_intel_9babfe29e78f,Send a Cow UK,Send a Cow UK,3,3,0,1825111.0,2135379.87,152100.0,0.0,0.071,27.2,0,0,ET; UG,2,0.556,Send a Cow Ethiopia; AKAM,Power & Utilities,0.0,No dated window,,28.5,Background,Baseline donor profile,intelligence
donor_intel_f1479c2590a0,DE-1,DE-1,1,1,0,1780699.0,2083417.83,0.0,0.0,0.0,41.6,0,0,KE,1,1.0,,,0.0,Q1 2027,,28.5,Background,Baseline donor profile,intelligence
donor_intel_e1cceee31bdd,Red Barnet,Red Barnet,4,4,0,135121005.43,21213997.86,18428802.49,0.0,0.869,22.1,0,0,SO; SS,2,0.5,Save the Children International,,0.0,Active through Q4 2026,,28.4,Background,Baseline donor profile,intelligence
donor_intel_67c596500639,LEGO Foundation,LEGO Foundation,2,2,0,2401550.98,2401550.98,44421.0,0.0,0.018,40.7,0,0,TZ,1,1.0,World Health Organization,,0.0,Q4 2026,,28.3,Background,Baseline donor profile,intelligence
donor_intel_78b948f88f6e,"Government of Wallonia, Belgium","Government of Wallonia, Belgium",1,1,0,1610823.67,1610823.67,76832.97,0.0,0.048,41.4,0,0,CD,1,1.0,World Health Organization,,0.0,Q4 2026,,28.3,Background,Baseline donor profile,intelligence
donor_intel_4f52f4274968,Audere,Audere,1,1,0,82773.0,82773.0,0.0,0.0,0.0,47.4,0,0,KE,1,1.0,Population Services Kenya,Diagnostic Equipment,0.0,No dated window,,28.2,Background,Baseline donor profile,intelligence
donor_intel_291f0d8e8b07,"Merck Sharp and Dohme Corp.,","Merck Sharp and Dohme Corp.,",1,1,0,1288034.68,1288034.68,0.0,0.0,0.0,41.1,0,0,KE,1,1.0,World Health Organization,,0.0,Q4 2026,,28.1,Background,Baseline donor profile,intelligence
donor_intel_8a4add221ac1,Innovations For Poverty Action,Innovations For Poverty Action,62,62,0,24508393.98,24508393.98,0.0,0.0,0.0,19.3,0,0,KE; UG,2,0.775,Innovations_for_Poverty_Action,,0.0,Q3 2027; Q4 2026,,27.8,Background,Baseline donor profile,intelligence
donor_intel_ef0f474c3e87,Fondation Botnar (FB),Fondation Botnar (FB),1,1,0,891715.17,891715.17,0.0,0.0,0.0,40.8,0,0,TZ,1,1.0,World Health Organization,,0.0,Q4 2026,,27.8,Background,Baseline donor profile,intelligence
donor_intel_979104c6ba3b,Keele University,Keele University,1,1,0,4576819.0,6178705.65,0.0,0.0,0.0,22.2,0,0,BR; ET; GB; LK,4,0.25,Federal University of Bahia; Kent and Medway Medical School; Mekelle University; Rajarata University,,0.0,No dated window,,27.7,Background,Baseline donor profile,intelligence
donor_intel_84707374a843,Plan Nederland,Plan Nederland,5,5,0,7617966.0,8913020.22,3715108.02,0.0,0.417,21.1,0,0,ET; KE; ID; MW,8,0.147,Rutgers; CHOICE for Youth and Sexuality; HealthNet TPO,,0.0,No dated window,,27.6,Background,Baseline donor profile,intelligence
donor_intel_912b2ccf682a,World Federation of Neurology,World Federation of Neurology,1,1,0,713988.56,713988.56,7774.69,0.0,0.011,40.5,0,0,ET,1,1.0,World Health Organization,,0.0,Q4 2026,,27.5,Background,Baseline donor profile,intelligence
donor_intel_25ca1321be31,ULB-Coopération,ULB-Coopération,2,2,0,4576189.0,5354141.13,3356436.33,0.0,0.627,35.6,0,0,CD,1,1.0,ULB-Coopération; Division provinciale de la santé du Nord-Kivu; Etoile du Sud; HGR Kintambo,Medical Devices & Equipment,0.0,No dated window,,27.4,Background,Baseline donor profile,intelligence
donor_intel_b9f8a872e42a,ATScale,ATScale,1,1,0,3085538.16,4165476.52,0.0,0.0,0.0,21.9,0,0,BR; GB; GH; IN,8,0.125,60 Decibels; Global Disability Innovation Hub; IIT Bangalore; IIT Madras,,0.0,No dated window,,27.4,Background,Baseline donor profile,intelligence
donor_intel_710a97b96392,Google Inc.,Google Inc.,1,1,0,3085538.16,4165476.52,0.0,0.0,0.0,21.9,0,0,BR; GB; GH; IN,8,0.125,60 Decibels; Global Disability Innovation Hub; IIT Bangalore; IIT Madras,,0.0,No dated window,,27.4,Background,Baseline donor profile,intelligence
donor_intel_026a02bf1332,London School of Hygiene and Tropical Medicine,London School of Hygiene and Tropical Medicine,1,1,0,2984447.0,4029003.45,519685.15,0.0,0.129,21.9,0,0,GB; KE; UG,3,0.333,KEMRI Wellcome Trust Research Programme; London School of Hygiene and Tropical Medicine; MRC/UVRI and LSHTM Uganda Research Unit; The University of Oxford,,0.0,No dated window,,27.4,Background,Baseline donor profile,intelligence
donor_intel_59ad77e1e169,Alliance for Health Policy and Systems Research (AHPSR),Alliance for Health Policy and Systems Research (AHPSR),1,1,0,647738.0,647738.0,0.0,0.0,0.0,40.4,0,0,ET,1,1.0,World Health Organization,,0.0,Q4 2026,,27.4,Background,Baseline donor profile,intelligence
donor_intel_e1e2891fbe96,Pre-Qualification Fees (PQF),Pre-Qualification Fees (PQF),1,1,0,565584.5,565584.5,0.0,0.0,0.0,40.3,0,0,RW,1,1.0,World Health Organization,,0.0,Q4 2026,,27.3,Background,Baseline donor profile,intelligence
donor_intel_e44ab3b321f9,Resolve To Save Lives,Resolve To Save Lives,1,1,0,527429.82,527429.82,5711.93,0.0,0.011,40.2,0,0,ET,1,1.0,World Health Organization,,0.0,Q4 2026,,27.3,Background,Baseline donor profile,intelligence
donor_intel_3a5bd571b079,Permanent Mission of the Slovakia,Permanent Mission of the Slovakia,2,0,2,85846338.0,85846338.0,26332.0,0.0,0.0,57.4,0,0,SS,1,1.0,IP not published; UNICEF; AMREF HEALTH AFRICA; CARE INTERNATIONAL IN SS,Diagnostic Equipment,0.0,No dated window,,27.2,Background,Baseline donor profile,intelligence
donor_intel_1e7b44082aab,Dutch Ministry of Foreign Affairs,Dutch Ministry of Foreign Affairs,4,3,1,16746061.0,19572131.31,16279059.42,0.0,0.832,25.0,0,0,UG; CD; ET; KE,5,0.222,CARE; CARE ETHIOPIA CO; CARE INTERNATIONAL in Kenya; CARE UGANDA CO,,0.0,Active through Q4 2026,,27.2,Background,Baseline donor profile,intelligence
donor_intel_1086609940e5,FAO - Food and Agriculture,FAO - Food and Agriculture,1,0,1,60539302.0,60539302.0,0.0,0.0,0.0,57.7,0,0,KE,1,1.0,COUNTY GOVERNMENT OF MARSABIT DEPARTMENT OF HEALTH SERVICES; KENYA PRIVATE SECTOR ALLIANCE FOUNDATION; MINISTRY OF WATER AND ENVIRONMENT HOMA BAY; UNICEF,Power & Utilities,0.0,No dated window,,27.1,Background,Baseline donor profile,intelligence
donor_intel_98601d9b422e,"Taysha Consulting, Ltd","Taysha Consulting, Ltd",1,1,0,21000.0,21000.0,0.0,0.0,0.0,46.5,0,0,SS,1,1.0,,Diagnostic Equipment,0.0,No dated window,,27.1,Background,Baseline donor profile,intelligence
donor_intel_c6c84f727764,Stichting Simavi,Stichting Simavi,6,6,0,699558933.0,2512451.61,2602197.9,0.0,1.036,21.6,0,0,KE; UG,2,0.556,Stichting Simavi; ACK Development Services (ADS) - Nyanza; Centre for the Study of Adolescence; Family Life Education Program,,0.0,No dated window,,27.0,Background,Baseline donor profile,intelligence
donor_intel_d5fe2995550d,In2Care BV,In2Care BV,1,1,0,18151.0,18151.0,0.0,0.0,0.0,46.4,0,0,KE,1,1.0,International Centre of Insect physiology and ecology (icipe),Diagnostic Equipment,0.0,No dated window,,27.0,Background,Baseline donor profile,intelligence
donor_intel_51ad75b59904,HIV-AIDS AND CHILDREN,HIV-AIDS AND CHILDREN,8,0,8,270355014.0,270355014.0,0.0,0.0,0.0,39.4,0,0,SS; KE; CD; RW,5,0.25,IP not published; UNICEF; AMREF HEALTH AFRICA; WORLD VISION INTERNATIONAL,Diagnostic Equipment,0.0,No dated window,,26.8,Background,Baseline donor profile,intelligence
donor_intel_7131dc063a2d,Federation Internationale de Football Association (FIFA),Federation Internationale de Football Association (FIFA),1,1,0,326261.0,326261.0,5300.0,0.0,0.016,39.7,0,0,TZ,1,1.0,World Health Organization,,0.0,Q4 2026,,26.8,Background,Baseline donor profile,intelligence
donor_intel_13ed02427658,Mercury Phoenx Trust,Mercury Phoenx Trust,1,1,0,11738.87,15847.47,0.0,0.0,0.0,46.3,0,0,KE,1,1.0,,Diagnostic Equipment,0.0,No dated window,,26.8,Background,Baseline donor profile,intelligence
donor_intel_2e1e33684b77,Czech Republic (The),Czech Republic (The),1,0,1,40746100.0,40746100.0,0.0,0.0,0.0,57.4,0,0,SS,1,1.0,IP not published; AMREF HEALTH AFRICA; UNICEF; WORLD VISION INTERNATIONAL,Diagnostic Equipment,0.0,No dated window,,26.7,Background,Baseline donor profile,intelligence
donor_intel_ed84edb4f4cd,MPTFO AS AA FOR JP PASS THROUGH,MPTFO AS AA FOR JP PASS THROUGH,4,4,0,9077859.0,9077859.0,0.0,0.0,0.0,30.9,0,0,CD,1,1.0,ACTION D'ESPOIR; National Execution,Medical Devices & Equipment,0.0,No dated window,,26.4,Background,Baseline donor profile,intelligence
donor_intel_2b23c220f656,Biological Sciences Research Council BBSRC,Biological Sciences Research Council BBSRC,3,3,0,200734.4,270991.44,0.0,0.0,0.0,38.0,0,0,KE,1,1.0,International Centre for Insect Physiology and Ecology; International Centre of Insect Physiology and Ecology (icipe),Diagnostic Equipment; Facility Infrastructure,0.0,No dated window,,26.3,Background,Baseline donor profile,intelligence
donor_intel_78ff8090c1a4,UK Department of Health and Social Care (DHSC),UK Department of Health and Social Care (DHSC),1,1,0,645407.56,871300.21,0.0,0.0,0.0,20.9,0,0,IN; KE; LA; MW,5,0.2,Clinton Health Access Initiative,,0.0,No dated window,,26.2,Background,Baseline donor profile,intelligence
donor_intel_78f6775a7176,Disasters Emergency Committee,Disasters Emergency Committee,1,1,0,570000.0,769500.0,744329.25,0.0,0.967,20.8,0,0,SO; SS; YE,3,0.333,Action Against Hunger USA; Action Contre la Faim; Juba Foundation,,0.0,No dated window,,26.1,Background,Baseline donor profile,intelligence
donor_intel_36e8c6ad2cdb,Ethiopiaid,Ethiopiaid,6,5,1,0.0,0.0,0.0,0.0,0.0,40.3,0,0,ET,1,1.0,Aisha Charity Association; Atsede & Indie's Women's Clinic; Dignity Period; HHOJ,Facility Infrastructure; Medical Devices & Equipment,0.5,No dated window,,26.0,Background,High equipment specificity,intelligence
donor_intel_8bd2341e341d,Special Relief Funds,Special Relief Funds,4,0,4,2988603.23,0.0,0.0,0.0,0.0,47.8,1,0,UG; CD; SS,3,0.375,Ministry of Health; Organisation mondiale de la santé,Facility Infrastructure,0.25,Q4 2026,,25.9,Background,High equipment specificity,intelligence
donor_intel_e801ea855f3f,Rutgers,Rutgers,5,5,0,5013447.0,5865732.99,140049.0,0.0,0.024,15.6,0,0,UG; KE; ET; GH,6,0.21,Stichting Simavi; Family Life Education Program,,0.0,Active through Q4 2029,,25.8,Background,Baseline donor profile,intelligence
donor_intel_b7553af148f9,United Nations Environment Programme (UNEP),United Nations Environment Programme (UNEP),1,1,0,100000.0,100000.0,0.0,0.0,0.0,38.4,0,0,UG,1,1.0,World Health Organization,,0.0,Q4 2026,,25.8,Background,Baseline donor profile,intelligence
donor_intel_3fd8667dc9c0,Faculty of Nursing and Midwifery ? Royal College of Surgeons in Ireland (RCSI),Faculty of Nursing and Midwifery ? Royal College of Surgeons in Ireland (RCSI),1,1,0,94002.89,94002.89,0.0,0.0,0.0,38.3,0,0,KE,1,1.0,World Health Organization,,0.0,Q4 2026,,25.7,Background,Baseline donor profile,intelligence
donor_intel_002d05315493,OXFAM CANADA,OXFAM CANADA,4,4,0,2466088.0,2885322.96,1310126.22,0.0,0.454,30.0,0,0,UG,1,1.0,Centre for health Human Rights and; Femme Forte Uganda; Oxfam Novib; Reproductive Health Uganda,,0.0,Q4 2026; Active through Q2 2028,,25.5,Background,Baseline donor profile,intelligence
donor_intel_05c75a4034b6,Univeristy of Oxford,Univeristy of Oxford,1,1,0,13864.0,18716.4,0.0,0.0,0.0,26.4,0,0,MW; TZ; ZA,3,0.333,Countess of Chester Hospital NHS Foundation Trust; Kamuzu University of Health Sciences; Liverpool School of Tropical Medicine; Malawi University of Science & Technology,,0.0,Active through Q3 2028,,25.4,Background,Baseline donor profile,intelligence
donor_intel_8f57af39e89d,PSFR - consolidated pool funding,PSFR - consolidated pool funding,1,0,1,6140000.0,6140000.0,0.0,0.0,0.0,56.2,0,0,SS,1,1.0,IP not published; AMREF HEALTH AFRICA; UNICEF; WORLD VISION INTERNATIONAL,Power & Utilities,0.0,No dated window,,25.2,Background,Baseline donor profile,intelligence
donor_intel_87b34d4752b0,CHILD PROTECTION: PREVENTING/ R,CHILD PROTECTION: PREVENTING/ R,1,0,1,5197092.0,5197092.0,0.0,0.0,0.0,56.1,0,0,KE,1,1.0,COUNTY GOVERNMENT OF MARSABIT DEPARTMENT OF HEALTH SERVICES; KENYA PRIVATE SECTOR ALLIANCE FOUNDATION; MINISTRY OF WATER AND ENVIRONMENT HOMA BAY; UNICEF,Power & Utilities,0.0,No dated window,,25.1,Background,Baseline donor profile,intelligence
donor_intel_e12ab8c93d21,International Centre of Insect Physiology and Ecology (icipe),International Centre of Insect Physiology and Ecology (icipe),2,2,0,212413.0,240413.0,0.0,0.0,0.0,33.6,0,0,KE,1,1.0,,Facility Infrastructure,0.0,No dated window,,25.0,Background,Baseline donor profile,intelligence
donor_intel_be4ca47b9211,Austrian Development Agency GmbH,Austrian Development Agency GmbH,1,1,0,26754263.16,26754263.16,0.0,0.0,0.0,23.1,0,0,ET,1,1.0,World Bank Trust Funds,,0.0,No dated window,,24.9,Background,Baseline donor profile,intelligence
donor_intel_76ef05ceec1c,Global Innovation Fund,Global Innovation Fund,2,2,0,750000.0,750000.0,1875000.0,0.0,2.5,16.4,0,0,KE; UG,2,0.5,StrongMinds; UC Berkeley on behalf of the Pickering Lab,,0.0,No dated window,,24.8,Background,Baseline donor profile,intelligence
donor_intel_072613892d41,Food and Agriculture Organization (FAO),Food and Agriculture Organization (FAO),1,1,0,170000.0,170000.0,0.0,0.0,0.0,33.1,0,0,KE,1,1.0,Food and Agriculture Organization (FAO),,0.0,Q3 2028,,24.6,Background,Baseline donor profile,intelligence
donor_intel_f1631affdffb,Commission of the European Communities,Commission of the European Communities,4,4,0,0.0,0.0,0.0,0.0,0.0,30.0,0,0,RW; CD,2,0.625,Belgian agency for international cooperation (Enabel),IT / Health Information Systems; Medical Devices & Equipment,0.25,Active through Q4 2028; Active through Q2 2027,,24.4,Background,High equipment specificity,intelligence
donor_intel_b1d2fb9e3b13,ARES,ARES,9,9,0,1582330.0,1851326.1,0.0,0.0,0.0,26.9,0,0,CD,1,1.0,,Diagnostic Equipment,0.0,Active through Q3 2027; Q4 2026,,24.3,Background,Baseline donor profile,intelligence
donor_intel_c02013beb1c7,UK Department for International Development,UK Department for International Development,1,1,0,55434.0,74835.9,286733.07,0.0,3.831,19.3,0,0,GB; RW,2,0.5,,,0.0,No dated window,,24.2,Background,Baseline donor profile,intelligence
donor_intel_133f5f567509,Qatar,Qatar,4,0,4,116314732.0,116314732.0,0.0,0.0,0.0,43.2,0,0,SS,1,1.0,IP not published; UNICEF; WORLD VISION INTERNATIONAL; AMREF HEALTH AFRICA,Diagnostic Equipment,0.0,No dated window,,23.4,Background,Baseline donor profile,intelligence
donor_intel_c61caad4350d,British Council,British Council,1,1,0,3139366.0,4238144.1,0.0,0.0,0.0,21.9,0,0,SO,1,1.0,King's College London,,0.0,No dated window,,23.4,Background,Baseline donor profile,intelligence
donor_intel_f749e7bf725a,PricewaterhouseCoopers,PricewaterhouseCoopers,1,1,0,3139366.0,4238144.1,0.0,0.0,0.0,21.9,0,0,SO,1,1.0,King's College London,,0.0,No dated window,,23.4,Background,Baseline donor profile,intelligence
donor_intel_d6af6490fb4b,UniversitiesUK International,UniversitiesUK International,1,1,0,3139366.0,4238144.1,0.0,0.0,0.0,21.9,0,0,SO,1,1.0,King's College London,,0.0,No dated window,,23.4,Background,Baseline donor profile,intelligence
donor_intel_faa694d9516f,DAI Global Health,DAI Global Health,1,1,0,2952566.0,3985964.1,0.0,0.0,0.0,21.9,0,0,SS,1,1.0,Crown Agents Limited; DAI Global Health,,0.0,No dated window,,23.4,Background,Baseline donor profile,intelligence
donor_intel_de25bff458a2,EngenderHealth,EngenderHealth,1,1,0,3948600.0,3948600.0,0.0,0.0,0.0,21.9,0,0,ET,1,1.0,Amref Health Africa in Ethiopia; EngenderHealth Ethiopia; Triggerise Ethiopia,,0.0,No dated window,,23.4,Background,Baseline donor profile,intelligence
donor_intel_ea421dd1009a,The HALO Trust,The HALO Trust,1,1,0,3117548.0,3647531.16,0.0,0.0,0.0,21.8,0,0,SO,1,1.0,The HALO Trust,,0.0,No dated window,,23.3,Background,Baseline donor profile,intelligence
donor_intel_1d0cb3a4a6ba,Charity Projects Ltd (Comic Relief),Charity Projects Ltd (Comic Relief),9,9,0,3347802.01,4519532.71,0.0,0.0,0.0,20.5,0,0,KE,1,1.0,,,0.0,No dated window,,23.1,Background,Baseline donor profile,intelligence
donor_intel_cef42f2be67b,Education Cannot Wait,Education Cannot Wait,1,1,0,2036105.0,2748741.75,2537721.9,0.0,0.923,21.7,0,0,UG,1,1.0,Save The Children International,,0.0,No dated window,,23.1,Background,Baseline donor profile,intelligence
donor_intel_09a23944edc5,Loterie Nationale,Loterie Nationale,1,1,0,1384590.0,1619970.3,396025.11,0.0,0.244,21.3,0,0,CD,1,1.0,Etoile du Sud; HGR Kintambo; Plateforme Hospitalière RDC; ULB-Coopération,,0.0,No dated window,,22.7,Background,Baseline donor profile,intelligence
donor_intel_80c91f0290f4,Action Against Hunger UK,Action Against Hunger UK,1,1,0,809916.0,1093386.6,0.0,0.0,0.0,21.1,0,0,SO,1,1.0,International Medical Corps UK,,0.0,No dated window,,22.4,Background,Baseline donor profile,intelligence
donor_intel_0b2600433840,KE-NCB-21805113043590,KE-NCB-21805113043590,1,1,0,797909.0,1077177.15,0.0,0.0,0.0,21.0,0,0,KE,1,1.0,Voluntary Service Overseas,,0.0,No dated window,,22.3,Background,Baseline donor profile,intelligence
donor_intel_61e4d1a7b175,Chaîne de l'Espoir Belgique / Keten van Hoop België / Chain of Hope Belgium,Chaîne de l'Espoir Belgique / Keten van Hoop België / Chain of Hope Belgium,1,1,0,837704.75,980114.56,820825.46,0.0,0.837,21.0,0,0,CD,1,1.0,Chirurgie Pédiatrique en Afrique ASBL,,0.0,No dated window,,22.3,Background,Baseline donor profile,intelligence
donor_intel_38b73b9aec07,Luxembourg,Luxembourg,2,0,2,22532396.0,22532396.0,0.0,0.0,0.0,42.6,0,0,KE,1,1.0,COUNTY GOVERNMENT OF MARSABIT DEPARTMENT OF HEALTH SERVICES; KENYA PRIVATE SECTOR ALLIANCE FOUNDATION; MINISTRY OF WATER AND ENVIRONMENT HOMA BAY; UNICEF,Diagnostic Equipment,0.0,No dated window,,22.2,Background,Baseline donor profile,intelligence
donor_intel_2068c19d2e43,Grand Challenges Canada,Grand Challenges Canada,1,1,0,896427.0,654391.71,0.0,0.0,0.0,20.7,0,0,UG,1,1.0,,,0.0,No dated window,,21.9,Background,Baseline donor profile,intelligence
donor_intel_462e03d90897,GLOBALFUND,GLOBALFUND,1,1,0,633592.0,633592.0,0.0,0.0,0.0,20.7,0,0,KE,1,1.0,Population Services Kenya,,0.0,No dated window,,21.9,Background,Baseline donor profile,intelligence
donor_intel_6661ac6a9e0b,Stichting Beheer Subsidiegelden DRA,Stichting Beheer Subsidiegelden DRA,1,1,0,455000.0,532350.0,483414.75,0.0,0.908,20.6,0,0,UG,1,1.0,Center for Conflict Resolution; Community Empowerment for Rural Development; Right to Play Netherlands Foundation; thinkIT Limited,,0.0,No dated window,,21.8,Background,Baseline donor profile,intelligence
donor_intel_8c4ac0ef2805,HelpAge Deutschland e.V.,HelpAge Deutschland e.V.,1,1,0,382343.0,516163.05,9522.9,0.0,0.018,20.6,0,0,TZ,1,1.0,HelpAge International; HelpAge International - Tanzania Country Office; Jumuia ya Wazee na Wastaafu Zanzibar(JUWAZA 2),,0.0,No dated window,,21.8,Background,Baseline donor profile,intelligence
donor_intel_2dd347322450,HelpAge International,HelpAge International,1,1,0,382343.0,516163.05,9522.9,0.0,0.018,20.6,0,0,TZ,1,1.0,HelpAge International; HelpAge International - Tanzania Country Office; Jumuia ya Wazee na Wastaafu Zanzibar(JUWAZA 2),,0.0,No dated window,,21.8,Background,Baseline donor profile,intelligence
donor_intel_affc39548185,UNILEVER,UNILEVER,1,1,0,341576.0,461127.6,0.0,0.0,0.0,20.5,0,0,KE,1,1.0,Population Services International; Population Services Kenya,,0.0,No dated window,,21.7,Background,Baseline donor profile,intelligence
donor_intel_1e16df83ea8b,Ethiopiaid UK,Ethiopiaid UK,5,5,0,0.0,0.0,0.0,0.0,0.0,36.0,0,0,ET,1,1.0,APDA,Facility Infrastructure; Medical Devices & Equipment; Diagnostic Equipment; Power & Utilities,0.2,No dated window,,21.3,Background,Baseline donor profile,intelligence
donor_intel_92f0dc9d03d4,Andalucia,Andalucia,7,0,7,247337152.0,247337152.0,0.0,0.0,0.0,33.8,0,0,SO,1,1.0,IP not published; SOMALI FEDERAL PARLIAMENT HOUSE OF THE PEOPLE; SOMALIA DISASTER MANAGEMENT AGENCY FDS; STEADFAST VOLUNTARY ORGANIZATION,Diagnostic Equipment,0.0,No dated window,,21.2,Background,Baseline donor profile,intelligence
donor_intel_dfbb2bd76c39,Individual donors to Ethiopiaid,Individual donors to Ethiopiaid,2,1,1,0.0,0.0,0.0,0.0,0.0,33.0,0,0,ET,1,1.0,,Facility Infrastructure,0.5,No dated window,,21.2,Background,High equipment specificity,intelligence
donor_intel_c408937e1aae,GSK,GSK,1,1,0,150000.0,202500.0,96996.15,0.0,0.479,20.0,0,0,KE,1,1.0,Amref Health Africa Headquarters,,0.0,No dated window,,21.0,Background,Baseline donor profile,intelligence
donor_intel_227d1f0530bd,CIFF,CIFF,1,1,0,167972.0,167972.0,0.0,0.0,0.0,19.8,0,0,KE,1,1.0,Population Services Kenya,,0.0,No dated window,,20.9,Background,Baseline donor profile,intelligence
donor_intel_2241dc8eeab8,Waterloo Foudation,Waterloo Foudation,1,1,0,100000.0,135000.0,116640.0,0.0,0.864,19.7,0,0,ET,1,1.0,Amref Health Africa in Ethiopia,,0.0,No dated window,,20.7,Background,Baseline donor profile,intelligence
donor_intel_c8dd4d9588a9,National Institutes Health,National Institutes Health,1,1,0,132413.0,132413.0,0.0,0.0,0.0,19.7,0,0,KE,1,1.0,,,0.0,No dated window,,20.7,Background,Baseline donor profile,intelligence
donor_intel_8e206ba991d9,KOICA,KOICA,1,1,0,81990.5,110687.18,0.0,0.0,0.0,19.6,0,0,TZ,1,1.0,,,0.0,No dated window,,20.5,Background,Baseline donor profile,intelligence
donor_intel_0a50e27daeea,Catholic Agency For Overseas Development (CAFOD),Catholic Agency For Overseas Development (CAFOD),2,2,0,85534.35,115471.37,115471.37,0.0,1.0,19.2,0,0,CD,1,1.0,Centre Olame; Province de l'Eglise Anglicane du Congo (PEAC),,0.0,Active through Q4 2026,,20.4,Background,Baseline donor profile,intelligence
donor_intel_3e5e257a8de8,National Institute of Health (NIH),National Institute of Health (NIH),1,1,0,92856.0,92856.0,0.0,0.0,0.0,19.5,0,0,KE,1,1.0,International Centre of Insect Physiology and Ecology (icipe),,0.0,No dated window,,20.4,Background,Baseline donor profile,intelligence
donor_intel_95a7b09b32bc,Irish Aid,Irish Aid,3,3,0,444202.0,599672.7,6499907.1,0.0,10.839,14.9,0,0,ET,1,1.0,The International Rescue Committee; Action for Social Development and Environmental Protection Organization; CISP (Comitato Internazionale per lo Sviluppo dei Popoli-International Committee for the Development of Peoples); Concern Worldwide UK,,0.0,No dated window,,20.3,Background,Baseline donor profile,intelligence
donor_intel_fce79b7fe1fe,GCC,GCC,1,1,0,25042.0,25042.0,0.0,0.0,0.0,18.6,0,0,KE,1,1.0,HEALTHRIGHT INTERNATIONAL-KENYA,,0.0,No dated window,,19.4,Background,Baseline donor profile,intelligence
donor_intel_543a45eeeeab,MAEDI,MAEDI,2,2,0,0.0,0.0,353340.0,0.0,0.0,26.0,0,0,ET; UG,2,0.5,Action Against Hunger; Chirurgie solidaire,Medical Devices & Equipment,0.0,No dated window,,19.3,Background,Baseline donor profile,intelligence
donor_intel_84662f067c26,UN Office - Geneva,UN Office - Geneva,1,0,1,57492350.0,57492350.0,0.0,0.0,0.0,29.6,0,0,ET,1,1.0,AMHARA BUREAU OF WATER IRRIGATION AND ENERGY DEVELOPMENT; GPNRS LIVESTOCK AND FISHE RES DEV BUREAU; REACH THE NEEDY ETHIOPIA RTN ETHIOPIA; SWER BUEARU OF AGRICULTURE,,0.0,No dated window,,19.2,Background,Baseline donor profile,intelligence
donor_intel_29f95ec7d58b,"Conflict, Stability and Security Fund (CSSF)","Conflict, Stability and Security Fund (CSSF)",1,1,0,0.0,0.0,0.0,0.0,0.0,40.0,0,0,AF; CO; DZ; EG,22,0.045,Joint Funds Unit (JFU),Diagnostic Equipment,0.0,No dated window,,19.2,Background,Baseline donor profile,intelligence
donor_intel_cc3518eef5ba,DRA,DRA,1,1,0,0.0,0.0,24211213.65,0.0,0.0,40.0,0,0,SS,1,1.0,,Power & Utilities,0.0,Active through Q4 2026,,19.2,Background,Baseline donor profile,intelligence
donor_intel_4ff7a69f9edd,Population Services International (PSI),Population Services International (PSI),1,1,0,0.0,0.0,0.0,0.0,0.0,40.0,0,0,SS,1,1.0,International Rescue Committee Inc.,Diagnostic Equipment,0.0,No dated window,,19.2,Background,Baseline donor profile,intelligence
donor_intel_d6f8d358252b,Georgia,Georgia,2,0,2,67399376.0,67399376.0,0.0,0.0,0.0,28.8,0,0,SO,1,1.0,IP not published; SOMALI FEDERAL PARLIAMENT HOUSE OF THE PEOPLE; SOMALIA DISASTER MANAGEMENT AGENCY FDS; STEADFAST VOLUNTARY ORGANIZATION,,0.0,No dated window,,19.0,Background,Baseline donor profile,intelligence
donor_intel_90d014520eed,Brazil,Brazil,2,0,2,67002184.0,67002184.0,0.0,0.0,0.0,28.7,0,0,SO,1,1.0,IP not published; SOMALI FEDERAL PARLIAMENT HOUSE OF THE PEOPLE; SOMALIA DISASTER MANAGEMENT AGENCY FDS; STEADFAST VOLUNTARY ORGANIZATION,,0.0,No dated window,,19.0,Background,Baseline donor profile,intelligence
donor_intel_9ed44cd552ee,Ministry of Commerce - MOFCOM,Ministry of Commerce - MOFCOM,2,0,2,53914668.0,53914668.0,43965.51,0.0,0.001,28.7,0,0,ET,1,1.0,UNICEF; AMHARA BUREAU OF WATER IRRIGATION AND ENERGY DEVELOPMENT; GPNRS LIVESTOCK AND FISHE RES DEV BUREAU; MOTHERS AND CHILDREN MULTISECTORAL DEVELOPMENT ORGANIZATION,,0.0,No dated window,,18.9,Background,Baseline donor profile,intelligence
donor_intel_1f867f88f574,University of Cape Town,University of Cape Town,1,0,1,29447354.0,39753927.9,48950.39,0.0,0.001,29.4,0,0,BJ; BW; KE; LS,11,0.091,,,0.0,Active through Q4 2027,,18.9,Background,Baseline donor profile,intelligence
donor_intel_244300042c57,OXFAM GB,OXFAM GB,1,1,0,9424.0,11026.08,8863.92,0.0,0.804,18.1,0,0,SO,1,1.0,"Minsitry Of Employment,Social Affa",,0.0,No dated window,,18.7,Background,Baseline donor profile,intelligence
donor_intel_a30b7a46e94b,CABI,CABI,1,1,0,10000.0,10000.0,0.0,0.0,0.0,18.0,0,0,KE,1,1.0,International Centre of Insect Physiology and Ecology (icipe),,0.0,No dated window,,18.6,Background,Baseline donor profile,intelligence
donor_intel_3e4a6b39b1b5,Kuwait,Kuwait,1,0,1,22257678.0,22257678.0,0.0,0.0,0.0,29.0,0,0,SS,1,1.0,CHRISTIAN MISSION AID; HEALTH LINK SOUTH SUDAN; IP not published; UNICEF,,0.0,No dated window,,18.4,Background,Baseline donor profile,intelligence
donor_intel_2aaa8e8876eb,"Aga Khan University, Tanzania","Aga Khan University, Tanzania",1,1,0,4326.17,5840.33,0.0,0.0,0.0,17.6,0,0,TZ,1,1.0,Aga Khan University Tanzania,,0.0,No dated window,,18.2,Background,Baseline donor profile,intelligence
donor_intel_0dc29a2c38f5,University of Oxford - Wolfson College,University of Oxford - Wolfson College,1,1,0,3000.0,4050.0,7549.2,0.0,1.864,17.4,0,0,KE,1,1.0,Amref Health Africa in Kenya,,0.0,No dated window,,17.9,Background,Baseline donor profile,intelligence
donor_intel_0cd98147ba2a,National Institutes of Health,National Institutes of Health,1,0,1,676425.0,676425.0,0.0,0.0,0.0,26.7,0,0,KE,1,1.0,International Centre of Insect physiology and ecology (icipe),,0.0,No dated window,,15.6,Background,Baseline donor profile,intelligence
donor_intel_6411ea893d61,Amref Health Africa - UK,Amref Health Africa - UK,1,0,1,430000.0,580500.0,330750.0,0.0,0.57,26.6,0,0,ET,1,1.0,AMREF Ethiopia,,0.0,No dated window,,15.5,Background,Baseline donor profile,intelligence
donor_intel_26719f6a7ad4,Danish Family Planning Association,Danish Family Planning Association,3,3,0,0.0,0.0,623698.42,0.0,0.0,12.0,0,0,KE; UG,2,0.556,Federation of Uganda Employers; Reproductive Health Network Kenya; The Federation of Kenya Employers,,0.0,No dated window,,15.4,Background,Baseline donor profile,intelligence
donor_intel_8a4add221ac1,Innovations for Poverty Action,Innovations for Poverty Action,19,19,0,0.0,0.0,0.0,0.0,0.0,12.0,0,0,KE; UG,2,0.568,Innovations_for_Poverty_Action,,0.0,No dated window,,15.4,Background,Baseline donor profile,intelligence
donor_intel_368f8bc492d2,Send a Cow,Send a Cow,3,3,0,0.0,0.0,727879.46,0.0,0.0,12.0,0,0,ET; KE,2,0.556,Send a Cow Ethiopia; DAWURO DEVELOPMENT ASSOCIATION; Send a Cow Kenya,,0.0,No dated window,,15.4,Background,Baseline donor profile,intelligence
donor_intel_c236ded63a5b,UN Pooled Funds,UN Pooled Funds,24,24,0,0.0,0.0,65666237.42,0.0,0.0,12.0,0,0,KE; TZ; UG; SS,8,0.177,World Health Organization; Food and Agriculture Organization of the United Nations; United Nations Children's Fund; United Nations Population Fund,,0.0,Active through Q4 2030,,15.4,Background,Baseline donor profile,intelligence
donor_intel_dbf7eea8c8be,University of Edinburgh,University of Edinburgh,3,3,0,0.0,0.0,431051.36,0.0,0.0,21.3,0,0,KE; ZA; GB; GH,27,0.045,African Population and Health Research Center; Cellule de Recherche en Santé de la Reproduction de Côte d'Ivoire (CRESAR-CI); Clinton Health Access Initiative (CHAI); David Umahi Federal University of Health Sciences (DUFUHS),Diagnostic Equipment,0.0,Active through Q2 2028; Active through Q3 2028,,14.0,Background,Baseline donor profile,intelligence
donor_intel_f1d07931609e,Austrian Development Agency,Austrian Development Agency,1,1,0,0.0,0.0,0.0,0.0,0.0,12.0,0,0,UG,1,1.0,UGA Office of the Prime Mster,,0.0,Active through Q4 2030,,11.4,Background,Baseline donor profile,intelligence
donor_intel_26884e325fb6,CHPF,CHPF,1,1,0,0.0,0.0,674273.34,0.0,0.0,12.0,0,0,KE,1,1.0,Hanze University of Applied Sciences; Maastricht University; North coast medical training college Kenya; Skills Meducation BV,,0.0,No dated window,,11.4,Background,Baseline donor profile,intelligence
donor_intel_e4c9f5078dc7,COMESA,COMESA,1,1,0,0.0,0.0,0.0,0.0,0.0,12.0,0,0,UG,1,1.0,UGA Office of the Prime Mster,,0.0,Active through Q4 2030,,11.4,Background,Baseline donor profile,intelligence
donor_intel_403320fe84eb,Cordaid,Cordaid,1,1,0,0.0,0.0,0.0,0.0,0.0,12.0,0,0,CD,1,1.0,Cordaid RDC (République Démocratique du Congo),,0.0,Active through Q4 2026,,11.4,Background,Baseline donor profile,intelligence
donor_intel_b3593ac007b2,GOVERNMENT OF NORWAY,GOVERNMENT OF NORWAY,1,1,0,0.0,0.0,0.0,0.0,0.0,12.0,0,0,UG,1,1.0,United Nations Development Programme,,0.0,No dated window,,11.4,Background,Baseline donor profile,intelligence
donor_intel_ac10679bdfb1,GREEN CLIMATE FUND,GREEN CLIMATE FUND,1,1,0,0.0,0.0,0.0,0.0,0.0,12.0,0,0,UG,1,1.0,UGA Office of the Prime Mster,,0.0,Active through Q4 2030,,11.4,Background,Baseline donor profile,intelligence
donor_intel_1e68203a6199,HALYK BANK KAZAKHSTAN,HALYK BANK KAZAKHSTAN,1,1,0,0.0,0.0,0.0,0.0,0.0,12.0,0,0,UG,1,1.0,UGA Office of the Prime Mster,,0.0,Active through Q4 2030,,11.4,Background,Baseline donor profile,intelligence
donor_intel_fa123c83f68b,INTERNATIONAL TELECOMMUNICATIONS UNION,INTERNATIONAL TELECOMMUNICATIONS UNION,1,1,0,0.0,0.0,0.0,0.0,0.0,12.0,0,0,UG,1,1.0,UGA Office of the Prime Mster,,0.0,Active through Q4 2030,,11.4,Background,Baseline donor profile,intelligence
donor_intel_cb961a82f396,JP-8,JP-8,1,1,0,0.0,0.0,0.0,0.0,0.0,12.0,0,0,KE,1,1.0,,,0.0,No dated window,,11.4,Background,Baseline donor profile,intelligence
donor_intel_fc96133a0c65,KOREA INTERN. COOPERATION AGENCY,KOREA INTERN. COOPERATION AGENCY,1,1,0,0.0,0.0,0.0,0.0,0.0,12.0,0,0,UG,1,1.0,UGA Office of the Prime Mster,,0.0,Active through Q4 2030,,11.4,Background,Baseline donor profile,intelligence
donor_intel_74d1db94b65d,MPTF-Joint SDG Fund,MPTF-Joint SDG Fund,1,1,0,0.0,0.0,0.0,0.0,0.0,12.0,0,0,UG,1,1.0,UGA Office of the Prime Mster,,0.0,Active through Q4 2030,,11.4,Background,Baseline donor profile,intelligence
donor_intel_3b561da0f248,MPTF-Spotlight Initiative Fund,MPTF-Spotlight Initiative Fund,1,1,0,0.0,0.0,0.0,0.0,0.0,12.0,0,0,UG,1,1.0,UGA Office of the Prime Mster,,0.0,Active through Q4 2030,,11.4,Background,Baseline donor profile,intelligence
donor_intel_b883a81baf32,MPTF-UN Uganda MPTF,MPTF-UN Uganda MPTF,1,1,0,0.0,0.0,0.0,0.0,0.0,12.0,0,0,UG,1,1.0,United Nations Development Programme,,0.0,No dated window,,11.4,Background,Baseline donor profile,intelligence
donor_intel_7a0bf09b2850,Ministry of Foreign Affairs and Trade of,Ministry of Foreign Affairs and Trade of,1,1,0,0.0,0.0,0.0,0.0,0.0,12.0,0,0,UG,1,1.0,UGA Office of the Prime Mster,,0.0,Active through Q4 2030,,11.4,Background,Baseline donor profile,intelligence
donor_intel_d5b5fcaeb087,NOR - MINISTRY OF FOREIGN AFFAIRS,NOR - MINISTRY OF FOREIGN AFFAIRS,1,1,0,0.0,0.0,0.0,0.0,0.0,12.0,0,0,UG,1,1.0,UGA Office of the Prime Mster,,0.0,Active through Q4 2030,,11.4,Background,Baseline donor profile,intelligence
donor_intel_36f8d5acf539,North coast medical training college Kenya,North coast medical training college Kenya,1,1,0,0.0,0.0,674273.34,0.0,0.0,12.0,0,0,KE,1,1.0,Hanze University of Applied Sciences; Maastricht University; North coast medical training college Kenya; Skills Meducation BV,,0.0,No dated window,,11.4,Background,Baseline donor profile,intelligence
donor_intel_5a1b92e86027,Nuffic,Nuffic,1,1,0,0.0,0.0,674273.34,0.0,0.0,12.0,0,0,KE,1,1.0,Hanze University of Applied Sciences; Maastricht University; North coast medical training college Kenya; Skills Meducation BV,,0.0,No dated window,,11.4,Background,Baseline donor profile,intelligence
donor_intel_735ba58ed4c2,Skills Meducation BV,Skills Meducation BV,1,1,0,0.0,0.0,674273.34,0.0,0.0,12.0,0,0,KE,1,1.0,Hanze University of Applied Sciences; Maastricht University; North coast medical training college Kenya; Skills Meducation BV,,0.0,No dated window,,11.4,Background,Baseline donor profile,intelligence
donor_intel_0e038fd4f3d4,UK - Scottish Government,UK - Scottish Government,1,1,0,0.0,0.0,0.0,0.0,0.0,12.0,0,0,RW,1,1.0,EMMS International,,0.0,No dated window,,11.4,Background,Baseline donor profile,intelligence
donor_intel_db695f4669dd,UN HIGH COMMISSIONER FOR REFUGEES (UNHCR),UN HIGH COMMISSIONER FOR REFUGEES (UNHCR),1,1,0,0.0,0.0,0.0,0.0,0.0,12.0,0,0,UG,1,1.0,UGA Office of the Prime Mster,,0.0,Active through Q4 2030,,11.4,Background,Baseline donor profile,intelligence
donor_intel_d5d4cd07616a,Undefined,Undefined,1,1,0,0.0,0.0,0.0,0.0,0.0,12.0,0,0,UG,1,1.0,UGA Office of the Prime Mster,,0.0,Active through Q4 2030,,11.4,Background,Baseline donor profile,intelligence
