opportunity_score_id,iati_identifier,opportunity_score,priority_band,confidence,signal_summary,prediction_basis,predicted_tender_window,procurement_signal,source_layer
opp_score_eefda0c21cf7,KR-GOV-010-KR-GOV-051-2024010100089,100.0,Strategic Priority,95,equipment demand; active implementation; future planned disbursement; future budget cycle; reported budget; near-term funding window; procurement language,next planned disbursement,Q4 2026,Yes,intelligence
opp_score_818f9c63d8eb,KR-GOV-110-1352000_2023_010,100.0,Strategic Priority,95,equipment demand; active implementation; future planned disbursement; future budget cycle; reported budget; near-term funding window; procurement language,next planned disbursement,Q4 2026,Yes,intelligence
opp_score_56f78c625101,KR-GOV-010-KR-GOV-051-2026070100927,100.0,Strategic Priority,95,equipment demand; active implementation; future planned disbursement; future budget cycle; reported budget; near-term funding window; procurement language,next planned disbursement,Q4 2026,Yes,intelligence
opp_score_3125ba31cca4,XM-DAC-41122-Somalia-3920/A0/09/001/003,100.0,Strategic Priority,95,equipment demand; active implementation; future planned disbursement; future budget cycle; reported budget; near-term funding window; procurement language,next planned disbursement,Q1 2027,Yes,intelligence
opp_score_c11556cd4cf8,XM-DAC-41122-United Rep. of Tanzania-4550/A0/06/001/003,100.0,Strategic Priority,95,equipment demand; active implementation; future planned disbursement; future budget cycle; reported budget; near-term funding window; procurement language,next planned disbursement,Q1 2027,Yes,intelligence
opp_score_0c9c2d5e4d80,KR-GOV-010-KR-GOV-051-2021010100126,100.0,Strategic Priority,95,equipment demand; active implementation; future planned disbursement; future budget cycle; reported budget; near-term funding window; procurement language,next planned disbursement,Q4 2026,Yes,intelligence
opp_score_4f65d7d116a4,KR-GOV-110-1352000_2022_010,100.0,Strategic Priority,95,equipment demand; active implementation; future planned disbursement; future budget cycle; reported budget; near-term funding window; procurement language,next planned disbursement,Q4 2026,Yes,intelligence
opp_score_0cf26a3855d6,KR-GOV-010-KR-GOV-051-2026010100020,100.0,Strategic Priority,95,equipment demand; active implementation; future planned disbursement; future budget cycle; reported budget; near-term funding window; procurement language,next planned disbursement,Q4 2026,Yes,intelligence
opp_score_80f5655338f1,DAC-1601-INV-067080,99.7,Strategic Priority,95,equipment demand; active implementation; future planned disbursement; future budget cycle; reported budget; near-term funding window; procurement language,next planned disbursement,Q4 2026,Yes,intelligence
opp_score_d2225c0f8d22,DAC-1601-INV-057145,99.6,Strategic Priority,95,equipment demand; active implementation; future planned disbursement; future budget cycle; reported budget; near-term funding window; procurement language,next planned disbursement,Q4 2026,Yes,intelligence
opp_score_b13152133e1e,DAC-1601-INV-055726,99.2,Strategic Priority,95,equipment demand; active implementation; future planned disbursement; future budget cycle; reported budget; near-term funding window; procurement language,next planned disbursement,Q4 2026,Yes,intelligence
opp_score_2cddb483dfb2,XM-DAC-41122-Democratic Republic of Congo-0990/A0/08/880/005,98.8,Strategic Priority,89,equipment demand; pipeline stage; future planned disbursement; future budget cycle; reported budget; near-term funding window,next planned disbursement,Q1 2027,No,intelligence
opp_score_5189e91c840e,DAC-1601-INV-089064,98.5,Strategic Priority,95,equipment demand; active implementation; future planned disbursement; future budget cycle; reported budget; near-term funding window; procurement language,next planned disbursement,Q4 2026,Yes,intelligence
opp_score_c631bc84c186,CA-3-P012539001,98.4,Strategic Priority,95,equipment demand; active implementation; future planned disbursement; future budget cycle; reported budget; 12-month funding window; procurement language,next planned disbursement,Q1 2027,Yes,intelligence
opp_score_73cfcf8d25e9,DAC-1601-INV-067565,98.1,Strategic Priority,95,equipment demand; active implementation; future planned disbursement; future budget cycle; reported budget; near-term funding window; procurement language,next planned disbursement,Q4 2026,Yes,intelligence
opp_score_cfcffc510c15,DAC-1601-INV-069975,97.9,Strategic Priority,95,equipment demand; active implementation; future planned disbursement; future budget cycle; reported budget; near-term funding window; procurement language,next planned disbursement,Q4 2026,Yes,intelligence
opp_score_22947c2139b0,DAC-1601-INV-046277,97.7,Strategic Priority,95,equipment demand; active implementation; future planned disbursement; future budget cycle; reported budget; near-term funding window; procurement language,next planned disbursement,Q4 2026,Yes,intelligence
opp_score_e2650c5be125,CA-3-P011791001,97.7,Strategic Priority,95,equipment demand; active implementation; future planned disbursement; future budget cycle; reported budget; 12-month funding window; procurement language,next planned disbursement,Q2 2027,Yes,intelligence
opp_score_49de4493be8b,CA-3-P013173001,97.6,Strategic Priority,95,equipment demand; active implementation; future planned disbursement; future budget cycle; reported budget; 12-month funding window; procurement language,next planned disbursement,Q2 2027,Yes,intelligence
opp_score_8c1a82edaf8f,DAC-1601-INV-072417,97.6,Strategic Priority,95,equipment demand; active implementation; future planned disbursement; future budget cycle; reported budget; near-term funding window; procurement language,next planned disbursement,Q4 2026,Yes,intelligence
opp_score_63034bec450a,DAC-1601-INV-074789,97.6,Strategic Priority,95,equipment demand; active implementation; future planned disbursement; future budget cycle; reported budget; near-term funding window; procurement language,next planned disbursement,Q4 2026,Yes,intelligence
opp_score_9bfed83b1141,DAC-1601-INV-070591,97.4,Strategic Priority,95,equipment demand; active implementation; future planned disbursement; future budget cycle; reported budget; near-term funding window; procurement language,next planned disbursement,Q4 2026,Yes,intelligence
opp_score_f1a65c7e7579,XM-DAC-41122-South Sudan-4040/A0/04/880/005,97.3,Strategic Priority,89,equipment demand; pipeline stage; future planned disbursement; future budget cycle; reported budget; near-term funding window,next planned disbursement,Q4 2026,No,intelligence
opp_score_f883be497981,CA-3-P008434002,97.2,Strategic Priority,95,equipment demand; active implementation; future planned disbursement; future budget cycle; reported budget; 12-month funding window; procurement language,next planned disbursement,Q2 2027,Yes,intelligence
opp_score_4d934aa1e3b7,XM-DAC-41122-Rwanda-3750/A0/07/880/015,97.2,Strategic Priority,89,equipment demand; pipeline stage; future planned disbursement; future budget cycle; reported budget; near-term funding window,next planned disbursement,Q1 2027,No,intelligence
opp_score_62f0eceb6498,XM-DAC-41122-Uganda-4380/A0/07/880/006,97.0,Strategic Priority,89,equipment demand; pipeline stage; future planned disbursement; future budget cycle; reported budget; near-term funding window,next planned disbursement,Q1 2027,No,intelligence
opp_score_48f011d95f10,DAC-1601-INV-096040,96.9,Strategic Priority,95,equipment demand; active implementation; future planned disbursement; future budget cycle; reported budget; near-term funding window; procurement language,next planned disbursement,Q4 2026,Yes,intelligence
opp_score_9b4ed40d4fcd,CA-3-P013192001,96.8,Strategic Priority,95,equipment demand; active implementation; future planned disbursement; future budget cycle; reported budget; 12-month funding window; procurement language,next planned disbursement,Q2 2027,Yes,intelligence
opp_score_3501a67138af,CA-3-P012704001,96.7,Strategic Priority,95,equipment demand; active implementation; future planned disbursement; future budget cycle; reported budget; 12-month funding window; procurement language,next planned disbursement,Q2 2027,Yes,intelligence
opp_score_6322e540adda,CA-3-P011788001,96.6,Strategic Priority,95,equipment demand; active implementation; future planned disbursement; future budget cycle; reported budget; 12-month funding window; procurement language,next planned disbursement,Q2 2027,Yes,intelligence
opp_score_138ac9153179,DAC-1601-INV-087002,96.6,Strategic Priority,95,equipment demand; active implementation; future planned disbursement; future budget cycle; reported budget; near-term funding window; procurement language,next planned disbursement,Q4 2026,Yes,intelligence
opp_score_60647eb93d9e,DAC-1601-INV-059953,96.4,Strategic Priority,95,equipment demand; active implementation; future planned disbursement; future budget cycle; reported budget; near-term funding window; procurement language,next planned disbursement,Q4 2026,Yes,intelligence
opp_score_4f3323881420,DAC-1601-INV-081860,96.3,Strategic Priority,95,equipment demand; active implementation; future planned disbursement; future budget cycle; reported budget; near-term funding window; procurement language,next planned disbursement,Q4 2026,Yes,intelligence
opp_score_58096cbe3167,XM-DAC-41122-United Rep. of Tanzania-4550/A0/06/880/005,96.3,Strategic Priority,89,equipment demand; pipeline stage; future planned disbursement; future budget cycle; reported budget; near-term funding window,next planned disbursement,Q1 2027,No,intelligence
opp_score_f6f0552fe22f,CA-3-P009725001,96.2,Strategic Priority,95,equipment demand; active implementation; future planned disbursement; future budget cycle; reported budget; 12-month funding window; procurement language,next planned disbursement,Q2 2027,Yes,intelligence
opp_score_dcfbcdb16eec,DAC-1601-INV-094011,96.1,Strategic Priority,95,equipment demand; active implementation; future planned disbursement; future budget cycle; reported budget; near-term funding window; procurement language,next planned disbursement,Q4 2026,Yes,intelligence
opp_score_8eb7f1322693,DAC-1601-INV-072401,95.9,Strategic Priority,95,equipment demand; active implementation; future planned disbursement; future budget cycle; reported budget; near-term funding window; procurement language,next planned disbursement,Q4 2026,Yes,intelligence
opp_score_9e74dee3b943,DAC-1601-INV-090032,95.8,Strategic Priority,95,equipment demand; active implementation; future planned disbursement; future budget cycle; reported budget; near-term funding window; procurement language,next planned disbursement,Q4 2026,Yes,intelligence
opp_score_824a9125444b,DAC-1601-INV-075238,95.8,Strategic Priority,95,equipment demand; active implementation; future planned disbursement; future budget cycle; reported budget; near-term funding window; procurement language,next planned disbursement,Q4 2026,Yes,intelligence
opp_score_4dff648f9887,DAC-1601-INV-093612,95.6,Strategic Priority,95,equipment demand; active implementation; future planned disbursement; future budget cycle; reported budget; near-term funding window; procurement language,next planned disbursement,Q4 2026,Yes,intelligence
opp_score_50d32c0bff69,DAC-1601-INV-094800,95.3,Strategic Priority,95,equipment demand; active implementation; future planned disbursement; future budget cycle; reported budget; near-term funding window; procurement language,next planned disbursement,Q4 2026,Yes,intelligence
opp_score_0ab95604773b,CA-3-P011372001,95.1,Strategic Priority,95,equipment demand; active implementation; future planned disbursement; future budget cycle; reported budget; 12-month funding window; procurement language,next planned disbursement,Q2 2027,Yes,intelligence
opp_score_93e3ce14d320,DAC-1601-INV-094679,95.1,Strategic Priority,95,equipment demand; active implementation; future planned disbursement; future budget cycle; reported budget; near-term funding window; procurement language,next planned disbursement,Q4 2026,Yes,intelligence
opp_score_5950ebf58dc4,CA-3-P008369001,94.9,Strategic Priority,95,equipment demand; active implementation; future planned disbursement; future budget cycle; reported budget; 12-month funding window; procurement language,next planned disbursement,Q2 2027,Yes,intelligence
opp_score_2ebce6f52a44,XM-DAC-301-2-110955-001,94.2,Strategic Priority,95,equipment demand; active implementation; future planned disbursement; future budget cycle; reported budget; 12-month funding window; procurement language,next planned disbursement,Q2 2027,Yes,intelligence
opp_score_bf5e4c70813e,DAC-1601-INV-085851,94.0,Strategic Priority,95,equipment demand; active implementation; future planned disbursement; future budget cycle; reported budget; near-term funding window; procurement language,next planned disbursement,Q4 2026,Yes,intelligence
opp_score_1840936e616d,KR-GOV-010-KR-GOV-051-2025010100015,94.0,Strategic Priority,89,equipment demand; active implementation; future planned disbursement; future budget cycle; reported budget; near-term funding window,next planned disbursement,Q4 2026,Yes,intelligence
opp_score_8f960e1bd1ad,XM-DAC-41122-South Sudan-4040/A0/04/001/002,94.0,Strategic Priority,89,equipment demand; active implementation; future planned disbursement; future budget cycle; reported budget; near-term funding window,next planned disbursement,Q4 2026,No,intelligence
opp_score_8d93487b2e06,KR-GOV-010-KR-GOV-051-2024010101178,94.0,Strategic Priority,89,equipment demand; active implementation; future planned disbursement; future budget cycle; reported budget; near-term funding window,next planned disbursement,Q4 2026,No,intelligence
opp_score_762a1df5d432,XM-DAC-41122-Democratic Republic of Congo-0990/A0/08/881/002,94.0,Strategic Priority,89,equipment demand; active implementation; future planned disbursement; future budget cycle; reported budget; near-term funding window,next planned disbursement,Q1 2027,No,intelligence
opp_score_c3d68205a43b,XM-DAC-41122-Democratic Republic of Congo-0990/A0/08/882/002,94.0,Strategic Priority,89,equipment demand; active implementation; future planned disbursement; future budget cycle; reported budget; near-term funding window,next planned disbursement,Q1 2027,No,intelligence
opp_score_00bf2c54b49f,KR-GOV-010-KR-GOV-051-2025070100345,94.0,Strategic Priority,89,equipment demand; active implementation; future planned disbursement; future budget cycle; reported budget; near-term funding window,next planned disbursement,Q4 2026,No,intelligence
opp_score_a8b999bca3b6,XM-DAC-41122-Somalia-3920/A0/09/001/001,94.0,Strategic Priority,89,equipment demand; active implementation; future planned disbursement; future budget cycle; reported budget; near-term funding window,next planned disbursement,Q1 2027,No,intelligence
opp_score_72670874580c,KR-GOV-010-KR-GOV-051-2024010100041,94.0,Strategic Priority,89,equipment demand; active implementation; future planned disbursement; future budget cycle; reported budget; near-term funding window,next planned disbursement,Q4 2026,Yes,intelligence
opp_score_61cbfb20a381,KR-GOV-010-KR-GOV-051-2025010100006,94.0,Strategic Priority,89,equipment demand; active implementation; future planned disbursement; future budget cycle; reported budget; near-term funding window,next planned disbursement,Q4 2026,No,intelligence
opp_score_1c9ed8262969,KR-GOV-110-GRP_0000194261,94.0,Strategic Priority,89,equipment demand; active implementation; future planned disbursement; future budget cycle; reported budget; near-term funding window,next planned disbursement,Q4 2026,No,intelligence
opp_score_3eb91f4136dc,KR-GOV-010-KR-GOV-051-2022010100143,94.0,Strategic Priority,89,equipment demand; active implementation; future planned disbursement; future budget cycle; reported budget; near-term funding window,next planned disbursement,Q4 2026,No,intelligence
opp_score_dfeea4c242a5,XM-DAC-41122-Democratic Republic of Congo-0990/A0/08/881/001,93.9,Strategic Priority,89,equipment demand; active implementation; future planned disbursement; future budget cycle; reported budget; near-term funding window,next planned disbursement,Q1 2027,No,intelligence
opp_score_582ab3ade4e2,XM-DAC-41122-Ethiopia-1410/A0/08/001/003,93.9,Strategic Priority,89,equipment demand; active implementation; future planned disbursement; future budget cycle; reported budget; near-term funding window,next planned disbursement,Q1 2027,No,intelligence
opp_score_ddc15d34170c,XM-DAC-41122-Somalia-3920/A0/09/001/002,93.8,Strategic Priority,89,equipment demand; active implementation; future planned disbursement; future budget cycle; reported budget; near-term funding window,next planned disbursement,Q1 2027,No,intelligence
opp_score_ce66b38e9178,XM-DAC-41122-Democratic Republic of Congo-0990/A0/08/882/003,93.5,Strategic Priority,89,equipment demand; active implementation; future planned disbursement; future budget cycle; reported budget; near-term funding window,next planned disbursement,Q1 2027,No,intelligence
opp_score_b07b79aef0ad,XM-DAC-41122-Democratic Republic of Congo-0990/A0/08/882/001,93.5,Strategic Priority,89,equipment demand; active implementation; future planned disbursement; future budget cycle; reported budget; near-term funding window,next planned disbursement,Q1 2027,No,intelligence
opp_score_67b8b01dcd78,XM-DAC-41122-South Sudan-4040/A0/04/004/002,93.5,Strategic Priority,89,equipment demand; active implementation; future planned disbursement; future budget cycle; reported budget; near-term funding window,next planned disbursement,Q4 2026,No,intelligence
opp_score_0dd981df0077,XM-DAC-41122-South Sudan-4040/A0/04/001/003,93.4,Strategic Priority,89,equipment demand; active implementation; future planned disbursement; future budget cycle; reported budget; near-term funding window,next planned disbursement,Q4 2026,No,intelligence
opp_score_088cb7092c9a,XM-DAC-41122-Democratic Republic of Congo-0990/A0/08/881/003,93.3,Strategic Priority,89,equipment demand; active implementation; future planned disbursement; future budget cycle; reported budget; near-term funding window,next planned disbursement,Q1 2027,No,intelligence
opp_score_04c86e3a8135,XM-DAC-41122-Ethiopia-1410/A0/08/001/002,93.2,Strategic Priority,89,equipment demand; active implementation; future planned disbursement; future budget cycle; reported budget; near-term funding window,next planned disbursement,Q1 2027,No,intelligence
opp_score_b779341fc884,XM-DAC-41122-Ethiopia-1410/A0/08/002/005,93.2,Strategic Priority,89,equipment demand; active implementation; future planned disbursement; future budget cycle; reported budget; near-term funding window,next planned disbursement,Q1 2027,No,intelligence
opp_score_96e418f3c25d,DAC-1601-INV-072375,93.0,Strategic Priority,89,equipment demand; active implementation; future planned disbursement; future budget cycle; reported budget; near-term funding window,next planned disbursement,Q4 2026,No,intelligence
opp_score_e065dbf87642,XM-DAC-41122-Somalia-3920/A0/09/002/001,93.0,Strategic Priority,89,equipment demand; active implementation; future planned disbursement; future budget cycle; reported budget; near-term funding window,next planned disbursement,Q1 2027,No,intelligence
opp_score_c8a3e8142afc,XM-DAC-41122-Ethiopia-1410/A0/08/002/001,93.0,Strategic Priority,89,equipment demand; active implementation; future planned disbursement; future budget cycle; reported budget; near-term funding window,next planned disbursement,Q1 2027,No,intelligence
opp_score_41fbd6d7e326,XM-DAC-41122-Ethiopia-1410/A0/08/002/002,92.9,Strategic Priority,89,equipment demand; active implementation; future planned disbursement; future budget cycle; reported budget; near-term funding window,next planned disbursement,Q1 2027,No,intelligence
opp_score_9c407acde242,DAC-1601-INV-056441,92.8,Strategic Priority,89,equipment demand; active implementation; future planned disbursement; future budget cycle; reported budget; near-term funding window,next planned disbursement,Q4 2026,No,intelligence
opp_score_bd9e6be6e54f,XM-DAC-41122-Kenya-2400/A0/07/001/002,92.7,Strategic Priority,89,equipment demand; active implementation; future planned disbursement; future budget cycle; reported budget; near-term funding window,next planned disbursement,Q1 2027,No,intelligence
opp_score_5c16920396e4,XM-DAC-41122-South Sudan-4040/A0/04/002/003,92.7,Strategic Priority,89,equipment demand; active implementation; future planned disbursement; future budget cycle; reported budget; near-term funding window,next planned disbursement,Q4 2026,No,intelligence
opp_score_048639f23b68,XM-DAC-41122-Kenya-2400/A0/07/001/006,92.7,Strategic Priority,89,equipment demand; active implementation; future planned disbursement; future budget cycle; reported budget; near-term funding window,next planned disbursement,Q1 2027,No,intelligence
opp_score_a9de2007ea93,DAC-1601-INV-033509,92.5,Strategic Priority,89,equipment demand; active implementation; future planned disbursement; future budget cycle; reported budget; near-term funding window,next planned disbursement,Q4 2026,No,intelligence
opp_score_8a2108ed6588,XM-DAC-41122-Ethiopia-1410/A0/08/002/004,92.4,Strategic Priority,89,equipment demand; active implementation; future planned disbursement; future budget cycle; reported budget; near-term funding window,next planned disbursement,Q1 2027,No,intelligence
opp_score_ac45baec7803,XM-DAC-41122-Kenya-2400/A0/07/001/001,92.3,Strategic Priority,89,equipment demand; active implementation; future planned disbursement; future budget cycle; reported budget; near-term funding window,next planned disbursement,Q1 2027,No,intelligence
opp_score_dd0466d3be03,XM-DAC-41122-United Rep. of Tanzania-4550/A0/06/001/001,92.1,Strategic Priority,89,equipment demand; active implementation; future planned disbursement; future budget cycle; reported budget; near-term funding window,next planned disbursement,Q1 2027,No,intelligence
opp_score_62fdbb7718e1,XM-DAC-41122-Uganda-4380/A0/07/001/003,92.1,Strategic Priority,89,equipment demand; active implementation; future planned disbursement; future budget cycle; reported budget; near-term funding window,next planned disbursement,Q1 2027,No,intelligence
opp_score_f5d9c40174a0,XM-DAC-41122-Ethiopia-1410/A0/08/001/004,92.1,Strategic Priority,89,equipment demand; active implementation; future planned disbursement; future budget cycle; reported budget; near-term funding window,next planned disbursement,Q1 2027,No,intelligence
opp_score_80b37a87e8fa,XM-DAC-41122-Somalia-3920/A0/09/002/002,92.1,Strategic Priority,89,equipment demand; active implementation; future planned disbursement; future budget cycle; reported budget; near-term funding window,next planned disbursement,Q1 2027,No,intelligence
opp_score_058b8d2df831,XM-DAC-41122-Kenya-2400/A0/07/005/004,92.0,Strategic Priority,89,equipment demand; active implementation; future planned disbursement; future budget cycle; reported budget; near-term funding window,next planned disbursement,Q1 2027,No,intelligence
opp_score_997c605631e5,XM-DAC-41122-South Sudan-4040/A0/04/002/002,92.0,Strategic Priority,89,equipment demand; active implementation; future planned disbursement; future budget cycle; reported budget; near-term funding window,next planned disbursement,Q4 2026,No,intelligence
opp_score_ba3312a7eb8e,DAC-1601-INV-071385,92.0,Strategic Priority,89,equipment demand; active implementation; future planned disbursement; future budget cycle; reported budget; near-term funding window,next planned disbursement,Q4 2026,No,intelligence
opp_score_935e9e13c616,XM-DAC-41122-Rwanda-3750/A0/07/881/001,92.0,Strategic Priority,89,equipment demand; active implementation; future planned disbursement; future budget cycle; reported budget; near-term funding window,next planned disbursement,Q1 2027,No,intelligence
opp_score_b951c1bbd59b,XM-DAC-41122-Rwanda-3750/A0/07/881/002,92.0,Strategic Priority,89,equipment demand; active implementation; future planned disbursement; future budget cycle; reported budget; near-term funding window,next planned disbursement,Q1 2027,No,intelligence
opp_score_de1eab3018e2,XM-DAC-41122-South Sudan-4040/A0/04/001/004,91.9,Strategic Priority,89,equipment demand; active implementation; future planned disbursement; future budget cycle; reported budget; near-term funding window,next planned disbursement,Q4 2026,No,intelligence
opp_score_ae272770940c,XM-DAC-41122-United Rep. of Tanzania-4550/A0/06/003/004,91.9,Strategic Priority,89,equipment demand; active implementation; future planned disbursement; future budget cycle; reported budget; near-term funding window,next planned disbursement,Q1 2027,No,intelligence
opp_score_949784a5aa29,DAC-1601-INV-042796,91.9,Strategic Priority,89,equipment demand; active implementation; future planned disbursement; future budget cycle; reported budget; near-term funding window,next planned disbursement,Q4 2026,No,intelligence
opp_score_5c4845735878,XM-DAC-41122-Ethiopia-1410/A0/08/002/003,91.9,Strategic Priority,89,equipment demand; active implementation; future planned disbursement; future budget cycle; reported budget; near-term funding window,next planned disbursement,Q1 2027,No,intelligence
opp_score_cd02955f6b8f,XM-DAC-41122-Rwanda-3750/A0/07/881/004,91.8,Strategic Priority,89,equipment demand; active implementation; future planned disbursement; future budget cycle; reported budget; near-term funding window,next planned disbursement,Q1 2027,No,intelligence
opp_score_91e52b9df129,XM-DAC-41122-United Rep. of Tanzania-4550/A0/06/003/002,91.7,Strategic Priority,89,equipment demand; active implementation; future planned disbursement; future budget cycle; reported budget; near-term funding window,next planned disbursement,Q1 2027,Yes,intelligence
opp_score_a05889f0abe0,XM-DAC-41122-Uganda-4380/A0/07/001/005,91.7,Strategic Priority,89,equipment demand; active implementation; future planned disbursement; future budget cycle; reported budget; near-term funding window,next planned disbursement,Q1 2027,No,intelligence
opp_score_ef9b3d3d302e,XM-DAC-41122-United Rep. of Tanzania-4550/A0/06/001/002,91.6,Strategic Priority,89,equipment demand; active implementation; future planned disbursement; future budget cycle; reported budget; near-term funding window,next planned disbursement,Q1 2027,No,intelligence
opp_score_14acb48d3ed6,DAC-1601-INV-075893,91.6,Strategic Priority,89,equipment demand; active implementation; future planned disbursement; future budget cycle; reported budget; near-term funding window,next planned disbursement,Q4 2026,No,intelligence
opp_score_a77de8884e8b,DAC-1601-INV-091224,91.6,Strategic Priority,89,equipment demand; active implementation; future planned disbursement; future budget cycle; reported budget; near-term funding window,next planned disbursement,Q4 2026,No,intelligence
opp_score_1f586888e7ea,DAC-1601-OPP1193778,91.5,Strategic Priority,89,equipment demand; active implementation; future planned disbursement; future budget cycle; reported budget; near-term funding window,next planned disbursement,Q4 2026,No,intelligence
opp_score_3608214d49d6,DAC-1601-INV-075894,91.5,Strategic Priority,89,equipment demand; active implementation; future planned disbursement; future budget cycle; reported budget; near-term funding window,next planned disbursement,Q4 2026,No,intelligence
opp_score_f1f182d0576e,DAC-1601-INV-078633,91.5,Strategic Priority,89,equipment demand; active implementation; future planned disbursement; future budget cycle; reported budget; near-term funding window,next planned disbursement,Q4 2026,No,intelligence
opp_score_ea8700bec467,XM-DAC-41122-Uganda-4380/A0/07/001/002,91.5,Strategic Priority,89,equipment demand; active implementation; future planned disbursement; future budget cycle; reported budget; near-term funding window,next planned disbursement,Q1 2027,No,intelligence
opp_score_8a13e6c016e0,XM-DAC-41122-Somalia-3920/A0/09/002/003,91.4,Strategic Priority,89,equipment demand; active implementation; future planned disbursement; future budget cycle; reported budget; near-term funding window,next planned disbursement,Q1 2027,No,intelligence
opp_score_0ff460f8ff8d,DAC-1601-INV-068395,91.4,Strategic Priority,89,equipment demand; active implementation; future planned disbursement; future budget cycle; reported budget; near-term funding window,next planned disbursement,Q4 2026,No,intelligence
opp_score_e4ccac47ffe6,XM-DAC-41122-Kenya-2400/A0/07/001/004,91.4,Strategic Priority,89,equipment demand; active implementation; future planned disbursement; future budget cycle; reported budget; near-term funding window,next planned disbursement,Q1 2027,No,intelligence
opp_score_fe1e235fee77,DAC-1601-INV-025784,91.3,Strategic Priority,89,equipment demand; active implementation; future planned disbursement; future budget cycle; reported budget; near-term funding window,next planned disbursement,Q4 2026,Yes,intelligence
opp_score_c7fc8888694f,XM-DAC-41122-South Sudan-4040/A0/04/002/004,91.3,Strategic Priority,89,equipment demand; active implementation; future planned disbursement; future budget cycle; reported budget; near-term funding window,next planned disbursement,Q4 2026,No,intelligence
opp_score_6d67d9b6ac09,DAC-1601-INV-088484,91.2,Strategic Priority,89,equipment demand; active implementation; future planned disbursement; future budget cycle; reported budget; near-term funding window,next planned disbursement,Q4 2026,No,intelligence
opp_score_7ded41b71f77,XM-DAC-41122-Kenya-2400/A0/07/001/011,91.2,Strategic Priority,89,equipment demand; active implementation; future planned disbursement; future budget cycle; reported budget; near-term funding window,next planned disbursement,Q1 2027,No,intelligence
opp_score_0f9bbd263647,XM-DAC-41122-Kenya-2400/A0/07/001/003,91.2,Strategic Priority,89,equipment demand; active implementation; future planned disbursement; future budget cycle; reported budget; near-term funding window,next planned disbursement,Q1 2027,No,intelligence
opp_score_2bd57a7a793f,DAC-1601-INV-005390,91.2,Strategic Priority,89,equipment demand; active implementation; future planned disbursement; future budget cycle; reported budget; near-term funding window,next planned disbursement,Q4 2026,No,intelligence
opp_score_68a4213b93c2,DAC-1601-INV-055656,91.2,Strategic Priority,89,equipment demand; active implementation; future planned disbursement; future budget cycle; reported budget; near-term funding window,next planned disbursement,Q4 2026,No,intelligence
opp_score_4df2e809c57b,DAC-1601-INV-064565,91.1,Strategic Priority,89,equipment demand; active implementation; future planned disbursement; future budget cycle; reported budget; near-term funding window,next planned disbursement,Q4 2026,No,intelligence
opp_score_0852719680ab,DAC-1601-INV-068491,91.1,Strategic Priority,89,equipment demand; active implementation; future planned disbursement; future budget cycle; reported budget; near-term funding window,next planned disbursement,Q4 2026,No,intelligence
opp_score_fd8579c92b74,DAC-1601-INV-036570,90.9,Strategic Priority,89,equipment demand; active implementation; future planned disbursement; future budget cycle; reported budget; near-term funding window,next planned disbursement,Q4 2026,No,intelligence
opp_score_519e47e58a9f,XM-DAC-41122-United Rep. of Tanzania-4550/A0/06/003/003,90.9,Strategic Priority,89,equipment demand; active implementation; future planned disbursement; future budget cycle; reported budget; near-term funding window,next planned disbursement,Q1 2027,No,intelligence
opp_score_af42c5332c16,XM-DAC-41122-United Rep. of Tanzania-4550/A0/06/004/004,90.8,Strategic Priority,89,equipment demand; active implementation; future planned disbursement; future budget cycle; reported budget; near-term funding window,next planned disbursement,Q1 2027,No,intelligence
opp_score_8866b76c8053,DAC-1601-INV-044204,90.7,Strategic Priority,89,equipment demand; active implementation; future planned disbursement; future budget cycle; reported budget; near-term funding window,next planned disbursement,Q4 2026,No,intelligence
opp_score_33f598f672ea,DAC-1601-INV-083106,90.7,Strategic Priority,89,equipment demand; active implementation; future planned disbursement; future budget cycle; reported budget; near-term funding window,next planned disbursement,Q4 2026,No,intelligence
opp_score_0268469eead3,XM-DAC-41122-United Rep. of Tanzania-4550/A0/06/003/001,90.7,Strategic Priority,89,equipment demand; active implementation; future planned disbursement; future budget cycle; reported budget; near-term funding window,next planned disbursement,Q1 2027,No,intelligence
opp_score_016e207f9219,DAC-1601-INV-087044,90.7,Strategic Priority,89,equipment demand; active implementation; future planned disbursement; future budget cycle; reported budget; near-term funding window,next planned disbursement,Q4 2026,No,intelligence
opp_score_2622406b34b2,DAC-1601-INV-076674,90.7,Strategic Priority,89,equipment demand; active implementation; future planned disbursement; future budget cycle; reported budget; near-term funding window,next planned disbursement,Q4 2026,No,intelligence
opp_score_4bd9aa8d6547,DAC-1601-INV-069333,90.6,Strategic Priority,89,equipment demand; active implementation; future planned disbursement; future budget cycle; reported budget; near-term funding window,next planned disbursement,Q4 2026,No,intelligence
opp_score_b1733de47d23,XM-DAC-41122-Kenya-2400/A0/07/001/005,90.6,Strategic Priority,89,equipment demand; active implementation; future planned disbursement; future budget cycle; reported budget; near-term funding window,next planned disbursement,Q1 2027,No,intelligence
opp_score_51b4aaf70c00,DAC-1601-INV-094269,90.6,Strategic Priority,89,equipment demand; active implementation; future planned disbursement; future budget cycle; reported budget; near-term funding window,next planned disbursement,Q4 2026,No,intelligence
opp_score_c5f6494e4b04,DAC-1601-INV-074646,90.5,Strategic Priority,89,equipment demand; active implementation; future planned disbursement; future budget cycle; reported budget; near-term funding window,next planned disbursement,Q4 2026,No,intelligence
opp_score_8f18eb72098d,DAC-1601-INV-074669,90.5,Strategic Priority,89,equipment demand; active implementation; future planned disbursement; future budget cycle; reported budget; near-term funding window,next planned disbursement,Q4 2026,No,intelligence
opp_score_144fd1b74936,DAC-1601-INV-078901,90.5,Strategic Priority,89,equipment demand; active implementation; future planned disbursement; future budget cycle; reported budget; near-term funding window,next planned disbursement,Q4 2026,No,intelligence
opp_score_0f5badcf45cb,DAC-1601-INV-074258,90.4,Strategic Priority,89,equipment demand; active implementation; future planned disbursement; future budget cycle; reported budget; near-term funding window,next planned disbursement,Q4 2026,No,intelligence
opp_score_133e5af03581,DAC-1601-INV-086146,90.4,Strategic Priority,89,equipment demand; active implementation; future planned disbursement; future budget cycle; reported budget; near-term funding window,next planned disbursement,Q4 2026,No,intelligence
opp_score_cb0f606fd8ed,DAC-1601-INV-095819,90.3,Strategic Priority,89,equipment demand; active implementation; future planned disbursement; future budget cycle; reported budget; near-term funding window,next planned disbursement,Q4 2026,No,intelligence
opp_score_1940b818e23e,DAC-1601-INV-002643,90.3,Strategic Priority,89,equipment demand; active implementation; future planned disbursement; future budget cycle; reported budget; near-term funding window,next planned disbursement,Q4 2026,No,intelligence
opp_score_4aee94103e91,DAC-1601-INV-075235,90.2,Strategic Priority,89,equipment demand; active implementation; future planned disbursement; future budget cycle; reported budget; near-term funding window,next planned disbursement,Q4 2026,Yes,intelligence
opp_score_cedda8fdb099,DAC-1601-INV-048214,90.2,Strategic Priority,89,equipment demand; active implementation; future planned disbursement; future budget cycle; reported budget; near-term funding window,next planned disbursement,Q4 2026,No,intelligence
opp_score_42d8476fd56c,DAC-1601-INV-072647,90.2,Strategic Priority,89,equipment demand; active implementation; future planned disbursement; future budget cycle; reported budget; near-term funding window,next planned disbursement,Q4 2026,No,intelligence
opp_score_822ff2000d39,DAC-1601-INV-061461,90.1,Strategic Priority,89,equipment demand; active implementation; future planned disbursement; future budget cycle; reported budget; near-term funding window,next planned disbursement,Q4 2026,Yes,intelligence
opp_score_2e0b9232dd06,DAC-1601-INV-059777,90.1,Strategic Priority,89,equipment demand; active implementation; future planned disbursement; future budget cycle; reported budget; near-term funding window,next planned disbursement,Q4 2026,No,intelligence
opp_score_91365a08a030,DAC-1601-INV-088892,90.1,Strategic Priority,89,equipment demand; active implementation; future planned disbursement; future budget cycle; reported budget; near-term funding window,next planned disbursement,Q4 2026,No,intelligence
opp_score_008aa7ea85ab,XM-DAC-41122-South Sudan-4040/A0/04/002/001,90.1,Strategic Priority,89,equipment demand; active implementation; future planned disbursement; future budget cycle; reported budget; near-term funding window,next planned disbursement,Q4 2026,No,intelligence
opp_score_a1b8a453e5f9,DAC-1601-INV-080620,90.1,Strategic Priority,89,equipment demand; active implementation; future planned disbursement; future budget cycle; reported budget; near-term funding window,next planned disbursement,Q4 2026,No,intelligence
opp_score_bb755c01f326,DAC-1601-INV-055899,90.0,Strategic Priority,89,equipment demand; active implementation; future planned disbursement; future budget cycle; reported budget; near-term funding window,next planned disbursement,Q4 2026,No,intelligence
opp_score_944a1c38d78e,DAC-1601-INV-061233,90.0,Strategic Priority,89,equipment demand; active implementation; future planned disbursement; future budget cycle; reported budget; near-term funding window,next planned disbursement,Q4 2026,No,intelligence
opp_score_a7093e230476,DAC-1601-INV-091669,90.0,Strategic Priority,89,equipment demand; active implementation; future planned disbursement; future budget cycle; reported budget; near-term funding window,next planned disbursement,Q4 2026,Yes,intelligence
opp_score_2081b17c0004,DAC-1601-INV-072659,90.0,Strategic Priority,89,equipment demand; active implementation; future planned disbursement; future budget cycle; reported budget; near-term funding window,next planned disbursement,Q4 2026,No,intelligence
opp_score_b72a55c3282d,XM-DAC-41122-Uganda-4380/A0/07/001/004,89.9,Strategic Priority,89,equipment demand; active implementation; future planned disbursement; future budget cycle; reported budget; near-term funding window,next planned disbursement,Q1 2027,No,intelligence
opp_score_b23dc40e597f,DAC-1601-INV-068844,89.8,Strategic Priority,89,equipment demand; active implementation; future planned disbursement; future budget cycle; reported budget; near-term funding window,next planned disbursement,Q4 2026,No,intelligence
opp_score_e8d96f79a9f5,DAC-1601-INV-070819,89.8,Strategic Priority,89,equipment demand; active implementation; future planned disbursement; future budget cycle; reported budget; near-term funding window,next planned disbursement,Q4 2026,No,intelligence
opp_score_391f8e16d8ab,DAC-1601-INV-084632,89.8,Strategic Priority,89,equipment demand; active implementation; future planned disbursement; future budget cycle; reported budget; near-term funding window,next planned disbursement,Q4 2026,No,intelligence
opp_score_cde62a50fd0c,DAC-1601-INV-080248,89.8,Strategic Priority,89,equipment demand; active implementation; future planned disbursement; future budget cycle; reported budget; near-term funding window,next planned disbursement,Q4 2026,No,intelligence
opp_score_005b3457f866,DAC-1601-INV-095503,89.8,Strategic Priority,89,equipment demand; active implementation; future planned disbursement; future budget cycle; reported budget; near-term funding window,next planned disbursement,Q4 2026,No,intelligence
opp_score_bb67676b2bf1,DAC-1601-INV-053453,89.7,Strategic Priority,89,equipment demand; active implementation; future planned disbursement; future budget cycle; reported budget; near-term funding window,next planned disbursement,Q4 2026,No,intelligence
opp_score_288b116244aa,DAC-1601-INV-067322,89.7,Strategic Priority,89,equipment demand; active implementation; future planned disbursement; future budget cycle; reported budget; near-term funding window,next planned disbursement,Q4 2026,No,intelligence
opp_score_50d5550dd5c6,DAC-1601-INV-068865,89.7,Strategic Priority,89,equipment demand; active implementation; future planned disbursement; future budget cycle; reported budget; near-term funding window,next planned disbursement,Q4 2026,No,intelligence
opp_score_09ea44eb56db,DAC-1601-INV-064440,89.6,Strategic Priority,89,equipment demand; active implementation; future planned disbursement; future budget cycle; reported budget; near-term funding window,next planned disbursement,Q4 2026,No,intelligence
opp_score_d90508fb397d,DAC-1601-INV-074084,89.6,Strategic Priority,89,equipment demand; active implementation; future planned disbursement; future budget cycle; reported budget; near-term funding window,next planned disbursement,Q4 2026,Yes,intelligence
opp_score_f0e2c62aaa9e,DAC-1601-INV-061041,89.5,Strategic Priority,89,equipment demand; active implementation; future planned disbursement; future budget cycle; reported budget; near-term funding window,next planned disbursement,Q4 2026,No,intelligence
opp_score_b2972ff7f8a3,DAC-1601-INV-077731,89.5,Strategic Priority,89,equipment demand; active implementation; future planned disbursement; future budget cycle; reported budget; near-term funding window,next planned disbursement,Q4 2026,No,intelligence
opp_score_85967b5cdd6b,DAC-1601-INV-096952,89.5,Strategic Priority,89,equipment demand; active implementation; future planned disbursement; future budget cycle; reported budget; near-term funding window,next planned disbursement,Q4 2026,Yes,intelligence
opp_score_91ea460ec990,DAC-1601-INV-071112,89.4,Strategic Priority,89,equipment demand; active implementation; future planned disbursement; future budget cycle; reported budget; near-term funding window,next planned disbursement,Q4 2026,No,intelligence
opp_score_f081bf0d5bce,DAC-1601-INV-042779,89.4,Strategic Priority,89,equipment demand; active implementation; future planned disbursement; future budget cycle; reported budget; near-term funding window,next planned disbursement,Q4 2026,No,intelligence
opp_score_04659edf3432,DAC-1601-INV-094484,89.4,Strategic Priority,89,equipment demand; active implementation; future planned disbursement; future budget cycle; reported budget; near-term funding window,next planned disbursement,Q4 2026,No,intelligence
opp_score_1a3281c2861c,DAC-1601-INV-094623,89.4,Strategic Priority,89,equipment demand; active implementation; future planned disbursement; future budget cycle; reported budget; near-term funding window,next planned disbursement,Q4 2026,No,intelligence
opp_score_a69f8f7cca0e,DAC-1601-INV-074660,89.3,Strategic Priority,89,equipment demand; active implementation; future planned disbursement; future budget cycle; reported budget; near-term funding window,next planned disbursement,Q4 2026,No,intelligence
opp_score_6db57cabba2c,DAC-1601-INV-070321,89.3,Strategic Priority,89,equipment demand; active implementation; future planned disbursement; future budget cycle; reported budget; near-term funding window,next planned disbursement,Q4 2026,No,intelligence
opp_score_229f3799afb0,DAC-1601-INV-080183,89.3,Strategic Priority,89,equipment demand; active implementation; future planned disbursement; future budget cycle; reported budget; near-term funding window,next planned disbursement,Q4 2026,No,intelligence
opp_score_adee9eb17b53,DAC-1601-INV-074255,89.1,Strategic Priority,89,equipment demand; active implementation; future planned disbursement; future budget cycle; reported budget; near-term funding window,next planned disbursement,Q4 2026,No,intelligence
opp_score_1f64f74a280c,DAC-1601-INV-083460,89.1,Strategic Priority,89,equipment demand; active implementation; future planned disbursement; future budget cycle; reported budget; near-term funding window,next planned disbursement,Q4 2026,Yes,intelligence
opp_score_3c03a151b7c9,DAC-1601-INV-039535,89.0,Strategic Priority,89,equipment demand; active implementation; future planned disbursement; future budget cycle; reported budget; near-term funding window,next planned disbursement,Q4 2026,No,intelligence
opp_score_06d7121b46ca,DAC-1601-INV-034117,88.9,Strategic Priority,89,equipment demand; active implementation; future planned disbursement; future budget cycle; reported budget; near-term funding window,next planned disbursement,Q4 2026,No,intelligence
opp_score_49a6a648496d,DAC-1601-INV-088488,88.9,Strategic Priority,89,equipment demand; active implementation; future planned disbursement; future budget cycle; reported budget; near-term funding window,next planned disbursement,Q4 2026,No,intelligence
opp_score_e9c5a8fd108e,DAC-1601-INV-084303,88.8,Strategic Priority,89,equipment demand; active implementation; future planned disbursement; future budget cycle; reported budget; near-term funding window,next planned disbursement,Q4 2026,Yes,intelligence
opp_score_a093c9b3a285,CA-3-P008372001,88.7,Strategic Priority,89,equipment demand; active implementation; future planned disbursement; future budget cycle; reported budget; 12-month funding window,next planned disbursement,Q2 2027,No,intelligence
opp_score_0810b6d23487,DAC-1601-INV-096543,88.7,Strategic Priority,89,equipment demand; active implementation; future planned disbursement; future budget cycle; reported budget; near-term funding window,next planned disbursement,Q4 2026,No,intelligence
opp_score_32acc3f52518,DAC-1601-INV-095210,88.7,Strategic Priority,89,equipment demand; active implementation; future planned disbursement; future budget cycle; reported budget; near-term funding window,next planned disbursement,Q4 2026,No,intelligence
opp_score_fd20f07ac57a,DAC-1601-INV-091122,88.6,Strategic Priority,89,equipment demand; active implementation; future planned disbursement; future budget cycle; reported budget; near-term funding window,next planned disbursement,Q4 2026,Yes,intelligence
opp_score_49409f3e8d76,DAC-1601-INV-090873,88.6,Strategic Priority,89,equipment demand; active implementation; future planned disbursement; future budget cycle; reported budget; near-term funding window,next planned disbursement,Q4 2026,No,intelligence
opp_score_6234ab128c31,CA-3-P012736001,88.6,Strategic Priority,89,equipment demand; active implementation; future planned disbursement; future budget cycle; reported budget; 12-month funding window,next planned disbursement,Q2 2027,No,intelligence
opp_score_559d69be571f,DAC-1601-INV-075932,88.5,Strategic Priority,89,equipment demand; active implementation; future planned disbursement; future budget cycle; reported budget; near-term funding window,next planned disbursement,Q4 2026,No,intelligence
opp_score_55d0372a9085,CA-3-P012748001,88.5,Strategic Priority,89,equipment demand; active implementation; future planned disbursement; future budget cycle; reported budget; 12-month funding window,next planned disbursement,Q2 2027,No,intelligence
opp_score_c32746e74413,DAC-1601-INV-085627,88.5,Strategic Priority,89,equipment demand; active implementation; future planned disbursement; future budget cycle; reported budget; near-term funding window,next planned disbursement,Q4 2026,Yes,intelligence
opp_score_69df0f9e8f79,DAC-1601-INV-060917,88.4,Strategic Priority,89,equipment demand; active implementation; future planned disbursement; future budget cycle; reported budget; near-term funding window,next planned disbursement,Q4 2026,No,intelligence
opp_score_804f2b262c19,DAC-1601-INV-091533,88.4,Strategic Priority,89,equipment demand; active implementation; future planned disbursement; future budget cycle; reported budget; near-term funding window,next planned disbursement,Q4 2026,No,intelligence
opp_score_24eedf260811,DAC-1601-INV-087607,88.4,Strategic Priority,89,equipment demand; active implementation; future planned disbursement; future budget cycle; reported budget; near-term funding window,next planned disbursement,Q4 2026,No,intelligence
opp_score_4be6c6e530b7,DAC-1601-INV-070593,88.3,Strategic Priority,89,equipment demand; active implementation; future planned disbursement; future budget cycle; reported budget; near-term funding window,next planned disbursement,Q4 2026,Yes,intelligence
opp_score_f391289e0856,DAC-1601-INV-089216,88.2,Strategic Priority,89,equipment demand; active implementation; future planned disbursement; future budget cycle; reported budget; near-term funding window,next planned disbursement,Q4 2026,No,intelligence
opp_score_9e51b88895e4,DAC-1601-INV-073284,88.2,Strategic Priority,89,equipment demand; active implementation; future planned disbursement; future budget cycle; reported budget; near-term funding window,next planned disbursement,Q4 2026,No,intelligence
opp_score_67471e147039,CA-3-P009734001,88.2,Strategic Priority,89,equipment demand; active implementation; future planned disbursement; future budget cycle; reported budget; 12-month funding window,next planned disbursement,Q2 2027,No,intelligence
opp_score_eff8cae2ae90,DAC-1601-INV-073592,88.2,Strategic Priority,89,equipment demand; active implementation; future planned disbursement; future budget cycle; reported budget; near-term funding window,next planned disbursement,Q4 2026,No,intelligence
opp_score_64ee7c982ddd,CA-3-P011787001,88.2,Strategic Priority,89,equipment demand; active implementation; future planned disbursement; future budget cycle; reported budget; 12-month funding window,next planned disbursement,Q2 2027,No,intelligence
opp_score_70b84d7632f9,DAC-1601-INV-086291,88.1,Strategic Priority,89,equipment demand; active implementation; future planned disbursement; future budget cycle; reported budget; near-term funding window,next planned disbursement,Q4 2026,No,intelligence
opp_score_a0c8d376ee52,NL-KVK-41160054-201510,87.9,Strategic Priority,95,equipment demand; active implementation; future planned disbursement; future budget cycle; reported budget; long-range funding window; procurement language,next planned disbursement,Q4 2027,Yes,intelligence
opp_score_57294ef61689,DAC-1601-INV-087236,87.7,Strategic Priority,89,equipment demand; active implementation; future planned disbursement; future budget cycle; reported budget; near-term funding window,next planned disbursement,Q4 2026,Yes,intelligence
opp_score_bdfdd07fdbee,CA-3-P011365001,87.7,Strategic Priority,89,equipment demand; active implementation; future planned disbursement; future budget cycle; reported budget; 12-month funding window,next planned disbursement,Q2 2027,No,intelligence
opp_score_dfa750f1b1f7,DAC-1601-INV-076274,87.6,Strategic Priority,89,equipment demand; active implementation; future planned disbursement; future budget cycle; reported budget; near-term funding window,next planned disbursement,Q4 2026,No,intelligence
opp_score_997f8bb80125,DAC-1601-INV-088525,87.6,Strategic Priority,89,equipment demand; active implementation; future planned disbursement; future budget cycle; reported budget; near-term funding window,next planned disbursement,Q4 2026,No,intelligence
opp_score_f51190c2f969,CA-3-P007310001,87.5,Strategic Priority,89,equipment demand; active implementation; future planned disbursement; future budget cycle; reported budget; 12-month funding window,next planned disbursement,Q2 2027,Yes,intelligence
opp_score_e4e5edf621cd,DAC-1601-INV-049906,87.5,Strategic Priority,89,equipment demand; active implementation; future planned disbursement; future budget cycle; reported budget; near-term funding window,next planned disbursement,Q4 2026,No,intelligence
opp_score_5135c10f8e78,DAC-1601-INV-077662,87.5,Strategic Priority,89,equipment demand; active implementation; future planned disbursement; future budget cycle; reported budget; near-term funding window,next planned disbursement,Q4 2026,No,intelligence
opp_score_80382fde535c,DAC-1601-INV-081500,87.4,Strategic Priority,89,equipment demand; active implementation; future planned disbursement; future budget cycle; reported budget; near-term funding window,next planned disbursement,Q4 2026,No,intelligence
opp_score_91d54077486c,DAC-1601-INV-062382,87.4,Strategic Priority,89,equipment demand; active implementation; future planned disbursement; future budget cycle; reported budget; near-term funding window,next planned disbursement,Q4 2026,No,intelligence
opp_score_327b6066ddc1,DAC-1601-INV-094164,87.4,Strategic Priority,89,equipment demand; active implementation; future planned disbursement; future budget cycle; reported budget; near-term funding window,next planned disbursement,Q4 2026,No,intelligence
opp_score_407ba32dca29,DAC-1601-INV-073802,87.3,Strategic Priority,89,equipment demand; active implementation; future planned disbursement; future budget cycle; reported budget; near-term funding window,next planned disbursement,Q4 2026,No,intelligence
opp_score_c39c70e261f2,DAC-1601-INV-070227,87.3,Strategic Priority,89,equipment demand; active implementation; future planned disbursement; future budget cycle; reported budget; near-term funding window,next planned disbursement,Q4 2026,No,intelligence
opp_score_22937c685bfd,DAC-1601-INV-093517,87.3,Strategic Priority,89,equipment demand; active implementation; future planned disbursement; future budget cycle; reported budget; near-term funding window,next planned disbursement,Q4 2026,No,intelligence
opp_score_ac4f3d17ee25,CA-3-P011371001,87.1,Strategic Priority,89,equipment demand; active implementation; future planned disbursement; future budget cycle; reported budget; 12-month funding window,next planned disbursement,Q2 2027,No,intelligence
opp_score_655b4ee6c89b,XM-DAC-41122-Kenya-2400/A0/07/005/003,87.1,Strategic Priority,89,equipment demand; active implementation; future planned disbursement; future budget cycle; reported budget; near-term funding window,next planned disbursement,Q1 2027,No,intelligence
opp_score_c38300c5a6f7,DAC-1601-INV-070288,87.0,Strategic Priority,89,equipment demand; active implementation; future planned disbursement; future budget cycle; reported budget; near-term funding window,next planned disbursement,Q4 2026,No,intelligence
opp_score_011599984713,DAC-1601-INV-095767,86.9,Strategic Priority,89,equipment demand; active implementation; future planned disbursement; future budget cycle; reported budget; near-term funding window,next planned disbursement,Q4 2026,No,intelligence
opp_score_6dd7c41e40c1,DAC-1601-INV-091047,86.8,Strategic Priority,89,equipment demand; active implementation; future planned disbursement; future budget cycle; reported budget; near-term funding window,next planned disbursement,Q4 2026,No,intelligence
opp_score_2a8ed59c4dcf,DAC-1601-INV-095630,86.7,Strategic Priority,89,equipment demand; active implementation; future planned disbursement; future budget cycle; reported budget; near-term funding window,next planned disbursement,Q4 2026,No,intelligence
opp_score_b09c48e8ee5a,DAC-1601-INV-095626,86.7,Strategic Priority,89,equipment demand; active implementation; future planned disbursement; future budget cycle; reported budget; near-term funding window,next planned disbursement,Q4 2026,No,intelligence
opp_score_16f3cfc7402b,DAC-1601-INV-071789,86.5,Strategic Priority,89,equipment demand; active implementation; future planned disbursement; future budget cycle; reported budget; near-term funding window,next planned disbursement,Q4 2026,No,intelligence
opp_score_c1f3f96d92e2,DAC-1601-INV-073033,86.3,Strategic Priority,89,equipment demand; active implementation; future planned disbursement; future budget cycle; reported budget; near-term funding window,next planned disbursement,Q4 2026,No,intelligence
opp_score_ac1629299b41,DAC-1601-INV-093979,86.3,Strategic Priority,89,equipment demand; active implementation; future planned disbursement; future budget cycle; reported budget; near-term funding window,next planned disbursement,Q4 2026,No,intelligence
opp_score_f0fd401b5119,DAC-1601-INV-091014,86.2,Strategic Priority,89,equipment demand; active implementation; future planned disbursement; future budget cycle; reported budget; near-term funding window,next planned disbursement,Q4 2026,No,intelligence
opp_score_c57dcbee025c,DAC-1601-INV-094041,86.0,Strategic Priority,89,equipment demand; active implementation; future planned disbursement; future budget cycle; reported budget; near-term funding window,next planned disbursement,Q4 2026,No,intelligence
opp_score_204fe4aa7457,GB-GOV-26-ISPF-MRC-8BZDF48-9L3AM9N-DUVXRZT,86.0,Strategic Priority,89,equipment demand; active implementation; future planned disbursement; reported budget; near-term funding window; procurement language,next planned disbursement,Q3 2026,Yes,intelligence
opp_score_34eb209e90f9,DAC-1601-INV-055639,85.9,Strategic Priority,89,equipment demand; active implementation; future planned disbursement; future budget cycle; reported budget; near-term funding window,next planned disbursement,Q4 2026,No,intelligence
opp_score_873932a48ac7,DAC-1601-INV-004550,85.8,Strategic Priority,89,equipment demand; active implementation; future planned disbursement; future budget cycle; reported budget; near-term funding window,next planned disbursement,Q4 2026,No,intelligence
opp_score_d69deda73b73,DAC-1601-INV-089124,85.7,Strategic Priority,89,equipment demand; active implementation; future planned disbursement; future budget cycle; reported budget; near-term funding window,next planned disbursement,Q4 2026,No,intelligence
opp_score_be7afd2ad211,DAC-1601-INV-093220,85.2,Strategic Priority,89,equipment demand; active implementation; future planned disbursement; future budget cycle; reported budget; near-term funding window,next planned disbursement,Q4 2026,No,intelligence
opp_score_5f5e416c8e81,DAC-1601-INV-096292,85.2,Strategic Priority,89,equipment demand; active implementation; future planned disbursement; future budget cycle; reported budget; near-term funding window,next planned disbursement,Q4 2026,No,intelligence
opp_score_8e68867a815a,XM-DAC-301-2-110838-001,84.5,Strategic Priority,89,equipment demand; active implementation; future planned disbursement; reported budget; 12-month funding window; procurement language,next planned disbursement,Q2 2027,Yes,intelligence
opp_score_7a7a9211f619,XM-DAC-301-2-110954-001,84.1,Strategic Priority,89,equipment demand; active implementation; future planned disbursement; reported budget; 12-month funding window; procurement language,next planned disbursement,Q2 2027,Yes,intelligence
opp_score_7cb182806d24,XM-DAC-301-2-110733-001,84.1,Strategic Priority,89,equipment demand; active implementation; future planned disbursement; reported budget; 12-month funding window; procurement language,next planned disbursement,Q2 2027,Yes,intelligence
opp_score_8342beb6f8cd,XM-DAC-301-2-110810-001,83.9,Strategic Priority,89,equipment demand; active implementation; future planned disbursement; reported budget; 12-month funding window; procurement language,next planned disbursement,Q2 2027,Yes,intelligence
opp_score_b5e22434183e,CA-3-P007987001,83.8,Strategic Priority,89,equipment demand; active implementation; future planned disbursement; future budget cycle; reported budget; 12-month funding window,next planned disbursement,Q1 2027,No,intelligence
opp_score_5a624b595086,XM-DAC-301-2-110755-001,83.4,Strategic Priority,89,equipment demand; active implementation; future planned disbursement; reported budget; 12-month funding window; procurement language,next planned disbursement,Q2 2027,Yes,intelligence
opp_score_6c0327ea11fa,XM-DAC-301-2-110856-001,82.0,Strategic Priority,89,equipment demand; active implementation; future planned disbursement; reported budget; 12-month funding window; procurement language,next planned disbursement,Q1 2027,Yes,intelligence
opp_score_cf616f99a606,47045-TZA-H-MOF-4,82.0,Strategic Priority,89,equipment demand; active implementation; future budget cycle; reported budget; near-term funding window; procurement language,next budget period,Q4 2026,Yes,intelligence
opp_score_a78cfa7310d1,47045-UGA-M-MoFPED-4,81.8,Strategic Priority,89,equipment demand; active implementation; future budget cycle; reported budget; near-term funding window; procurement language,next budget period,Q4 2026,Yes,intelligence
opp_score_45d52bb0ae82,47045-TZA-M-MOF-6,81.7,Strategic Priority,89,equipment demand; active implementation; future budget cycle; reported budget; near-term funding window; procurement language,next budget period,Q4 2026,Yes,intelligence
opp_score_c13682b62220,47045-RWA-C-MOH-2,81.6,Strategic Priority,89,equipment demand; active implementation; future budget cycle; reported budget; near-term funding window; procurement language,next budget period,Q4 2026,Yes,intelligence
opp_score_3f3798e3f3c7,FR-3-CRW1071,81.5,Strategic Priority,89,equipment demand; active implementation; future budget cycle; reported budget; near-term funding window; procurement language,next budget period,Q3 2026,Yes,intelligence
opp_score_3b533696b355,FR-3-CRW107101,81.5,Strategic Priority,89,equipment demand; active implementation; future budget cycle; reported budget; near-term funding window; procurement language,next budget period,Q3 2026,Yes,intelligence
opp_score_c727d6859e56,47045-SSD-C-UNDP-2,81.4,Strategic Priority,89,equipment demand; active implementation; future budget cycle; reported budget; near-term funding window; procurement language,next budget period,Q4 2026,Yes,intelligence
opp_score_f81f2a4ae0e2,NL-KVK-27378529-4000006398,81.1,Strategic Priority,89,equipment demand; active implementation; future budget cycle; reported budget; near-term funding window; procurement language,next budget period,Q4 2026,Yes,intelligence
opp_score_9d3cf82fd985,GB-COH-RC000653-GHRT2D,81.1,Strategic Priority,89,equipment demand; pipeline stage; future budget cycle; reported budget; 12-month funding window; procurement language,next budget period,Q3 2027,Yes,intelligence
opp_score_a816402377c1,XM-DAC-301-2-110590-001,81.1,Strategic Priority,89,equipment demand; active implementation; future planned disbursement; reported budget; 12-month funding window; procurement language,next planned disbursement,Q2 2027,Yes,intelligence
opp_score_341a552dd51f,47045-UGA-T-MoFPED-6,80.9,Strategic Priority,89,equipment demand; active implementation; future budget cycle; reported budget; near-term funding window; procurement language,next budget period,Q4 2026,Yes,intelligence
opp_score_9a4a43b4b939,47045-TZA-T-MOF-4,80.8,Strategic Priority,89,equipment demand; active implementation; future budget cycle; reported budget; near-term funding window; procurement language,next budget period,Q4 2026,Yes,intelligence
opp_score_7f50be31e623,47045-SSD-M-UNICEF-2,80.6,Strategic Priority,89,equipment demand; active implementation; future budget cycle; reported budget; near-term funding window; procurement language,next budget period,Q4 2026,Yes,intelligence
opp_score_846959198e2c,47045-UGA-M-TASO-4,80.2,Strategic Priority,89,equipment demand; active implementation; future budget cycle; reported budget; near-term funding window; procurement language,next budget period,Q4 2026,Yes,intelligence
opp_score_1d569a591ef4,47045-ETH-S-FMOH-4,80.1,Strategic Priority,89,equipment demand; active implementation; future budget cycle; reported budget; near-term funding window; procurement language,next budget period,Q4 2026,Yes,intelligence
opp_score_d6040bdb0882,DE-1-202123073,79.9,Strategic Priority,89,equipment demand; active implementation; future budget cycle; reported budget; near-term funding window; procurement language,next budget period,Q1 2027,Yes,intelligence
opp_score_e0f509310951,XM-DAC-301-2-110693-001,79.6,Strategic Priority,89,equipment demand; active implementation; future planned disbursement; reported budget; 12-month funding window; procurement language,next planned disbursement,Q2 2027,Yes,intelligence
opp_score_fa82c70a3138,NL-KVK-41160054-201367,79.5,Strategic Priority,89,equipment demand; active implementation; future budget cycle; reported budget; near-term funding window; procurement language,next budget period,Q4 2026,Yes,intelligence
opp_score_ca508477e444,DAC-1601-INV-058071,79.5,Strategic Priority,89,equipment demand; active implementation; future budget cycle; reported budget; near-term funding window; procurement language,next planned disbursement,Q4 2026,Yes,intelligence
opp_score_b2354a7b970a,46002-P-KE-IB0-002,79.4,Strategic Priority,89,equipment demand; active implementation; future budget cycle; reported budget; near-term funding window; procurement language,next budget period,Q4 2026,Yes,intelligence
opp_score_87d94947e938,XM-DAC-928-CD-2026-27-13.003.AF01.COD01,79.3,Strategic Priority,89,equipment demand; active implementation; future budget cycle; reported budget; near-term funding window; procurement language,next budget period,Q4 2026,Yes,intelligence
opp_score_658284aca642,46002-P-ET-IBZ-001,79.3,Strategic Priority,89,equipment demand; active implementation; future budget cycle; reported budget; near-term funding window; procurement language,next budget period,Q4 2026,Yes,intelligence
opp_score_1c4e6ec5418f,XM-DAC-928-SO-2026-27-10.001.EM01.SOM01,79.2,Strategic Priority,89,equipment demand; active implementation; future budget cycle; reported budget; near-term funding window; procurement language,next budget period,Q4 2026,Yes,intelligence
opp_score_12dcc382f7b8,XM-DAC-928-TZ-2026-27-06.001.AF01.TZA01,79.2,Strategic Priority,89,equipment demand; active implementation; future budget cycle; reported budget; near-term funding window; procurement language,next budget period,Q4 2026,Yes,intelligence
opp_score_fb30c4aa3c92,NL-KVK-83517626-ORI09TZ05,79.2,Strategic Priority,89,equipment demand; active implementation; future budget cycle; reported budget; near-term funding window; procurement language,next budget period,Q1 2027,Yes,intelligence
opp_score_2e5cc4ff5c74,XM-DAC-928-CD-2026-27-06.001.AF01.COD01,79.1,Strategic Priority,89,equipment demand; active implementation; future budget cycle; reported budget; near-term funding window; procurement language,next budget period,Q4 2026,Yes,intelligence
opp_score_5d5ede470f68,XM-DAC-2-10-5215,79.1,Strategic Priority,89,equipment demand; active implementation; future budget cycle; reported budget; near-term funding window; procurement language,next budget period,Q1 2027,Yes,intelligence
opp_score_ecb6baf350a7,XM-DAC-928-ET-2026-27-13.003.AF01.ETH01,79.0,Strategic Priority,89,equipment demand; active implementation; future budget cycle; reported budget; near-term funding window; procurement language,next budget period,Q4 2026,Yes,intelligence
opp_score_28d9d27693b2,NL-KVK-41160054-201319,79.0,Strategic Priority,89,equipment demand; active implementation; future budget cycle; reported budget; near-term funding window; procurement language,next budget period,Q3 2026,Yes,intelligence
opp_score_1baf990fb616,NL-KVK-41160054-201318,79.0,Strategic Priority,89,equipment demand; active implementation; future budget cycle; reported budget; near-term funding window; procurement language,next budget period,Q3 2026,Yes,intelligence
opp_score_8d0054d05207,GB-GOV-26-ISPF-MRC-8BZDF48-7Z3R57R-U57VD4F,79.0,Strategic Priority,80,equipment demand; active implementation; future planned disbursement; reported budget; near-term funding window,next planned disbursement,Q4 2026,Yes,intelligence
opp_score_40610e4e0c19,XM-DAC-928-SO-2026-27-08.001.EM01.SOM05,78.9,Strategic Priority,89,equipment demand; active implementation; future budget cycle; reported budget; near-term funding window; procurement language,next budget period,Q4 2026,Yes,intelligence
opp_score_c6ac8c3cc546,GB-GOV-1-301474-416,78.9,Strategic Priority,89,equipment demand; active implementation; future budget cycle; reported budget; near-term funding window; procurement language,next budget period,Q4 2026,Yes,intelligence
opp_score_0c614c78d283,DE-1-202220291,78.9,Strategic Priority,89,equipment demand; active implementation; future budget cycle; reported budget; near-term funding window; procurement language,next budget period,Q4 2026,Yes,intelligence
opp_score_23e101596509,NO-BRC-971277882-QZA-24/0180-81,78.8,Strategic Priority,89,equipment demand; active implementation; future budget cycle; reported budget; near-term funding window; procurement language,next budget period,Q4 2026,Yes,intelligence
opp_score_60b206113e16,NL-KVK-83517626-DGGF119UG2,78.8,Strategic Priority,89,equipment demand; active implementation; future budget cycle; reported budget; near-term funding window; procurement language,next budget period,Q1 2027,Yes,intelligence
opp_score_77393c7a8173,DE-CR-RA000220-VR3810-SSD1158-24,78.8,Strategic Priority,89,equipment demand; active implementation; future budget cycle; reported budget; near-term funding window; procurement language,next budget period,Q1 2027,Yes,intelligence
opp_score_11b00840d477,41AAA-23875-001,78.7,Strategic Priority,89,equipment demand; active implementation; future budget cycle; reported budget; near-term funding window; procurement language,next budget period,Q4 2026,Yes,intelligence
opp_score_2d195308a2a8,GB-EDU-133784-158242,78.7,Strategic Priority,89,equipment demand; active implementation; future budget cycle; reported budget; near-term funding window; procurement language,next budget period,Q4 2026,Yes,intelligence
opp_score_94bed7a63ea6,XM-DAC-928-SO-2026-27-06.001.EM01.SOM01,78.6,Strategic Priority,89,equipment demand; active implementation; future budget cycle; reported budget; near-term funding window; procurement language,next budget period,Q4 2026,Yes,intelligence
opp_score_3903201ac3e7,XM-DAC-928-SS-2026-27-08.001.AF01.SSD05,78.5,Strategic Priority,89,equipment demand; active implementation; future budget cycle; reported budget; near-term funding window; procurement language,next budget period,Q4 2026,Yes,intelligence
opp_score_7842ffff16fa,XM-DAC-928-SS-2026-27-10.001.AF01.SSD01,78.5,Strategic Priority,89,equipment demand; active implementation; future budget cycle; reported budget; near-term funding window; procurement language,next budget period,Q4 2026,Yes,intelligence
opp_score_d2e1feb75086,FI-3-2024-2024240462,78.3,Strategic Priority,89,equipment demand; active implementation; future budget cycle; reported budget; near-term funding window; procurement language,next budget period,Q4 2026,Yes,intelligence
opp_score_58b88a9b6319,NO-BRC-971277882-QZA-24/0180-27,78.3,Strategic Priority,89,equipment demand; active implementation; future budget cycle; reported budget; near-term funding window; procurement language,next budget period,Q4 2026,Yes,intelligence
opp_score_2f488af5754f,DAC-1601-INV-060797,78.3,Strategic Priority,89,equipment demand; active implementation; future budget cycle; reported budget; near-term funding window; procurement language,next planned disbursement,Q4 2026,Yes,intelligence
opp_score_e9c3369c444c,XM-DAC-928-ET-2026-27-10.001.AF01.ETH01,78.3,Strategic Priority,89,equipment demand; active implementation; future budget cycle; reported budget; near-term funding window; procurement language,next budget period,Q4 2026,Yes,intelligence
opp_score_c58722a9616a,XM-DAC-928-UG-2026-27-08.001.AF01.UGA05,78.3,Strategic Priority,89,equipment demand; active implementation; future budget cycle; reported budget; near-term funding window; procurement language,next budget period,Q4 2026,Yes,intelligence
opp_score_a5e62845f816,FI-3-2025-2025250310,78.3,Strategic Priority,89,equipment demand; active implementation; future budget cycle; reported budget; near-term funding window; procurement language,next budget period,Q1 2027,Yes,intelligence
opp_score_6b0e7cb94261,XM-DAC-41114-OUTPUT-01004489,78.2,Strategic Priority,89,equipment demand; active implementation; future budget cycle; reported budget; near-term funding window; procurement language,next budget period,Q4 2026,Yes,intelligence
opp_score_15f5ad83cee4,FR-3-CRW107106,78.2,Strategic Priority,89,equipment demand; active implementation; future budget cycle; reported budget; near-term funding window; procurement language,next budget period,Q4 2026,Yes,intelligence
opp_score_ff9c0753cc12,XM-DAC-2-10-4655,78.2,Strategic Priority,89,equipment demand; active implementation; future budget cycle; reported budget; near-term funding window; procurement language,next budget period,Q1 2027,Yes,intelligence
opp_score_a5ffbc198e5d,XM-DAC-928-SS-2026-27-06.001.AF01.SSD01,78.1,Strategic Priority,89,equipment demand; active implementation; future budget cycle; reported budget; near-term funding window; procurement language,next budget period,Q4 2026,Yes,intelligence
opp_score_8ce0aa1b7e97,XI-IATI-EC_INTPA-2023-PC-28428,78.0,Strategic Priority,80,equipment demand; active implementation; future planned disbursement; near-term funding window; procurement language,next planned disbursement,Q4 2026,Yes,intelligence
opp_score_47b8a500bc2e,FR-3-CCD1196,77.9,Strategic Priority,89,equipment demand; active implementation; future budget cycle; reported budget; near-term funding window; procurement language,next budget period,Q4 2026,Yes,intelligence
opp_score_0ae80e71d7da,FR-3-CCD119601,77.9,Strategic Priority,89,equipment demand; active implementation; future budget cycle; reported budget; near-term funding window; procurement language,next budget period,Q4 2026,Yes,intelligence
opp_score_e673f3cdcbec,XM-DAC-928-CD-2026-27-08.001.AF01.COD05,77.9,Strategic Priority,89,equipment demand; active implementation; future budget cycle; reported budget; near-term funding window; procurement language,next budget period,Q4 2026,Yes,intelligence
opp_score_53fa47fc2465,XM-DAC-928-SS-2026-27-13.003.AF01.SSD01,77.9,Strategic Priority,89,equipment demand; active implementation; future budget cycle; reported budget; near-term funding window; procurement language,next budget period,Q4 2026,Yes,intelligence
opp_score_7ca556c85c3a,XM-DAC-928-ET-2026-27-08.001.AF01.ETH05,77.9,Strategic Priority,89,equipment demand; active implementation; future budget cycle; reported budget; near-term funding window; procurement language,next budget period,Q4 2026,Yes,intelligence
opp_score_a84d363e615d,XM-DAC-928-KE-2026-27-08.001.AF01.KEN05,77.8,Strategic Priority,89,equipment demand; active implementation; future budget cycle; reported budget; near-term funding window; procurement language,next budget period,Q4 2026,Yes,intelligence
opp_score_eaa573434560,FR-3-CZZ3851,77.8,Strategic Priority,89,equipment demand; active implementation; future budget cycle; reported budget; near-term funding window; procurement language,next budget period,Q3 2026,Yes,intelligence
opp_score_5c446c011ac7,FR-3-CZZ385101,77.8,Strategic Priority,89,equipment demand; active implementation; future budget cycle; reported budget; near-term funding window; procurement language,next budget period,Q3 2026,Yes,intelligence
opp_score_2655f007460f,NO-BRC-971277882-QZA-24/0180-53,77.7,Strategic Priority,89,equipment demand; active implementation; future budget cycle; reported budget; near-term funding window; procurement language,next budget period,Q4 2026,Yes,intelligence
opp_score_0da9212ba6e5,NL-KVK-41160054-201317,77.7,Strategic Priority,89,equipment demand; active implementation; future budget cycle; reported budget; near-term funding window; procurement language,next budget period,Q3 2026,Yes,intelligence
opp_score_540daa3334a4,XI-IATI-EC_INTPA-2024-PC-37015,77.7,Strategic Priority,80,equipment demand; active implementation; future planned disbursement; near-term funding window; procurement language,next planned disbursement,Q4 2026,Yes,intelligence
opp_score_1e6e086a8f9a,XI-IATI-WBTF-TF072706,77.6,Strategic Priority,89,equipment demand; active implementation; future budget cycle; reported budget; 12-month funding window; procurement language,next budget period,Q1 2027,Yes,intelligence
opp_score_c561f8fae4f4,XM-DAC-928-UG-2026-27-13.003.AF01.UGA01,77.6,Strategic Priority,89,equipment demand; active implementation; future budget cycle; reported budget; near-term funding window; procurement language,next budget period,Q4 2026,Yes,intelligence
opp_score_f347a6130b89,NO-BRC-971277882-QZA-24/0180-49,77.5,Strategic Priority,89,equipment demand; active implementation; future budget cycle; reported budget; near-term funding window; procurement language,next budget period,Q4 2026,Yes,intelligence
opp_score_8280106288f9,DAC-1601-INV-070333,77.5,Strategic Priority,89,equipment demand; active implementation; future budget cycle; reported budget; near-term funding window; procurement language,next planned disbursement,Q4 2026,Yes,intelligence
opp_score_20dda1f7e18f,XM-DAC-928-TZ-2026-27-03.003.AF01.TZA01,77.5,Strategic Priority,89,equipment demand; active implementation; future budget cycle; reported budget; near-term funding window; procurement language,next budget period,Q4 2026,Yes,intelligence
opp_score_a8b30a72ef59,DAC-1601-INV-044194,77.4,Strategic Priority,89,equipment demand; active implementation; future budget cycle; reported budget; near-term funding window; procurement language,next planned disbursement,Q4 2026,Yes,intelligence
opp_score_59dcd9378deb,CA-3-P008434001,77.3,Strategic Priority,89,equipment demand; active implementation; future budget cycle; reported budget; 12-month funding window; procurement language,next budget period,Q2 2027,Yes,intelligence
opp_score_53b8c41c8323,XM-DAC-928-SO-2026-27-13.003.EM01.SOM01,77.3,Strategic Priority,89,equipment demand; active implementation; future budget cycle; reported budget; near-term funding window; procurement language,next budget period,Q4 2026,Yes,intelligence
opp_score_bbcf968085ba,XM-DAC-928-RW-2026-27-06.001.AF01.RWA01,77.3,Strategic Priority,89,equipment demand; active implementation; future budget cycle; reported budget; near-term funding window; procurement language,next budget period,Q4 2026,Yes,intelligence
opp_score_8772fd5a1409,CA-3-P012234001,77.3,Strategic Priority,80,equipment demand; active implementation; future planned disbursement; reported budget; 12-month funding window,next planned disbursement,Q1 2027,No,intelligence
opp_score_ef55608ca608,XM-DAC-928-RW-2026-27-03.003.AF01.RWA01,77.2,Strategic Priority,89,equipment demand; active implementation; future budget cycle; reported budget; near-term funding window; procurement language,next budget period,Q4 2026,Yes,intelligence
opp_score_8c2e47753e65,XM-DAC-928-CD-2026-27-10.001.AF01.COD01,77.1,Strategic Priority,89,equipment demand; active implementation; future budget cycle; reported budget; near-term funding window; procurement language,next budget period,Q4 2026,Yes,intelligence
opp_score_b675f7db7895,GB-GOV-1-400034-405,77.1,Strategic Priority,89,equipment demand; active implementation; future budget cycle; reported budget; near-term funding window; procurement language,next budget period,Q4 2026,Yes,intelligence
opp_score_b63a95304bea,FR-3-CRW107102,77.0,Strategic Priority,89,equipment demand; active implementation; future budget cycle; reported budget; near-term funding window; procurement language,next budget period,Q3 2026,Yes,intelligence
opp_score_53f2ad06ec32,XM-DAC-928-KE-2026-27-10.001.AF01.KEN01,77.0,Strategic Priority,89,equipment demand; active implementation; future budget cycle; reported budget; near-term funding window; procurement language,next budget period,Q4 2026,Yes,intelligence
opp_score_5a2926464159,FR-3-CZZ395201,76.9,Strategic Priority,89,equipment demand; active implementation; future budget cycle; reported budget; near-term funding window; procurement language,next budget period,Q3 2026,Yes,intelligence
opp_score_8962966380b0,FR-3-CZZ3952,76.9,Strategic Priority,89,equipment demand; active implementation; future budget cycle; reported budget; near-term funding window; procurement language,next budget period,Q3 2026,Yes,intelligence
opp_score_ba54844272d0,XM-DAC-928-CD-2026-27-10.001.AF01.ORD01,76.7,Strategic Priority,89,equipment demand; active implementation; future budget cycle; reported budget; near-term funding window; procurement language,next budget period,Q4 2026,Yes,intelligence
opp_score_80f3ddff3f76,NO-BRC-971277882-QZA-24/0180-80,76.6,Strategic Priority,89,equipment demand; active implementation; future budget cycle; reported budget; near-term funding window; procurement language,next budget period,Q4 2026,Yes,intelligence
opp_score_4c46edb25eb5,XM-DAC-928-TZ-2026-27-08.001.AF01.TZA05,76.5,Strategic Priority,89,equipment demand; active implementation; future budget cycle; reported budget; near-term funding window; procurement language,next budget period,Q4 2026,Yes,intelligence
opp_score_5842cc5cc25b,NL-KVK-83517626-IA25KE01,76.5,Strategic Priority,89,equipment demand; active implementation; future budget cycle; reported budget; near-term funding window; procurement language,next budget period,Q1 2027,Yes,intelligence
opp_score_9b01fe79fcec,XM-DAC-928-KE-2026-27-06.001.AF01.KEN01,76.4,Strategic Priority,89,equipment demand; active implementation; future budget cycle; reported budget; near-term funding window; procurement language,next budget period,Q4 2026,Yes,intelligence
opp_score_3905451a2001,FI-3-2025-2025250573,76.4,Strategic Priority,89,equipment demand; active implementation; future budget cycle; reported budget; near-term funding window; procurement language,next budget period,Q1 2027,Yes,intelligence
opp_score_c6b8e933ee40,XM-DAC-928-TZ-2026-27-13.003.AF01.TZA01,76.3,Strategic Priority,89,equipment demand; active implementation; future budget cycle; reported budget; near-term funding window; procurement language,next budget period,Q4 2026,Yes,intelligence
opp_score_b97850beae49,XM-DAC-6-4-013244-01-5,76.3,Strategic Priority,89,equipment demand; active implementation; future budget cycle; reported budget; near-term funding window; procurement language,next budget period,Q1 2027,Yes,intelligence
opp_score_fcd30b969e45,XM-DAC-301-2-109807-001,76.2,Strategic Priority,80,equipment demand; active implementation; future planned disbursement; reported budget; 12-month funding window,next planned disbursement,Q1 2027,No,intelligence
opp_score_a734e39ccbf2,XM-DAC-928-SS-2026-27-03.003.AF01.SSD01,76.1,Strategic Priority,89,equipment demand; active implementation; future budget cycle; reported budget; near-term funding window; procurement language,next budget period,Q4 2026,Yes,intelligence
opp_score_a641be00f970,FI-3-2024-2024240727,76.0,Strategic Priority,89,equipment demand; active implementation; future budget cycle; reported budget; near-term funding window; procurement language,next budget period,Q4 2026,Yes,intelligence
opp_score_235a4dd2792f,XI-IATI-WBTF-TF073249,76.0,Strategic Priority,89,equipment demand; active implementation; future budget cycle; reported budget; long-range funding window; procurement language,next budget period,Q2 2028,Yes,intelligence
opp_score_403f1d6279c4,CA-3-P013214001,76.0,Strategic Priority,89,equipment demand; active implementation; future budget cycle; reported budget; 12-month funding window; procurement language,next budget period,Q1 2027,Yes,intelligence
opp_score_3ab8b5b360bb,NO-BRC-971277882-QZA-24/0180-19,75.9,Strategic Priority,89,equipment demand; active implementation; future budget cycle; reported budget; near-term funding window; procurement language,next budget period,Q4 2026,Yes,intelligence
opp_score_d9cb1aee23b0,GB-EDU-133903-104325EC,75.8,Strategic Priority,89,equipment demand; active implementation; future budget cycle; reported budget; 12-month funding window; procurement language,next budget period,Q1 2027,Yes,intelligence
opp_score_a735e89fb4ca,XM-DAC-928-SO-2026-27-03.003.EM01.SOM01,75.8,Strategic Priority,89,equipment demand; active implementation; future budget cycle; reported budget; near-term funding window; procurement language,next budget period,Q4 2026,Yes,intelligence
opp_score_527d148d0f49,XM-DAC-928-ET-2026-27-06.001.AF01.ETH01,75.8,Strategic Priority,89,equipment demand; active implementation; future budget cycle; reported budget; near-term funding window; procurement language,next budget period,Q4 2026,Yes,intelligence
opp_score_d0403da9dce6,DAC-1601-INV-085947,75.7,Strategic Priority,89,equipment demand; active implementation; future budget cycle; reported budget; near-term funding window; procurement language,next planned disbursement,Q4 2026,Yes,intelligence
opp_score_05dea5214091,FI-3-2024-2024240182,75.5,Strategic Priority,89,equipment demand; active implementation; future budget cycle; reported budget; near-term funding window; procurement language,next budget period,Q4 2026,Yes,intelligence
opp_score_9b9876c1e8d5,XM-DAC-928-TZ-2026-27-07.002.AF01.TZA02,75.5,Strategic Priority,89,equipment demand; active implementation; future budget cycle; reported budget; near-term funding window; procurement language,next budget period,Q4 2026,Yes,intelligence
opp_score_1ac08ffd7c4c,XM-DAC-928-ET-2026-27-03.003.AF01.ETH01,75.5,Strategic Priority,89,equipment demand; active implementation; future budget cycle; reported budget; near-term funding window; procurement language,next budget period,Q4 2026,Yes,intelligence
opp_score_31bc923002d0,41AAA-23907-001,75.4,Strategic Priority,89,equipment demand; active implementation; future budget cycle; reported budget; 12-month funding window; procurement language,next budget period,Q1 2027,Yes,intelligence
opp_score_d6f847dc6e56,XM-DAC-928-RW-2026-27-08.001.AF01.RWA05,75.4,Strategic Priority,89,equipment demand; active implementation; future budget cycle; reported budget; near-term funding window; procurement language,next budget period,Q4 2026,Yes,intelligence
opp_score_c120f55613c8,GB-GOV-10-RIGHT_5_204850,75.3,Strategic Priority,89,equipment demand; active implementation; future budget cycle; reported budget; 12-month funding window; procurement language,next budget period,Q2 2027,Yes,intelligence
opp_score_4b57808a4c78,XM-DAC-301-2-110075-001,75.3,Strategic Priority,80,equipment demand; active implementation; future planned disbursement; reported budget; 12-month funding window,next planned disbursement,Q2 2027,No,intelligence
opp_score_ad3cc1ee4c51,FI-3-2025-2025250332,75.2,Strategic Priority,89,equipment demand; active implementation; future budget cycle; reported budget; near-term funding window; procurement language,next budget period,Q4 2026,Yes,intelligence
opp_score_27b6086ea16d,XM-DAC-928-KE-2026-27-03.003.AF01.KEN01,75.2,Strategic Priority,89,equipment demand; active implementation; future budget cycle; reported budget; near-term funding window; procurement language,next budget period,Q4 2026,Yes,intelligence
opp_score_c9261aa5cf9f,XM-DAC-301-2-110629-001,75.2,Strategic Priority,80,equipment demand; active implementation; future planned disbursement; reported budget; 12-month funding window,next planned disbursement,Q2 2027,No,intelligence
opp_score_6533b675e717,GB-GOV-10-RIGHT_4_203062,75.1,Strategic Priority,89,equipment demand; active implementation; future budget cycle; reported budget; 12-month funding window; procurement language,next budget period,Q2 2027,Yes,intelligence
opp_score_76a8315c17db,XM-DAC-928-UG-2026-27-06.001.AF01.UGA01,75.1,Strategic Priority,89,equipment demand; active implementation; future budget cycle; reported budget; near-term funding window; procurement language,next budget period,Q4 2026,Yes,intelligence
opp_score_87345263059f,GB-COH-RC000660-NIHR156365,75.0,Strategic Priority,89,equipment demand; active implementation; future budget cycle; reported budget; 12-month funding window; procurement language,next budget period,Q3 2027,Yes,intelligence
opp_score_ea6bff42274a,FI-3-2024-2024240173,75.0,Strategic Priority,89,equipment demand; active implementation; future budget cycle; reported budget; near-term funding window; procurement language,next budget period,Q4 2026,Yes,intelligence
opp_score_d382d27e7caf,GB-GOV-10-HPSR_RL_150178,74.9,Qualified Lead,89,equipment demand; active implementation; future budget cycle; reported budget; 12-month funding window; procurement language,next budget period,Q2 2027,Yes,intelligence
opp_score_0d6d12a14d66,GB-UKPRN-10007794-NIHR304295,74.9,Qualified Lead,89,equipment demand; active implementation; future budget cycle; reported budget; 12-month funding window; procurement language,next budget period,Q2 2027,Yes,intelligence
opp_score_ea10f75d9369,GB-EDU-133903-10001892,74.9,Qualified Lead,89,equipment demand; active implementation; future budget cycle; reported budget; 12-month funding window; procurement language,next budget period,Q1 2027,Yes,intelligence
opp_score_4d3e8d649287,GB-GOV-1-400034-404,74.7,Qualified Lead,89,equipment demand; active implementation; future budget cycle; reported budget; near-term funding window; procurement language,next budget period,Q1 2027,Yes,intelligence
opp_score_37ad5a703b92,DE-1-202306009-7713,74.7,Qualified Lead,89,equipment demand; active implementation; future budget cycle; reported budget; near-term funding window; procurement language,next budget period,Q4 2026,Yes,intelligence
opp_score_fd0dc86d3620,FI-3-2025-2025250311,74.7,Qualified Lead,89,equipment demand; active implementation; future budget cycle; reported budget; near-term funding window; procurement language,next budget period,Q4 2026,Yes,intelligence
opp_score_e931905ef17d,NL-KVK-27378529-PKB25ET01,74.6,Qualified Lead,89,equipment demand; active implementation; future budget cycle; reported budget; near-term funding window; procurement language,next budget period,Q4 2026,Yes,intelligence
opp_score_ea577e780029,NL-KVK-41160054-201302,74.5,Qualified Lead,89,equipment demand; active implementation; future budget cycle; reported budget; near-term funding window; procurement language,next budget period,Q3 2026,Yes,intelligence
opp_score_aa6d91ede755,XM-DAC-928-KE-2026-27-13.003.AF01.KEN01,74.4,Qualified Lead,89,equipment demand; active implementation; future budget cycle; reported budget; near-term funding window; procurement language,next budget period,Q4 2026,Yes,intelligence
opp_score_d6d93e9a4105,XM-DAC-928-CD-2026-27-03.003.AF01.COD01,74.4,Qualified Lead,89,equipment demand; active implementation; future budget cycle; reported budget; near-term funding window; procurement language,next budget period,Q4 2026,Yes,intelligence
opp_score_d97d3af430b4,GB-GOV-10-RP_04_301621,74.3,Qualified Lead,89,equipment demand; active implementation; future budget cycle; reported budget; 12-month funding window; procurement language,next budget period,Q2 2027,Yes,intelligence
opp_score_d6ed8946f5f5,GB-COH-RC000655-AUTOMATE-502851,74.1,Qualified Lead,89,equipment demand; active implementation; future budget cycle; reported budget; 12-month funding window; procurement language,next budget period,Q2 2027,Yes,intelligence
opp_score_0f94a475be51,GB-GOV-10-HPSR_Project_1_157653,74.1,Qualified Lead,89,equipment demand; active implementation; future budget cycle; reported budget; 12-month funding window; procurement language,next budget period,Q2 2027,Yes,intelligence
opp_score_7a0853386d0f,GB-GOV-10-HPSR_Project_2_168786,74.0,Qualified Lead,89,equipment demand; active implementation; future budget cycle; reported budget; 12-month funding window; procurement language,next budget period,Q2 2027,Yes,intelligence
opp_score_0329a8b8cc9f,KR-GOV-010-KR-GOV-051-2026030702412,74.0,Qualified Lead,80,equipment demand; active implementation; future budget cycle; reported budget; near-term funding window,next planned disbursement,Q4 2026,No,intelligence
opp_score_faf38b23bd65,KR-GOV-010-KR-GOV-051-2026030702425,74.0,Qualified Lead,80,equipment demand; active implementation; future budget cycle; reported budget; near-term funding window,next planned disbursement,Q4 2026,No,intelligence
opp_score_7976e43e4ae9,KR-GOV-010-KR-GOV-051-2026030702394,74.0,Qualified Lead,80,equipment demand; active implementation; future budget cycle; reported budget; near-term funding window,next planned disbursement,Q4 2026,No,intelligence
opp_score_128ed9f2e358,47045-UGA-H-MoFPED-4,74.0,Qualified Lead,80,equipment demand; active implementation; future budget cycle; reported budget; near-term funding window,next budget period,Q4 2026,No,intelligence
opp_score_cf902ef1d3ac,KR-GOV-010-KR-GOV-051-2024070100563,74.0,Qualified Lead,80,equipment demand; active implementation; future budget cycle; reported budget; near-term funding window,next planned disbursement,Q4 2026,No,intelligence
opp_score_610362a1a734,47045-COD-M-SANRU-5,73.9,Qualified Lead,80,equipment demand; active implementation; future budget cycle; reported budget; near-term funding window,next budget period,Q4 2026,No,intelligence
opp_score_33079ef175af,47045-ETH-H-FMOH-1,73.9,Qualified Lead,80,equipment demand; active implementation; future budget cycle; reported budget; near-term funding window,next budget period,Q4 2026,No,intelligence
opp_score_4e410829a9ff,47045-COD-C-UNDP-1,73.8,Qualified Lead,80,equipment demand; active implementation; future budget cycle; reported budget; near-term funding window,next budget period,Q4 2026,No,intelligence
opp_score_f0b6497fdf72,NL-KVK-27378529-CIC24KES10,73.6,Qualified Lead,89,equipment demand; active implementation; future budget cycle; reported budget; 12-month funding window; procurement language,next budget period,Q1 2027,Yes,intelligence
opp_score_ae833cfe27b8,KR-GOV-010-KR-GOV-051-2026030102580,73.6,Qualified Lead,80,equipment demand; active implementation; future budget cycle; reported budget; near-term funding window,next planned disbursement,Q4 2026,No,intelligence
opp_score_720d897d9ce7,KR-GOV-010-KR-GOV-051-2026030102590,73.6,Qualified Lead,80,equipment demand; active implementation; future budget cycle; reported budget; near-term funding window,next planned disbursement,Q4 2026,No,intelligence
opp_score_1623e31a31c6,KR-GOV-010-KR-GOV-051-2026030102579,73.6,Qualified Lead,80,equipment demand; active implementation; future budget cycle; reported budget; near-term funding window,next planned disbursement,Q4 2026,No,intelligence
opp_score_34c56e5bf487,KR-GOV-010-KR-GOV-051-2026030102596,73.6,Qualified Lead,80,equipment demand; active implementation; future budget cycle; reported budget; near-term funding window,next planned disbursement,Q4 2026,No,intelligence
opp_score_5efdd6f7d884,KR-GOV-010-KR-GOV-051-2026030102562,73.6,Qualified Lead,80,equipment demand; active implementation; future budget cycle; reported budget; near-term funding window,next planned disbursement,Q4 2026,No,intelligence
opp_score_bc2d49f67df7,KR-GOV-010-KR-GOV-051-2026030102589,73.6,Qualified Lead,80,equipment demand; active implementation; future budget cycle; reported budget; near-term funding window,next planned disbursement,Q4 2026,No,intelligence
opp_score_3adf37bc878b,47045-KEN-H-TNT-6,73.6,Qualified Lead,80,equipment demand; active implementation; future budget cycle; reported budget; near-term funding window,next budget period,Q4 2026,No,intelligence
opp_score_0ef484094aaf,KR-GOV-010-KR-GOV-051-2024040103055,73.3,Qualified Lead,80,equipment demand; active implementation; future budget cycle; reported budget; near-term funding window,next planned disbursement,Q4 2026,No,intelligence
opp_score_3493ab37dd76,KR-GOV-010-KR-GOV-051-2024040103063,73.3,Qualified Lead,80,equipment demand; active implementation; future budget cycle; reported budget; near-term funding window,next planned disbursement,Q4 2026,No,intelligence
opp_score_da3cfc5eaeaa,NL-KVK-27378529-4000002092,73.3,Qualified Lead,80,equipment demand; active implementation; future budget cycle; reported budget; near-term funding window,next budget period,Q4 2026,No,intelligence
opp_score_e3a29d5077eb,47045-ETH-M-FMOH-4,73.2,Qualified Lead,80,equipment demand; active implementation; future budget cycle; reported budget; near-term funding window,next budget period,Q4 2026,Yes,intelligence
opp_score_072f3447c9bd,XM-DAC-41301-744824,73.1,Qualified Lead,89,equipment demand; active implementation; future budget cycle; reported budget; long-range funding window; procurement language,next budget period,Q1 2028,Yes,intelligence
opp_score_630b010d2ca9,41AAA-24112-001,73.0,Qualified Lead,89,equipment demand; active implementation; future budget cycle; reported budget; long-range funding window; procurement language,next budget period,Q4 2027,Yes,intelligence
opp_score_85e515b31021,NL-KVK-27378529-28385,73.0,Qualified Lead,80,equipment demand; active implementation; future budget cycle; reported budget; near-term funding window,next budget period,Q4 2026,No,intelligence
opp_score_7f542e63b720,XM-DAC-301-2-109919-001,73.0,Qualified Lead,80,equipment demand; active implementation; future planned disbursement; reported budget; 12-month funding window,next planned disbursement,Q1 2027,Yes,intelligence
opp_score_548dea1aa4b5,NL-KVK-27378529-4000002602,72.9,Qualified Lead,80,equipment demand; active implementation; future budget cycle; reported budget; near-term funding window,next budget period,Q4 2026,No,intelligence
opp_score_cc9b2c1a67ce,47045-ETH-T-FMOH-6,72.7,Qualified Lead,80,equipment demand; active implementation; future budget cycle; reported budget; near-term funding window,next budget period,Q4 2026,No,intelligence
opp_score_cab1fab70235,47045-KEN-T-TNT-6,72.7,Qualified Lead,80,equipment demand; active implementation; future budget cycle; reported budget; near-term funding window,next budget period,Q4 2026,No,intelligence
opp_score_de68769b568e,47045-UGA-C-TASO-4,72.6,Qualified Lead,80,equipment demand; active implementation; future budget cycle; reported budget; near-term funding window,next budget period,Q4 2026,No,intelligence
opp_score_0daa3c1f6c97,XM-DAC-41301-744867,72.4,Qualified Lead,89,equipment demand; active implementation; future budget cycle; reported budget; long-range funding window; procurement language,next budget period,Q1 2028,Yes,intelligence
opp_score_67ff02698752,41AAA-24458-001,72.4,Qualified Lead,89,equipment demand; active implementation; future budget cycle; reported budget; long-range funding window; procurement language,next budget period,Q1 2028,Yes,intelligence
opp_score_ca1969d3e5b4,47045-SOM-M-UNICEF-4,72.4,Qualified Lead,80,equipment demand; active implementation; future budget cycle; reported budget; near-term funding window,next budget period,Q4 2026,No,intelligence
opp_score_513c44396cd5,47045-KEN-T-AMREF-6,72.4,Qualified Lead,80,equipment demand; active implementation; future budget cycle; reported budget; near-term funding window,next budget period,Q4 2026,No,intelligence
opp_score_fed1b94a84f1,47045-COD-M-MOH-4,72.3,Qualified Lead,80,equipment demand; active implementation; future budget cycle; reported budget; near-term funding window,next budget period,Q4 2026,No,intelligence
opp_score_5e6994f55cee,XI-IATI-WBTF-P168756,72.3,Qualified Lead,80,equipment demand; active implementation; future budget cycle; reported budget; near-term funding window,next budget period,Q1 2027,No,intelligence
opp_score_c6047a700eca,47045-COD-C-MOH-1,72.1,Qualified Lead,80,equipment demand; active implementation; future budget cycle; reported budget; near-term funding window,next budget period,Q4 2026,No,intelligence
opp_score_b1cc23b3c0ca,47045-KEN-M-TNT-4,72.0,Qualified Lead,80,equipment demand; active implementation; future budget cycle; reported budget; near-term funding window,next budget period,Q4 2026,No,intelligence
opp_score_fd345634201a,47045-SOM-T-WV-5,72.0,Qualified Lead,80,equipment demand; active implementation; future budget cycle; reported budget; near-term funding window,next budget period,Q4 2026,No,intelligence
opp_score_79c4bc32cc14,XM-DAC-41301-745126,71.9,Qualified Lead,80,equipment demand; active implementation; future budget cycle; reported budget; near-term funding window,next budget period,Q4 2026,No,intelligence
opp_score_784acd200bdb,XM-DAC-6-4-013416-01-0,71.6,Qualified Lead,80,equipment demand; active implementation; future budget cycle; reported budget; near-term funding window,next budget period,Q1 2027,No,intelligence
opp_score_6f6aaaf48a60,DAC-1601-INV-044979,71.6,Qualified Lead,80,equipment demand; active implementation; future budget cycle; reported budget; near-term funding window,next planned disbursement,Q4 2026,No,intelligence
opp_score_6c380c091087,47045-SOM-H-UNICEF-4,71.6,Qualified Lead,80,equipment demand; active implementation; future budget cycle; reported budget; near-term funding window,next budget period,Q4 2026,No,intelligence
opp_score_3af14861da89,NL-KVK-83517626-ORIO12ET03,71.6,Qualified Lead,80,equipment demand; active implementation; future budget cycle; reported budget; near-term funding window,next budget period,Q1 2027,No,intelligence
opp_score_5b14a2b1aaed,XM-DAC-928-CD-2026-27-07.002.AF01.COD02,71.5,Qualified Lead,89,equipment demand; active implementation; future budget cycle; reported budget; near-term funding window; procurement language,next budget period,Q4 2026,Yes,intelligence
opp_score_5663606cbedd,XM-DAC-2-10-5228,71.5,Qualified Lead,80,equipment demand; active implementation; future budget cycle; reported budget; near-term funding window,next budget period,Q1 2027,No,intelligence
opp_score_8cbc0467c882,XM-DAC-2-10-5210,71.4,Qualified Lead,80,equipment demand; active implementation; future budget cycle; reported budget; near-term funding window,next budget period,Q1 2027,No,intelligence
opp_score_3cbc0273f71a,KR-GOV-010-KR-GOV-051-2025040102900,71.3,Qualified Lead,80,equipment demand; active implementation; future budget cycle; reported budget; near-term funding window,next planned disbursement,Q4 2026,No,intelligence
opp_score_c746bbb4a552,KR-GOV-010-KR-GOV-051-2025040102901,71.3,Qualified Lead,80,equipment demand; active implementation; future budget cycle; reported budget; near-term funding window,next planned disbursement,Q4 2026,No,intelligence
opp_score_6c188c9bdb7e,DE-CR-RA000220-VR3810-COD1202-24,71.3,Qualified Lead,80,equipment demand; active implementation; future budget cycle; reported budget; near-term funding window,next budget period,Q1 2027,No,intelligence
opp_score_3ca0ce11c4ff,47045-KEN-M-AMREF-4,71.3,Qualified Lead,80,equipment demand; active implementation; future budget cycle; reported budget; near-term funding window,next budget period,Q4 2026,No,intelligence
opp_score_983a2e18da0e,XM-DAC-41140-TZ02.02.021.NPA1,71.2,Qualified Lead,80,equipment demand; active implementation; future budget cycle; reported budget; near-term funding window,next budget period,Q4 2026,No,intelligence
opp_score_e8539ffaee9d,XM-DAC-928-CD-2026-27-04.002.AF01.COD02,71.1,Qualified Lead,80,equipment demand; active implementation; future budget cycle; reported budget; near-term funding window,next budget period,Q4 2026,No,intelligence
opp_score_45f910e25b95,DAC-1601-INV-050952,71.1,Qualified Lead,80,equipment demand; active implementation; future budget cycle; reported budget; near-term funding window,next planned disbursement,Q4 2026,No,intelligence
opp_score_55a2e23024b7,DAC-1601-INV-030857,71.0,Qualified Lead,80,equipment demand; active implementation; future budget cycle; reported budget; near-term funding window,next planned disbursement,Q4 2026,No,intelligence
opp_score_cfe32e416a39,DE-CR-RA000220-VR3810-SOM1065-22,70.9,Qualified Lead,80,equipment demand; active implementation; future budget cycle; reported budget; near-term funding window,next budget period,Q1 2027,No,intelligence
opp_score_0a2cd5be7627,GB-GOV-1-301474-415,70.9,Qualified Lead,80,equipment demand; active implementation; future budget cycle; reported budget; near-term funding window,next budget period,Q3 2026,No,intelligence
opp_score_ce50d0258682,DAC-1601-INV-037995,70.9,Qualified Lead,80,equipment demand; active implementation; future budget cycle; reported budget; near-term funding window,next planned disbursement,Q4 2026,No,intelligence
opp_score_19cfe8ac925e,DE-1-202300705-7269,70.8,Qualified Lead,80,equipment demand; active implementation; future budget cycle; reported budget; near-term funding window,next budget period,Q1 2027,No,intelligence
opp_score_994d1bb974ac,XM-DAC-928-SO-2026-27-04.002.EM01.SOM02,70.7,Qualified Lead,80,equipment demand; active implementation; future budget cycle; reported budget; near-term funding window,next budget period,Q4 2026,No,intelligence
opp_score_b5b9e2bb3314,DAC-1601-INV-042213,70.6,Qualified Lead,80,equipment demand; active implementation; future budget cycle; reported budget; near-term funding window,next planned disbursement,Q4 2026,Yes,intelligence
opp_score_57396309570b,XI-IATI-WBTF-P175167,70.6,Qualified Lead,80,equipment demand; active implementation; future budget cycle; reported budget; 12-month funding window,next budget period,Q1 2027,No,intelligence
opp_score_07791262a26c,DAC-1601-INV-042016,70.5,Qualified Lead,89,active implementation; future planned disbursement; future budget cycle; reported budget; near-term funding window; procurement language,next planned disbursement,Q4 2026,Yes,intelligence
opp_score_ac0f5a98eff1,DAC-1601-INV-033629,70.5,Qualified Lead,80,equipment demand; active implementation; future budget cycle; reported budget; near-term funding window,next planned disbursement,Q4 2026,No,intelligence
opp_score_bbadf30a4a6c,KR-GOV-010-KR-GOV-051-2025040102898,70.5,Qualified Lead,80,equipment demand; active implementation; future budget cycle; reported budget; near-term funding window,next planned disbursement,Q4 2026,No,intelligence
opp_score_fda6724989a1,41AAA-11295-054,70.4,Qualified Lead,80,equipment demand; active implementation; future budget cycle; reported budget; procurement language,next budget period,Q1 2029,Yes,intelligence
opp_score_d53dd23f87ae,DAC-1601-INV-044514,70.3,Qualified Lead,80,equipment demand; active implementation; future budget cycle; reported budget; near-term funding window,next planned disbursement,Q4 2026,Yes,intelligence
opp_score_32a7b0961b31,XM-DAC-928-TZ-2026-27-03.001.AF01.TZA01,70.3,Qualified Lead,80,equipment demand; active implementation; future budget cycle; reported budget; near-term funding window,next budget period,Q4 2026,No,intelligence
opp_score_29d0aec1b56c,XM-DAC-928-SO-2026-27-07.002.EM01.SOM02,70.2,Qualified Lead,89,equipment demand; active implementation; future budget cycle; reported budget; near-term funding window; procurement language,next budget period,Q4 2026,Yes,intelligence
opp_score_900928cc0f1a,DAC-1601-INV-062222,70.2,Qualified Lead,80,equipment demand; active implementation; future budget cycle; reported budget; near-term funding window,next planned disbursement,Q4 2026,No,intelligence
opp_score_8a018f6f97dd,NL-KVK-41022454-CSOM002-2,70.2,Qualified Lead,80,equipment demand; active implementation; future budget cycle; reported budget; near-term funding window,next budget period,Q4 2026,No,intelligence
opp_score_fd48771dbb36,DAC-1601-INV-082574,70.2,Qualified Lead,80,equipment demand; active implementation; future budget cycle; reported budget; near-term funding window,next planned disbursement,Q4 2026,No,intelligence
opp_score_677ee31025bc,XM-DAC-928-CD-2026-27-03.001.AF01.COD01,70.2,Qualified Lead,80,equipment demand; active implementation; future budget cycle; reported budget; near-term funding window,next budget period,Q4 2026,No,intelligence
opp_score_88d1821ce1c2,DAC-1601-INV-101607,70.2,Qualified Lead,80,equipment demand; active implementation; future budget cycle; reported budget; near-term funding window,next planned disbursement,Q4 2026,No,intelligence
opp_score_45d9844d1bb0,41AAA-23945-001,70.2,Qualified Lead,80,equipment demand; active implementation; future budget cycle; reported budget; near-term funding window,next budget period,Q4 2026,No,intelligence
opp_score_d73a2d9f24bb,DAC-1601-INV-091791,70.1,Qualified Lead,89,active implementation; future planned disbursement; future budget cycle; reported budget; near-term funding window; procurement language,next planned disbursement,Q4 2026,Yes,intelligence
opp_score_e610b7f1ee8f,DAC-1601-INV-060888,70.1,Qualified Lead,80,equipment demand; active implementation; future budget cycle; reported budget; near-term funding window,next planned disbursement,Q4 2026,No,intelligence
opp_score_f3b2198c41c1,DAC-1601-INV-052526,70.1,Qualified Lead,80,equipment demand; active implementation; future budget cycle; reported budget; near-term funding window,next planned disbursement,Q4 2026,No,intelligence
opp_score_c82a65187072,DE-CR-RA000220-VR3810-UGA1141-23,70.1,Qualified Lead,80,equipment demand; active implementation; future budget cycle; reported budget; near-term funding window,next budget period,Q1 2027,No,intelligence
opp_score_0274599b8684,XM-DAC-928-ET-2026-27-04.002.AF01.ETH02,70.1,Qualified Lead,80,equipment demand; active implementation; future budget cycle; reported budget; near-term funding window,next budget period,Q4 2026,No,intelligence
opp_score_8deac69b4687,KR-GOV-010-KR-GOV-051-2024040102601,70.1,Qualified Lead,80,equipment demand; active implementation; future budget cycle; reported budget; near-term funding window,next planned disbursement,Q4 2026,No,intelligence
opp_score_f5277a2777ac,KR-GOV-010-KR-GOV-051-2024040102602,70.1,Qualified Lead,80,equipment demand; active implementation; future budget cycle; reported budget; near-term funding window,next planned disbursement,Q4 2026,No,intelligence
opp_score_ecc74c6560e8,DAC-1601-INV-062470,70.0,Qualified Lead,80,equipment demand; active implementation; future budget cycle; reported budget; near-term funding window,next planned disbursement,Q4 2026,No,intelligence
opp_score_6bc29c6da263,GB-GOV-1-301196-101,70.0,Qualified Lead,80,equipment demand; active implementation; future budget cycle; reported budget; 12-month funding window,next budget period,Q2 2027,No,intelligence
opp_score_42e7f5ec3bf3,XI-IATI-WBTF-P164845,70.0,Qualified Lead,80,equipment demand; active implementation; future budget cycle; reported budget; 12-month funding window,next budget period,Q2 2027,No,intelligence
opp_score_a3c9289b3289,44000-P181385,70.0,Qualified Lead,80,equipment demand; active implementation; reported budget; near-term funding window; procurement language,next budget period,Q3 2026,Yes,intelligence
opp_score_4ac8e9ec72da,XI-IATI-EC_INTPA-2024-PC-40209,70.0,Qualified Lead,71,equipment demand; active implementation; future planned disbursement; near-term funding window,next planned disbursement,Q4 2026,No,intelligence
opp_score_2b74c06a019a,DAC-1601-INV-044006,69.9,Qualified Lead,80,equipment demand; active implementation; future budget cycle; reported budget; near-term funding window,next planned disbursement,Q4 2026,No,intelligence
opp_score_693cf45e5e9f,DAC-1601-INV-080142,69.9,Qualified Lead,80,equipment demand; active implementation; future budget cycle; reported budget; near-term funding window,next planned disbursement,Q4 2026,No,intelligence
opp_score_03f073aac9fc,XM-DAC-928-UG-2026-27-13.001.AF01.UGA01,69.9,Qualified Lead,80,equipment demand; active implementation; future budget cycle; reported budget; near-term funding window,next budget period,Q4 2026,No,intelligence
opp_score_c587b2e46b50,41AAA-92955,69.8,Qualified Lead,80,equipment demand; active implementation; future budget cycle; reported budget; procurement language,next budget period,Q4 2028,Yes,intelligence
opp_score_4b80341c6efd,DE-1-202218105,69.8,Qualified Lead,80,equipment demand; active implementation; future budget cycle; reported budget; near-term funding window,next budget period,Q4 2026,No,intelligence
opp_score_aabdd63ab32c,DAC-1601-INV-060921,69.8,Qualified Lead,80,equipment demand; active implementation; future budget cycle; reported budget; near-term funding window,next planned disbursement,Q4 2026,No,intelligence
opp_score_39dc5dea16c3,DAC-1601-INV-069960,69.8,Qualified Lead,80,equipment demand; active implementation; future budget cycle; reported budget; near-term funding window,next planned disbursement,Q4 2026,No,intelligence
opp_score_04ca40b64ff5,XM-DAC-928-UG-2026-27-03.001.AF01.UGA01,69.8,Qualified Lead,80,equipment demand; active implementation; future budget cycle; reported budget; near-term funding window,next budget period,Q4 2026,No,intelligence
opp_score_907361685d3e,DAC-1601-INV-030727,69.7,Qualified Lead,80,equipment demand; active implementation; future budget cycle; reported budget; near-term funding window,next planned disbursement,Q4 2026,No,intelligence
opp_score_e4dbe082ec11,DAC-1601-INV-084488,69.7,Qualified Lead,80,equipment demand; active implementation; future budget cycle; reported budget; near-term funding window,next planned disbursement,Q4 2026,No,intelligence
opp_score_33c6a0dc907e,XI-IATI-WBTF-P172031,69.7,Qualified Lead,80,equipment demand; active implementation; future budget cycle; reported budget; 12-month funding window,next budget period,Q2 2027,No,intelligence
opp_score_2cad6a37aef2,DAC-1601-INV-086719,69.7,Qualified Lead,80,equipment demand; active implementation; future budget cycle; reported budget; near-term funding window,next planned disbursement,Q4 2026,No,intelligence
opp_score_eb1cacf64b2b,XM-DAC-928-TZ-2026-27-04.001.AF01.TZA03,69.7,Qualified Lead,80,equipment demand; active implementation; future budget cycle; reported budget; near-term funding window,next budget period,Q4 2026,No,intelligence
opp_score_17cae9c271d8,XM-DAC-928-TZ-2026-27-02.002.AF01.TZA01,69.7,Qualified Lead,80,equipment demand; active implementation; future budget cycle; reported budget; near-term funding window,next budget period,Q4 2026,No,intelligence
opp_score_6568261fa850,DAC-1601-INV-052111,69.6,Qualified Lead,80,equipment demand; active implementation; future budget cycle; reported budget; near-term funding window,next planned disbursement,Q4 2026,No,intelligence
opp_score_3acb2333c8a4,XM-DAC-928-RW-2026-27-04.002.AF01.RWA01,69.6,Qualified Lead,80,equipment demand; active implementation; future budget cycle; reported budget; near-term funding window,next budget period,Q4 2026,No,intelligence
opp_score_c3502e333279,XM-DAC-928-SS-2026-27-04.002.AF01.SSD02,69.6,Qualified Lead,80,equipment demand; active implementation; future budget cycle; reported budget; near-term funding window,next budget period,Q4 2026,No,intelligence
opp_score_ab376f9ab580,XM-DAC-928-KE-2026-27-04.002.AF01.KEN02,69.6,Qualified Lead,80,equipment demand; active implementation; future budget cycle; reported budget; near-term funding window,next budget period,Q4 2026,No,intelligence
opp_score_eabde1bf19af,XM-DAC-928-ET-2026-27-13.001.AF01.ETH01,69.6,Qualified Lead,80,equipment demand; active implementation; future budget cycle; reported budget; near-term funding window,next budget period,Q4 2026,No,intelligence
opp_score_bcf968d967a6,XM-DAC-928-RW-2026-27-04.001.AF01.RWA03,69.6,Qualified Lead,80,equipment demand; active implementation; future budget cycle; reported budget; near-term funding window,next budget period,Q4 2026,No,intelligence
opp_score_d369188f044f,DE-CR-RA000220-VR3810-SOM1092-24,69.6,Qualified Lead,80,equipment demand; active implementation; future budget cycle; reported budget; near-term funding window,next budget period,Q1 2027,No,intelligence
opp_score_98d2ce5890c4,DAC-1601-INV-061764,69.5,Qualified Lead,80,equipment demand; active implementation; future budget cycle; reported budget; near-term funding window,next planned disbursement,Q4 2026,No,intelligence
opp_score_f3b55259b10c,DAC-1601-INV-068864,69.5,Qualified Lead,80,equipment demand; active implementation; future budget cycle; reported budget; near-term funding window,next planned disbursement,Q4 2026,No,intelligence
opp_score_13c740e48e0d,DE-CR-RA000220-VR3810-ETH1248-24,69.5,Qualified Lead,80,equipment demand; active implementation; future budget cycle; reported budget; near-term funding window,next budget period,Q1 2027,No,intelligence
opp_score_7a1a399b0488,XM-DAC-928-KE-2026-27-03.002.AF01.KEN01,69.5,Qualified Lead,80,equipment demand; active implementation; future budget cycle; reported budget; near-term funding window,next budget period,Q4 2026,No,intelligence
opp_score_d0c1d6eba1c6,DE-CR-RA000220-VR3810-KEN1264-23,69.5,Qualified Lead,80,equipment demand; active implementation; future budget cycle; reported budget; near-term funding window,next budget period,Q1 2027,No,intelligence
opp_score_9ad8339e2bb9,XM-DAC-928-CD-2026-27-04.001.AF01.COD03,69.5,Qualified Lead,80,equipment demand; active implementation; future budget cycle; reported budget; near-term funding window,next budget period,Q4 2026,No,intelligence
opp_score_f7989909ce35,XM-DAC-928-ET-2026-27-05.001.AF01.ETH01,69.5,Qualified Lead,80,equipment demand; active implementation; future budget cycle; reported budget; near-term funding window,next budget period,Q4 2026,No,intelligence
opp_score_d0191bc1674d,DAC-1601-INV-059081,69.4,Qualified Lead,80,equipment demand; active implementation; future budget cycle; reported budget; near-term funding window,next planned disbursement,Q4 2026,No,intelligence
opp_score_54e632bf5279,DAC-1601-INV-052649,69.4,Qualified Lead,80,equipment demand; active implementation; future budget cycle; reported budget; near-term funding window,next planned disbursement,Q4 2026,No,intelligence
opp_score_3baa77060af0,DAC-1601-INV-064995,69.4,Qualified Lead,80,equipment demand; active implementation; future budget cycle; reported budget; near-term funding window,next planned disbursement,Q4 2026,No,intelligence
opp_score_df8406823221,XM-DAC-928-ET-2026-27-04.002.AF01.ETH01,69.4,Qualified Lead,80,equipment demand; active implementation; future budget cycle; reported budget; near-term funding window,next budget period,Q4 2026,No,intelligence
opp_score_51f5af366f59,XM-DAC-928-UG-2026-27-05.001.AF01.UGA01,69.4,Qualified Lead,80,equipment demand; active implementation; future budget cycle; reported budget; near-term funding window,next budget period,Q4 2026,No,intelligence
opp_score_03e205803312,XM-DAC-928-ET-2026-27-03.001.AF01.ETH01,69.4,Qualified Lead,80,equipment demand; active implementation; future budget cycle; reported budget; near-term funding window,next budget period,Q4 2026,No,intelligence
opp_score_c92ec98ada84,DAC-1601-INV-028246,69.3,Qualified Lead,89,active implementation; future planned disbursement; future budget cycle; reported budget; near-term funding window; procurement language,next planned disbursement,Q4 2026,Yes,intelligence
opp_score_725b015ba32c,DAC-1601-INV-079622,69.3,Qualified Lead,80,equipment demand; active implementation; future budget cycle; reported budget; near-term funding window,next planned disbursement,Q4 2026,Yes,intelligence
opp_score_aed31164f89a,DAC-1601-INV-050353,69.3,Qualified Lead,80,equipment demand; active implementation; future budget cycle; reported budget; near-term funding window,next planned disbursement,Q4 2026,No,intelligence
opp_score_332f02bbcadd,DAC-1601-INV-056612,69.3,Qualified Lead,80,equipment demand; active implementation; future budget cycle; reported budget; near-term funding window,next planned disbursement,Q4 2026,No,intelligence
opp_score_b82ff5ecc71f,FR-RCS-53119997400027-SIDA2026RRM,69.3,Qualified Lead,80,equipment demand; active implementation; future budget cycle; reported budget; 12-month funding window,next budget period,Q1 2027,No,intelligence
opp_score_fd9ea5f141df,DE-1-202306009-7403,69.3,Qualified Lead,80,equipment demand; active implementation; future budget cycle; reported budget; near-term funding window,next budget period,Q1 2027,No,intelligence
opp_score_111148f7b781,DAC-1601-INV-077454,69.3,Qualified Lead,80,equipment demand; active implementation; future budget cycle; reported budget; near-term funding window,next planned disbursement,Q4 2026,No,intelligence
opp_score_30b6af96d687,XM-DAC-928-UG-2026-27-04.002.AF01.UGA02,69.3,Qualified Lead,80,equipment demand; active implementation; future budget cycle; reported budget; near-term funding window,next budget period,Q4 2026,No,intelligence
opp_score_265839da30a3,XM-DAC-928-SO-2026-27-04.001.EM01.SOM03,69.3,Qualified Lead,80,equipment demand; active implementation; future budget cycle; reported budget; near-term funding window,next budget period,Q4 2026,No,intelligence
opp_score_265e7efd56ab,XM-DAC-928-SS-2026-27-03.002.AF01.SSD03,69.3,Qualified Lead,80,equipment demand; active implementation; future budget cycle; reported budget; near-term funding window,next budget period,Q4 2026,No,intelligence
opp_score_a92f0e90e7f9,XM-DAC-928-UG-2026-27-04.001.AF01.UGA03,69.3,Qualified Lead,80,equipment demand; active implementation; future budget cycle; reported budget; near-term funding window,next budget period,Q4 2026,No,intelligence
opp_score_79e394becdbd,DAC-1601-INV-050252,69.2,Qualified Lead,80,equipment demand; active implementation; future budget cycle; reported budget; near-term funding window,next planned disbursement,Q4 2026,No,intelligence
opp_score_c57bb8715ba3,DAC-1601-INV-075108,69.2,Qualified Lead,80,equipment demand; active implementation; future budget cycle; reported budget; near-term funding window,next planned disbursement,Q4 2026,No,intelligence
opp_score_7e488ecdb21d,US-EIN-27-1414646-FCDOGFA2,69.2,Qualified Lead,80,equipment demand; active implementation; future budget cycle; reported budget; 12-month funding window,next budget period,Q1 2027,No,intelligence
opp_score_fb7a4694a161,DE-CR-RA000220-VR3810-KEN1234-22,69.2,Qualified Lead,80,equipment demand; active implementation; future budget cycle; reported budget; near-term funding window,next budget period,Q4 2026,No,intelligence
opp_score_ca47f092794b,DAC-1601-INV-070936,69.2,Qualified Lead,80,equipment demand; active implementation; future budget cycle; reported budget; near-term funding window,next planned disbursement,Q4 2026,No,intelligence
opp_score_6d494047ba93,DE-CR-RA000220-VR3810-UGA1142-23,69.2,Qualified Lead,80,equipment demand; active implementation; future budget cycle; reported budget; near-term funding window,next budget period,Q1 2027,No,intelligence
opp_score_a8328f6cabfe,DE-1-202306801-7488,69.2,Qualified Lead,80,equipment demand; active implementation; future budget cycle; reported budget; near-term funding window,next budget period,Q1 2027,No,intelligence
opp_score_da1e649cd00c,XM-DAC-928-SS-2026-27-02.002.AF01.SSD01,69.2,Qualified Lead,80,equipment demand; active implementation; future budget cycle; reported budget; near-term funding window,next budget period,Q4 2026,No,intelligence
opp_score_c727c6eb9509,XM-DAC-6-4-013244-10-2,69.2,Qualified Lead,80,equipment demand; active implementation; future budget cycle; reported budget; near-term funding window,next budget period,Q1 2027,No,intelligence
opp_score_f5fefe3e2742,41AAA-11295-014,69.1,Qualified Lead,80,equipment demand; active implementation; future budget cycle; reported budget; procurement language,next budget period,Q4 2028,Yes,intelligence
opp_score_add3f549074d,DAC-1601-INV-044161,69.1,Qualified Lead,80,equipment demand; active implementation; future budget cycle; reported budget; near-term funding window,next planned disbursement,Q4 2026,No,intelligence
opp_score_4b29cd09799c,DAC-1601-INV-060372,69.1,Qualified Lead,80,equipment demand; active implementation; future budget cycle; reported budget; near-term funding window,next planned disbursement,Q4 2026,No,intelligence
opp_score_4487312c3415,DAC-1601-INV-072318,69.1,Qualified Lead,80,equipment demand; active implementation; future budget cycle; reported budget; near-term funding window,next planned disbursement,Q4 2026,Yes,intelligence
opp_score_595456e49d49,DE-CR-RA000220-VR3810-UGA1158-24,69.1,Qualified Lead,80,equipment demand; active implementation; future budget cycle; reported budget; near-term funding window,next budget period,Q1 2027,No,intelligence
opp_score_636b9072f29f,XM-DAC-928-KE-2026-27-04.002.AF01.KEN01,69.1,Qualified Lead,80,equipment demand; active implementation; future budget cycle; reported budget; near-term funding window,next budget period,Q4 2026,No,intelligence
opp_score_e3193ec97ec0,XM-DAC-928-SS-2026-27-03.001.AF01.SSD01,69.1,Qualified Lead,80,equipment demand; active implementation; future budget cycle; reported budget; near-term funding window,next budget period,Q4 2026,No,intelligence
opp_score_5882405bd235,XM-DAC-928-SO-2026-27-03.002.EM01.SOM03,69.1,Qualified Lead,80,equipment demand; active implementation; future budget cycle; reported budget; near-term funding window,next budget period,Q4 2026,No,intelligence
opp_score_34ef7c0f811d,DAC-1601-INV-049213,69.0,Qualified Lead,80,equipment demand; active implementation; future budget cycle; reported budget; near-term funding window,next planned disbursement,Q4 2026,No,intelligence
opp_score_5b8ba772bb24,DE-1-202349496-7485,69.0,Qualified Lead,80,equipment demand; active implementation; future budget cycle; reported budget; near-term funding window,next budget period,Q1 2027,No,intelligence
opp_score_e5d251178951,DAC-1601-INV-056437,69.0,Qualified Lead,80,equipment demand; active implementation; future budget cycle; reported budget; near-term funding window,next planned disbursement,Q4 2026,No,intelligence
opp_score_98304bca0435,GB-COH-2394229-TDDAP2,69.0,Qualified Lead,80,equipment demand; active implementation; future budget cycle; reported budget; 12-month funding window,next budget period,Q2 2027,No,intelligence
opp_score_e7de9f25d070,XM-DAC-928-RW-2026-27-03.001.AF01.RWA01,69.0,Qualified Lead,80,equipment demand; active implementation; future budget cycle; reported budget; near-term funding window,next budget period,Q4 2026,No,intelligence
opp_score_c6ba1e717468,XM-DAC-928-RW-2026-27-03.002.AF01.RWA01,69.0,Qualified Lead,80,equipment demand; active implementation; future budget cycle; reported budget; near-term funding window,next budget period,Q4 2026,No,intelligence
opp_score_df5cefcc1c9c,XM-DAC-928-TZ-2026-27-05.001.AF01.TZA01,69.0,Qualified Lead,80,equipment demand; active implementation; future budget cycle; reported budget; near-term funding window,next budget period,Q4 2026,No,intelligence
opp_score_96ef85bf37a9,XM-DAC-928-ET-2026-27-02.002.AF01.ETH02,69.0,Qualified Lead,80,equipment demand; active implementation; future budget cycle; reported budget; near-term funding window,next budget period,Q4 2026,No,intelligence
opp_score_53e33bfcb9a6,XM-DAC-928-ET-2026-27-02.001.AF01.ETH01,69.0,Qualified Lead,80,equipment demand; active implementation; future budget cycle; reported budget; near-term funding window,next budget period,Q4 2026,No,intelligence
opp_score_d036cf1bbb63,DAC-1601-INV-098285,68.9,Qualified Lead,80,equipment demand; active implementation; future budget cycle; reported budget; near-term funding window,next planned disbursement,Q4 2026,No,intelligence
opp_score_0626dd287539,DAC-1601-INV-045969,68.9,Qualified Lead,80,equipment demand; active implementation; future budget cycle; reported budget; near-term funding window,next planned disbursement,Q4 2026,No,intelligence
opp_score_aa31e6ef095e,DAC-1601-INV-067853,68.9,Qualified Lead,80,equipment demand; active implementation; future budget cycle; reported budget; near-term funding window,next planned disbursement,Q4 2026,No,intelligence
opp_score_d41742f9f902,DAC-1601-INV-076805,68.9,Qualified Lead,80,equipment demand; active implementation; future budget cycle; reported budget; near-term funding window,next planned disbursement,Q4 2026,No,intelligence
opp_score_1ca52332c615,FR-RCS-53119997400027-SIDA2026DRC,68.9,Qualified Lead,80,equipment demand; active implementation; future budget cycle; reported budget; 12-month funding window,next budget period,Q1 2027,No,intelligence
opp_score_199d0e86e612,DAC-1601-INV-071126,68.9,Qualified Lead,80,equipment demand; active implementation; future budget cycle; reported budget; near-term funding window,next planned disbursement,Q4 2026,No,intelligence
opp_score_fe2c7dcd7f2e,XM-DAC-928-SS-2026-27-13.001.AF01.SSD01,68.9,Qualified Lead,80,equipment demand; active implementation; future budget cycle; reported budget; near-term funding window,next budget period,Q4 2026,No,intelligence
opp_score_04f8b9b716bb,XM-DAC-928-UG-2026-27-02.002.AF01.UGA01,68.9,Qualified Lead,80,equipment demand; active implementation; future budget cycle; reported budget; near-term funding window,next budget period,Q4 2026,No,intelligence
opp_score_476766795af4,XM-DAC-928-SS-2026-27-03.001.AF01.SSD02,68.9,Qualified Lead,80,equipment demand; active implementation; future budget cycle; reported budget; near-term funding window,next budget period,Q4 2026,No,intelligence
opp_score_a9b38d50aa25,XM-DAC-928-SS-2026-27-04.001.AF01.SSD04,68.8,Qualified Lead,80,equipment demand; active implementation; future budget cycle; reported budget; near-term funding window,next budget period,Q4 2026,No,intelligence
opp_score_c33c8e9739a9,XM-DAC-928-ET-2026-27-04.001.AF01.ETH03,68.8,Qualified Lead,80,equipment demand; active implementation; future budget cycle; reported budget; near-term funding window,next budget period,Q4 2026,No,intelligence
opp_score_2b256ba4f14b,XM-DAC-928-TZ-2026-27-04.002.AF01.TZA01,68.8,Qualified Lead,80,equipment demand; active implementation; future budget cycle; reported budget; near-term funding window,next budget period,Q4 2026,No,intelligence
opp_score_2e3155d31394,DAC-1601-INV-074295,68.8,Qualified Lead,80,equipment demand; active implementation; future budget cycle; reported budget; near-term funding window,next planned disbursement,Q4 2026,No,intelligence
opp_score_5dbd3928c3fb,DE-1-202306009-7331,68.8,Qualified Lead,80,equipment demand; active implementation; future budget cycle; reported budget; near-term funding window,next budget period,Q4 2026,No,intelligence
opp_score_9ca32e79a047,XI-IATI-EC_INTPA-2024-PC-37007,68.8,Qualified Lead,71,equipment demand; active implementation; future planned disbursement; near-term funding window,next planned disbursement,Q4 2026,No,intelligence
opp_score_a8f8d858aa66,XI-IATI-EC_INTPA-2024-PC-35800,68.8,Qualified Lead,71,equipment demand; active implementation; future planned disbursement; near-term funding window,next planned disbursement,Q3 2026,No,intelligence
opp_score_47e19900e69b,XM-DAC-928-SS-2026-27-07.002.AF01.SSD03,68.7,Qualified Lead,80,equipment demand; active implementation; future budget cycle; reported budget; near-term funding window,next budget period,Q4 2026,No,intelligence
opp_score_9c361c47cba2,XM-DAC-928-CD-2026-27-02.003.AF01.COD01,68.7,Qualified Lead,80,equipment demand; active implementation; future budget cycle; reported budget; near-term funding window,next budget period,Q4 2026,No,intelligence
opp_score_462375c02dfa,FR-3-CCD121601,68.7,Qualified Lead,80,equipment demand; active implementation; future budget cycle; reported budget; near-term funding window,next budget period,Q4 2026,No,intelligence
opp_score_ddccb40f69dc,FR-3-CCD1216,68.7,Qualified Lead,80,equipment demand; active implementation; future budget cycle; reported budget; near-term funding window,next budget period,Q4 2026,No,intelligence
opp_score_2f6d40fa5831,DE-1-202101129-5863,68.7,Qualified Lead,80,equipment demand; active implementation; future budget cycle; reported budget; near-term funding window,next budget period,Q4 2026,No,intelligence
opp_score_19f1262f4300,DE-1-202101129-6262,68.7,Qualified Lead,80,equipment demand; active implementation; future budget cycle; reported budget; near-term funding window,next budget period,Q4 2026,No,intelligence
opp_score_ed9e99f29daf,XM-DAC-928-KE-2026-27-02.002.AF01.KEN01,68.6,Qualified Lead,80,equipment demand; active implementation; future budget cycle; reported budget; near-term funding window,next budget period,Q4 2026,No,intelligence
opp_score_4725a27c6693,XM-DAC-928-CD-2026-27-13.001.AF01.COD01,68.6,Qualified Lead,80,equipment demand; active implementation; future budget cycle; reported budget; near-term funding window,next budget period,Q4 2026,No,intelligence
opp_score_16c006b9b52f,XM-DAC-928-SO-2026-27-03.001.EM01.SOM01,68.6,Qualified Lead,80,equipment demand; active implementation; future budget cycle; reported budget; near-term funding window,next budget period,Q4 2026,No,intelligence
opp_score_09cf7930090c,DAC-1601-OPP1205132,68.6,Qualified Lead,80,equipment demand; active implementation; future budget cycle; reported budget; near-term funding window,next planned disbursement,Q4 2026,No,intelligence
opp_score_cad509d067f5,DAC-1601-INV-064140,68.6,Qualified Lead,80,equipment demand; active implementation; future budget cycle; reported budget; near-term funding window,next planned disbursement,Q4 2026,No,intelligence
opp_score_4b74883bfb02,XI-IATI-EC_INTPA-2024-PC-34021,68.6,Qualified Lead,71,equipment demand; active implementation; future planned disbursement; near-term funding window,next planned disbursement,Q4 2026,No,intelligence
opp_score_e9cc52747077,DAC-1601-INV-091756,68.5,Qualified Lead,80,equipment demand; active implementation; future budget cycle; reported budget; near-term funding window,next planned disbursement,Q4 2026,No,intelligence
opp_score_1fbb3c1e551c,XM-DAC-928-RW-2026-27-04.002.AF01.RWA02,68.5,Qualified Lead,80,equipment demand; active implementation; future budget cycle; reported budget; near-term funding window,next budget period,Q4 2026,No,intelligence
opp_score_4c32cab7f050,XM-DAC-928-TZ-2026-27-03.002.AF01.TZA01,68.5,Qualified Lead,80,equipment demand; active implementation; future budget cycle; reported budget; near-term funding window,next budget period,Q4 2026,No,intelligence
opp_score_299744148134,XM-DAC-928-ET-2026-27-03.002.AF01.ETH01,68.5,Qualified Lead,80,equipment demand; active implementation; future budget cycle; reported budget; near-term funding window,next budget period,Q4 2026,No,intelligence
opp_score_7fec27192e3a,XM-DAC-928-KE-2026-27-02.001.AF01.KEN01,68.5,Qualified Lead,80,equipment demand; active implementation; future budget cycle; reported budget; near-term funding window,next budget period,Q4 2026,No,intelligence
opp_score_f75f07537ff2,XM-DAC-6-4-013244-11-0,68.5,Qualified Lead,80,equipment demand; active implementation; future budget cycle; reported budget; near-term funding window,next budget period,Q1 2027,Yes,intelligence
opp_score_7ce20563f132,DAC-1601-INV-087904,68.5,Qualified Lead,80,equipment demand; active implementation; future budget cycle; reported budget; near-term funding window,next planned disbursement,Q4 2026,No,intelligence
opp_score_c3500b9f786a,FR-RCS-53119997400027-SIDA2026ETH,68.5,Qualified Lead,80,equipment demand; active implementation; future budget cycle; reported budget; 12-month funding window,next budget period,Q1 2027,No,intelligence
opp_score_aca9b0cb5394,DAC-1601-INV-089921,68.5,Qualified Lead,80,equipment demand; active implementation; future budget cycle; reported budget; near-term funding window,next planned disbursement,Q4 2026,No,intelligence
opp_score_647feadd3dae,DAC-1601-INV-077742,68.5,Qualified Lead,80,equipment demand; active implementation; future budget cycle; reported budget; near-term funding window,next planned disbursement,Q4 2026,No,intelligence
opp_score_e50a1f4b7e38,DAC-1601-INV-086280,68.4,Qualified Lead,80,equipment demand; active implementation; future budget cycle; reported budget; near-term funding window,next planned disbursement,Q4 2026,No,intelligence
opp_score_b15225722188,XM-DAC-928-SS-2026-27-04.002.AF01.SSD01,68.4,Qualified Lead,80,equipment demand; active implementation; future budget cycle; reported budget; near-term funding window,next budget period,Q4 2026,No,intelligence
opp_score_01fb3c19eb36,XM-DAC-928-SO-2026-27-04.002.EM01.SOM01,68.4,Qualified Lead,80,equipment demand; active implementation; future budget cycle; reported budget; near-term funding window,next budget period,Q4 2026,No,intelligence
opp_score_001790f8e2ae,XM-DAC-928-ET-2026-27-02.003.AF01.ETH01,68.4,Qualified Lead,80,equipment demand; active implementation; future budget cycle; reported budget; near-term funding window,next budget period,Q4 2026,No,intelligence
opp_score_e3ae1e0e9e7e,XM-DAC-928-RW-2026-27-04.001.AF01.RWA04,68.4,Qualified Lead,80,equipment demand; active implementation; future budget cycle; reported budget; near-term funding window,next budget period,Q4 2026,No,intelligence
opp_score_e0c2af5b0c02,XM-DAC-928-KE-2026-27-03.001.AF01.KEN01,68.4,Qualified Lead,80,equipment demand; active implementation; future budget cycle; reported budget; near-term funding window,next budget period,Q4 2026,No,intelligence
opp_score_2ed95677de67,DAC-1601-INV-016251,68.4,Qualified Lead,80,equipment demand; active implementation; future budget cycle; reported budget; near-term funding window,next planned disbursement,Q4 2026,No,intelligence
opp_score_24cc77420600,DAC-1601-INV-052016,68.4,Qualified Lead,80,equipment demand; active implementation; future budget cycle; reported budget; near-term funding window,next planned disbursement,Q4 2026,No,intelligence
opp_score_bbb3236e31c3,XI-IATI-EC_INTPA-2024-PC-23230,68.4,Qualified Lead,71,equipment demand; active implementation; future planned disbursement; near-term funding window,next planned disbursement,Q4 2026,No,intelligence
opp_score_c014bc9645b2,DAC-1601-INV-062472,68.3,Qualified Lead,80,equipment demand; active implementation; future budget cycle; reported budget; near-term funding window,next planned disbursement,Q4 2026,No,intelligence
opp_score_75c00af73e36,DAC-1601-INV-067254,68.3,Qualified Lead,80,equipment demand; active implementation; reported budget; near-term funding window; procurement language,next planned disbursement,Q4 2026,Yes,intelligence
opp_score_52a6cbd7ff84,GB-CHC-1047501-23SOBR3F,68.3,Qualified Lead,80,equipment demand; active implementation; future budget cycle; reported budget; 12-month funding window,next budget period,Q3 2027,No,intelligence
opp_score_a2a82cb6f1f2,XM-DAC-928-TZ-2026-27-04.002.AF01.TZA02,68.3,Qualified Lead,80,equipment demand; active implementation; future budget cycle; reported budget; near-term funding window,next budget period,Q4 2026,No,intelligence
opp_score_d07500c95678,XM-DAC-928-CD-2026-27-01.002.AF01.COD01,68.3,Qualified Lead,80,equipment demand; active implementation; future budget cycle; reported budget; near-term funding window,next budget period,Q4 2026,No,intelligence
opp_score_2ec9e0ce5b8d,XM-DAC-928-SO-2026-27-03.002.EM01.SOM01,68.3,Qualified Lead,80,equipment demand; active implementation; future budget cycle; reported budget; near-term funding window,next budget period,Q4 2026,No,intelligence
opp_score_131576fbb12e,XM-DAC-928-RW-2026-27-03.002.AF01.RWA03,68.3,Qualified Lead,80,equipment demand; active implementation; future budget cycle; reported budget; near-term funding window,next budget period,Q4 2026,No,intelligence
opp_score_a1e3deb10d1d,GB-CHC-1099776-1V,68.3,Qualified Lead,80,equipment demand; active implementation; future budget cycle; reported budget; near-term funding window,next budget period,Q3 2026,No,intelligence
opp_score_78b16bc42b5e,XM-DAC-6-4-013394-01-0,68.3,Qualified Lead,80,equipment demand; active implementation; future budget cycle; reported budget; near-term funding window,next budget period,Q1 2027,No,intelligence
opp_score_4236d75a5bc1,XM-DAC-41301-763768,68.3,Qualified Lead,80,equipment demand; active implementation; future budget cycle; reported budget; procurement language,next budget period,Q2 2029,Yes,intelligence
opp_score_6bd8b59a9fc8,DAC-1601-INV-081781,68.2,Qualified Lead,80,equipment demand; active implementation; future budget cycle; reported budget; near-term funding window,next planned disbursement,Q4 2026,No,intelligence
opp_score_f51ed9f4ee3d,XM-DAC-928-KE-2026-27-04.001.AF01.KEN03,68.2,Qualified Lead,80,equipment demand; active implementation; future budget cycle; reported budget; near-term funding window,next budget period,Q4 2026,No,intelligence
opp_score_2c579743fecc,XM-DAC-928-TZ-2026-27-03.001.AF01.TZA02,68.2,Qualified Lead,80,equipment demand; active implementation; future budget cycle; reported budget; near-term funding window,next budget period,Q4 2026,No,intelligence
opp_score_2b2a28b77a88,XM-DAC-928-KE-2026-27-02.003.AF01.KEN01,68.2,Qualified Lead,80,equipment demand; active implementation; future budget cycle; reported budget; near-term funding window,next budget period,Q4 2026,No,intelligence
opp_score_d4658fff7f01,XM-DAC-928-SS-2026-27-03.002.AF01.SSD01,68.2,Qualified Lead,80,equipment demand; active implementation; future budget cycle; reported budget; near-term funding window,next budget period,Q4 2026,No,intelligence
opp_score_2cdaab50f61f,41AAA-11295-001,68.2,Qualified Lead,80,equipment demand; active implementation; future budget cycle; reported budget; procurement language,next budget period,Q4 2028,Yes,intelligence
opp_score_d5875c4ab5d4,DAC-1601-INV-061395,68.1,Qualified Lead,80,equipment demand; active implementation; future budget cycle; reported budget; near-term funding window,next planned disbursement,Q4 2026,No,intelligence
opp_score_e69c4ce163df,DAC-1601-INV-079668,68.1,Qualified Lead,80,equipment demand; active implementation; future budget cycle; reported budget; near-term funding window,next planned disbursement,Q4 2026,No,intelligence
opp_score_8ca9a9bd17ac,XM-DAC-928-SO-2026-27-02.002.EM01.SOM01,68.1,Qualified Lead,80,equipment demand; active implementation; future budget cycle; reported budget; near-term funding window,next budget period,Q4 2026,No,intelligence
opp_score_7a6dbb950e33,XM-DAC-928-CD-2026-27-03.002.AF01.COD03,68.1,Qualified Lead,80,equipment demand; active implementation; future budget cycle; reported budget; near-term funding window,next budget period,Q4 2026,No,intelligence
opp_score_1b91eabee6cc,XM-DAC-928-UG-2026-27-02.001.AF01.UGA01,68.1,Qualified Lead,80,equipment demand; active implementation; future budget cycle; reported budget; near-term funding window,next budget period,Q4 2026,No,intelligence
opp_score_61859bb37d93,XM-DAC-928-UG-2026-27-03.002.AF01.UGA01,68.1,Qualified Lead,80,equipment demand; active implementation; future budget cycle; reported budget; near-term funding window,next budget period,Q4 2026,No,intelligence
opp_score_2a9f4c2d746c,DAC-1601-INV-092145,68.0,Qualified Lead,80,equipment demand; active implementation; future budget cycle; reported budget; near-term funding window,next planned disbursement,Q4 2026,No,intelligence
opp_score_38a03b2c1be4,DAC-1601-INV-071189,68.0,Qualified Lead,80,equipment demand; active implementation; future budget cycle; reported budget; near-term funding window,next planned disbursement,Q4 2026,No,intelligence
opp_score_87e269372127,DAC-1601-INV-090281,68.0,Qualified Lead,80,equipment demand; active implementation; future budget cycle; reported budget; near-term funding window,next planned disbursement,Q4 2026,No,intelligence
opp_score_3856ed2842bc,DAC-1601-INV-060578,68.0,Qualified Lead,80,equipment demand; active implementation; reported budget; near-term funding window; procurement language,next planned disbursement,Q4 2026,Yes,intelligence
opp_score_962d0adda397,XM-DAC-928-TZ-2026-27-02.002.AF01.TZA02,68.0,Qualified Lead,80,equipment demand; active implementation; future budget cycle; reported budget; near-term funding window,next budget period,Q4 2026,No,intelligence
opp_score_ad2d2fa3303e,DAC-1601-INV-087143,67.9,Qualified Lead,80,equipment demand; active implementation; future budget cycle; reported budget; near-term funding window,next planned disbursement,Q4 2026,No,intelligence
opp_score_ce5bddc08ebb,XM-DAC-928-UG-2026-27-04.002.AF01.UGA01,67.9,Qualified Lead,80,equipment demand; active implementation; future budget cycle; reported budget; near-term funding window,next budget period,Q4 2026,No,intelligence
opp_score_6f12712ccd22,XM-DAC-928-ET-2026-27-01.002.AF01.ETH01,67.9,Qualified Lead,80,equipment demand; active implementation; future budget cycle; reported budget; near-term funding window,next budget period,Q4 2026,No,intelligence
opp_score_807afaa2e623,GB-CHC-1099776-2Q,67.9,Qualified Lead,80,equipment demand; active implementation; future budget cycle; reported budget; near-term funding window,next budget period,Q4 2026,No,intelligence
opp_score_476e2fd67fb3,DAC-1601-OPP1211787,67.8,Qualified Lead,80,equipment demand; active implementation; future budget cycle; reported budget; near-term funding window,next planned disbursement,Q4 2026,No,intelligence
opp_score_a033aa1554cb,XI-IATI-WBTF-TF073022,67.8,Qualified Lead,80,equipment demand; active implementation; future budget cycle; reported budget; long-range funding window,next budget period,Q2 2028,No,intelligence
opp_score_54d50e733e1c,DAC-1601-INV-076620,67.8,Qualified Lead,80,equipment demand; active implementation; future budget cycle; reported budget; near-term funding window,next planned disbursement,Q4 2026,Yes,intelligence
opp_score_0bcf565c58a1,XM-DAC-928-ET-2026-27-03.001.AF01.ETH02,67.8,Qualified Lead,80,equipment demand; active implementation; future budget cycle; reported budget; near-term funding window,next budget period,Q4 2026,No,intelligence
opp_score_e38e8424c7ac,XM-DAC-928-ET-2026-27-02.001.AF01.ETH02,67.8,Qualified Lead,80,equipment demand; active implementation; future budget cycle; reported budget; near-term funding window,next budget period,Q4 2026,No,intelligence
opp_score_c01370cc2213,XM-DAC-928-UG-2026-27-03.002.AF01.UGA03,67.8,Qualified Lead,80,equipment demand; active implementation; future budget cycle; reported budget; near-term funding window,next budget period,Q4 2026,No,intelligence
opp_score_436a9bcc5b80,DE-1-202306009-7348,67.7,Qualified Lead,80,equipment demand; active implementation; future budget cycle; reported budget; near-term funding window,next budget period,Q4 2026,No,intelligence
opp_score_0104675cbaa2,XM-DAC-928-UG-2026-27-02.002.AF01.UGA02,67.7,Qualified Lead,80,equipment demand; active implementation; future budget cycle; reported budget; near-term funding window,next budget period,Q4 2026,No,intelligence
opp_score_026692a9f19c,XM-DAC-928-TZ-2026-27-02.001.AF01.TZA01,67.7,Qualified Lead,80,equipment demand; active implementation; future budget cycle; reported budget; near-term funding window,next budget period,Q4 2026,No,intelligence
opp_score_e9ae54850dd3,XM-DAC-928-TZ-2026-27-02.003.AF01.TZA01,67.7,Qualified Lead,80,equipment demand; active implementation; future budget cycle; reported budget; near-term funding window,next budget period,Q4 2026,No,intelligence
opp_score_c6c836a149b5,XM-DAC-928-SS-2026-27-04.001.AF01.SSD03,67.7,Qualified Lead,80,equipment demand; active implementation; future budget cycle; reported budget; near-term funding window,next budget period,Q4 2026,No,intelligence
opp_score_9d1dda839a24,XM-DAC-928-TZ-2026-27-13.001.AF01.TZA01,67.7,Qualified Lead,80,equipment demand; active implementation; future budget cycle; reported budget; near-term funding window,next budget period,Q4 2026,No,intelligence
opp_score_2052814d0935,DAC-1601-INV-079020,67.6,Qualified Lead,80,equipment demand; active implementation; future budget cycle; reported budget; near-term funding window,next planned disbursement,Q4 2026,No,intelligence
opp_score_3582537c90fb,XM-DAC-928-CD-2026-27-02.002.AF01.COD02,67.6,Qualified Lead,80,equipment demand; active implementation; future budget cycle; reported budget; near-term funding window,next budget period,Q4 2026,No,intelligence
opp_score_d7535ae1d12e,XM-DAC-928-ET-2026-27-02.002.AF01.ETH01,67.6,Qualified Lead,80,equipment demand; active implementation; future budget cycle; reported budget; near-term funding window,next budget period,Q4 2026,No,intelligence
opp_score_61dcbda1c2bb,GB-CHC-1099776-2V,67.6,Qualified Lead,80,equipment demand; active implementation; future budget cycle; reported budget; near-term funding window,next budget period,Q4 2026,No,intelligence
opp_score_ce08cb7de845,DAC-1601-INV-088365,67.6,Qualified Lead,80,equipment demand; active implementation; reported budget; near-term funding window; procurement language,next planned disbursement,Q4 2026,Yes,intelligence
opp_score_636483a7d29d,XM-DAC-928-UG-2026-27-03.001.AF01.UGA02,67.5,Qualified Lead,80,equipment demand; active implementation; future budget cycle; reported budget; near-term funding window,next budget period,Q4 2026,No,intelligence
opp_score_06d76dd036c2,XM-DAC-928-CD-2026-27-03.002.AF01.COD01,67.5,Qualified Lead,80,equipment demand; active implementation; future budget cycle; reported budget; near-term funding window,next budget period,Q4 2026,No,intelligence
opp_score_0aa9952a85d7,XM-DAC-928-SO-2026-27-05.001.EM01.SOM01,67.5,Qualified Lead,80,equipment demand; active implementation; future budget cycle; reported budget; near-term funding window,next budget period,Q4 2026,No,intelligence
opp_score_16e74f0093be,XM-DAC-928-CD-2026-27-04.002.AF01.COD01,67.5,Qualified Lead,80,equipment demand; active implementation; future budget cycle; reported budget; near-term funding window,next budget period,Q4 2026,No,intelligence
opp_score_6e1f313cf488,DAC-1601-INV-079355,67.5,Qualified Lead,80,equipment demand; active implementation; reported budget; near-term funding window; procurement language,next planned disbursement,Q4 2026,Yes,intelligence
opp_score_9df89586c9ac,DAC-1601-INV-016248,67.5,Qualified Lead,80,equipment demand; active implementation; reported budget; near-term funding window; procurement language,next planned disbursement,Q4 2026,Yes,intelligence
opp_score_d2c2e8e0a182,DE-1-202406007-7377,67.4,Qualified Lead,80,equipment demand; active implementation; future budget cycle; reported budget; near-term funding window,next budget period,Q4 2026,No,intelligence
opp_score_4422880eabb5,XM-DAC-928-KE-2026-27-02.002.AF01.KEN02,67.4,Qualified Lead,80,equipment demand; active implementation; future budget cycle; reported budget; near-term funding window,next budget period,Q4 2026,No,intelligence
opp_score_d723600f2490,XM-DAC-928-UG-2026-27-02.003.AF01.UGA01,67.4,Qualified Lead,80,equipment demand; active implementation; future budget cycle; reported budget; near-term funding window,next budget period,Q4 2026,No,intelligence
opp_score_e9dd89c5e322,XM-DAC-928-TZ-2026-27-07.002.AF01.TZA03,67.4,Qualified Lead,80,equipment demand; active implementation; future budget cycle; reported budget; near-term funding window,next budget period,Q4 2026,No,intelligence
opp_score_fd8fdf85c656,GB-CHC-1099776-1W,67.4,Qualified Lead,80,equipment demand; active implementation; future budget cycle; reported budget; near-term funding window,next budget period,Q4 2026,No,intelligence
opp_score_0785288bfb59,XM-DAC-928-KE-2026-27-07.002.AF01.KEN03,67.3,Qualified Lead,80,equipment demand; active implementation; future budget cycle; reported budget; near-term funding window,next budget period,Q4 2026,No,intelligence
opp_score_e4e29f696939,XM-DAC-928-CD-2026-27-02.001.AF01.COD02,67.3,Qualified Lead,80,equipment demand; active implementation; future budget cycle; reported budget; near-term funding window,next budget period,Q4 2026,No,intelligence
opp_score_ee76fc3f41d2,DAC-1601-INV-031353,67.3,Qualified Lead,80,equipment demand; active implementation; reported budget; near-term funding window; procurement language,next planned disbursement,Q4 2026,Yes,intelligence
opp_score_5974fe716272,DAC-1601-INV-061669,67.3,Qualified Lead,80,equipment demand; active implementation; reported budget; near-term funding window; procurement language,next planned disbursement,Q4 2026,Yes,intelligence
opp_score_6386a8bafbd0,DAC-1601-INV-058707,67.3,Qualified Lead,80,equipment demand; active implementation; reported budget; near-term funding window; procurement language,next planned disbursement,Q4 2026,Yes,intelligence
opp_score_bcb722a955fd,DE-1-202306009-7335,67.2,Qualified Lead,80,equipment demand; active implementation; future budget cycle; reported budget; near-term funding window,next budget period,Q4 2026,No,intelligence
opp_score_6ee53df1553c,DE-1-202209500-6920,67.2,Qualified Lead,80,equipment demand; active implementation; future budget cycle; reported budget; near-term funding window,next budget period,Q1 2027,No,intelligence
opp_score_875581c627c4,GB-COH-1762840-TAN311-BM01-01,67.2,Qualified Lead,80,equipment demand; active implementation; future budget cycle; reported budget; near-term funding window,next budget period,Q3 2026,No,intelligence
opp_score_c5d0d8a01a98,XI-IATI-WBTF-P175583,67.2,Qualified Lead,80,equipment demand; active implementation; future budget cycle; reported budget; 12-month funding window,next budget period,Q2 2027,No,intelligence
opp_score_4494fc8d104b,FI-3-2024-2024240171,67.2,Qualified Lead,80,equipment demand; active implementation; future budget cycle; reported budget; near-term funding window,next budget period,Q4 2026,No,intelligence
opp_score_1accf2a7ab8c,XM-DAC-928-ET-2026-27-04.001.AF01.ETH04,67.2,Qualified Lead,80,equipment demand; active implementation; future budget cycle; reported budget; near-term funding window,next budget period,Q4 2026,No,intelligence
opp_score_61340bbb84a3,XM-DAC-928-SO-2026-27-02.001.EM01.SOM01,67.2,Qualified Lead,80,equipment demand; active implementation; future budget cycle; reported budget; near-term funding window,next budget period,Q4 2026,No,intelligence
opp_score_61ee5235f308,XM-DAC-928-ET-2026-27-03.002.AF01.ETH03,67.2,Qualified Lead,80,equipment demand; active implementation; future budget cycle; reported budget; near-term funding window,next budget period,Q4 2026,No,intelligence
opp_score_0ad365103527,XM-DAC-928-KE-2026-27-04.001.AF01.KEN04,67.1,Qualified Lead,80,equipment demand; active implementation; future budget cycle; reported budget; near-term funding window,next budget period,Q4 2026,No,intelligence
opp_score_05bca412ce2a,GB-CHC-1099776-3N,67.1,Qualified Lead,80,equipment demand; active implementation; future budget cycle; reported budget; near-term funding window,next budget period,Q3 2026,No,intelligence
opp_score_8fd1609c9ff0,DAC-1601-INV-079602,67.1,Qualified Lead,80,equipment demand; active implementation; reported budget; near-term funding window; procurement language,next planned disbursement,Q4 2026,Yes,intelligence
opp_score_ef564d0b6af9,41AAA-11295-032,66.9,Qualified Lead,80,equipment demand; active implementation; future budget cycle; reported budget; procurement language,next budget period,Q4 2028,Yes,intelligence
opp_score_5f9c05c97045,GB-GOV-10-RP_07_304295,66.9,Qualified Lead,80,equipment demand; active implementation; future budget cycle; reported budget; 12-month funding window,next budget period,Q2 2027,Yes,intelligence
opp_score_396fb4538c93,FI-3-2025-2025250291,66.9,Qualified Lead,80,equipment demand; active implementation; future budget cycle; reported budget; near-term funding window,next budget period,Q4 2026,No,intelligence
opp_score_ca0021d5203d,DAC-1601-INV-070201,66.8,Qualified Lead,80,equipment demand; active implementation; reported budget; near-term funding window; procurement language,next planned disbursement,Q4 2026,Yes,intelligence
opp_score_15d7e0478762,XM-DAC-928-CD-2026-27-04.001.AF01.COD04,66.8,Qualified Lead,80,equipment demand; active implementation; future budget cycle; reported budget; near-term funding window,next budget period,Q4 2026,No,intelligence
opp_score_4f8d75cabbda,XM-DAC-928-KE-2026-27-05.001.AF01.KEN01,66.8,Qualified Lead,80,equipment demand; active implementation; future budget cycle; reported budget; near-term funding window,next budget period,Q4 2026,No,intelligence
opp_score_1aeee35fca0b,GB-GOV-1-400034-403,66.7,Qualified Lead,80,equipment demand; active implementation; future budget cycle; reported budget; 12-month funding window,next budget period,Q2 2027,No,intelligence
opp_score_85f14f0928f8,XM-DAC-928-SO-2026-27-02.002.EM01.SOM02,66.7,Qualified Lead,80,equipment demand; active implementation; future budget cycle; reported budget; near-term funding window,next budget period,Q4 2026,No,intelligence
opp_score_9fb94a6e91f6,FI-3-2025-2025250223,66.7,Qualified Lead,80,equipment demand; active implementation; future budget cycle; reported budget; near-term funding window,next budget period,Q4 2026,No,intelligence
opp_score_826f96387a5f,XM-DAC-928-TZ-2026-27-04.001.AF01.TZA04,66.6,Qualified Lead,80,equipment demand; active implementation; future budget cycle; reported budget; near-term funding window,next budget period,Q4 2026,No,intelligence
opp_score_33320743f17e,DAC-1601-INV-098781,66.5,Qualified Lead,80,equipment demand; active implementation; reported budget; near-term funding window; procurement language,next planned disbursement,Q4 2026,Yes,intelligence
opp_score_f8b0cbf88891,XI-IATI-EC_INTPA-2026-PC-73577,66.5,Qualified Lead,71,equipment demand; pipeline stage; reported budget; near-term funding window,next budget period,Q3 2026,No,intelligence
opp_score_ad5639da7b96,XM-DAC-928-RW-2026-27-01.002.AF01.RWA01,66.4,Qualified Lead,80,equipment demand; active implementation; future budget cycle; reported budget; near-term funding window,next budget period,Q4 2026,No,intelligence
opp_score_8ec1f4b7d0bb,XM-DAC-928-SO-2026-27-01.002.EM01.SOM01,66.4,Qualified Lead,80,equipment demand; active implementation; future budget cycle; reported budget; near-term funding window,next budget period,Q4 2026,No,intelligence
opp_score_5fcadab96da3,XM-DAC-928-RW-2026-27-02.003.AF01.RWA01,66.4,Qualified Lead,80,equipment demand; active implementation; future budget cycle; reported budget; near-term funding window,next budget period,Q4 2026,No,intelligence
opp_score_04bfd1bc5185,XI-IATI-EC_INTPA-2026-PC-73567,66.4,Qualified Lead,71,equipment demand; pipeline stage; reported budget; near-term funding window,next budget period,Q3 2026,No,intelligence
opp_score_69aebecdc129,DAC-1601-INV-093173,66.3,Qualified Lead,80,equipment demand; active implementation; reported budget; near-term funding window; procurement language,next planned disbursement,Q4 2026,Yes,intelligence
opp_score_dac1e1804894,DAC-1601-INV-077389,66.2,Qualified Lead,80,equipment demand; active implementation; reported budget; near-term funding window; procurement language,next planned disbursement,Q4 2026,Yes,intelligence
opp_score_e6cc2de80cf4,DAC-1601-INV-050277,66.2,Qualified Lead,80,equipment demand; active implementation; future budget cycle; reported budget; near-term funding window,next planned disbursement,Q4 2026,No,intelligence
opp_score_ff3ccb24b59d,XI-IATI-EC_INTPA-2026-PC-54169,66.2,Qualified Lead,71,equipment demand; pipeline stage; reported budget; near-term funding window,next budget period,Q3 2026,No,intelligence
opp_score_1ee8896bdd76,FI-3-2014-2014140918,66.1,Qualified Lead,80,equipment demand; active implementation; future budget cycle; reported budget; procurement language,next budget period,Q4 2099,Yes,intelligence
opp_score_9abbc0becdb5,XM-DAC-928-TZ-2026-27-03.002.AF01.TZA03,66.1,Qualified Lead,80,equipment demand; active implementation; future budget cycle; reported budget; near-term funding window,next budget period,Q4 2026,No,intelligence
opp_score_4e50422132e9,XM-DAC-928-SO-2026-27-02.003.EM01.SOM01,66.1,Qualified Lead,80,equipment demand; active implementation; future budget cycle; reported budget; near-term funding window,next budget period,Q4 2026,No,intelligence
opp_score_c39b5b8129b0,DAC-1601-INV-075466,66.1,Qualified Lead,80,equipment demand; active implementation; reported budget; near-term funding window; procurement language,next planned disbursement,Q4 2026,Yes,intelligence
opp_score_1ebba409a9cc,DAC-1601-INV-077549,66.1,Qualified Lead,80,equipment demand; active implementation; reported budget; near-term funding window; procurement language,next planned disbursement,Q4 2026,Yes,intelligence
opp_score_7b2181d60b25,XM-DAC-41301-755483,66.1,Qualified Lead,80,equipment demand; active implementation; future budget cycle; reported budget; 12-month funding window,next budget period,Q1 2027,No,intelligence
opp_score_37884e48677e,XI-IATI-EC_INTPA-2026-PC-54171,66.1,Qualified Lead,71,equipment demand; pipeline stage; reported budget; near-term funding window,next budget period,Q3 2026,No,intelligence
opp_score_2020f378cb15,KR-GOV-110-1352000_2023_013,66.0,Qualified Lead,80,active implementation; future planned disbursement; future budget cycle; reported budget; near-term funding window,next planned disbursement,Q4 2026,No,intelligence
opp_score_e85c6d026f21,XM-DAC-41122-South Sudan-4040/A0/04/001/001,66.0,Qualified Lead,80,active implementation; future planned disbursement; future budget cycle; reported budget; near-term funding window,next planned disbursement,Q4 2026,No,intelligence
opp_score_442746ff9408,KR-GOV-010-KR-GOV-051-2025010100101,66.0,Qualified Lead,80,active implementation; future planned disbursement; future budget cycle; reported budget; near-term funding window,next planned disbursement,Q4 2026,No,intelligence
opp_score_c97b97dd84bb,KR-GOV-110-1352000_2025_002,66.0,Qualified Lead,80,active implementation; future planned disbursement; future budget cycle; reported budget; near-term funding window,next planned disbursement,Q4 2026,No,intelligence
opp_score_7e75ad47dc5a,KR-GOV-010-KR-GOV-051-2026010100018,66.0,Qualified Lead,80,active implementation; future planned disbursement; future budget cycle; reported budget; near-term funding window,next planned disbursement,Q4 2026,No,intelligence
opp_score_01a1c3550626,DAC-1601-INV-077542,66.0,Qualified Lead,80,equipment demand; active implementation; reported budget; near-term funding window; procurement language,next planned disbursement,Q4 2026,Yes,intelligence
opp_score_24f3853e2f71,KR-GOV-110-1352000_2026_008,66.0,Qualified Lead,80,active implementation; future planned disbursement; future budget cycle; reported budget; near-term funding window,next planned disbursement,Q4 2026,No,intelligence
opp_score_15714c5f9c5c,KR-GOV-110-1352000_2026_011,66.0,Qualified Lead,80,active implementation; future planned disbursement; future budget cycle; reported budget; near-term funding window,next planned disbursement,Q4 2026,No,intelligence
opp_score_bf1a889e606d,KR-GOV-110-1352000_2024_003,66.0,Qualified Lead,80,active implementation; future planned disbursement; future budget cycle; reported budget; near-term funding window,next planned disbursement,Q4 2026,No,intelligence
opp_score_ba1c16fadecb,NL-KVK-27378529-PDP22CH04,66.0,Qualified Lead,80,equipment demand; active implementation; future budget cycle; reported budget; long-range funding window,next budget period,Q4 2027,No,intelligence
opp_score_7fdd4e7a1950,NL-KVK-27378529-PDP22CH01,66.0,Qualified Lead,80,equipment demand; active implementation; future budget cycle; reported budget; long-range funding window,next budget period,Q4 2027,No,intelligence
opp_score_f473ece86315,KR-GOV-110-1352000_2023_011,66.0,Qualified Lead,80,active implementation; future planned disbursement; future budget cycle; reported budget; near-term funding window,next planned disbursement,Q4 2026,No,intelligence
opp_score_6e19f6451a93,XM-DAC-41122-Somalia-3920/A0/06/002/008,66.0,Qualified Lead,71,equipment demand; pipeline stage; reported budget; procurement language,no future dated funding signal,Monitor,Yes,intelligence
opp_score_78d83fab19b2,XM-DAC-41122-Somalia-3920/A0/06/102/001,66.0,Qualified Lead,71,equipment demand; pipeline stage; reported budget; procurement language,no future dated funding signal,Monitor,Yes,intelligence
opp_score_d53486b4390b,XI-IATI-EC_INTPA-2026-PC-76425,65.9,Qualified Lead,71,equipment demand; pipeline stage; reported budget; near-term funding window,next budget period,Q3 2026,No,intelligence
opp_score_02cde819872f,XM-DAC-41122-Democratic Republic of Congo-0990/A0/08/884/002,65.8,Qualified Lead,80,active implementation; future planned disbursement; future budget cycle; reported budget; near-term funding window,next planned disbursement,Q1 2027,No,intelligence
opp_score_08df9131461b,GB-CHC-1099776-3M,65.8,Qualified Lead,80,equipment demand; active implementation; future budget cycle; reported budget; 12-month funding window,next budget period,Q3 2027,No,intelligence
opp_score_e0a88e9207ac,NL-KVK-27378529-DHIF25D122,65.8,Qualified Lead,80,equipment demand; active implementation; future budget cycle; reported budget; near-term funding window,next budget period,Q3 2027,Yes,intelligence
opp_score_7bee8fd42d76,DAC-1601-INV-077546,65.8,Qualified Lead,80,equipment demand; active implementation; reported budget; near-term funding window; procurement language,next planned disbursement,Q4 2026,Yes,intelligence
opp_score_03f03ffb752f,DAC-1601-INV-080243,65.8,Qualified Lead,80,equipment demand; active implementation; reported budget; near-term funding window; procurement language,next planned disbursement,Q4 2026,Yes,intelligence
opp_score_99d5d0f3ff2f,XM-DAC-41122-South Sudan-4040/A0/01/008/001,65.8,Qualified Lead,71,equipment demand; pipeline stage; reported budget; procurement language,no future dated funding signal,Monitor,Yes,intelligence
opp_score_590699012a00,GB-CHC-1099776-3H,65.7,Qualified Lead,80,equipment demand; active implementation; future budget cycle; reported budget; 12-month funding window,next budget period,Q3 2027,No,intelligence
opp_score_2e931973c50f,GB-CHC-1099776-1H,65.7,Qualified Lead,80,equipment demand; active implementation; future budget cycle; reported budget; 12-month funding window,next budget period,Q2 2027,No,intelligence
opp_score_ce6b1d86eb6c,XM-DAC-928-CD-2026-27-02.001.AF01.COD01,65.7,Qualified Lead,80,equipment demand; active implementation; future budget cycle; reported budget; near-term funding window,next budget period,Q4 2026,No,intelligence
opp_score_356e44b1722c,XM-DAC-41122-South Sudan-4040/A0/02/002/001,65.7,Qualified Lead,71,equipment demand; pipeline stage; reported budget; procurement language,no future dated funding signal,Monitor,Yes,intelligence
opp_score_e70ad6dd2d92,XM-DAC-41122-Ethiopia-1410/A0/08/001/005,65.6,Qualified Lead,80,active implementation; future planned disbursement; future budget cycle; reported budget; near-term funding window,next planned disbursement,Q1 2027,No,intelligence
opp_score_cbcef8c70c58,GB-CHC-1099776-2P,65.6,Qualified Lead,80,equipment demand; active implementation; future budget cycle; reported budget; 12-month funding window,next budget period,Q2 2027,No,intelligence
opp_score_98e971d3377c,XM-DAC-41122-South Sudan-4040/A0/01/002/004,65.6,Qualified Lead,71,equipment demand; pipeline stage; reported budget; procurement language,no future dated funding signal,Monitor,Yes,intelligence
opp_score_d368dd108795,US-EIN-061660068-HAC24100031bInvoice1IRBresearchprotocol,65.5,Qualified Lead,80,equipment demand; active implementation; future budget cycle; reported budget; 12-month funding window,next budget period,Q3 2027,No,intelligence
opp_score_d548c05acf9f,XM-DAC-41122-South Sudan-4040/A0/03/001/008,65.4,Qualified Lead,71,equipment demand; pipeline stage; reported budget; procurement language,no future dated funding signal,Monitor,Yes,intelligence
opp_score_92aefa858c99,XM-DAC-41122-Ethiopia-1410/A0/08/004/003,65.3,Qualified Lead,80,active implementation; future planned disbursement; future budget cycle; reported budget; near-term funding window,next planned disbursement,Q1 2027,No,intelligence
opp_score_940b30ef3bd2,XM-DAC-41122-Somalia-3920/A0/09/001/004,65.3,Qualified Lead,80,active implementation; future planned disbursement; future budget cycle; reported budget; near-term funding window,next planned disbursement,Q1 2027,No,intelligence
opp_score_1618ef234567,XM-DAC-41122-South Sudan-4040/A0/01/002/100,65.1,Qualified Lead,71,equipment demand; pipeline stage; reported budget; procurement language,no future dated funding signal,Monitor,Yes,intelligence
opp_score_d08d15a1246c,XM-DAC-41122-Ethiopia-1410/A0/05/102/006,65.1,Qualified Lead,71,equipment demand; pipeline stage; reported budget; procurement language,no future dated funding signal,Monitor,Yes,intelligence
opp_score_b8f48f77061a,XM-DAC-41122-Ethiopia-1410/A0/05/102/003,64.9,Qualified Lead,71,equipment demand; pipeline stage; reported budget; procurement language,no future dated funding signal,Monitor,Yes,intelligence
opp_score_2dd631344777,GB-CHC-1099776-3L,64.8,Qualified Lead,80,equipment demand; active implementation; future budget cycle; reported budget; long-range funding window,next budget period,Q1 2028,No,intelligence
opp_score_5829ea4ceeb8,XM-DAC-41122-Ethiopia-1410/A0/08/001/001,64.8,Qualified Lead,80,active implementation; future planned disbursement; future budget cycle; reported budget; near-term funding window,next planned disbursement,Q1 2027,No,intelligence
opp_score_147c791257bd,XM-DAC-41122-Ethiopia-1410/A0/05/102/002,64.7,Qualified Lead,71,equipment demand; pipeline stage; reported budget; procurement language,no future dated funding signal,Monitor,Yes,intelligence
opp_score_62188556aa61,DAC-1601-INV-090390,64.6,Qualified Lead,80,active implementation; future planned disbursement; future budget cycle; reported budget; near-term funding window,next planned disbursement,Q4 2026,No,intelligence
opp_score_fd7fb205feb2,XM-DAC-41122-Somalia-3920/A0/06/004/001,64.6,Qualified Lead,71,equipment demand; pipeline stage; reported budget; procurement language,no future dated funding signal,Monitor,Yes,intelligence
opp_score_636bae5c62f0,XM-DAC-41122-Kenya-2400/A0/04/007/001,64.6,Qualified Lead,71,equipment demand; pipeline stage; reported budget; procurement language,no future dated funding signal,Monitor,Yes,intelligence
opp_score_fb522485616b,XM-DAC-41122-United Rep. of Tanzania-4550/A0/04/101/001,64.5,Qualified Lead,71,equipment demand; pipeline stage; reported budget; procurement language,no future dated funding signal,Monitor,Yes,intelligence
opp_score_41d1761c22b1,GB-CHC-1099776-1J,64.4,Qualified Lead,80,equipment demand; active implementation; future budget cycle; reported budget; long-range funding window,next budget period,Q4 2027,No,intelligence
opp_score_1e3c9f90b76f,XM-DAC-928-CD-2026-27-07.002.AF01.COD03,64.4,Qualified Lead,80,equipment demand; active implementation; future budget cycle; reported budget; near-term funding window,next budget period,Q4 2026,No,intelligence
opp_score_a87242eff65b,XM-DAC-928-SO-2026-27-02.001.EM01.SOM02,64.3,Qualified Lead,80,equipment demand; active implementation; future budget cycle; reported budget; near-term funding window,next budget period,Q4 2026,No,intelligence
opp_score_1febc51bc521,XM-DAC-41122-Ethiopia-1410/A0/05/103/002,64.3,Qualified Lead,71,equipment demand; pipeline stage; reported budget; procurement language,no future dated funding signal,Monitor,Yes,intelligence
opp_score_5ed54e640a90,XM-DAC-41122-Kenya-2400/A0/05/007/002,64.3,Qualified Lead,71,equipment demand; pipeline stage; reported budget; procurement language,no future dated funding signal,Monitor,Yes,intelligence
opp_score_cbb0cd117064,XM-DAC-41122-Kenya-2400/A0/04/007/002,64.3,Qualified Lead,71,equipment demand; pipeline stage; reported budget; procurement language,no future dated funding signal,Monitor,Yes,intelligence
opp_score_62d295c43b39,DAC-1601-INV-045980,64.1,Qualified Lead,80,active implementation; future planned disbursement; future budget cycle; reported budget; near-term funding window,next planned disbursement,Q4 2026,No,intelligence
opp_score_04f5dc257777,GB-CHC-1099776-2C,64.0,Qualified Lead,80,equipment demand; active implementation; future budget cycle; reported budget; 12-month funding window,next budget period,Q2 2027,No,intelligence
opp_score_3e0d77570453,XM-DAC-928-UG-2026-27-04.001.AF01.UGA04,64.0,Qualified Lead,80,equipment demand; active implementation; future budget cycle; reported budget; near-term funding window,next budget period,Q4 2026,No,intelligence
opp_score_826bf93806e5,XM-DAC-41122-Ethiopia-1410/A0/05/102/011,64.0,Qualified Lead,71,equipment demand; pipeline stage; reported budget; procurement language,no future dated funding signal,Monitor,Yes,intelligence
opp_score_50cb2a053f81,KR-GOV-021-23ED00031,64.0,Qualified Lead,71,equipment demand; pipeline stage; near-term funding window; procurement language,next planned disbursement,Q4 2026,Yes,intelligence
opp_score_fc660a0e98df,KR-GOV-021-10ED00014,64.0,Qualified Lead,71,equipment demand; pipeline stage; near-term funding window; procurement language,next planned disbursement,Q4 2026,Yes,intelligence
opp_score_bd0712b9d563,KR-GOV-021-12ED00019,64.0,Qualified Lead,71,equipment demand; pipeline stage; near-term funding window; procurement language,next planned disbursement,Q4 2026,Yes,intelligence
opp_score_f22b73f261fa,KR-GOV-021-09ED00009,64.0,Qualified Lead,71,equipment demand; pipeline stage; near-term funding window; procurement language,next planned disbursement,Q4 2026,Yes,intelligence
opp_score_5b53ae248e77,KR-GOV-021-22ED00010,64.0,Qualified Lead,71,equipment demand; pipeline stage; near-term funding window; procurement language,next planned disbursement,Q4 2026,Yes,intelligence
opp_score_c989cba055c4,KR-GOV-021-21ED00024,64.0,Qualified Lead,71,equipment demand; pipeline stage; near-term funding window; procurement language,next planned disbursement,Q4 2026,Yes,intelligence
opp_score_4db8aeca6492,KR-GOV-021-23ED00041,64.0,Qualified Lead,71,equipment demand; pipeline stage; near-term funding window; procurement language,next planned disbursement,Q4 2026,Yes,intelligence
opp_score_3d0663fd742f,KR-GOV-021-20ED00022,64.0,Qualified Lead,71,equipment demand; pipeline stage; near-term funding window; procurement language,next planned disbursement,Q4 2026,Yes,intelligence
opp_score_7be61eae96c6,XM-DAC-41122-Ethiopia-1410/A0/05/101/005,63.9,Qualified Lead,71,equipment demand; pipeline stage; reported budget; procurement language,no future dated funding signal,Monitor,Yes,intelligence
opp_score_3ffa0f7a7ac2,XM-DAC-41122-Kenya-2400/A0/07/001/010,63.8,Qualified Lead,80,active implementation; future planned disbursement; future budget cycle; reported budget; near-term funding window,next planned disbursement,Q1 2027,No,intelligence
opp_score_74e739abef8c,XM-DAC-41122-Rwanda-3750/A0/07/881/003,63.8,Qualified Lead,80,active implementation; future planned disbursement; future budget cycle; reported budget; near-term funding window,next planned disbursement,Q1 2027,No,intelligence
opp_score_746330371157,XM-DAC-41122-Ethiopia-1410/A0/05/101/001,63.8,Qualified Lead,71,equipment demand; pipeline stage; reported budget; procurement language,no future dated funding signal,Monitor,Yes,intelligence
opp_score_2bbc02830eea,XM-DAC-41122-Rwanda-3750/A0/07/883/001,63.5,Qualified Lead,80,active implementation; future planned disbursement; future budget cycle; reported budget; near-term funding window,next planned disbursement,Q1 2027,No,intelligence
opp_score_edfe72b0e3e2,DAC-1601-INV-075264,63.4,Qualified Lead,80,active implementation; future planned disbursement; future budget cycle; reported budget; near-term funding window,next planned disbursement,Q4 2026,No,intelligence
opp_score_3012eb5187cb,NL-KVK-27108436-A-07834-06:ET,63.3,Qualified Lead,80,active implementation; future planned disbursement; future budget cycle; reported budget; near-term funding window,next planned disbursement,Q1 2027,No,intelligence
opp_score_043bf6ef8a43,XM-DAC-301-2-109075-002,63.3,Qualified Lead,80,equipment demand; active implementation; reported budget; 12-month funding window; procurement language,next budget period,Q1 2027,Yes,intelligence
opp_score_e225bdcef46c,XM-OCHAS-HPC6770-4315,63.3,Qualified Lead,71,equipment demand; pipeline stage; reported budget; procurement language,no future dated funding signal,Monitor,Yes,intelligence
opp_score_e6b0175b4c5a,DAC-1601-INV-087117,63.1,Qualified Lead,80,active implementation; future planned disbursement; future budget cycle; reported budget; near-term funding window,next planned disbursement,Q4 2026,No,intelligence
opp_score_f4482a59df78,DAC-1601-INV-071227,63.1,Qualified Lead,80,active implementation; future planned disbursement; future budget cycle; reported budget; near-term funding window,next planned disbursement,Q4 2026,No,intelligence
opp_score_cb3881d2d32c,XM-DAC-928-SO-2026-27-04.001.EM01.SOM04,63.1,Qualified Lead,80,equipment demand; active implementation; future budget cycle; reported budget; near-term funding window,next budget period,Q4 2026,No,intelligence
opp_score_92f577eb8b84,GB-CHC-1099776-3C,63.0,Qualified Lead,80,equipment demand; active implementation; future budget cycle; reported budget; long-range funding window,next budget period,Q2 2028,No,intelligence
opp_score_58c7dfd2efd7,NL-KVK-27378529-DHIF24D064,63.0,Qualified Lead,80,equipment demand; active implementation; future budget cycle; reported budget; 12-month funding window,next budget period,Q2 2027,Yes,intelligence
opp_score_14dbcbe17256,DAC-1601-INV-047794,63.0,Qualified Lead,80,active implementation; future planned disbursement; future budget cycle; reported budget; near-term funding window,next planned disbursement,Q4 2026,No,intelligence
opp_score_4fd6ad5c64f9,DAC-1601-INV-044079,62.9,Qualified Lead,80,active implementation; future planned disbursement; future budget cycle; reported budget; near-term funding window,next planned disbursement,Q4 2026,No,intelligence
opp_score_26c0fb3734ec,GB-CHC-261488-UGA52AD,62.9,Qualified Lead,71,equipment demand; pipeline stage; reported budget; procurement language,no future dated funding signal,Monitor,Yes,intelligence
opp_score_3b14462242b9,XI-IATI-WBTF-P170435,62.9,Qualified Lead,71,equipment demand; active implementation; future budget cycle; reported budget,next budget period,Q3 2028,No,intelligence
opp_score_30c1be49276b,DAC-1601-INV-089434,62.8,Qualified Lead,80,active implementation; future planned disbursement; future budget cycle; reported budget; near-term funding window,next planned disbursement,Q4 2026,No,intelligence
opp_score_47dc6e5bbba7,46002-P-CD-IB0-004,62.8,Qualified Lead,71,equipment demand; pipeline stage; reported budget; procurement language,no future dated funding signal,Monitor,Yes,intelligence
opp_score_a188921023ff,46002-P-UG-IB0-008,62.8,Qualified Lead,71,equipment demand; pipeline stage; reported budget; procurement language,no future dated funding signal,Monitor,Yes,intelligence
opp_score_858e8aaa58a8,DAC-1601-INV-087123,62.7,Qualified Lead,80,active implementation; future planned disbursement; future budget cycle; reported budget; near-term funding window,next planned disbursement,Q4 2026,No,intelligence
opp_score_a7e6fb5c2117,DAC-1601-INV-071981,62.7,Qualified Lead,80,active implementation; future planned disbursement; future budget cycle; reported budget; near-term funding window,next planned disbursement,Q4 2026,No,intelligence
opp_score_ace13dc85ac2,DAC-1601-INV-056895,62.4,Qualified Lead,80,active implementation; future planned disbursement; future budget cycle; reported budget; near-term funding window,next planned disbursement,Q4 2026,No,intelligence
opp_score_1479bfc9e119,DAC-1601-INV-060621,62.4,Qualified Lead,80,active implementation; future planned disbursement; future budget cycle; reported budget; near-term funding window,next planned disbursement,Q4 2026,No,intelligence
opp_score_e40e826b9f07,DAC-1601-INV-088346,62.4,Qualified Lead,80,active implementation; future planned disbursement; future budget cycle; reported budget; near-term funding window,next planned disbursement,Q4 2026,No,intelligence
opp_score_742f79cd7796,XM-DAC-41122-Rwanda-3750/A0/04/230/004,62.4,Qualified Lead,71,equipment demand; pipeline stage; reported budget; procurement language,no future dated funding signal,Monitor,Yes,intelligence
opp_score_0dfd4a30ac51,NL-KVK-27378529-CSS24KE01,62.3,Qualified Lead,80,equipment demand; active implementation; future budget cycle; reported budget; long-range funding window,next budget period,Q4 2027,No,intelligence
opp_score_dd46932830c3,DAC-1601-INV-095833,62.3,Qualified Lead,80,active implementation; future planned disbursement; future budget cycle; reported budget; near-term funding window,next planned disbursement,Q4 2026,No,intelligence
opp_score_108b79948568,DAC-1601-INV-091240,62.3,Qualified Lead,80,active implementation; future planned disbursement; future budget cycle; reported budget; near-term funding window,next planned disbursement,Q4 2026,No,intelligence
opp_score_9ffd44c076f0,DAC-1601-INV-070433,62.2,Qualified Lead,80,active implementation; future planned disbursement; future budget cycle; reported budget; near-term funding window,next planned disbursement,Q4 2026,No,intelligence
opp_score_92fc668b73e0,DAC-1601-INV-095684,62.2,Qualified Lead,80,active implementation; future planned disbursement; future budget cycle; reported budget; near-term funding window,next planned disbursement,Q4 2026,No,intelligence
opp_score_d19093b6c486,DAC-1601-INV-073040,62.0,Qualified Lead,80,active implementation; future planned disbursement; future budget cycle; reported budget; near-term funding window,next planned disbursement,Q4 2026,No,intelligence
opp_score_9059d667ee1d,DAC-1601-INV-090034,62.0,Qualified Lead,80,active implementation; future planned disbursement; future budget cycle; reported budget; near-term funding window,next planned disbursement,Q4 2026,No,intelligence
opp_score_e66e9abc2111,GB-GOV-1-300427-104,62.0,Qualified Lead,71,equipment demand; active implementation; reported budget; near-term funding window,next budget period,Q3 2026,No,intelligence
opp_score_f2634b2b3dd0,DAC-1601-INV-062657,61.9,Qualified Lead,80,active implementation; future planned disbursement; future budget cycle; reported budget; near-term funding window,next planned disbursement,Q4 2026,No,intelligence
opp_score_ffaf5b5bd2d8,XM-DAC-41122-Rwanda-3750/A0/04/230/006,61.9,Qualified Lead,71,equipment demand; pipeline stage; reported budget; procurement language,no future dated funding signal,Monitor,Yes,intelligence
opp_score_947f9dedda1c,DAC-1601-INV-044135,61.4,Qualified Lead,80,active implementation; future planned disbursement; future budget cycle; reported budget; near-term funding window,next planned disbursement,Q4 2026,No,intelligence
opp_score_226a43b575cb,XM-DAC-41301-758198,61.3,Qualified Lead,71,equipment demand; active implementation; future budget cycle; reported budget,next budget period,Q2 2029,No,intelligence
opp_score_a1a7326e1488,DAC-1601-INV-060615,61.2,Qualified Lead,80,active implementation; future planned disbursement; future budget cycle; reported budget; near-term funding window,next planned disbursement,Q4 2026,No,intelligence
opp_score_d75fdba6daa3,DAC-1601-INV-091012,61.1,Qualified Lead,80,active implementation; future planned disbursement; future budget cycle; reported budget; near-term funding window,next planned disbursement,Q4 2026,No,intelligence
opp_score_40d5a6785067,XM-DAC-928-SO-2026-27-07.002.EM01.SOM03,61.0,Qualified Lead,80,equipment demand; active implementation; future budget cycle; reported budget; near-term funding window,next budget period,Q4 2026,No,intelligence
opp_score_a066a4fd903c,DAC-1601-INV-071750,61.0,Qualified Lead,80,active implementation; future planned disbursement; future budget cycle; reported budget; near-term funding window,next planned disbursement,Q4 2026,No,intelligence
opp_score_cbb33ed07e99,DAC-1601-INV-045796,61.0,Qualified Lead,71,equipment demand; active implementation; reported budget; near-term funding window,next planned disbursement,Q4 2026,No,intelligence
opp_score_30dd4f8aeeb4,GB-GOV-1-300427-102,61.0,Qualified Lead,71,equipment demand; active implementation; reported budget; near-term funding window,next budget period,Q3 2026,No,intelligence
opp_score_f22b525afb94,XM-DAC-41122-United Rep. of Tanzania-4550/A0/06/002/004,60.9,Qualified Lead,80,active implementation; future planned disbursement; future budget cycle; reported budget; near-term funding window,next planned disbursement,Q1 2027,No,intelligence
opp_score_effcc2733c5d,DAC-1601-INV-025356,60.9,Qualified Lead,71,equipment demand; active implementation; reported budget; near-term funding window,next planned disbursement,Q4 2026,No,intelligence
opp_score_f61a8576054f,DAC-1601-INV-066653,60.8,Qualified Lead,80,active implementation; future planned disbursement; future budget cycle; reported budget; near-term funding window,next planned disbursement,Q4 2026,No,intelligence
opp_score_c1ecc67f3ad5,DAC-1601-INV-081681,60.8,Qualified Lead,80,active implementation; future planned disbursement; future budget cycle; reported budget; near-term funding window,next planned disbursement,Q4 2026,No,intelligence
opp_score_9b3138183767,XI-IATI-EC_INTPA-2026-PC-54167,60.7,Qualified Lead,71,equipment demand; active implementation; reported budget; near-term funding window,next budget period,Q3 2026,No,intelligence
opp_score_cf706a9e8567,DAC-1601-INV-001311,60.6,Qualified Lead,71,equipment demand; active implementation; reported budget; near-term funding window,next planned disbursement,Q4 2026,No,intelligence
opp_score_404dce171780,DAC-1601-INV-058630,60.6,Qualified Lead,71,equipment demand; active implementation; reported budget; near-term funding window,next planned disbursement,Q4 2026,No,intelligence
opp_score_9751c44f99c4,GB-GOV-1-300585-402,60.5,Qualified Lead,71,equipment demand; active implementation; reported budget; near-term funding window,next budget period,Q3 2026,No,intelligence
opp_score_78dcca94accd,DAC-1601-INV-032502,60.5,Qualified Lead,71,equipment demand; active implementation; reported budget; near-term funding window,next planned disbursement,Q4 2026,No,intelligence
opp_score_886be403b2f0,DAC-1601-OPP1128353,60.4,Qualified Lead,71,equipment demand; active implementation; reported budget; near-term funding window,next planned disbursement,Q4 2026,No,intelligence
opp_score_4dc86dff77c1,DAC-1601-INV-040665,60.3,Qualified Lead,71,equipment demand; active implementation; reported budget; near-term funding window,next planned disbursement,Q4 2026,No,intelligence
opp_score_5f9080446b7e,XM-DAC-5-7-6619014,60.3,Qualified Lead,71,equipment demand; pipeline stage; reported budget; procurement language,no future dated funding signal,Monitor,Yes,intelligence
opp_score_29ace7fc59be,DAC-1601-INV-043011,60.2,Qualified Lead,71,equipment demand; active implementation; reported budget; near-term funding window,next planned disbursement,Q4 2026,No,intelligence
opp_score_589c55f619c3,DAC-1601-INV-037325,60.2,Qualified Lead,71,equipment demand; active implementation; reported budget; near-term funding window,next planned disbursement,Q4 2026,No,intelligence
opp_score_947a52489358,DAC-1601-INV-096148,60.0,Qualified Lead,80,active implementation; future planned disbursement; future budget cycle; reported budget; near-term funding window,next planned disbursement,Q4 2026,No,intelligence
opp_score_bda5ad1f7124,DAC-1601-INV-075833,60.0,Qualified Lead,80,active implementation; future planned disbursement; future budget cycle; reported budget; near-term funding window,next planned disbursement,Q4 2026,No,intelligence
opp_score_e052f1bb3c2a,DAC-1601-INV-071951,60.0,Qualified Lead,71,equipment demand; active implementation; reported budget; near-term funding window,next planned disbursement,Q4 2026,No,intelligence
opp_score_5d3e720e135e,DAC-1601-INV-042705,60.0,Qualified Lead,71,equipment demand; active implementation; reported budget; near-term funding window,next planned disbursement,Q4 2026,No,intelligence
opp_score_5a35fe8e6bcb,DAC-1601-INV-047157,60.0,Qualified Lead,71,equipment demand; active implementation; reported budget; near-term funding window,next planned disbursement,Q4 2026,No,intelligence
opp_score_4c9f93aa045f,DAC-1601-INV-035091,60.0,Qualified Lead,71,equipment demand; active implementation; reported budget; near-term funding window,next planned disbursement,Q4 2026,No,intelligence
opp_score_95bf53470815,DAC-1601-INV-037989,60.0,Qualified Lead,71,equipment demand; active implementation; reported budget; near-term funding window,next planned disbursement,Q4 2026,No,intelligence
opp_score_f47fd98822f8,GB-COH-1110949-383141,60.0,Qualified Lead,71,equipment demand; active implementation; reported budget; procurement language,no future dated funding signal,Monitor,Yes,intelligence
opp_score_fdd0113e9696,CA-3-P011782001,60.0,Qualified Lead,71,equipment demand; active implementation; reported budget; procurement language,no future dated funding signal,Monitor,Yes,intelligence
opp_score_ac4b8d1636fb,DAC-1601-INV-059494,59.9,Watchlist,80,active implementation; future planned disbursement; future budget cycle; reported budget; near-term funding window,next planned disbursement,Q4 2026,No,intelligence
opp_score_84014c38238a,DAC-1601-INV-003079,59.9,Watchlist,71,equipment demand; active implementation; reported budget; near-term funding window,next planned disbursement,Q4 2026,No,intelligence
opp_score_37c5d99aaef1,DAC-1601-INV-035431,59.9,Watchlist,71,equipment demand; active implementation; reported budget; near-term funding window,next planned disbursement,Q4 2026,No,intelligence
opp_score_adaf1faa282b,CA-3-P009439001,59.8,Watchlist,71,equipment demand; active implementation; reported budget; procurement language,no future dated funding signal,Monitor,Yes,intelligence
opp_score_3286323e435c,DAC-1601-INV-054534,59.8,Watchlist,71,equipment demand; active implementation; reported budget; near-term funding window,next planned disbursement,Q4 2026,No,intelligence
opp_score_5d5b1348a0a7,DAC-1601-INV-056090,59.8,Watchlist,71,equipment demand; active implementation; reported budget; near-term funding window,next planned disbursement,Q4 2026,No,intelligence
opp_score_72373623251f,DAC-1601-INV-063957,59.8,Watchlist,71,equipment demand; active implementation; reported budget; near-term funding window,next planned disbursement,Q4 2026,No,intelligence
opp_score_796cd6c199eb,XM-DAC-41122-Uganda-4380/A0/07/001/001,59.7,Watchlist,80,active implementation; future planned disbursement; future budget cycle; reported budget; near-term funding window,next planned disbursement,Q1 2027,No,intelligence
opp_score_d15cfd177340,CA-3-P011782002,59.7,Watchlist,71,equipment demand; active implementation; reported budget; procurement language,no future dated funding signal,Monitor,Yes,intelligence
opp_score_8ee638f9d89a,DAC-1601-INV-059083,59.7,Watchlist,71,equipment demand; active implementation; reported budget; near-term funding window,next planned disbursement,Q4 2026,No,intelligence
opp_score_e93003825c4c,DAC-1601-INV-061043,59.7,Watchlist,71,equipment demand; active implementation; reported budget; near-term funding window,next planned disbursement,Q4 2026,No,intelligence
opp_score_50108cff81d9,DAC-1601-OPP1176271,59.7,Watchlist,71,equipment demand; active implementation; reported budget; near-term funding window,next planned disbursement,Q4 2026,No,intelligence
opp_score_1f61f9dfffd4,DAC-1601-INV-060359,59.7,Watchlist,71,equipment demand; active implementation; reported budget; near-term funding window,next planned disbursement,Q4 2026,No,intelligence
opp_score_5b8a51a9a0d1,DAC-1601-OPP1184363,59.7,Watchlist,71,equipment demand; active implementation; reported budget; near-term funding window,next planned disbursement,Q4 2026,No,intelligence
opp_score_55942fa0a047,GB-COH-09288843-Tanzania 2015-2020,59.5,Watchlist,71,equipment demand; active implementation; reported budget; procurement language,no future dated funding signal,Monitor,Yes,intelligence
opp_score_af2ada03fdc4,GB-COH-1858644-GB-1-205242,59.5,Watchlist,71,equipment demand; active implementation; reported budget; procurement language,no future dated funding signal,Monitor,Yes,intelligence
opp_score_8be9042a711b,DAC-1601-INV-047156,59.5,Watchlist,71,equipment demand; active implementation; reported budget; near-term funding window,next planned disbursement,Q4 2026,No,intelligence
opp_score_a2d4f38053b7,DAC-1601-INV-059244,59.5,Watchlist,71,equipment demand; active implementation; reported budget; near-term funding window,next planned disbursement,Q4 2026,No,intelligence
opp_score_72e07acf5152,DAC-1601-INV-076071,59.5,Watchlist,71,equipment demand; active implementation; reported budget; near-term funding window,next planned disbursement,Q4 2026,No,intelligence
opp_score_d271c947c508,DAC-1601-INV-063515,59.5,Watchlist,71,equipment demand; active implementation; reported budget; near-term funding window,next planned disbursement,Q4 2026,No,intelligence
opp_score_3b25225a42d1,GB-COH-09288843-Ethiopia 2017-2021,59.4,Watchlist,71,equipment demand; active implementation; reported budget; procurement language,no future dated funding signal,Monitor,Yes,intelligence
opp_score_fb3bbf413d1f,CA-3-P007519001,59.4,Watchlist,71,equipment demand; active implementation; reported budget; procurement language,no future dated funding signal,Monitor,Yes,intelligence
opp_score_f0c13478118c,DAC-1601-INV-052944,59.4,Watchlist,71,equipment demand; active implementation; reported budget; near-term funding window,next planned disbursement,Q4 2026,No,intelligence
opp_score_850e3901ac4a,XI-IATI-21032-4289CHANGE,59.3,Watchlist,71,equipment demand; active implementation; reported budget; procurement language,no future dated funding signal,Monitor,Yes,intelligence
opp_score_b0bf9351d805,DAC-1601-INV-061347,59.3,Watchlist,71,equipment demand; active implementation; reported budget; near-term funding window,next planned disbursement,Q4 2026,No,intelligence
opp_score_c58c730a7888,DAC-1601-INV-032846,59.3,Watchlist,71,equipment demand; active implementation; reported budget; near-term funding window,next planned disbursement,Q4 2026,No,intelligence
opp_score_e7b20440215c,DAC-1601-INV-036801,59.3,Watchlist,71,equipment demand; active implementation; reported budget; near-term funding window,next planned disbursement,Q4 2026,Yes,intelligence
opp_score_f9f89c2e193f,DAC-1601-INV-052483,59.3,Watchlist,71,equipment demand; active implementation; reported budget; near-term funding window,next planned disbursement,Q4 2026,No,intelligence
opp_score_b0cbe505589b,DAC-1601-INV-061643,59.3,Watchlist,71,equipment demand; active implementation; reported budget; near-term funding window,next planned disbursement,Q4 2026,Yes,intelligence
opp_score_55fb7e087f53,DAC-1601-INV-063420,59.2,Watchlist,71,equipment demand; active implementation; reported budget; near-term funding window,next planned disbursement,Q4 2026,No,intelligence
opp_score_288bcd5f9caf,DAC-1601-INV-036442,59.2,Watchlist,71,equipment demand; active implementation; reported budget; near-term funding window,next planned disbursement,Q4 2026,No,intelligence
opp_score_40997930e0b7,DAC-1601-INV-090471,59.2,Watchlist,71,equipment demand; active implementation; reported budget; near-term funding window,next planned disbursement,Q4 2026,No,intelligence
opp_score_c0bf861678fc,DAC-1601-INV-060088,59.1,Watchlist,71,equipment demand; active implementation; reported budget; near-term funding window,next planned disbursement,Q4 2026,No,intelligence
opp_score_89f2fa762de2,DAC-1601-INV-079883,59.1,Watchlist,71,equipment demand; active implementation; reported budget; near-term funding window,next planned disbursement,Q4 2026,No,intelligence
opp_score_44cf53d8ed88,DAC-1601-INV-049230,59.1,Watchlist,71,equipment demand; active implementation; reported budget; near-term funding window,next planned disbursement,Q4 2026,No,intelligence
opp_score_091a5ee12123,DAC-1601-INV-074308,59.1,Watchlist,71,equipment demand; active implementation; reported budget; near-term funding window,next planned disbursement,Q4 2026,No,intelligence
opp_score_e29d907cf8ad,DAC-1601-INV-087144,59.0,Watchlist,80,active implementation; future planned disbursement; future budget cycle; reported budget; near-term funding window,next planned disbursement,Q4 2026,No,intelligence
opp_score_4281cdbd198a,DAC-1601-INV-080886,59.0,Watchlist,71,equipment demand; active implementation; reported budget; near-term funding window,next planned disbursement,Q4 2026,No,intelligence
opp_score_d03e3bf15010,DAC-1601-INV-036219,59.0,Watchlist,71,equipment demand; active implementation; reported budget; near-term funding window,next planned disbursement,Q4 2026,No,intelligence
opp_score_b9aec04031db,DAC-1601-INV-076498,59.0,Watchlist,71,equipment demand; active implementation; reported budget; near-term funding window,next planned disbursement,Q4 2026,No,intelligence
opp_score_70ea46c9c9d0,DAC-1601-INV-079553,59.0,Watchlist,71,equipment demand; active implementation; reported budget; near-term funding window,next planned disbursement,Q4 2026,No,intelligence
opp_score_0f365fe7f494,47045-SSD-M-IBRD-1,59.0,Watchlist,71,equipment demand; active implementation; reported budget; procurement language,active implementation period,Active through Q4 2026,Yes,intelligence
opp_score_307da092a4a9,CA-3-D004593001,59.0,Watchlist,71,equipment demand; active implementation; reported budget; procurement language,no future dated funding signal,Monitor,Yes,intelligence
opp_score_ba6eaeace52e,US-EIN-27-1414646-DFIDGFA1,59.0,Watchlist,71,equipment demand; active implementation; reported budget; procurement language,no future dated funding signal,Monitor,Yes,intelligence
opp_score_ede58a470dbc,DAC-1601-INV-061673,59.0,Watchlist,71,equipment demand; active implementation; reported budget; near-term funding window,next planned disbursement,Q4 2026,No,intelligence
opp_score_1a7fbd534791,DAC-1601-INV-075897,59.0,Watchlist,71,equipment demand; active implementation; reported budget; near-term funding window,next planned disbursement,Q4 2026,No,intelligence
opp_score_4221df25629f,DAC-1601-INV-031899,59.0,Watchlist,71,equipment demand; active implementation; reported budget; near-term funding window,next planned disbursement,Q4 2026,No,intelligence
opp_score_3e69a0c9b623,DAC-1601-INV-076405,58.9,Watchlist,71,equipment demand; active implementation; reported budget; near-term funding window,next planned disbursement,Q4 2026,No,intelligence
opp_score_76bba49efa5b,DAC-1601-INV-049001,58.9,Watchlist,71,equipment demand; active implementation; reported budget; near-term funding window,next planned disbursement,Q4 2026,No,intelligence
opp_score_1866b8e582e9,DAC-1601-INV-036308,58.9,Watchlist,71,equipment demand; active implementation; reported budget; near-term funding window,next planned disbursement,Q4 2026,No,intelligence
opp_score_2524fe788ed1,GB-GOV-1-300237-102,58.9,Watchlist,71,equipment demand; active implementation; reported budget; procurement language,no future dated funding signal,Monitor,Yes,intelligence
opp_score_fa68a90160d7,GB-GOV-26-ISPF-MRC-8BZDF48-7Z3R57R-SSDNZHQ,58.8,Watchlist,80,active implementation; future planned disbursement; reported budget; near-term funding window; procurement language,next planned disbursement,Q4 2026,Yes,intelligence
opp_score_8c9621a50d0f,DAC-1601-INV-058392,58.8,Watchlist,71,equipment demand; active implementation; reported budget; near-term funding window,next planned disbursement,Q4 2026,No,intelligence
opp_score_08d0df7e2720,DAC-1601-INV-092251,58.8,Watchlist,71,equipment demand; active implementation; reported budget; near-term funding window,next planned disbursement,Q4 2026,No,intelligence
opp_score_110464177dd9,DAC-1601-INV-042788,58.8,Watchlist,71,equipment demand; active implementation; reported budget; near-term funding window,next planned disbursement,Q4 2026,No,intelligence
opp_score_6fcf75ebebaa,41AAA-21747-003,58.8,Watchlist,71,equipment demand; active implementation; reported budget; procurement language,no future dated funding signal,Monitor,Yes,intelligence
opp_score_061d390e3886,DAC-1601-INV-079976,58.7,Watchlist,71,equipment demand; active implementation; reported budget; near-term funding window,next planned disbursement,Q4 2026,No,intelligence
opp_score_e2d46c8dae6c,DAC-1601-INV-063608,58.7,Watchlist,71,equipment demand; active implementation; reported budget; near-term funding window,next planned disbursement,Q4 2026,No,intelligence
opp_score_78aecd116a25,DAC-1601-INV-036236,58.7,Watchlist,71,equipment demand; active implementation; reported budget; near-term funding window,next planned disbursement,Q4 2026,No,intelligence
opp_score_468b9638bcb1,DAC-1601-INV-079156,58.7,Watchlist,71,equipment demand; active implementation; reported budget; near-term funding window,next planned disbursement,Q4 2026,No,intelligence
opp_score_fe94ad904081,FI-3-2014-2014140718,58.7,Watchlist,71,equipment demand; active implementation; reported budget; procurement language,no future dated funding signal,Monitor,Yes,intelligence
opp_score_d0a25210f0f6,DAC-1601-INV-062627,58.6,Watchlist,71,equipment demand; active implementation; reported budget; near-term funding window,next planned disbursement,Q4 2026,No,intelligence
opp_score_a1eca196172c,DAC-1601-INV-064730,58.6,Watchlist,71,equipment demand; active implementation; reported budget; near-term funding window,next planned disbursement,Q4 2026,No,intelligence
opp_score_4a46fda680af,DAC-1601-INV-078600,58.6,Watchlist,71,equipment demand; active implementation; reported budget; near-term funding window,next planned disbursement,Q4 2026,No,intelligence
opp_score_9c101e802a5c,FI-3-2023-2023230094,58.6,Watchlist,71,equipment demand; active implementation; reported budget; procurement language,no future dated funding signal,Monitor,Yes,intelligence
opp_score_8c3b222dee27,ET-CSA-1233-4000005844,58.5,Watchlist,71,equipment demand; active implementation; reported budget; procurement language,no future dated funding signal,Monitor,Yes,intelligence
opp_score_3ee187d0db39,NL-KVK-41158230-FANLUG0002,58.5,Watchlist,71,equipment demand; active implementation; reported budget; procurement language,active implementation period,Active through Q4 2026,Yes,intelligence
opp_score_ca95425b93ad,FR-3-CCD1119,58.5,Watchlist,71,equipment demand; active implementation; reported budget; procurement language,no future dated funding signal,Monitor,Yes,intelligence
opp_score_91f66c9ad717,FR-3-CCD111901,58.5,Watchlist,71,equipment demand; active implementation; reported budget; procurement language,no future dated funding signal,Monitor,Yes,intelligence
opp_score_09b6e64e9881,GB-CHC-222655-LIGHT,58.5,Watchlist,71,equipment demand; active implementation; reported budget; procurement language,no future dated funding signal,Monitor,Yes,intelligence
opp_score_ae38d160fcc8,DAC-1601-INV-066510,58.5,Watchlist,71,equipment demand; active implementation; reported budget; near-term funding window,next planned disbursement,Q4 2026,No,intelligence
opp_score_6536a3ec8282,DAC-1601-INV-081328,58.5,Watchlist,71,equipment demand; active implementation; reported budget; near-term funding window,next planned disbursement,Q4 2026,No,intelligence
opp_score_9d1c374864b0,DAC-1601-INV-073132,58.5,Watchlist,71,equipment demand; active implementation; reported budget; near-term funding window,next planned disbursement,Q4 2026,No,intelligence
opp_score_6efdce4f5e41,41AAA-22182-001,58.5,Watchlist,71,equipment demand; active implementation; reported budget; procurement language,no future dated funding signal,Monitor,Yes,intelligence
opp_score_407cf0d4f3a5,GB-CHC-1076822-82605096,58.4,Watchlist,71,equipment demand; active implementation; reported budget; procurement language,no future dated funding signal,Monitor,Yes,intelligence
opp_score_909319e8388d,DAC-1601-INV-092934,58.4,Watchlist,71,equipment demand; active implementation; reported budget; near-term funding window,next planned disbursement,Q4 2026,No,intelligence
opp_score_e68e10451715,DAC-1601-INV-094472,58.4,Watchlist,71,equipment demand; active implementation; reported budget; near-term funding window,next planned disbursement,Q4 2026,No,intelligence
opp_score_37c4768ceb09,DAC-1601-INV-096865,58.3,Watchlist,80,active implementation; future planned disbursement; future budget cycle; reported budget; near-term funding window,next planned disbursement,Q4 2026,No,intelligence
opp_score_2b42610428d5,NO-BRC-971277882-QZA-19/0212-316,58.3,Watchlist,71,equipment demand; active implementation; reported budget; procurement language,no future dated funding signal,Monitor,Yes,intelligence
opp_score_d5abcda18604,DAC-1601-INV-073272,58.2,Watchlist,80,active implementation; future planned disbursement; future budget cycle; reported budget; near-term funding window,next planned disbursement,Q4 2026,No,intelligence
opp_score_7847b75453aa,41AAA-23475-001,58.2,Watchlist,71,equipment demand; active implementation; reported budget; procurement language,no future dated funding signal,Monitor,Yes,intelligence
opp_score_34acc60862b4,DAC-1601-INV-079278,58.2,Watchlist,71,equipment demand; active implementation; reported budget; near-term funding window,next planned disbursement,Q4 2026,No,intelligence
opp_score_85d98dcb056b,DAC-1601-INV-086143,58.2,Watchlist,71,equipment demand; active implementation; reported budget; near-term funding window,next planned disbursement,Q4 2026,No,intelligence
opp_score_33f4f08fefab,DAC-1601-INV-085623,58.2,Watchlist,71,equipment demand; active implementation; reported budget; near-term funding window,next planned disbursement,Q4 2026,No,intelligence
opp_score_373328a53b1a,NO-BRC-971277882-QZA-18/0159-356,58.1,Watchlist,71,equipment demand; active implementation; reported budget; procurement language,no future dated funding signal,Monitor,Yes,intelligence
opp_score_6ea4a526586b,GB-CHC-1076822-82605186,58.1,Watchlist,71,equipment demand; active implementation; reported budget; procurement language,no future dated funding signal,Monitor,Yes,intelligence
opp_score_a63aec46a86c,DAC-1601-INV-097149,58.1,Watchlist,71,equipment demand; active implementation; reported budget; near-term funding window,next planned disbursement,Q4 2026,No,intelligence
opp_score_884cfdf9ac2e,DAC-1601-INV-078838,58.0,Watchlist,80,active implementation; future planned disbursement; future budget cycle; reported budget; near-term funding window,next planned disbursement,Q4 2026,No,intelligence
opp_score_4ce4ec4b3b22,NL-KVK-27378529-4000002159,58.0,Watchlist,71,equipment demand; active implementation; reported budget; procurement language,no future dated funding signal,Monitor,Yes,intelligence
opp_score_2b77f01b2319,XM-OCHA-HPC6770-12719,58.0,Watchlist,71,equipment demand; active implementation; reported budget; procurement language,no future dated funding signal,Monitor,Yes,intelligence
opp_score_69b244d47b4f,GB-COH-2695347-10922,58.0,Watchlist,71,equipment demand; active implementation; reported budget; procurement language,no future dated funding signal,Monitor,Yes,intelligence
opp_score_de95db7000a3,GB-GOV-1-301474-417,58.0,Watchlist,71,equipment demand; active implementation; reported budget; procurement language,active implementation period,Active through Q1 2028,Yes,intelligence
opp_score_82ed3308532a,DAC-1601-INV-082265,58.0,Watchlist,71,equipment demand; active implementation; reported budget; near-term funding window,next planned disbursement,Q4 2026,No,intelligence
opp_score_6f57300a775d,XI-IATI-EC_INTPA-2024-PC-48745,58.0,Watchlist,71,equipment demand; active implementation; near-term funding window; procurement language,next budget period,Q3 2026,Yes,intelligence
opp_score_338d177158e2,XI-IATI-EC_INTPA-2025-PC-54719,58.0,Watchlist,71,equipment demand; active implementation; near-term funding window; procurement language,next budget period,Q3 2026,Yes,intelligence
opp_score_42bfe90a0007,XI-IATI-EC_INTPA-2025-PC-61350,58.0,Watchlist,71,equipment demand; active implementation; near-term funding window; procurement language,next budget period,Q3 2026,Yes,intelligence
opp_score_965f346d315d,XI-IATI-EC_INTPA-2022-PC-20034,58.0,Watchlist,71,equipment demand; active implementation; near-term funding window; procurement language,next budget period,Q3 2026,Yes,intelligence
opp_score_0fb0073b03b9,XI-IATI-EC_INTPA-2022-PC-20119,58.0,Watchlist,71,equipment demand; active implementation; near-term funding window; procurement language,next budget period,Q3 2026,Yes,intelligence
opp_score_9f8bbb41cbc4,XI-IATI-EC_INTPA-2023-PC-22174,58.0,Watchlist,71,equipment demand; active implementation; near-term funding window; procurement language,next budget period,Q3 2026,Yes,intelligence
opp_score_d7fced571dd2,XI-IATI-EC_INTPA-2024-PC-28014,58.0,Watchlist,71,equipment demand; active implementation; near-term funding window; procurement language,next budget period,Q3 2026,Yes,intelligence
opp_score_39250f769163,XI-IATI-EC_INTPA-2025-PC-54163,58.0,Watchlist,71,equipment demand; active implementation; near-term funding window; procurement language,next budget period,Q3 2026,Yes,intelligence
opp_score_7b6b5660b3f4,XM-DAC-41122-Somalia-3920/A0/06/101/001,58.0,Watchlist,62,equipment demand; pipeline stage; reported budget,no future dated funding signal,Monitor,No,intelligence
opp_score_d3433a4d491d,XM-DAC-41122-Democratic Republic of Congo-0990/A0/07/007/007,58.0,Watchlist,62,equipment demand; pipeline stage; reported budget,no future dated funding signal,Monitor,No,intelligence
opp_score_89e6bc07a26f,XM-DAC-41122-Somalia-3920/A0/06/101/002,58.0,Watchlist,62,equipment demand; pipeline stage; reported budget,no future dated funding signal,Monitor,No,intelligence
opp_score_eb139243bed6,XM-DAC-41122-South Sudan-4040/A0/01/001/001,58.0,Watchlist,62,equipment demand; pipeline stage; reported budget,no future dated funding signal,Monitor,No,intelligence
opp_score_4e192061c661,FI-3-2021-2019000219,57.9,Watchlist,71,equipment demand; active implementation; reported budget; procurement language,no future dated funding signal,Monitor,Yes,intelligence
opp_score_e4108ac8dbc6,GB-COH-11126312-AT2030-Cluster-1-22-23,57.9,Watchlist,71,equipment demand; active implementation; reported budget; procurement language,no future dated funding signal,Monitor,Yes,intelligence
opp_score_55820f87600c,GB-COH-213890-82606050,57.9,Watchlist,71,equipment demand; active implementation; reported budget; procurement language,no future dated funding signal,Monitor,Yes,intelligence
opp_score_6e4d7ed3ab27,GB-COH-RC000631-VacAMR-NIHR156011,57.9,Watchlist,71,equipment demand; active implementation; reported budget; procurement language,active implementation period,Active through Q2 2028,Yes,intelligence
opp_score_591ba594da09,KE-KRA-P051637065Q-VacAMR-NIHR156011,57.9,Watchlist,71,equipment demand; active implementation; reported budget; procurement language,no future dated funding signal,Monitor,Yes,intelligence
opp_score_0b163237ed89,GB-GOV-1-300237-101,57.9,Watchlist,71,equipment demand; active implementation; reported budget; procurement language,no future dated funding signal,Monitor,Yes,intelligence
opp_score_1d10e76cd3a4,GB-EDU-133903-ITD101170IR,57.9,Watchlist,71,equipment demand; active implementation; reported budget; procurement language,no future dated funding signal,Monitor,Yes,intelligence
opp_score_3ca45aa40254,DAC-1601-INV-074895,57.9,Watchlist,71,equipment demand; active implementation; reported budget; near-term funding window,next planned disbursement,Q4 2026,No,intelligence
opp_score_5c6d2205b9b8,DAC-1601-INV-078825,57.9,Watchlist,71,equipment demand; active implementation; reported budget; near-term funding window,next planned disbursement,Q4 2026,No,intelligence
opp_score_c8eb72ad2d8b,DAC-1601-INV-078827,57.9,Watchlist,71,equipment demand; active implementation; reported budget; near-term funding window,next planned disbursement,Q4 2026,No,intelligence
opp_score_de169d7d5c61,41AAA-24554-001,57.8,Watchlist,71,equipment demand; active implementation; reported budget; procurement language,no future dated funding signal,Monitor,Yes,intelligence
opp_score_bf00e0ebfb51,KE-RCO-CPR-2009-5689-3803-LKHF,57.8,Watchlist,71,equipment demand; active implementation; reported budget; procurement language,no future dated funding signal,Monitor,Yes,intelligence
opp_score_cf84015a6103,NO-BRC-971277882-UGA-19/0003,57.8,Watchlist,71,equipment demand; active implementation; reported budget; procurement language,no future dated funding signal,Monitor,Yes,intelligence
opp_score_a15870d7ba16,FI-3-2014-2013130088,57.8,Watchlist,71,equipment demand; active implementation; reported budget; procurement language,no future dated funding signal,Monitor,Yes,intelligence
opp_score_15809ece953e,GB-COH-RC000797-GHRKENYA,57.8,Watchlist,71,equipment demand; active implementation; reported budget; procurement language,no future dated funding signal,Monitor,Yes,intelligence
opp_score_1ea820f89c47,GB-CHC-261488-AOA24GK,57.8,Watchlist,71,equipment demand; active implementation; reported budget; procurement language,no future dated funding signal,Monitor,Yes,intelligence
opp_score_257e73f33361,DAC-1601-INV-078953,57.8,Watchlist,71,equipment demand; active implementation; reported budget; near-term funding window,next planned disbursement,Q4 2026,No,intelligence
opp_score_6f60e6565dea,DAC-1601-INV-096686,57.8,Watchlist,71,equipment demand; active implementation; reported budget; near-term funding window,next planned disbursement,Q4 2026,No,intelligence
opp_score_eedaab29a851,XM-DAC-41122-South Sudan-4040/A0/01/001/003,57.8,Watchlist,62,equipment demand; pipeline stage; reported budget,no future dated funding signal,Monitor,No,intelligence
opp_score_ef51ff5a37d1,XM-DAC-41122-Ethiopia-1410/A0/05/002/002,57.8,Watchlist,62,equipment demand; pipeline stage; reported budget,no future dated funding signal,Monitor,No,intelligence
opp_score_3ef0612bc4d0,XM-DAC-41122-Ethiopia-1410/A0/05/001/003,57.8,Watchlist,62,equipment demand; pipeline stage; reported budget,no future dated funding signal,Monitor,No,intelligence
opp_score_872577e50c6c,XM-DAC-41122-Uganda-4380/A0/04/105/003,57.8,Watchlist,62,equipment demand; pipeline stage; reported budget,no future dated funding signal,Monitor,No,intelligence
opp_score_b347d967a6e3,XM-OCHA-HPC6770-9592,57.7,Watchlist,71,equipment demand; active implementation; reported budget; procurement language,no future dated funding signal,Monitor,Yes,intelligence
opp_score_ea02c43ba1a2,US-EIN-13-5660870-DF220,57.7,Watchlist,71,equipment demand; active implementation; reported budget; procurement language,no future dated funding signal,Monitor,Yes,intelligence
opp_score_c86c18bcb81d,FI-3-2015-2014140718,57.7,Watchlist,71,equipment demand; active implementation; reported budget; procurement language,no future dated funding signal,Monitor,Yes,intelligence
opp_score_ff89d9fafd22,US-EIN-13-3327220-SHINE,57.7,Watchlist,71,equipment demand; active implementation; reported budget; procurement language,no future dated funding signal,Monitor,Yes,intelligence
opp_score_ea0b53758c60,GB-CHC-1076822-82604611,57.7,Watchlist,71,equipment demand; active implementation; reported budget; procurement language,no future dated funding signal,Monitor,Yes,intelligence
opp_score_949879fc4e8d,GB-GOV-10-GHRG_3_133208,57.7,Watchlist,71,equipment demand; active implementation; reported budget; procurement language,active implementation period,Active through Q3 2026,Yes,intelligence
opp_score_26e21cce47ad,US-EIN-13-5660870-DF215,57.7,Watchlist,71,equipment demand; active implementation; reported budget; procurement language,no future dated funding signal,Monitor,Yes,intelligence
opp_score_d2fa04510d06,GB-COH-04465125-NIHR-P93366,57.7,Watchlist,71,equipment demand; active implementation; reported budget; procurement language,no future dated funding signal,Monitor,Yes,intelligence
opp_score_4807f18c91c8,GB-CHC-1099776-I1,57.7,Watchlist,71,equipment demand; active implementation; reported budget; procurement language,no future dated funding signal,Monitor,Yes,intelligence
opp_score_7ba0ef92cc93,XM-DAC-41122-Somalia-3920/A0/06/001/043,57.7,Watchlist,62,equipment demand; pipeline stage; reported budget,no future dated funding signal,Monitor,No,intelligence
opp_score_381ce5c6e42c,XM-DAC-41122-Somalia-3920/A0/06/101/010,57.7,Watchlist,62,equipment demand; pipeline stage; reported budget,no future dated funding signal,Monitor,Yes,intelligence
opp_score_db376647344d,NL-KVK-27378529-27115,57.6,Watchlist,71,equipment demand; active implementation; reported budget; procurement language,no future dated funding signal,Monitor,Yes,intelligence
opp_score_59b9a4a1b807,FI-3-2013-2013130088,57.6,Watchlist,71,equipment demand; active implementation; reported budget; procurement language,no future dated funding signal,Monitor,Yes,intelligence
opp_score_cdcfd7fe7042,GB-COH-11126312-GB-COH-11126312-GB-COH-11126312-AT2030-v3-Cluster-5-24-25,57.6,Watchlist,71,equipment demand; active implementation; reported budget; procurement language,active implementation period,Active through Q1 2030,Yes,intelligence
opp_score_e43322b6fd4f,XM-DAC-41122-Ethiopia-1410/A0/05/308/007,57.6,Watchlist,62,equipment demand; pipeline stage; reported budget,no future dated funding signal,Monitor,No,intelligence
opp_score_dde94c8ff059,XM-DAC-41122-Kenya-2400/A0/04/009/001,57.6,Watchlist,62,equipment demand; pipeline stage; reported budget,no future dated funding signal,Monitor,No,intelligence
opp_score_ab7e4ea5095b,GB-COH-09288843-RwandaSPaR2018-2021,57.6,Watchlist,62,equipment demand; pipeline stage; reported budget,no future dated funding signal,Monitor,No,intelligence
opp_score_fdf0eb0edfc9,XM-DAC-41122-Kenya-2400/A0/05/007/003,57.6,Watchlist,62,equipment demand; pipeline stage; reported budget,no future dated funding signal,Monitor,No,intelligence
opp_score_246c69b62b59,XM-DAC-41122-Kenya-2400/A0/05/007/004,57.6,Watchlist,62,equipment demand; pipeline stage; reported budget,no future dated funding signal,Monitor,No,intelligence
opp_score_3d6317596c37,XM-DAC-41122-Somalia-3920/A0/06/012/002,57.6,Watchlist,62,equipment demand; pipeline stage; reported budget,no future dated funding signal,Monitor,Yes,intelligence
opp_score_04b490edfdb9,XM-OCHA-HPC6770-11280,57.5,Watchlist,71,equipment demand; active implementation; reported budget; procurement language,no future dated funding signal,Monitor,Yes,intelligence
opp_score_8291f24287a7,XM-DAC-41122-Uganda-4380/A0/04/105/007,57.5,Watchlist,62,equipment demand; pipeline stage; reported budget,no future dated funding signal,Monitor,No,intelligence
opp_score_8a7d8c293367,XM-DAC-41122-South Sudan-4040/A0/03/001/004,57.5,Watchlist,62,equipment demand; pipeline stage; reported budget,no future dated funding signal,Monitor,No,intelligence
opp_score_df8879128653,XM-DAC-41122-Uganda-4380/A0/04/105/004,57.5,Watchlist,62,equipment demand; pipeline stage; reported budget,no future dated funding signal,Monitor,No,intelligence
opp_score_881504806349,XM-DAC-41122-Democratic Republic of Congo-0990/A0/05/301/096,57.5,Watchlist,62,equipment demand; pipeline stage; reported budget,no future dated funding signal,Monitor,No,intelligence
opp_score_29ee05617d70,XM-DAC-41122-South Sudan-4040/A0/03/880/004,57.5,Watchlist,62,equipment demand; pipeline stage; reported budget,no future dated funding signal,Monitor,No,intelligence
opp_score_8668a0e13eba,XM-DAC-41122-Rwanda-3750/A0/05/100/002,57.5,Watchlist,62,equipment demand; pipeline stage; reported budget,no future dated funding signal,Monitor,No,intelligence
opp_score_b414b059d26b,XM-OCHA-HPC6770-16399,57.4,Watchlist,71,equipment demand; active implementation; reported budget; procurement language,no future dated funding signal,Monitor,Yes,intelligence
opp_score_e56dac63548e,XM-DAC-41122-Kenya-2400/A0/04/008/002,57.4,Watchlist,62,equipment demand; pipeline stage; reported budget,no future dated funding signal,Monitor,No,intelligence
opp_score_f1790f15c6ab,XM-DAC-41122-Democratic Republic of Congo-0990/A0/05/303/064,57.4,Watchlist,62,equipment demand; pipeline stage; reported budget,no future dated funding signal,Monitor,No,intelligence
opp_score_de10760e5efe,XM-DAC-41122-South Sudan-4040/A0/02/001/001,57.4,Watchlist,62,equipment demand; pipeline stage; reported budget,no future dated funding signal,Monitor,No,intelligence
opp_score_9a0e53f8acaf,XM-DAC-41122-Ethiopia-1410/A0/05/003/002,57.4,Watchlist,62,equipment demand; pipeline stage; reported budget,no future dated funding signal,Monitor,No,intelligence
opp_score_d6e205171640,XM-DAC-41122-South Sudan-4040/A0/03/002/005,57.4,Watchlist,62,equipment demand; pipeline stage; reported budget,no future dated funding signal,Monitor,No,intelligence
opp_score_080e3b3dcadf,XM-DAC-41122-Rwanda-3750/A0/05/003/001,57.4,Watchlist,62,equipment demand; pipeline stage; reported budget,no future dated funding signal,Monitor,No,intelligence
opp_score_d653f9d74b78,NL-KVK-27108436-A-07860-03:CD,57.3,Watchlist,80,active implementation; future planned disbursement; future budget cycle; reported budget; near-term funding window,next planned disbursement,Q3 2027,No,intelligence
opp_score_bc5afed361b2,41AAA-24600-001,57.3,Watchlist,71,equipment demand; active implementation; reported budget; procurement language,no future dated funding signal,Monitor,Yes,intelligence
opp_score_a9b668ac0589,US-EIN-13-5660870-DF219,57.3,Watchlist,71,equipment demand; active implementation; reported budget; procurement language,no future dated funding signal,Monitor,Yes,intelligence
opp_score_66a85e43a4eb,XM-OCHA-HPC6770-11279,57.3,Watchlist,71,equipment demand; active implementation; reported budget; procurement language,no future dated funding signal,Monitor,Yes,intelligence
opp_score_f79f0b23b7cc,XM-OCHA-HPC6770-12390,57.3,Watchlist,71,equipment demand; active implementation; reported budget; procurement language,no future dated funding signal,Monitor,Yes,intelligence
opp_score_399a158b61c9,US-EIN-13-5660870-DF246,57.3,Watchlist,71,equipment demand; active implementation; reported budget; procurement language,no future dated funding signal,Monitor,Yes,intelligence
opp_score_93c642ddd77e,US-EIN-13-5660870-DF206,57.3,Watchlist,71,equipment demand; active implementation; reported budget; procurement language,no future dated funding signal,Monitor,Yes,intelligence
opp_score_6acf13d9fbf3,XM-DAC-41122-South Sudan-4040/A0/01/001/099,57.3,Watchlist,62,equipment demand; pipeline stage; reported budget,no future dated funding signal,Monitor,No,intelligence
opp_score_dfa373d71940,XM-DAC-41122-Ethiopia-1410/A0/05/102/001,57.3,Watchlist,62,equipment demand; pipeline stage; reported budget,no future dated funding signal,Monitor,No,intelligence
opp_score_0ae9c29a2983,XM-DAC-41122-Ethiopia-1410/A0/05/003/003,57.3,Watchlist,62,equipment demand; pipeline stage; reported budget,no future dated funding signal,Monitor,No,intelligence
opp_score_704f880e8acc,XM-OCHA-HPC6770-10992,57.2,Watchlist,71,equipment demand; active implementation; reported budget; procurement language,no future dated funding signal,Monitor,Yes,intelligence
opp_score_5dcf35ac3482,FI-3-2015-2013130088,57.2,Watchlist,71,equipment demand; active implementation; reported budget; procurement language,no future dated funding signal,Monitor,Yes,intelligence
opp_score_15f701fb824c,XM-DAC-41122-South Sudan-4040/A0/01/001/005,57.2,Watchlist,62,equipment demand; pipeline stage; reported budget,no future dated funding signal,Monitor,No,intelligence
opp_score_0d2dad9e5816,XM-DAC-41122-Kenya-2400/A0/05/008/002,57.2,Watchlist,62,equipment demand; pipeline stage; reported budget,no future dated funding signal,Monitor,No,intelligence
opp_score_4b2da416dc91,XM-DAC-41122-United Rep. of Tanzania-4550/A0/04/101/005,57.2,Watchlist,62,equipment demand; pipeline stage; reported budget,no future dated funding signal,Monitor,No,intelligence
opp_score_71f010a1c4f7,XM-DAC-41122-Democratic Republic of Congo-0990/A0/05/301/021,57.2,Watchlist,62,equipment demand; pipeline stage; reported budget,no future dated funding signal,Monitor,No,intelligence
opp_score_27f95b89327e,XM-DAC-41122-Ethiopia-1410/A0/05/001/006,57.2,Watchlist,62,equipment demand; pipeline stage; reported budget,no future dated funding signal,Monitor,No,intelligence
opp_score_c1c032ea3433,41AAA-24612-001,57.1,Watchlist,71,equipment demand; active implementation; reported budget; procurement language,no future dated funding signal,Monitor,Yes,intelligence
opp_score_dc846704c0e5,US-EIN-27-1414646-MAMNCH1,57.1,Watchlist,71,equipment demand; active implementation; reported budget; procurement language,no future dated funding signal,Monitor,Yes,intelligence
opp_score_e05b4735da1c,XM-OCHA-HPC6770-12519,57.1,Watchlist,71,equipment demand; active implementation; reported budget; procurement language,no future dated funding signal,Monitor,Yes,intelligence
opp_score_b17a31c14ec9,XM-DAC-41122-South Sudan-4040/A0/01/001/002,57.1,Watchlist,62,equipment demand; pipeline stage; reported budget,no future dated funding signal,Monitor,No,intelligence
opp_score_c4d308748f2e,XM-DAC-41122-Somalia-3920/A0/06/001/002,57.1,Watchlist,62,equipment demand; pipeline stage; reported budget,no future dated funding signal,Monitor,No,intelligence
opp_score_759796a6fc64,XM-DAC-41122-Rwanda-3750/A0/04/230/003,57.1,Watchlist,62,equipment demand; pipeline stage; reported budget,no future dated funding signal,Monitor,No,intelligence
opp_score_fcc08952c848,XM-DAC-41122-Ethiopia-1410/A0/05/001/004,57.1,Watchlist,62,equipment demand; pipeline stage; reported budget,no future dated funding signal,Monitor,No,intelligence
opp_score_136e4331a9a9,FI-3-2018-2018180163,57.0,Watchlist,71,equipment demand; active implementation; reported budget; procurement language,no future dated funding signal,Monitor,Yes,intelligence
opp_score_4b18d5314ab7,DE-1-202329332,57.0,Watchlist,71,equipment demand; active implementation; reported budget; procurement language,active implementation period,Active through Q2 2027,Yes,intelligence
opp_score_c67556e96e97,FI-3-2018-2014140918,57.0,Watchlist,71,equipment demand; active implementation; reported budget; procurement language,no future dated funding signal,Monitor,Yes,intelligence
opp_score_602234d047a0,NL-KVK-41160054-201220,57.0,Watchlist,71,equipment demand; active implementation; reported budget; procurement language,no future dated funding signal,Monitor,Yes,intelligence
opp_score_85a7ec97b6a8,GB-GOV-1-301474-414,57.0,Watchlist,71,equipment demand; active implementation; reported budget; procurement language,no future dated funding signal,Monitor,Yes,intelligence
opp_score_dbef1d84bd6e,US-EIN-13-5660870-DF229,57.0,Watchlist,71,equipment demand; active implementation; reported budget; procurement language,no future dated funding signal,Monitor,Yes,intelligence
opp_score_edae9464b902,XM-OCHA-HPC6770-14816,57.0,Watchlist,71,equipment demand; active implementation; reported budget; procurement language,no future dated funding signal,Monitor,Yes,intelligence
opp_score_d4e760381d92,XM-DAC-41122-United Rep. of Tanzania-4550/A0/04/101/006,57.0,Watchlist,62,equipment demand; pipeline stage; reported budget,no future dated funding signal,Monitor,No,intelligence
opp_score_c2bcd40f2ebd,XM-DAC-41122-South Sudan-4040/A0/02/001/002,57.0,Watchlist,62,equipment demand; pipeline stage; reported budget,no future dated funding signal,Monitor,No,intelligence
opp_score_492b3fccdd51,XM-DAC-41122-South Sudan-4040/A0/02/880/004,57.0,Watchlist,62,equipment demand; pipeline stage; reported budget,no future dated funding signal,Monitor,No,intelligence
opp_score_38aadfe7d28d,XM-DAC-41122-Uganda-4380/A0/04/105/002,57.0,Watchlist,62,equipment demand; pipeline stage; reported budget,no future dated funding signal,Monitor,No,intelligence
opp_score_4f48a02c2724,XM-DAC-41122-United Rep. of Tanzania-4550/A0/04/101/010,57.0,Watchlist,62,equipment demand; pipeline stage; reported budget,no future dated funding signal,Monitor,No,intelligence
opp_score_0c6b1e87c79a,XM-DAC-41122-South Sudan-4040/A0/01/002/099,57.0,Watchlist,62,equipment demand; pipeline stage; reported budget,no future dated funding signal,Monitor,No,intelligence
opp_score_062e083c1278,NL-KVK-41160054-201432,56.9,Watchlist,71,equipment demand; active implementation; reported budget; procurement language,no future dated funding signal,Monitor,Yes,intelligence
opp_score_59d20b746572,KE-KRA-P051097200R-997,56.9,Watchlist,71,equipment demand; active implementation; reported budget; procurement language,no future dated funding signal,Monitor,Yes,intelligence
opp_score_f51952b4423d,NL-KVK-41209946-Kenya,56.9,Watchlist,71,equipment demand; active implementation; reported budget; procurement language,no future dated funding signal,Monitor,Yes,intelligence
opp_score_ab305ebc9d12,FI-3-2019-2014140918,56.9,Watchlist,71,equipment demand; active implementation; reported budget; procurement language,no future dated funding signal,Monitor,Yes,intelligence
opp_score_1b3223593e3a,GH-TIN-V0004162595-SHARP,56.9,Watchlist,71,equipment demand; active implementation; reported budget; procurement language,no future dated funding signal,Monitor,Yes,intelligence
opp_score_cc9dbad74644,GB-GOV-1-301474-419,56.9,Watchlist,71,equipment demand; active implementation; reported budget; procurement language,no future dated funding signal,Monitor,Yes,intelligence
opp_score_1cf2bf8eecbb,XM-DAC-41122-Somalia-3920/A0/06/103/002,56.9,Watchlist,62,equipment demand; pipeline stage; reported budget,no future dated funding signal,Monitor,No,intelligence
opp_score_08ce8c728663,XM-DAC-41122-Ethiopia-1410/A0/05/002/004,56.9,Watchlist,62,equipment demand; pipeline stage; reported budget,no future dated funding signal,Monitor,No,intelligence
opp_score_7f4095b47f6f,XM-DAC-41122-Uganda-4380/A0/04/105/005,56.9,Watchlist,62,equipment demand; pipeline stage; reported budget,no future dated funding signal,Monitor,No,intelligence
opp_score_148d5b207d21,XM-DAC-41122-Somalia-3920/A0/06/102/002,56.9,Watchlist,62,equipment demand; pipeline stage; reported budget,no future dated funding signal,Monitor,No,intelligence
opp_score_a174af8f31f3,XM-OCHA-HPC6770-10960,56.8,Watchlist,71,equipment demand; active implementation; reported budget; procurement language,no future dated funding signal,Monitor,Yes,intelligence
opp_score_516e50081580,XM-OCHAS-HPC6770-7677,56.8,Watchlist,71,equipment demand; active implementation; reported budget; procurement language,no future dated funding signal,Monitor,Yes,intelligence
opp_score_7037e58ddefd,FI-3-2019-2018180163,56.8,Watchlist,71,equipment demand; active implementation; reported budget; procurement language,no future dated funding signal,Monitor,Yes,intelligence
opp_score_ad75fdd554ee,FI-3-2020-2018180163,56.8,Watchlist,71,equipment demand; active implementation; reported budget; procurement language,no future dated funding signal,Monitor,Yes,intelligence
opp_score_108eda8de641,GB-CHC-1099776-1A,56.8,Watchlist,71,equipment demand; active implementation; reported budget; procurement language,no future dated funding signal,Monitor,Yes,intelligence
opp_score_a5c090233a59,NL-KVK-41150298-2154,56.8,Watchlist,71,equipment demand; active implementation; reported budget; procurement language,active implementation period,Active through Q4 2029,Yes,intelligence
opp_score_e8e16bc27de8,XM-DAC-41122-Somalia-3920/A0/06/001/001,56.8,Watchlist,62,equipment demand; pipeline stage; reported budget,no future dated funding signal,Monitor,No,intelligence
opp_score_fc9170b7f368,XM-DAC-41122-Democratic Republic of Congo-0990/A0/05/303/068,56.8,Watchlist,62,equipment demand; pipeline stage; reported budget,no future dated funding signal,Monitor,No,intelligence
opp_score_1776d26a1cdd,XM-DAC-41122-South Sudan-4040/A0/02/001/006,56.8,Watchlist,62,equipment demand; pipeline stage; reported budget,no future dated funding signal,Monitor,No,intelligence
opp_score_72e86a500217,XM-DAC-41122-Kenya-2400/A0/05/009/002,56.8,Watchlist,62,equipment demand; pipeline stage; reported budget,no future dated funding signal,Monitor,No,intelligence
opp_score_08243661d413,XM-DAC-41122-Uganda-4380/A0/04/106/004,56.8,Watchlist,62,equipment demand; pipeline stage; reported budget,no future dated funding signal,Monitor,No,intelligence
opp_score_c3ceec80b145,XM-DAC-41122-Ethiopia-1410/A0/05/001/001,56.8,Watchlist,62,equipment demand; pipeline stage; reported budget,no future dated funding signal,Monitor,No,intelligence
opp_score_3816fd1936d2,XM-OCHA-HPC6770-16400,56.7,Watchlist,71,equipment demand; active implementation; reported budget; procurement language,no future dated funding signal,Monitor,Yes,intelligence
opp_score_0e51c3788d77,DE-1-202430510,56.7,Watchlist,71,equipment demand; active implementation; reported budget; procurement language,active implementation period,Active through Q4 2027,Yes,intelligence
opp_score_290c419410d7,FI-3-2015-2014140918,56.7,Watchlist,71,equipment demand; active implementation; reported budget; procurement language,no future dated funding signal,Monitor,Yes,intelligence
opp_score_3722ccd80bb9,FI-3-2016-2016160064,56.7,Watchlist,71,equipment demand; active implementation; reported budget; procurement language,no future dated funding signal,Monitor,Yes,intelligence
opp_score_1d56700ea030,FI-3-2017-2016160064,56.7,Watchlist,71,equipment demand; active implementation; reported budget; procurement language,no future dated funding signal,Monitor,Yes,intelligence
opp_score_cdc9addb70bd,XM-DAC-41122-Ethiopia-1410/A0/05/002/001,56.7,Watchlist,62,equipment demand; pipeline stage; reported budget,no future dated funding signal,Monitor,No,intelligence
opp_score_9e88c9a6f2b0,XM-DAC-41122-Democratic Republic of Congo-0990/A0/05/301/008,56.7,Watchlist,62,equipment demand; pipeline stage; reported budget,no future dated funding signal,Monitor,No,intelligence
opp_score_103dd2d04400,XM-DAC-41122-Somalia-3920/A0/06/101/007,56.7,Watchlist,62,equipment demand; pipeline stage; reported budget,no future dated funding signal,Monitor,No,intelligence
opp_score_7e783b744b5b,XM-DAC-41122-Ethiopia-1410/A0/05/102/008,56.7,Watchlist,62,equipment demand; pipeline stage; reported budget,no future dated funding signal,Monitor,No,intelligence
opp_score_e8cb0311c654,XM-DAC-41122-Uganda-4380/A0/04/105/006,56.7,Watchlist,62,equipment demand; pipeline stage; reported budget,no future dated funding signal,Monitor,No,intelligence
opp_score_a42824b997ae,XM-DAC-41122-South Sudan-4040/A0/01/001/004,56.7,Watchlist,62,equipment demand; pipeline stage; reported budget,no future dated funding signal,Monitor,No,intelligence
opp_score_6318a0a6f209,XM-DAC-41122-South Sudan-4040/A0/01/008/004,56.7,Watchlist,62,equipment demand; pipeline stage; reported budget,no future dated funding signal,Monitor,No,intelligence
opp_score_3f30e9b8d0fc,US-EIN-13-5660870-SV608,56.6,Watchlist,71,equipment demand; active implementation; reported budget; procurement language,no future dated funding signal,Monitor,Yes,intelligence
opp_score_80603ee0fd99,NL-KVK-41150298-2157,56.6,Watchlist,71,equipment demand; active implementation; reported budget; procurement language,active implementation period,Active through Q4 2029,Yes,intelligence
opp_score_f527f1b76fbb,FI-3-2021-2018180163,56.6,Watchlist,71,equipment demand; active implementation; reported budget; procurement language,no future dated funding signal,Monitor,Yes,intelligence
opp_score_505ee2987bcd,FI-3-2018-2018180162,56.6,Watchlist,71,equipment demand; active implementation; reported budget; procurement language,no future dated funding signal,Monitor,Yes,intelligence
opp_score_427d20ef99b5,FI-3-2019-2018180162,56.6,Watchlist,71,equipment demand; active implementation; reported budget; procurement language,no future dated funding signal,Monitor,Yes,intelligence
opp_score_6a51b7bb27ad,GB-CHC-261488-ETA61GK,56.6,Watchlist,71,equipment demand; active implementation; reported budget; procurement language,no future dated funding signal,Monitor,Yes,intelligence
opp_score_c71a86095f8e,XM-DAC-41122-Kenya-2400/A0/04/007/004,56.6,Watchlist,62,equipment demand; pipeline stage; reported budget,no future dated funding signal,Monitor,No,intelligence
opp_score_e98523b52d26,XM-DAC-41122-Kenya-2400/A0/04/008/001,56.6,Watchlist,62,equipment demand; pipeline stage; reported budget,no future dated funding signal,Monitor,No,intelligence
opp_score_4eaee2473155,XM-DAC-41122-Uganda-4380/A0/04/105/001,56.6,Watchlist,62,equipment demand; pipeline stage; reported budget,no future dated funding signal,Monitor,No,intelligence
opp_score_63822a3a4da2,XM-DAC-41122-Somalia-3920/A0/06/012/006,56.6,Watchlist,62,equipment demand; pipeline stage; reported budget,no future dated funding signal,Monitor,No,intelligence
opp_score_696364ffeb8f,XM-DAC-41122-United Rep. of Tanzania-4550/A0/04/102/003,56.6,Watchlist,62,equipment demand; pipeline stage; reported budget,no future dated funding signal,Monitor,No,intelligence
opp_score_667ef4a1e4f6,XM-DAC-41122-Kenya-2400/A0/04/007/003,56.6,Watchlist,62,equipment demand; pipeline stage; reported budget,no future dated funding signal,Monitor,No,intelligence
opp_score_128f14041f00,NL-KVK-41207580-4000,56.5,Watchlist,71,equipment demand; active implementation; reported budget; procurement language,no future dated funding signal,Monitor,Yes,intelligence
opp_score_04922ae266c6,FI-3-2021-2014140918,56.5,Watchlist,71,equipment demand; active implementation; reported budget; procurement language,no future dated funding signal,Monitor,Yes,intelligence
opp_score_2b4886770b0a,FI-3-2020-2014140918,56.5,Watchlist,71,equipment demand; active implementation; reported budget; procurement language,no future dated funding signal,Monitor,Yes,intelligence
opp_score_e4baf7774d16,FI-3-2016-2014140918,56.5,Watchlist,71,equipment demand; active implementation; reported budget; procurement language,no future dated funding signal,Monitor,Yes,intelligence
opp_score_cf214d9685b6,FI-3-2012-2011110017,56.5,Watchlist,71,equipment demand; active implementation; reported budget; procurement language,no future dated funding signal,Monitor,Yes,intelligence
opp_score_889e9930052e,GB-1-205206-406,56.5,Watchlist,71,equipment demand; active implementation; reported budget; procurement language,no future dated funding signal,Monitor,Yes,intelligence
opp_score_a748b9b21f0a,XM-DAC-41122-Democratic Republic of Congo-0990/A0/05/304/005,56.5,Watchlist,62,equipment demand; pipeline stage; reported budget,no future dated funding signal,Monitor,No,intelligence
opp_score_493b30a0d686,XM-DAC-41122-Somalia-3920/A0/06/101/011,56.5,Watchlist,62,equipment demand; pipeline stage; reported budget,no future dated funding signal,Monitor,No,intelligence
opp_score_8ae953af18cd,XM-DAC-41122-Somalia-3920/A0/06/102/003,56.5,Watchlist,62,equipment demand; pipeline stage; reported budget,no future dated funding signal,Monitor,No,intelligence
opp_score_f36ebe4ada01,XM-DAC-41122-Ethiopia-1410/A0/05/101/011,56.5,Watchlist,62,equipment demand; pipeline stage; reported budget,no future dated funding signal,Monitor,No,intelligence
opp_score_1fab2f742d6e,XM-DAC-41122-Somalia-3920/A0/06/101/004,56.5,Watchlist,62,equipment demand; pipeline stage; reported budget,no future dated funding signal,Monitor,No,intelligence
opp_score_a8bfc643c213,XM-DAC-41122-Ethiopia-1410/A0/05/001/005,56.5,Watchlist,62,equipment demand; pipeline stage; reported budget,no future dated funding signal,Monitor,No,intelligence
opp_score_9006a66c5a03,XM-DAC-41122-South Sudan-4040/A0/01/001/007,56.5,Watchlist,62,equipment demand; pipeline stage; reported budget,no future dated funding signal,Monitor,No,intelligence
opp_score_c7b489cfb241,XM-DAC-41122-Democratic Republic of Congo-0990/A0/05/301/020,56.5,Watchlist,62,equipment demand; pipeline stage; reported budget,no future dated funding signal,Monitor,No,intelligence
opp_score_08fc296c95d2,XM-DAC-41122-Kenya-2400/A0/05/008/001,56.5,Watchlist,62,equipment demand; pipeline stage; reported budget,no future dated funding signal,Monitor,No,intelligence
opp_score_57d3f2ba35a6,XM-DAC-41122-Ethiopia-1410/A0/05/203/004,56.5,Watchlist,62,equipment demand; pipeline stage; reported budget,no future dated funding signal,Monitor,No,intelligence
opp_score_12d82904b35f,XM-DAC-41122-Rwanda-3750/A0/05/100/003,56.5,Watchlist,62,equipment demand; pipeline stage; reported budget,no future dated funding signal,Monitor,No,intelligence
opp_score_17b2617778eb,XM-DAC-41122-Rwanda-3750/A0/05/002/003,56.5,Watchlist,62,equipment demand; pipeline stage; reported budget,no future dated funding signal,Monitor,No,intelligence
opp_score_b7c98ad7e20d,XM-DAC-41122-Kenya-2400/A0/04/008/003,56.5,Watchlist,62,equipment demand; pipeline stage; reported budget,no future dated funding signal,Monitor,No,intelligence
opp_score_2a0c89d45fb9,FI-3-2020-2018180162,56.4,Watchlist,71,equipment demand; active implementation; reported budget; procurement language,no future dated funding signal,Monitor,Yes,intelligence
opp_score_01115284046d,XM-DAC-41122-Rwanda-3750/A0/05/100/004,56.4,Watchlist,62,equipment demand; pipeline stage; reported budget,no future dated funding signal,Monitor,No,intelligence
opp_score_d5d9a5adf36f,XM-DAC-41122-Somalia-3920/A0/06/001/003,56.4,Watchlist,62,equipment demand; pipeline stage; reported budget,no future dated funding signal,Monitor,No,intelligence
opp_score_0e2c55d61752,XM-DAC-41122-Somalia-3920/A0/06/012/015,56.4,Watchlist,62,equipment demand; pipeline stage; reported budget,no future dated funding signal,Monitor,No,intelligence
opp_score_69716e674164,XM-DAC-41122-Rwanda-3750/A0/04/220/003,56.4,Watchlist,62,equipment demand; pipeline stage; reported budget,no future dated funding signal,Monitor,No,intelligence
opp_score_faa7ef38449e,FI-3-2016-2016160084,56.3,Watchlist,71,equipment demand; active implementation; reported budget; procurement language,no future dated funding signal,Monitor,Yes,intelligence
opp_score_1a92473eedac,FI-3-2017-2016160084,56.3,Watchlist,71,equipment demand; active implementation; reported budget; procurement language,no future dated funding signal,Monitor,Yes,intelligence
opp_score_fa0a9e6cc219,FI-3-2017-2014140918,56.3,Watchlist,71,equipment demand; active implementation; reported budget; procurement language,no future dated funding signal,Monitor,Yes,intelligence
opp_score_1d8cd3e86ba6,XM-DAC-41122-Kenya-2400/A0/05/007/001,56.3,Watchlist,62,equipment demand; pipeline stage; reported budget,no future dated funding signal,Monitor,No,intelligence
opp_score_30d987cfebf5,XM-DAC-41122-South Sudan-4040/A0/02/003/002,56.3,Watchlist,62,equipment demand; pipeline stage; reported budget,no future dated funding signal,Monitor,No,intelligence
opp_score_84c62c6f35bc,XM-DAC-41122-United Rep. of Tanzania-4550/A0/04/101/004,56.3,Watchlist,62,equipment demand; pipeline stage; reported budget,no future dated funding signal,Monitor,No,intelligence
opp_score_91db755aadc3,XM-DAC-41122-South Sudan-4040/A0/02/002/002,56.3,Watchlist,62,equipment demand; pipeline stage; reported budget,no future dated funding signal,Monitor,No,intelligence
opp_score_75245b0e446b,XM-DAC-41122-Kenya-2400/A0/05/008/003,56.3,Watchlist,62,equipment demand; pipeline stage; reported budget,no future dated funding signal,Monitor,No,intelligence
opp_score_239fa3adc0e8,XM-DAC-41122-Ethiopia-1410/A0/05/001/008,56.3,Watchlist,62,equipment demand; pipeline stage; reported budget,no future dated funding signal,Monitor,No,intelligence
opp_score_a2b9f67c98e6,XM-DAC-41122-Democratic Republic of Congo-0990/A0/05/301/097,56.3,Watchlist,62,equipment demand; pipeline stage; reported budget,no future dated funding signal,Monitor,No,intelligence
opp_score_87de55c74473,XM-DAC-41122-Ethiopia-1410/A0/05/308/008,56.3,Watchlist,62,equipment demand; pipeline stage; reported budget,no future dated funding signal,Monitor,No,intelligence
opp_score_21bcd971739f,FI-3-2018-2016160064,56.2,Watchlist,71,equipment demand; active implementation; reported budget; procurement language,no future dated funding signal,Monitor,Yes,intelligence
opp_score_b9544d2d8212,FI-3-2021-2018180162,56.2,Watchlist,71,equipment demand; active implementation; reported budget; procurement language,no future dated funding signal,Monitor,Yes,intelligence
opp_score_598d81f2b155,FI-3-2023-2023230096,56.2,Watchlist,71,equipment demand; active implementation; reported budget; procurement language,no future dated funding signal,Monitor,Yes,intelligence
opp_score_1cd77eec6cd2,FI-3-2013-2007070349,56.2,Watchlist,71,equipment demand; active implementation; reported budget; procurement language,no future dated funding signal,Monitor,Yes,intelligence
opp_score_bd4d6ecc8ba2,GB-GOV-1-300237-105,56.2,Watchlist,71,equipment demand; active implementation; reported budget; procurement language,no future dated funding signal,Monitor,Yes,intelligence
opp_score_420558d717c1,GB-CHC-1076497-UKAMEastAfricaEarlyIntervention,56.2,Watchlist,71,equipment demand; active implementation; reported budget; procurement language,no future dated funding signal,Monitor,Yes,intelligence
opp_score_a2477ec4a980,XM-DAC-41122-South Sudan-4040/A0/01/002/101,56.2,Watchlist,62,equipment demand; pipeline stage; reported budget,no future dated funding signal,Monitor,No,intelligence
opp_score_40efccd34822,XM-DAC-41122-United Rep. of Tanzania-4550/A0/04/101/002,56.2,Watchlist,62,equipment demand; pipeline stage; reported budget,no future dated funding signal,Monitor,No,intelligence
opp_score_6651935b40cc,XM-DAC-41122-South Sudan-4040/A0/03/002/006,56.2,Watchlist,62,equipment demand; pipeline stage; reported budget,no future dated funding signal,Monitor,No,intelligence
opp_score_68ceec5d47c9,41AAA-24687-001,56.1,Watchlist,71,equipment demand; active implementation; reported budget; procurement language,no future dated funding signal,Monitor,Yes,intelligence
opp_score_6398173b5f7f,FI-3-2023-2023230140,56.1,Watchlist,71,equipment demand; active implementation; reported budget; procurement language,no future dated funding signal,Monitor,Yes,intelligence
opp_score_409604429db5,FI-3-2013-2010100023,56.1,Watchlist,71,equipment demand; active implementation; reported budget; procurement language,no future dated funding signal,Monitor,Yes,intelligence
opp_score_9e239e2521fe,FI-3-2023-2023230141,56.1,Watchlist,71,equipment demand; active implementation; reported budget; procurement language,no future dated funding signal,Monitor,Yes,intelligence
opp_score_bf288e67fef3,GB-CHC-1076822-82604465,56.1,Watchlist,71,equipment demand; active implementation; reported budget; procurement language,no future dated funding signal,Monitor,Yes,intelligence
opp_score_2d771dde0baa,XM-DAC-41122-Ethiopia-1410/A0/05/102/007,56.1,Watchlist,62,equipment demand; pipeline stage; reported budget,no future dated funding signal,Monitor,No,intelligence
opp_score_8fbec9f7f6a3,XM-DAC-41122-Democratic Republic of Congo-0990/A0/05/301/002,56.1,Watchlist,62,equipment demand; pipeline stage; reported budget,no future dated funding signal,Monitor,No,intelligence
opp_score_5ca814b3ea13,XM-DAC-41122-Somalia-3920/A0/06/005/007,56.1,Watchlist,62,equipment demand; pipeline stage; reported budget,no future dated funding signal,Monitor,No,intelligence
opp_score_0a49ad9b8465,XM-DAC-41122-Democratic Republic of Congo-0990/A0/05/304/006,56.1,Watchlist,62,equipment demand; pipeline stage; reported budget,no future dated funding signal,Monitor,No,intelligence
opp_score_52174f2c2bdd,XM-DAC-41122-Kenya-2400/A0/04/013/002,56.1,Watchlist,62,equipment demand; pipeline stage; reported budget,no future dated funding signal,Monitor,No,intelligence
opp_score_fefcc165487e,XM-DAC-41122-Ethiopia-1410/A0/05/101/004,56.1,Watchlist,62,equipment demand; pipeline stage; reported budget,no future dated funding signal,Monitor,No,intelligence
opp_score_1dfc3520f2bd,NL-KVK-41160054-201529,56.0,Watchlist,71,equipment demand; active implementation; reported budget; procurement language,no future dated funding signal,Monitor,Yes,intelligence
opp_score_8d642c3dfdeb,UG-NGB-5914-252-N141,56.0,Watchlist,71,equipment demand; active implementation; reported budget; procurement language,no future dated funding signal,Monitor,Yes,intelligence
opp_score_a87481724ea8,FI-3-2013-2010100022,56.0,Watchlist,71,equipment demand; active implementation; reported budget; procurement language,no future dated funding signal,Monitor,Yes,intelligence
opp_score_6c45d56d3822,XM-DAC-41122-Kenya-2400/A0/04/009/002,56.0,Watchlist,62,equipment demand; pipeline stage; reported budget,no future dated funding signal,Monitor,No,intelligence
opp_score_f84412ffe51f,XM-DAC-41122-Somalia-3920/A0/06/101/012,56.0,Watchlist,62,equipment demand; pipeline stage; reported budget,no future dated funding signal,Monitor,No,intelligence
opp_score_4cdd35cf775a,KR-GOV-021-22ED00028,56.0,Watchlist,62,equipment demand; pipeline stage; near-term funding window,next planned disbursement,Q4 2026,Yes,intelligence
opp_score_10671a4afdd4,KR-GOV-021-20ED00023,56.0,Watchlist,62,equipment demand; pipeline stage; near-term funding window,next planned disbursement,Q4 2026,No,intelligence
opp_score_d2d06db68823,XM-DAC-41122-Democratic Republic of Congo-0990/A0/05/301/087,56.0,Watchlist,62,equipment demand; pipeline stage; near-term funding window,next planned disbursement,Q4 2026,No,intelligence
opp_score_cd69186a512c,XM-DAC-41122-Democratic Republic of Congo-0990/A0/05/301/059,56.0,Watchlist,62,equipment demand; pipeline stage; near-term funding window,next planned disbursement,Q4 2026,No,intelligence
opp_score_c7f69a5c2268,XI-IATI-EC_INTPA-2026-PC-84612,56.0,Watchlist,62,equipment demand; pipeline stage; near-term funding window,planned activity start,Q3 2026,No,intelligence
opp_score_898e3f9f371c,XM-DAC-41122-Democratic Republic of Congo-0990/A0/05/301/075,56.0,Watchlist,62,equipment demand; pipeline stage; near-term funding window,next planned disbursement,Q4 2026,No,intelligence
opp_score_47d87178d8be,DAC-1601-INV-095066,55.9,Watchlist,80,active implementation; future planned disbursement; future budget cycle; reported budget; near-term funding window,next planned disbursement,Q4 2026,No,intelligence
opp_score_ac01b56e9f76,XM-OCHAS-HPC6770-7679,55.9,Watchlist,71,equipment demand; active implementation; reported budget; procurement language,no future dated funding signal,Monitor,Yes,intelligence
opp_score_52235a799c90,FI-3-2018-2014140013,55.9,Watchlist,71,equipment demand; active implementation; reported budget; procurement language,no future dated funding signal,Monitor,Yes,intelligence
opp_score_4ad4549950b8,XM-DAC-41122-Ethiopia-1410/A0/05/002/005,55.9,Watchlist,62,equipment demand; pipeline stage; reported budget,no future dated funding signal,Monitor,No,intelligence
opp_score_2c114969b336,XM-DAC-41122-Kenya-2400/A0/04/009/003,55.9,Watchlist,62,equipment demand; pipeline stage; reported budget,no future dated funding signal,Monitor,No,intelligence
opp_score_13a8a8f0825c,XM-DAC-301-2-110117-001,55.8,Watchlist,71,equipment demand; active implementation; reported budget; 12-month funding window,next budget period,Q1 2027,No,intelligence
opp_score_be9894e24cb0,DK-CVR-20074035-Y1015-recycling_for_development_drcongo,55.8,Watchlist,71,equipment demand; active implementation; reported budget; procurement language,no future dated funding signal,Monitor,Yes,intelligence
opp_score_07a96c6ff2f8,FI-3-2014-2010100022,55.8,Watchlist,71,equipment demand; active implementation; reported budget; procurement language,no future dated funding signal,Monitor,Yes,intelligence
opp_score_ccb56609ba3c,XM-OCHAS-HPC6770-7678,55.8,Watchlist,71,equipment demand; active implementation; reported budget; procurement language,no future dated funding signal,Monitor,Yes,intelligence
opp_score_adc8ee67bafc,FI-3-2012-2001013663,55.8,Watchlist,71,equipment demand; active implementation; reported budget; procurement language,no future dated funding signal,Monitor,Yes,intelligence
opp_score_84aa595a4645,FI-3-2020-2019000167,55.8,Watchlist,71,equipment demand; active implementation; reported budget; procurement language,no future dated funding signal,Monitor,Yes,intelligence
opp_score_9959165c965c,FI-3-2021-2019000167,55.8,Watchlist,71,equipment demand; active implementation; reported budget; procurement language,no future dated funding signal,Monitor,Yes,intelligence
opp_score_f4c8f51c1b13,FI-3-2016-2010100022,55.8,Watchlist,71,equipment demand; active implementation; reported budget; procurement language,no future dated funding signal,Monitor,Yes,intelligence
opp_score_c44a9318013d,GB-COH-RC000797-R121836-LAMRNaudit,55.8,Watchlist,71,equipment demand; active implementation; reported budget; procurement language,no future dated funding signal,Monitor,Yes,intelligence
opp_score_4699d9658425,XM-DAC-41122-Democratic Republic of Congo-0990/A0/05/303/084,55.8,Watchlist,62,equipment demand; pipeline stage; reported budget,no future dated funding signal,Monitor,No,intelligence
opp_score_1acf8911c00f,XM-DAC-41122-Somalia-3920/A0/06/101/006,55.8,Watchlist,62,equipment demand; pipeline stage; reported budget,no future dated funding signal,Monitor,No,intelligence
opp_score_875c7e57a1c0,XM-DAC-41122-Somalia-3920/A0/06/101/003,55.8,Watchlist,62,equipment demand; pipeline stage; reported budget,no future dated funding signal,Monitor,No,intelligence
opp_score_367f3ecfffb6,XM-DAC-41122-Rwanda-3750/A0/04/220/001,55.8,Watchlist,62,equipment demand; pipeline stage; reported budget,no future dated funding signal,Monitor,No,intelligence
opp_score_094cc2a2f3f7,XM-DAC-41122-Somalia-3920/A0/06/005/013,55.8,Watchlist,62,equipment demand; pipeline stage; reported budget,no future dated funding signal,Monitor,No,intelligence
opp_score_c641ca027018,FI-3-2014-2010100023,55.7,Watchlist,71,equipment demand; active implementation; reported budget; procurement language,no future dated funding signal,Monitor,Yes,intelligence
opp_score_02e41a30e264,GB-GOV-1-300415-111,55.7,Watchlist,71,equipment demand; active implementation; reported budget; procurement language,no future dated funding signal,Monitor,Yes,intelligence
opp_score_24e35ea8208e,XM-DAC-41122-Somalia-3920/A0/06/001/040,55.7,Watchlist,62,equipment demand; pipeline stage; reported budget,no future dated funding signal,Monitor,No,intelligence
opp_score_42b396c0a5f8,XM-DAC-41122-Democratic Republic of Congo-0990/A0/05/303/085,55.7,Watchlist,62,equipment demand; pipeline stage; reported budget,no future dated funding signal,Monitor,No,intelligence
opp_score_38c1975046ad,XM-DAC-41122-Ethiopia-1410/A0/05/002/003,55.7,Watchlist,62,equipment demand; pipeline stage; reported budget,no future dated funding signal,Monitor,No,intelligence
opp_score_323d7e8b86d4,XM-DAC-41122-Democratic Republic of Congo-0990/A0/07/007/002,55.7,Watchlist,62,equipment demand; pipeline stage; reported budget,no future dated funding signal,Monitor,No,intelligence
opp_score_891dbeea4c5e,XM-DAC-41122-Somalia-3920/A0/06/003/005,55.7,Watchlist,62,equipment demand; pipeline stage; reported budget,no future dated funding signal,Monitor,No,intelligence
opp_score_4730fe75677c,FI-3-2019-2019190139,55.6,Watchlist,71,equipment demand; active implementation; reported budget; procurement language,no future dated funding signal,Monitor,Yes,intelligence
opp_score_6c1402adbf7b,FI-3-2020-2019000169,55.6,Watchlist,71,equipment demand; active implementation; reported budget; procurement language,no future dated funding signal,Monitor,Yes,intelligence
opp_score_6f605574ae87,FI-3-2023-2023230139,55.6,Watchlist,71,equipment demand; active implementation; reported budget; procurement language,no future dated funding signal,Monitor,Yes,intelligence
opp_score_e94e29de11a5,FI-3-2021-2019000169,55.6,Watchlist,71,equipment demand; active implementation; reported budget; procurement language,no future dated funding signal,Monitor,Yes,intelligence
opp_score_6a7070880822,FI-3-2017-2010100022,55.6,Watchlist,71,equipment demand; active implementation; reported budget; procurement language,no future dated funding signal,Monitor,Yes,intelligence
opp_score_5a4470cb883c,XM-DAC-41122-Ethiopia-1410/A0/05/101/003,55.6,Watchlist,62,equipment demand; pipeline stage; reported budget,no future dated funding signal,Monitor,No,intelligence
opp_score_09bf4ee3e956,XM-DAC-41122-Ethiopia-1410/A0/05/102/005,55.6,Watchlist,62,equipment demand; pipeline stage; reported budget,no future dated funding signal,Monitor,No,intelligence
opp_score_f69b5608384e,XM-DAC-41122-Ethiopia-1410/A0/05/101/012,55.6,Watchlist,62,equipment demand; pipeline stage; reported budget,no future dated funding signal,Monitor,No,intelligence
opp_score_c67dcee2082c,XM-DAC-41122-Somalia-3920/A0/06/002/003,55.6,Watchlist,62,equipment demand; pipeline stage; reported budget,no future dated funding signal,Monitor,No,intelligence
opp_score_34075a7a0576,XM-DAC-41122-Ethiopia-1410/A0/05/101/017,55.6,Watchlist,62,equipment demand; pipeline stage; reported budget,no future dated funding signal,Monitor,No,intelligence
opp_score_b3fd7735371e,FI-3-2015-2010100022,55.5,Watchlist,71,equipment demand; active implementation; reported budget; procurement language,no future dated funding signal,Monitor,Yes,intelligence
opp_score_41cfca4d8475,GB-CHC-1113101-AGL15,55.5,Watchlist,71,equipment demand; active implementation; reported budget; procurement language,no future dated funding signal,Monitor,Yes,intelligence
opp_score_0bf181b06f6e,XM-DAC-41122-Ethiopia-1410/A0/05/203/005,55.5,Watchlist,62,equipment demand; pipeline stage; reported budget,no future dated funding signal,Monitor,No,intelligence
opp_score_14b3a5c24d64,XM-DAC-41122-Somalia-3920/A0/06/016/003,55.5,Watchlist,62,equipment demand; pipeline stage; reported budget,no future dated funding signal,Monitor,No,intelligence
opp_score_e5987038c837,XM-DAC-41122-South Sudan-4040/A0/01/002/001,55.5,Watchlist,62,equipment demand; pipeline stage; reported budget,no future dated funding signal,Monitor,No,intelligence
opp_score_5e5e85d4704e,XM-DAC-41122-Ethiopia-1410/A0/05/101/015,55.5,Watchlist,62,equipment demand; pipeline stage; reported budget,no future dated funding signal,Monitor,No,intelligence
opp_score_97814ddbd1cb,FI-3-2013-2013130111,55.4,Watchlist,71,equipment demand; active implementation; reported budget; procurement language,no future dated funding signal,Monitor,Yes,intelligence
opp_score_5711657e3046,FI-3-2012-2012000139,55.4,Watchlist,71,equipment demand; active implementation; reported budget; procurement language,no future dated funding signal,Monitor,Yes,intelligence
opp_score_1da173860e90,XM-DAC-41122-Ethiopia-1410/A0/05/001/002,55.4,Watchlist,62,equipment demand; pipeline stage; reported budget,no future dated funding signal,Monitor,No,intelligence
opp_score_9a49d1ec8f02,XM-DAC-41122-Ethiopia-1410/A0/05/001/009,55.4,Watchlist,62,equipment demand; pipeline stage; reported budget,no future dated funding signal,Monitor,No,intelligence
opp_score_bab72d1ccae6,XM-DAC-41122-Somalia-3920/A0/06/003/008,55.4,Watchlist,62,equipment demand; pipeline stage; reported budget,no future dated funding signal,Monitor,No,intelligence
opp_score_3cce09649ace,NL-KVK-27108436-A-07645-02:UG,55.3,Watchlist,71,equipment demand; active implementation; reported budget; procurement language,no future dated funding signal,Monitor,Yes,intelligence
opp_score_e0ad618b0b33,XM-DAC-41122-Democratic Republic of Congo-0990/A0/05/301/004,55.3,Watchlist,62,equipment demand; pipeline stage; reported budget,no future dated funding signal,Monitor,No,intelligence
opp_score_fdaf8a68c500,XM-DAC-41122-Somalia-3920/A0/06/003/004,55.3,Watchlist,62,equipment demand; pipeline stage; reported budget,no future dated funding signal,Monitor,No,intelligence
opp_score_6dbce77ef45a,XM-DAC-41122-Democratic Republic of Congo-0990/A0/05/301/015,55.3,Watchlist,62,equipment demand; pipeline stage; reported budget,no future dated funding signal,Monitor,No,intelligence
opp_score_2280e0dd291d,XM-DAC-41122-Ethiopia-1410/A0/05/102/004,55.3,Watchlist,62,equipment demand; pipeline stage; reported budget,no future dated funding signal,Monitor,No,intelligence
opp_score_94c4e672c81f,XM-DAC-41122-Somalia-3920/A0/06/001/007,55.3,Watchlist,62,equipment demand; pipeline stage; reported budget,no future dated funding signal,Monitor,No,intelligence
opp_score_8c7396b1a853,DAC-1601-INV-095061,55.2,Watchlist,80,active implementation; future planned disbursement; future budget cycle; reported budget; near-term funding window,next planned disbursement,Q4 2026,No,intelligence
opp_score_f08a85cec640,DAC-1601-INV-095062,55.2,Watchlist,80,active implementation; future planned disbursement; future budget cycle; reported budget; near-term funding window,next planned disbursement,Q4 2026,No,intelligence
opp_score_9fd8299cba20,FI-3-2024-2024240181,55.2,Watchlist,71,equipment demand; active implementation; reported budget; procurement language,no future dated funding signal,Monitor,Yes,intelligence
opp_score_c8aee271f58c,FI-3-2020-2019190139,55.2,Watchlist,71,equipment demand; active implementation; reported budget; procurement language,no future dated funding signal,Monitor,Yes,intelligence
opp_score_1345470e8159,GB-CHC-1113101-AGS30,55.2,Watchlist,71,equipment demand; active implementation; reported budget; procurement language,no future dated funding signal,Monitor,Yes,intelligence
opp_score_124750b5f4db,GB-GOV-1-300427-101,55.2,Watchlist,71,equipment demand; active implementation; reported budget; procurement language,no future dated funding signal,Monitor,Yes,intelligence
opp_score_610c0a4bbc1b,XM-DAC-41122-Democratic Republic of Congo-0990/A0/05/303/065,55.2,Watchlist,62,equipment demand; pipeline stage; reported budget,no future dated funding signal,Monitor,No,intelligence
opp_score_b367c823612c,XM-DAC-41122-Ethiopia-1410/A0/05/102/009,55.2,Watchlist,62,equipment demand; pipeline stage; reported budget,no future dated funding signal,Monitor,No,intelligence
opp_score_edeb8663a868,XM-DAC-41122-Democratic Republic of Congo-0990/A0/05/303/087,55.2,Watchlist,62,equipment demand; pipeline stage; reported budget,no future dated funding signal,Monitor,No,intelligence
opp_score_b72fe586eaa2,XM-DAC-41122-South Sudan-4040/A0/01/008/002,55.2,Watchlist,62,equipment demand; pipeline stage; reported budget,no future dated funding signal,Monitor,No,intelligence
opp_score_faed2f494e5b,FI-3-2018-2010100022,55.1,Watchlist,71,equipment demand; active implementation; reported budget; procurement language,no future dated funding signal,Monitor,Yes,intelligence
opp_score_502695471180,GB-CHC-1113101-AGS08,55.1,Watchlist,71,equipment demand; active implementation; reported budget; procurement language,no future dated funding signal,Monitor,Yes,intelligence
opp_score_a82877d1be5e,XM-DAC-41122-Democratic Republic of Congo-0990/A0/05/301/009,55.1,Watchlist,62,equipment demand; pipeline stage; reported budget,no future dated funding signal,Monitor,No,intelligence
opp_score_f32660cff7cd,XM-DAC-41122-Rwanda-3750/A0/04/230/002,55.1,Watchlist,62,equipment demand; pipeline stage; reported budget,no future dated funding signal,Monitor,No,intelligence
opp_score_77da90cc5200,XM-DAC-41122-Democratic Republic of Congo-0990/A0/05/305/033,55.1,Watchlist,62,equipment demand; pipeline stage; reported budget,no future dated funding signal,Monitor,No,intelligence
opp_score_4fc1bcf1b46d,XM-DAC-41122-Democratic Republic of Congo-0990/A0/07/007/009,55.1,Watchlist,62,equipment demand; pipeline stage; reported budget,no future dated funding signal,Monitor,No,intelligence
opp_score_8237718e1cbe,XM-DAC-41122-Democratic Republic of Congo-0990/A0/05/301/016,55.0,Watchlist,62,equipment demand; pipeline stage; reported budget,no future dated funding signal,Monitor,No,intelligence
opp_score_dfd1f449259d,XM-DAC-41122-Democratic Republic of Congo-0990/A0/05/305/096,55.0,Watchlist,62,equipment demand; pipeline stage; reported budget,no future dated funding signal,Monitor,No,intelligence
opp_score_8f9373919bca,XM-DAC-41122-Somalia-3920/A0/06/001/013,55.0,Watchlist,62,equipment demand; pipeline stage; reported budget,no future dated funding signal,Monitor,No,intelligence
opp_score_aee30c31bb35,FI-3-2014-2011110058,54.9,Watchlist,71,equipment demand; active implementation; reported budget; procurement language,no future dated funding signal,Monitor,Yes,intelligence
opp_score_cbe8c744fe81,FI-3-2015-2011110058,54.9,Watchlist,71,equipment demand; active implementation; reported budget; procurement language,no future dated funding signal,Monitor,Yes,intelligence
opp_score_59d66fc1e412,XM-DAC-41122-Somalia-3920/A0/06/015/010,54.9,Watchlist,62,equipment demand; pipeline stage; reported budget,no future dated funding signal,Monitor,No,intelligence
opp_score_2ec4cc0994fd,XM-DAC-41122-Democratic Republic of Congo-0990/A0/05/301/014,54.9,Watchlist,62,equipment demand; pipeline stage; reported budget,no future dated funding signal,Monitor,No,intelligence
opp_score_4b48789f799a,XM-DAC-41122-Democratic Republic of Congo-0990/A0/05/301/005,54.9,Watchlist,62,equipment demand; pipeline stage; reported budget,no future dated funding signal,Monitor,No,intelligence
opp_score_73d224f3fec2,XM-DAC-41122-United Rep. of Tanzania-4550/A0/04/701/007,54.9,Watchlist,62,equipment demand; pipeline stage; reported budget,no future dated funding signal,Monitor,No,intelligence
opp_score_2a465c88e600,FI-3-2014-2014140738,54.8,Watchlist,71,equipment demand; active implementation; reported budget; procurement language,no future dated funding signal,Monitor,Yes,intelligence
opp_score_8961ffb428d2,FI-3-2015-2014140738,54.8,Watchlist,71,equipment demand; active implementation; reported budget; procurement language,no future dated funding signal,Monitor,Yes,intelligence
opp_score_1462480ad1da,FI-3-2015-2014140742,54.8,Watchlist,71,equipment demand; active implementation; reported budget; procurement language,no future dated funding signal,Monitor,Yes,intelligence
opp_score_93cb123bc477,FI-3-2014-2014140742,54.8,Watchlist,71,equipment demand; active implementation; reported budget; procurement language,no future dated funding signal,Monitor,Yes,intelligence
opp_score_38191b7b71b8,XM-DAC-41122-Somalia-3920/A0/06/001/009,54.8,Watchlist,62,equipment demand; pipeline stage; reported budget,no future dated funding signal,Monitor,No,intelligence
opp_score_0a62f74b8e6e,XM-DAC-41122-Ethiopia-1410/A0/05/101/007,54.8,Watchlist,62,equipment demand; pipeline stage; reported budget,no future dated funding signal,Monitor,No,intelligence
opp_score_8d092a6d1101,XM-DAC-41122-Rwanda-3750/A0/04/220/002,54.8,Watchlist,62,equipment demand; pipeline stage; reported budget,no future dated funding signal,Monitor,No,intelligence
opp_score_82367b89e0d3,XM-DAC-41122-Democratic Republic of Congo-0990/A0/05/305/035,54.8,Watchlist,62,equipment demand; pipeline stage; reported budget,no future dated funding signal,Monitor,No,intelligence
opp_score_0daaa4c51069,XM-DAC-41122-Kenya-2400/A0/04/007/005,54.8,Watchlist,62,equipment demand; pipeline stage; reported budget,no future dated funding signal,Monitor,No,intelligence
opp_score_1d0dfb8f5114,XM-DAC-41122-Ethiopia-1410/A0/05/002/006,54.8,Watchlist,62,equipment demand; pipeline stage; reported budget,no future dated funding signal,Monitor,No,intelligence
opp_score_af7e39e2864f,XM-DAC-41122-Democratic Republic of Congo-0990/A0/05/301/019,54.8,Watchlist,62,equipment demand; pipeline stage; reported budget,no future dated funding signal,Monitor,No,intelligence
opp_score_d5fa024db56d,XM-DAC-41122-Democratic Republic of Congo-0990/A0/05/303/095,54.8,Watchlist,62,equipment demand; pipeline stage; reported budget,no future dated funding signal,Monitor,No,intelligence
opp_score_29cc800b2209,XM-DAC-41122-Democratic Republic of Congo-0990/A0/05/301/003,54.8,Watchlist,62,equipment demand; pipeline stage; reported budget,no future dated funding signal,Monitor,No,intelligence
opp_score_b85767ae123a,XM-DAC-41122-Democratic Republic of Congo-0990/A0/05/301/006,54.8,Watchlist,62,equipment demand; pipeline stage; reported budget,no future dated funding signal,Monitor,No,intelligence
opp_score_61a83eb3d9d6,FI-3-2016-2014140020,54.7,Watchlist,71,equipment demand; active implementation; reported budget; procurement language,no future dated funding signal,Monitor,Yes,intelligence
opp_score_717fba30a050,FI-3-2013-2012000132,54.7,Watchlist,71,equipment demand; active implementation; reported budget; procurement language,no future dated funding signal,Monitor,Yes,intelligence
opp_score_ac313ce0f67a,FI-3-2012-2012000132,54.7,Watchlist,71,equipment demand; active implementation; reported budget; procurement language,no future dated funding signal,Monitor,Yes,intelligence
opp_score_2a0ffe994a79,XM-DAC-41122-Somalia-3920/A0/06/017/003,54.7,Watchlist,62,equipment demand; pipeline stage; reported budget,no future dated funding signal,Monitor,No,intelligence
opp_score_beedc9f34ccf,XM-DAC-41122-Somalia-3920/A0/06/015/014,54.7,Watchlist,62,equipment demand; pipeline stage; reported budget,no future dated funding signal,Monitor,No,intelligence
opp_score_a4e13e9c6bf8,XM-DAC-41122-Somalia-3920/A0/06/003/002,54.7,Watchlist,62,equipment demand; pipeline stage; reported budget,no future dated funding signal,Monitor,No,intelligence
opp_score_8e71e6f78262,XM-DAC-5-7-6618620,54.7,Watchlist,62,equipment demand; pipeline stage; reported budget,no future dated funding signal,Monitor,No,intelligence
opp_score_8535a7e6f3b6,XM-DAC-41122-Democratic Republic of Congo-0990/A0/05/303/086,54.6,Watchlist,62,equipment demand; pipeline stage; reported budget,no future dated funding signal,Monitor,No,intelligence
opp_score_17846de61719,XM-DAC-41122-Somalia-3920/A0/06/020/017,54.6,Watchlist,62,equipment demand; pipeline stage; reported budget,no future dated funding signal,Monitor,No,intelligence
opp_score_3fae97b3183d,XM-DAC-41122-Democratic Republic of Congo-0990/A0/05/301/007,54.6,Watchlist,62,equipment demand; pipeline stage; reported budget,no future dated funding signal,Monitor,No,intelligence
opp_score_b32a507e28b5,GB-CHC-261488-KEA48PL,54.6,Watchlist,62,equipment demand; pipeline stage; reported budget,no future dated funding signal,Monitor,No,intelligence
opp_score_b6677cab6661,NO-BRC-971277882-QZA-24/0180-11,54.5,Watchlist,71,equipment demand; active implementation; reported budget; procurement language,no future dated funding signal,Monitor,Yes,intelligence
opp_score_ad4f0c982eb4,FI-3-2017-2014140751,54.5,Watchlist,71,equipment demand; active implementation; reported budget; procurement language,no future dated funding signal,Monitor,Yes,intelligence
opp_score_a20b5415b0bb,XM-DAC-41122-Democratic Republic of Congo-0990/A0/05/301/018,54.5,Watchlist,62,equipment demand; pipeline stage; reported budget,no future dated funding signal,Monitor,No,intelligence
opp_score_a9b4ab7403ac,XM-DAC-41122-Democratic Republic of Congo-0990/A0/05/305/034,54.4,Watchlist,62,equipment demand; pipeline stage; reported budget,no future dated funding signal,Monitor,No,intelligence
opp_score_e6dc31e2fe39,XM-DAC-41122-Democratic Republic of Congo-0990/A0/05/301/023,54.4,Watchlist,62,equipment demand; pipeline stage; reported budget,no future dated funding signal,Monitor,No,intelligence
opp_score_2930ca35ce3e,XM-DAC-41122-Rwanda-3750/A0/04/310/002,54.4,Watchlist,62,equipment demand; pipeline stage; reported budget,no future dated funding signal,Monitor,No,intelligence
opp_score_c4bd4db1f281,XM-DAC-41122-Ethiopia-1410/A0/05/101/006,54.4,Watchlist,62,equipment demand; pipeline stage; reported budget,no future dated funding signal,Monitor,No,intelligence
opp_score_b3bb93392de8,XM-DAC-41122-Somalia-3920/A0/06/017/012,54.3,Watchlist,62,equipment demand; pipeline stage; reported budget,no future dated funding signal,Monitor,No,intelligence
opp_score_73c14fc3fa02,XM-DAC-41122-Democratic Republic of Congo-0990/A0/05/301/010,54.3,Watchlist,62,equipment demand; pipeline stage; reported budget,no future dated funding signal,Monitor,No,intelligence
opp_score_e12820c3ff50,XM-DAC-5-7-6619178,54.2,Watchlist,71,equipment demand; active implementation; reported budget; procurement language,no future dated funding signal,Monitor,Yes,intelligence
opp_score_ad4f18125a32,XM-DAC-41122-Somalia-3920/A0/06/005/008,54.2,Watchlist,62,equipment demand; pipeline stage; reported budget,no future dated funding signal,Monitor,No,intelligence
opp_score_ae1d6f45a590,GB-CHC-261488-KEA49VB,54.1,Watchlist,71,equipment demand; active implementation; reported budget; procurement language,no future dated funding signal,Monitor,Yes,intelligence
opp_score_719acd94dc8f,FI-3-2014-2012000132,54.1,Watchlist,71,equipment demand; active implementation; reported budget; procurement language,no future dated funding signal,Monitor,Yes,intelligence
opp_score_3535bfdb5fcc,XM-DAC-41122-Rwanda-3750/A0/04/230/001,54.1,Watchlist,62,equipment demand; pipeline stage; reported budget,no future dated funding signal,Monitor,No,intelligence
opp_score_860cafa0340c,XM-DAC-41122-Rwanda-3750/A0/04/220/006,54.1,Watchlist,62,equipment demand; pipeline stage; reported budget,no future dated funding signal,Monitor,No,intelligence
opp_score_8d64a27374ed,XM-DAC-5-7-6618828,54.0,Watchlist,71,equipment demand; active implementation; reported budget; procurement language,no future dated funding signal,Monitor,Yes,intelligence
opp_score_d287279b226c,XM-DAC-41122-Somalia-3920/A0/06/001/012,54.0,Watchlist,62,equipment demand; pipeline stage; reported budget,no future dated funding signal,Monitor,No,intelligence
opp_score_279e1ff55af2,GB-CHC-802353-Cheshire,54.0,Watchlist,62,equipment demand; pipeline stage; procurement language,no future dated funding signal,Monitor,Yes,intelligence
opp_score_53237ef66a5e,GB-CHC-802353-Hamlin Fistula,54.0,Watchlist,62,equipment demand; pipeline stage; procurement language,no future dated funding signal,Monitor,Yes,intelligence
opp_score_8cb656981cbb,XI-IATI-EC_INTPA-2026-PC-88251,54.0,Watchlist,62,equipment demand; pipeline stage; procurement language,active implementation period,Active through Q1 2027,Yes,intelligence
opp_score_d42b77f4679b,XI-IATI-EC_INTPA-2021-ACT-61825,54.0,Watchlist,62,equipment demand; pipeline stage; procurement language,no future dated funding signal,Monitor,Yes,intelligence
opp_score_93213a61c7b7,XM-DAC-41122-Democratic Republic of Congo-0990/A0/05/301/013,53.9,Watchlist,62,equipment demand; pipeline stage; reported budget,no future dated funding signal,Monitor,No,intelligence
opp_score_346df2b6f5a6,NL-KVK-34234456-XM-DAC-7-PPR-4000005681-2026,53.7,Watchlist,80,active implementation; future budget cycle; reported budget; near-term funding window; procurement language,next budget period,Q1 2027,Yes,intelligence
opp_score_314d0f35d64d,XM-DAC-41122-Somalia-3920/A0/06/019/013,53.7,Watchlist,62,equipment demand; pipeline stage; reported budget,no future dated funding signal,Monitor,No,intelligence
opp_score_d81b69d51558,XM-DAC-41122-Somalia-3920/A0/06/022/008,53.7,Watchlist,62,equipment demand; pipeline stage; reported budget,no future dated funding signal,Monitor,No,intelligence
opp_score_3dae3bd9def6,XM-DAC-41122-Democratic Republic of Congo-0990/A0/05/301/011,53.7,Watchlist,62,equipment demand; pipeline stage; reported budget,no future dated funding signal,Monitor,No,intelligence
opp_score_8fecd22a00c4,XM-DAC-41122-Somalia-3920/A0/06/012/011,53.6,Watchlist,62,equipment demand; pipeline stage; reported budget,no future dated funding signal,Monitor,Yes,intelligence
opp_score_6c94660a4745,FI-3-2016-2014140742,53.4,Watchlist,71,equipment demand; active implementation; reported budget; procurement language,no future dated funding signal,Monitor,Yes,intelligence
opp_score_3aca1d32c3ad,XM-DAC-41122-Somalia-3920/A0/06/012/018,53.4,Watchlist,62,equipment demand; pipeline stage; reported budget,no future dated funding signal,Monitor,Yes,intelligence
opp_score_ed44041964a2,XM-DAC-41122-Democratic Republic of Congo-0990/A0/05/301/001,53.3,Watchlist,62,equipment demand; pipeline stage; reported budget,no future dated funding signal,Monitor,No,intelligence
opp_score_82fd56ac2b1e,XM-DAC-41122-Somalia-3920/A0/06/019/012,53.3,Watchlist,62,equipment demand; pipeline stage; reported budget,no future dated funding signal,Monitor,No,intelligence
opp_score_72bbaaac01a3,XM-DAC-41122-United Rep. of Tanzania-4550/A0/04/701/006,53.2,Watchlist,62,equipment demand; pipeline stage; reported budget,no future dated funding signal,Monitor,No,intelligence
opp_score_4073fca36e36,XM-DAC-41122-Somalia-3920/A0/06/019/015,53.2,Watchlist,62,equipment demand; pipeline stage; reported budget,no future dated funding signal,Monitor,No,intelligence
opp_score_8a7b9b3417d8,XM-DAC-41122-Democratic Republic of Congo-0990/A0/05/301/099,53.1,Watchlist,62,equipment demand; pipeline stage; reported budget,no future dated funding signal,Monitor,No,intelligence
opp_score_33ea6621e502,XM-DAC-41122-Somalia-3920/A0/06/020/018,53.1,Watchlist,62,equipment demand; pipeline stage; reported budget,no future dated funding signal,Monitor,No,intelligence
opp_score_2aedc1aef0c6,XM-DAC-41122-United Rep. of Tanzania-4550/A0/04/701/002,53.0,Watchlist,62,equipment demand; pipeline stage; reported budget,no future dated funding signal,Monitor,No,intelligence
opp_score_7a0349c4f746,XM-DAC-41122-Democratic Republic of Congo-0990/A0/05/301/078,52.9,Watchlist,62,equipment demand; pipeline stage; reported budget,no future dated funding signal,Monitor,No,intelligence
opp_score_838c25306e3b,XM-DAC-41122-Somalia-3920/A0/06/022/002,52.9,Watchlist,62,equipment demand; pipeline stage; reported budget,no future dated funding signal,Monitor,No,intelligence
opp_score_06d77d16cfd6,XM-DAC-41122-Somalia-3920/A0/06/019/001,52.9,Watchlist,62,equipment demand; pipeline stage; reported budget,no future dated funding signal,Monitor,No,intelligence
opp_score_1222fd46f4b3,XM-DAC-41122-Somalia-3920/A0/06/019/008,52.8,Watchlist,62,equipment demand; pipeline stage; reported budget,no future dated funding signal,Monitor,No,intelligence
opp_score_55aa4c969298,XM-DAC-41122-Somalia-3920/A0/06/019/003,52.8,Watchlist,62,equipment demand; pipeline stage; reported budget,no future dated funding signal,Monitor,No,intelligence
opp_score_cfcee512f7ee,XM-DAC-41122-United Rep. of Tanzania-4550/A0/04/706/005,52.8,Watchlist,62,equipment demand; pipeline stage; reported budget,no future dated funding signal,Monitor,No,intelligence
opp_score_5c9f1b23167f,47045-RWA-M-MOH-4,52.5,Watchlist,80,active implementation; future budget cycle; reported budget; near-term funding window; procurement language,next budget period,Q4 2026,Yes,intelligence
opp_score_14ab26158fc2,XM-DAC-41122-Somalia-3920/A0/06/023/008,52.5,Watchlist,62,equipment demand; pipeline stage; reported budget,no future dated funding signal,Monitor,No,intelligence
opp_score_76c332979066,XM-DAC-41122-United Rep. of Tanzania-4550/A0/04/706/008,52.4,Watchlist,62,equipment demand; pipeline stage; reported budget,no future dated funding signal,Monitor,No,intelligence
opp_score_307342f3722b,XM-DAC-41122-Somalia-3920/A0/06/001/008,52.4,Watchlist,62,equipment demand; pipeline stage; reported budget,no future dated funding signal,Monitor,No,intelligence
opp_score_b7233813db0a,NL-KVK-27378529-23408,52.0,Watchlist,62,equipment demand; active implementation; reported budget,no future dated funding signal,Monitor,No,intelligence
opp_score_3e82defc6406,GB-COH-03580586-GEC-GECT,52.0,Watchlist,62,equipment demand; active implementation; reported budget,no future dated funding signal,Monitor,No,intelligence
opp_score_3bca919a0cc4,NL-KVK-27378529-27528,52.0,Watchlist,62,equipment demand; active implementation; reported budget,no future dated funding signal,Monitor,No,intelligence
opp_score_edfc8f5e8a05,GB-CHC-1099776-S3,52.0,Watchlist,62,equipment demand; active implementation; reported budget,no future dated funding signal,Monitor,No,intelligence
opp_score_bcdadb092c38,NL-KVK-27378529-23877,52.0,Watchlist,62,equipment demand; active implementation; reported budget,no future dated funding signal,Monitor,Yes,intelligence
opp_score_bac774d00ba9,GB-COH-03580586-GEC-LNGB,52.0,Watchlist,62,equipment demand; active implementation; reported budget,no future dated funding signal,Monitor,No,intelligence
opp_score_6d9189f8acae,XM-DAC-41122-Somalia-3920/A0/06/001/015,51.9,Watchlist,62,equipment demand; pipeline stage; reported budget,no future dated funding signal,Monitor,No,intelligence
opp_score_4ee6e349da83,NL-KVK-27378529-26067,51.9,Watchlist,62,equipment demand; active implementation; reported budget,no future dated funding signal,Monitor,No,intelligence
opp_score_c81a24fbf185,GB-CHC-313757-DFI032,51.8,Watchlist,62,equipment demand; active implementation; reported budget,no future dated funding signal,Monitor,No,intelligence
opp_score_f2578799d902,US-EIN-27-1414646-DFIDACCESS4,51.8,Watchlist,62,equipment demand; active implementation; reported budget,no future dated funding signal,Monitor,No,intelligence
opp_score_b6fd319697f2,XM-DAC-41122-United Rep. of Tanzania-4550/A0/04/706/006,51.7,Watchlist,62,equipment demand; pipeline stage; reported budget,no future dated funding signal,Monitor,No,intelligence
opp_score_7496ad26e5bc,GB-CHC-1145640-TG001,51.6,Watchlist,62,equipment demand; active implementation; reported budget,no future dated funding signal,Monitor,No,intelligence
opp_score_473155ede56a,GB-GOV-1-300857-402,51.5,Watchlist,62,equipment demand; active implementation; reported budget,no future dated funding signal,Monitor,No,intelligence
opp_score_222e276ade0b,CA-3-P006730001,51.4,Watchlist,62,equipment demand; active implementation; reported budget,no future dated funding signal,Monitor,No,intelligence
opp_score_a9c39408a18c,NL-KVK-27378529-29557,51.4,Watchlist,62,equipment demand; active implementation; reported budget,active implementation period,Active through Q4 2027,No,intelligence
opp_score_8cc0c282778e,41AAA-12122-003,51.3,Watchlist,80,active implementation; future budget cycle; reported budget; near-term funding window; procurement language,next budget period,Q4 2026,Yes,intelligence
opp_score_6dd7a0c8594e,CA-3-P011992001,51.3,Watchlist,62,equipment demand; active implementation; reported budget,no future dated funding signal,Monitor,No,intelligence
opp_score_3a50482cb13f,GB-CHC-313757-FCD001,51.3,Watchlist,62,equipment demand; active implementation; reported budget,no future dated funding signal,Monitor,No,intelligence
opp_score_ca42f5664b9a,GB-COH-09288843-Addressing Maternal Nutrition and Wasting and Stunting in Under-fives in Ethiopia,51.2,Watchlist,62,equipment demand; active implementation; reported budget,no future dated funding signal,Monitor,No,intelligence
opp_score_ce70cb1f36f0,NO-BRC-971277882-TAN-23/0001,51.2,Watchlist,62,equipment demand; active implementation; reported budget,no future dated funding signal,Monitor,Yes,intelligence
opp_score_92951322e7eb,XI-IATI-WBTF-TF072966,51.1,Watchlist,62,equipment demand; active implementation; reported budget,no future dated funding signal,Monitor,No,intelligence
opp_score_086c2e6fc085,XI-IATI-21032-4313SAHAN,51.0,Watchlist,62,equipment demand; active implementation; reported budget,no future dated funding signal,Monitor,No,intelligence
opp_score_979930125006,NL-KVK-41152786-SP1027,50.9,Watchlist,62,equipment demand; active implementation; reported budget,no future dated funding signal,Monitor,No,intelligence
opp_score_4d5cd5ad4bb0,NL-KVK-41152786-SP1027A,50.9,Watchlist,62,equipment demand; active implementation; reported budget,no future dated funding signal,Monitor,No,intelligence
opp_score_39d01c90d4e6,NO-BRC-971277882-QZA-24/0188-136,50.8,Watchlist,62,equipment demand; active implementation; reported budget,active implementation period,Active through Q4 2029,Yes,intelligence
opp_score_197bfcc2e847,GB-GOV-1-301474-412,50.8,Watchlist,62,equipment demand; active implementation; reported budget,no future dated funding signal,Monitor,No,intelligence
opp_score_ae6027ceb4e8,KE-KRA-P051119468K-1416011,50.7,Watchlist,62,equipment demand; active implementation; reported budget,no future dated funding signal,Monitor,No,intelligence
opp_score_42151f614ff6,FR-3-CCD1175,50.7,Watchlist,62,equipment demand; active implementation; reported budget,no future dated funding signal,Monitor,No,intelligence
opp_score_2c93212d172b,FR-3-CCD117501,50.7,Watchlist,62,equipment demand; active implementation; reported budget,no future dated funding signal,Monitor,No,intelligence
opp_score_7a9be23f0179,GB-CHC-1047501-PUNCH-Y1,50.7,Watchlist,62,equipment demand; active implementation; reported budget,no future dated funding signal,Monitor,No,intelligence
opp_score_d9609132407b,FR-RCS-31899089200065-Emergency Nutrition Programme by Humanitarian Coalition /CDL1A,50.6,Watchlist,62,equipment demand; active implementation; reported budget,no future dated funding signal,Monitor,No,intelligence
opp_score_380661c33b89,GB-GOV-1-300427-105,50.6,Watchlist,62,equipment demand; active implementation; reported budget,no future dated funding signal,Monitor,No,intelligence
opp_score_f5f8e5e7066e,GB-CHC-1047501-SHARPBRCiS,50.6,Watchlist,62,equipment demand; active implementation; reported budget,no future dated funding signal,Monitor,No,intelligence
opp_score_faf1eb9ed52b,CA-3-P012026001,50.6,Watchlist,62,equipment demand; active implementation; reported budget,no future dated funding signal,Monitor,No,intelligence
opp_score_8b252cbb9866,DE-CR-RA000220-VR3810-COD1178-22,50.5,Watchlist,62,equipment demand; active implementation; reported budget,no future dated funding signal,Monitor,No,intelligence
opp_score_a5270ac2da26,GB-CHC-1047501-SOMALIA-BRCiS,50.5,Watchlist,62,equipment demand; active implementation; reported budget,no future dated funding signal,Monitor,No,intelligence
opp_score_1b14445fdedc,CZ-ICO-25755277-ETHZ000197,50.5,Watchlist,62,equipment demand; active implementation; reported budget,no future dated funding signal,Monitor,No,intelligence
opp_score_eb224dab6535,GB-CHC-1065972-DF203,50.5,Watchlist,62,equipment demand; active implementation; reported budget,no future dated funding signal,Monitor,No,intelligence
opp_score_85c9d4055459,KE-RCO-78260-1416009,50.5,Watchlist,62,equipment demand; active implementation; reported budget,no future dated funding signal,Monitor,No,intelligence
opp_score_9ebcf856fedf,CA-3-P009514001,50.5,Watchlist,62,equipment demand; active implementation; reported budget,no future dated funding signal,Monitor,No,intelligence
opp_score_9db0dd6b2f55,CA-3-P010074001,50.5,Watchlist,62,equipment demand; active implementation; reported budget,no future dated funding signal,Monitor,No,intelligence
opp_score_26f2e7fd3307,KE-NCB-218/051/96110/823-1416010,50.4,Watchlist,62,equipment demand; active implementation; reported budget,no future dated funding signal,Monitor,No,intelligence
opp_score_f33f2e71ddb8,FR-3-CCD114801,50.4,Watchlist,62,equipment demand; active implementation; reported budget,no future dated funding signal,Monitor,No,intelligence
opp_score_309d94fd8b7d,FR-3-CCD1148,50.4,Watchlist,62,equipment demand; active implementation; reported budget,no future dated funding signal,Monitor,No,intelligence
opp_score_486a3f117a1e,GB-GOV-1-300427-401,50.4,Watchlist,62,equipment demand; active implementation; reported budget,no future dated funding signal,Monitor,No,intelligence
opp_score_a897dc9a77a9,CA-3-P012245001,50.3,Watchlist,62,equipment demand; active implementation; reported budget,active implementation period,Active through Q4 2026,No,intelligence
opp_score_47b1d2fb5ba8,FI-3-2018-2014140717,50.3,Watchlist,62,equipment demand; active implementation; reported budget,no future dated funding signal,Monitor,Yes,intelligence
opp_score_298c67e3ec5d,BE-BCE_KBO-0418766123-PROG2017-2021_SO8,50.2,Watchlist,62,equipment demand; active implementation; reported budget,no future dated funding signal,Monitor,No,intelligence
opp_score_57deb48a2fc8,FI-3-2019-2014140717,50.2,Watchlist,62,equipment demand; active implementation; reported budget,no future dated funding signal,Monitor,Yes,intelligence
opp_score_b5ab3c7a6717,GB-COH-02651349-21886-001,50.2,Watchlist,62,equipment demand; active implementation; reported budget,no future dated funding signal,Monitor,Yes,intelligence
opp_score_f2cc1d9d5019,GB-CHC-1076822-82602840,50.2,Watchlist,62,equipment demand; active implementation; reported budget,no future dated funding signal,Monitor,No,intelligence
opp_score_a20e6e39a9bb,NL-KVK-40594571-GUSO,50.1,Watchlist,62,equipment demand; active implementation; reported budget,no future dated funding signal,Monitor,No,intelligence
opp_score_815e0d4a9af8,BE-BCE_KBO-0418766123-PROG2017-2021_SO21,50.1,Watchlist,62,equipment demand; active implementation; reported budget,no future dated funding signal,Monitor,No,intelligence
opp_score_cc39304edb5b,GB-GOV-1-300143-403,50.1,Watchlist,62,equipment demand; active implementation; reported budget,no future dated funding signal,Monitor,No,intelligence
opp_score_3c59d050aba4,NL-KVK-41160054-201508,50.0,Watchlist,62,equipment demand; active implementation; reported budget,no future dated funding signal,Monitor,No,intelligence
opp_score_940b8469cdb2,NL-KVK-41158230-FANLKE0001,50.0,Watchlist,62,equipment demand; active implementation; reported budget,active implementation period,Active through Q4 2026,No,intelligence
opp_score_afbaa0efdaf1,FI-3-2020-2014140717,50.0,Watchlist,62,equipment demand; active implementation; reported budget,no future dated funding signal,Monitor,Yes,intelligence
opp_score_3a3980b75477,GB-CHC-1076822-82602878,50.0,Watchlist,62,equipment demand; active implementation; reported budget,no future dated funding signal,Monitor,No,intelligence
opp_score_e91a2dd5396a,XI-IATI-EC_INTPA-2022-PC-13030,50.0,Watchlist,62,equipment demand; active implementation; near-term funding window,next budget period,Q3 2026,No,intelligence
opp_score_4391d1be1a79,XI-IATI-EC_INTPA-2022-PC-14482,50.0,Watchlist,62,equipment demand; active implementation; near-term funding window,next budget period,Q3 2026,No,intelligence
opp_score_32deb1c8d5b2,XI-IATI-EC_INTPA-2022-PC-15617,50.0,Watchlist,62,equipment demand; active implementation; near-term funding window,next budget period,Q3 2026,No,intelligence
opp_score_ab216b57c57b,XI-IATI-EC_INTPA-2022-PC-15616,50.0,Watchlist,62,equipment demand; active implementation; near-term funding window,next budget period,Q3 2026,No,intelligence
opp_score_cd67fb6913d3,XI-IATI-EC_INTPA-2020-PCC-418108,50.0,Watchlist,62,equipment demand; active implementation; near-term funding window,next budget period,Q3 2026,No,intelligence
opp_score_942621e739de,KR-GOV-110-1352000_2021_007,50.0,Watchlist,62,equipment demand; active implementation; near-term funding window,next planned disbursement,Q4 2026,No,intelligence
opp_score_da20dc4492eb,XI-IATI-EC_INTPA-2020-PCC-415029,50.0,Watchlist,62,equipment demand; active implementation; near-term funding window,next budget period,Q3 2026,No,intelligence
opp_score_0817bc279cf8,XI-IATI-EC_INTPA-2016-PCC-380039,50.0,Watchlist,62,equipment demand; active implementation; near-term funding window,next budget period,Q3 2026,No,intelligence
opp_score_21a0bcfe996d,KR-GOV-010-KR-GOV-051-2023090100567,50.0,Watchlist,62,equipment demand; active implementation; near-term funding window,next planned disbursement,Q4 2026,No,intelligence
opp_score_ff1d7b3296ba,XI-IATI-EC_INTPA-2022-PC-19979,50.0,Watchlist,62,equipment demand; active implementation; near-term funding window,next budget period,Q3 2026,No,intelligence
opp_score_a45f6eca2739,XI-IATI-EC_INTPA-2023-PC-26414,50.0,Watchlist,62,equipment demand; active implementation; near-term funding window,next budget period,Q3 2026,No,intelligence
opp_score_4d3cc6287d79,XI-IATI-EC_INTPA-2023-PC-23088,50.0,Watchlist,62,equipment demand; active implementation; near-term funding window,next budget period,Q3 2026,No,intelligence
opp_score_96b14e8cd05a,XI-IATI-EC_INTPA-2024-PC-35685,50.0,Watchlist,62,equipment demand; active implementation; near-term funding window,next budget period,Q3 2026,No,intelligence
opp_score_692dff15141c,XI-IATI-EC_INTPA-2025-PC-60498,50.0,Watchlist,62,equipment demand; active implementation; near-term funding window,next budget period,Q3 2026,No,intelligence
opp_score_c9d1c61a36de,XI-IATI-EC_INTPA-2025-PC-61307,50.0,Watchlist,62,equipment demand; active implementation; near-term funding window,next budget period,Q3 2026,No,intelligence
opp_score_5ee9fcb7c63b,XI-IATI-EC_INTPA-2025-PC-37019,50.0,Watchlist,62,equipment demand; active implementation; near-term funding window,next budget period,Q3 2026,No,intelligence
opp_score_f00cc48ce021,XI-IATI-EC_INTPA-2024-PC-35789,50.0,Watchlist,62,equipment demand; active implementation; near-term funding window,next budget period,Q3 2026,No,intelligence
opp_score_4f353e89d353,GB-COH-RC000660-MILK-CENTRE,49.9,Watchlist,80,active implementation; future budget cycle; reported budget; near-term funding window; procurement language,next budget period,Q4 2026,Yes,intelligence
opp_score_4d93a075cea8,CA-3-P010841001,49.9,Watchlist,62,equipment demand; active implementation; reported budget,active implementation period,Active through Q4 2026,No,intelligence
opp_score_a4f6cc499fc1,BE-BCE_KBO-0418766123-PROG2017-2021_SO12,49.9,Watchlist,62,equipment demand; active implementation; reported budget,no future dated funding signal,Monitor,No,intelligence
opp_score_5a6b325fadd2,NL-KVK-41201463-PSDSO003,49.9,Watchlist,62,equipment demand; active implementation; reported budget,no future dated funding signal,Monitor,No,intelligence
opp_score_5207f0b72d7c,BE-BCE_KBO-0418766123-PROG2017-2021_SO22,49.9,Watchlist,62,equipment demand; active implementation; reported budget,no future dated funding signal,Monitor,No,intelligence
opp_score_a0c370bfb7d2,NL-KVK-41193594-YID7300,49.9,Watchlist,62,equipment demand; active implementation; reported budget,no future dated funding signal,Monitor,No,intelligence
opp_score_04f0b032a5f1,GB-COH-11126312-AT2030-Cluster-4-22-23,49.9,Watchlist,62,equipment demand; active implementation; reported budget,no future dated funding signal,Monitor,No,intelligence
opp_score_3328f666709b,GB-COH-877338-GV-GOV-1-300708-124,49.9,Watchlist,62,equipment demand; active implementation; reported budget,no future dated funding signal,Monitor,No,intelligence
opp_score_293004001469,GB-COH-RC000297-SPHEIR - 1001,49.9,Watchlist,62,equipment demand; active implementation; reported budget,no future dated funding signal,Monitor,No,intelligence
opp_score_9cadfe64f933,GB-COH-11126312-AT2030-Cluster-2-22-23,49.9,Watchlist,62,equipment demand; active implementation; reported budget,no future dated funding signal,Monitor,No,intelligence
opp_score_022fb87678af,GB-COH-03054929-879,49.9,Watchlist,62,equipment demand; active implementation; reported budget,no future dated funding signal,Monitor,No,intelligence
opp_score_90c1eadfd63d,NO-BRC-971277882-FK-100207,49.8,Watchlist,62,equipment demand; active implementation; reported budget,active implementation period,Active through Q4 2026,No,intelligence
opp_score_003a411fc734,41AAA-24239-001,49.8,Watchlist,62,equipment demand; active implementation; reported budget,no future dated funding signal,Monitor,No,intelligence
opp_score_1751bf494669,FI-3-2018-2017170068,49.8,Watchlist,62,equipment demand; active implementation; reported budget,no future dated funding signal,Monitor,No,intelligence
opp_score_89235e90cfb8,BE-BCE_KBO-0415627875-PROG2017-2021_CD_OS4_1701C7_S,49.8,Watchlist,62,equipment demand; active implementation; reported budget,no future dated funding signal,Monitor,No,intelligence
opp_score_3159ee333051,GB-CHC-1001813-NLSomalia2020-2024,49.8,Watchlist,62,equipment demand; active implementation; reported budget,no future dated funding signal,Monitor,No,intelligence
opp_score_9ff265d9e889,NL-KVK-41158230-FANLET0002,49.8,Watchlist,62,equipment demand; active implementation; reported budget,active implementation period,Active through Q4 2026,No,intelligence
opp_score_d92ef9edd7be,FI-3-2016-2014140718,49.8,Watchlist,62,equipment demand; active implementation; reported budget,no future dated funding signal,Monitor,No,intelligence
opp_score_fc51dde8ed72,NL-KVK-27378529-26225,49.7,Watchlist,62,equipment demand; active implementation; reported budget,no future dated funding signal,Monitor,No,intelligence
opp_score_3a7d9e8ebde8,GB-GOV-1-300427-103,49.7,Watchlist,62,equipment demand; active implementation; reported budget,no future dated funding signal,Monitor,No,intelligence
opp_score_904f74e3b2c8,GB-SC-015096-119454DESTINE,49.7,Watchlist,62,equipment demand; active implementation; reported budget,no future dated funding signal,Monitor,Yes,intelligence
opp_score_14e61d0cc6ff,NL-KVK-32108345-NLBB26-YID,49.6,Watchlist,62,equipment demand; active implementation; reported budget,no future dated funding signal,Monitor,No,intelligence
opp_score_c2f58c45d72f,NL-KVK-41201198-R2GTHPUganda,49.6,Watchlist,62,equipment demand; active implementation; reported budget,no future dated funding signal,Monitor,No,intelligence
opp_score_237aee83bdea,BE-BCE_KBO-0422717486-PROG2017-2021_OS5-RDC,49.6,Watchlist,62,equipment demand; active implementation; reported budget,no future dated funding signal,Monitor,No,intelligence
opp_score_4b489cd0819c,FI-3-2017-2014140717,49.6,Watchlist,62,equipment demand; active implementation; reported budget,no future dated funding signal,Monitor,Yes,intelligence
opp_score_d6fad3393d0e,GB-COH-213890-82605724,49.6,Watchlist,62,equipment demand; active implementation; reported budget,no future dated funding signal,Monitor,No,intelligence
opp_score_04b85008cb50,DE-1-202227015,49.5,Watchlist,62,equipment demand; active implementation; reported budget,active implementation period,Active through Q4 2026,No,intelligence
opp_score_7d856743ea75,FI-3-2021-2014140717,49.5,Watchlist,62,equipment demand; active implementation; reported budget,no future dated funding signal,Monitor,Yes,intelligence
opp_score_497896fe5f3c,GB-CHC-1076822-82605190,49.5,Watchlist,62,equipment demand; active implementation; reported budget,no future dated funding signal,Monitor,No,intelligence
opp_score_977c53bc384a,GB-COH-GB-COH-01846493-DPSAOPP-483498,49.5,Watchlist,62,equipment demand; active implementation; reported budget,no future dated funding signal,Monitor,No,intelligence
opp_score_73a21fd23062,GB-COH-11126312-AT2030-Cluster-3-22-23,49.5,Watchlist,62,equipment demand; active implementation; reported budget,no future dated funding signal,Monitor,No,intelligence
opp_score_f6e35f38aa69,CA-3-P009619001,49.4,Watchlist,71,active implementation; future planned disbursement; reported budget; 12-month funding window,next planned disbursement,Q1 2027,No,intelligence
opp_score_77cb047723ab,GB-CHC-1099776-O6,49.4,Watchlist,62,equipment demand; active implementation; reported budget,no future dated funding signal,Monitor,No,intelligence
opp_score_53937b47454c,GB-CHC-1099776-1M,49.4,Watchlist,62,equipment demand; active implementation; reported budget,no future dated funding signal,Monitor,No,intelligence
opp_score_4f6ab18b1421,XM-DAC-41114-OUTPUT-00107927,49.4,Watchlist,62,equipment demand; active implementation; reported budget,no future dated funding signal,Monitor,No,intelligence
opp_score_a5da9e83b2cd,DE-CR-RA000220-VR3810-ETH1225-22,49.4,Watchlist,62,equipment demand; active implementation; reported budget,no future dated funding signal,Monitor,No,intelligence
opp_score_25414896671a,NL-KVK-20093733-ET-3-WD-17-1,49.4,Watchlist,62,equipment demand; active implementation; reported budget,no future dated funding signal,Monitor,No,intelligence
opp_score_7cb07fd645df,GB-CHC-222655-IMPALA,49.4,Watchlist,62,equipment demand; active implementation; reported budget,no future dated funding signal,Monitor,No,intelligence
opp_score_08d9590d3a8d,GB-CHC-1099776-U3,49.3,Watchlist,62,equipment demand; active implementation; reported budget,no future dated funding signal,Monitor,No,intelligence
opp_score_279ddb652575,GB-CHC-1099776-O7,49.3,Watchlist,62,equipment demand; active implementation; reported budget,no future dated funding signal,Monitor,No,intelligence
opp_score_a454058be092,GB-CHC-1099776-Y8,49.3,Watchlist,62,equipment demand; active implementation; reported budget,no future dated funding signal,Monitor,No,intelligence
opp_score_4fa52db0addb,US-EIN-061660068-UCB2220021Invoice19,49.3,Watchlist,62,equipment demand; active implementation; reported budget,no future dated funding signal,Monitor,No,intelligence
opp_score_1679afb4689b,US-EIN-061660068-UCB2220021Invoice18,49.3,Watchlist,62,equipment demand; active implementation; reported budget,no future dated funding signal,Monitor,No,intelligence
opp_score_8d3c63f67041,NL-KVK-41022454-CSOM002.1.22,49.3,Watchlist,62,equipment demand; active implementation; reported budget,no future dated funding signal,Monitor,No,intelligence
opp_score_2d294282d85d,NL-KVK-41179943-R2G216647,49.3,Watchlist,62,equipment demand; active implementation; reported budget,no future dated funding signal,Monitor,No,intelligence
opp_score_7593bb8f6a25,NL-KVK-40594571-GUSO-Kenya,49.3,Watchlist,62,equipment demand; active implementation; reported budget,no future dated funding signal,Monitor,No,intelligence
opp_score_0516738a2b2f,GB-CHC-299717-UG0002,49.3,Watchlist,62,equipment demand; active implementation; reported budget,no future dated funding signal,Monitor,No,intelligence
opp_score_c3d65014191d,GB-CHC-1076822-82602838,49.3,Watchlist,62,equipment demand; active implementation; reported budget,no future dated funding signal,Monitor,No,intelligence
opp_score_b354fc13f961,GB-COH-04465125-NIHR-P89503,49.3,Watchlist,62,equipment demand; active implementation; reported budget,active implementation period,Active through Q3 2026,Yes,intelligence
opp_score_af2df0435344,GB-CHC-1099776-V8,49.3,Watchlist,62,equipment demand; active implementation; reported budget,no future dated funding signal,Monitor,No,intelligence
opp_score_7d4a89e7fccc,GB-CHC-1065972-DF240,49.3,Watchlist,62,equipment demand; active implementation; reported budget,no future dated funding signal,Monitor,No,intelligence
opp_score_2576b2c79723,GB-CHC-1047501-BRCiSIRF9,49.3,Watchlist,62,equipment demand; active implementation; reported budget,no future dated funding signal,Monitor,No,intelligence
opp_score_150cbcd3bd65,GB-1-205206-112,49.3,Watchlist,62,equipment demand; active implementation; reported budget,no future dated funding signal,Monitor,No,intelligence
opp_score_d8fb72e0fb18,NO-BRC-971277882-QZA-24/0188-137,49.2,Watchlist,62,equipment demand; active implementation; reported budget,active implementation period,Active through Q4 2029,Yes,intelligence
opp_score_151fb846257d,US-EIN-061660068-UCB2220021Invoice16,49.2,Watchlist,62,equipment demand; active implementation; reported budget,no future dated funding signal,Monitor,No,intelligence
opp_score_f0d63fa04600,US-EIN-061660068-UCB2220021Invoice17,49.2,Watchlist,62,equipment demand; active implementation; reported budget,no future dated funding signal,Monitor,No,intelligence
opp_score_b4d17fcb9c90,FI-3-2012-2010100030,49.2,Watchlist,62,equipment demand; active implementation; reported budget,no future dated funding signal,Monitor,No,intelligence
opp_score_6c8dec47f1a1,GB-CHC-207544-14027,49.2,Watchlist,62,equipment demand; active implementation; reported budget,active implementation period,Active through Q1 2027,No,intelligence
opp_score_8328d4e733f2,GB-CHC-1076822-82600329,49.2,Watchlist,62,equipment demand; active implementation; reported budget,no future dated funding signal,Monitor,No,intelligence
opp_score_0729a9b86438,GB-CHC-1076822-82603479,49.2,Watchlist,62,equipment demand; active implementation; reported budget,no future dated funding signal,Monitor,No,intelligence
opp_score_1d7aef5be97a,GB-CHC-1047501-RRF-Covid19-Response-Somalia,49.1,Watchlist,62,equipment demand; active implementation; reported budget,no future dated funding signal,Monitor,No,intelligence
opp_score_cd2ddd8e9507,GB-CHC-1065972-DF192,49.1,Watchlist,62,equipment demand; active implementation; reported budget,no future dated funding signal,Monitor,No,intelligence
opp_score_1601947a9dfb,GB-GOV-1-300585-406,49.1,Watchlist,62,equipment demand; active implementation; reported budget,active implementation period,Active through Q1 2028,No,intelligence
opp_score_abc4f31b6fdf,NO-BRC-971277882-FK-141702,49.1,Watchlist,62,equipment demand; active implementation; reported budget,active implementation period,Active through Q4 2026,No,intelligence
opp_score_2e3b713bcece,US-EIN-13-5660870-DF240,49.1,Watchlist,62,equipment demand; active implementation; reported budget,no future dated funding signal,Monitor,No,intelligence
opp_score_56e785df2adf,NL-KVK-41236410-6354,49.1,Watchlist,62,equipment demand; active implementation; reported budget,no future dated funding signal,Monitor,No,intelligence
opp_score_419b75d8201e,FI-3-2020-2019000219,49.1,Watchlist,62,equipment demand; active implementation; reported budget,no future dated funding signal,Monitor,No,intelligence
opp_score_202c32c7b0ee,XM-DAC-7-PPR-250000378,49.1,Watchlist,62,equipment demand; active implementation; reported budget,no future dated funding signal,Monitor,No,intelligence
opp_score_b420a4e78425,XM-DAC-7-PPR-250000499,49.1,Watchlist,62,equipment demand; active implementation; reported budget,active implementation period,Active through Q4 2026,No,intelligence
opp_score_2c6eb97bd6cd,XM-DAC-301-2-110620-001,49.0,Watchlist,71,active implementation; future planned disbursement; reported budget; 12-month funding window,next planned disbursement,Q2 2027,No,intelligence
opp_score_8bd04304e732,ES-CIF-G81164105-ACF-US-HQ,49.0,Watchlist,62,equipment demand; active implementation; reported budget,no future dated funding signal,Monitor,No,intelligence
opp_score_eb93e0f3aa53,KE-NCB-93175-C237,49.0,Watchlist,62,equipment demand; active implementation; reported budget,no future dated funding signal,Monitor,No,intelligence
opp_score_94ea1c4e2128,GB-COH-213890-82605952,49.0,Watchlist,62,equipment demand; active implementation; reported budget,no future dated funding signal,Monitor,No,intelligence
opp_score_cadd69d1bce2,GB-GOV-1-300427-106,49.0,Watchlist,62,equipment demand; active implementation; reported budget,no future dated funding signal,Monitor,No,intelligence
opp_score_50ac4fbaf37e,GB-CHC-1093861-GB-1-204903,49.0,Watchlist,62,equipment demand; active implementation; reported budget,no future dated funding signal,Monitor,No,intelligence
opp_score_7c136109e6e6,GB-GOV-1-300427-108,49.0,Watchlist,62,equipment demand; active implementation; reported budget,no future dated funding signal,Monitor,No,intelligence
opp_score_dc2829b772cd,GB-GOV-1-301474-418,49.0,Watchlist,62,equipment demand; active implementation; reported budget,no future dated funding signal,Monitor,No,intelligence
opp_score_0121858b693a,GB-CHC-1099776-1Q,48.9,Watchlist,62,equipment demand; active implementation; reported budget,no future dated funding signal,Monitor,No,intelligence
opp_score_45e2387f1f33,GB-CHC-1099776-O2,48.9,Watchlist,62,equipment demand; active implementation; reported budget,no future dated funding signal,Monitor,No,intelligence
opp_score_b3cdef92f7fb,BE-BCE_KBO-0463455904-PROG17-21_OS1,48.9,Watchlist,62,equipment demand; active implementation; reported budget,no future dated funding signal,Monitor,No,intelligence
opp_score_363273f4a5c1,FI-3-2013-2010100030,48.9,Watchlist,62,equipment demand; active implementation; reported budget,no future dated funding signal,Monitor,No,intelligence
opp_score_05b6440bfbab,GB-CHC-1099776-X5,48.9,Watchlist,62,equipment demand; active implementation; reported budget,no future dated funding signal,Monitor,No,intelligence
opp_score_85388584d569,ES-CIF-G81164105-R2G-ACF-Uganda,48.9,Watchlist,62,equipment demand; active implementation; reported budget,no future dated funding signal,Monitor,No,intelligence
opp_score_ae01e7612e98,FI-3-2014-2011110035,48.9,Watchlist,62,equipment demand; active implementation; reported budget,no future dated funding signal,Monitor,Yes,intelligence
opp_score_5756326b5c5a,NL-KVK-83517626-IA23KE01,48.9,Watchlist,62,equipment demand; active implementation; reported budget,no future dated funding signal,Monitor,No,intelligence
opp_score_366d6972247f,DE-1-202376366,48.9,Watchlist,62,equipment demand; active implementation; reported budget,active implementation period,Active through Q4 2026,No,intelligence
opp_score_fb18527ade21,GB-CHC-1065972-DF158,48.9,Watchlist,62,equipment demand; active implementation; reported budget,no future dated funding signal,Monitor,No,intelligence
opp_score_e18d4b7f0f19,US-EIN-13-5660870-DF158,48.9,Watchlist,62,equipment demand; active implementation; reported budget,no future dated funding signal,Monitor,No,intelligence
opp_score_62bf106b8a7d,GB-CHC-207544-93304,48.9,Watchlist,62,equipment demand; active implementation; reported budget,active implementation period,Active through Q4 2026,No,intelligence
opp_score_d7d83647fe90,DAC-1601-INV-044191,48.8,Watchlist,80,active implementation; future budget cycle; reported budget; near-term funding window; procurement language,next planned disbursement,Q4 2026,Yes,intelligence
opp_score_0bea2632a55c,GB-CHC-1171353-Venturi,48.8,Watchlist,62,equipment demand; active implementation; reported budget,no future dated funding signal,Monitor,No,intelligence
opp_score_50a5646eb1e8,NL-KVK-83517626-D2B19RW02,48.8,Watchlist,62,equipment demand; active implementation; reported budget,no future dated funding signal,Monitor,Yes,intelligence
opp_score_12de743b6b06,NO-BRC-971277882-FK-145602,48.8,Watchlist,62,equipment demand; active implementation; reported budget,active implementation period,Active through Q4 2028,Yes,intelligence
opp_score_7093cc8d147d,FI-3-2012-2011110035,48.8,Watchlist,62,equipment demand; active implementation; reported budget,no future dated funding signal,Monitor,No,intelligence
opp_score_2e0c0bb4e267,KE-KRA-P051097200R-1025,48.8,Watchlist,62,equipment demand; active implementation; reported budget,no future dated funding signal,Monitor,No,intelligence
opp_score_2a6689f5e6c5,DE-1-202229532,48.8,Watchlist,62,equipment demand; active implementation; reported budget,no future dated funding signal,Monitor,No,intelligence
opp_score_1acbadba4975,ES-CIF-G81164105-R2G-ACF-Ethiopia,48.8,Watchlist,62,equipment demand; active implementation; reported budget,no future dated funding signal,Monitor,No,intelligence
opp_score_608c590f7d6a,GB-CHC-1065972-DF184,48.8,Watchlist,62,equipment demand; active implementation; reported budget,no future dated funding signal,Monitor,No,intelligence
opp_score_e752898c33bd,GB-CHC-1099776-W2,48.8,Watchlist,62,equipment demand; active implementation; reported budget,no future dated funding signal,Monitor,No,intelligence
opp_score_89235fe7ba64,GB-CHC-1047501-DEC__COVID19APPEAL2020,48.8,Watchlist,62,equipment demand; active implementation; reported budget,no future dated funding signal,Monitor,No,intelligence
opp_score_5e5e55f034df,KE-NCB-2180511304359047-KE-NCB-2180511304359047-GFPPM,48.7,Watchlist,62,equipment demand; active implementation; reported budget,no future dated funding signal,Monitor,No,intelligence
opp_score_3bdba2ea83ea,GB-CHC-1099776-2A,48.7,Watchlist,62,equipment demand; active implementation; reported budget,no future dated funding signal,Monitor,No,intelligence
opp_score_bbc570ae9d31,KE-NCB-2180511304359047-KE-NCB-2180511304359047-GFMALARIA,48.7,Watchlist,62,equipment demand; active implementation; reported budget,no future dated funding signal,Monitor,No,intelligence
opp_score_15e9f04e2f98,NL-KVK-40594571-GUSO-Uganda,48.7,Watchlist,62,equipment demand; active implementation; reported budget,no future dated funding signal,Monitor,No,intelligence
opp_score_50db9ba67f35,GB-CHC-1099776-2D,48.7,Watchlist,62,equipment demand; active implementation; reported budget,no future dated funding signal,Monitor,No,intelligence
opp_score_440330e0d365,ET-MFA-0001989741-R171,48.7,Watchlist,62,equipment demand; active implementation; reported budget,no future dated funding signal,Monitor,No,intelligence
opp_score_72b927ad0223,GB-GOV-1-300978-111,48.7,Watchlist,62,equipment demand; active implementation; reported budget,no future dated funding signal,Monitor,No,intelligence
opp_score_9e5a534bdf36,GB-GOV-1-300143-406,48.7,Watchlist,62,equipment demand; active implementation; reported budget,no future dated funding signal,Monitor,No,intelligence
opp_score_5e5d92de39c5,GB-CHC-1076822-82605189,48.7,Watchlist,62,equipment demand; active implementation; reported budget,no future dated funding signal,Monitor,No,intelligence
opp_score_57f64cd6c663,GB-COH-213890-82606189,48.7,Watchlist,62,equipment demand; active implementation; reported budget,no future dated funding signal,Monitor,No,intelligence
opp_score_9d560cc2bf3a,GB-GOV-1-300427-107,48.7,Watchlist,62,equipment demand; active implementation; reported budget,no future dated funding signal,Monitor,No,intelligence
opp_score_3a7d5c4bc0bc,GB-CHC-1076822-82604989,48.7,Watchlist,62,equipment demand; active implementation; reported budget,no future dated funding signal,Monitor,No,intelligence
opp_score_98e25f3ccc70,GB-COH-213890-82606128,48.7,Watchlist,62,equipment demand; active implementation; reported budget,no future dated funding signal,Monitor,No,intelligence
opp_score_250ee5f49e6b,US-EIN-061660068-GB2210002Invoice6,48.6,Watchlist,62,equipment demand; active implementation; reported budget,no future dated funding signal,Monitor,No,intelligence
opp_score_fe5f6fb35229,US-EIN-061660068-GB2210002InvoiceofClubInterventionPreparation,48.6,Watchlist,62,equipment demand; active implementation; reported budget,no future dated funding signal,Monitor,No,intelligence
opp_score_ac71b75edae5,US-EIN-061660068-GB22100029InvoiceforProgrammdNigeriasurveytoolstrainingmanualbackchecktools,48.6,Watchlist,62,equipment demand; active implementation; reported budget,no future dated funding signal,Monitor,No,intelligence
opp_score_47bd34815aea,FI-3-2015-2011110035,48.6,Watchlist,62,equipment demand; active implementation; reported budget,no future dated funding signal,Monitor,Yes,intelligence
opp_score_6ae8a62ef552,FI-3-2013-2011110035,48.6,Watchlist,62,equipment demand; active implementation; reported budget,no future dated funding signal,Monitor,No,intelligence
opp_score_50bfb54d8008,DE-1-202377018,48.6,Watchlist,62,equipment demand; active implementation; reported budget,active implementation period,Active through Q4 2026,No,intelligence
opp_score_9c6b5511b464,GB-COH-213890-82606191,48.6,Watchlist,62,equipment demand; active implementation; reported budget,no future dated funding signal,Monitor,No,intelligence
opp_score_5779eb22a45d,GB-CHC-207544-93305,48.6,Watchlist,62,equipment demand; active implementation; reported budget,active implementation period,Active through Q4 2026,No,intelligence
opp_score_0a620d4aac8b,GB-COH-07629751-gpaf-inn-026,48.6,Watchlist,62,equipment demand; active implementation; reported budget,no future dated funding signal,Monitor,No,intelligence
opp_score_179d65b86d54,GB-CHC-1081695-GPAF-IMP-094,48.6,Watchlist,62,equipment demand; active implementation; reported budget,no future dated funding signal,Monitor,No,intelligence
opp_score_a49de4b66a9a,CA-3-P009439002,48.5,Watchlist,62,equipment demand; active implementation; reported budget,active implementation period,Active through Q1 2027,No,intelligence
opp_score_16f74b2e090c,GB-CHC-1099776-P2,48.5,Watchlist,62,equipment demand; active implementation; reported budget,no future dated funding signal,Monitor,No,intelligence
opp_score_7d810a82fe80,GB-CHC-1099776-I7,48.5,Watchlist,62,equipment demand; active implementation; reported budget,no future dated funding signal,Monitor,No,intelligence
opp_score_425ed844cdbe,US-EIN-061660068-UCB2320026Invoice,48.5,Watchlist,62,equipment demand; active implementation; reported budget,no future dated funding signal,Monitor,No,intelligence
opp_score_2dd08353cb23,US-EIN-061660068-UCB2320026Invoice2,48.5,Watchlist,62,equipment demand; active implementation; reported budget,no future dated funding signal,Monitor,No,intelligence
opp_score_60cadc5f1410,BE-BCE_KBO-0418766123-PROG2017-2021_SO18,48.5,Watchlist,62,equipment demand; active implementation; reported budget,no future dated funding signal,Monitor,No,intelligence
opp_score_0e8fdeace707,DE-1-202375400,48.5,Watchlist,62,equipment demand; active implementation; reported budget,active implementation period,Active through Q3 2026,No,intelligence
opp_score_169d839dc57c,XM-OCHA-HPC6770-12532,48.5,Watchlist,62,equipment demand; active implementation; reported budget,no future dated funding signal,Monitor,No,intelligence
opp_score_b4cdc8f503bd,DE-1-202473619,48.5,Watchlist,62,equipment demand; active implementation; reported budget,active implementation period,Active through Q4 2026,No,intelligence
opp_score_ac97a4f9fc5f,DE-1-202200707-6657,48.5,Watchlist,62,equipment demand; active implementation; reported budget,active implementation period,Active through Q4 2026,No,intelligence
opp_score_67f16a601dfd,DE-1-202473627,48.5,Watchlist,62,equipment demand; active implementation; reported budget,active implementation period,Active through Q4 2026,No,intelligence
opp_score_a1b0cfa36681,GB-CHC-326568-4613071,48.5,Watchlist,62,equipment demand; active implementation; reported budget,no future dated funding signal,Monitor,No,intelligence
opp_score_6df50be64db5,GB-CHC-1076822-82605133,48.5,Watchlist,62,equipment demand; active implementation; reported budget,no future dated funding signal,Monitor,No,intelligence
opp_score_707b1f19e158,GB-COH-213890-82606190,48.5,Watchlist,62,equipment demand; active implementation; reported budget,no future dated funding signal,Monitor,No,intelligence
opp_score_543d8e679e87,GB-CHC-1076822-82605052,48.5,Watchlist,62,equipment demand; active implementation; reported budget,no future dated funding signal,Monitor,No,intelligence
opp_score_03f69d1bf530,KE-NCB-2180511304359047-KE-NCB-2180511304359047 - Unilever,48.5,Watchlist,62,equipment demand; active implementation; reported budget,no future dated funding signal,Monitor,No,intelligence
opp_score_d871561213fb,KE-NCB-2180511304359047-KE-NCB-2180511304359047 - TBWAVE8,48.4,Watchlist,62,equipment demand; active implementation; reported budget,no future dated funding signal,Monitor,No,intelligence
opp_score_99080a75c7cc,ZA-NPO-053-456-CEGAAEthiopia,48.4,Watchlist,62,equipment demand; active implementation; reported budget,no future dated funding signal,Monitor,No,intelligence
opp_score_1c7e24065106,GB-CHC-1099776-I8,48.4,Watchlist,62,equipment demand; active implementation; reported budget,no future dated funding signal,Monitor,No,intelligence
opp_score_69b0a54172a8,GB-CHC-1099776-P5,48.4,Watchlist,62,equipment demand; active implementation; reported budget,no future dated funding signal,Monitor,No,intelligence
opp_score_74eff429574b,FI-3-2021-2019000218,48.4,Watchlist,62,equipment demand; active implementation; reported budget,no future dated funding signal,Monitor,No,intelligence
opp_score_ed0a85cbf438,GB-CHC-207544-96807,48.4,Watchlist,62,equipment demand; active implementation; reported budget,no future dated funding signal,Monitor,No,intelligence
opp_score_126e01bb2294,GB-CHC-326568-4554149,48.4,Watchlist,62,equipment demand; active implementation; reported budget,no future dated funding signal,Monitor,No,intelligence
opp_score_21a38cd202ab,US-EIN-27-1414646-GDIHUBDFID2,48.4,Watchlist,62,equipment demand; active implementation; reported budget,no future dated funding signal,Monitor,No,intelligence
opp_score_5163577254eb,NL-KVK-41193594-YID7340KE,48.3,Watchlist,62,equipment demand; active implementation; reported budget,no future dated funding signal,Monitor,No,intelligence
opp_score_701015aca382,BE-BCE_KBO-0546740696-PG2017-2021_CD-138,48.3,Watchlist,62,equipment demand; active implementation; reported budget,active implementation period,Active through Q3 2027,No,intelligence
opp_score_f48169d361eb,FI-3-2016-2013130088,48.3,Watchlist,62,equipment demand; active implementation; reported budget,no future dated funding signal,Monitor,Yes,intelligence
opp_score_bb1d35ea211e,NL-KVK-41193594-YID7360ET,48.3,Watchlist,62,equipment demand; active implementation; reported budget,no future dated funding signal,Monitor,No,intelligence
opp_score_2390375f5745,GB-CHC-1099776-W1,48.3,Watchlist,62,equipment demand; active implementation; reported budget,no future dated funding signal,Monitor,No,intelligence
opp_score_4de30271028c,GB-CHC-1076822-82604783,48.3,Watchlist,62,equipment demand; active implementation; reported budget,no future dated funding signal,Monitor,No,intelligence
opp_score_1f2fae3b8fda,GB-CHC-1099776-P3,48.3,Watchlist,62,equipment demand; active implementation; reported budget,no future dated funding signal,Monitor,No,intelligence
opp_score_27cfe92619e9,KE-NCB-2180511304359047-KE-NCB-2180511304359047-PRIVATESECTOR,48.2,Watchlist,62,equipment demand; active implementation; reported budget,no future dated funding signal,Monitor,No,intelligence
opp_score_5525046bf705,GB-CHC-1099776-I2,48.2,Watchlist,62,equipment demand; active implementation; reported budget,no future dated funding signal,Monitor,No,intelligence
opp_score_7810f1574d5e,GB-CHC-1099776-1D,48.2,Watchlist,62,equipment demand; active implementation; reported budget,no future dated funding signal,Monitor,No,intelligence
opp_score_94cdcccefe74,US-EIN-061660068-PLAN2510002Invoice1,48.2,Watchlist,62,equipment demand; active implementation; reported budget,no future dated funding signal,Monitor,No,intelligence
opp_score_786b046eb5b4,US-EIN-061660068-PLAN2510002Invoice2,48.2,Watchlist,62,equipment demand; active implementation; reported budget,no future dated funding signal,Monitor,No,intelligence
opp_score_259ddedebd70,FI-3-2023-2023230055,48.2,Watchlist,62,equipment demand; active implementation; reported budget,no future dated funding signal,Monitor,No,intelligence
opp_score_0dd7cd6d54b1,ES-CIF-G81164105-R2G-ACF-SouthSudan,48.2,Watchlist,62,equipment demand; active implementation; reported budget,no future dated funding signal,Monitor,No,intelligence
opp_score_cde3b130629e,ET-MFA-0001989741-R177,48.2,Watchlist,62,equipment demand; active implementation; reported budget,no future dated funding signal,Monitor,No,intelligence
opp_score_a173d5887547,FI-3-2016-2011110035,48.2,Watchlist,62,equipment demand; active implementation; reported budget,no future dated funding signal,Monitor,Yes,intelligence
opp_score_d555448811ed,FI-3-2020-2019000218,48.2,Watchlist,62,equipment demand; active implementation; reported budget,no future dated funding signal,Monitor,No,intelligence
opp_score_1b897fde05db,GB-CHC-1076822-82604730,48.2,Watchlist,62,equipment demand; active implementation; reported budget,no future dated funding signal,Monitor,No,intelligence
opp_score_781e52f52a2b,GB-CHC-1076822-82604785,48.2,Watchlist,62,equipment demand; active implementation; reported budget,no future dated funding signal,Monitor,No,intelligence
opp_score_1471976f0893,GB-CHC-1076822-82605192,48.2,Watchlist,62,equipment demand; active implementation; reported budget,no future dated funding signal,Monitor,No,intelligence
opp_score_6e88fe40a821,FI-3-2012-2010100023,48.1,Watchlist,62,equipment demand; active implementation; reported budget,no future dated funding signal,Monitor,No,intelligence
opp_score_988ffdaba10a,DE-1-202329654,48.1,Watchlist,62,equipment demand; active implementation; reported budget,active implementation period,Active through Q3 2027,No,intelligence
opp_score_d1802f5b0de8,FI-3-2021-2021002481,48.1,Watchlist,62,equipment demand; active implementation; reported budget,no future dated funding signal,Monitor,No,intelligence
opp_score_6b1ed561f0f5,GB-CHC-1076822-82604648,48.1,Watchlist,62,equipment demand; active implementation; reported budget,no future dated funding signal,Monitor,No,intelligence
opp_score_aa6bd76fbad1,GB-CHC-1076822-82604988,48.1,Watchlist,62,equipment demand; active implementation; reported budget,no future dated funding signal,Monitor,No,intelligence
opp_score_e959b70b7da1,GB-CHC-207544-21039,48.1,Watchlist,62,equipment demand; active implementation; reported budget,no future dated funding signal,Monitor,No,intelligence
opp_score_63aa994656b0,GB-CHC-1094272-GPAF-INN038,48.1,Watchlist,62,equipment demand; active implementation; reported budget,no future dated funding signal,Monitor,Yes,intelligence
opp_score_c25f10bb54f4,US-EIN-061660068-NYU2410011Invoice1,48.0,Watchlist,62,equipment demand; active implementation; reported budget,no future dated funding signal,Monitor,No,intelligence
opp_score_47ea2ba69d71,US-EIN-061660068-NYU2410011Invoice2,48.0,Watchlist,62,equipment demand; active implementation; reported budget,no future dated funding signal,Monitor,No,intelligence
opp_score_2aeabeebf398,FI-3-2025-2025250092,48.0,Watchlist,62,equipment demand; active implementation; reported budget,no future dated funding signal,Monitor,No,intelligence
opp_score_0bb2caaed3e6,US-EIN-061660068-UCB2320024Invoice11Costreimbursable,48.0,Watchlist,62,equipment demand; active implementation; reported budget,no future dated funding signal,Monitor,No,intelligence
opp_score_a56b8a69821f,US-EIN-061660068-UCB2320024Invoice13,48.0,Watchlist,62,equipment demand; active implementation; reported budget,no future dated funding signal,Monitor,No,intelligence
opp_score_63fcc9693828,US-EIN-061660068-UCB2320024Invoice9costreimbursable,48.0,Watchlist,62,equipment demand; active implementation; reported budget,no future dated funding signal,Monitor,No,intelligence
opp_score_1edc35ab66e6,US-EIN-061660068-UCB2320024Invoice12Costreimbursable,48.0,Watchlist,62,equipment demand; active implementation; reported budget,no future dated funding signal,Monitor,No,intelligence
opp_score_e12ff130c14f,US-EIN-061660068-YAL2510015InvoiceNo1,48.0,Watchlist,62,equipment demand; active implementation; reported budget,no future dated funding signal,Monitor,No,intelligence
opp_score_a3b6212faaf2,DE-1-202473676,48.0,Watchlist,62,equipment demand; active implementation; reported budget,active implementation period,Active through Q4 2026,Yes,intelligence
opp_score_9d67fea7a3cb,NL-KVK-20093733-ET-2-DD-13-1,48.0,Watchlist,62,equipment demand; active implementation; reported budget,no future dated funding signal,Monitor,No,intelligence
opp_score_d234b66a10c7,GB-CHC-1076822-82605193,48.0,Watchlist,62,equipment demand; active implementation; reported budget,no future dated funding signal,Monitor,No,intelligence
opp_score_a63bea86014b,DE-1-202506004-8326,48.0,Watchlist,62,equipment demand; active implementation; procurement language,active implementation period,Active through Q2 2030,Yes,intelligence
opp_score_721c06fe33ea,DE-1-202506004-8270,48.0,Watchlist,62,equipment demand; active implementation; procurement language,active implementation period,Active through Q3 2027,Yes,intelligence
opp_score_ddcc5d3ea5df,DE-1-202506004-8357,48.0,Watchlist,62,equipment demand; active implementation; procurement language,active implementation period,Active through Q4 2028,Yes,intelligence
opp_score_3aa5a07ccdfc,XM-DAC-69-2-2023000047,48.0,Watchlist,62,equipment demand; active implementation; procurement language,no future dated funding signal,Monitor,Yes,intelligence
opp_score_d954a2427ee7,XI-IATI-EC_INTPA-2022-ACT-60684,48.0,Watchlist,62,equipment demand; active implementation; procurement language,active implementation period,Active through Q3 2028,Yes,intelligence
opp_score_379e10c11d51,CH-4-2012006701,48.0,Watchlist,62,equipment demand; active implementation; procurement language,no future dated funding signal,Monitor,Yes,intelligence
opp_score_9a13fbda7be7,XM-DAC-69-2-2019000031,48.0,Watchlist,62,equipment demand; active implementation; procurement language,no future dated funding signal,Monitor,Yes,intelligence
opp_score_7b99f29ce7c5,CH-4-2022-2010005730,48.0,Watchlist,62,equipment demand; active implementation; procurement language,no future dated funding signal,Monitor,Yes,intelligence
opp_score_d38b545ad18a,CH-4-2021-2010005729,48.0,Watchlist,62,equipment demand; active implementation; procurement language,no future dated funding signal,Monitor,Yes,intelligence
opp_score_d85d2f25bb70,CH-4-2021-2010005730,48.0,Watchlist,62,equipment demand; active implementation; procurement language,no future dated funding signal,Monitor,Yes,intelligence
opp_score_2ad2f856680f,CH-4-2010005729,48.0,Watchlist,62,equipment demand; active implementation; procurement language,no future dated funding signal,Monitor,Yes,intelligence
opp_score_d02b377f8b5d,CH-4-2010005730,48.0,Watchlist,62,equipment demand; active implementation; procurement language,no future dated funding signal,Monitor,Yes,intelligence
opp_score_98b257399dc5,CH-4-2010005924,48.0,Watchlist,62,equipment demand; active implementation; procurement language,no future dated funding signal,Monitor,Yes,intelligence
opp_score_fa814c01846c,CH-4-2023-2010006181,48.0,Watchlist,62,equipment demand; active implementation; procurement language,no future dated funding signal,Monitor,Yes,intelligence
opp_score_a98f688b00f8,CH-4-2023-2019008682,48.0,Watchlist,62,equipment demand; active implementation; procurement language,no future dated funding signal,Monitor,Yes,intelligence
opp_score_ba8b64ee4b5f,CH-4-2023-2019008683,48.0,Watchlist,62,equipment demand; active implementation; procurement language,no future dated funding signal,Monitor,Yes,intelligence
opp_score_a7ab1468518b,CH-4-2021-2019000662,48.0,Watchlist,62,equipment demand; active implementation; procurement language,no future dated funding signal,Monitor,Yes,intelligence
opp_score_1dbc6e06948b,CH-4-2024-2010006180,48.0,Watchlist,62,equipment demand; active implementation; procurement language,no future dated funding signal,Monitor,Yes,intelligence
opp_score_bc1489bdbe5b,CH-4-2022-2019008682,48.0,Watchlist,62,equipment demand; active implementation; procurement language,no future dated funding signal,Monitor,Yes,intelligence
opp_score_94fa0b7b2ce8,CH-4-2022-2019008683,48.0,Watchlist,62,equipment demand; active implementation; procurement language,no future dated funding signal,Monitor,Yes,intelligence
opp_score_ee4f10159515,CH-4-2024-2019008683,48.0,Watchlist,62,equipment demand; active implementation; procurement language,no future dated funding signal,Monitor,Yes,intelligence
opp_score_dc16c24c040d,CH-4-2024-2010006181,48.0,Watchlist,62,equipment demand; active implementation; procurement language,no future dated funding signal,Monitor,Yes,intelligence
opp_score_a403d0f62510,DE-1-202506004-8230,48.0,Watchlist,62,equipment demand; active implementation; procurement language,active implementation period,Active through Q4 2027,Yes,intelligence
opp_score_d8b61e3d8677,CH-4-2023-2010006182,48.0,Watchlist,62,equipment demand; active implementation; procurement language,no future dated funding signal,Monitor,Yes,intelligence
opp_score_d3c911c6a5b1,XM-DAC-6-4-012932-01-0,48.0,Watchlist,62,equipment demand; active implementation; procurement language,no future dated funding signal,Monitor,Yes,intelligence
opp_score_64197c07e688,BE-BCE_KBO-0418766123-prg2022-212-RW2022TEA522A103,48.0,Watchlist,62,equipment demand; active implementation; procurement language,active implementation period,Active through Q3 2027,Yes,intelligence
opp_score_fd7fb08bafb2,BE-BCE_KBO-0418766123-prg2022-114-RW2022SIN353A103,48.0,Watchlist,62,equipment demand; active implementation; procurement language,active implementation period,Active through Q3 2027,Yes,intelligence
opp_score_01174896aabd,XM-DAC-69-2-2017000308,48.0,Watchlist,62,equipment demand; active implementation; procurement language,no future dated funding signal,Monitor,Yes,intelligence
opp_score_b6e47878da0b,XM-DAC-69-2-2017000309,48.0,Watchlist,62,equipment demand; active implementation; procurement language,no future dated funding signal,Monitor,Yes,intelligence
opp_score_8e105d79851d,DE-1-202506004-8284,48.0,Watchlist,62,equipment demand; active implementation; procurement language,active implementation period,Active through Q4 2027,Yes,intelligence
opp_score_68a19eae02ba,NL-KVK-41207580-NL-KVK-41207580-4001,48.0,Watchlist,62,equipment demand; active implementation; procurement language,no future dated funding signal,Monitor,Yes,intelligence
opp_score_9b3a14ebd01f,FI-3-2014-2001013663,48.0,Watchlist,62,equipment demand; active implementation; procurement language,no future dated funding signal,Monitor,Yes,intelligence
opp_score_4b0120d01226,FI-3-2013-2001013663,48.0,Watchlist,62,equipment demand; active implementation; procurement language,no future dated funding signal,Monitor,Yes,intelligence
opp_score_581941f506e5,CH-4-2023-2023001667,48.0,Watchlist,62,equipment demand; active implementation; procurement language,no future dated funding signal,Monitor,Yes,intelligence
opp_score_310e47b4f48f,CH-4-2022-2022002259,48.0,Watchlist,62,equipment demand; active implementation; procurement language,no future dated funding signal,Monitor,Yes,intelligence
opp_score_23c40e6943ed,CH-4-2022-2022002269,48.0,Watchlist,62,equipment demand; active implementation; procurement language,no future dated funding signal,Monitor,Yes,intelligence
opp_score_0cea3fd75cec,CH-4-2024-2024001287,48.0,Watchlist,62,equipment demand; active implementation; procurement language,no future dated funding signal,Monitor,Yes,intelligence
opp_score_c7821c336f34,XM-DAC-69-2-2020000183,48.0,Watchlist,62,equipment demand; active implementation; procurement language,no future dated funding signal,Monitor,Yes,intelligence
opp_score_1e7ca032421d,GB-CHC-1099776-1A-SS,48.0,Watchlist,62,equipment demand; active implementation; procurement language,no future dated funding signal,Monitor,Yes,intelligence
opp_score_7a70458d3282,DE-1-202529188,48.0,Watchlist,62,equipment demand; active implementation; procurement language,active implementation period,Active through Q4 2027,Yes,intelligence
opp_score_1392d787a00a,DE-1-202406007-8183,48.0,Watchlist,62,equipment demand; active implementation; procurement language,no future dated funding signal,Monitor,Yes,intelligence
opp_score_7868ef885eb5,DE-1-202506004-8399,48.0,Watchlist,62,equipment demand; active implementation; procurement language,active implementation period,Active through Q1 2028,Yes,intelligence
opp_score_8a27fe4feb04,CH-4-2010005731,48.0,Watchlist,62,equipment demand; active implementation; procurement language,no future dated funding signal,Monitor,Yes,intelligence
opp_score_4ac4560af760,CH-4-2025-2021009939,48.0,Watchlist,62,equipment demand; active implementation; procurement language,no future dated funding signal,Monitor,Yes,intelligence
opp_score_719607cc9a60,CH-4-2025-2021010021,48.0,Watchlist,62,equipment demand; active implementation; procurement language,no future dated funding signal,Monitor,Yes,intelligence
opp_score_9808f1798f36,CH-4-2025-2021010022,48.0,Watchlist,62,equipment demand; active implementation; procurement language,no future dated funding signal,Monitor,Yes,intelligence
opp_score_7a626d08a6e7,CH-4-2025-2021010023,48.0,Watchlist,62,equipment demand; active implementation; procurement language,no future dated funding signal,Monitor,Yes,intelligence
opp_score_c00e8b0c568e,CH-4-2025-2021010024,48.0,Watchlist,62,equipment demand; active implementation; procurement language,no future dated funding signal,Monitor,Yes,intelligence
opp_score_256326775d9b,CH-4-2025-2021010025,48.0,Watchlist,62,equipment demand; active implementation; procurement language,no future dated funding signal,Monitor,Yes,intelligence
opp_score_4d29305b473d,CH-4-2024-2021009939,48.0,Watchlist,62,equipment demand; active implementation; procurement language,no future dated funding signal,Monitor,Yes,intelligence
opp_score_868c15376d40,CH-4-2024-2021009941,48.0,Watchlist,62,equipment demand; active implementation; procurement language,no future dated funding signal,Monitor,Yes,intelligence
opp_score_2becef6a681a,CH-4-2023-2021009725,48.0,Watchlist,62,equipment demand; active implementation; procurement language,no future dated funding signal,Monitor,Yes,intelligence
opp_score_1822492f1687,CH-4-2024-2021009725,48.0,Watchlist,62,equipment demand; active implementation; procurement language,no future dated funding signal,Monitor,Yes,intelligence
opp_score_094fc9a67c59,XM-OCHA-HPC6770-16477,48.0,Watchlist,62,equipment demand; active implementation; procurement language,active implementation period,Active through Q1 2027,Yes,intelligence
opp_score_eb04879134f6,FI-3-2014-2014140061,48.0,Watchlist,62,equipment demand; active implementation; procurement language,no future dated funding signal,Monitor,Yes,intelligence
opp_score_b21f2e80f5c9,FI-3-2015-2014140061,48.0,Watchlist,62,equipment demand; active implementation; procurement language,no future dated funding signal,Monitor,Yes,intelligence
opp_score_8cc95c8950e1,FI-3-2012-2007070349,48.0,Watchlist,62,equipment demand; active implementation; procurement language,no future dated funding signal,Monitor,Yes,intelligence
opp_score_cda58bf1030d,XI-IATI-EC_INTPA-2019-PCC-408407,48.0,Watchlist,62,equipment demand; active implementation; procurement language,no future dated funding signal,Monitor,Yes,intelligence
opp_score_3f3354cb8fbe,XI-IATI-EC_INTPA-2023-PC-27108,48.0,Watchlist,62,equipment demand; active implementation; procurement language,no future dated funding signal,Monitor,Yes,intelligence
opp_score_84d27290966f,XI-IATI-EC_INTPA-2023-PC-23045,48.0,Watchlist,62,equipment demand; active implementation; procurement language,no future dated funding signal,Monitor,Yes,intelligence
opp_score_ed630758cf70,XI-IATI-EC_INTPA-2013-PCC-327248,48.0,Watchlist,62,equipment demand; active implementation; procurement language,no future dated funding signal,Monitor,Yes,intelligence
opp_score_88542b35ac1e,DE-1-202506004-8289,48.0,Watchlist,62,equipment demand; active implementation; procurement language,active implementation period,Active through Q3 2028,Yes,intelligence
opp_score_95f8f06c2197,XM-DAC-6-4-013038-01-0,48.0,Watchlist,62,equipment demand; active implementation; procurement language,active implementation period,Active through Q3 2026,Yes,intelligence
opp_score_fb9d91ae9c31,XM-DAC-41114-PROJECT-01004489,48.0,Watchlist,62,equipment demand; active implementation; procurement language,active implementation period,Active through Q4 2026,Yes,intelligence
opp_score_8c15c41ac504,XM-DAC-69-2-2017000330,48.0,Watchlist,62,equipment demand; active implementation; procurement language,no future dated funding signal,Monitor,Yes,intelligence
opp_score_91dc1ad9a9a8,XM-DAC-69-2-2017000331,48.0,Watchlist,62,equipment demand; active implementation; procurement language,no future dated funding signal,Monitor,Yes,intelligence
opp_score_2780a6fa087b,XM-DAC-69-2-2020000287,48.0,Watchlist,62,equipment demand; active implementation; procurement language,no future dated funding signal,Monitor,Yes,intelligence
opp_score_f88d10b3b270,XM-DAC-69-2-2014000304,48.0,Watchlist,62,equipment demand; active implementation; procurement language,no future dated funding signal,Monitor,Yes,intelligence
opp_score_676182bf6911,GB-GOV-1-300415,48.0,Watchlist,62,equipment demand; active implementation; procurement language,active implementation period,Active through Q3 2026,Yes,intelligence
opp_score_c9116dda01ff,XM-DAC-69-2-2020000259,48.0,Watchlist,62,equipment demand; active implementation; procurement language,no future dated funding signal,Monitor,Yes,intelligence
opp_score_2ed849237bd9,XM-DAC-69-2-2020000152,48.0,Watchlist,62,equipment demand; active implementation; procurement language,no future dated funding signal,Monitor,Yes,intelligence
opp_score_a2fab0e9fc81,XM-DAC-701-2-2020010659,48.0,Watchlist,62,equipment demand; active implementation; procurement language,no future dated funding signal,Monitor,Yes,intelligence
opp_score_10a5d6bf74c0,BE-BCE_KBO-0264814354-RWA23002,48.0,Watchlist,62,equipment demand; active implementation; procurement language,active implementation period,Active through Q3 2028,Yes,intelligence
opp_score_b9e42bb1e9c3,BE-BCE_KBO-0264814354-RWA23003,48.0,Watchlist,62,equipment demand; active implementation; procurement language,active implementation period,Active through Q4 2028,Yes,intelligence
opp_score_9ec528a90283,CH-4-2012006463,48.0,Watchlist,62,equipment demand; active implementation; procurement language,no future dated funding signal,Monitor,Yes,intelligence
opp_score_83de99933bc4,BE-BCE_KBO-0418766123-prg2022-100-UG2022SIN360A101,48.0,Watchlist,62,equipment demand; active implementation; procurement language,active implementation period,Active through Q3 2027,Yes,intelligence
opp_score_d4d96826c0ed,FI-3-2022-2019000167,48.0,Watchlist,62,equipment demand; active implementation; procurement language,no future dated funding signal,Monitor,Yes,intelligence
opp_score_1efd8ac3996d,FI-3-2023-2023230142,48.0,Watchlist,62,equipment demand; active implementation; procurement language,no future dated funding signal,Monitor,Yes,intelligence
opp_score_f79439fd8e5c,BE-BCE_KBO-0418766123-prg2022-120-CD2022SIN335A104,48.0,Watchlist,62,equipment demand; active implementation; procurement language,active implementation period,Active through Q3 2027,Yes,intelligence
opp_score_17cf7e651dfc,XM-DAC-6-4-012596-03-2,48.0,Watchlist,62,equipment demand; active implementation; procurement language,active implementation period,Active through Q1 2028,Yes,intelligence
opp_score_e39a05defb8a,XM-DAC-6-4-012596-02-4,48.0,Watchlist,62,equipment demand; active implementation; procurement language,active implementation period,Active through Q4 2026,Yes,intelligence
opp_score_e82f2fde6208,BE-BCE_KBO-0418766123-prg2022-109-ET2022SIN344A103,48.0,Watchlist,62,equipment demand; active implementation; procurement language,active implementation period,Active through Q3 2027,Yes,intelligence
opp_score_84a0f8a29236,BE-BCE_KBO-0418766123-prg2022-144-ET2023SIN382A102,48.0,Watchlist,62,equipment demand; active implementation; procurement language,active implementation period,Active through Q3 2027,Yes,intelligence
opp_score_7a7fd666dda6,XM-DAC-69-2-2010000016,48.0,Watchlist,62,equipment demand; active implementation; procurement language,no future dated funding signal,Monitor,Yes,intelligence
opp_score_c1adc414f61d,XM-DAC-69-2-2023000054,48.0,Watchlist,62,equipment demand; active implementation; procurement language,no future dated funding signal,Monitor,Yes,intelligence
opp_score_992f52dc5870,CH-4-2016003215,48.0,Watchlist,62,equipment demand; active implementation; procurement language,no future dated funding signal,Monitor,Yes,intelligence
opp_score_8c53639ed8e7,CH-4-2016003216,48.0,Watchlist,62,equipment demand; active implementation; procurement language,no future dated funding signal,Monitor,Yes,intelligence
opp_score_37d19b695b61,CH-4-2016003217,48.0,Watchlist,62,equipment demand; active implementation; procurement language,no future dated funding signal,Monitor,Yes,intelligence
opp_score_6ef2992798ff,CH-4-2024-2023002037,48.0,Watchlist,62,equipment demand; active implementation; procurement language,no future dated funding signal,Monitor,Yes,intelligence
opp_score_46a499f98928,CH-4-2024-2023002038,48.0,Watchlist,62,equipment demand; active implementation; procurement language,no future dated funding signal,Monitor,Yes,intelligence
opp_score_999cfbf4beb1,CH-4-2024-2023002039,48.0,Watchlist,62,equipment demand; active implementation; procurement language,no future dated funding signal,Monitor,Yes,intelligence
opp_score_61d8acf4d034,CH-4-2024-2023002040,48.0,Watchlist,62,equipment demand; active implementation; procurement language,no future dated funding signal,Monitor,Yes,intelligence
opp_score_6f2948317c50,CH-4-2024-2023002041,48.0,Watchlist,62,equipment demand; active implementation; procurement language,no future dated funding signal,Monitor,Yes,intelligence
opp_score_fac93e7e609c,CH-4-2012006462,48.0,Watchlist,62,equipment demand; active implementation; procurement language,no future dated funding signal,Monitor,Yes,intelligence
opp_score_b696387d092e,CH-4-2021-2010005640,48.0,Watchlist,62,equipment demand; active implementation; procurement language,no future dated funding signal,Monitor,Yes,intelligence
opp_score_df0b17bd0a7a,CH-4-2021-2010005993,48.0,Watchlist,62,equipment demand; active implementation; procurement language,no future dated funding signal,Monitor,Yes,intelligence
opp_score_95fb3c2c4f65,CH-4-2010005640,48.0,Watchlist,62,equipment demand; active implementation; procurement language,no future dated funding signal,Monitor,Yes,intelligence
opp_score_b2feb2018dcf,CH-4-2010005641,48.0,Watchlist,62,equipment demand; active implementation; procurement language,no future dated funding signal,Monitor,Yes,intelligence
opp_score_f8ab1a2ea6c3,CH-4-2025-2023007668,48.0,Watchlist,62,equipment demand; active implementation; procurement language,active implementation period,Active through Q1 2028,Yes,intelligence
opp_score_aadfe672ae66,CH-4-2025-2023007525,48.0,Watchlist,62,equipment demand; active implementation; procurement language,active implementation period,Active through Q1 2028,Yes,intelligence
opp_score_1af54f7543e1,CH-4-2025-2021009940,48.0,Watchlist,62,equipment demand; active implementation; procurement language,no future dated funding signal,Monitor,Yes,intelligence
opp_score_b1d759222911,CH-4-2025-2023007675,48.0,Watchlist,62,equipment demand; active implementation; procurement language,active implementation period,Active through Q1 2028,Yes,intelligence
opp_score_96b8fd8f788b,CH-4-2024-2021009940,48.0,Watchlist,62,equipment demand; active implementation; procurement language,no future dated funding signal,Monitor,Yes,intelligence
opp_score_cdde77bc08be,CH-4-2024-2021009727,48.0,Watchlist,62,equipment demand; active implementation; procurement language,no future dated funding signal,Monitor,Yes,intelligence
opp_score_6c316c83f77e,CH-4-2024-2023000556,48.0,Watchlist,62,equipment demand; active implementation; procurement language,no future dated funding signal,Monitor,Yes,intelligence
opp_score_e492c3d924e1,CH-4-2024-2023000559,48.0,Watchlist,62,equipment demand; active implementation; procurement language,no future dated funding signal,Monitor,Yes,intelligence
opp_score_e8957581088d,CH-4-2023-2021009726,48.0,Watchlist,62,equipment demand; active implementation; procurement language,no future dated funding signal,Monitor,Yes,intelligence
opp_score_1bdd88674ce0,CH-4-2023-2021009727,48.0,Watchlist,62,equipment demand; active implementation; procurement language,no future dated funding signal,Monitor,Yes,intelligence
opp_score_fb5f89d32dc3,CH-4-2024-2021009726,48.0,Watchlist,62,equipment demand; active implementation; procurement language,no future dated funding signal,Monitor,Yes,intelligence
opp_score_31e0f530daa5,CH-4-2024-2023000558,48.0,Watchlist,62,equipment demand; active implementation; procurement language,no future dated funding signal,Monitor,Yes,intelligence
opp_score_2ac897ddd7d1,CH-4-2024-2023007523,48.0,Watchlist,62,equipment demand; active implementation; procurement language,no future dated funding signal,Monitor,Yes,intelligence
opp_score_681a6b4afa6f,CH-4-2024-2023007524,48.0,Watchlist,62,equipment demand; active implementation; procurement language,no future dated funding signal,Monitor,Yes,intelligence
opp_score_2dc09fd2d830,CH-4-2024-2023007525,48.0,Watchlist,62,equipment demand; active implementation; procurement language,no future dated funding signal,Monitor,Yes,intelligence
opp_score_2190e08b2717,CH-4-2024-2023007526,48.0,Watchlist,62,equipment demand; active implementation; procurement language,no future dated funding signal,Monitor,Yes,intelligence
opp_score_8c5e8863f4ed,CH-4-2024-2023007527,48.0,Watchlist,62,equipment demand; active implementation; procurement language,no future dated funding signal,Monitor,Yes,intelligence
opp_score_cd7da9b0c0eb,FI-3-2022-2018180163,48.0,Watchlist,62,equipment demand; active implementation; procurement language,no future dated funding signal,Monitor,Yes,intelligence
opp_score_37687084d05f,FI-3-2019-2016160064,48.0,Watchlist,62,equipment demand; active implementation; procurement language,no future dated funding signal,Monitor,Yes,intelligence
opp_score_96664b7cd6f0,XM-DAC-69-2-2018000108,48.0,Watchlist,62,equipment demand; active implementation; procurement language,no future dated funding signal,Monitor,Yes,intelligence
opp_score_b2bc7a34ee2a,SE-0-SE-6-16785,48.0,Watchlist,62,equipment demand; active implementation; procurement language,active implementation period,Active through Q2 2029,Yes,intelligence
opp_score_fcd5ec10fe02,CH-4-2011004987,48.0,Watchlist,62,equipment demand; active implementation; procurement language,no future dated funding signal,Monitor,Yes,intelligence
opp_score_720194ba0ac7,IE-CHY-20041069-FacingAfrica,48.0,Watchlist,62,equipment demand; active implementation; procurement language,no future dated funding signal,Monitor,Yes,intelligence
opp_score_43ae31824ac7,IE-CHY-20041069-CheshireServicesEthiopia,48.0,Watchlist,62,equipment demand; active implementation; procurement language,no future dated funding signal,Monitor,Yes,intelligence
opp_score_3ac93d9d38b9,FI-3-2019-2016160084,48.0,Watchlist,62,equipment demand; active implementation; procurement language,no future dated funding signal,Monitor,Yes,intelligence
opp_score_b1aa6f87dd86,XM-DAC-69-1-2017000173,48.0,Watchlist,62,equipment demand; active implementation; procurement language,no future dated funding signal,Monitor,Yes,intelligence
opp_score_20263eda7fb5,XM-DAC-69-2-2011000051,48.0,Watchlist,62,equipment demand; active implementation; procurement language,no future dated funding signal,Monitor,Yes,intelligence
opp_score_1622a42da613,XM-DAC-69-2-2021000051,48.0,Watchlist,62,equipment demand; active implementation; procurement language,no future dated funding signal,Monitor,Yes,intelligence
opp_score_6c00343e6c0e,XM-DAC-69-2-2019000167,48.0,Watchlist,62,equipment demand; active implementation; procurement language,no future dated funding signal,Monitor,Yes,intelligence
opp_score_01375f756e3b,XM-DAC-69-2-2013000090,48.0,Watchlist,62,equipment demand; active implementation; procurement language,no future dated funding signal,Monitor,Yes,intelligence
opp_score_f13d8d7b0439,DE-1-202530848,48.0,Watchlist,62,equipment demand; active implementation; procurement language,active implementation period,Active through Q1 2029,Yes,intelligence
opp_score_eee4f13d91ff,XM-DAC-69-2-2021000064,48.0,Watchlist,62,equipment demand; active implementation; procurement language,no future dated funding signal,Monitor,Yes,intelligence
opp_score_3254fcb94fb2,XM-DAC-69-2-2022000072,48.0,Watchlist,62,equipment demand; active implementation; procurement language,no future dated funding signal,Monitor,Yes,intelligence
opp_score_59cf51f3d212,XM-DAC-69-2-2018000115,48.0,Watchlist,62,equipment demand; active implementation; procurement language,no future dated funding signal,Monitor,Yes,intelligence
opp_score_44a5f7224b4e,XM-DAC-69-2-2015000175,48.0,Watchlist,62,equipment demand; active implementation; procurement language,no future dated funding signal,Monitor,Yes,intelligence
opp_score_21a0c09e05b5,XM-DAC-69-2-2021000062,48.0,Watchlist,62,equipment demand; active implementation; procurement language,no future dated funding signal,Monitor,Yes,intelligence
opp_score_d22acb553ae7,XM-DAC-69-2-2022000078,48.0,Watchlist,62,equipment demand; active implementation; procurement language,no future dated funding signal,Monitor,Yes,intelligence
opp_score_c5c0cde42cdc,GB-CHC-1099776-I1-UG,48.0,Watchlist,62,equipment demand; active implementation; procurement language,no future dated funding signal,Monitor,Yes,intelligence
opp_score_c74d1361ca8d,FI-3-2019-2014140013,48.0,Watchlist,62,equipment demand; active implementation; procurement language,no future dated funding signal,Monitor,Yes,intelligence
opp_score_f17bddb2172f,FI-3-2017-2014140020,48.0,Watchlist,62,equipment demand; active implementation; procurement language,no future dated funding signal,Monitor,Yes,intelligence
opp_score_a67fcd304202,FI-3-2020-2014140013,48.0,Watchlist,62,equipment demand; active implementation; procurement language,no future dated funding signal,Monitor,Yes,intelligence
opp_score_e322f3bb85d2,XM-DAC-69-2-2021000061,48.0,Watchlist,62,equipment demand; active implementation; procurement language,no future dated funding signal,Monitor,Yes,intelligence
opp_score_ead72605c43f,XM-DAC-69-2-2021000063,48.0,Watchlist,62,equipment demand; active implementation; procurement language,no future dated funding signal,Monitor,Yes,intelligence
opp_score_c70aef2d9f5f,XM-DAC-69-2-2022000057,48.0,Watchlist,62,equipment demand; active implementation; procurement language,no future dated funding signal,Monitor,Yes,intelligence
opp_score_72f1d9496e7b,XM-DAC-69-2-2022000066,48.0,Watchlist,62,equipment demand; active implementation; procurement language,no future dated funding signal,Monitor,Yes,intelligence
opp_score_054055889db6,FI-3-2022-2019000095,48.0,Watchlist,62,equipment demand; active implementation; procurement language,no future dated funding signal,Monitor,Yes,intelligence
opp_score_7f2c8fb0b0d7,SE-0-SE-6-14620,48.0,Watchlist,62,equipment demand; active implementation; procurement language,active implementation period,Active through Q3 2026,Yes,intelligence
opp_score_230804479949,XM-DAC-69-2-2020000295,48.0,Watchlist,62,equipment demand; active implementation; procurement language,no future dated funding signal,Monitor,Yes,intelligence
opp_score_5af3033d6de8,FI-3-2014-2013130111,48.0,Watchlist,62,equipment demand; active implementation; procurement language,no future dated funding signal,Monitor,Yes,intelligence
opp_score_50566b3636fa,FI-3-2013-2012000139,48.0,Watchlist,62,equipment demand; active implementation; procurement language,no future dated funding signal,Monitor,Yes,intelligence
opp_score_3a769fc66734,XM-DAC-69-2-2015000178,48.0,Watchlist,62,equipment demand; active implementation; procurement language,no future dated funding signal,Monitor,Yes,intelligence
opp_score_109b74c985b9,XM-DAC-69-2-2017000298,48.0,Watchlist,62,equipment demand; active implementation; procurement language,no future dated funding signal,Monitor,Yes,intelligence
opp_score_fc68698f974c,XM-DAC-69-2-2017000297,48.0,Watchlist,62,equipment demand; active implementation; procurement language,no future dated funding signal,Monitor,Yes,intelligence
opp_score_363e693175a1,SE-0-SE-29-2022-02835,48.0,Watchlist,62,equipment demand; active implementation; procurement language,no future dated funding signal,Monitor,Yes,intelligence
opp_score_572da7f88d8b,XM-DAC-69-2-2020000255,48.0,Watchlist,62,equipment demand; active implementation; procurement language,no future dated funding signal,Monitor,Yes,intelligence
opp_score_97ab9b1386e1,XM-DAC-69-2-2017000194,48.0,Watchlist,62,equipment demand; active implementation; procurement language,no future dated funding signal,Monitor,Yes,intelligence
opp_score_82b176d7935e,XM-DAC-69-2-2011000042,48.0,Watchlist,62,equipment demand; active implementation; procurement language,no future dated funding signal,Monitor,Yes,intelligence
opp_score_5915d8a3f928,XM-DAC-69-2-2011000033,48.0,Watchlist,62,equipment demand; active implementation; procurement language,no future dated funding signal,Monitor,Yes,intelligence
opp_score_a963e7717abb,XM-DAC-69-2-2015000111,48.0,Watchlist,62,equipment demand; active implementation; procurement language,no future dated funding signal,Monitor,Yes,intelligence
opp_score_7f5855198611,XM-DAC-69-2-2018000156,48.0,Watchlist,62,equipment demand; active implementation; procurement language,no future dated funding signal,Monitor,Yes,intelligence
opp_score_f23786d0e0be,XM-DAC-69-2-2018000155,48.0,Watchlist,62,equipment demand; active implementation; procurement language,no future dated funding signal,Monitor,Yes,intelligence
opp_score_3cc309d2827c,XM-DAC-69-2-2020000136,48.0,Watchlist,62,equipment demand; active implementation; procurement language,no future dated funding signal,Monitor,Yes,intelligence
opp_score_f9b390631e75,GB-CHC-1065972-DF246,48.0,Watchlist,62,equipment demand; active implementation; procurement language,no future dated funding signal,Monitor,Yes,intelligence
opp_score_a396b7e1bcb1,FI-3-2022-2019000169,48.0,Watchlist,62,equipment demand; active implementation; procurement language,no future dated funding signal,Monitor,Yes,intelligence
opp_score_50b81c2d66c7,FI-3-2022-2019190139,48.0,Watchlist,62,equipment demand; active implementation; procurement language,no future dated funding signal,Monitor,Yes,intelligence
opp_score_339d55cadef4,FI-3-2022-2018180162,48.0,Watchlist,62,equipment demand; active implementation; procurement language,no future dated funding signal,Monitor,Yes,intelligence
opp_score_b7cbb43b533a,FI-3-2019-2010100022,48.0,Watchlist,62,equipment demand; active implementation; procurement language,no future dated funding signal,Monitor,Yes,intelligence
opp_score_5554002dd363,FI-3-2022-2014140918,48.0,Watchlist,62,equipment demand; active implementation; procurement language,no future dated funding signal,Monitor,Yes,intelligence
opp_score_afd67442a500,FI-3-2023-2023230538,48.0,Watchlist,62,equipment demand; active implementation; procurement language,no future dated funding signal,Monitor,Yes,intelligence
opp_score_bd53b7f629ee,BE-BCE_KBO-0418766123-prg2022-192-TZ2022TEA530A101,48.0,Watchlist,62,equipment demand; active implementation; procurement language,active implementation period,Active through Q3 2027,Yes,intelligence
opp_score_0f36608d7124,BE-BCE_KBO-0418766123-prg2022-263-TZ2024TEA571A105,48.0,Watchlist,62,equipment demand; active implementation; procurement language,active implementation period,Active through Q3 2027,Yes,intelligence
opp_score_248a1d51ddfa,XI-IATI-EC_INTPA-2021-PCC-430243,48.0,Watchlist,62,equipment demand; active implementation; procurement language,active implementation period,Active through Q1 2027,Yes,intelligence
opp_score_5a0c9b170d31,SE-0-SE-29-2022-03031_1,48.0,Watchlist,62,equipment demand; active implementation; procurement language,no future dated funding signal,Monitor,Yes,intelligence
opp_score_98bc10a658f4,BE-BCE_KBO-0418766123-prg2022-142-CD2023SIN373A102,48.0,Watchlist,62,equipment demand; active implementation; procurement language,active implementation period,Active through Q3 2027,Yes,intelligence
opp_score_a4db8b8801b5,BE-BCE_KBO-0418766123-prg2022-216-CD2022TEA502A104,48.0,Watchlist,62,equipment demand; active implementation; procurement language,active implementation period,Active through Q3 2027,Yes,intelligence
opp_score_a8338e180d77,DE-1-202432979,48.0,Watchlist,62,equipment demand; active implementation; procurement language,active implementation period,Active through Q4 2028,Yes,intelligence
opp_score_e42d9c0f3f1d,DE-1-202474112,48.0,Watchlist,62,equipment demand; active implementation; procurement language,active implementation period,Active through Q1 2027,Yes,intelligence
opp_score_945c2f2c8f02,DE-1-202530020,48.0,Watchlist,62,equipment demand; active implementation; procurement language,active implementation period,Active through Q4 2028,Yes,intelligence
opp_score_09a093642e5e,DE-1-202531135,48.0,Watchlist,62,equipment demand; active implementation; procurement language,active implementation period,Active through Q1 2029,Yes,intelligence
opp_score_1aa5cf8c88bc,DE-1-202575405,48.0,Watchlist,62,equipment demand; active implementation; procurement language,active implementation period,Active through Q4 2028,Yes,intelligence
opp_score_21303928829b,DE-1-202630267,48.0,Watchlist,62,equipment demand; active implementation; procurement language,active implementation period,Active through Q4 2029,Yes,intelligence
opp_score_affa725c08fc,DE-1-202673846,48.0,Watchlist,62,equipment demand; active implementation; procurement language,active implementation period,Active through Q2 2029,Yes,intelligence
opp_score_6e39e597d7c4,XI-IATI-EC_INTPA-2021-PCC-423150,48.0,Watchlist,62,equipment demand; active implementation; procurement language,active implementation period,Active through Q4 2026,Yes,intelligence
opp_score_2adc1a13438a,XI-IATI-EC_INTPA-2022-PCC-435886,48.0,Watchlist,62,equipment demand; active implementation; procurement language,active implementation period,Active through Q3 2026,Yes,intelligence
opp_score_3ba47dc0c6d0,XI-IATI-EC_INTPA-2022-PCC-436103,48.0,Watchlist,62,equipment demand; active implementation; procurement language,active implementation period,Active through Q3 2026,Yes,intelligence
opp_score_46b4d02b263b,XM-DAC-69-2-2020000292,48.0,Watchlist,62,equipment demand; active implementation; procurement language,no future dated funding signal,Monitor,Yes,intelligence
opp_score_a5073c2691fa,XM-DAC-69-2-2023000061,48.0,Watchlist,62,equipment demand; active implementation; procurement language,no future dated funding signal,Monitor,Yes,intelligence
opp_score_98553e8666e4,BE-BCE_KBO-0418766123-prg2022-104-UG2022SIN361A102,48.0,Watchlist,62,equipment demand; active implementation; procurement language,active implementation period,Active through Q3 2027,Yes,intelligence
opp_score_0c36bdf9450a,DE-1-202530830,48.0,Watchlist,62,equipment demand; active implementation; procurement language,active implementation period,Active through Q2 2027,Yes,intelligence
opp_score_199078d5cfbd,NL-KVK-41150298-2037,48.0,Watchlist,62,equipment demand; active implementation; procurement language,active implementation period,Active through Q4 2027,Yes,intelligence
opp_score_441e94d6cd19,XM-DAC-69-2-2017000340,48.0,Watchlist,62,equipment demand; active implementation; procurement language,no future dated funding signal,Monitor,Yes,intelligence
opp_score_e8892ab6feb4,BE-BCE_KBO-0418766123-prg2022-125-ET2022SIN345A105,48.0,Watchlist,62,equipment demand; active implementation; procurement language,active implementation period,Active through Q3 2027,Yes,intelligence
opp_score_a996e95c1836,XM-DAC-69-2-2020000137,48.0,Watchlist,62,equipment demand; active implementation; procurement language,no future dated funding signal,Monitor,Yes,intelligence
opp_score_b27568857306,GB-CHC-802353-AishaCharityAssociation,48.0,Watchlist,62,equipment demand; active implementation; procurement language,no future dated funding signal,Monitor,Yes,intelligence
opp_score_47b3a6096e3e,GB-CHC-802353-AtsedeandIndie,48.0,Watchlist,62,equipment demand; active implementation; procurement language,no future dated funding signal,Monitor,Yes,intelligence
opp_score_98568a9ea436,DE-1-202431807,48.0,Watchlist,62,equipment demand; active implementation; procurement language,active implementation period,Active through Q2 2028,Yes,intelligence
opp_score_9e16a52c102b,XI-IATI-EC_INTPA-2024-ACT-62591,48.0,Watchlist,62,equipment demand; active implementation; procurement language,active implementation period,Active through Q4 2031,Yes,intelligence
opp_score_3a62f2f5516f,FI-3-2022-2019191451,48.0,Watchlist,62,equipment demand; active implementation; procurement language,no future dated funding signal,Monitor,Yes,intelligence
opp_score_3c19983f34e1,FI-3-2020-2019191451,48.0,Watchlist,62,equipment demand; active implementation; procurement language,no future dated funding signal,Monitor,Yes,intelligence
opp_score_52d1d07cffab,XM-DAC-69-2-2020000269,48.0,Watchlist,62,equipment demand; active implementation; procurement language,no future dated funding signal,Monitor,Yes,intelligence
opp_score_96ef75e98beb,XM-DAC-69-2-2020000203,48.0,Watchlist,62,equipment demand; active implementation; procurement language,no future dated funding signal,Monitor,Yes,intelligence
opp_score_d61c56e058b4,XM-DAC-69-2-2022000018,48.0,Watchlist,62,equipment demand; active implementation; procurement language,no future dated funding signal,Monitor,Yes,intelligence
opp_score_0fdfaadec690,XM-DAC-69-2-2015000160,48.0,Watchlist,62,equipment demand; active implementation; procurement language,no future dated funding signal,Monitor,Yes,intelligence
opp_score_2d50c232e058,XM-DAC-69-2-2015000146,48.0,Watchlist,62,equipment demand; active implementation; procurement language,no future dated funding signal,Monitor,Yes,intelligence
opp_score_35ae6887a9cb,XM-DAC-69-2-2017000288,48.0,Watchlist,62,equipment demand; active implementation; procurement language,no future dated funding signal,Monitor,Yes,intelligence
opp_score_f3af84dbbc91,XM-DAC-69-2-2017000274,48.0,Watchlist,62,equipment demand; active implementation; procurement language,no future dated funding signal,Monitor,Yes,intelligence
opp_score_64a2063a1028,XM-DAC-69-2-2017000334,48.0,Watchlist,62,equipment demand; active implementation; procurement language,no future dated funding signal,Monitor,Yes,intelligence
opp_score_6d12a6103d5c,XM-DAC-69-2-2018000023,48.0,Watchlist,62,equipment demand; active implementation; procurement language,no future dated funding signal,Monitor,Yes,intelligence
opp_score_7082ff76ea0f,XM-DAC-69-2-2019000184,48.0,Watchlist,62,equipment demand; active implementation; procurement language,no future dated funding signal,Monitor,Yes,intelligence
opp_score_9f43e371e70f,XM-DAC-69-2-2019000047,48.0,Watchlist,62,equipment demand; active implementation; procurement language,no future dated funding signal,Monitor,Yes,intelligence
opp_score_90532562e286,XM-DAC-3-1-289537-37787,48.0,Watchlist,62,equipment demand; active implementation; procurement language,active implementation period,Active through Q4 2029,Yes,intelligence
opp_score_4ed495f8664c,GB-CHC-285908-222226,48.0,Watchlist,62,equipment demand; active implementation; procurement language,active implementation period,Active through Q4 2026,Yes,intelligence
opp_score_3ed27984119d,SE-0-SE-29-2022-03218_3,48.0,Watchlist,62,equipment demand; active implementation; procurement language,no future dated funding signal,Monitor,Yes,intelligence
opp_score_7cde0b7a4f34,SE-0-SE-29-2022-03490,48.0,Watchlist,62,equipment demand; active implementation; procurement language,no future dated funding signal,Monitor,Yes,intelligence
opp_score_789445c6bb11,CH-4-2012006699,48.0,Watchlist,62,equipment demand; active implementation; procurement language,no future dated funding signal,Monitor,Yes,intelligence
opp_score_3c6f380706a5,CH-4-2012006700,48.0,Watchlist,62,equipment demand; active implementation; procurement language,no future dated funding signal,Monitor,Yes,intelligence
opp_score_ca289ead3646,CH-4-2010005748,48.0,Watchlist,62,equipment demand; active implementation; procurement language,no future dated funding signal,Monitor,Yes,intelligence
opp_score_b5ddd531fbe3,DE-1-202506004-8342,48.0,Watchlist,62,equipment demand; active implementation; procurement language,active implementation period,Active through Q4 2028,Yes,intelligence
opp_score_41b4fc89793a,CH-4-2013006125,48.0,Watchlist,62,equipment demand; active implementation; procurement language,no future dated funding signal,Monitor,Yes,intelligence
opp_score_cc209be2de57,XM-DAC-6-4-012596-03-1,48.0,Watchlist,62,equipment demand; active implementation; procurement language,active implementation period,Active through Q1 2028,Yes,intelligence
opp_score_245f89f17946,DE-1-202506004-8317,48.0,Watchlist,62,equipment demand; active implementation; procurement language,active implementation period,Active through Q4 2026,Yes,intelligence
opp_score_3debdb836dd4,XM-DAC-6-4-010605-02-2,48.0,Watchlist,62,equipment demand; active implementation; procurement language,active implementation period,Active through Q4 2026,Yes,intelligence
opp_score_68e2836915e9,SE-0-SE-29-2022-03218_2,48.0,Watchlist,62,equipment demand; active implementation; procurement language,no future dated funding signal,Monitor,Yes,intelligence
opp_score_4efc8f9fe463,SE-0-SE-29-2022-03705,48.0,Watchlist,62,equipment demand; active implementation; procurement language,no future dated funding signal,Monitor,Yes,intelligence
opp_score_fef61e1fd048,DE-1-202576148,48.0,Watchlist,62,equipment demand; active implementation; procurement language,active implementation period,Active through Q4 2028,Yes,intelligence
opp_score_8af5fb4ba879,SE-0-SE-29-2022-03218_1,48.0,Watchlist,62,equipment demand; active implementation; procurement language,no future dated funding signal,Monitor,Yes,intelligence
opp_score_3b711172d1bd,DE-1-202406007-8090,48.0,Watchlist,62,equipment demand; active implementation; procurement language,active implementation period,Active through Q4 2026,Yes,intelligence
opp_score_d06f3908d641,XM-DAC-69-2-2020000290,48.0,Watchlist,62,equipment demand; active implementation; procurement language,no future dated funding signal,Monitor,Yes,intelligence
opp_score_45be51cbaf13,XM-DAC-6-4-011400-01-2,48.0,Watchlist,62,equipment demand; active implementation; procurement language,active implementation period,Active through Q4 2026,Yes,intelligence
opp_score_be1a70d58f93,SE-0-SE-6-16046,48.0,Watchlist,62,equipment demand; active implementation; procurement language,active implementation period,Active through Q4 2026,Yes,intelligence
opp_score_fb93c7aa1cff,XI-IATI-EC_INTPA-2023-ACT-61864,48.0,Watchlist,62,equipment demand; active implementation; procurement language,active implementation period,Active through Q2 2029,Yes,intelligence
opp_score_316094301ed3,XM-DAC-3-1-238837-29298,48.0,Watchlist,62,equipment demand; active implementation; procurement language,no future dated funding signal,Monitor,Yes,intelligence
opp_score_923809266718,DE-1-202448702-8159,48.0,Watchlist,62,equipment demand; active implementation; procurement language,active implementation period,Active through Q4 2028,Yes,intelligence
opp_score_0c2acc31c2af,DE-1-202406007-8015,48.0,Watchlist,62,equipment demand; active implementation; procurement language,active implementation period,Active through Q1 2029,Yes,intelligence
opp_score_58f14660cb22,XM-DAC-3-1-195123-25182,48.0,Watchlist,62,equipment demand; active implementation; procurement language,no future dated funding signal,Monitor,Yes,intelligence
opp_score_b0693de414d4,XM-DAC-3-1-195123-25183,48.0,Watchlist,62,equipment demand; active implementation; procurement language,no future dated funding signal,Monitor,Yes,intelligence
opp_score_2313bb82ca3f,XM-DAC-3-1-251700-30351,48.0,Watchlist,62,equipment demand; active implementation; procurement language,no future dated funding signal,Monitor,Yes,intelligence
opp_score_1701b957e648,XM-DAC-3-1-286907-35426,48.0,Watchlist,62,equipment demand; active implementation; procurement language,no future dated funding signal,Monitor,Yes,intelligence
opp_score_b57eb91938c8,GB-GOV-1-300708,48.0,Watchlist,62,equipment demand; active implementation; procurement language,active implementation period,Active through Q1 2027,Yes,intelligence
opp_score_72639abb42f3,SE-0-SE-6-16290,48.0,Watchlist,62,equipment demand; active implementation; procurement language,active implementation period,Active through Q3 2027,Yes,intelligence
opp_score_61268daefb55,SE-0-SE-6-14780,48.0,Watchlist,62,equipment demand; active implementation; procurement language,active implementation period,Active through Q2 2028,Yes,intelligence
opp_score_da50976df7af,UG-NGB-1826-1716011,47.9,Watchlist,62,equipment demand; active implementation; reported budget,no future dated funding signal,Monitor,No,intelligence
opp_score_5079b0f00acb,GB-CHC-1099776-O3,47.9,Watchlist,62,equipment demand; active implementation; reported budget,no future dated funding signal,Monitor,No,intelligence
opp_score_55d1a50d2141,FI-3-2014-2013130117,47.9,Watchlist,62,equipment demand; active implementation; reported budget,no future dated funding signal,Monitor,Yes,intelligence
opp_score_a28a62485bd2,FI-3-2023-2023230181,47.9,Watchlist,62,equipment demand; active implementation; reported budget,no future dated funding signal,Monitor,No,intelligence
opp_score_365c96fa6238,ZA-NPO-053-456-CEGAAUganda,47.9,Watchlist,62,equipment demand; active implementation; reported budget,no future dated funding signal,Monitor,No,intelligence
opp_score_fb90f8318e30,NL-KVK-20093733-UG-2-BU-11-2,47.9,Watchlist,62,equipment demand; active implementation; reported budget,no future dated funding signal,Monitor,No,intelligence
opp_score_8b521c9862ed,FI-3-2020-2019000101,47.9,Watchlist,62,equipment demand; active implementation; reported budget,no future dated funding signal,Monitor,No,intelligence
opp_score_693bb8a619a6,GB-CHC-1076822-82604786,47.9,Watchlist,62,equipment demand; active implementation; reported budget,no future dated funding signal,Monitor,No,intelligence
opp_score_ce3329f0f4b9,GB-CHC-261488-KEA41GK,47.9,Watchlist,62,equipment demand; active implementation; reported budget,no future dated funding signal,Monitor,No,intelligence
opp_score_97b17556f058,KE-NCB-2180511304359047-KE-NCB-2180511304359047-CIFF,47.8,Watchlist,62,equipment demand; active implementation; reported budget,no future dated funding signal,Monitor,Yes,intelligence
opp_score_629e39245624,FI-3-2015-2013130117,47.8,Watchlist,62,equipment demand; active implementation; reported budget,no future dated funding signal,Monitor,Yes,intelligence
opp_score_80d8a7c9fba3,NL-KVK-40594571-GUSO-FlexF,47.8,Watchlist,62,equipment demand; active implementation; reported budget,no future dated funding signal,Monitor,No,intelligence
opp_score_4e5308c5b803,GB-CHC-1113101-AGL19,47.8,Watchlist,62,equipment demand; active implementation; reported budget,no future dated funding signal,Monitor,Yes,intelligence
opp_score_563b91463b53,GB-CHC-1113101-AGL28,47.7,Watchlist,62,equipment demand; active implementation; reported budget,no future dated funding signal,Monitor,Yes,intelligence
opp_score_2631d4f47017,FI-3-2018-2018180153,47.7,Watchlist,62,equipment demand; active implementation; reported budget,no future dated funding signal,Monitor,No,intelligence
opp_score_8212bff17a88,FI-3-2020-2018180214,47.7,Watchlist,62,equipment demand; active implementation; reported budget,no future dated funding signal,Monitor,No,intelligence
opp_score_98946c4a10ad,GB-COH-RC000660-NIHR134530,47.6,Watchlist,80,active implementation; future budget cycle; reported budget; 12-month funding window; procurement language,next budget period,Q2 2027,Yes,intelligence
opp_score_99ca9bbca797,GB-COH-877338-GB-COH-877338-NH17038,47.6,Watchlist,62,equipment demand; active implementation; reported budget,no future dated funding signal,Monitor,No,intelligence
opp_score_8fdcfc84f4b8,KE-KRA-P051097200R-1008,47.6,Watchlist,62,equipment demand; active implementation; reported budget,no future dated funding signal,Monitor,No,intelligence
opp_score_0c24287e6927,FI-3-2023-2023230721,47.6,Watchlist,62,equipment demand; active implementation; reported budget,no future dated funding signal,Monitor,No,intelligence
opp_score_43f522cf1cfc,NO-BRC-971277882-QZA-18/0159-620,47.6,Watchlist,62,equipment demand; active implementation; reported budget,no future dated funding signal,Monitor,No,intelligence
opp_score_d38c49c72be5,FI-3-2012-2009091234,47.6,Watchlist,62,equipment demand; active implementation; reported budget,no future dated funding signal,Monitor,No,intelligence
opp_score_98e8ee83239e,FI-3-2012-2011110037,47.6,Watchlist,62,equipment demand; active implementation; reported budget,no future dated funding signal,Monitor,No,intelligence
opp_score_962317592acc,FI-3-2012-2006060128,47.6,Watchlist,62,equipment demand; active implementation; reported budget,no future dated funding signal,Monitor,No,intelligence
opp_score_920b359a3e91,FI-3-2020-2019000164,47.6,Watchlist,62,equipment demand; active implementation; reported budget,no future dated funding signal,Monitor,No,intelligence
opp_score_50d215a4396b,NL-KVK-41209946-Tanzania,47.6,Watchlist,62,equipment demand; active implementation; reported budget,no future dated funding signal,Monitor,No,intelligence
opp_score_3eee3428fd3e,FI-3-2019-2019190043,47.5,Watchlist,62,equipment demand; active implementation; reported budget,no future dated funding signal,Monitor,No,intelligence
opp_score_2d31c1fbfe38,KE-KRA-P051097200R-912,47.5,Watchlist,62,equipment demand; active implementation; reported budget,no future dated funding signal,Monitor,No,intelligence
opp_score_ecad85aaec75,ZA-NPO-053-456-CEGAASouthSudan,47.5,Watchlist,62,equipment demand; active implementation; reported budget,no future dated funding signal,Monitor,No,intelligence
opp_score_a6dc399e2172,KE-KRA-P051097200R-1003,47.5,Watchlist,62,equipment demand; active implementation; reported budget,no future dated funding signal,Monitor,No,intelligence
opp_score_c86e53a02fb4,FI-3-2016-2013130117,47.5,Watchlist,62,equipment demand; active implementation; reported budget,no future dated funding signal,Monitor,Yes,intelligence
opp_score_738abcaf4cb6,FI-3-2024-2024240043,47.5,Watchlist,62,equipment demand; active implementation; reported budget,no future dated funding signal,Monitor,No,intelligence
opp_score_a37cfeaa8ac1,BE-BCE_KBO-0546740696-PG2017-2021_CD-120,47.5,Watchlist,62,equipment demand; active implementation; reported budget,active implementation period,Active through Q3 2027,No,intelligence
opp_score_3297f52fcc00,GB-COH-04276635-GPAF-INN037,47.5,Watchlist,62,equipment demand; active implementation; reported budget,no future dated funding signal,Monitor,No,intelligence
opp_score_6c90715e8822,GB-CHC-1076235-TZ-1355,47.5,Watchlist,62,equipment demand; active implementation; reported budget,no future dated funding signal,Monitor,No,intelligence
opp_score_b2921fad61c2,GB-CHC-1113101-AGL24,47.5,Watchlist,62,equipment demand; active implementation; reported budget,no future dated funding signal,Monitor,Yes,intelligence
opp_score_1a15bb2409c0,KE-KRA-P051097200R-1026,47.5,Watchlist,62,equipment demand; active implementation; reported budget,no future dated funding signal,Monitor,No,intelligence
opp_score_6a33301fcc10,GB-CHC-1076822-82604986,47.5,Watchlist,62,equipment demand; active implementation; reported budget,no future dated funding signal,Monitor,No,intelligence
opp_score_763c4c6cde06,GB-CHC-1099776-P7,47.5,Watchlist,62,equipment demand; active implementation; reported budget,no future dated funding signal,Monitor,No,intelligence
opp_score_60fa50093cdb,KE-NCB-2180511304359047-KE-NCB-2180511304359047 - Audere,47.4,Watchlist,62,equipment demand; active implementation; reported budget,no future dated funding signal,Monitor,Yes,intelligence
opp_score_3f29c9000858,FI-3-2019-2019190084,47.4,Watchlist,62,equipment demand; active implementation; reported budget,no future dated funding signal,Monitor,No,intelligence
opp_score_a54ad7c8d3b6,FI-3-2012-2010100022,47.4,Watchlist,62,equipment demand; active implementation; reported budget,no future dated funding signal,Monitor,No,intelligence
opp_score_1ae11b975166,FI-3-2019-2019190205,47.4,Watchlist,62,equipment demand; active implementation; reported budget,no future dated funding signal,Monitor,No,intelligence
opp_score_74c5c192b05e,FI-3-2013-2006060128,47.4,Watchlist,62,equipment demand; active implementation; reported budget,no future dated funding signal,Monitor,No,intelligence
opp_score_67e44cf544d1,FI-3-2013-2011110037,47.4,Watchlist,62,equipment demand; active implementation; reported budget,no future dated funding signal,Monitor,No,intelligence
opp_score_a44fff8fab8d,FI-3-2017-2017170046,47.4,Watchlist,62,equipment demand; active implementation; reported budget,no future dated funding signal,Monitor,No,intelligence
opp_score_dfb2a3ffc616,GB-1-204477-104,47.4,Watchlist,62,equipment demand; active implementation; reported budget,no future dated funding signal,Monitor,No,intelligence
opp_score_2842eb01676d,GB-CHC-1076235-ET-1347,47.4,Watchlist,62,equipment demand; active implementation; reported budget,no future dated funding signal,Monitor,No,intelligence
opp_score_200c85714e30,GB-CHC-1082565-20210374,47.4,Watchlist,62,equipment demand; active implementation; reported budget,no future dated funding signal,Monitor,No,intelligence
opp_score_3e53372a84fa,US-EIN-061660068-PSI2310001Invoice3,47.3,Watchlist,62,equipment demand; active implementation; reported budget,no future dated funding signal,Monitor,No,intelligence
opp_score_45730e4ad937,FI-3-2012-2006060173,47.3,Watchlist,62,equipment demand; active implementation; reported budget,no future dated funding signal,Monitor,No,intelligence
opp_score_335a6e29466d,FI-3-2020-2019000041,47.3,Watchlist,62,equipment demand; active implementation; reported budget,no future dated funding signal,Monitor,No,intelligence
opp_score_2a7fccacdd1b,FI-3-2015-2013130497,47.2,Watchlist,62,equipment demand; active implementation; reported budget,no future dated funding signal,Monitor,No,intelligence
opp_score_0c3b5fe04e63,FI-3-2014-2014140751,47.2,Watchlist,62,equipment demand; active implementation; reported budget,no future dated funding signal,Monitor,No,intelligence
opp_score_05c14e23e060,FI-3-2015-2014140751,47.2,Watchlist,62,equipment demand; active implementation; reported budget,no future dated funding signal,Monitor,No,intelligence
opp_score_c67df4a75f55,FI-3-2013-2007070289,47.2,Watchlist,62,equipment demand; active implementation; reported budget,no future dated funding signal,Monitor,No,intelligence
opp_score_3533f5cc21ab,GB-CHC-1113101-AGS14,47.2,Watchlist,62,equipment demand; active implementation; reported budget,no future dated funding signal,Monitor,Yes,intelligence
opp_score_d7939345a5fa,XM-DAC-301-2-109812-003,47.1,Watchlist,71,active implementation; future planned disbursement; reported budget; 12-month funding window,next planned disbursement,Q1 2027,No,intelligence
opp_score_e1c2f1390d38,NO-BRC-971277882-FK-701201,47.1,Watchlist,62,equipment demand; active implementation; reported budget,active implementation period,Active through Q4 2026,No,intelligence
opp_score_0d7e8c06a166,FI-3-2013-2013130582,47.1,Watchlist,62,equipment demand; active implementation; reported budget,no future dated funding signal,Monitor,No,intelligence
opp_score_11e30cc5a8fa,GB-CHC-1113101-AGS17,47.1,Watchlist,62,equipment demand; active implementation; reported budget,no future dated funding signal,Monitor,Yes,intelligence
opp_score_9a6f8c79356e,FI-3-2024-2024240533,47.0,Watchlist,62,equipment demand; active implementation; reported budget,no future dated funding signal,Monitor,No,intelligence
opp_score_34ad0972dbdf,FI-3-2017-2017170275,47.0,Watchlist,62,equipment demand; active implementation; reported budget,no future dated funding signal,Monitor,No,intelligence
opp_score_b99d3dd3e206,FI-3-2013-2013130117,47.0,Watchlist,62,equipment demand; active implementation; reported budget,no future dated funding signal,Monitor,Yes,intelligence
opp_score_c6d08a1a11cf,NL-KVK-27378529-CTM25KE01,47.0,Watchlist,62,equipment demand; active implementation; reported budget,no future dated funding signal,Monitor,No,intelligence
opp_score_b8ec0a3e3021,FI-3-2017-2013130117,47.0,Watchlist,62,equipment demand; active implementation; reported budget,no future dated funding signal,Monitor,Yes,intelligence
opp_score_6be08e15f7a5,GB-GOV-10-RP_07_304266,46.9,Watchlist,80,active implementation; future budget cycle; reported budget; 12-month funding window; procurement language,next budget period,Q2 2027,Yes,intelligence
opp_score_c04b71a4d09d,FI-3-2016-2014140751,46.9,Watchlist,62,equipment demand; active implementation; reported budget,no future dated funding signal,Monitor,No,intelligence
opp_score_ae0b2d6ca330,FI-3-2024-2024240534,46.9,Watchlist,62,equipment demand; active implementation; reported budget,no future dated funding signal,Monitor,No,intelligence
opp_score_8611e21e8a77,FI-3-2014-2006060128,46.9,Watchlist,62,equipment demand; active implementation; reported budget,no future dated funding signal,Monitor,No,intelligence
opp_score_e1e83dbd9d8d,KE-KRA-P051097200R-1009,46.9,Watchlist,62,equipment demand; active implementation; reported budget,no future dated funding signal,Monitor,No,intelligence
opp_score_d5ee25b804c2,FI-3-2014-2011110037,46.8,Watchlist,62,equipment demand; active implementation; reported budget,no future dated funding signal,Monitor,No,intelligence
opp_score_73d864e29743,FI-3-2023-2023230722,46.8,Watchlist,62,equipment demand; active implementation; reported budget,no future dated funding signal,Monitor,No,intelligence
opp_score_985ca7484642,46002-P-SS-IB0-001,46.7,Watchlist,71,pipeline stage; future budget cycle; reported budget; near-term funding window,next budget period,Q4 2026,No,intelligence
opp_score_d96c436827ff,46002-P-UG-IB0-009,46.7,Watchlist,71,pipeline stage; future budget cycle; reported budget; near-term funding window,next budget period,Q4 2026,No,intelligence
opp_score_3adc47e014c4,XM-DAC-301-2-110643-001,46.7,Watchlist,71,active implementation; future planned disbursement; reported budget; 12-month funding window,next planned disbursement,Q2 2027,No,intelligence
opp_score_89590c221be0,KE-KRA-P051097200R-968,46.7,Watchlist,62,equipment demand; active implementation; reported budget,no future dated funding signal,Monitor,No,intelligence
opp_score_f0b9ad75d4cb,NL-KVK-27378529-CSS23KE02A,46.7,Watchlist,62,equipment demand; active implementation; reported budget,no future dated funding signal,Monitor,No,intelligence
opp_score_34f60289213d,XM-DAC-301-2-109812-001,46.6,Watchlist,71,active implementation; future planned disbursement; reported budget; 12-month funding window,next planned disbursement,Q1 2027,No,intelligence
opp_score_636590072d0b,KE-NCB-218051200501953650- KE-NCB-218051200501953650-IPV,46.6,Watchlist,62,equipment demand; active implementation; reported budget,no future dated funding signal,Monitor,No,intelligence
opp_score_46c18d2e3423,GB-CHC-1099776-3S,46.6,Watchlist,62,equipment demand; active implementation; reported budget,no future dated funding signal,Monitor,No,intelligence
opp_score_51934f952084,GB-CHC-1099776-3J,46.5,Watchlist,62,equipment demand; active implementation; reported budget,no future dated funding signal,Monitor,No,intelligence
opp_score_0894d9b09167,FI-3-2020-2019000214,46.5,Watchlist,62,equipment demand; active implementation; reported budget,no future dated funding signal,Monitor,Yes,intelligence
opp_score_5e4910abd280,KE-KRA-P051097200R-895,46.4,Watchlist,62,equipment demand; active implementation; reported budget,no future dated funding signal,Monitor,No,intelligence
opp_score_e65a1f863caf,GB-CHC-261488-KEA63MP,46.3,Watchlist,62,equipment demand; active implementation; reported budget,no future dated funding signal,Monitor,Yes,intelligence
opp_score_e1b525254e86,XM-DAC-301-2-110677-001,46.0,Watchlist,71,active implementation; future planned disbursement; reported budget; 12-month funding window,next planned disbursement,Q2 2027,No,intelligence
opp_score_ca13a637661a,KR-GOV-010-KR-GOV-051-2026030802677,46.0,Watchlist,71,active implementation; future budget cycle; reported budget; near-term funding window,next planned disbursement,Q4 2026,No,intelligence
opp_score_18dfa99dfbd1,KR-GOV-010-KR-GOV-051-2026030802676,46.0,Watchlist,71,active implementation; future budget cycle; reported budget; near-term funding window,next planned disbursement,Q4 2026,No,intelligence
opp_score_73f8b47d85cf,KR-GOV-010-KR-GOV-051-2026030702424,46.0,Watchlist,71,active implementation; future budget cycle; reported budget; near-term funding window,next planned disbursement,Q4 2026,No,intelligence
opp_score_190ff40c042c,KR-GOV-010-KR-GOV-051-2026030702393,46.0,Watchlist,71,active implementation; future budget cycle; reported budget; near-term funding window,next planned disbursement,Q4 2026,No,intelligence
opp_score_4cec0ea82f80,44000-P179698,46.0,Watchlist,71,active implementation; future budget cycle; reported budget; near-term funding window,next budget period,Q3 2026,No,intelligence
opp_score_37a3bdf1887c,FI-3-2014-2014140673,46.0,Watchlist,62,equipment demand; active implementation; reported budget,no future dated funding signal,Monitor,No,intelligence
opp_score_98295de939bd,KE-KRA-P051097200R-1019,46.0,Watchlist,62,equipment demand; active implementation; reported budget,no future dated funding signal,Monitor,No,intelligence
opp_score_47bb68613ff4,XI-IATI-EC_INTPA-2021-ACT-63602,46.0,Watchlist,53,equipment demand; pipeline stage,planned activity start,Q1 2100,No,intelligence
opp_score_fbab1240e483,XI-IATI-EC_INTPA-2021-ACT-63611,46.0,Watchlist,53,equipment demand; pipeline stage,planned activity start,Q1 2100,No,intelligence
opp_score_c59400256cfc,GB-COH-09288843-RwandaSSP2018-2021,46.0,Watchlist,53,equipment demand; pipeline stage,no future dated funding signal,Monitor,No,intelligence
opp_score_582ec238cef5,XI-IATI-EC_INTPA-2021-ACT-60400,46.0,Watchlist,53,equipment demand; pipeline stage,no future dated funding signal,Monitor,No,intelligence
opp_score_37d27ea38537,FI-3-2012-2011115149,45.8,Watchlist,62,equipment demand; active implementation; reported budget,no future dated funding signal,Monitor,No,intelligence
opp_score_39983e98fd5c,XM-DAC-5-7-6618887,45.7,Watchlist,62,equipment demand; active implementation; reported budget,no future dated funding signal,Monitor,No,intelligence
opp_score_5c96211cf3aa,FI-3-2012-2011115148,45.7,Watchlist,62,equipment demand; active implementation; reported budget,no future dated funding signal,Monitor,Yes,intelligence
opp_score_ef0f1e206810,KR-GOV-010-KR-GOV-051-2026030102578,45.6,Watchlist,71,active implementation; future budget cycle; reported budget; near-term funding window,next planned disbursement,Q4 2026,No,intelligence
opp_score_187ffb9f81bc,KR-GOV-010-KR-GOV-051-2026030102588,45.6,Watchlist,71,active implementation; future budget cycle; reported budget; near-term funding window,next planned disbursement,Q4 2026,No,intelligence
opp_score_fd5257ebf337,XM-DAC-301-2-110589-001,45.4,Watchlist,71,active implementation; future planned disbursement; reported budget; 12-month funding window,next planned disbursement,Q2 2028,No,intelligence
opp_score_6eceb7287234,44000-P504764,45.4,Watchlist,71,active implementation; future budget cycle; reported budget; near-term funding window,next budget period,Q3 2026,No,intelligence
opp_score_ab175ce1b257,44000-P504532,45.3,Watchlist,71,active implementation; future budget cycle; reported budget; near-term funding window,next budget period,Q3 2026,No,intelligence
opp_score_f9e69e4f288c,XM-DAC-301-2-110291-001,45.1,Watchlist,71,active implementation; future planned disbursement; reported budget; 12-month funding window,next planned disbursement,Q1 2027,No,intelligence
opp_score_88e37b482082,US-EIN-061660068-NWU2310033Invoice,44.8,Watchlist,62,equipment demand; active implementation; reported budget,no future dated funding signal,Monitor,No,intelligence
opp_score_ba8ee5abf59d,47045-KEN-H-KRCS-6,44.7,Watchlist,71,active implementation; future budget cycle; reported budget; near-term funding window,next budget period,Q4 2026,No,intelligence
opp_score_29eb0fbde21d,47045-COD-S-MOH-3,44.7,Watchlist,71,active implementation; future budget cycle; reported budget; near-term funding window,next budget period,Q4 2026,No,intelligence
opp_score_671b6959901a,XM-DAC-301-2-109970-003,44.2,Watchlist,71,active implementation; future planned disbursement; reported budget; 12-month funding window,next planned disbursement,Q1 2027,No,intelligence
opp_score_08afad97b78b,KR-GOV-010-KR-GOV-051-2026040101252,43.3,Watchlist,71,active implementation; future budget cycle; reported budget; near-term funding window,next planned disbursement,Q4 2026,No,intelligence
opp_score_2642fdf6d599,GB-COH-2695347-11004,43.3,Watchlist,71,active implementation; future budget cycle; reported budget; near-term funding window,next budget period,Q1 2027,No,intelligence
opp_score_e8fe8c7d0600,DE-1-202240505,43.0,Watchlist,71,active implementation; future budget cycle; reported budget; near-term funding window,next budget period,Q4 2026,No,intelligence
opp_score_be2ff475b728,XM-DAC-41116-PROJECT-156083,42.9,Watchlist,71,active implementation; future budget cycle; reported budget; near-term funding window,next budget period,Q4 2026,No,intelligence
opp_score_4fd141b5a193,GB-CHC-229476-WISHDIVIDENDS,42.8,Watchlist,71,active implementation; future budget cycle; reported budget; 12-month funding window,next budget period,Q2 2027,No,intelligence
opp_score_87059260d7d0,SE-ON-802497-7434-Project-AF5,42.5,Watchlist,71,active implementation; future budget cycle; reported budget; near-term funding window,next budget period,Q1 2027,No,intelligence
opp_score_f3b46c9e1f4a,NL-KVK-27378529-4000004194,42.5,Watchlist,71,active implementation; future budget cycle; reported budget; near-term funding window,next budget period,Q4 2026,No,intelligence
opp_score_ebbc6afb1a35,DAC-1601-INV-077480,42.4,Watchlist,71,active implementation; future budget cycle; reported budget; near-term funding window,next planned disbursement,Q4 2026,No,intelligence
opp_score_636a75daa44a,DE-1-202300705-6853,42.4,Watchlist,71,active implementation; future budget cycle; reported budget; near-term funding window,next budget period,Q1 2027,No,intelligence
opp_score_be4fe1edce5c,NO-BRC-971277882-QZA-23/0002-52,42.3,Watchlist,71,active implementation; future budget cycle; reported budget; near-term funding window,next budget period,Q4 2026,No,intelligence
opp_score_1ef0aafcb258,NL-KVK-27378529-4000003042,42.3,Watchlist,71,active implementation; future budget cycle; reported budget; near-term funding window,next budget period,Q4 2026,No,intelligence
opp_score_adfce083feca,SE-ON-802497-7434-Project-AF4,42.3,Watchlist,71,active implementation; future budget cycle; reported budget; near-term funding window,next budget period,Q1 2027,No,intelligence
opp_score_fc52c90860ec,FR-3-CTZ111802,42.3,Watchlist,71,active implementation; future budget cycle; reported budget; near-term funding window,next budget period,Q4 2026,No,intelligence
opp_score_73bb8103689b,NO-BRC-971277882-QZA-23/0002-70,42.2,Watchlist,71,active implementation; future budget cycle; reported budget; near-term funding window,next budget period,Q4 2026,No,intelligence
opp_score_24a2a81a6d46,NL-KVK-91420784-UG4054,42.2,Watchlist,71,active implementation; future budget cycle; reported budget; near-term funding window,next budget period,Q1 2027,No,intelligence
opp_score_2ce5803747f0,SE-ON-802497-7434-Project-AF3,42.2,Watchlist,71,active implementation; future budget cycle; reported budget; near-term funding window,next budget period,Q1 2027,No,intelligence
opp_score_d327e53ee8a7,DE-1-202420537,42.2,Watchlist,71,active implementation; future budget cycle; reported budget; near-term funding window,next budget period,Q1 2027,No,intelligence
opp_score_124045589358,SE-ON-802497-7434-Project-AF1,42.2,Watchlist,71,active implementation; future budget cycle; reported budget; near-term funding window,next budget period,Q1 2027,No,intelligence
opp_score_fc81f39de2d7,XM-DAC-301-2-110552-002,42.1,Watchlist,71,active implementation; future planned disbursement; reported budget; 12-month funding window,next planned disbursement,Q1 2027,No,intelligence
opp_score_d987a3b404f7,FR-3-CTZ1118,42.1,Watchlist,71,active implementation; future budget cycle; reported budget; near-term funding window,next budget period,Q4 2026,No,intelligence
opp_score_c0a83b0e94e7,FR-3-CTZ111801,42.1,Watchlist,71,active implementation; future budget cycle; reported budget; near-term funding window,next budget period,Q4 2026,No,intelligence
opp_score_c1248c66ba3f,SE-ON-802497-7434-Project-AF2,42.1,Watchlist,71,active implementation; future budget cycle; reported budget; near-term funding window,next budget period,Q1 2027,No,intelligence
opp_score_82c29a378ee4,SE-ON-802497-7434-Project-AF6,42.1,Watchlist,71,active implementation; future budget cycle; reported budget; near-term funding window,next budget period,Q1 2027,No,intelligence
opp_score_870e9c83eef4,XI-IATI-EC_INTPA-2024-PC-42453,42.0,Watchlist,62,active implementation; future planned disbursement; near-term funding window,next planned disbursement,Q4 2026,No,intelligence
opp_score_2f2f3ca4b289,DAC-1601-INV-058288,41.9,Watchlist,71,active implementation; future budget cycle; reported budget; near-term funding window,next planned disbursement,Q4 2026,No,intelligence
opp_score_e34148324d6f,GB-1-204420-402,41.9,Watchlist,71,active implementation; future budget cycle; reported budget; near-term funding window,next budget period,Q4 2026,No,intelligence
opp_score_0f51b4696d63,XM-DAC-928-KE-2026-27-07.001.AF01.KEN01,41.9,Watchlist,71,active implementation; future budget cycle; reported budget; near-term funding window,next budget period,Q4 2026,No,intelligence
opp_score_1e53e482b99e,XM-DAC-928-KE-2026-27-04.001.AF01.KEN01,41.9,Watchlist,71,active implementation; future budget cycle; reported budget; near-term funding window,next budget period,Q4 2026,No,intelligence
opp_score_041b489a341f,DAC-1601-INV-060889,41.8,Watchlist,71,active implementation; future budget cycle; reported budget; near-term funding window,next planned disbursement,Q4 2026,No,intelligence
opp_score_89e1d1bcd36b,XI-IATI-EC_INTPA-2024-PC-36151,41.8,Watchlist,62,active implementation; future planned disbursement; near-term funding window,next planned disbursement,Q4 2026,No,intelligence
opp_score_51b0ee47d381,DAC-1601-INV-058035,41.7,Watchlist,71,active implementation; future budget cycle; reported budget; near-term funding window,next planned disbursement,Q4 2026,No,intelligence
opp_score_53690cb35676,XM-DAC-928-SS-2026-27-07.001.AF01.SSD01,41.7,Watchlist,71,active implementation; future budget cycle; reported budget; near-term funding window,next budget period,Q4 2026,No,intelligence
opp_score_4afe53f424e1,XM-DAC-928-SS-2026-27-08.001.AF01.SSD01,41.7,Watchlist,71,active implementation; future budget cycle; reported budget; near-term funding window,next budget period,Q4 2026,No,intelligence
opp_score_851003347ab5,DAC-1601-INV-063126,41.6,Watchlist,71,active implementation; future budget cycle; reported budget; near-term funding window,next planned disbursement,Q4 2026,No,intelligence
opp_score_b1304daecb5e,DAC-1601-INV-044188,41.5,Watchlist,71,active implementation; future budget cycle; reported budget; near-term funding window,next planned disbursement,Q4 2026,No,intelligence
opp_score_28e2a2b4ed01,XM-DAC-928-SO-2026-27-07.001.EM01.SOM01,41.5,Watchlist,71,active implementation; future budget cycle; reported budget; near-term funding window,next budget period,Q4 2026,No,intelligence
opp_score_ac11c648091b,XM-DAC-50-21-Z05-25-01-01200,41.5,Watchlist,71,active implementation; future budget cycle; reported budget; near-term funding window,next budget period,Q4 2026,No,intelligence
opp_score_244c0fcb312e,XI-IATI-EC_INTPA-2024-PC-36153,41.5,Watchlist,62,active implementation; future planned disbursement; near-term funding window,next planned disbursement,Q4 2026,No,intelligence
opp_score_63c7b3862812,XM-DAC-928-SO-2026-27-08.001.EM01.SOM01,41.4,Watchlist,71,active implementation; future budget cycle; reported budget; near-term funding window,next budget period,Q4 2026,No,intelligence
opp_score_4e6abec033d2,XM-DAC-928-CD-2026-27-04.001.AF01.COD01,41.4,Watchlist,71,active implementation; future budget cycle; reported budget; near-term funding window,next budget period,Q4 2026,No,intelligence
opp_score_b92480d493ec,NO-BRC-971277882-QZA-23/0196-9,41.3,Watchlist,71,active implementation; future budget cycle; reported budget; near-term funding window,next budget period,Q4 2026,No,intelligence
opp_score_88e1f40326e0,XM-DAC-928-UG-2026-27-04.001.AF01.UGA01,41.3,Watchlist,71,active implementation; future budget cycle; reported budget; near-term funding window,next budget period,Q4 2026,No,intelligence
opp_score_6e8a28dc26ea,DAC-1601-INV-066438,41.2,Watchlist,71,active implementation; future budget cycle; reported budget; near-term funding window,next planned disbursement,Q4 2026,No,intelligence
opp_score_af4bfa247eac,DAC-1601-INV-066599,41.2,Watchlist,71,active implementation; future budget cycle; reported budget; near-term funding window,next planned disbursement,Q4 2026,No,intelligence
opp_score_d4e882c3d08c,DAC-1601-INV-076353,41.2,Watchlist,71,active implementation; future budget cycle; reported budget; near-term funding window,next planned disbursement,Q4 2026,No,intelligence
opp_score_8bdffb168e05,XM-DAC-928-TZ-2026-27-07.001.AF01.TZA02,41.2,Watchlist,71,active implementation; future budget cycle; reported budget; near-term funding window,next budget period,Q4 2026,No,intelligence
opp_score_15a1a0bbf248,XM-DAC-928-ET-2026-27-08.001.AF01.ETH03,41.2,Watchlist,71,active implementation; future budget cycle; reported budget; near-term funding window,next budget period,Q4 2026,No,intelligence
opp_score_5bcd1f3094f3,XM-DAC-301-2-110966-001,41.1,Watchlist,71,active implementation; future planned disbursement; reported budget; 12-month funding window,next planned disbursement,Q2 2027,No,intelligence
opp_score_2c5ef434ca1e,DAC-1601-INV-064048,41.1,Watchlist,71,active implementation; future budget cycle; reported budget; near-term funding window,next planned disbursement,Q4 2026,No,intelligence
opp_score_62092f5ea57b,XM-DAC-928-TZ-2026-27-07.001.AF01.TZA01,41.1,Watchlist,71,active implementation; future budget cycle; reported budget; near-term funding window,next budget period,Q4 2026,No,intelligence
opp_score_77f471dff9e5,XM-DAC-928-CD-2026-27-07.001.AF01.COD01,41.1,Watchlist,71,active implementation; future budget cycle; reported budget; near-term funding window,next budget period,Q4 2026,No,intelligence
opp_score_af5fdc371298,XM-DAC-928-ET-2026-27-08.001.AF01.ETH04,41.1,Watchlist,71,active implementation; future budget cycle; reported budget; near-term funding window,next budget period,Q4 2026,No,intelligence
opp_score_0f7ac1727ee6,XM-DAC-928-CD-2026-27-08.001.AF01.COD01,41.1,Watchlist,71,active implementation; future budget cycle; reported budget; near-term funding window,next budget period,Q4 2026,No,intelligence
opp_score_890189265d0c,XM-DAC-928-SO-2026-27-07.002.EM01.SOM01,41.1,Watchlist,71,active implementation; future budget cycle; reported budget; near-term funding window,next budget period,Q4 2026,No,intelligence
opp_score_a77ae7a23d0d,XM-DAC-928-SO-2026-27-08.001.EM01.SOM03,41.1,Watchlist,71,active implementation; future budget cycle; reported budget; near-term funding window,next budget period,Q4 2026,No,intelligence
opp_score_7e5923f104eb,XM-DAC-928-ET-2026-27-08.001.AF01.ETH02,41.0,Watchlist,71,active implementation; future budget cycle; reported budget; near-term funding window,next budget period,Q4 2026,No,intelligence
opp_score_4a69df4ba2e6,XM-DAC-928-ET-2026-27-07.001.AF01.ETH02,41.0,Watchlist,71,active implementation; future budget cycle; reported budget; near-term funding window,next budget period,Q4 2026,No,intelligence
opp_score_136f1740e56b,XM-DAC-928-RW-2026-27-03.001.AF01.RWA03,41.0,Watchlist,71,active implementation; future budget cycle; reported budget; near-term funding window,next budget period,Q4 2026,No,intelligence
opp_score_6aa014982aff,XM-DAC-50-21-Z03-25-01-16500,40.9,Watchlist,71,active implementation; future budget cycle; reported budget; near-term funding window,next budget period,Q4 2026,No,intelligence
opp_score_fa2457757363,XM-DAC-928-SO-2026-27-07.001.EM01.SOM03,40.9,Watchlist,71,active implementation; future budget cycle; reported budget; near-term funding window,next budget period,Q4 2026,No,intelligence
opp_score_b03c0d869762,XM-DAC-928-TZ-2026-27-07.001.AF01.TZA03,40.8,Watchlist,71,active implementation; future budget cycle; reported budget; near-term funding window,next budget period,Q4 2026,No,intelligence
opp_score_f2fd362296a1,XM-DAC-928-CD-2026-27-07.001.AF01.COD03,40.8,Watchlist,71,active implementation; future budget cycle; reported budget; near-term funding window,next budget period,Q4 2026,No,intelligence
opp_score_5bcdf1fbad0a,XM-DAC-928-SS-2026-27-01.001.AF01.SSD01,40.8,Watchlist,71,active implementation; future budget cycle; reported budget; near-term funding window,next budget period,Q4 2026,No,intelligence
opp_score_5f7293e5577a,XM-DAC-928-UG-2026-27-07.001.AF01.UGA01,40.8,Watchlist,71,active implementation; future budget cycle; reported budget; near-term funding window,next budget period,Q4 2026,No,intelligence
opp_score_f5368242e1a9,FR-3-CCD1213,40.8,Watchlist,71,active implementation; future budget cycle; reported budget; near-term funding window,next budget period,Q4 2026,No,intelligence
opp_score_5b3d23fced93,FR-3-CCD121301,40.8,Watchlist,71,active implementation; future budget cycle; reported budget; near-term funding window,next budget period,Q4 2026,No,intelligence
opp_score_01aa7e3c505b,DAC-1601-INV-058387,40.8,Watchlist,71,active implementation; future budget cycle; reported budget; near-term funding window,next planned disbursement,Q4 2026,No,intelligence
opp_score_2059547c5438,DAC-1601-INV-095101,40.7,Watchlist,71,active implementation; future budget cycle; reported budget; near-term funding window,next planned disbursement,Q4 2026,No,intelligence
opp_score_78085d514f27,XM-DAC-928-ET-2026-27-04.003.AF01.ETH01,40.7,Watchlist,71,active implementation; future budget cycle; reported budget; near-term funding window,next budget period,Q4 2026,No,intelligence
opp_score_65963ff99b62,XM-DAC-928-CD-2026-27-07.001.AF01.COD02,40.7,Watchlist,71,active implementation; future budget cycle; reported budget; near-term funding window,next budget period,Q4 2026,No,intelligence
opp_score_d0c785ee3cf0,GB-GOV-1-300858-102,40.7,Watchlist,71,active implementation; future budget cycle; reported budget; near-term funding window,next budget period,Q1 2027,No,intelligence
opp_score_c21e7723ca28,XM-DAC-928-ET-2026-27-07.001.AF01.ETH01,40.6,Watchlist,71,active implementation; future budget cycle; reported budget; near-term funding window,next budget period,Q4 2026,No,intelligence
opp_score_224e9301dad4,XM-DAC-928-KE-2026-27-08.001.AF01.KEN03,40.6,Watchlist,71,active implementation; future budget cycle; reported budget; near-term funding window,next budget period,Q4 2026,No,intelligence
opp_score_2de133ce8d25,XM-DAC-928-TZ-2026-27-03.001.AF01.TZA03,40.6,Watchlist,71,active implementation; future budget cycle; reported budget; near-term funding window,next budget period,Q4 2026,No,intelligence
opp_score_1aabc7b11fa9,XM-DAC-928-CD-2026-27-08.001.AF01.COD02,40.6,Watchlist,71,active implementation; future budget cycle; reported budget; near-term funding window,next budget period,Q4 2026,No,intelligence
opp_score_2a1c1c472285,NO-BRC-971277882-QZA-23/0196-16,40.6,Watchlist,71,active implementation; future budget cycle; reported budget; near-term funding window,next budget period,Q4 2026,No,intelligence
opp_score_83fd41a4afc8,DE-1-202306009-7344,40.6,Watchlist,71,active implementation; future budget cycle; reported budget; near-term funding window,next budget period,Q4 2026,No,intelligence
opp_score_7fe3f905d1e8,XM-DAC-928-ET-2026-27-04.001.AF01.ETH02,40.5,Watchlist,71,active implementation; future budget cycle; reported budget; near-term funding window,next budget period,Q4 2026,No,intelligence
opp_score_aebf4462440b,US-EIN-061660068-UCB2320026Invoice3,40.5,Watchlist,71,active implementation; future budget cycle; reported budget; near-term funding window,next budget period,Q3 2026,No,intelligence
opp_score_dc38a88d5211,XM-DAC-6-4-013244-02-9,40.5,Watchlist,71,active implementation; future budget cycle; reported budget; near-term funding window,next budget period,Q1 2027,No,intelligence
opp_score_08a95234e60b,DAC-1601-INV-061417,40.4,Watchlist,71,active implementation; future budget cycle; reported budget; near-term funding window,next planned disbursement,Q4 2026,No,intelligence
opp_score_66fb0633ef08,XM-DAC-928-ET-2026-27-08.001.AF01.ETH01,40.4,Watchlist,71,active implementation; future budget cycle; reported budget; near-term funding window,next budget period,Q4 2026,No,intelligence
opp_score_2e1a434a71bc,XM-DAC-928-SS-2026-27-07.002.AF01.SSD01,40.4,Watchlist,71,active implementation; future budget cycle; reported budget; near-term funding window,next budget period,Q4 2026,No,intelligence
opp_score_77d011ece568,XM-DAC-928-ET-2026-27-07.002.AF01.ETH01,40.4,Watchlist,71,active implementation; future budget cycle; reported budget; near-term funding window,next budget period,Q4 2026,No,intelligence
opp_score_1b0c5554c489,XM-DAC-928-KE-2026-27-08.001.AF01.KEN01,40.4,Watchlist,71,active implementation; future budget cycle; reported budget; near-term funding window,next budget period,Q4 2026,No,intelligence
opp_score_04f79b4fe030,XM-DAC-928-KE-2026-27-07.001.AF01.KEN03,40.4,Watchlist,71,active implementation; future budget cycle; reported budget; near-term funding window,next budget period,Q4 2026,No,intelligence
opp_score_4c141a351598,DAC-1601-INV-055995,40.4,Watchlist,71,active implementation; future budget cycle; reported budget; near-term funding window,next planned disbursement,Q4 2026,No,intelligence
opp_score_cbef78cffe74,NL-KVK-27108436-A-06138-02:UG,40.3,Watchlist,71,active implementation; future budget cycle; reported budget; near-term funding window,next budget period,Q4 2026,No,intelligence
opp_score_171cabbf2602,NO-BRC-971277882-QZA-23/0196-6,40.3,Watchlist,71,active implementation; future budget cycle; reported budget; near-term funding window,next budget period,Q4 2026,No,intelligence
opp_score_a8eefb4e7c13,XM-DAC-928-SS-2026-27-04.001.AF01.SSD01,40.3,Watchlist,71,active implementation; future budget cycle; reported budget; near-term funding window,next budget period,Q4 2026,No,intelligence
opp_score_f1c8a6d8e941,XM-DAC-928-CD-2026-27-04.003.AF01.COD01,40.3,Watchlist,71,active implementation; future budget cycle; reported budget; near-term funding window,next budget period,Q4 2026,No,intelligence
opp_score_78897e745aea,XM-DAC-928-TZ-2026-27-08.001.AF01.TZA04,40.3,Watchlist,71,active implementation; future budget cycle; reported budget; near-term funding window,next budget period,Q4 2026,No,intelligence
opp_score_fddd1c393433,XM-DAC-928-SS-2026-27-03.002.AF01.SSD02,40.3,Watchlist,71,active implementation; future budget cycle; reported budget; near-term funding window,next budget period,Q4 2026,No,intelligence
opp_score_b8fc4ef1bdb0,XM-DAC-928-UG-2026-27-07.001.AF01.UGA03,40.3,Watchlist,71,active implementation; future budget cycle; reported budget; near-term funding window,next budget period,Q4 2026,No,intelligence
opp_score_8a618c85f756,DAC-1601-INV-081605,40.3,Watchlist,71,active implementation; future budget cycle; reported budget; near-term funding window,next planned disbursement,Q4 2026,No,intelligence
opp_score_b33753175595,NL-KVK-27108436-A-06138-03:UG,40.2,Watchlist,71,active implementation; future budget cycle; reported budget; near-term funding window,next budget period,Q4 2026,No,intelligence
opp_score_8e4242b2700e,XM-DAC-928-SO-2026-27-04.001.EM01.SOM01,40.2,Watchlist,71,active implementation; future budget cycle; reported budget; near-term funding window,next budget period,Q4 2026,No,intelligence
opp_score_7e1ed149750e,XM-DAC-928-SO-2026-27-08.001.EM01.SOM04,40.2,Watchlist,71,active implementation; future budget cycle; reported budget; near-term funding window,next budget period,Q4 2026,No,intelligence
opp_score_18646f1c6e9f,XM-DAC-928-TZ-2026-27-04.001.AF01.TZA01,40.2,Watchlist,71,active implementation; future budget cycle; reported budget; near-term funding window,next budget period,Q4 2026,No,intelligence
opp_score_47934a1307fb,XM-DAC-928-ET-2026-27-04.001.AF01.ETH01,40.2,Watchlist,71,active implementation; future budget cycle; reported budget; near-term funding window,next budget period,Q4 2026,No,intelligence
opp_score_ba597de80606,XM-DAC-928-KE-2026-27-04.003.AF01.KEN01,40.1,Watchlist,71,active implementation; future budget cycle; reported budget; near-term funding window,next budget period,Q4 2026,No,intelligence
opp_score_e2276dce2aba,XM-DAC-928-SS-2026-27-08.001.AF01.SSD02,40.1,Watchlist,71,active implementation; future budget cycle; reported budget; near-term funding window,next budget period,Q4 2026,No,intelligence
opp_score_af5f36b91bad,41AAA-24623-002,40.1,Watchlist,71,active implementation; future budget cycle; reported budget; near-term funding window,next budget period,Q4 2026,No,intelligence
opp_score_8f49d04e8874,GB-CHC-229476-WISHDIVIDENDS-SS-RHASS,40.0,Watchlist,71,active implementation; future budget cycle; reported budget; 12-month funding window,next budget period,Q2 2027,No,intelligence
opp_score_4254e76c9eb6,XM-DAC-928-SO-2026-27-01.001.EM01.SOM01,40.0,Watchlist,71,active implementation; future budget cycle; reported budget; near-term funding window,next budget period,Q4 2026,No,intelligence
opp_score_d6d70dd83fe2,XM-DAC-928-UG-2026-27-08.001.AF01.UGA01,40.0,Watchlist,71,active implementation; future budget cycle; reported budget; near-term funding window,next budget period,Q4 2026,No,intelligence
opp_score_570d62441d59,XM-DAC-928-SS-2026-27-08.001.AF01.SSD04,40.0,Watchlist,71,active implementation; future budget cycle; reported budget; near-term funding window,next budget period,Q4 2026,No,intelligence
opp_score_67156a14d70a,XM-DAC-928-SO-2026-27-03.002.EM01.SOM02,40.0,Watchlist,71,active implementation; future budget cycle; reported budget; near-term funding window,next budget period,Q4 2026,No,intelligence
opp_score_c4c9d1654125,XI-IATI-WBTF-TF072600,40.0,Watchlist,71,active implementation; future budget cycle; reported budget; long-range funding window,next budget period,Q2 2028,No,intelligence
opp_score_8e8d625c8a5f,DE-1-202506004-8363,40.0,Watchlist,53,equipment demand; active implementation,active implementation period,Active through Q2 2028,No,intelligence
opp_score_43838a65747d,GB-GOV-1-300427,40.0,Watchlist,53,equipment demand; active implementation,no future dated funding signal,Monitor,No,intelligence
opp_score_7b54b027e4cf,CH-4-2024-2024000125,40.0,Watchlist,53,equipment demand; active implementation,no future dated funding signal,Monitor,No,intelligence
opp_score_08061aa3afde,CH-4-2023-2023001255,40.0,Watchlist,53,equipment demand; active implementation,active implementation period,Active through Q1 2027,No,intelligence
opp_score_209d056e434a,GB-CHC-802353-HHOJ,40.0,Watchlist,53,equipment demand; active implementation,no future dated funding signal,Monitor,Yes,intelligence
opp_score_5435107a8a43,CH-4-2021-2021002199,40.0,Watchlist,53,equipment demand; active implementation,no future dated funding signal,Monitor,No,intelligence
opp_score_24200e906b55,CH-4-2021-2021002201,40.0,Watchlist,53,equipment demand; active implementation,no future dated funding signal,Monitor,No,intelligence
opp_score_276fec49e05c,CH-4-2021-2021002202,40.0,Watchlist,53,equipment demand; active implementation,no future dated funding signal,Monitor,No,intelligence
opp_score_3acb463005f7,CH-4-2021-2020001134,40.0,Watchlist,53,equipment demand; active implementation,no future dated funding signal,Monitor,No,intelligence
opp_score_8fd2e72410a6,CH-4-2020001134,40.0,Watchlist,53,equipment demand; active implementation,no future dated funding signal,Monitor,No,intelligence
opp_score_9e2d55d9f555,CH-4-2023-1997001367,40.0,Watchlist,53,equipment demand; active implementation,no future dated funding signal,Monitor,No,intelligence
opp_score_1c2e862396fc,CH-4-2022-1997001361,40.0,Watchlist,53,equipment demand; active implementation,no future dated funding signal,Monitor,No,intelligence
opp_score_620f51a7d42e,CH-4-2022-1997001367,40.0,Watchlist,53,equipment demand; active implementation,no future dated funding signal,Monitor,No,intelligence
opp_score_b81a60b61f70,CH-4-2024-1997001367,40.0,Watchlist,53,equipment demand; active implementation,no future dated funding signal,Monitor,No,intelligence
opp_score_bac7e60f7d25,CH-4-2024-1997001370,40.0,Watchlist,53,equipment demand; active implementation,no future dated funding signal,Monitor,No,intelligence
opp_score_1896dca11462,CH-4-2021-2020001133,40.0,Watchlist,53,equipment demand; active implementation,no future dated funding signal,Monitor,No,intelligence
opp_score_7c89915015b1,CH-4-2020001133,40.0,Watchlist,53,equipment demand; active implementation,no future dated funding signal,Monitor,No,intelligence
opp_score_327365c60120,CH-4-2021-2008004839,40.0,Watchlist,53,equipment demand; active implementation,no future dated funding signal,Monitor,No,intelligence
opp_score_ea52d3a7aea5,CH-4-2021-2008004875,40.0,Watchlist,53,equipment demand; active implementation,no future dated funding signal,Monitor,No,intelligence
opp_score_adbadea63080,CH-4-2008004839,40.0,Watchlist,53,equipment demand; active implementation,no future dated funding signal,Monitor,No,intelligence
opp_score_3a80590c3cf9,CH-4-2008004840,40.0,Watchlist,53,equipment demand; active implementation,no future dated funding signal,Monitor,No,intelligence
opp_score_b809936086f0,CH-4-2008004875,40.0,Watchlist,53,equipment demand; active implementation,no future dated funding signal,Monitor,No,intelligence
opp_score_97ada7802e87,US-EIN-13-5660870-DF187,40.0,Watchlist,53,equipment demand; active implementation,no future dated funding signal,Monitor,No,intelligence
opp_score_52dd85a1c0fb,CH-4-2023-2020010138,40.0,Watchlist,53,equipment demand; active implementation,no future dated funding signal,Monitor,No,intelligence
opp_score_e1fcb4d8a6ba,CH-4-2021-2020009750,40.0,Watchlist,53,equipment demand; active implementation,no future dated funding signal,Monitor,No,intelligence
opp_score_aa4ccbb46ae3,CH-4-2020001363,40.0,Watchlist,53,equipment demand; active implementation,no future dated funding signal,Monitor,No,intelligence
opp_score_00f7fcc94280,CH-4-2020001364,40.0,Watchlist,53,equipment demand; active implementation,no future dated funding signal,Monitor,No,intelligence
opp_score_dc21f5dffe3b,CH-4-2022-2020009750,40.0,Watchlist,53,equipment demand; active implementation,no future dated funding signal,Monitor,No,intelligence
opp_score_f569e1d8ad11,CH-4-2022-2020010138,40.0,Watchlist,53,equipment demand; active implementation,no future dated funding signal,Monitor,No,intelligence
opp_score_09562ff2d807,CH-4-2022-2020001363,40.0,Watchlist,53,equipment demand; active implementation,no future dated funding signal,Monitor,No,intelligence
opp_score_d2c62603c6b0,CH-4-2008004836,40.0,Watchlist,53,equipment demand; active implementation,no future dated funding signal,Monitor,No,intelligence
opp_score_e2168f54035f,CH-4-2008004803,40.0,Watchlist,53,equipment demand; active implementation,no future dated funding signal,Monitor,No,intelligence
opp_score_c38e5faf4b30,CH-4-2017007770,40.0,Watchlist,53,equipment demand; active implementation,no future dated funding signal,Monitor,No,intelligence
opp_score_7b449b34b130,CH-4-1998001354,40.0,Watchlist,53,equipment demand; active implementation,no future dated funding signal,Monitor,No,intelligence
opp_score_735d439c75e9,CH-4-2021-2020001111,40.0,Watchlist,53,equipment demand; active implementation,no future dated funding signal,Monitor,No,intelligence
opp_score_88fc9c0cb269,CH-4-2021-2020001226,40.0,Watchlist,53,equipment demand; active implementation,no future dated funding signal,Monitor,No,intelligence
opp_score_832dba96a372,CH-4-2018009242,40.0,Watchlist,53,equipment demand; active implementation,no future dated funding signal,Monitor,No,intelligence
opp_score_c4980e5c2a51,CH-4-2018010382,40.0,Watchlist,53,equipment demand; active implementation,no future dated funding signal,Monitor,No,intelligence
opp_score_f4e6b601f862,CH-4-2008004805,40.0,Watchlist,53,equipment demand; active implementation,no future dated funding signal,Monitor,No,intelligence
opp_score_0cffb5aa6b99,CH-4-2018000946,40.0,Watchlist,53,equipment demand; active implementation,no future dated funding signal,Monitor,No,intelligence
opp_score_b2885e87601c,CH-4-2008004800,40.0,Watchlist,53,equipment demand; active implementation,no future dated funding signal,Monitor,No,intelligence
opp_score_60433e19f8b9,CH-4-2021-2018010654,40.0,Watchlist,53,equipment demand; active implementation,no future dated funding signal,Monitor,No,intelligence
opp_score_9a881323f10f,CH-4-2018010654,40.0,Watchlist,53,equipment demand; active implementation,no future dated funding signal,Monitor,No,intelligence
opp_score_f94f13f82f34,CH-4-2023-2008004994,40.0,Watchlist,53,equipment demand; active implementation,no future dated funding signal,Monitor,No,intelligence
opp_score_b4f65070a985,CH-4-2023-2008004995,40.0,Watchlist,53,equipment demand; active implementation,no future dated funding signal,Monitor,No,intelligence
opp_score_160d97b04614,CH-4-2023-2008004996,40.0,Watchlist,53,equipment demand; active implementation,no future dated funding signal,Monitor,No,intelligence
opp_score_2d6a7d442e3c,CH-4-2021-2008004914,40.0,Watchlist,53,equipment demand; active implementation,no future dated funding signal,Monitor,No,intelligence
opp_score_e800289b2b06,CH-4-2021-2008004915,40.0,Watchlist,53,equipment demand; active implementation,no future dated funding signal,Monitor,No,intelligence
opp_score_92f3d7328925,CH-4-2021-2008004916,40.0,Watchlist,53,equipment demand; active implementation,no future dated funding signal,Monitor,No,intelligence
opp_score_7dc7e27efbf5,CH-4-2025-2008005019,40.0,Watchlist,53,equipment demand; active implementation,no future dated funding signal,Monitor,No,intelligence
opp_score_8183968fe240,CH-4-2025-2008005027,40.0,Watchlist,53,equipment demand; active implementation,no future dated funding signal,Monitor,No,intelligence
opp_score_ecffbf4c34a0,CH-4-2024-2008004993,40.0,Watchlist,53,equipment demand; active implementation,no future dated funding signal,Monitor,No,intelligence
opp_score_fb390d3929b6,CH-4-2024-2008004995,40.0,Watchlist,53,equipment demand; active implementation,no future dated funding signal,Monitor,No,intelligence
opp_score_30983af2fb36,CH-4-2024-2008005014,40.0,Watchlist,53,equipment demand; active implementation,no future dated funding signal,Monitor,No,intelligence
opp_score_31a935dc0af3,CH-4-2022-2008004915,40.0,Watchlist,53,equipment demand; active implementation,no future dated funding signal,Monitor,No,intelligence
opp_score_a12cf184e2b0,CH-4-2022-2008004968,40.0,Watchlist,53,equipment demand; active implementation,no future dated funding signal,Monitor,No,intelligence
opp_score_7c398c6aa89a,CH-4-2024-2008004996,40.0,Watchlist,53,equipment demand; active implementation,no future dated funding signal,Monitor,No,intelligence
opp_score_fdd30bbfedd2,CH-4-2024-2008005017,40.0,Watchlist,53,equipment demand; active implementation,no future dated funding signal,Monitor,No,intelligence
opp_score_63d2c3b6693c,CH-4-2024-2008005018,40.0,Watchlist,53,equipment demand; active implementation,no future dated funding signal,Monitor,No,intelligence
opp_score_2e7c602d6a08,CH-4-2024-2008005019,40.0,Watchlist,53,equipment demand; active implementation,no future dated funding signal,Monitor,No,intelligence
opp_score_4f4b4529a836,CH-4-2021-2008004912,40.0,Watchlist,53,equipment demand; active implementation,no future dated funding signal,Monitor,No,intelligence
opp_score_9c5b9a7dab39,CH-4-2022-2008004912,40.0,Watchlist,53,equipment demand; active implementation,no future dated funding signal,Monitor,No,intelligence
opp_score_0e98b600529c,CH-4-2021-1998001359,40.0,Watchlist,53,equipment demand; active implementation,no future dated funding signal,Monitor,No,intelligence
opp_score_1bb942fdcf07,CH-4-2021-1998001360,40.0,Watchlist,53,equipment demand; active implementation,no future dated funding signal,Monitor,No,intelligence
opp_score_8c63243c61d2,CH-4-1998001359,40.0,Watchlist,53,equipment demand; active implementation,no future dated funding signal,Monitor,No,intelligence
opp_score_ae06f9bb181d,CH-4-1998001360,40.0,Watchlist,53,equipment demand; active implementation,no future dated funding signal,Monitor,No,intelligence
opp_score_d0e792b19598,CH-4-2020001383,40.0,Watchlist,53,equipment demand; active implementation,no future dated funding signal,Monitor,No,intelligence
opp_score_924e8053cbdc,CH-4-2019000662,40.0,Watchlist,53,equipment demand; active implementation,no future dated funding signal,Monitor,No,intelligence
opp_score_35c037d5a1e6,CH-4-2021-2010005886,40.0,Watchlist,53,equipment demand; active implementation,no future dated funding signal,Monitor,No,intelligence
opp_score_dae071aa5390,CH-4-2010005886,40.0,Watchlist,53,equipment demand; active implementation,no future dated funding signal,Monitor,No,intelligence
opp_score_6eef5f974e12,CH-4-2009003728,40.0,Watchlist,53,equipment demand; active implementation,no future dated funding signal,Monitor,No,intelligence
opp_score_48b2bd4c8070,CH-4-1998001340,40.0,Watchlist,53,equipment demand; active implementation,no future dated funding signal,Monitor,No,intelligence
opp_score_f3a681ca4a89,CH-4-2010005921,40.0,Watchlist,53,equipment demand; active implementation,no future dated funding signal,Monitor,No,intelligence
opp_score_d5e92b83d2a9,CH-4-2022-2010005886,40.0,Watchlist,53,equipment demand; active implementation,no future dated funding signal,Monitor,No,intelligence
opp_score_0d740e337cf2,CH-4-2008004810,40.0,Watchlist,53,equipment demand; active implementation,no future dated funding signal,Monitor,No,intelligence
opp_score_5c8cbc1b5fa2,CH-4-2008004811,40.0,Watchlist,53,equipment demand; active implementation,no future dated funding signal,Monitor,No,intelligence
opp_score_cffdb1b9a323,CH-4-2008004838,40.0,Watchlist,53,equipment demand; active implementation,no future dated funding signal,Monitor,No,intelligence
opp_score_0241b4112f6b,CH-4-2008004806,40.0,Watchlist,53,equipment demand; active implementation,no future dated funding signal,Monitor,No,intelligence
opp_score_1f6e802d54cf,CH-4-2022-2013006093,40.0,Watchlist,53,equipment demand; active implementation,no future dated funding signal,Monitor,No,intelligence
opp_score_3b4ed2906ef3,CH-4-2013006092,40.0,Watchlist,53,equipment demand; active implementation,no future dated funding signal,Monitor,No,intelligence
opp_score_7e9e4b00feec,CH-4-2013006093,40.0,Watchlist,53,equipment demand; active implementation,no future dated funding signal,Monitor,No,intelligence
opp_score_b317079145fe,CH-4-2024-2017008629,40.0,Watchlist,53,equipment demand; active implementation,no future dated funding signal,Monitor,No,intelligence
opp_score_e34c3fb96c28,CH-4-2024-2017008631,40.0,Watchlist,53,equipment demand; active implementation,no future dated funding signal,Monitor,No,intelligence
opp_score_1dffb3709167,CH-4-2024-2017008630,40.0,Watchlist,53,equipment demand; active implementation,no future dated funding signal,Monitor,No,intelligence
opp_score_237ea6fff668,CH-4-2017005575,40.0,Watchlist,53,equipment demand; active implementation,no future dated funding signal,Monitor,No,intelligence
opp_score_5e42c5f91bb2,CH-4-2025-2017008702,40.0,Watchlist,53,equipment demand; active implementation,active implementation period,Active through Q2 2027,No,intelligence
opp_score_509153dc4810,CH-4-2025-2017008666,40.0,Watchlist,53,equipment demand; active implementation,active implementation period,Active through Q2 2027,No,intelligence
opp_score_3b8df4b50853,CH-4-2025-2017008744,40.0,Watchlist,53,equipment demand; active implementation,active implementation period,Active through Q2 2027,No,intelligence
opp_score_d03e7eb45943,CH-4-2021-2017005575,40.0,Watchlist,53,equipment demand; active implementation,no future dated funding signal,Monitor,No,intelligence
opp_score_0f2b1fe99b12,CH-4-2021-2017008055,40.0,Watchlist,53,equipment demand; active implementation,no future dated funding signal,Monitor,No,intelligence
opp_score_7f1e5bd3de31,CH-4-2021-2017008056,40.0,Watchlist,53,equipment demand; active implementation,no future dated funding signal,Monitor,No,intelligence
opp_score_ed5d9d981beb,CH-4-2017007705,40.0,Watchlist,53,equipment demand; active implementation,no future dated funding signal,Monitor,No,intelligence
opp_score_5a73c61a37fc,CH-4-2022-2017008055,40.0,Watchlist,53,equipment demand; active implementation,no future dated funding signal,Monitor,No,intelligence
opp_score_c75ca8ad710f,CH-4-2022-2017008335,40.0,Watchlist,53,equipment demand; active implementation,no future dated funding signal,Monitor,No,intelligence
opp_score_11b4915ae222,CH-4-2022-2017008336,40.0,Watchlist,53,equipment demand; active implementation,no future dated funding signal,Monitor,No,intelligence
opp_score_8969dcbd5b4b,CH-4-2023-2017008335,40.0,Watchlist,53,equipment demand; active implementation,no future dated funding signal,Monitor,No,intelligence
opp_score_2ad5679c41d4,CH-4-2024-2017008666,40.0,Watchlist,53,equipment demand; active implementation,no future dated funding signal,Monitor,No,intelligence
opp_score_72927eea7322,CH-4-2024-2017008667,40.0,Watchlist,53,equipment demand; active implementation,no future dated funding signal,Monitor,No,intelligence
opp_score_08192d9839a1,CH-4-2024-2017008668,40.0,Watchlist,53,equipment demand; active implementation,no future dated funding signal,Monitor,No,intelligence
opp_score_8cd7fd9862df,CH-4-2010005945,40.0,Watchlist,53,equipment demand; active implementation,no future dated funding signal,Monitor,No,intelligence
opp_score_ff845d807640,CH-4-2018000988,40.0,Watchlist,53,equipment demand; active implementation,no future dated funding signal,Monitor,No,intelligence
opp_score_b90fab6a8638,CH-4-2018000989,40.0,Watchlist,53,equipment demand; active implementation,no future dated funding signal,Monitor,No,intelligence
opp_score_4ae7ca587e28,CH-4-2018000990,40.0,Watchlist,53,equipment demand; active implementation,no future dated funding signal,Monitor,No,intelligence
opp_score_0d88279d8e9b,CH-4-2021-2008004876,40.0,Watchlist,53,equipment demand; active implementation,no future dated funding signal,Monitor,No,intelligence
opp_score_6eec94b1563b,CH-4-2021-2008004877,40.0,Watchlist,53,equipment demand; active implementation,no future dated funding signal,Monitor,No,intelligence
opp_score_a1fa41fa8cbd,CH-4-2021-2008004878,40.0,Watchlist,53,equipment demand; active implementation,no future dated funding signal,Monitor,No,intelligence
opp_score_e96e45800809,CH-4-2008004876,40.0,Watchlist,53,equipment demand; active implementation,no future dated funding signal,Monitor,No,intelligence
opp_score_fb3356c8d560,CH-4-2008004877,40.0,Watchlist,53,equipment demand; active implementation,no future dated funding signal,Monitor,No,intelligence
opp_score_8862c681fb4b,CH-4-2008004878,40.0,Watchlist,53,equipment demand; active implementation,no future dated funding signal,Monitor,No,intelligence
opp_score_1c574a24d7d0,CH-4-2008004807,40.0,Watchlist,53,equipment demand; active implementation,no future dated funding signal,Monitor,No,intelligence
opp_score_b5374db5f39f,CH-4-2008004808,40.0,Watchlist,53,equipment demand; active implementation,no future dated funding signal,Monitor,No,intelligence
opp_score_c98fe36aa291,CH-4-2008004835,40.0,Watchlist,53,equipment demand; active implementation,no future dated funding signal,Monitor,No,intelligence
opp_score_9205da6779c4,CH-4-2008004802,40.0,Watchlist,53,equipment demand; active implementation,no future dated funding signal,Monitor,No,intelligence
opp_score_d53fdc04dce8,CH-4-2002003348,40.0,Watchlist,53,equipment demand; active implementation,no future dated funding signal,Monitor,Yes,intelligence
opp_score_f70069c1b106,CH-4-2018010655,40.0,Watchlist,53,equipment demand; active implementation,no future dated funding signal,Monitor,No,intelligence
opp_score_3be94485ce09,CH-4-2022-2013006713,40.0,Watchlist,53,equipment demand; active implementation,no future dated funding signal,Monitor,No,intelligence
opp_score_0a230625c617,CH-4-2013006039,40.0,Watchlist,53,equipment demand; active implementation,no future dated funding signal,Monitor,No,intelligence
opp_score_ff39d4987b79,CH-4-2021-2013006713,40.0,Watchlist,53,equipment demand; active implementation,no future dated funding signal,Monitor,No,intelligence
opp_score_f84252df9b06,CH-4-2021-2013006039,40.0,Watchlist,53,equipment demand; active implementation,no future dated funding signal,Monitor,No,intelligence
opp_score_008bc5662419,CH-4-2025-2013007216,40.0,Watchlist,53,equipment demand; active implementation,active implementation period,Active through Q4 2026,No,intelligence
opp_score_4c9fe4942266,CH-4-2023-2013007007,40.0,Watchlist,53,equipment demand; active implementation,no future dated funding signal,Monitor,No,intelligence
opp_score_37aa68d9af6f,CH-4-2024-2013007007,40.0,Watchlist,53,equipment demand; active implementation,no future dated funding signal,Monitor,No,intelligence
opp_score_68fcea8c38cb,XM-DAC-69-2-2018000001,40.0,Watchlist,53,equipment demand; active implementation,no future dated funding signal,Monitor,Yes,intelligence
opp_score_3e71855d05d6,GB-GOV-1-301416,40.0,Watchlist,53,equipment demand; active implementation,active implementation period,Active through Q2 2030,No,intelligence
opp_score_917944de3ac1,GB-CHC-802353-APDA,40.0,Watchlist,53,equipment demand; active implementation,no future dated funding signal,Monitor,No,intelligence
opp_score_e40ba7fbe65f,BE-BCE_KBO-0418766123-prg2022-113-RW2022SIN352A103,40.0,Watchlist,53,equipment demand; active implementation,active implementation period,Active through Q3 2027,Yes,intelligence
opp_score_75c5f06978c4,CH-4-2022-2016003480,40.0,Watchlist,53,equipment demand; active implementation,no future dated funding signal,Monitor,No,intelligence
opp_score_209aaf47fffb,CH-4-2021-2016003479,40.0,Watchlist,53,equipment demand; active implementation,no future dated funding signal,Monitor,No,intelligence
opp_score_2b8362d488fe,CH-4-2021-2016003480,40.0,Watchlist,53,equipment demand; active implementation,no future dated funding signal,Monitor,No,intelligence
opp_score_2cbefb47944a,CH-4-2016003480,40.0,Watchlist,53,equipment demand; active implementation,no future dated funding signal,Monitor,No,intelligence
opp_score_758b17ce8ced,CH-4-2016003479,40.0,Watchlist,53,equipment demand; active implementation,no future dated funding signal,Monitor,No,intelligence
opp_score_91eb904039ed,CH-4-2013006041,40.0,Watchlist,53,equipment demand; active implementation,no future dated funding signal,Monitor,No,intelligence
opp_score_3cebd7943db6,CH-4-2021-2013006793,40.0,Watchlist,53,equipment demand; active implementation,no future dated funding signal,Monitor,No,intelligence
opp_score_c313fa096e33,CH-4-2021-2013006795,40.0,Watchlist,53,equipment demand; active implementation,no future dated funding signal,Monitor,No,intelligence
opp_score_73ccfeacf59c,CH-4-2021-2013006796,40.0,Watchlist,53,equipment demand; active implementation,no future dated funding signal,Monitor,No,intelligence
opp_score_23edb7ad4d8b,CH-4-2025-2013007011,40.0,Watchlist,53,equipment demand; active implementation,active implementation period,Active through Q4 2026,No,intelligence
opp_score_f33f1c84ea04,CH-4-2025-2013007217,40.0,Watchlist,53,equipment demand; active implementation,active implementation period,Active through Q4 2026,No,intelligence
opp_score_ceb0b5e52157,CH-4-2025-2013007010,40.0,Watchlist,53,equipment demand; active implementation,active implementation period,Active through Q4 2026,No,intelligence
opp_score_8819bd9e4c3f,CH-4-2024-2013007010,40.0,Watchlist,53,equipment demand; active implementation,no future dated funding signal,Monitor,No,intelligence
opp_score_64c4b91c7cf4,CH-4-2024-2013007011,40.0,Watchlist,53,equipment demand; active implementation,no future dated funding signal,Monitor,No,intelligence
opp_score_0d5cfa063b36,CH-4-2022-2013006795,40.0,Watchlist,53,equipment demand; active implementation,no future dated funding signal,Monitor,No,intelligence
opp_score_79b18110f581,CH-4-2022-2013006796,40.0,Watchlist,53,equipment demand; active implementation,no future dated funding signal,Monitor,No,intelligence
opp_score_a6fee8ad22c8,CH-4-2023-2013007010,40.0,Watchlist,53,equipment demand; active implementation,no future dated funding signal,Monitor,No,intelligence
opp_score_fbb64534b129,CH-4-2023-2013007011,40.0,Watchlist,53,equipment demand; active implementation,no future dated funding signal,Monitor,No,intelligence
opp_score_3ccf417ee35c,CH-4-2020001111,40.0,Watchlist,53,equipment demand; active implementation,no future dated funding signal,Monitor,No,intelligence
opp_score_2fba03677b25,CH-4-2020001226,40.0,Watchlist,53,equipment demand; active implementation,no future dated funding signal,Monitor,No,intelligence
opp_score_c139020caf24,DE-1-202406007-7930,40.0,Watchlist,53,equipment demand; active implementation,active implementation period,Active through Q1 2028,No,intelligence
opp_score_b73bf51f35b2,CH-4-2024-2024000261,40.0,Watchlist,53,equipment demand; active implementation,no future dated funding signal,Monitor,No,intelligence
opp_score_cfc9df84c9c7,CH-4-2025-2025001754,40.0,Watchlist,53,equipment demand; active implementation,active implementation period,Active through Q4 2026,No,intelligence
opp_score_aa62a140ac97,CH-4-2024-2024001177,40.0,Watchlist,53,equipment demand; active implementation,no future dated funding signal,Monitor,No,intelligence
opp_score_1141f0a88a83,DE-1-202506004-7921,40.0,Watchlist,53,equipment demand; active implementation,active implementation period,Active through Q1 2028,No,intelligence
opp_score_cea231e23cbb,XM-DAC-69-2-2017000307,40.0,Watchlist,53,equipment demand; active implementation,no future dated funding signal,Monitor,Yes,intelligence
opp_score_ea0d6d8627fa,XM-DAC-69-2-2017000233,40.0,Watchlist,53,equipment demand; active implementation,no future dated funding signal,Monitor,No,intelligence
opp_score_1ce56ebd7193,CH-4-2024-2013007008,40.0,Watchlist,53,equipment demand; active implementation,no future dated funding signal,Monitor,No,intelligence
opp_score_897d3e579dde,CH-4-2023-2013007008,40.0,Watchlist,53,equipment demand; active implementation,no future dated funding signal,Monitor,No,intelligence
opp_score_207ef1543a21,CH-4-2021-2018010908,40.0,Watchlist,53,equipment demand; active implementation,no future dated funding signal,Monitor,No,intelligence
opp_score_8e0a32a75c9c,CH-4-2022-2018010908,40.0,Watchlist,53,equipment demand; active implementation,no future dated funding signal,Monitor,No,intelligence
opp_score_451fd9f75fed,GB-COH-1762840-GIH034--01,40.0,Watchlist,53,equipment demand; active implementation,no future dated funding signal,Monitor,No,intelligence
opp_score_869864790ff5,CH-4-2008004722,40.0,Watchlist,53,equipment demand; active implementation,no future dated funding signal,Monitor,No,intelligence
opp_score_f1070ee27c81,CH-4-2008004727,40.0,Watchlist,53,equipment demand; active implementation,no future dated funding signal,Monitor,No,intelligence
opp_score_489e7fa0f3f8,CH-4-2021-2008004727,40.0,Watchlist,53,equipment demand; active implementation,no future dated funding signal,Monitor,No,intelligence
opp_score_00384e5bb7fd,GB-GOV-1-300585,40.0,Watchlist,53,equipment demand; active implementation,active implementation period,Active through Q1 2028,No,intelligence
opp_score_975fc0fd88b0,CH-4-2021-2020009715,40.0,Watchlist,53,equipment demand; active implementation,no future dated funding signal,Monitor,No,intelligence
opp_score_26a5c88da36f,CH-4-2020001101,40.0,Watchlist,53,equipment demand; active implementation,no future dated funding signal,Monitor,No,intelligence
opp_score_512926bf1315,CH-4-2020001208,40.0,Watchlist,53,equipment demand; active implementation,no future dated funding signal,Monitor,No,intelligence
opp_score_78e43eafcc5e,CH-4-2020001178,40.0,Watchlist,53,equipment demand; active implementation,no future dated funding signal,Monitor,No,intelligence
opp_score_b3fc1961adca,CH-4-2002003304,40.0,Watchlist,53,equipment demand; active implementation,no future dated funding signal,Monitor,Yes,intelligence
opp_score_eee95cf262e6,CH-4-2002003305,40.0,Watchlist,53,equipment demand; active implementation,no future dated funding signal,Monitor,Yes,intelligence
opp_score_7c746972694f,CH-4-2022-2022002358,40.0,Watchlist,53,equipment demand; active implementation,no future dated funding signal,Monitor,No,intelligence
opp_score_6bbcd1c49a74,CH-4-2023-2023001740,40.0,Watchlist,53,equipment demand; active implementation,no future dated funding signal,Monitor,No,intelligence
opp_score_803e97605ee8,DE-1-202406007-7917,40.0,Watchlist,53,equipment demand; active implementation,no future dated funding signal,Monitor,Yes,intelligence
opp_score_55ff3bebefe0,XM-DAC-69-18-2021000229,40.0,Watchlist,53,equipment demand; active implementation,no future dated funding signal,Monitor,No,intelligence
opp_score_b1b372fadf69,XM-DAC-69-18-2021000230,40.0,Watchlist,53,equipment demand; active implementation,no future dated funding signal,Monitor,No,intelligence
opp_score_4a9237e581aa,XM-DAC-69-18-2021000226,40.0,Watchlist,53,equipment demand; active implementation,no future dated funding signal,Monitor,No,intelligence
opp_score_1e0955f60fed,SE-0-SE-6-17106,40.0,Watchlist,53,equipment demand; active implementation,active implementation period,Active through Q3 2029,No,intelligence
opp_score_4f8a3bbbf355,CH-4-2025-2013007223,40.0,Watchlist,53,equipment demand; active implementation,active implementation period,Active through Q4 2026,No,intelligence
opp_score_55667f672096,DE-1-202406007-7932,40.0,Watchlist,53,equipment demand; active implementation,active implementation period,Active through Q1 2027,No,intelligence
opp_score_c59ee40cfc47,GB-CHC-1099776-W1-SS,40.0,Watchlist,53,equipment demand; active implementation,no future dated funding signal,Monitor,No,intelligence
opp_score_a21744f2e271,GB-CHC-1099776-V8-SS,40.0,Watchlist,53,equipment demand; active implementation,no future dated funding signal,Monitor,No,intelligence
opp_score_02dc3e9994d4,GB-CHC-1099776-W2-SS,40.0,Watchlist,53,equipment demand; active implementation,no future dated funding signal,Monitor,No,intelligence
opp_score_26d3dc6d0213,GB-CHC-1065972-DF183,40.0,Watchlist,53,equipment demand; active implementation,no future dated funding signal,Monitor,No,intelligence
opp_score_ddbbba5a618d,XI-IATI-UNPF-00123084,40.0,Watchlist,53,equipment demand; active implementation,no future dated funding signal,Monitor,No,intelligence
opp_score_94f141985b6d,DE-1-202506004-8339,40.0,Watchlist,53,equipment demand; active implementation,active implementation period,Active through Q3 2029,No,intelligence
opp_score_968364eb2ab0,FI-3-2022-2019000164,40.0,Watchlist,53,equipment demand; active implementation,no future dated funding signal,Monitor,No,intelligence
opp_score_490b7ce9d9d2,FI-3-2020-2018180153,40.0,Watchlist,53,equipment demand; active implementation,no future dated funding signal,Monitor,No,intelligence
opp_score_737364c9b0dd,GB-CHC-1065972-DF243,40.0,Watchlist,53,equipment demand; active implementation,no future dated funding signal,Monitor,No,intelligence
opp_score_83af7e7c271b,US-EIN-13-5660870-DF243,40.0,Watchlist,53,equipment demand; active implementation,no future dated funding signal,Monitor,No,intelligence
opp_score_edb83c901a9c,CH-4-2023-2017008427,40.0,Watchlist,53,equipment demand; active implementation,no future dated funding signal,Monitor,No,intelligence
opp_score_59f0faf7f438,CH-4-2017005731,40.0,Watchlist,53,equipment demand; active implementation,no future dated funding signal,Monitor,No,intelligence
opp_score_de943c5bf7ff,CH-4-2017007468,40.0,Watchlist,53,equipment demand; active implementation,no future dated funding signal,Monitor,No,intelligence
opp_score_564841acc7da,CH-4-2021-2017007468,40.0,Watchlist,53,equipment demand; active implementation,no future dated funding signal,Monitor,No,intelligence
opp_score_401cca5099c8,CH-4-2022-2017008426,40.0,Watchlist,53,equipment demand; active implementation,no future dated funding signal,Monitor,No,intelligence
opp_score_90bb2cb38ffa,CH-4-2022-2017008427,40.0,Watchlist,53,equipment demand; active implementation,no future dated funding signal,Monitor,No,intelligence
opp_score_dc0b31d035d0,CH-4-2021-2008004911,40.0,Watchlist,53,equipment demand; active implementation,no future dated funding signal,Monitor,No,intelligence
opp_score_7be4b36bbdea,CH-4-2022-2008004911,40.0,Watchlist,53,equipment demand; active implementation,no future dated funding signal,Monitor,No,intelligence
opp_score_400e153d720e,CH-4-2025-2018011787,40.0,Watchlist,53,equipment demand; active implementation,active implementation period,Active through Q2 2030,No,intelligence
opp_score_d19f5fe171af,CH-4-2025-2018011788,40.0,Watchlist,53,equipment demand; active implementation,active implementation period,Active through Q2 2030,No,intelligence
opp_score_137f5d9800f0,CH-4-2025-2018011811,40.0,Watchlist,53,equipment demand; active implementation,active implementation period,Active through Q2 2030,No,intelligence
opp_score_9721ca91aacf,CH-4-2025-2018011812,40.0,Watchlist,53,equipment demand; active implementation,active implementation period,Active through Q2 2030,No,intelligence
opp_score_b31674aea241,CH-4-2022-2020010119,40.0,Watchlist,53,equipment demand; active implementation,no future dated funding signal,Monitor,No,intelligence
opp_score_333cb40bca9d,CH-4-2022-2020010120,40.0,Watchlist,53,equipment demand; active implementation,no future dated funding signal,Monitor,No,intelligence
opp_score_bb6ed755dcd0,CH-4-2022-2020001265,40.0,Watchlist,53,equipment demand; active implementation,no future dated funding signal,Monitor,No,intelligence
opp_score_f1c3906c3dba,CH-4-2023-2020010120,40.0,Watchlist,53,equipment demand; active implementation,no future dated funding signal,Monitor,No,intelligence
opp_score_276405cb2a37,CH-4-2013006513,40.0,Watchlist,53,equipment demand; active implementation,no future dated funding signal,Monitor,No,intelligence
opp_score_c050a6e53870,CH-4-2013006381,40.0,Watchlist,53,equipment demand; active implementation,no future dated funding signal,Monitor,No,intelligence
opp_score_241afbc3c5c3,CH-4-2013006382,40.0,Watchlist,53,equipment demand; active implementation,no future dated funding signal,Monitor,No,intelligence
opp_score_40f58d0359c5,CH-4-2025-2020011112,40.0,Watchlist,53,equipment demand; active implementation,no future dated funding signal,Monitor,No,intelligence
opp_score_1eef3256e236,CH-4-2025-2020011219,40.0,Watchlist,53,equipment demand; active implementation,no future dated funding signal,Monitor,No,intelligence
opp_score_60f0db2c369f,CH-4-2025-2020011257,40.0,Watchlist,53,equipment demand; active implementation,no future dated funding signal,Monitor,No,intelligence
opp_score_19c9f13b49f7,CH-4-2021-2020001263,40.0,Watchlist,53,equipment demand; active implementation,no future dated funding signal,Monitor,No,intelligence
opp_score_8a67dbf6303e,CH-4-2021-2020001265,40.0,Watchlist,53,equipment demand; active implementation,no future dated funding signal,Monitor,No,intelligence
opp_score_4c51accd7e71,CH-4-2020001263,40.0,Watchlist,53,equipment demand; active implementation,no future dated funding signal,Monitor,No,intelligence
opp_score_7fb6b6f0c7f8,CH-4-2020001264,40.0,Watchlist,53,equipment demand; active implementation,no future dated funding signal,Monitor,No,intelligence
opp_score_56f4d2854f99,CH-4-2020001265,40.0,Watchlist,53,equipment demand; active implementation,no future dated funding signal,Monitor,No,intelligence
opp_score_3aa2622c8b58,CH-4-2024-2020010120,40.0,Watchlist,53,equipment demand; active implementation,no future dated funding signal,Monitor,No,intelligence
opp_score_f7f1aaca6caf,CH-4-2024-2020011112,40.0,Watchlist,53,equipment demand; active implementation,no future dated funding signal,Monitor,No,intelligence
opp_score_db0389287fe8,XI-IATI-EC_INTPA-2021-PCC-421719,40.0,Watchlist,53,equipment demand; active implementation,no future dated funding signal,Monitor,No,intelligence
opp_score_ab20673cc068,XM-DAC-701-2-2018010622,40.0,Watchlist,53,equipment demand; active implementation,no future dated funding signal,Monitor,No,intelligence
opp_score_77f740257d37,GB-CHC-1099776-1W-UG,40.0,Watchlist,53,equipment demand; active implementation,active implementation period,Active through Q4 2026,No,intelligence
opp_score_37d4f79853b0,GB-CHC-1099776-3N-UG,40.0,Watchlist,53,equipment demand; active implementation,active implementation period,Active through Q3 2026,No,intelligence
opp_score_d399c17fbfcc,CH-4-2021-2021002000,40.0,Watchlist,53,equipment demand; active implementation,no future dated funding signal,Monitor,No,intelligence
opp_score_76bfce58178f,CH-4-2014005312,40.0,Watchlist,53,equipment demand; active implementation,no future dated funding signal,Monitor,No,intelligence
opp_score_2b29d536ca6e,CH-4-2014005622,40.0,Watchlist,53,equipment demand; active implementation,no future dated funding signal,Monitor,No,intelligence
opp_score_acc8e896f263,CH-4-2021-2014005312,40.0,Watchlist,53,equipment demand; active implementation,no future dated funding signal,Monitor,No,intelligence
opp_score_04cd65d955dd,XM-DAC-69-2-2021000068,40.0,Watchlist,53,equipment demand; active implementation,no future dated funding signal,Monitor,No,intelligence
opp_score_43384c0ce37c,FI-3-2022-2022220547,40.0,Watchlist,53,equipment demand; active implementation,no future dated funding signal,Monitor,No,intelligence
opp_score_a37c880887f1,FI-3-2020-2020201163,40.0,Watchlist,53,equipment demand; active implementation,no future dated funding signal,Monitor,No,intelligence
opp_score_b28ca1955664,FI-3-2021-2019190043,40.0,Watchlist,53,equipment demand; active implementation,no future dated funding signal,Monitor,No,intelligence
opp_score_81521fbaad48,XM-DAC-6-4-012826-01-0,40.0,Watchlist,53,equipment demand; active implementation,active implementation period,Active through Q4 2027,Yes,intelligence
opp_score_95953db32f64,XI-IATI-UNPF-00126650,40.0,Watchlist,53,equipment demand; active implementation,no future dated funding signal,Monitor,No,intelligence
opp_score_c0308c6f1125,XI-IATI-UNPF-00127167,40.0,Watchlist,53,equipment demand; active implementation,no future dated funding signal,Monitor,No,intelligence
opp_score_8a5ee426eead,CH-4-2022-2022002240,40.0,Watchlist,53,equipment demand; active implementation,no future dated funding signal,Monitor,No,intelligence
opp_score_670fbea490e3,CH-4-2021-2021002009,40.0,Watchlist,53,equipment demand; active implementation,no future dated funding signal,Monitor,No,intelligence
opp_score_57d7651aeb72,CH-4-2021-2021001537,40.0,Watchlist,53,equipment demand; active implementation,no future dated funding signal,Monitor,No,intelligence
opp_score_c83d82ce5304,CH-4-2020001772,40.0,Watchlist,53,equipment demand; active implementation,no future dated funding signal,Monitor,No,intelligence
opp_score_33b1e4f75422,CH-4-2021-2002003283,40.0,Watchlist,53,equipment demand; active implementation,no future dated funding signal,Monitor,No,intelligence
opp_score_6371fe2615b1,CH-4-2002003283,40.0,Watchlist,53,equipment demand; active implementation,no future dated funding signal,Monitor,No,intelligence
opp_score_815f99dcea93,XM-DAC-69-2-2022000060,40.0,Watchlist,53,equipment demand; active implementation,no future dated funding signal,Monitor,Yes,intelligence
opp_score_b09a6c55edc6,FI-3-2018-2016160046,40.0,Watchlist,53,equipment demand; active implementation,no future dated funding signal,Monitor,No,intelligence
opp_score_e4456d71668a,FI-3-2019-2017170275,40.0,Watchlist,53,equipment demand; active implementation,no future dated funding signal,Monitor,No,intelligence
opp_score_db98b99adc6e,XM-DAC-2-10-3014473,40.0,Watchlist,53,equipment demand; active implementation,no future dated funding signal,Monitor,No,intelligence
opp_score_df74bbf2d860,XM-DAC-69-2-2020000271,40.0,Watchlist,53,equipment demand; active implementation,no future dated funding signal,Monitor,No,intelligence
opp_score_0ed6a3dd36d0,XM-DAC-69-18-2021000225,40.0,Watchlist,53,equipment demand; active implementation,no future dated funding signal,Monitor,No,intelligence
opp_score_31de39d01f47,DE-1-202406007-8138,40.0,Watchlist,53,equipment demand; active implementation,active implementation period,Active through Q3 2027,No,intelligence
opp_score_1d69da473d6c,CH-4-2008004804,40.0,Watchlist,53,equipment demand; active implementation,no future dated funding signal,Monitor,No,intelligence
opp_score_01c5662045d3,CH-4-2008004799,40.0,Watchlist,53,equipment demand; active implementation,no future dated funding signal,Monitor,No,intelligence
opp_score_ac1d6be5f1d5,FI-3-2018-2013130117,40.0,Watchlist,53,equipment demand; active implementation,no future dated funding signal,Monitor,Yes,intelligence
opp_score_3c880369e256,XM-DAC-69-2-2011000044,40.0,Watchlist,53,equipment demand; active implementation,no future dated funding signal,Monitor,Yes,intelligence
opp_score_b5c986b6d81a,FI-3-2014-2013130643,40.0,Watchlist,53,equipment demand; active implementation,no future dated funding signal,Monitor,No,intelligence
opp_score_9aba02c77b4b,FI-3-2013-2013130643,40.0,Watchlist,53,equipment demand; active implementation,no future dated funding signal,Monitor,No,intelligence
opp_score_29f8652fe26e,FI-3-2019-2018181669,40.0,Watchlist,53,equipment demand; active implementation,no future dated funding signal,Monitor,No,intelligence
opp_score_083d95dd1ffb,FI-3-2016-2015150860,40.0,Watchlist,53,equipment demand; active implementation,no future dated funding signal,Monitor,No,intelligence
opp_score_72b04e068950,FI-3-2016-2015150861,40.0,Watchlist,53,equipment demand; active implementation,no future dated funding signal,Monitor,No,intelligence
opp_score_981c46ef4de8,FI-3-2017-2015150860,40.0,Watchlist,53,equipment demand; active implementation,no future dated funding signal,Monitor,No,intelligence
opp_score_9c648d8810de,FI-3-2017-2015150861,40.0,Watchlist,53,equipment demand; active implementation,no future dated funding signal,Monitor,No,intelligence
opp_score_e97ba93e8361,FI-3-2015-2015150860,40.0,Watchlist,53,equipment demand; active implementation,no future dated funding signal,Monitor,No,intelligence
opp_score_9de9d60da3ce,FI-3-2015-2013130643,40.0,Watchlist,53,equipment demand; active implementation,no future dated funding signal,Monitor,No,intelligence
opp_score_45b0b5a08a9f,FI-3-2015-2015150861,40.0,Watchlist,53,equipment demand; active implementation,no future dated funding signal,Monitor,No,intelligence
opp_score_2ecd43f57b8c,FI-3-2020-2018181669,40.0,Watchlist,53,equipment demand; active implementation,no future dated funding signal,Monitor,No,intelligence
opp_score_1674b0c57738,CH-4-2020002220,40.0,Watchlist,53,equipment demand; active implementation,no future dated funding signal,Monitor,No,intelligence
opp_score_b8301c157d81,CH-4-2020002223,40.0,Watchlist,53,equipment demand; active implementation,no future dated funding signal,Monitor,No,intelligence
opp_score_17c6af071f02,CH-4-2020002224,40.0,Watchlist,53,equipment demand; active implementation,no future dated funding signal,Monitor,No,intelligence
opp_score_4e30c2669d2e,GB-CHC-1099776-2P-SS,40.0,Watchlist,53,equipment demand; active implementation,active implementation period,Active through Q2 2027,No,intelligence
opp_score_91298ff5d55f,GB-CHC-1099776-2C-SS,40.0,Watchlist,53,equipment demand; active implementation,active implementation period,Active through Q2 2027,No,intelligence
opp_score_2f13b34e7ada,GB-CHC-1099776-3H-SS,40.0,Watchlist,53,equipment demand; active implementation,active implementation period,Active through Q3 2027,No,intelligence
opp_score_d17cbabe01ce,GB-CHC-1099776-O7-SS,40.0,Watchlist,53,equipment demand; active implementation,no future dated funding signal,Monitor,No,intelligence
opp_score_ccfa909a1827,GB-CHC-1099776-S3-SS,40.0,Watchlist,53,equipment demand; active implementation,no future dated funding signal,Monitor,No,intelligence
opp_score_e7f7600e80be,GB-CHC-1099776-Y8-SS,40.0,Watchlist,53,equipment demand; active implementation,no future dated funding signal,Monitor,No,intelligence
opp_score_e3b9e5cf94f8,GB-CHC-1099776-2Q-SS,40.0,Watchlist,53,equipment demand; active implementation,active implementation period,Active through Q4 2026,No,intelligence
opp_score_4016c3bcf5d9,GB-CHC-1099776-2D-MM,40.0,Watchlist,53,equipment demand; active implementation,no future dated funding signal,Monitor,No,intelligence
opp_score_88b649816e8a,GB-CHC-1099776-3J-SS,40.0,Watchlist,53,equipment demand; active implementation,no future dated funding signal,Monitor,No,intelligence
opp_score_685b0640e6e4,FI-3-2014-2013130642,40.0,Watchlist,53,equipment demand; active implementation,no future dated funding signal,Monitor,No,intelligence
opp_score_021d7e0e83e9,FI-3-2022-2015150859,40.0,Watchlist,53,equipment demand; active implementation,no future dated funding signal,Monitor,No,intelligence
opp_score_dc77eab4f302,FI-3-2018-2015150859,40.0,Watchlist,53,equipment demand; active implementation,no future dated funding signal,Monitor,No,intelligence
opp_score_0f675e795621,FI-3-2013-2013130642,40.0,Watchlist,53,equipment demand; active implementation,no future dated funding signal,Monitor,No,intelligence
opp_score_81df0ef3f3e6,FI-3-2019-2015150859,40.0,Watchlist,53,equipment demand; active implementation,no future dated funding signal,Monitor,No,intelligence
opp_score_657118306f45,FI-3-2016-2015150859,40.0,Watchlist,53,equipment demand; active implementation,no future dated funding signal,Monitor,No,intelligence
opp_score_a2f4799c5c6a,FI-3-2017-2015150859,40.0,Watchlist,53,equipment demand; active implementation,no future dated funding signal,Monitor,No,intelligence
opp_score_5d9cf9c6d394,FI-3-2015-2013130642,40.0,Watchlist,53,equipment demand; active implementation,no future dated funding signal,Monitor,No,intelligence
opp_score_a0a4d937f923,FI-3-2015-2015150859,40.0,Watchlist,53,equipment demand; active implementation,no future dated funding signal,Monitor,No,intelligence
opp_score_e667c522ea5f,FI-3-2020-2015150859,40.0,Watchlist,53,equipment demand; active implementation,no future dated funding signal,Monitor,No,intelligence
opp_score_c48bdf6d9245,FI-3-2012-2009091062,40.0,Watchlist,53,equipment demand; active implementation,no future dated funding signal,Monitor,No,intelligence
opp_score_48e0b14b6ec8,CH-4-2017005602,40.0,Watchlist,53,equipment demand; active implementation,no future dated funding signal,Monitor,No,intelligence
opp_score_23c14cafba8b,FI-3-2014-2006060173,40.0,Watchlist,53,equipment demand; active implementation,no future dated funding signal,Monitor,No,intelligence
opp_score_364e875ad810,CH-4-2023-2023001736,40.0,Watchlist,53,equipment demand; active implementation,no future dated funding signal,Monitor,No,intelligence
opp_score_7e28fa095510,FI-3-2021-2018180214,40.0,Watchlist,53,equipment demand; active implementation,no future dated funding signal,Monitor,No,intelligence
opp_score_e5da3bd08d1d,FI-3-2021-2019190205,40.0,Watchlist,53,equipment demand; active implementation,no future dated funding signal,Monitor,No,intelligence
opp_score_97e079743237,FI-3-2018-2017170081,40.0,Watchlist,53,equipment demand; active implementation,no future dated funding signal,Monitor,No,intelligence
opp_score_ef9745ab4133,FI-3-2022-2019000218,40.0,Watchlist,53,equipment demand; active implementation,no future dated funding signal,Monitor,No,intelligence
opp_score_bb0b38ce99fb,FI-3-2019-2017170092,40.0,Watchlist,53,equipment demand; active implementation,no future dated funding signal,Monitor,No,intelligence
opp_score_ae2aaeb83a39,FI-3-2020-2020201168,40.0,Watchlist,53,equipment demand; active implementation,no future dated funding signal,Monitor,No,intelligence
opp_score_55a439ff6217,FI-3-2013-2006060173,40.0,Watchlist,53,equipment demand; active implementation,no future dated funding signal,Monitor,No,intelligence
opp_score_52ceb0d8a31c,CH-4-2023-2018011583,40.0,Watchlist,53,equipment demand; active implementation,no future dated funding signal,Monitor,No,intelligence
opp_score_7223eb460144,CH-4-2023-2018011585,40.0,Watchlist,53,equipment demand; active implementation,no future dated funding signal,Monitor,No,intelligence
opp_score_004e5c598448,FI-3-2016-2014141080,40.0,Watchlist,53,equipment demand; active implementation,no future dated funding signal,Monitor,No,intelligence
opp_score_b9cd28d2ccbe,CH-4-2023-2023000556,40.0,Watchlist,53,equipment demand; active implementation,active implementation period,Active through Q1 2028,No,intelligence
opp_score_67fae02366fd,CH-4-2023-2023000557,40.0,Watchlist,53,equipment demand; active implementation,active implementation period,Active through Q1 2028,No,intelligence
opp_score_dcee0c4adff7,CH-4-2023-2023000558,40.0,Watchlist,53,equipment demand; active implementation,active implementation period,Active through Q1 2028,No,intelligence
opp_score_fffadccee2cd,CH-4-2023-2023000559,40.0,Watchlist,53,equipment demand; active implementation,active implementation period,Active through Q1 2028,No,intelligence
opp_score_75f4ab611d0a,CH-4-1998001338,40.0,Watchlist,53,equipment demand; active implementation,no future dated funding signal,Monitor,No,intelligence
opp_score_29ed6b875e1d,CH-4-1998001339,40.0,Watchlist,53,equipment demand; active implementation,no future dated funding signal,Monitor,No,intelligence
opp_score_dcc14398eaf7,CH-4-2021-1998001339,40.0,Watchlist,53,equipment demand; active implementation,no future dated funding signal,Monitor,No,intelligence
opp_score_07bbc3b69ec2,CH-4-2021-2010005992,40.0,Watchlist,53,equipment demand; active implementation,no future dated funding signal,Monitor,No,intelligence
opp_score_cb504b5f074f,CH-4-2021-2021000796,40.0,Watchlist,53,equipment demand; active implementation,no future dated funding signal,Monitor,No,intelligence
opp_score_361696075b45,CH-4-2021-2021000797,40.0,Watchlist,53,equipment demand; active implementation,no future dated funding signal,Monitor,No,intelligence
opp_score_0d7d0bbc073d,CH-4-1998001358,40.0,Watchlist,53,equipment demand; active implementation,no future dated funding signal,Monitor,No,intelligence
opp_score_6d75af273f42,CH-4-2022-2021000796,40.0,Watchlist,53,equipment demand; active implementation,no future dated funding signal,Monitor,No,intelligence
opp_score_bfcfc49118d4,CH-4-2022-2021000797,40.0,Watchlist,53,equipment demand; active implementation,no future dated funding signal,Monitor,No,intelligence
opp_score_8bc7a57d8472,CH-4-2022-2021009430,40.0,Watchlist,53,equipment demand; active implementation,no future dated funding signal,Monitor,No,intelligence
opp_score_d31bc96085f0,XM-DAC-69-2-2016000056,40.0,Watchlist,53,equipment demand; active implementation,no future dated funding signal,Monitor,No,intelligence
opp_score_807ca7faf56c,FI-3-2012-2009091058,40.0,Watchlist,53,equipment demand; active implementation,no future dated funding signal,Monitor,No,intelligence
opp_score_ee81ec812478,BE-BCE_KBO-0418766123-prg2022-131-CD2023SIN375A101,40.0,Watchlist,53,equipment demand; active implementation,active implementation period,Active through Q3 2027,Yes,intelligence
opp_score_01a17b32eef1,CH-4-2023-2008004990,40.0,Watchlist,53,equipment demand; active implementation,no future dated funding signal,Monitor,No,intelligence
opp_score_e2f9ac6c70a9,CH-4-2023-2008004991,40.0,Watchlist,53,equipment demand; active implementation,no future dated funding signal,Monitor,No,intelligence
opp_score_8ee3fa4f382a,CH-4-2022-2022001251,40.0,Watchlist,53,equipment demand; active implementation,active implementation period,Active through Q4 2026,No,intelligence
opp_score_9312b99a8b61,CH-4-2022-2022001252,40.0,Watchlist,53,equipment demand; active implementation,active implementation period,Active through Q4 2026,No,intelligence
opp_score_9ad492cb2520,CH-4-2022-2022001253,40.0,Watchlist,53,equipment demand; active implementation,active implementation period,Active through Q4 2026,No,intelligence
opp_score_95f36106d219,CH-4-2022-2022001254,40.0,Watchlist,53,equipment demand; active implementation,active implementation period,Active through Q4 2026,No,intelligence
opp_score_5ffe5058c76c,CH-4-2022-2022001255,40.0,Watchlist,53,equipment demand; active implementation,active implementation period,Active through Q4 2026,No,intelligence
opp_score_e741522423d4,CH-4-2023-2022001252,40.0,Watchlist,53,equipment demand; active implementation,active implementation period,Active through Q4 2026,No,intelligence
opp_score_ecb0642196c9,CH-4-2023-2022001253,40.0,Watchlist,53,equipment demand; active implementation,active implementation period,Active through Q4 2026,No,intelligence
opp_score_688551eb4078,CH-4-2023-2022001254,40.0,Watchlist,53,equipment demand; active implementation,active implementation period,Active through Q4 2026,No,intelligence
opp_score_2da5e0af5293,CH-4-2023-2022001255,40.0,Watchlist,53,equipment demand; active implementation,active implementation period,Active through Q4 2026,No,intelligence
opp_score_5c683c9cba8f,CH-4-2023-2022016802,40.0,Watchlist,53,equipment demand; active implementation,active implementation period,Active through Q4 2026,No,intelligence
opp_score_68b95a434d21,CH-4-2023-2022016803,40.0,Watchlist,53,equipment demand; active implementation,active implementation period,Active through Q4 2026,No,intelligence
opp_score_0a52f67b1b82,CH-4-2008004723,40.0,Watchlist,53,equipment demand; active implementation,no future dated funding signal,Monitor,No,intelligence
opp_score_cbb1038d4333,CH-4-2008004728,40.0,Watchlist,53,equipment demand; active implementation,no future dated funding signal,Monitor,No,intelligence
opp_score_d58cf0a8c40e,CH-4-2021-2008004879,40.0,Watchlist,53,equipment demand; active implementation,no future dated funding signal,Monitor,No,intelligence
opp_score_ed39129f59e3,CH-4-2021-2008004880,40.0,Watchlist,53,equipment demand; active implementation,no future dated funding signal,Monitor,No,intelligence
opp_score_bda401afb4e2,CH-4-2021-2008004908,40.0,Watchlist,53,equipment demand; active implementation,no future dated funding signal,Monitor,No,intelligence
opp_score_533c297dcada,CH-4-2021-2008004909,40.0,Watchlist,53,equipment demand; active implementation,no future dated funding signal,Monitor,No,intelligence
opp_score_6d54f89f4c57,CH-4-2021-2008004910,40.0,Watchlist,53,equipment demand; active implementation,no future dated funding signal,Monitor,No,intelligence
opp_score_67c2e20c9242,CH-4-2008004837,40.0,Watchlist,53,equipment demand; active implementation,no future dated funding signal,Monitor,No,intelligence
opp_score_8e7ae32aa535,CH-4-2008004724,40.0,Watchlist,53,equipment demand; active implementation,no future dated funding signal,Monitor,No,intelligence
opp_score_94ed02b9c945,CH-4-2008004726,40.0,Watchlist,53,equipment demand; active implementation,no future dated funding signal,Monitor,No,intelligence
opp_score_442d34adce35,CH-4-2008004725,40.0,Watchlist,53,equipment demand; active implementation,no future dated funding signal,Monitor,No,intelligence
opp_score_4ac24b6264fe,CH-4-2008004801,40.0,Watchlist,53,equipment demand; active implementation,no future dated funding signal,Monitor,No,intelligence
opp_score_49ceaacc71bc,CH-4-2025-2022016940,40.0,Watchlist,53,equipment demand; active implementation,active implementation period,Active through Q4 2028,No,intelligence
opp_score_e8cb90efebc5,CH-4-2025-2022016941,40.0,Watchlist,53,equipment demand; active implementation,active implementation period,Active through Q4 2028,No,intelligence
opp_score_0cc611b442a1,CH-4-2025-2022016942,40.0,Watchlist,53,equipment demand; active implementation,active implementation period,Active through Q4 2028,No,intelligence
opp_score_4bb95dce2bbd,CH-4-2025-2022016943,40.0,Watchlist,53,equipment demand; active implementation,active implementation period,Active through Q4 2028,No,intelligence
opp_score_75d3c649a3f4,CH-4-2025-2024000230,40.0,Watchlist,53,equipment demand; active implementation,active implementation period,Active through Q4 2028,No,intelligence
opp_score_c375a35abeeb,CH-4-2024-2022001253,40.0,Watchlist,53,equipment demand; active implementation,no future dated funding signal,Monitor,No,intelligence
opp_score_1688545d7e1e,CH-4-2024-2022001255,40.0,Watchlist,53,equipment demand; active implementation,no future dated funding signal,Monitor,No,intelligence
opp_score_a7804f5ae6dd,CH-4-2024-2022016802,40.0,Watchlist,53,equipment demand; active implementation,no future dated funding signal,Monitor,No,intelligence
opp_score_8c27365de942,CH-4-2024-2022016803,40.0,Watchlist,53,equipment demand; active implementation,no future dated funding signal,Monitor,No,intelligence
opp_score_bead692b10f8,CH-4-2008004879,40.0,Watchlist,53,equipment demand; active implementation,no future dated funding signal,Monitor,No,intelligence
opp_score_0b17e7958513,CH-4-2008004880,40.0,Watchlist,53,equipment demand; active implementation,no future dated funding signal,Monitor,No,intelligence
opp_score_0ddeb108e329,CH-4-2022-2008004909,40.0,Watchlist,53,equipment demand; active implementation,no future dated funding signal,Monitor,No,intelligence
opp_score_c9e53d7e347a,CH-4-2022-2008004910,40.0,Watchlist,53,equipment demand; active implementation,no future dated funding signal,Monitor,No,intelligence
opp_score_ae9cfb501642,CH-4-2024-2022001254,40.0,Watchlist,53,equipment demand; active implementation,no future dated funding signal,Monitor,No,intelligence
opp_score_2b668b239b7c,CH-4-2024-2008004990,40.0,Watchlist,53,equipment demand; active implementation,no future dated funding signal,Monitor,No,intelligence
opp_score_63743d69f233,CH-4-2024-2008004991,40.0,Watchlist,53,equipment demand; active implementation,no future dated funding signal,Monitor,No,intelligence
opp_score_01bcf5310b54,CH-4-2024-2022016939,40.0,Watchlist,53,equipment demand; active implementation,no future dated funding signal,Monitor,No,intelligence
opp_score_c1e19f59291e,CH-4-2024-2022016940,40.0,Watchlist,53,equipment demand; active implementation,no future dated funding signal,Monitor,No,intelligence
opp_score_9af51c62dd9e,CH-4-2024-2022016941,40.0,Watchlist,53,equipment demand; active implementation,no future dated funding signal,Monitor,No,intelligence
opp_score_472b1d43856b,CH-4-2024-2022016942,40.0,Watchlist,53,equipment demand; active implementation,no future dated funding signal,Monitor,No,intelligence
opp_score_f294e58fd6a7,CH-4-2024-2022016943,40.0,Watchlist,53,equipment demand; active implementation,no future dated funding signal,Monitor,No,intelligence
opp_score_00364aab20e0,CH-4-2024-2022016944,40.0,Watchlist,53,equipment demand; active implementation,no future dated funding signal,Monitor,No,intelligence
opp_score_3e3cb6ad85f1,CH-4-2024-2024000230,40.0,Watchlist,53,equipment demand; active implementation,no future dated funding signal,Monitor,No,intelligence
opp_score_4a83a7bc0c53,CH-4-2024-2024000231,40.0,Watchlist,53,equipment demand; active implementation,no future dated funding signal,Monitor,No,intelligence
opp_score_c7a0ac7bc44c,GB-GOV-1-300857,40.0,Watchlist,53,equipment demand; active implementation,no future dated funding signal,Monitor,No,intelligence
opp_score_7dea27133644,IE-CHY-20041069-IE-CHY-20041069-HOL,40.0,Watchlist,53,equipment demand; active implementation,no future dated funding signal,Monitor,Yes,intelligence
opp_score_b9ea4eeb3002,FI-3-2013-2006060506,40.0,Watchlist,53,equipment demand; active implementation,no future dated funding signal,Monitor,No,intelligence
opp_score_306d4d259769,FI-3-2012-2006060506,40.0,Watchlist,53,equipment demand; active implementation,no future dated funding signal,Monitor,No,intelligence
opp_score_61237a72cf6a,FI-3-2023-2023230145,40.0,Watchlist,53,equipment demand; active implementation,no future dated funding signal,Monitor,No,intelligence
opp_score_d45a2250db15,DE-1-202474419,40.0,Watchlist,53,equipment demand; active implementation,active implementation period,Active through Q4 2028,No,intelligence
opp_score_5ede3b91888d,DE-1-202475259,40.0,Watchlist,53,equipment demand; active implementation,active implementation period,Active through Q4 2028,No,intelligence
opp_score_766c255112f3,DE-1-202574168,40.0,Watchlist,53,equipment demand; active implementation,active implementation period,Active through Q4 2029,Yes,intelligence
opp_score_0be8b5e19f31,DE-1-202274140,40.0,Watchlist,53,equipment demand; active implementation,active implementation period,Active through Q4 2026,No,intelligence
opp_score_fb2f9c66929d,XM-DAC-69-2-2016000115,40.0,Watchlist,53,equipment demand; active implementation,no future dated funding signal,Monitor,No,intelligence
opp_score_fc334ad96b60,XM-DAC-69-2-2016000121,40.0,Watchlist,53,equipment demand; active implementation,no future dated funding signal,Monitor,No,intelligence
opp_score_4e593a604215,XM-DAC-69-2-2019000187,40.0,Watchlist,53,equipment demand; active implementation,no future dated funding signal,Monitor,No,intelligence
opp_score_18843ad3b4cd,XM-DAC-69-2-2013000322,40.0,Watchlist,53,equipment demand; active implementation,no future dated funding signal,Monitor,No,intelligence
opp_score_240458f666d3,XI-IATI-UNPF-132771,40.0,Watchlist,53,equipment demand; active implementation,no future dated funding signal,Monitor,No,intelligence
opp_score_aaf7e0ad8d07,XM-DAC-69-2-2014000005,40.0,Watchlist,53,equipment demand; active implementation,no future dated funding signal,Monitor,No,intelligence
opp_score_1bca872b7fba,XM-DAC-69-2-2015000182,40.0,Watchlist,53,equipment demand; active implementation,no future dated funding signal,Monitor,No,intelligence
opp_score_7c6106ce67fc,XM-DAC-69-2-2015000189,40.0,Watchlist,53,equipment demand; active implementation,no future dated funding signal,Monitor,No,intelligence
opp_score_bc9769f21576,BE-BCE_KBO-0418766123-prg2022-178-UG2019TEA493A103,40.0,Watchlist,53,equipment demand; active implementation,active implementation period,Active through Q3 2027,No,intelligence
opp_score_44e08e0ad92c,GB-CHC-1099776-3M-UG,40.0,Watchlist,53,equipment demand; active implementation,active implementation period,Active through Q3 2027,No,intelligence
opp_score_7a9d5d76b9c8,GB-CHC-1099776-O2-UG,40.0,Watchlist,53,equipment demand; active implementation,no future dated funding signal,Monitor,No,intelligence
opp_score_c26dc4509ccb,GB-CHC-1099776-X5-UG,40.0,Watchlist,53,equipment demand; active implementation,no future dated funding signal,Monitor,No,intelligence
opp_score_8f2f9f2d89d9,GB-CHC-1099776-O6-UG,40.0,Watchlist,53,equipment demand; active implementation,no future dated funding signal,Monitor,No,intelligence
opp_score_1bb413699de6,GB-CHC-1099776-S3-UG,40.0,Watchlist,53,equipment demand; active implementation,no future dated funding signal,Monitor,No,intelligence
opp_score_af9e9206f7ca,GB-CHC-1099776-2V-UG,40.0,Watchlist,53,equipment demand; active implementation,active implementation period,Active through Q4 2026,No,intelligence
opp_score_386df064be86,XI-IATI-EC_INTPA-2020-ACT-D-42774-00,40.0,Watchlist,53,equipment demand; active implementation,no future dated funding signal,Monitor,No,intelligence
opp_score_7a60293eb89b,FI-3-2012-2009091063,40.0,Watchlist,53,equipment demand; active implementation,no future dated funding signal,Monitor,No,intelligence
opp_score_8d3fc8104b2a,FI-3-2014-2014140020,40.0,Watchlist,53,equipment demand; active implementation,no future dated funding signal,Monitor,No,intelligence
opp_score_044ee7a758fe,FI-3-2014-2013130639,40.0,Watchlist,53,equipment demand; active implementation,no future dated funding signal,Monitor,No,intelligence
opp_score_b3ecf4f841db,FI-3-2019-2014140177,40.0,Watchlist,53,equipment demand; active implementation,no future dated funding signal,Monitor,No,intelligence
opp_score_2e67443c712a,FI-3-2016-2014140177,40.0,Watchlist,53,equipment demand; active implementation,no future dated funding signal,Monitor,No,intelligence
opp_score_c7f7ece546a5,FI-3-2017-2014140177,40.0,Watchlist,53,equipment demand; active implementation,no future dated funding signal,Monitor,No,intelligence
opp_score_aca78f20d6a5,FI-3-2015-2014140020,40.0,Watchlist,53,equipment demand; active implementation,no future dated funding signal,Monitor,No,intelligence
opp_score_cf8bfcb8e095,GB-CHC-1099776-P2-ET,40.0,Watchlist,53,equipment demand; active implementation,no future dated funding signal,Monitor,No,intelligence
opp_score_f1d9973b9c08,FI-3-2013-2013130639,40.0,Watchlist,53,equipment demand; active implementation,no future dated funding signal,Monitor,No,intelligence
opp_score_c7ffa9252924,FI-3-2012-2011115109,40.0,Watchlist,53,equipment demand; active implementation,no future dated funding signal,Monitor,No,intelligence
opp_score_355ed41149c9,FI-3-2015-2013130639,40.0,Watchlist,53,equipment demand; active implementation,no future dated funding signal,Monitor,No,intelligence
opp_score_23293b3eb39b,FI-3-2022-2022220012,40.0,Watchlist,53,equipment demand; active implementation,no future dated funding signal,Monitor,No,intelligence
opp_score_1dd5bf2dedc0,GB-CHC-1099776-O2-ET,40.0,Watchlist,53,equipment demand; active implementation,no future dated funding signal,Monitor,No,intelligence
opp_score_71a8da7439a1,GB-CHC-1099776-3S-ET,40.0,Watchlist,53,equipment demand; active implementation,no future dated funding signal,Monitor,No,intelligence
opp_score_5487b9367fd5,GB-CHC-1099776-1D-ET,40.0,Watchlist,53,equipment demand; active implementation,no future dated funding signal,Monitor,No,intelligence
opp_score_95e014a8c172,GB-CHC-1099776-3C-ET,40.0,Watchlist,53,equipment demand; active implementation,active implementation period,Active through Q2 2028,No,intelligence
opp_score_6237ae11df17,GB-CHC-1099776-2A-ET,40.0,Watchlist,53,equipment demand; active implementation,no future dated funding signal,Monitor,No,intelligence
opp_score_48c7b56de2db,FI-3-2023-2023230056,40.0,Watchlist,53,equipment demand; active implementation,no future dated funding signal,Monitor,No,intelligence
opp_score_32c323d4d72d,CH-4-2024-2014006035,40.0,Watchlist,53,equipment demand; active implementation,no future dated funding signal,Monitor,No,intelligence
opp_score_0e53d8bb154d,CH-4-2025-2014006035,40.0,Watchlist,53,equipment demand; active implementation,active implementation period,Active through Q4 2026,No,intelligence
opp_score_e5b972bbf90e,CH-4-2021-2014005798,40.0,Watchlist,53,equipment demand; active implementation,no future dated funding signal,Monitor,No,intelligence
opp_score_9fa9e4527315,CH-4-2022-2014005798,40.0,Watchlist,53,equipment demand; active implementation,no future dated funding signal,Monitor,No,intelligence
opp_score_83f4ecca9329,CH-4-2022-2014005906,40.0,Watchlist,53,equipment demand; active implementation,no future dated funding signal,Monitor,No,intelligence
opp_score_7d2b95e54a3a,CH-4-2023-2014006035,40.0,Watchlist,53,equipment demand; active implementation,no future dated funding signal,Monitor,No,intelligence
opp_score_db850da0954c,XM-DAC-69-2-2023000109,40.0,Watchlist,53,equipment demand; active implementation,no future dated funding signal,Monitor,No,intelligence
opp_score_94b219c87087,FI-3-2014-2013130640,40.0,Watchlist,53,equipment demand; active implementation,no future dated funding signal,Monitor,No,intelligence
opp_score_245ea87aa385,FI-3-2018-2012120121,40.0,Watchlist,53,equipment demand; active implementation,no future dated funding signal,Monitor,No,intelligence
opp_score_634ac92d3511,FI-3-2019-2012120121,40.0,Watchlist,53,equipment demand; active implementation,no future dated funding signal,Monitor,No,intelligence
opp_score_2a1ba6b2e08f,FI-3-2015-2015150857,40.0,Watchlist,53,equipment demand; active implementation,no future dated funding signal,Monitor,No,intelligence
opp_score_b07d65c19563,FI-3-2013-2013130640,40.0,Watchlist,53,equipment demand; active implementation,no future dated funding signal,Monitor,No,intelligence
opp_score_f091a17ce682,XM-DAC-3-1-288721-36596,40.0,Watchlist,53,equipment demand; active implementation,active implementation period,Active through Q4 2026,No,intelligence
opp_score_7dcdfa640561,SE-0-SE-29-2022-03526_1,40.0,Watchlist,53,equipment demand; active implementation,no future dated funding signal,Monitor,No,intelligence
opp_score_a239c298b67d,FI-3-2024-2024240147,40.0,Watchlist,53,equipment demand; active implementation,no future dated funding signal,Monitor,No,intelligence
opp_score_020a7ec59f86,FI-3-2022-2022220028,40.0,Watchlist,53,equipment demand; active implementation,no future dated funding signal,Monitor,No,intelligence
opp_score_123b0a43f655,FI-3-2022-2019000101,40.0,Watchlist,53,equipment demand; active implementation,no future dated funding signal,Monitor,No,intelligence
opp_score_807d9bcbdc8f,FI-3-2023-2023230108,40.0,Watchlist,53,equipment demand; active implementation,no future dated funding signal,Monitor,No,intelligence
opp_score_717ebab20773,FI-3-2021-2019190084,40.0,Watchlist,53,equipment demand; active implementation,no future dated funding signal,Monitor,No,intelligence
opp_score_46823d4d6992,XI-IATI-EC_INTPA-2020-ACT-D-42793-00,40.0,Watchlist,53,equipment demand; active implementation,no future dated funding signal,Monitor,No,intelligence
opp_score_a2a1641d45a8,CH-4-2019002212,40.0,Watchlist,53,equipment demand; active implementation,no future dated funding signal,Monitor,No,intelligence
opp_score_0096990d50ad,CH-4-2018001688,40.0,Watchlist,53,equipment demand; active implementation,no future dated funding signal,Monitor,No,intelligence
opp_score_39a676a6d8a9,GB-CHC-1099776-1M-SS,40.0,Watchlist,53,equipment demand; active implementation,no future dated funding signal,Monitor,No,intelligence
opp_score_df09fa2279b8,CH-4-2020002222,40.0,Watchlist,53,equipment demand; active implementation,no future dated funding signal,Monitor,No,intelligence
opp_score_9bbab47e1e60,XI-IATI-EC_INTPA-2023-ACT-61806,40.0,Watchlist,53,equipment demand; active implementation,active implementation period,Active through Q4 2030,No,intelligence
opp_score_1f24865324fc,47122-RWA,40.0,Watchlist,53,equipment demand; active implementation,active implementation period,Active through Q4 2027,No,intelligence
opp_score_af5fc7a39601,XM-DAC-69-2-2019000183,40.0,Watchlist,53,equipment demand; active implementation,no future dated funding signal,Monitor,No,intelligence
opp_score_f78830124123,CH-4-2021-2002003382,40.0,Watchlist,53,equipment demand; active implementation,no future dated funding signal,Monitor,No,intelligence
opp_score_09bbe2a187b5,CH-4-2021-2002003383,40.0,Watchlist,53,equipment demand; active implementation,no future dated funding signal,Monitor,No,intelligence
opp_score_1b63a58ae403,BE-BCE_KBO-0264814354-RWA23004,40.0,Watchlist,53,equipment demand; active implementation,active implementation period,Active through Q3 2029,No,intelligence
opp_score_5efcdb30a12d,GB-CHC-1047501-BRCiS2-SHARP,40.0,Watchlist,53,equipment demand; active implementation,no future dated funding signal,Monitor,No,intelligence
opp_score_934491c2586d,XI-IATI-UNPF-00119537,40.0,Watchlist,53,equipment demand; active implementation,no future dated funding signal,Monitor,No,intelligence
opp_score_d3067a492f98,XI-IATI-UNPF-119537,40.0,Watchlist,53,equipment demand; active implementation,no future dated funding signal,Monitor,No,intelligence
opp_score_6a59098fafa3,US-EIN-US-EIN-13-2702768-Z3738,40.0,Watchlist,53,equipment demand; active implementation,no future dated funding signal,Monitor,No,intelligence
opp_score_4393b287b50d,XI-IATI-UNPF-133939,40.0,Watchlist,53,equipment demand; active implementation,active implementation period,Active through Q4 2030,No,intelligence
opp_score_af350afc6951,CH-4-2024-2024000371,40.0,Watchlist,53,equipment demand; active implementation,no future dated funding signal,Monitor,No,intelligence
opp_score_9af1f400072a,SE-0-SE-29-2021-05727,40.0,Watchlist,53,equipment demand; active implementation,no future dated funding signal,Monitor,Yes,intelligence
opp_score_74cc51da4057,XM-DAC-69-2-2019000197,40.0,Watchlist,53,equipment demand; active implementation,no future dated funding signal,Monitor,No,intelligence
opp_score_65e26a584675,FR-6-UG-1400,40.0,Watchlist,53,equipment demand; active implementation,no future dated funding signal,Monitor,No,intelligence
opp_score_d9708a3d30d9,061660068-EAS25100033InvoiceNo2,40.0,Watchlist,53,equipment demand; active implementation,no future dated funding signal,Monitor,No,intelligence
opp_score_e2b553f3374f,061660068-MIT2520114QuarterlyInvoice1,40.0,Watchlist,53,equipment demand; active implementation,no future dated funding signal,Monitor,No,intelligence
opp_score_ad60def1b721,061660068-UCH2510028Invoice1,40.0,Watchlist,53,equipment demand; active implementation,no future dated funding signal,Monitor,No,intelligence
opp_score_59c1cfc5818d,061660068-UCH2510028Invoice2,40.0,Watchlist,53,equipment demand; active implementation,no future dated funding signal,Monitor,No,intelligence
opp_score_b6ad2f25fae6,US-EIN-061660068-EAS25100035InvoiceNo3,40.0,Watchlist,53,equipment demand; active implementation,no future dated funding signal,Monitor,No,intelligence
opp_score_efb27ed9a054,US-EIN-061660068-EAS25100031InvoiceCountersignedAgreement,40.0,Watchlist,53,equipment demand; active implementation,no future dated funding signal,Monitor,No,intelligence
opp_score_11ff1a7bebb4,US-EIN-061660068-YAL2510015InvoiceN2Revised,40.0,Watchlist,53,equipment demand; active implementation,no future dated funding signal,Monitor,No,intelligence
opp_score_ed8eba4cd2f8,sacu-LivingWithWildlife,40.0,Watchlist,53,equipment demand; active implementation,no future dated funding signal,Monitor,No,intelligence
opp_score_4c5e7266dcd9,BE-BCE_KBO-0418766123-prg2022-193-UG2022TEA531B134,40.0,Watchlist,53,equipment demand; active implementation,active implementation period,Active through Q3 2027,No,intelligence
opp_score_750ad20a2666,GB-1-204477,40.0,Watchlist,53,equipment demand; active implementation,active implementation period,Active through Q2 2027,No,intelligence
opp_score_b3617b771765,CH-4-2025-2024000338,40.0,Watchlist,53,equipment demand; active implementation,active implementation period,Active through Q4 2027,No,intelligence
opp_score_0b03cd546316,CH-4-2024-2024000338,40.0,Watchlist,53,equipment demand; active implementation,no future dated funding signal,Monitor,No,intelligence
opp_score_f9490d99da8b,XM-DAC-69-2-2020000262,40.0,Watchlist,53,equipment demand; active implementation,no future dated funding signal,Monitor,No,intelligence
opp_score_4a3d734588e5,XM-DAC-69-2-2020000225,40.0,Watchlist,53,equipment demand; active implementation,no future dated funding signal,Monitor,No,intelligence
opp_score_10fb943fa162,ET-CSA-0638-sacethiopia-DAWURONutrition,40.0,Watchlist,53,equipment demand; active implementation,no future dated funding signal,Monitor,No,intelligence
opp_score_97f825c8be74,ET-CSA-0976-ImprovedNutrition,40.0,Watchlist,53,equipment demand; active implementation,no future dated funding signal,Monitor,No,intelligence
opp_score_d1fa31b5ea9a,KE-NCB-2180511703310709-ImprovedNutrition,40.0,Watchlist,53,equipment demand; active implementation,no future dated funding signal,Monitor,No,intelligence
opp_score_f03846d69757,BE-BCE_KBO-0418766123-prg2022-176-KE2019TEA487A103,40.0,Watchlist,53,equipment demand; active implementation,active implementation period,Active through Q3 2027,No,intelligence
opp_score_bea7ab690a7e,XM-DAC-69-2-2017000328,40.0,Watchlist,53,equipment demand; active implementation,no future dated funding signal,Monitor,No,intelligence
opp_score_e9174f793c39,47122-SSD,40.0,Watchlist,53,equipment demand; active implementation,active implementation period,Active through Q4 2026,No,intelligence
opp_score_daefdece5f18,GB-CHC-1099776-3L-SS,40.0,Watchlist,53,equipment demand; active implementation,active implementation period,Active through Q1 2028,No,intelligence
opp_score_f935073f9d19,XM-DAC-69-2-2017000326,40.0,Watchlist,53,equipment demand; active implementation,no future dated funding signal,Monitor,No,intelligence
opp_score_6188745c389a,GB-CHC-1099776-I8-SS,40.0,Watchlist,53,equipment demand; active implementation,no future dated funding signal,Monitor,No,intelligence
opp_score_683908ca34c8,GB-CHC-1099776-I7-SS,40.0,Watchlist,53,equipment demand; active implementation,no future dated funding signal,Monitor,No,intelligence
opp_score_a86fedbbb317,GB-CHC-1099776-P5-SS,40.0,Watchlist,53,equipment demand; active implementation,no future dated funding signal,Monitor,No,intelligence
opp_score_b5b07dceb032,GB-CHC-1099776-I2-SS,40.0,Watchlist,53,equipment demand; active implementation,no future dated funding signal,Monitor,No,intelligence
opp_score_a331047ad949,DE-1-202429413,40.0,Watchlist,53,equipment demand; active implementation,active implementation period,Active through Q1 2027,No,intelligence
opp_score_dd4f8ad747a2,DE-1-202429470,40.0,Watchlist,53,equipment demand; active implementation,active implementation period,Active through Q2 2027,No,intelligence
opp_score_a53aeb5a58c1,DE-1-202629020,40.0,Watchlist,53,equipment demand; active implementation,active implementation period,Active through Q1 2029,No,intelligence
opp_score_6aa8aa50339b,BE-BCE_KBO-0264814354-COD23006,40.0,Watchlist,53,equipment demand; active implementation,active implementation period,Active through Q4 2028,No,intelligence
opp_score_e2502fe3866f,47122-SOM,40.0,Watchlist,53,equipment demand; active implementation,active implementation period,Active through Q4 2028,No,intelligence
opp_score_fecb3a2cddb1,CH-4-2020002124,40.0,Watchlist,53,equipment demand; active implementation,no future dated funding signal,Monitor,No,intelligence
opp_score_fe94ba9beeb6,FI-3-2024-2024240394,40.0,Watchlist,53,equipment demand; active implementation,no future dated funding signal,Monitor,No,intelligence
opp_score_87e510a21ee6,XI-IATI-UNPF-00112174,40.0,Watchlist,53,equipment demand; active implementation,active implementation period,Active through Q4 2030,No,intelligence
opp_score_237f1ac5cbfa,FI-3-2025-2025250341,40.0,Watchlist,53,equipment demand; active implementation,no future dated funding signal,Monitor,No,intelligence
opp_score_2c46f6544e59,FI-3-2025-2025250343,40.0,Watchlist,53,equipment demand; active implementation,no future dated funding signal,Monitor,No,intelligence
opp_score_5517cbbb67d4,47122-TZA,40.0,Watchlist,53,equipment demand; active implementation,active implementation period,Active through Q4 2027,No,intelligence
opp_score_e2da8a672d1f,GB-CHC-1099776-U3-TZ,40.0,Watchlist,53,equipment demand; active implementation,no future dated funding signal,Monitor,No,intelligence
opp_score_f06136e807d3,CH-4-1997001356,40.0,Watchlist,53,equipment demand; active implementation,no future dated funding signal,Monitor,No,intelligence
opp_score_6c0f7b782125,CH-4-2024-2024000366,40.0,Watchlist,53,equipment demand; active implementation,no future dated funding signal,Monitor,No,intelligence
opp_score_7510492f2f4d,XI-IATI-UNPF-00079847,40.0,Watchlist,53,equipment demand; active implementation,no future dated funding signal,Monitor,No,intelligence
opp_score_0b22eeaf0310,XI-IATI-UNPF-00129724,40.0,Watchlist,53,equipment demand; active implementation,no future dated funding signal,Monitor,No,intelligence
opp_score_8b091c396cff,XI-IATI-UNPF-129724,40.0,Watchlist,53,equipment demand; active implementation,no future dated funding signal,Monitor,No,intelligence
opp_score_826515c4ef61,CH-4-2018000969,40.0,Watchlist,53,equipment demand; active implementation,no future dated funding signal,Monitor,No,intelligence
opp_score_4f023948711a,XM-DAC-701-2-2017010631,40.0,Watchlist,53,equipment demand; active implementation,no future dated funding signal,Monitor,No,intelligence
opp_score_e85d15188886,47122-COD,40.0,Watchlist,53,equipment demand; active implementation,active implementation period,Active through Q4 2027,No,intelligence
opp_score_043b53743190,XM-DAC-2-10-5365,40.0,Watchlist,53,equipment demand; active implementation,active implementation period,Active through Q4 2026,No,intelligence
opp_score_8d6e9c6575e9,DE-1-202432615,40.0,Watchlist,53,equipment demand; active implementation,active implementation period,Active through Q3 2028,No,intelligence
opp_score_b5190c8d8390,DE-1-202474740,40.0,Watchlist,53,equipment demand; active implementation,active implementation period,Active through Q2 2028,No,intelligence
opp_score_f1f44eab2930,XI-IATI-EC_INTPA-2023-PC-23386,40.0,Watchlist,53,equipment demand; active implementation,no future dated funding signal,Monitor,No,intelligence
opp_score_521cffd61876,XI-IATI-EC_INTPA-2009-ACT-D-21511-01,40.0,Watchlist,53,equipment demand; active implementation,no future dated funding signal,Monitor,No,intelligence
opp_score_19688170c21e,XI-IATI-EC_INTPA-2023-ACT-61037,40.0,Watchlist,53,equipment demand; active implementation,active implementation period,Active through Q4 2028,No,intelligence
opp_score_68aa57900097,XI-IATI-EC_INTPA-2016-ACT-D-38165-00,40.0,Watchlist,53,equipment demand; active implementation,active implementation period,Active through Q3 2029,No,intelligence
opp_score_8570ac6ad34a,XI-IATI-EC_INTPA-2017-PCC-389716,40.0,Watchlist,53,equipment demand; active implementation,no future dated funding signal,Monitor,No,intelligence
opp_score_3b848ab4ce61,XI-IATI-EC_INTPA-2023-PC-30524,40.0,Watchlist,53,equipment demand; active implementation,no future dated funding signal,Monitor,No,intelligence
opp_score_6f4dc14f56c0,XI-IATI-EC_INTPA-2021-PCC-423018,40.0,Watchlist,53,equipment demand; active implementation,no future dated funding signal,Monitor,No,intelligence
opp_score_4ceed63d58ab,XI-IATI-EC_INTPA-2024-PC-45271,40.0,Watchlist,53,equipment demand; active implementation,no future dated funding signal,Monitor,No,intelligence
opp_score_135f4b19bd21,XI-IATI-EC_INTPA-2018-PCC-397573,40.0,Watchlist,53,equipment demand; active implementation,no future dated funding signal,Monitor,No,intelligence
opp_score_bf06abbe4ccd,XI-IATI-EC_INTPA-2021-PCC-423038,40.0,Watchlist,53,equipment demand; active implementation,no future dated funding signal,Monitor,No,intelligence
opp_score_02268cf89dff,XI-IATI-EC_INTPA-2025-PC-58382,40.0,Watchlist,53,equipment demand; active implementation,active implementation period,Active through Q1 2027,No,intelligence
opp_score_87e873841902,XI-IATI-EC_INTPA-2017-PCC-393386,40.0,Watchlist,53,equipment demand; active implementation,no future dated funding signal,Monitor,No,intelligence
opp_score_ad05922accf9,XI-IATI-EC_INTPA-2020-PCC-416327,40.0,Watchlist,53,equipment demand; active implementation,no future dated funding signal,Monitor,No,intelligence
opp_score_1f722206a63d,NL-KVK-41160054-201484,40.0,Watchlist,53,equipment demand; active implementation,active implementation period,Active through Q4 2026,No,intelligence
opp_score_97b5b3b923fb,XM-DAC-3-1-286209-34803,40.0,Watchlist,53,equipment demand; active implementation,no future dated funding signal,Monitor,No,intelligence
opp_score_b799a0a83e37,CH-4-2013006356,40.0,Watchlist,53,equipment demand; active implementation,no future dated funding signal,Monitor,No,intelligence
opp_score_9cbf30d447f8,GB-GOV-1-301474,40.0,Watchlist,53,equipment demand; active implementation,active implementation period,Active through Q1 2028,No,intelligence
opp_score_6622e2ba2dae,CH-4-2018009144,40.0,Watchlist,53,equipment demand; active implementation,no future dated funding signal,Monitor,No,intelligence
opp_score_33a32a61c4bb,CH-4-2015005172,40.0,Watchlist,53,equipment demand; active implementation,no future dated funding signal,Monitor,No,intelligence
opp_score_2b0d99ee0893,CH-4-2018010351,40.0,Watchlist,53,equipment demand; active implementation,no future dated funding signal,Monitor,No,intelligence
opp_score_474f23978e7d,CH-4-2018000848,40.0,Watchlist,53,equipment demand; active implementation,no future dated funding signal,Monitor,No,intelligence
opp_score_a3a0e89a9929,CH-4-2021-2018010907,40.0,Watchlist,53,equipment demand; active implementation,no future dated funding signal,Monitor,No,intelligence
opp_score_442be6d31bc4,CH-4-2021-2021002200,40.0,Watchlist,53,equipment demand; active implementation,no future dated funding signal,Monitor,No,intelligence
opp_score_c99f82572c99,47122-UGA,40.0,Watchlist,53,equipment demand; active implementation,active implementation period,Active through Q4 2028,No,intelligence
opp_score_e58934a0fca1,GB-CHC-1099776-P7-UG,40.0,Watchlist,53,equipment demand; active implementation,no future dated funding signal,Monitor,No,intelligence
opp_score_f2f637d0485c,GB-CHC-1099776-1H-UG,40.0,Watchlist,53,equipment demand; active implementation,active implementation period,Active through Q2 2027,No,intelligence
opp_score_d46b61035e2e,GB-CHC-1099776-1J-UG,40.0,Watchlist,53,equipment demand; active implementation,active implementation period,Active through Q4 2027,No,intelligence
opp_score_7aa39476fc34,GB-CHC-1099776-P3-UG,40.0,Watchlist,53,equipment demand; active implementation,no future dated funding signal,Monitor,No,intelligence
opp_score_b0f67b78169c,XM-DAC-69-2-2016000124,40.0,Watchlist,53,equipment demand; active implementation,no future dated funding signal,Monitor,No,intelligence
opp_score_525796fbbcd9,XM-DAC-69-2-2019000170,40.0,Watchlist,53,equipment demand; active implementation,no future dated funding signal,Monitor,No,intelligence
opp_score_4ab9f1b2b59b,XM-DAC-69-2-2023000111,40.0,Watchlist,53,equipment demand; active implementation,no future dated funding signal,Monitor,No,intelligence
opp_score_753fb7817f85,GB-CHC-1099776-1V-UG,40.0,Watchlist,53,equipment demand; active implementation,active implementation period,Active through Q3 2026,No,intelligence
opp_score_40d07c6bea18,GB-CHC-1099776-1Q-UG,40.0,Watchlist,53,equipment demand; active implementation,no future dated funding signal,Monitor,No,intelligence
opp_score_465da18145d8,GB-CHC-1099776-O3-UG,40.0,Watchlist,53,equipment demand; active implementation,no future dated funding signal,Monitor,No,intelligence
opp_score_9911468588bb,GB-CHC-802353-DIGNITY,40.0,Watchlist,53,equipment demand; active implementation,no future dated funding signal,Monitor,No,intelligence
opp_score_b0de69e5fc70,FI-3-2014-2013130497,40.0,Watchlist,53,equipment demand; active implementation,no future dated funding signal,Monitor,No,intelligence
opp_score_5a59c528f992,FI-3-2022-2022220011,40.0,Watchlist,53,equipment demand; active implementation,no future dated funding signal,Monitor,No,intelligence
opp_score_48ca14a9efe3,47122-ETH,40.0,Watchlist,53,equipment demand; active implementation,active implementation period,Active through Q4 2027,No,intelligence
opp_score_9d924a3e46d1,CH-4-2020002123,40.0,Watchlist,53,equipment demand; active implementation,no future dated funding signal,Monitor,No,intelligence
opp_score_bdc70ec593ca,CH-4-2023-2023000814,40.0,Watchlist,53,equipment demand; active implementation,no future dated funding signal,Monitor,No,intelligence
opp_score_12d7d187c33e,CH-4-2025-2023000814,40.0,Watchlist,53,equipment demand; active implementation,no future dated funding signal,Monitor,No,intelligence
opp_score_a4224a2aa066,CH-4-2024-2023000814,40.0,Watchlist,53,equipment demand; active implementation,no future dated funding signal,Monitor,No,intelligence
opp_score_8d66ac05ce6c,XM-DAC-69-2-2021000067,40.0,Watchlist,53,equipment demand; active implementation,no future dated funding signal,Monitor,No,intelligence
opp_score_5aba3a917f70,XM-DAC-69-2-2021000086,40.0,Watchlist,53,equipment demand; active implementation,no future dated funding signal,Monitor,No,intelligence
opp_score_ba93658c75a8,FI-3-2012-2007070289,40.0,Watchlist,53,equipment demand; active implementation,no future dated funding signal,Monitor,No,intelligence
opp_score_c83368dd6ff1,FI-3-2018-2014140177,40.0,Watchlist,53,equipment demand; active implementation,no future dated funding signal,Monitor,No,intelligence
opp_score_8c7187129195,FI-3-2022-2022220425,40.0,Watchlist,53,equipment demand; active implementation,no future dated funding signal,Monitor,No,intelligence
opp_score_05c2bf3c78b5,FI-3-2022-2019000041,40.0,Watchlist,53,equipment demand; active implementation,no future dated funding signal,Monitor,No,intelligence
opp_score_1a862bc1028e,DE-1-202432904,40.0,Watchlist,53,equipment demand; active implementation,active implementation period,Active through Q3 2028,No,intelligence
opp_score_3b6848bf98f6,DE-1-202433878,40.0,Watchlist,53,equipment demand; active implementation,active implementation period,Active through Q4 2027,No,intelligence
opp_score_0af290e91040,NL-KVK-41150298-2137,40.0,Watchlist,53,equipment demand; active implementation,no future dated funding signal,Monitor,No,intelligence
opp_score_0c0e5a3f664a,XM-DAC-3-1-286194-34778,40.0,Watchlist,53,equipment demand; active implementation,no future dated funding signal,Monitor,No,intelligence
opp_score_6176b0622c5a,CH-4-2023-2023001745,40.0,Watchlist,53,equipment demand; active implementation,no future dated funding signal,Monitor,No,intelligence
opp_score_b0c320541970,CH-4-2022-2022002364,40.0,Watchlist,53,equipment demand; active implementation,no future dated funding signal,Monitor,No,intelligence
opp_score_b72b4d2140d5,CH-4-2025-2025000053,40.0,Watchlist,53,equipment demand; active implementation,active implementation period,Active through Q1 2027,No,intelligence
opp_score_744080030c4e,CH-4-2025-2025000054,40.0,Watchlist,53,equipment demand; active implementation,active implementation period,Active through Q1 2027,No,intelligence
opp_score_9ba645193b24,CH-4-2025-2025000322,40.0,Watchlist,53,equipment demand; active implementation,active implementation period,Active through Q1 2027,No,intelligence
opp_score_8be0d221c136,CH-4-2025-2025000323,40.0,Watchlist,53,equipment demand; active implementation,active implementation period,Active through Q1 2027,No,intelligence
opp_score_8a59fb0944f9,CH-4-2024-2018011586,40.0,Watchlist,53,equipment demand; active implementation,no future dated funding signal,Monitor,No,intelligence
opp_score_a28832870908,CH-4-2022-2018009285,40.0,Watchlist,53,equipment demand; active implementation,no future dated funding signal,Monitor,No,intelligence
opp_score_4dfdbd92e078,CH-4-2023-2018011584,40.0,Watchlist,53,equipment demand; active implementation,no future dated funding signal,Monitor,No,intelligence
opp_score_fdf13792b34c,CH-4-2023-2018011586,40.0,Watchlist,53,equipment demand; active implementation,no future dated funding signal,Monitor,No,intelligence
opp_score_9580f0676684,CH-4-2025-2018011584,40.0,Watchlist,53,equipment demand; active implementation,no future dated funding signal,Monitor,No,intelligence
opp_score_4d811322e7c8,CH-4-2021-2018009285,40.0,Watchlist,53,equipment demand; active implementation,no future dated funding signal,Monitor,No,intelligence
opp_score_7cf89ca4d5d3,CH-4-2018009285,40.0,Watchlist,53,equipment demand; active implementation,no future dated funding signal,Monitor,No,intelligence
opp_score_530cd3003278,CH-4-2024-2018011584,40.0,Watchlist,53,equipment demand; active implementation,no future dated funding signal,Monitor,No,intelligence
opp_score_692b953104df,XM-DAC-69-2-2017000327,40.0,Watchlist,53,equipment demand; active implementation,no future dated funding signal,Monitor,Yes,intelligence
opp_score_29896ca4b413,47122-KEN,40.0,Watchlist,53,equipment demand; active implementation,active implementation period,Active through Q4 2028,No,intelligence
opp_score_fb548d410d50,CH-4-2020002110,40.0,Watchlist,53,equipment demand; active implementation,no future dated funding signal,Monitor,No,intelligence
opp_score_5574f2cf47d2,BE-BCE_KBO-0418766123-prg2022-98-KE2022SIN350A101,40.0,Watchlist,53,equipment demand; active implementation,active implementation period,Active through Q3 2027,Yes,intelligence
opp_score_1e4d1af77b1c,XM-DAC-69-2-2020000264,40.0,Watchlist,53,equipment demand; active implementation,no future dated funding signal,Monitor,No,intelligence
opp_score_a6bbcf5e02d4,XM-DAC-69-2-2020000263,40.0,Watchlist,53,equipment demand; active implementation,no future dated funding signal,Monitor,No,intelligence
opp_score_b291885d75a2,XM-DAC-69-2-2020000265,40.0,Watchlist,53,equipment demand; active implementation,no future dated funding signal,Monitor,No,intelligence
opp_score_85b3b34827ee,XM-DAC-69-2-2020000275,40.0,Watchlist,53,equipment demand; active implementation,no future dated funding signal,Monitor,Yes,intelligence
opp_score_394a9cbe04ce,XM-DAC-69-2-2020000198,40.0,Watchlist,53,equipment demand; active implementation,no future dated funding signal,Monitor,No,intelligence
opp_score_68aa109f5b4f,XM-DAC-69-2-2020000249,40.0,Watchlist,53,equipment demand; active implementation,no future dated funding signal,Monitor,Yes,intelligence
opp_score_22a7e8cc8c5e,XM-DAC-69-2-2021000101,40.0,Watchlist,53,equipment demand; active implementation,no future dated funding signal,Monitor,No,intelligence
opp_score_55ed27363dfd,XM-DAC-69-2-2021000092,40.0,Watchlist,53,equipment demand; active implementation,no future dated funding signal,Monitor,No,intelligence
opp_score_f7d8ff127e0c,XM-DAC-69-2-2022000063,40.0,Watchlist,53,equipment demand; active implementation,no future dated funding signal,Monitor,No,intelligence
opp_score_789a855a00cb,XM-DAC-69-2-2022000061,40.0,Watchlist,53,equipment demand; active implementation,no future dated funding signal,Monitor,No,intelligence
opp_score_e9b30db257f1,XM-DAC-69-2-2015000033,40.0,Watchlist,53,equipment demand; active implementation,no future dated funding signal,Monitor,No,intelligence
opp_score_703ff0b1306b,XM-DAC-69-2-2018000100,40.0,Watchlist,53,equipment demand; active implementation,no future dated funding signal,Monitor,No,intelligence
opp_score_7cb8f5218c2e,XM-DAC-69-2-2021000106,40.0,Watchlist,53,equipment demand; active implementation,no future dated funding signal,Monitor,No,intelligence
opp_score_ab1fefa4521d,XM-DAC-69-2-2013000323,40.0,Watchlist,53,equipment demand; active implementation,no future dated funding signal,Monitor,No,intelligence
opp_score_f30781e32287,FI-3-2020-2019191450,40.0,Watchlist,53,equipment demand; active implementation,no future dated funding signal,Monitor,No,intelligence
opp_score_787afcd7d207,CH-4-2020002129,40.0,Watchlist,53,equipment demand; active implementation,no future dated funding signal,Monitor,No,intelligence
opp_score_fe88804da0a0,XM-DAC-69-2-2014000003,40.0,Watchlist,53,equipment demand; active implementation,no future dated funding signal,Monitor,No,intelligence
opp_score_593edf349ab3,XM-DAC-69-2-2014000264,40.0,Watchlist,53,equipment demand; active implementation,no future dated funding signal,Monitor,No,intelligence
opp_score_ca805bcb6a79,XM-DAC-69-2-2014000224,40.0,Watchlist,53,equipment demand; active implementation,no future dated funding signal,Monitor,No,intelligence
opp_score_090977f3b5f4,FI-3-2015-2014141122,40.0,Watchlist,53,equipment demand; active implementation,no future dated funding signal,Monitor,No,intelligence
opp_score_bcfc78b1f4b1,DE-1-202533131,40.0,Watchlist,53,equipment demand; active implementation,active implementation period,Active through Q4 2029,No,intelligence
opp_score_96526a1a026c,NL-KVK-41150298-2096,40.0,Watchlist,53,equipment demand; active implementation,no future dated funding signal,Monitor,No,intelligence
opp_score_cc1de8e580f4,DE-1-202506004-8360,40.0,Watchlist,53,equipment demand; active implementation,active implementation period,Active through Q3 2027,No,intelligence
opp_score_cdc3d3577375,SE-0-SE-6-14601,40.0,Watchlist,53,equipment demand; active implementation,active implementation period,Active through Q2 2027,No,intelligence
opp_score_a7bc1d182c54,SE-0-SE-6-14642,40.0,Watchlist,53,equipment demand; active implementation,active implementation period,Active through Q4 2027,No,intelligence
opp_score_97823f5396f1,CH-4-2024-2017008634,40.0,Watchlist,53,equipment demand; active implementation,no future dated funding signal,Monitor,No,intelligence
opp_score_faddd13d7b24,CH-4-2024-2017008684,40.0,Watchlist,53,equipment demand; active implementation,no future dated funding signal,Monitor,No,intelligence
opp_score_33c5a9fd7a72,SE-0-SE-6-17762,40.0,Watchlist,53,equipment demand; active implementation,active implementation period,Active through Q4 2028,Yes,intelligence
opp_score_5794f37d263c,CH-4-2022-2017008289,40.0,Watchlist,53,equipment demand; active implementation,no future dated funding signal,Monitor,No,intelligence
opp_score_684b38dd65ad,CH-4-2022-2017008296,40.0,Watchlist,53,equipment demand; active implementation,no future dated funding signal,Monitor,No,intelligence
opp_score_a59fefd9b6a9,CH-4-2017007406,40.0,Watchlist,53,equipment demand; active implementation,no future dated funding signal,Monitor,No,intelligence
opp_score_98da3e51b4ea,CH-4-2021-2017008028,40.0,Watchlist,53,equipment demand; active implementation,no future dated funding signal,Monitor,No,intelligence
opp_score_eb296870144f,CH-4-2021-2017008038,40.0,Watchlist,53,equipment demand; active implementation,no future dated funding signal,Monitor,No,intelligence
opp_score_a6f830b14c5d,CH-4-2017006951,40.0,Watchlist,53,equipment demand; active implementation,no future dated funding signal,Monitor,No,intelligence
opp_score_aeecb3c636eb,GB-CHC-285908-222931,40.0,Watchlist,53,equipment demand; active implementation,no future dated funding signal,Monitor,No,intelligence
opp_score_c76fe30b330d,CH-4-2025-2025001855,40.0,Watchlist,53,equipment demand; active implementation,active implementation period,Active through Q4 2028,No,intelligence
opp_score_603e6703ccde,DE-1-202401107-8133,40.0,Watchlist,53,equipment demand; active implementation,active implementation period,Active through Q3 2027,No,intelligence
opp_score_53d210483ede,DE-1-202506004-8404,40.0,Watchlist,53,equipment demand; active implementation,active implementation period,Active through Q2 2028,No,intelligence
opp_score_dbf1b782a00b,CH-4-2022-2017008286,40.0,Watchlist,53,equipment demand; active implementation,no future dated funding signal,Monitor,No,intelligence
opp_score_b3d563bcec67,CH-4-2022-2017008292,40.0,Watchlist,53,equipment demand; active implementation,no future dated funding signal,Monitor,No,intelligence
opp_score_6111134d903c,CH-4-2021-2017008026,40.0,Watchlist,53,equipment demand; active implementation,no future dated funding signal,Monitor,No,intelligence
opp_score_6982210b335f,CH-4-2021-2017008039,40.0,Watchlist,53,equipment demand; active implementation,no future dated funding signal,Monitor,No,intelligence
opp_score_cf7caa4fddd9,SE-0-SE-6-16958,40.0,Watchlist,53,equipment demand; active implementation,active implementation period,Active through Q4 2027,No,intelligence
opp_score_dc6889aa27f0,DE-1-202506004-8223,40.0,Watchlist,53,equipment demand; active implementation,active implementation period,Active through Q2 2028,Yes,intelligence
opp_score_8a145d24a5e3,SE-0-SE-29-2021-05155_1,40.0,Watchlist,53,equipment demand; active implementation,no future dated funding signal,Monitor,Yes,intelligence
opp_score_bd74707eb6d9,XM-DAC-3-1-238837-31674,40.0,Watchlist,53,equipment demand; active implementation,no future dated funding signal,Monitor,No,intelligence
opp_score_92fe271f2aac,CH-4-2022-2020001100,40.0,Watchlist,53,equipment demand; active implementation,no future dated funding signal,Monitor,No,intelligence
opp_score_672bb8f34962,CH-4-2014005568,40.0,Watchlist,53,equipment demand; active implementation,no future dated funding signal,Monitor,No,intelligence
opp_score_6dc2faf79bcc,CH-4-2014005283,40.0,Watchlist,53,equipment demand; active implementation,no future dated funding signal,Monitor,No,intelligence
opp_score_786e2cf7171a,CH-4-2014005413,40.0,Watchlist,53,equipment demand; active implementation,no future dated funding signal,Monitor,No,intelligence
opp_score_83c35737afcf,CH-4-2021-2020001100,40.0,Watchlist,53,equipment demand; active implementation,no future dated funding signal,Monitor,No,intelligence
opp_score_5a055f0f32ac,CH-4-2014005635,40.0,Watchlist,53,equipment demand; active implementation,no future dated funding signal,Monitor,No,intelligence
opp_score_054b464ca8f4,CH-4-2024-2021009478,40.0,Watchlist,53,equipment demand; active implementation,no future dated funding signal,Monitor,No,intelligence
opp_score_66a156d4922b,CH-4-2021-2021000907,40.0,Watchlist,53,equipment demand; active implementation,no future dated funding signal,Monitor,No,intelligence
opp_score_99add9e788e5,CH-4-2014005744,40.0,Watchlist,53,equipment demand; active implementation,no future dated funding signal,Monitor,No,intelligence
opp_score_078e4a9b518f,CH-4-2020001100,40.0,Watchlist,53,equipment demand; active implementation,no future dated funding signal,Monitor,No,intelligence
opp_score_0d3a6424226a,CH-4-2022-2021000907,40.0,Watchlist,53,equipment demand; active implementation,no future dated funding signal,Monitor,No,intelligence
opp_score_fd0abb220290,CH-4-2022-2021009478,40.0,Watchlist,53,equipment demand; active implementation,no future dated funding signal,Monitor,No,intelligence
opp_score_a84696206541,CH-4-2023-2021009798,40.0,Watchlist,53,equipment demand; active implementation,no future dated funding signal,Monitor,No,intelligence
opp_score_aba82aa2c494,CH-4-2023-2021009478,40.0,Watchlist,53,equipment demand; active implementation,no future dated funding signal,Monitor,No,intelligence
opp_score_45c8f9c4e0b0,SE-0-SE-2-92545,40.0,Watchlist,53,equipment demand; active implementation,active implementation period,Active through Q2 2027,No,intelligence
opp_score_bd0bee198b11,CH-4-2022-2017008287,40.0,Watchlist,53,equipment demand; active implementation,no future dated funding signal,Monitor,No,intelligence
opp_score_33f3544603bb,CH-4-2022-2017008297,40.0,Watchlist,53,equipment demand; active implementation,no future dated funding signal,Monitor,No,intelligence
opp_score_3a3b40acb7a3,CH-4-2022-2017008300,40.0,Watchlist,53,equipment demand; active implementation,no future dated funding signal,Monitor,No,intelligence
opp_score_4041510df43c,CH-4-2017006995,40.0,Watchlist,53,equipment demand; active implementation,no future dated funding signal,Monitor,No,intelligence
opp_score_e1d2678f01b9,CH-4-2013006038,40.0,Watchlist,53,equipment demand; active implementation,no future dated funding signal,Monitor,No,intelligence
opp_score_0c893fdd631d,CH-4-2021-2017008029,40.0,Watchlist,53,equipment demand; active implementation,no future dated funding signal,Monitor,No,intelligence
opp_score_25fedee9ab1d,CH-4-2023-2017008300,40.0,Watchlist,53,equipment demand; active implementation,no future dated funding signal,Monitor,No,intelligence
opp_score_69e379a5ef8f,XI-IATI-EC_INTPA-2021-ACT-61110,40.0,Watchlist,53,equipment demand; active implementation,active implementation period,Active through Q3 2029,No,intelligence
opp_score_9ce0a83b2c90,DE-1-202418671,40.0,Watchlist,53,equipment demand; active implementation,active implementation period,Active through Q2 2028,No,intelligence
opp_score_041e24eae7f4,DE-1-202506004-8302,40.0,Watchlist,53,equipment demand; active implementation,active implementation period,Active through Q3 2028,No,intelligence
opp_score_3f8a54030cd3,CH-4-2022-2020001063,40.0,Watchlist,53,equipment demand; active implementation,no future dated funding signal,Monitor,No,intelligence
opp_score_da471d896d01,CH-4-2025-2020010895,40.0,Watchlist,53,equipment demand; active implementation,active implementation period,Active through Q4 2026,No,intelligence
opp_score_732ef3e7b784,CH-4-2024-2020010895,40.0,Watchlist,53,equipment demand; active implementation,no future dated funding signal,Monitor,No,intelligence
opp_score_3fd66a19ef1b,CH-4-2021-2020001063,40.0,Watchlist,53,equipment demand; active implementation,no future dated funding signal,Monitor,No,intelligence
opp_score_0775a54d396e,CH-4-2020001062,40.0,Watchlist,53,equipment demand; active implementation,no future dated funding signal,Monitor,No,intelligence
opp_score_b29c6e694953,CH-4-2020001063,40.0,Watchlist,53,equipment demand; active implementation,no future dated funding signal,Monitor,No,intelligence
opp_score_f1f118beeca7,CH-4-2023-2020010895,40.0,Watchlist,53,equipment demand; active implementation,no future dated funding signal,Monitor,No,intelligence
opp_score_2d2010693a55,CH-4-2023-2020010896,40.0,Watchlist,53,equipment demand; active implementation,no future dated funding signal,Monitor,No,intelligence
opp_score_d6aab8fc44df,XI-IATI-EC_INTPA-2021-PCC-427166,40.0,Watchlist,53,equipment demand; active implementation,no future dated funding signal,Monitor,No,intelligence
opp_score_6c3db587e1d9,CH-4-2012006558,40.0,Watchlist,53,equipment demand; active implementation,no future dated funding signal,Monitor,No,intelligence
opp_score_0f9142f74fd8,CH-4-2018009241,40.0,Watchlist,53,equipment demand; active implementation,no future dated funding signal,Monitor,No,intelligence
opp_score_5a512e9d52b1,CH-4-2018000945,40.0,Watchlist,53,equipment demand; active implementation,no future dated funding signal,Monitor,No,intelligence
opp_score_5d39052b1439,XI-IATI-EC_INTPA-2020-ACT-D-42377-00,40.0,Watchlist,53,equipment demand; active implementation,no future dated funding signal,Monitor,No,intelligence
opp_score_1d544e737b74,CH-4-2022-2017008285,40.0,Watchlist,53,equipment demand; active implementation,no future dated funding signal,Monitor,No,intelligence
opp_score_9d86e94bf15a,CH-4-2022-2017008291,40.0,Watchlist,53,equipment demand; active implementation,no future dated funding signal,Monitor,No,intelligence
opp_score_7a9846f976cb,CH-4-2022-2017008299,40.0,Watchlist,53,equipment demand; active implementation,no future dated funding signal,Monitor,No,intelligence
opp_score_8d93d3be9d5a,CH-4-2021-2017008025,40.0,Watchlist,53,equipment demand; active implementation,no future dated funding signal,Monitor,No,intelligence
opp_score_0622b4e23645,CH-4-2021-2017008032,40.0,Watchlist,53,equipment demand; active implementation,no future dated funding signal,Monitor,No,intelligence
opp_score_9070c68f457c,CH-4-2021-2017008036,40.0,Watchlist,53,equipment demand; active implementation,no future dated funding signal,Monitor,No,intelligence
opp_score_65d39102ab20,GB-GOV-1-301196,40.0,Watchlist,53,equipment demand; active implementation,active implementation period,Active through Q1 2028,No,intelligence
opp_score_f9b019ee88e5,GB-CHC-1065972-EI120,40.0,Watchlist,53,equipment demand; active implementation,no future dated funding signal,Monitor,No,intelligence
opp_score_9e4be6c40491,GB-CHC-1065972-EI117,40.0,Watchlist,53,equipment demand; active implementation,no future dated funding signal,Monitor,No,intelligence
opp_score_e26524467b91,US-EIN-13-5660870-EI120,40.0,Watchlist,53,equipment demand; active implementation,no future dated funding signal,Monitor,No,intelligence
opp_score_71b974e70bf9,US-EIN-13-5660870-EI117,40.0,Watchlist,53,equipment demand; active implementation,no future dated funding signal,Monitor,No,intelligence
opp_score_35d0a6f0ec8f,DE-1-202506004-8279,40.0,Watchlist,53,equipment demand; active implementation,active implementation period,Active through Q4 2028,No,intelligence
opp_score_a38895ab237e,DE-1-202406007-8054,40.0,Watchlist,53,equipment demand; active implementation,active implementation period,Active through Q4 2026,No,intelligence
opp_score_9daba8252864,DE-1-202406007-8120,40.0,Watchlist,53,equipment demand; active implementation,active implementation period,Active through Q1 2027,No,intelligence
opp_score_602e6c3aa820,DE-1-202506004-8277,40.0,Watchlist,53,equipment demand; active implementation,active implementation period,Active through Q2 2029,No,intelligence
opp_score_e1b815419221,XM-DAC-6-4-011755-03-0,40.0,Watchlist,53,equipment demand; active implementation,active implementation period,Active through Q3 2026,No,intelligence
opp_score_a890110b4116,CH-4-2021-2019008137,40.0,Watchlist,53,equipment demand; active implementation,no future dated funding signal,Monitor,No,intelligence
opp_score_2ca8dfe63d9e,CH-4-2019007784,40.0,Watchlist,53,equipment demand; active implementation,no future dated funding signal,Monitor,No,intelligence
opp_score_1c1084cdb721,CH-4-2012006422,40.0,Watchlist,53,equipment demand; active implementation,no future dated funding signal,Monitor,No,intelligence
opp_score_31403971ee18,CH-4-2021-2010005944,40.0,Watchlist,53,equipment demand; active implementation,no future dated funding signal,Monitor,No,intelligence
opp_score_5310e512c028,CH-4-2010005944,40.0,Watchlist,53,equipment demand; active implementation,no future dated funding signal,Monitor,No,intelligence
opp_score_73fd9ef37056,XI-IATI-EC_INTPA-2019-PCC-409177,40.0,Watchlist,53,equipment demand; active implementation,no future dated funding signal,Monitor,No,intelligence
opp_score_8ee53a3fe787,CH-4-2019000604,40.0,Watchlist,53,equipment demand; active implementation,no future dated funding signal,Monitor,No,intelligence
opp_score_6761d52a7fb6,CH-4-2013006126,40.0,Watchlist,53,equipment demand; active implementation,no future dated funding signal,Monitor,No,intelligence
opp_score_14d87fdafc94,CH-4-2016003362,40.0,Watchlist,53,equipment demand; active implementation,no future dated funding signal,Monitor,No,intelligence
opp_score_394f644c99a8,CH-4-2016003307,40.0,Watchlist,53,equipment demand; active implementation,no future dated funding signal,Monitor,No,intelligence
opp_score_0ad4ea78eaa6,CH-4-2021-2015005485,40.0,Watchlist,53,equipment demand; active implementation,no future dated funding signal,Monitor,No,intelligence
opp_score_22c9bd985bf5,CH-4-2015005485,40.0,Watchlist,53,equipment demand; active implementation,no future dated funding signal,Monitor,No,intelligence
opp_score_f22a5713c443,XI-IATI-EC_INTPA-2023-ACT-61713,40.0,Watchlist,53,equipment demand; active implementation,active implementation period,Active through Q2 2032,No,intelligence
opp_score_65118cd24ac0,XI-IATI-EC_INTPA-2026-PC-54190,40.0,Watchlist,53,equipment demand; active implementation,active implementation period,Active through Q1 2028,No,intelligence
opp_score_673042262aa9,XM-DAC-41114-PROJECT-00107701,40.0,Watchlist,53,equipment demand; active implementation,no future dated funding signal,Monitor,No,intelligence
opp_score_8faa834bf0ad,XM-DAC-41114-PROJECT-00051355,40.0,Watchlist,53,equipment demand; active implementation,no future dated funding signal,Monitor,No,intelligence
opp_score_08303c3ad241,GB-GOV-1-400034,40.0,Watchlist,53,equipment demand; active implementation,active implementation period,Active through Q1 2030,No,intelligence
opp_score_9e59bb68472f,GB-UKPRN-10007790-CovidCollective,40.0,Watchlist,53,equipment demand; active implementation,no future dated funding signal,Monitor,No,intelligence
opp_score_325fc164aa07,DE-1-202406007-8039,40.0,Watchlist,53,equipment demand; active implementation,active implementation period,Active through Q3 2027,No,intelligence
opp_score_f5c1af0904b0,CH-4-2024-2024000323,40.0,Watchlist,53,equipment demand; active implementation,no future dated funding signal,Monitor,No,intelligence
opp_score_bc812bbea788,CH-4-2023-2023001658,40.0,Watchlist,53,equipment demand; active implementation,no future dated funding signal,Monitor,No,intelligence
opp_score_31d6d71686f9,CH-4-2023-2023001660,40.0,Watchlist,53,equipment demand; active implementation,no future dated funding signal,Monitor,No,intelligence
opp_score_35dab4787d8f,CH-4-2022-2022002261,40.0,Watchlist,53,equipment demand; active implementation,no future dated funding signal,Monitor,No,intelligence
opp_score_abda026d2689,CH-4-2024-2024001277,40.0,Watchlist,53,equipment demand; active implementation,no future dated funding signal,Monitor,No,intelligence
opp_score_6a7faa5ea0f6,GB-CHC-802353-SCWOP,40.0,Watchlist,53,equipment demand; active implementation,no future dated funding signal,Monitor,No,intelligence
opp_score_25340eec2be6,DE-1-202506004-8499,40.0,Watchlist,53,equipment demand; active implementation,active implementation period,Active through Q4 2029,No,intelligence
opp_score_6554ab807b17,CH-4-2021-2017007694,40.0,Watchlist,53,equipment demand; active implementation,no future dated funding signal,Monitor,No,intelligence
opp_score_ebcf3b8b8ce3,CH-4-2017007694,40.0,Watchlist,53,equipment demand; active implementation,no future dated funding signal,Monitor,No,intelligence
opp_score_c39975b752f2,XM-DAC-3-1-286302-34859,40.0,Watchlist,53,equipment demand; active implementation,no future dated funding signal,Monitor,No,intelligence
opp_score_fe5efd2b247e,XM-DAC-3-1-238837-34335,40.0,Watchlist,53,equipment demand; active implementation,no future dated funding signal,Monitor,Yes,intelligence
opp_score_c56cdf444194,GB-GOV-1-300143,40.0,Watchlist,53,equipment demand; active implementation,active implementation period,Active through Q1 2027,No,intelligence
opp_score_21da0cc1998d,DE-1-202518090,40.0,Watchlist,53,equipment demand; active implementation,active implementation period,Active through Q4 2029,No,intelligence
opp_score_607310d07d79,GB-GOV-1-300978,40.0,Watchlist,53,equipment demand; active implementation,active implementation period,Active through Q1 2029,No,intelligence
opp_score_0e7deac14074,GB-COH-1762840-NDT001-SI02-01,40.0,Watchlist,53,equipment demand; active implementation,active implementation period,Active through Q4 2028,No,intelligence
opp_score_29bb2895d8f9,XM-DAC-3-1-286907-35609,40.0,Watchlist,53,equipment demand; active implementation,no future dated funding signal,Monitor,No,intelligence
opp_score_f877451b296c,XM-DAC-3-1-286907-35610,40.0,Watchlist,53,equipment demand; active implementation,no future dated funding signal,Monitor,No,intelligence
opp_score_e063391c76f1,XI-IATI-EC_INTPA-2022-ACT-60733,40.0,Watchlist,53,equipment demand; active implementation,active implementation period,Active through Q3 2032,No,intelligence
opp_score_ffd6258e3b84,SE-0-SE-6-14832,40.0,Watchlist,53,equipment demand; active implementation,active implementation period,Active through Q3 2026,No,intelligence
opp_score_57493b365ad4,SE-0-SE-6-17724,40.0,Watchlist,53,equipment demand; active implementation,active implementation period,Active through Q4 2029,No,intelligence
opp_score_04b1bb582915,GB-GOV-1-300237,40.0,Watchlist,53,equipment demand; active implementation,active implementation period,Active through Q3 2026,No,intelligence
opp_score_5bd0f440f7f3,SE-0-SE-6-14108,40.0,Watchlist,53,equipment demand; active implementation,active implementation period,Active through Q3 2031,No,intelligence
opp_score_fb721e964e0f,SE-0-SE-6-14653,40.0,Watchlist,53,equipment demand; active implementation,active implementation period,Active through Q2 2028,No,intelligence
opp_score_cb4f00a58d2a,GB-GOV-1-400450,40.0,Watchlist,53,equipment demand; active implementation,active implementation period,Active through Q1 2030,Yes,intelligence
opp_score_dabda8296f26,SE-0-SE-6-15302,40.0,Watchlist,53,equipment demand; active implementation,active implementation period,Active through Q4 2026,No,intelligence
opp_score_a721b7fda761,XM-DAC-41114-PROJECT-00092241,40.0,Watchlist,53,equipment demand; active implementation,active implementation period,Active through Q4 2030,No,intelligence
opp_score_1ebfecb6be10,GB-1-205206,40.0,Watchlist,53,equipment demand; active implementation,active implementation period,Active through Q3 2026,No,intelligence
opp_score_1f3ca48de508,SE-0-SE-6-15745,40.0,Watchlist,53,equipment demand; active implementation,active implementation period,Active through Q4 2026,No,intelligence
opp_score_8953db1c4769,GB-GOV-3-CSSF,40.0,Watchlist,53,equipment demand; active implementation,no future dated funding signal,Monitor,No,intelligence
opp_score_ad7cc7ab7f75,NL-KVK-83517626-D2B19UG02,39.9,Long Range,71,active implementation; future budget cycle; reported budget; near-term funding window,next budget period,Q4 2026,No,intelligence
opp_score_2b0d8c26b87e,XM-DAC-928-CD-2026-27-08.001.AF01.COD04,39.9,Long Range,71,active implementation; future budget cycle; reported budget; near-term funding window,next budget period,Q4 2026,No,intelligence
opp_score_f64f565ef916,XM-DAC-928-SO-2026-27-03.001.EM01.SOM03,39.9,Long Range,71,active implementation; future budget cycle; reported budget; near-term funding window,next budget period,Q4 2026,No,intelligence
opp_score_9f8ca67fe13c,XM-DAC-928-RW-2026-27-07.001.AF01.RWA03,39.9,Long Range,71,active implementation; future budget cycle; reported budget; near-term funding window,next budget period,Q4 2026,No,intelligence
opp_score_5fb3f0c10053,XM-DAC-928-RW-2026-27-08.001.AF01.RWA03,39.9,Long Range,71,active implementation; future budget cycle; reported budget; near-term funding window,next budget period,Q4 2026,No,intelligence
opp_score_b0dbae2f1ff6,XM-DAC-928-CD-2026-27-07.002.AF01.COD01,39.8,Long Range,71,active implementation; future budget cycle; reported budget; near-term funding window,next budget period,Q4 2026,No,intelligence
opp_score_2ced4fe80cab,XM-DAC-928-KE-2026-27-07.001.AF01.KEN02,39.8,Long Range,71,active implementation; future budget cycle; reported budget; near-term funding window,next budget period,Q4 2026,No,intelligence
opp_score_734523d569aa,XM-DAC-928-CD-2026-27-03.002.AF01.COD02,39.8,Long Range,71,active implementation; future budget cycle; reported budget; near-term funding window,next budget period,Q4 2026,No,intelligence
opp_score_132a700ab3d7,DAC-1601-INV-059608,39.7,Long Range,71,active implementation; future budget cycle; reported budget; near-term funding window,next planned disbursement,Q4 2026,No,intelligence
opp_score_520d501a08d4,GB-COH-2695347-GB-COH-1102208-B012-E3203,39.7,Long Range,71,active implementation; future budget cycle; reported budget; 12-month funding window,next budget period,Q2 2027,No,intelligence
opp_score_c44fdf656ecf,XM-DAC-928-TZ-2026-27-04.003.AF01.TZA01,39.7,Long Range,71,active implementation; future budget cycle; reported budget; near-term funding window,next budget period,Q4 2026,No,intelligence
opp_score_74fb70aceca4,XM-DAC-928-UG-2026-27-03.001.AF01.UGA03,39.7,Long Range,71,active implementation; future budget cycle; reported budget; near-term funding window,next budget period,Q4 2026,No,intelligence
opp_score_7edc6a8025a9,XM-DAC-928-KE-2026-27-03.002.AF01.KEN02,39.7,Long Range,71,active implementation; future budget cycle; reported budget; near-term funding window,next budget period,Q4 2026,No,intelligence
opp_score_839b87913e4e,XM-DAC-928-TZ-2026-27-01.001.AF01.TZA01,39.7,Long Range,71,active implementation; future budget cycle; reported budget; near-term funding window,next budget period,Q4 2026,No,intelligence
opp_score_68a1325578ca,XM-DAC-928-UG-2026-27-07.001.AF01.UGA02,39.7,Long Range,71,active implementation; future budget cycle; reported budget; near-term funding window,next budget period,Q4 2026,No,intelligence
opp_score_7c76a2e87611,BE-BCE_KBO-0546740696-prg2022-1-PRDPFS-70,39.6,Long Range,71,active implementation; future budget cycle; reported budget; near-term funding window,next budget period,Q4 2026,No,intelligence
opp_score_9ef4d039c281,XM-DAC-928-CD-2026-27-03.001.AF01.COD03,39.6,Long Range,71,active implementation; future budget cycle; reported budget; near-term funding window,next budget period,Q4 2026,No,intelligence
opp_score_2b38c6a8f42c,XM-DAC-928-UG-2026-27-08.001.AF01.UGA04,39.6,Long Range,71,active implementation; future budget cycle; reported budget; near-term funding window,next budget period,Q4 2026,No,intelligence
opp_score_e8bcfa7d01ef,NL-KVK-27108436-A-07837-02:CD,39.6,Long Range,71,active implementation; future budget cycle; reported budget; near-term funding window,next budget period,Q4 2026,No,intelligence
opp_score_1d031d60f074,DAC-1601-INV-059606,39.5,Long Range,71,active implementation; future budget cycle; reported budget; near-term funding window,next planned disbursement,Q4 2026,No,intelligence
opp_score_55d4fcdd658a,XM-DAC-928-CD-2026-27-01.001.AF01.COD01,39.5,Long Range,71,active implementation; future budget cycle; reported budget; near-term funding window,next budget period,Q4 2026,No,intelligence
opp_score_f5b86ea8aa80,XM-DAC-928-SS-2026-27-03.001.AF01.SSD03,39.5,Long Range,71,active implementation; future budget cycle; reported budget; near-term funding window,next budget period,Q4 2026,No,intelligence
opp_score_f98d950f7d5b,XM-DAC-928-TZ-2026-27-04.001.AF01.TZA02,39.5,Long Range,71,active implementation; future budget cycle; reported budget; near-term funding window,next budget period,Q4 2026,No,intelligence
opp_score_ef521c9846dc,XM-DAC-928-UG-2026-27-03.002.AF01.UGA02,39.5,Long Range,71,active implementation; future budget cycle; reported budget; near-term funding window,next budget period,Q4 2026,No,intelligence
opp_score_59e20ab31928,XM-DAC-928-KE-2026-27-07.002.AF01.KEN01,39.4,Long Range,71,active implementation; future budget cycle; reported budget; near-term funding window,next budget period,Q4 2026,No,intelligence
opp_score_3f0952aae602,XM-DAC-928-TZ-2026-27-07.002.AF01.TZA01,39.4,Long Range,71,active implementation; future budget cycle; reported budget; near-term funding window,next budget period,Q4 2026,No,intelligence
opp_score_7dd815d33642,GB-CHC-229476-WISHDIVIDENDS-ET-FGAE,39.3,Long Range,71,active implementation; future budget cycle; reported budget; 12-month funding window,next budget period,Q2 2027,No,intelligence
opp_score_0b6b9bda2d43,XM-DAC-928-KE-2026-27-01.001.AF01.KEN01,39.3,Long Range,71,active implementation; future budget cycle; reported budget; near-term funding window,next budget period,Q4 2026,No,intelligence
opp_score_9f849b379f0f,XM-DAC-928-RW-2026-27-01.001.AF01.RWA01,39.3,Long Range,71,active implementation; future budget cycle; reported budget; near-term funding window,next budget period,Q4 2026,No,intelligence
opp_score_bfe3bcc461f5,XM-DAC-928-SO-2026-27-07.001.EM01.SOM02,39.3,Long Range,71,active implementation; future budget cycle; reported budget; near-term funding window,next budget period,Q4 2026,No,intelligence
opp_score_60d9231a9965,GB-GOV-10-RIGHT_5_204869,39.2,Long Range,71,active implementation; future budget cycle; reported budget; 12-month funding window,next budget period,Q2 2027,No,intelligence
opp_score_7256dd274fc9,XM-DAC-928-TZ-2026-27-08.001.AF01.TZA01,39.2,Long Range,71,active implementation; future budget cycle; reported budget; near-term funding window,next budget period,Q4 2026,No,intelligence
opp_score_c0833178c366,XM-DAC-928-TZ-2026-27-03.002.AF01.TZA02,39.2,Long Range,71,active implementation; future budget cycle; reported budget; near-term funding window,next budget period,Q4 2026,No,intelligence
opp_score_b3a20fad120a,DAC-1601-INV-078807,39.2,Long Range,71,active implementation; reported budget; near-term funding window; procurement language,next planned disbursement,Q4 2026,Yes,intelligence
opp_score_7da60e2b20c6,XM-DAC-928-RW-2026-27-08.001.AF01.RWA01,39.1,Long Range,71,active implementation; future budget cycle; reported budget; near-term funding window,next budget period,Q4 2026,No,intelligence
opp_score_37c78d0e36f1,XM-DAC-928-ET-2026-27-03.002.AF01.ETH02,39.1,Long Range,71,active implementation; future budget cycle; reported budget; near-term funding window,next budget period,Q4 2026,No,intelligence
opp_score_e7fbe5f358f4,XM-DAC-928-UG-2026-27-08.001.AF01.UGA03,39.1,Long Range,71,active implementation; future budget cycle; reported budget; near-term funding window,next budget period,Q4 2026,No,intelligence
opp_score_d36875e2598b,XM-DAC-928-KE-2026-27-03.001.AF01.KEN03,39.0,Long Range,71,active implementation; future budget cycle; reported budget; near-term funding window,next budget period,Q4 2026,No,intelligence
opp_score_82117838d322,XM-DAC-6-4-013183-01-0,39.0,Long Range,71,active implementation; future budget cycle; reported budget; near-term funding window,next budget period,Q1 2027,No,intelligence
opp_score_fc9252538e1b,GB-GOV-10-RP_06_303168,38.9,Long Range,71,active implementation; future budget cycle; reported budget; 12-month funding window,next budget period,Q2 2027,No,intelligence
opp_score_74f4ed5a7762,XM-DAC-928-RW-2026-27-07.001.AF01.RWA01,38.9,Long Range,71,active implementation; future budget cycle; reported budget; near-term funding window,next budget period,Q4 2026,No,intelligence
opp_score_e25bd86dfa45,XM-DAC-928-ET-2026-27-01.001.AF01.ETH01,38.8,Long Range,71,active implementation; future budget cycle; reported budget; near-term funding window,next budget period,Q4 2026,No,intelligence
opp_score_6fe40193350e,DAC-1601-INV-096675,38.8,Long Range,71,active implementation; future budget cycle; reported budget; near-term funding window,next planned disbursement,Q4 2026,No,intelligence
opp_score_a7aacdf96af4,XM-DAC-928-KE-2026-27-08.001.AF01.KEN04,38.8,Long Range,71,active implementation; future budget cycle; reported budget; near-term funding window,next budget period,Q4 2026,No,intelligence
opp_score_2675f4289ebb,GB-CHC-1065972-DF257,38.7,Long Range,71,active implementation; future budget cycle; reported budget; 12-month funding window,next budget period,Q2 2027,No,intelligence
opp_score_30b7c9e80fc5,US-EIN-13-5660870-DF257,38.7,Long Range,71,active implementation; future budget cycle; reported budget; 12-month funding window,next budget period,Q2 2027,No,intelligence
opp_score_9ca308573de0,XM-DAC-928-RW-2026-27-07.002.AF01.RWA01,38.7,Long Range,71,active implementation; future budget cycle; reported budget; near-term funding window,next budget period,Q4 2026,No,intelligence
opp_score_56f0def56472,XM-DAC-928-SS-2026-27-07.001.AF01.SSD03,38.7,Long Range,71,active implementation; future budget cycle; reported budget; near-term funding window,next budget period,Q4 2026,No,intelligence
opp_score_785aa8fd19a8,XM-DAC-928-SS-2026-27-08.001.AF01.SSD03,38.7,Long Range,71,active implementation; future budget cycle; reported budget; near-term funding window,next budget period,Q4 2026,No,intelligence
opp_score_8f76a31070db,DAC-1601-INV-087492,38.5,Long Range,71,active implementation; reported budget; near-term funding window; procurement language,next planned disbursement,Q4 2026,Yes,intelligence
opp_score_279f77c901c8,XM-DAC-928-UG-2026-27-04.003.AF01.UGA01,38.4,Long Range,71,active implementation; future budget cycle; reported budget; near-term funding window,next budget period,Q4 2026,No,intelligence
opp_score_d4f7a69c7bb9,XM-DAC-928-UG-2026-27-01.001.AF01.UGA01,38.4,Long Range,71,active implementation; future budget cycle; reported budget; near-term funding window,next budget period,Q4 2026,No,intelligence
opp_score_2105cca80d27,XM-DAC-928-KE-2026-27-04.001.AF01.KEN02,38.3,Long Range,71,active implementation; future budget cycle; reported budget; near-term funding window,next budget period,Q4 2026,No,intelligence
opp_score_ad30322bffc2,XM-DAC-928-SS-2026-27-04.001.AF01.SSD02,38.0,Long Range,71,active implementation; future budget cycle; reported budget; near-term funding window,next budget period,Q4 2026,No,intelligence
opp_score_d37bfbf5a421,BE-BCE_KBO-0546740696-PG2017-2021_CD-150,38.0,Long Range,71,active implementation; future budget cycle; reported budget; near-term funding window,next budget period,Q4 2026,No,intelligence
opp_score_0489d6bd2c51,GB-GOV-10-HPSR_Project_2_169017,37.9,Long Range,71,active implementation; future budget cycle; reported budget; 12-month funding window,next budget period,Q2 2027,No,intelligence
opp_score_8e8e1e2db2c1,XM-DAC-928-CD-2026-27-04.001.AF01.COD02,37.9,Long Range,71,active implementation; future budget cycle; reported budget; near-term funding window,next budget period,Q4 2026,No,intelligence
opp_score_bfda7ba567ff,XM-DAC-928-RW-2026-27-07.001.AF01.RWA02,37.9,Long Range,71,active implementation; future budget cycle; reported budget; near-term funding window,next budget period,Q4 2026,No,intelligence
opp_score_c005fda78908,XM-DAC-928-RW-2026-27-04.003.AF01.RWA01,37.4,Long Range,71,active implementation; future budget cycle; reported budget; near-term funding window,next budget period,Q4 2026,No,intelligence
opp_score_7d16971afba3,XM-DAC-928-SO-2026-27-04.003.EM01.SOM01,37.4,Long Range,71,active implementation; future budget cycle; reported budget; near-term funding window,next budget period,Q4 2026,No,intelligence
opp_score_6700f1e8102e,XM-DAC-928-SO-2026-27-04.001.EM01.SOM02,37.4,Long Range,71,active implementation; future budget cycle; reported budget; near-term funding window,next budget period,Q4 2026,No,intelligence
opp_score_511e57c4842d,XM-DAC-928-CD-2026-27-08.001.AF01.COD03,37.1,Long Range,71,active implementation; future budget cycle; reported budget; near-term funding window,next budget period,Q4 2026,No,intelligence
opp_score_d15f81c471df,US-EIN-061660068-STA2510023Invoice2,37.0,Long Range,71,active implementation; future budget cycle; reported budget; near-term funding window,next budget period,Q4 2026,No,intelligence
opp_score_7aaa2c6adb0d,XM-DAC-928-SO-2026-27-08.001.EM01.SOM02,36.9,Long Range,71,active implementation; future budget cycle; reported budget; near-term funding window,next budget period,Q4 2026,No,intelligence
opp_score_ac32802a4950,XM-DAC-928-ET-2026-27-07.001.AF01.ETH03,36.9,Long Range,71,active implementation; future budget cycle; reported budget; near-term funding window,next budget period,Q4 2026,No,intelligence
opp_score_7747dca40ebf,XM-DAC-50-21-Z03-25-01-13300,36.4,Long Range,71,active implementation; future budget cycle; reported budget; near-term funding window,next budget period,Q3 2026,No,intelligence
opp_score_2c4d5f656ac4,XM-DAC-928-RW-2026-27-08.001.AF01.RWA04,36.2,Long Range,71,active implementation; future budget cycle; reported budget; near-term funding window,next budget period,Q4 2026,No,intelligence
opp_score_a3615e45e38d,US-EIN-13-5660870-DF228,36.0,Long Range,53,equipment demand; procurement language,no future dated funding signal,Monitor,Yes,intelligence
opp_score_6e5207a8faae,NL-KVK-27378529-CSS26KE02A,34.8,Long Range,71,active implementation; future budget cycle; reported budget; 12-month funding window,next budget period,Q2 2027,No,intelligence
opp_score_278d74139082,XI-IATI-WBTF-P179698,34.4,Long Range,62,active implementation; future budget cycle; reported budget,next budget period,Q4 2029,No,intelligence
opp_score_3e37113b479b,44000-P172284,34.0,Long Range,62,active implementation; reported budget; near-term funding window,next budget period,Q3 2026,No,intelligence
opp_score_c62489744759,XM-DAC-928-ET-2026-27-03.001.AF01.ETH03,33.6,Long Range,71,active implementation; future budget cycle; reported budget; near-term funding window,next budget period,Q4 2026,No,intelligence
opp_score_104be9433b38,DE-1-202167351,33.3,Long Range,62,active implementation; future budget cycle; reported budget,next budget period,Q4 2029,No,intelligence
opp_score_9e9963de7690,XI-IATI-WBTF-P172284,33.2,Long Range,62,active implementation; future budget cycle; reported budget,next budget period,Q4 2028,No,intelligence
opp_score_3a31a38f1f5b,DAC-1601-INV-043075,32.0,Long Range,62,active implementation; reported budget; near-term funding window,next planned disbursement,Q4 2026,No,intelligence
opp_score_96f60ce04eb2,DAC-1601-INV-046160,32.0,Long Range,62,active implementation; reported budget; near-term funding window,next planned disbursement,Q4 2026,No,intelligence
opp_score_713fc8c0dca7,DAC-1601-INV-071411,32.0,Long Range,62,active implementation; reported budget; near-term funding window,next planned disbursement,Q4 2026,No,intelligence
opp_score_28fd641efda9,FI-3-2014-2014140717,32.0,Long Range,62,active implementation; future budget cycle; reported budget,next budget period,Q4 2099,No,intelligence
opp_score_4963cc1821ec,DAC-1601-INV-044980,31.9,Long Range,62,active implementation; reported budget; near-term funding window,next planned disbursement,Q4 2026,No,intelligence
opp_score_d10b022a6b2e,DAC-1601-INV-045215,31.9,Long Range,62,active implementation; reported budget; near-term funding window,next planned disbursement,Q4 2026,No,intelligence
opp_score_bb7f3878e0c7,41AAA-88209,31.8,Long Range,62,active implementation; future budget cycle; reported budget,next budget period,Q4 2029,No,intelligence
opp_score_fc5f4e47f629,DAC-1601-INV-061342,31.7,Long Range,62,active implementation; reported budget; near-term funding window,next planned disbursement,Q4 2026,No,intelligence
opp_score_60cfd18413c1,DAC-1601-INV-051594,31.6,Long Range,62,active implementation; reported budget; near-term funding window,next planned disbursement,Q4 2026,No,intelligence
opp_score_0a14c6dfed4c,DE-1-201768134,31.5,Long Range,62,active implementation; future budget cycle; reported budget,next budget period,Q4 2028,No,intelligence
opp_score_d8e8e66bf5d2,DAC-1601-INV-080087,31.5,Long Range,62,active implementation; reported budget; near-term funding window,next planned disbursement,Q4 2026,No,intelligence
opp_score_e58a22683644,DAC-1601-INV-096289,31.4,Long Range,62,active implementation; reported budget; near-term funding window,next planned disbursement,Q4 2026,No,intelligence
opp_score_e4bb4c60631d,DAC-1601-INV-045252,31.3,Long Range,62,active implementation; reported budget; near-term funding window,next planned disbursement,Q4 2026,No,intelligence
opp_score_a240645639d4,DAC-1601-INV-074124,31.3,Long Range,62,active implementation; reported budget; near-term funding window,next planned disbursement,Q4 2026,No,intelligence
opp_score_b670cfe7c1ac,DAC-1601-INV-049856,31.1,Long Range,62,active implementation; reported budget; near-term funding window,next planned disbursement,Q4 2026,No,intelligence
opp_score_c30891d77182,DAC-1601-INV-071765,31.0,Long Range,62,active implementation; reported budget; near-term funding window,next planned disbursement,Q4 2026,No,intelligence
opp_score_c445a9c3ea3e,DAC-1601-INV-091138,30.9,Long Range,62,active implementation; reported budget; near-term funding window,next planned disbursement,Q4 2026,No,intelligence
opp_score_e685c7de33a9,DAC-1601-INV-091496,30.9,Long Range,62,active implementation; reported budget; near-term funding window,next planned disbursement,Q4 2026,No,intelligence
opp_score_1ba56ca23a6b,DAC-1601-INV-057929,30.9,Long Range,62,active implementation; reported budget; near-term funding window,next planned disbursement,Q4 2026,No,intelligence
opp_score_e5ab68c26e39,DAC-1601-INV-062349,30.9,Long Range,62,active implementation; reported budget; near-term funding window,next planned disbursement,Q4 2026,No,intelligence
opp_score_8d100ecda990,DAC-1601-INV-077248,30.9,Long Range,62,active implementation; reported budget; near-term funding window,next planned disbursement,Q4 2026,No,intelligence
opp_score_f37a08570865,DAC-1601-INV-096512,30.8,Long Range,62,active implementation; reported budget; near-term funding window,next planned disbursement,Q4 2026,No,intelligence
opp_score_b5ded6b6a796,DAC-1601-INV-086741,30.8,Long Range,62,active implementation; reported budget; near-term funding window,next planned disbursement,Q4 2026,No,intelligence
opp_score_7f53bea43c4b,DAC-1601-INV-059607,30.7,Long Range,62,active implementation; reported budget; near-term funding window,next planned disbursement,Q4 2026,No,intelligence
opp_score_ce747dd8e122,DAC-1601-INV-093599,30.5,Long Range,62,active implementation; reported budget; near-term funding window,next planned disbursement,Q4 2026,No,intelligence
opp_score_32347f89e01f,DAC-1601-INV-089469,30.5,Long Range,62,active implementation; reported budget; near-term funding window,next planned disbursement,Q4 2026,No,intelligence
opp_score_ad6691e4a851,DAC-1601-INV-074202,30.4,Long Range,62,active implementation; reported budget; near-term funding window,next planned disbursement,Q4 2026,No,intelligence
opp_score_5e1dd08dbb41,DAC-1601-INV-092586,30.4,Long Range,62,active implementation; reported budget; near-term funding window,next planned disbursement,Q4 2026,No,intelligence
opp_score_ba382855b9f6,DAC-1601-INV-088234,30.3,Long Range,62,active implementation; reported budget; near-term funding window,next planned disbursement,Q4 2026,No,intelligence
opp_score_68f22c3b9c73,GB-COH-10633588-Ascend,30.2,Long Range,62,active implementation; reported budget; procurement language,no future dated funding signal,Monitor,Yes,intelligence
opp_score_32f858ed78e1,DAC-1601-INV-064273,30.2,Long Range,62,active implementation; reported budget; near-term funding window,next planned disbursement,Q4 2026,No,intelligence
opp_score_749860bf933f,XM-DAC-41114-OUTPUT-01002943,30.2,Long Range,62,active implementation; reported budget; near-term funding window,next budget period,Q4 2026,No,intelligence
opp_score_d3549054bc77,DAC-1601-INV-064271,30.2,Long Range,62,active implementation; reported budget; near-term funding window,next planned disbursement,Q4 2026,No,intelligence
opp_score_682dd2a6975d,DAC-1601-INV-093227,30.2,Long Range,62,active implementation; reported budget; near-term funding window,next planned disbursement,Q4 2026,No,intelligence
opp_score_493bf8dd49a8,DAC-1601-INV-080185,30.0,Long Range,62,active implementation; reported budget; near-term funding window,next planned disbursement,Q4 2026,No,intelligence
opp_score_e00526246446,XI-IATI-EC_INTPA-2024-PC-38325,30.0,Long Range,62,active implementation; near-term funding window; procurement language,next budget period,Q3 2026,Yes,intelligence
opp_score_69094d3ad5de,XI-IATI-EC_INTPA-2024-PC-48882,30.0,Long Range,62,active implementation; near-term funding window; procurement language,next budget period,Q3 2026,Yes,intelligence
opp_score_6b2b91e9eb98,XM-DAC-41122-South Sudan-4040/A0/03/001/009,30.0,Long Range,53,pipeline stage; reported budget,no future dated funding signal,Monitor,No,intelligence
opp_score_fcb09eed7b31,XM-DAC-41122-South Sudan-4040/A0/03/001/005,30.0,Long Range,53,pipeline stage; reported budget,no future dated funding signal,Monitor,No,intelligence
opp_score_c60204f1ca88,DAC-1601-INV-076299,29.8,Long Range,62,active implementation; reported budget; near-term funding window,next planned disbursement,Q4 2026,No,intelligence
opp_score_cc946e2bb8fa,DAC-1601-INV-056287,29.8,Long Range,62,active implementation; reported budget; near-term funding window,next planned disbursement,Q4 2026,No,intelligence
opp_score_e08060a82615,DAC-1601-INV-076418,29.8,Long Range,62,active implementation; reported budget; near-term funding window,next planned disbursement,Q4 2026,No,intelligence
opp_score_e926c0457eca,XM-DAC-41122-Kenya-2400/A0/06/001/006,29.7,Long Range,53,pipeline stage; reported budget,no future dated funding signal,Monitor,No,intelligence
opp_score_d99cd95789bd,DAC-1601-INV-093553,29.6,Long Range,62,active implementation; reported budget; near-term funding window,next planned disbursement,Q4 2026,No,intelligence
opp_score_a949580e8d40,XM-DAC-41122-Ethiopia-1410/A0/07/001/005,29.6,Long Range,53,pipeline stage; reported budget,no future dated funding signal,Monitor,No,intelligence
opp_score_aec2753bc994,XI-GRID-grid.7836.a-NIHR158451,29.4,Long Range,53,pipeline stage; reported budget,active implementation period,Active through Q4 2027,No,intelligence
opp_score_3f2daaa92fdf,XM-DAC-41122-Ethiopia-1410/A0/07/002/006,29.3,Long Range,53,pipeline stage; reported budget,no future dated funding signal,Monitor,No,intelligence
opp_score_a861bdda589c,NL-KVK-32037590-DFSS120507-15,29.1,Long Range,62,active implementation; reported budget; procurement language,no future dated funding signal,Monitor,Yes,intelligence
opp_score_728dd15a4360,DAC-1601-INV-096673,29.0,Long Range,62,active implementation; reported budget; near-term funding window,next planned disbursement,Q4 2026,No,intelligence
opp_score_103007998c4f,DAC-1601-INV-096676,29.0,Long Range,62,active implementation; reported budget; near-term funding window,next planned disbursement,Q4 2026,No,intelligence
opp_score_2e5cd5374340,XM-DAC-41122-Ethiopia-1410/A0/06/002/005,29.0,Long Range,53,pipeline stage; reported budget,no future dated funding signal,Monitor,No,intelligence
opp_score_2224deb5935a,XM-DAC-41122-Ethiopia-1410/A0/06/001/005,29.0,Long Range,53,pipeline stage; reported budget,no future dated funding signal,Monitor,No,intelligence
opp_score_0b57bcb6b8ca,XM-DAC-41122-Somalia-3920/A0/06/001/050,29.0,Long Range,53,pipeline stage; reported budget,no future dated funding signal,Monitor,No,intelligence
opp_score_baad3e415252,XM-DAC-41122-Somalia-3920/A0/06/101/013,28.6,Long Range,53,pipeline stage; reported budget,no future dated funding signal,Monitor,No,intelligence
opp_score_190f391b2670,XM-DAC-41122-South Sudan-4040/A0/02/001/003,28.6,Long Range,53,pipeline stage; reported budget,no future dated funding signal,Monitor,No,intelligence
opp_score_cd58ca1c43c4,XM-DAC-41122-Rwanda-3750/A0/05/002/004,28.6,Long Range,53,pipeline stage; reported budget,no future dated funding signal,Monitor,No,intelligence
opp_score_8fc01efc0489,XM-DAC-41122-Somalia-3920/A0/06/001/051,28.6,Long Range,53,pipeline stage; reported budget,no future dated funding signal,Monitor,No,intelligence
opp_score_22cddd49f55e,XM-DAC-41122-Ethiopia-1410/A0/05/308/006,28.6,Long Range,53,pipeline stage; reported budget,no future dated funding signal,Monitor,No,intelligence
opp_score_aa6b5ff8f8ef,XM-DAC-41122-Democratic Republic of Congo-0990/A0/05/303/080,28.5,Long Range,53,pipeline stage; reported budget,no future dated funding signal,Monitor,No,intelligence
opp_score_dec4a53d1c0d,XM-DAC-41122-Rwanda-3750/A0/05/100/007,28.5,Long Range,53,pipeline stage; reported budget,no future dated funding signal,Monitor,No,intelligence
opp_score_3113e6709d36,XM-DAC-41122-South Sudan-4040/A0/02/002/005,28.5,Long Range,53,pipeline stage; reported budget,no future dated funding signal,Monitor,No,intelligence
opp_score_712b76f5784e,XM-DAC-41122-Rwanda-3750/A0/05/002/002,28.4,Long Range,53,pipeline stage; reported budget,no future dated funding signal,Monitor,No,intelligence
opp_score_10f02f7c1e37,XM-DAC-41122-South Sudan-4040/A0/03/001/011,28.4,Long Range,53,pipeline stage; reported budget,no future dated funding signal,Monitor,No,intelligence
opp_score_48e98cd0700f,XM-DAC-41122-Ethiopia-1410/A0/07/002/005,28.3,Long Range,53,pipeline stage; reported budget,no future dated funding signal,Monitor,No,intelligence
opp_score_e51e3c149a29,XM-DAC-41122-Somalia-3920/A0/06/001/010,28.2,Long Range,53,pipeline stage; reported budget,no future dated funding signal,Monitor,No,intelligence
opp_score_ff0057e0ab94,XM-DAC-41122-South Sudan-4040/A0/03/001/006,28.1,Long Range,53,pipeline stage; reported budget,no future dated funding signal,Monitor,No,intelligence
opp_score_7e26003df4b7,XM-DAC-41122-Ethiopia-1410/A0/05/101/002,28.0,Long Range,53,pipeline stage; reported budget,no future dated funding signal,Monitor,No,intelligence
opp_score_1fca3f589d45,KR-GOV-021-20ED00045,28.0,Long Range,53,pipeline stage; near-term funding window,next planned disbursement,Q4 2026,No,intelligence
opp_score_dee9dfaef5c4,XM-DAC-301-2-109866-001,27.9,Long Range,62,active implementation; reported budget; 12-month funding window,next budget period,Q1 2027,No,intelligence
opp_score_a412b4b0dbbf,XM-DAC-41122-Ethiopia-1410/A0/06/001/006,27.9,Long Range,53,pipeline stage; reported budget,no future dated funding signal,Monitor,No,intelligence
opp_score_a0eb1a935adb,XM-DAC-301-2-109812-002,27.8,Long Range,62,active implementation; reported budget; 12-month funding window,next budget period,Q1 2027,No,intelligence
opp_score_b1b71b446f05,XM-DAC-41122-South Sudan-4040/A0/02/001/005,27.8,Long Range,53,pipeline stage; reported budget,no future dated funding signal,Monitor,No,intelligence
opp_score_77b034b61bc6,XM-DAC-41122-Ethiopia-1410/A0/07/001/004,27.8,Long Range,53,pipeline stage; reported budget,no future dated funding signal,Monitor,No,intelligence
opp_score_bcd8e931d57c,XM-DAC-41122-South Sudan-4040/A0/02/002/003,27.7,Long Range,53,pipeline stage; reported budget,no future dated funding signal,Monitor,No,intelligence
opp_score_20e05a48bbb6,XM-DAC-41122-Rwanda-3750/A0/05/100/005,27.7,Long Range,53,pipeline stage; reported budget,no future dated funding signal,Monitor,No,intelligence
opp_score_bfd349e3c8ca,XM-DAC-41122-Rwanda-3750/A0/05/003/004,27.6,Long Range,53,pipeline stage; reported budget,no future dated funding signal,Monitor,No,intelligence
opp_score_548a9eae9da6,XM-DAC-41122-Rwanda-3750/A0/05/002/001,27.6,Long Range,53,pipeline stage; reported budget,no future dated funding signal,Monitor,No,intelligence
opp_score_223a14e51280,XM-DAC-41122-United Rep. of Tanzania-4550/A0/04/101/003,27.6,Long Range,53,pipeline stage; reported budget,no future dated funding signal,Monitor,No,intelligence
opp_score_407e0246e9ee,GB-CHC-222655-GB-CHC-222655-NIHR204854,27.6,Long Range,53,pipeline stage; reported budget,active implementation period,Active through Q4 2026,No,intelligence
opp_score_e2a6eb1d046a,XM-DAC-41122-Ethiopia-1410/A0/06/002/006,27.4,Long Range,53,pipeline stage; reported budget,no future dated funding signal,Monitor,No,intelligence
opp_score_999ddeff29f9,GB-GOV-1-300708-115,27.3,Long Range,62,active implementation; reported budget; procurement language,no future dated funding signal,Monitor,Yes,intelligence
opp_score_307b66ec765d,XM-DAC-41122-Somalia-3920/A0/06/020/003,27.0,Long Range,53,pipeline stage; reported budget,no future dated funding signal,Monitor,No,intelligence
opp_score_a9e257494be6,GB-GOV-1-300857-102,26.9,Long Range,62,active implementation; reported budget; procurement language,no future dated funding signal,Monitor,Yes,intelligence
opp_score_d6f30fc0cdbb,XM-DAC-41122-Rwanda-3750/A0/05/100/001,26.9,Long Range,53,pipeline stage; reported budget,no future dated funding signal,Monitor,No,intelligence
opp_score_4903c7d0d3d9,KE-KRA-P051097200R-845,26.7,Long Range,53,pipeline stage; reported budget,no future dated funding signal,Monitor,No,intelligence
opp_score_0979f724ed96,GB-EDU-133903-107093EH,26.4,Long Range,62,active implementation; reported budget; procurement language,active implementation period,Active through Q3 2028,Yes,intelligence
opp_score_d4bbbde3f3f0,XM-DAC-41122-Democratic Republic of Congo-0990/A0/05/301/098,26.4,Long Range,53,pipeline stage; reported budget,no future dated funding signal,Monitor,No,intelligence
opp_score_2b2ac0030136,XM-DAC-41122-Somalia-3920/A0/06/800/002,26.1,Long Range,53,pipeline stage; reported budget,no future dated funding signal,Monitor,No,intelligence
opp_score_3803b4c4ed8d,XM-DAC-41122-Democratic Republic of Congo-0990/A0/05/307/036,25.8,Long Range,53,pipeline stage; reported budget,no future dated funding signal,Monitor,No,intelligence
opp_score_0a7c0c4c8e7f,US-EIN-46-3668128-OG013-2,25.6,Long Range,53,pipeline stage; reported budget,no future dated funding signal,Monitor,No,intelligence
opp_score_a50f0891d69c,XM-DAC-41122-Somalia-3920/A0/06/005/011,25.5,Long Range,53,pipeline stage; reported budget,no future dated funding signal,Monitor,No,intelligence
opp_score_6e9b345ba873,XM-DAC-41122-Somalia-3920/A0/06/001/011,25.2,Long Range,53,pipeline stage; reported budget,no future dated funding signal,Monitor,No,intelligence
opp_score_028e36eb8706,XM-DAC-41122-Democratic Republic of Congo-0990/A0/06/001/009,24.6,Long Range,53,pipeline stage; reported budget,no future dated funding signal,Monitor,No,intelligence
opp_score_d89a8404118c,XM-DAC-701-8-202108799,24.0,Long Range,53,active implementation; reported budget,active implementation period,Active through Q3 2027,No,intelligence
opp_score_5ed5ac4e2e65,XM-DAC-701-8-202108429,24.0,Long Range,53,active implementation; reported budget,active implementation period,Active through Q3 2027,No,intelligence
opp_score_010abd54c64a,XM-DAC-701-8-202108298,24.0,Long Range,53,active implementation; reported budget,active implementation period,Active through Q2 2031,No,intelligence
opp_score_c029be4eb96b,GB-CHC-229476-WISH2ACTION,24.0,Long Range,53,active implementation; reported budget,no future dated funding signal,Monitor,No,intelligence
opp_score_7594691fbb4d,FR-3-CRW1064,23.7,Long Range,53,active implementation; reported budget,no future dated funding signal,Monitor,No,intelligence
opp_score_9c504a16df4f,FR-3-CRW106401,23.7,Long Range,53,active implementation; reported budget,no future dated funding signal,Monitor,No,intelligence
opp_score_1c1efb74f6a4,NO-BRC-971277882-ETH-18/0003,23.5,Long Range,53,active implementation; reported budget,no future dated funding signal,Monitor,No,intelligence
opp_score_ec989262c3f7,DK-CVR-63407216-20800759,23.4,Long Range,53,active implementation; reported budget,active implementation period,Active through Q4 2026,No,intelligence
opp_score_5f71a6414599,DK-CVR-63407216-20800758,23.4,Long Range,53,active implementation; reported budget,active implementation period,Active through Q4 2026,No,intelligence
opp_score_d39f08bc796f,XM-DAC-41122-Somalia-3920/A0/06/800/019,23.4,Long Range,53,pipeline stage; reported budget,no future dated funding signal,Monitor,No,intelligence
opp_score_e2615d65377b,DK-CVR-63407216-20800760,23.2,Long Range,53,active implementation; reported budget,active implementation period,Active through Q4 2026,No,intelligence
opp_score_5fb04eaa2334,NL-KVK-27378529-25116,23.1,Long Range,53,active implementation; reported budget,no future dated funding signal,Monitor,No,intelligence
opp_score_94bc7deaf7e9,DK-CVR-63407216-20800757,23.1,Long Range,53,active implementation; reported budget,active implementation period,Active through Q4 2026,No,intelligence
opp_score_af9516bc77bd,GB-COH-03122495-GB-1-A3728,23.0,Long Range,53,active implementation; reported budget,active implementation period,Active through Q4 2026,No,intelligence
opp_score_3b3f5997d0bc,US-EIN-13-5660870-DF208,22.8,Long Range,53,active implementation; reported budget,no future dated funding signal,Monitor,No,intelligence
opp_score_88a91171c7a7,GB-COH-FC012665-TA-SAPHE-Sustaining and Accelerating Primary Health in Ethiopia,22.7,Long Range,53,active implementation; reported budget,no future dated funding signal,Monitor,No,intelligence
opp_score_0faf7a5af209,NL-KVK-34234456-XM-DAC-7-PPR-4000001129,22.5,Long Range,53,active implementation; reported budget,active implementation period,Active through Q2 2027,No,intelligence
opp_score_1df1df9aa34d,NL-KVK-34234456-XM-DAC-7-PPR-4000001129-2026,22.5,Long Range,53,active implementation; reported budget,active implementation period,Active through Q2 2027,No,intelligence
opp_score_6d5e7d89a471,GB-COH-RC000297-SPARK-NIHR200842,22.5,Long Range,53,active implementation; reported budget,no future dated funding signal,Monitor,No,intelligence
opp_score_9c2f9319c964,CA-3-D001627001,22.4,Long Range,53,active implementation; reported budget,no future dated funding signal,Monitor,No,intelligence
opp_score_10228e52a65f,XM-DAC-41114-OUTPUT-00100456,22.3,Long Range,53,active implementation; reported budget,no future dated funding signal,Monitor,No,intelligence
opp_score_d4216128ef96,BE-BCE_KBO-0418766123-PROG2017-2021_SO10,22.3,Long Range,53,active implementation; reported budget,no future dated funding signal,Monitor,No,intelligence
opp_score_e1739afe75ee,NO-BRC-971277882-QZA-19/0256-119,22.3,Long Range,53,active implementation; reported budget,no future dated funding signal,Monitor,No,intelligence
opp_score_14f73b15ec04,NL-KVK-27378529-26067_2,22.3,Long Range,53,active implementation; reported budget,no future dated funding signal,Monitor,No,intelligence
opp_score_f83451d6782d,NO-BRC-971277882-QZA-23/0002-118,22.2,Long Range,53,active implementation; reported budget,active implementation period,Active through Q4 2027,No,intelligence
opp_score_5083b018401b,GB-EDU-133903-NIHR200125-SHARP,22.2,Long Range,53,active implementation; reported budget,no future dated funding signal,Monitor,No,intelligence
opp_score_ccd220e65477,GB-COH-GB-COH-RC000655-ECLIPSE_180244,22.2,Long Range,53,active implementation; reported budget,no future dated funding signal,Monitor,No,intelligence
opp_score_fab87d1f9f78,FI-3-2017-2017170068,22.0,Long Range,53,active implementation; reported budget,no future dated funding signal,Monitor,No,intelligence
opp_score_967d387c333b,FI-3-2015-2014140717,22.0,Long Range,53,active implementation; reported budget,no future dated funding signal,Monitor,No,intelligence
opp_score_591b8579fb83,XI-IATI-EC_INTPA-2024-PC-36260,22.0,Long Range,53,active implementation; near-term funding window,next budget period,Q3 2026,No,intelligence
opp_score_cb2e9490eb71,KR-GOV-110-1352000_2023_012,22.0,Long Range,53,active implementation; near-term funding window,next planned disbursement,Q4 2026,No,intelligence
opp_score_6a9a99cf2a88,XM-DAC-928-SS-2026-27-07.001.AF01.SSD02,22.0,Long Range,53,active implementation; near-term funding window,next budget period,Q4 2026,No,intelligence
opp_score_73d4fab0aa96,XI-IATI-EC_INTPA-2024-PC-36157,22.0,Long Range,53,active implementation; near-term funding window,next budget period,Q3 2026,No,intelligence
opp_score_05c844d259d1,XI-IATI-EC_INTPA-2024-PC-36778,22.0,Long Range,53,active implementation; near-term funding window,next budget period,Q3 2026,No,intelligence
opp_score_2519081b7027,ET-CSA-1233-4000000122,21.9,Long Range,53,active implementation; reported budget,no future dated funding signal,Monitor,No,intelligence
opp_score_bcb3e5ca8973,XM-DAC-5-7-6617503,21.9,Long Range,53,active implementation; reported budget,no future dated funding signal,Monitor,No,intelligence
opp_score_3c160df2652a,US-EIN-27-1414646-DFIDAAT2,21.9,Long Range,53,active implementation; reported budget,no future dated funding signal,Monitor,No,intelligence
opp_score_cf71ad5bb6b9,GB-EDU-133903-NIHR134531-VAnguard,21.9,Long Range,53,active implementation; reported budget,no future dated funding signal,Monitor,No,intelligence
opp_score_1b594731e77c,FI-3-2016-2014140717,21.8,Long Range,53,active implementation; reported budget,no future dated funding signal,Monitor,No,intelligence
opp_score_0b532fc76ad6,GB-EDU-133903-100686EC,21.8,Long Range,53,active implementation; reported budget,no future dated funding signal,Monitor,No,intelligence
opp_score_3fb9e6925519,GB-EDU-133903-NIHR133333,21.8,Long Range,53,active implementation; reported budget,no future dated funding signal,Monitor,No,intelligence
opp_score_890bacffec0f,XI-IATI-WBTF-P176956,21.7,Long Range,53,active implementation; reported budget,no future dated funding signal,Monitor,No,intelligence
opp_score_fe6058da8aa6,FI-3-2019-2017170068,21.6,Long Range,53,active implementation; reported budget,no future dated funding signal,Monitor,No,intelligence
opp_score_a4374a3437ca,NL-KVK-41215393-SS4018,21.6,Long Range,53,active implementation; reported budget,no future dated funding signal,Monitor,No,intelligence
opp_score_f8424fcb94a9,XI-GRID-grid.11194.3c-RLP,21.6,Long Range,53,active implementation; reported budget,no future dated funding signal,Monitor,No,intelligence
opp_score_3ee7ff3ddca4,GB-CHC-1113101-AG,21.6,Long Range,53,active implementation; reported budget,no future dated funding signal,Monitor,No,intelligence
opp_score_687598230018,FI-3-2018-2018185002,21.5,Long Range,53,active implementation; reported budget,no future dated funding signal,Monitor,No,intelligence
opp_score_25645666d318,US-EIN-13-5660870-DF183,21.5,Long Range,53,active implementation; reported budget,no future dated funding signal,Monitor,No,intelligence
opp_score_1a81b17dfa33,41AAA-23945-002,21.4,Long Range,53,active implementation; reported budget,no future dated funding signal,Monitor,No,intelligence
opp_score_011f014fd921,US-EIN-13-5660870-DF200,21.4,Long Range,53,active implementation; reported budget,no future dated funding signal,Monitor,No,intelligence
opp_score_06c67913db32,NO-BRC-971277882-FK-101032,21.3,Long Range,53,active implementation; reported budget,active implementation period,Active through Q4 2029,No,intelligence
opp_score_8dc5c61f46a3,US-EIN-061660068-UCB2220021Invoice21,21.3,Long Range,53,active implementation; reported budget,no future dated funding signal,Monitor,No,intelligence
opp_score_f2276d4f9456,US-EIN-061660068-UCB2220021Invoice20,21.3,Long Range,53,active implementation; reported budget,no future dated funding signal,Monitor,No,intelligence
opp_score_5b5106e14056,BE-BCE_KBO-0415627875-PROG2017-2021_CD_OS3_1701C5_S,21.3,Long Range,53,active implementation; reported budget,no future dated funding signal,Monitor,No,intelligence
opp_score_11d2f292fb31,US-EIN-27-1414646-MCKISHF1,21.3,Long Range,53,active implementation; reported budget,no future dated funding signal,Monitor,No,intelligence
opp_score_bad40cc213a7,US-EIN-061660068-UCB2220021Invoice12,21.2,Long Range,53,active implementation; reported budget,no future dated funding signal,Monitor,No,intelligence
opp_score_d43f5f2e044c,US-EIN-061660068-UCB2220021Invoice15,21.2,Long Range,53,active implementation; reported budget,no future dated funding signal,Monitor,No,intelligence
opp_score_75c30b4cdc20,US-EIN-061660068-UCB2220021Invoice14,21.2,Long Range,53,active implementation; reported budget,no future dated funding signal,Monitor,No,intelligence
opp_score_8939283b1adc,US-EIN-061660068-UCB2220021Invoice13,21.2,Long Range,53,active implementation; reported budget,no future dated funding signal,Monitor,No,intelligence
opp_score_170a09b5fef1,FI-3-2020-2017170068,21.2,Long Range,53,active implementation; reported budget,no future dated funding signal,Monitor,No,intelligence
opp_score_31f8a4eb1382,GB-1-204420-401,21.2,Long Range,53,active implementation; reported budget,no future dated funding signal,Monitor,No,intelligence
opp_score_f56b536ed47f,GB-CHC-1058162-205210-245,21.1,Long Range,53,active implementation; reported budget,no future dated funding signal,Monitor,No,intelligence
opp_score_04d38259d131,FI-3-2024-2024240127,21.1,Long Range,53,active implementation; reported budget,no future dated funding signal,Monitor,No,intelligence
opp_score_e44612351e87,NL-KVK-41211943-SS035BZ,21.0,Long Range,53,active implementation; reported budget,no future dated funding signal,Monitor,No,intelligence
opp_score_c7400ec1d4a7,GB-GOV-1-300708-159,21.0,Long Range,53,active implementation; reported budget,no future dated funding signal,Monitor,No,intelligence
opp_score_30f30e3dadcd,GB-CHC-313757-PSI002,21.0,Long Range,53,active implementation; reported budget,no future dated funding signal,Monitor,No,intelligence
opp_score_c70348d7435f,US-EIN-061660068-VOT2110001Invoice3forDeliverable3,20.9,Long Range,53,active implementation; reported budget,no future dated funding signal,Monitor,No,intelligence
opp_score_7bc3aef0685e,DE-1-202275923,20.9,Long Range,53,active implementation; reported budget,active implementation period,Active through Q3 2026,No,intelligence
opp_score_840dceafc119,BE-BCE_KBO-0432235661-PROG2017-2021_OUTCOME_RDC_OS4,20.9,Long Range,53,active implementation; reported budget,no future dated funding signal,Monitor,No,intelligence
opp_score_15eec85213f3,GB-CHC-326568-4588090,20.9,Long Range,53,active implementation; reported budget,no future dated funding signal,Monitor,No,intelligence
opp_score_4bebf1c6145e,US-EIN-27-1414646-UKGAMRIF1,20.9,Long Range,53,active implementation; reported budget,no future dated funding signal,Monitor,No,intelligence
opp_score_88e547d203eb,NL-KVK-27108436-A-06138-04:UG,20.7,Long Range,53,active implementation; reported budget,no future dated funding signal,Monitor,No,intelligence
opp_score_89c58e4d839d,GB-CHC-326568-4577019,20.7,Long Range,53,active implementation; reported budget,no future dated funding signal,Monitor,No,intelligence
opp_score_935e505a8b17,GB-CHC-1065972-DF213,20.7,Long Range,53,active implementation; reported budget,no future dated funding signal,Monitor,No,intelligence
opp_score_503aa2eac39a,US-EIN-13-5660870-DF213,20.7,Long Range,53,active implementation; reported budget,no future dated funding signal,Monitor,No,intelligence
opp_score_9a01c4d1b350,GB-CHC-207544-24035,20.7,Long Range,53,active implementation; reported budget,active implementation period,Active through Q4 2026,No,intelligence
opp_score_f6bb3d85a8c1,GB-CHC-326568-4613772,20.7,Long Range,53,active implementation; reported budget,no future dated funding signal,Monitor,No,intelligence
opp_score_9eced89c1843,US-EIN-061660068-GB221000218InvoiceforFinalNigeriafieldendlinereportrawcleaneddata,20.6,Long Range,53,active implementation; reported budget,no future dated funding signal,Monitor,No,intelligence
opp_score_1176ac2a150f,US-EIN-061660068-GB2210002Invoice5,20.6,Long Range,53,active implementation; reported budget,no future dated funding signal,Monitor,No,intelligence
opp_score_5e299d22ce43,NL-KVK-41215393-UG4027,20.5,Long Range,53,active implementation; reported budget,no future dated funding signal,Monitor,No,intelligence
opp_score_58265fc02fd5,DE-1-202233088,20.5,Long Range,53,active implementation; reported budget,active implementation period,Active through Q4 2026,No,intelligence
opp_score_c342fd442b12,FI-3-2013-2011110017,20.4,Long Range,53,active implementation; reported budget,no future dated funding signal,Monitor,No,intelligence
opp_score_4ca7d9b2376d,US-EIN-13-5660870-DF199,20.4,Long Range,53,active implementation; reported budget,no future dated funding signal,Monitor,No,intelligence
opp_score_f1c206920116,GB-CHC-326568-4553556,20.4,Long Range,53,active implementation; reported budget,no future dated funding signal,Monitor,No,intelligence
opp_score_251f40fba33c,GB-CHC-1024903-GB-CHC-1024903,20.4,Long Range,53,active implementation; reported budget,no future dated funding signal,Monitor,No,intelligence
opp_score_bf3c0a8ab163,FI-3-2023-2023230705,20.3,Long Range,53,active implementation; reported budget,no future dated funding signal,Monitor,No,intelligence
opp_score_d197dcba49f9,GB-CHC-326568-4558619,20.3,Long Range,53,active implementation; reported budget,no future dated funding signal,Monitor,No,intelligence
opp_score_f16c1e6d5d91,GB-CHC-1140123-GPAF,20.3,Long Range,53,active implementation; reported budget,no future dated funding signal,Monitor,No,intelligence
opp_score_bae3b0311457,GB-CHC-326568-4925679,20.2,Long Range,53,active implementation; reported budget,no future dated funding signal,Monitor,No,intelligence
opp_score_8c613a547d94,GB-GOV-1-300708-121,20.2,Long Range,53,active implementation; reported budget,no future dated funding signal,Monitor,No,intelligence
opp_score_48cc77ab2cb7,GB-GOV-1-301474-422,20.1,Long Range,53,active implementation; reported budget,no future dated funding signal,Monitor,No,intelligence
opp_score_93235cf5c05d,GB-CHC-261488-KEP23GK,20.1,Long Range,53,active implementation; reported budget,no future dated funding signal,Monitor,No,intelligence
opp_score_5ca8e1c6267c,US-EIN-061660068-NYU2410011Invoice3,20.0,Long Range,53,active implementation; reported budget,no future dated funding signal,Monitor,No,intelligence
opp_score_d46c0dbc1ee8,US-EIN-061660068-NYU2410011Invoice4,20.0,Long Range,53,active implementation; reported budget,no future dated funding signal,Monitor,No,intelligence
opp_score_88ef062b1884,US-EIN-061660068-UCB2320024Invoice6costReimbursableResubmitted,20.0,Long Range,53,active implementation; reported budget,no future dated funding signal,Monitor,No,intelligence
opp_score_31e4e17150a8,US-EIN-061660068-UCB2320024Invoice7,20.0,Long Range,53,active implementation; reported budget,no future dated funding signal,Monitor,No,intelligence
opp_score_da96bed6cfa2,US-EIN-061660068-UCB2320024Invoice2Costreimbursable,20.0,Long Range,53,active implementation; reported budget,no future dated funding signal,Monitor,No,intelligence
opp_score_f8e14606af38,US-EIN-061660068-UCB2320024Invoice3Costreimbursable,20.0,Long Range,53,active implementation; reported budget,no future dated funding signal,Monitor,No,intelligence
opp_score_09db22d96eae,US-EIN-061660068-UCB2320024Invoice8CostReimbursable,20.0,Long Range,53,active implementation; reported budget,no future dated funding signal,Monitor,No,intelligence
opp_score_50e79ba6e535,US-EIN-061660068-UCB2320024Invoice10Costreimbursable,20.0,Long Range,53,active implementation; reported budget,no future dated funding signal,Monitor,No,intelligence
opp_score_ece6fd9feb32,US-EIN-061660068-UCB2320024Invoice5CostReimbursable,20.0,Long Range,53,active implementation; reported budget,no future dated funding signal,Monitor,No,intelligence
opp_score_9c7175482bdb,US-EIN-061660068-UCB2320024Invoice4CostReimbursable,20.0,Long Range,53,active implementation; reported budget,no future dated funding signal,Monitor,No,intelligence
opp_score_9abace9e664a,XM-DAC-69-2-2013000089,20.0,Long Range,53,active implementation; procurement language,no future dated funding signal,Monitor,Yes,intelligence
opp_score_07c6cce42860,XM-DAC-69-2-2014000291,20.0,Long Range,53,active implementation; procurement language,no future dated funding signal,Monitor,Yes,intelligence
opp_score_25571af356d5,FI-3-2023-2023230851,20.0,Long Range,53,active implementation; procurement language,no future dated funding signal,Monitor,Yes,intelligence
opp_score_f6d29995634c,GB-UKPRN-10007774-GB-GOV-10-GHRG_4_155559,20.0,Long Range,53,active implementation; procurement language,active implementation period,Active through Q3 2028,Yes,intelligence
opp_score_cd65fed86f8c,BE-BCE_KBO-0264814354-UGA22009,20.0,Long Range,53,active implementation; procurement language,active implementation period,Active through Q2 2028,Yes,intelligence
opp_score_371bb236a4c8,GB-GOV-1-400844,20.0,Long Range,53,active implementation; procurement language,active implementation period,Active through Q1 2027,Yes,intelligence
opp_score_95b9de1b3cc0,KE-RCO-155081-DigitalFinancialInnovationPlatform,19.9,Long Range,53,active implementation; reported budget,no future dated funding signal,Monitor,No,intelligence
opp_score_0128ef6c8eba,GB-CHC-326568-4925677,19.9,Long Range,53,active implementation; reported budget,no future dated funding signal,Monitor,No,intelligence
opp_score_b2f50cbb410f,FI-3-2018-2018180156,19.8,Long Range,53,active implementation; reported budget,no future dated funding signal,Monitor,No,intelligence
opp_score_02d51d6cb40a,BE-BCE_KBO-0546740696-PG2017-2021_CD-116,19.8,Long Range,53,active implementation; reported budget,active implementation period,Active through Q3 2027,No,intelligence
opp_score_35edf2163f9e,GB-CHC-222655-PO5247ReBUILD,19.8,Long Range,53,active implementation; reported budget,no future dated funding signal,Monitor,No,intelligence
opp_score_aabc64d498bb,GB-CHC-1113101-AGL09,19.8,Long Range,53,active implementation; reported budget,no future dated funding signal,Monitor,No,intelligence
opp_score_820ffcf970c5,GB-CHC-1113101-AGL01,19.8,Long Range,53,active implementation; reported budget,no future dated funding signal,Monitor,No,intelligence
opp_score_0e388fa2ec3c,KE-KRA-P051097200R-993,19.7,Long Range,53,active implementation; reported budget,no future dated funding signal,Monitor,No,intelligence
opp_score_cb391089c5aa,US-EIN-061660068-UCLA2220013Invoice6,19.7,Long Range,53,active implementation; reported budget,no future dated funding signal,Monitor,No,intelligence
opp_score_2da67717ec31,US-EIN-061660068-UCLA2220013Invoice5,19.7,Long Range,53,active implementation; reported budget,no future dated funding signal,Monitor,No,intelligence
opp_score_ca6ec73ad273,US-EIN-061660068-UCLA2220013Invoice9revised,19.7,Long Range,53,active implementation; reported budget,no future dated funding signal,Monitor,No,intelligence
opp_score_41aaef27aaea,US-EIN-061660068-UCLA2220013Invoice8,19.7,Long Range,53,active implementation; reported budget,no future dated funding signal,Monitor,No,intelligence
opp_score_1ba32ddbbe60,US-EIN-061660068-UCLA2220013Invoice7,19.7,Long Range,53,active implementation; reported budget,no future dated funding signal,Monitor,No,intelligence
opp_score_a92e4e32ddda,GB-CHC-1113101-AGL14,19.7,Long Range,53,active implementation; reported budget,no future dated funding signal,Monitor,No,intelligence
opp_score_70adf63db947,GB-CHC-261488-ETP23WF,19.7,Long Range,53,active implementation; reported budget,no future dated funding signal,Monitor,No,intelligence
opp_score_39246f5b76ec,FI-3-2023-2023230712,19.6,Long Range,53,active implementation; reported budget,no future dated funding signal,Monitor,No,intelligence
opp_score_5d94afea8ba7,BE-BCE_KBO-0546740696-PG2017-2021_CD-143,19.6,Long Range,53,active implementation; reported budget,active implementation period,Active through Q3 2027,No,intelligence
opp_score_c52c2ea78038,BE-BCE_KBO-0546740696-PG2017-2021_CD-105,19.5,Long Range,53,active implementation; reported budget,active implementation period,Active through Q3 2027,No,intelligence
opp_score_a091db7126f0,FI-3-2016-2011110058,19.5,Long Range,53,active implementation; reported budget,no future dated funding signal,Monitor,No,intelligence
opp_score_77850b1ab1c2,FI-3-2020-2019000060,19.5,Long Range,53,active implementation; reported budget,no future dated funding signal,Monitor,No,intelligence
opp_score_55613ff9ff3f,FI-3-2021-2019000060,19.5,Long Range,53,active implementation; reported budget,no future dated funding signal,Monitor,No,intelligence
opp_score_f6bee0a434a1,FI-3-2017-2011110058,19.4,Long Range,53,active implementation; reported budget,no future dated funding signal,Monitor,No,intelligence
opp_score_c907a6fbfa60,IT-CF-80017510225-001,19.4,Long Range,53,active implementation; reported budget,no future dated funding signal,Monitor,No,intelligence
opp_score_718bf6df268b,FI-3-2023-2023230719,19.4,Long Range,53,active implementation; reported budget,no future dated funding signal,Monitor,No,intelligence
opp_score_9ba326474220,FI-3-2024-2024240640,19.3,Long Range,53,active implementation; reported budget,no future dated funding signal,Monitor,No,intelligence
opp_score_728393d3c00b,GB-CHC-1065705-SX8C-F3UP-FE,19.3,Long Range,53,active implementation; reported budget,no future dated funding signal,Monitor,No,intelligence
opp_score_33d5f085765a,FI-3-2024-2024240535,19.2,Long Range,53,active implementation; reported budget,no future dated funding signal,Monitor,No,intelligence
opp_score_1f4c7dc5cff5,GB-CHC-1113101-AGS33,19.2,Long Range,53,active implementation; reported budget,no future dated funding signal,Monitor,No,intelligence
opp_score_ef7bc2d50cbb,FI-3-2017-2017170544,19.1,Long Range,53,active implementation; reported budget,no future dated funding signal,Monitor,No,intelligence
opp_score_8cc87de98b46,FI-3-2019-2019190087,19.1,Long Range,53,active implementation; reported budget,no future dated funding signal,Monitor,No,intelligence
opp_score_890ef565be81,GB-CHC-285776-DRC804,19.1,Long Range,53,active implementation; reported budget,active implementation period,Active through Q3 2026,No,intelligence
opp_score_e60a0b632ace,GB-CHC-285776-DRC815,19.1,Long Range,53,active implementation; reported budget,active implementation period,Active through Q4 2026,No,intelligence
opp_score_9291e28093d5,FI-3-2021-2021001877,18.9,Long Range,53,active implementation; reported budget,no future dated funding signal,Monitor,No,intelligence
opp_score_1b80bbca1de0,FI-3-2012-2011110058,18.9,Long Range,53,active implementation; reported budget,no future dated funding signal,Monitor,No,intelligence
opp_score_15dcd8b0e558,FI-3-2012-2009091222,18.9,Long Range,53,active implementation; reported budget,no future dated funding signal,Monitor,No,intelligence
opp_score_11fb014843fd,GB-GOV-1-300708-158,18.9,Long Range,53,active implementation; reported budget,no future dated funding signal,Monitor,No,intelligence
opp_score_d6fed6be3f2a,FI-3-2018-2011110058,18.8,Long Range,53,active implementation; reported budget,no future dated funding signal,Monitor,No,intelligence
opp_score_c8be08368403,US-EIN-061660068-NYU2410010MonthlyInvoice,18.7,Long Range,53,active implementation; reported budget,no future dated funding signal,Monitor,No,intelligence
opp_score_549480608803,FI-3-2017-2017170017,18.7,Long Range,53,active implementation; reported budget,no future dated funding signal,Monitor,No,intelligence
opp_score_05ed92520f50,NL-KVK-27108436-A-06138-05:UG,18.6,Long Range,53,active implementation; reported budget,active implementation period,Active through Q2 2028,No,intelligence
opp_score_1b56ad26bfca,FI-3-2021-2019000214,18.5,Long Range,53,active implementation; reported budget,no future dated funding signal,Monitor,No,intelligence
opp_score_5592a9c974af,BE-BCE_KBO-0546740696-prg2022-6-ECM-53,18.5,Long Range,53,active implementation; reported budget,active implementation period,Active through Q3 2027,No,intelligence
opp_score_821787871241,BE-BCE_KBO-0546740696-prg2022-6-ECM-59,18.5,Long Range,53,active implementation; reported budget,active implementation period,Active through Q3 2027,No,intelligence
opp_score_ca240f6134a1,FI-3-2013-2011110058,18.2,Long Range,53,active implementation; reported budget,no future dated funding signal,Monitor,No,intelligence
opp_score_ff3284a7bd09,NL-KVK-27108436-A-07054-05:SO,18.0,Long Range,53,active implementation; reported budget,no future dated funding signal,Monitor,No,intelligence
opp_score_5cd8b3ae0dd4,FI-3-2019-2011110058,17.9,Long Range,53,active implementation; reported budget,no future dated funding signal,Monitor,No,intelligence
opp_score_953a0ff66e77,US-EIN-061660068-UNCCH2410003Invoice2,17.8,Long Range,53,active implementation; reported budget,no future dated funding signal,Monitor,No,intelligence
opp_score_c1f9b3db816a,US-EIN-061660068-UNCCH2410003Invoice1,17.8,Long Range,53,active implementation; reported budget,no future dated funding signal,Monitor,No,intelligence
opp_score_75e1a31e413d,US-EIN-061660068-UNCCH2410003Invoice3,17.8,Long Range,53,active implementation; reported budget,no future dated funding signal,Monitor,No,intelligence
opp_score_f26e08de877f,US-EIN-061660068-UNCCH2410003Invoice4,17.8,Long Range,53,active implementation; reported budget,no future dated funding signal,Monitor,No,intelligence
opp_score_5e57f66b1df0,TZ-TRA-132-359-466-001,17.6,Long Range,53,active implementation; reported budget,no future dated funding signal,Monitor,No,intelligence
opp_score_cdbe761ca263,GB-CHC-261488-KEA34WF,17.4,Long Range,53,active implementation; reported budget,no future dated funding signal,Monitor,No,intelligence
opp_score_d5a193f16cbf,CH-4-2025-2025000399,12.0,Long Range,44,active implementation,active implementation period,Active through Q4 2028,No,intelligence
opp_score_e036c76bc44f,CH-4-2021-2021001998,12.0,Long Range,44,active implementation,no future dated funding signal,Monitor,No,intelligence
opp_score_f1e7ae0be9ed,BE-BCE_KBO-0264814354-RWA21001,12.0,Long Range,44,active implementation,active implementation period,Active through Q2 2027,No,intelligence
opp_score_99aafdedf01a,GB-GOV-21-HS1-004,12.0,Long Range,44,active implementation,no future dated funding signal,Monitor,No,intelligence
opp_score_2de78ef44027,CH-4-2025-2025000400,12.0,Long Range,44,active implementation,active implementation period,Active through Q4 2028,No,intelligence
opp_score_a4fe22503324,BE-BCE_KBO-0418766123-prg2022-235-UG2024TEA573A101,12.0,Long Range,44,active implementation,active implementation period,Active through Q3 2027,No,intelligence
opp_score_4f181012a0dd,BE-BCE_KBO-0418766123-prg2022-194-RW2022TEA524B141,12.0,Long Range,44,active implementation,active implementation period,Active through Q3 2027,No,intelligence
opp_score_7ff760ebf5a3,BE-BCE_KBO-0418766123-prg2022-255-KE2024TEA556A104,12.0,Long Range,44,active implementation,active implementation period,Active through Q3 2027,No,intelligence
opp_score_42c758b6ab39,CH-4-2023-2010006091,12.0,Long Range,44,active implementation,no future dated funding signal,Monitor,No,intelligence
opp_score_f1d5508e7637,CH-4-2023-2010006092,12.0,Long Range,44,active implementation,no future dated funding signal,Monitor,No,intelligence
opp_score_e2c062ff67d7,CH-4-2021-2010006027,12.0,Long Range,44,active implementation,no future dated funding signal,Monitor,No,intelligence
opp_score_985e7bcc1d71,CH-4-2024-2010006092,12.0,Long Range,44,active implementation,no future dated funding signal,Monitor,No,intelligence
opp_score_18c254ecc4ea,CH-4-2022-2010006081,12.0,Long Range,44,active implementation,no future dated funding signal,Monitor,No,intelligence
opp_score_5e33df4bbe9f,CH-4-2022-2010006082,12.0,Long Range,44,active implementation,no future dated funding signal,Monitor,No,intelligence
opp_score_bb099b813cf0,CH-4-2022-2010006091,12.0,Long Range,44,active implementation,no future dated funding signal,Monitor,No,intelligence
opp_score_79b31588866d,CH-4-2022-2010006092,12.0,Long Range,44,active implementation,no future dated funding signal,Monitor,No,intelligence
opp_score_fc233f656c77,FI-3-2013-2008080053,12.0,Long Range,44,active implementation,no future dated funding signal,Monitor,No,intelligence
opp_score_67f5bb282621,CH-4-2023-2010006093,12.0,Long Range,44,active implementation,no future dated funding signal,Monitor,No,intelligence
opp_score_1569ce4cd628,CH-4-2023-2010006094,12.0,Long Range,44,active implementation,no future dated funding signal,Monitor,No,intelligence
opp_score_9ffa3d206a3c,CH-4-2023-2010006095,12.0,Long Range,44,active implementation,no future dated funding signal,Monitor,No,intelligence
opp_score_ed986eea731a,CH-4-2021-2010006028,12.0,Long Range,44,active implementation,no future dated funding signal,Monitor,No,intelligence
opp_score_a484f26ec657,CH-4-2021-2010006029,12.0,Long Range,44,active implementation,no future dated funding signal,Monitor,No,intelligence
opp_score_86557072a2f6,CH-4-2021-2010006030,12.0,Long Range,44,active implementation,no future dated funding signal,Monitor,No,intelligence
opp_score_fcebc14f697c,CH-4-2024-2010006093,12.0,Long Range,44,active implementation,no future dated funding signal,Monitor,No,intelligence
opp_score_9475f989541e,CH-4-2024-2010006094,12.0,Long Range,44,active implementation,no future dated funding signal,Monitor,No,intelligence
opp_score_c92cfc2ee363,CH-4-2024-2010006095,12.0,Long Range,44,active implementation,no future dated funding signal,Monitor,No,intelligence
opp_score_6c750637ad74,CH-4-2024-2010006096,12.0,Long Range,44,active implementation,no future dated funding signal,Monitor,No,intelligence
opp_score_6cb98a8d72ab,CH-4-2022-2010006028,12.0,Long Range,44,active implementation,no future dated funding signal,Monitor,No,intelligence
opp_score_e1ee208b1c46,CH-4-2022-2010006029,12.0,Long Range,44,active implementation,no future dated funding signal,Monitor,No,intelligence
opp_score_29b6693fa957,CH-4-2022-2010006030,12.0,Long Range,44,active implementation,no future dated funding signal,Monitor,No,intelligence
opp_score_3cedc2bff717,CH-4-2022-2010006084,12.0,Long Range,44,active implementation,no future dated funding signal,Monitor,No,intelligence
opp_score_eb156a7fad18,CH-4-2022-2010006093,12.0,Long Range,44,active implementation,no future dated funding signal,Monitor,No,intelligence
opp_score_fa2709f609a0,CH-4-2022-2010006094,12.0,Long Range,44,active implementation,no future dated funding signal,Monitor,No,intelligence
opp_score_5fa4b9c1ce96,CH-4-2022-2010006095,12.0,Long Range,44,active implementation,no future dated funding signal,Monitor,No,intelligence
opp_score_0d1d92289f0d,CH-4-2022-2010006096,12.0,Long Range,44,active implementation,no future dated funding signal,Monitor,No,intelligence
opp_score_565ea4b6f63f,FI-3-2024-2024240302,12.0,Long Range,44,active implementation,no future dated funding signal,Monitor,No,intelligence
opp_score_d86f525fc838,XM-DAC-69-2-2016000007,12.0,Long Range,44,active implementation,no future dated funding signal,Monitor,No,intelligence
opp_score_dd8aad304b22,XM-DAC-69-2-2012000090,12.0,Long Range,44,active implementation,no future dated funding signal,Monitor,No,intelligence
opp_score_1dd9c9da1523,BE-BCE_KBO-0418766123-prg2022-52-GO2024ITP261B122,12.0,Long Range,44,active implementation,active implementation period,Active through Q3 2027,No,intelligence
opp_score_2e4ffce555de,GB-CHC-802353-NAPAN,12.0,Long Range,44,active implementation,no future dated funding signal,Monitor,No,intelligence
opp_score_065b8b99bb94,BE-BCE_KBO-0418766123-prg2022-36-BE2022ITP244A102,12.0,Long Range,44,active implementation,active implementation period,Active through Q3 2027,No,intelligence
opp_score_87e3024c7e30,XI-IATI-UNPF-00124994,12.0,Long Range,44,active implementation,active implementation period,Active through Q4 2030,No,intelligence
opp_score_4d945c058037,SE-0-SE-6-17379,12.0,Long Range,44,active implementation,active implementation period,Active through Q2 2029,No,intelligence
opp_score_93ac1796af4d,XI-IATI-UNPF-130571,12.0,Long Range,44,active implementation,active implementation period,Active through Q4 2030,No,intelligence
opp_score_9949e06d2dfc,XM-DAC-6-4-012316-01-0,12.0,Long Range,44,active implementation,no future dated funding signal,Monitor,No,intelligence
opp_score_aea00b9ab797,XM-DAC-69-18-2014000185,12.0,Long Range,44,active implementation,no future dated funding signal,Monitor,No,intelligence
opp_score_db4dee53905b,BE-BCE_KBO-0418766123-prg2022-182-CD2022TEA505A101,12.0,Long Range,44,active implementation,active implementation period,Active through Q3 2027,No,intelligence
opp_score_2f82af8d6eac,GB-CHC-1171353-GB-CHC-1171353-T-1001477121,12.0,Long Range,44,active implementation,no future dated funding signal,Monitor,No,intelligence
opp_score_df883b7986f5,CH-4-2019002116,12.0,Long Range,44,active implementation,no future dated funding signal,Monitor,No,intelligence
opp_score_f78b0a2756c1,CH-4-2020002108,12.0,Long Range,44,active implementation,no future dated funding signal,Monitor,No,intelligence
opp_score_6b3690d26d37,BE-BCE_KBO-0264814354-COD22024,12.0,Long Range,44,active implementation,active implementation period,Active through Q1 2028,No,intelligence
opp_score_dc783fac41f2,BE-BCE_KBO-0264814354-COD22003,12.0,Long Range,44,active implementation,active implementation period,Active through Q1 2028,No,intelligence
opp_score_06f200367649,BE-BCE_KBO-0264814354-COD22009,12.0,Long Range,44,active implementation,active implementation period,Active through Q1 2028,No,intelligence
opp_score_24b3499133ea,US-EIN-13-5660870-ES103,12.0,Long Range,44,active implementation,no future dated funding signal,Monitor,No,intelligence
opp_score_41deb7030ac1,SE-0-SE-6-17816,12.0,Long Range,44,active implementation,active implementation period,Active through Q4 2029,No,intelligence
opp_score_a3452718413e,BE-BCE_KBO-0418766123-prg2022-130-CD2023SIN372A101,12.0,Long Range,44,active implementation,active implementation period,Active through Q3 2027,No,intelligence
opp_score_cdd60fe7b6f0,FI-3-2024-2024240149,12.0,Long Range,44,active implementation,no future dated funding signal,Monitor,No,intelligence
opp_score_ad4e367d66ae,FI-3-2022-2022220072,12.0,Long Range,44,active implementation,no future dated funding signal,Monitor,No,intelligence
opp_score_de01dbbc48d4,CH-4-2014005512,12.0,Long Range,44,active implementation,no future dated funding signal,Monitor,No,intelligence
opp_score_1d95c1195163,CH-4-2019002115,12.0,Long Range,44,active implementation,no future dated funding signal,Monitor,No,intelligence
opp_score_1df69b4d5057,FR-6-ET-1625,12.0,Long Range,44,active implementation,no future dated funding signal,Monitor,No,intelligence
opp_score_5dd6bb8bb949,FI-3-2025-2025250294,12.0,Long Range,44,active implementation,no future dated funding signal,Monitor,No,intelligence
opp_score_3a8aeb2aebbf,CH-4-2020002106,12.0,Long Range,44,active implementation,no future dated funding signal,Monitor,No,intelligence
opp_score_daf121a9e9ea,GB-CHC-802353-GB-CHC-802353-HOL,12.0,Long Range,44,active implementation,no future dated funding signal,Monitor,No,intelligence
opp_score_9c2e6d64e767,GB-CHC-802353-HospiceEthiopia,12.0,Long Range,44,active implementation,no future dated funding signal,Monitor,No,intelligence
opp_score_c06b67f0b75f,GB-CHC-802353-GB-CHC-802353-WOH,12.0,Long Range,44,active implementation,no future dated funding signal,Monitor,No,intelligence
opp_score_00f45d8831d4,XM-DAC-69-2-2016000040,12.0,Long Range,44,active implementation,no future dated funding signal,Monitor,No,intelligence
opp_score_72cfe18fde5d,FI-3-2025-2025250316,12.0,Long Range,44,active implementation,no future dated funding signal,Monitor,No,intelligence
opp_score_a6ca07ca490d,FI-3-2021-2019190087,12.0,Long Range,44,active implementation,no future dated funding signal,Monitor,No,intelligence
opp_score_7d6a4c233719,GB-CHC-802353-APIDO,12.0,Long Range,44,active implementation,no future dated funding signal,Monitor,No,intelligence
opp_score_0eda2ad42dc3,CH-4-2016003296,12.0,Long Range,44,active implementation,no future dated funding signal,Monitor,No,intelligence
opp_score_6da338582628,SE-0-SE-29-2022-04799_1,12.0,Long Range,44,active implementation,no future dated funding signal,Monitor,No,intelligence
opp_score_8890771399fc,XM-DAC-41114-PROJECT-00096524,12.0,Long Range,44,active implementation,no future dated funding signal,Monitor,No,intelligence
opp_score_3a45f87378c9,XM-DAC-41114-PROJECT-01002943,12.0,Long Range,44,active implementation,active implementation period,Active through Q4 2026,No,intelligence
opp_score_b1e40c952511,SE-0-SE-29-2020-04716,12.0,Long Range,44,active implementation,no future dated funding signal,Monitor,No,intelligence
opp_score_1ac50b5dabdb,GB-GOV-1-301476,12.0,Long Range,44,active implementation,active implementation period,Active through Q2 2034,No,intelligence
opp_score_c1447080b9e9,FI-3-2022-2022220515,12.0,Long Range,44,active implementation,no future dated funding signal,Monitor,No,intelligence
opp_score_d9c47de9926c,FI-3-2022-2022220514,12.0,Long Range,44,active implementation,no future dated funding signal,Monitor,No,intelligence
opp_score_9dea35e984ef,FI-3-2022-2022220516,12.0,Long Range,44,active implementation,no future dated funding signal,Monitor,No,intelligence
opp_score_eb35c6d8874b,XI-IATI-EC_INTPA-2022-PCC-434161,12.0,Long Range,44,active implementation,no future dated funding signal,Monitor,No,intelligence
opp_score_74b5a5c6a33b,CH-4-2022-2020001207,12.0,Long Range,44,active implementation,no future dated funding signal,Monitor,No,intelligence
opp_score_c393ac028787,CH-4-2021-2020001207,12.0,Long Range,44,active implementation,no future dated funding signal,Monitor,No,intelligence
opp_score_e315cad1a55d,CH-4-2020001207,12.0,Long Range,44,active implementation,no future dated funding signal,Monitor,No,intelligence
opp_score_254a7c44057e,GB-UKPRN-10007790-ACORDS,12.0,Long Range,44,active implementation,active implementation period,Active through Q2 2028,No,intelligence
opp_score_6787caf127ed,XI-IATI-UNPF-00082489,12.0,Long Range,44,active implementation,active implementation period,Active through Q4 2030,No,intelligence
opp_score_2e38c2f2f954,GB-GOV-1-301213,12.0,Long Range,44,active implementation,active implementation period,Active through Q1 2029,No,intelligence
opp_score_45d4b0972164,CH-4-2019002120,12.0,Long Range,44,active implementation,no future dated funding signal,Monitor,No,intelligence
opp_score_7da36fdb3611,CH-4-2018001607,12.0,Long Range,44,active implementation,no future dated funding signal,Monitor,No,intelligence
opp_score_f83dd9ef7e31,CH-4-2019002112,12.0,Long Range,44,active implementation,no future dated funding signal,Monitor,No,intelligence
opp_score_7d295026253f,CH-4-2017006738,12.0,Long Range,44,active implementation,no future dated funding signal,Monitor,No,intelligence
opp_score_d6df9a10ddf3,CH-4-2024-2024000368,12.0,Long Range,44,active implementation,no future dated funding signal,Monitor,No,intelligence
opp_score_d29c1dce6f99,CH-4-2023-1997001366,12.0,Long Range,44,active implementation,no future dated funding signal,Monitor,No,intelligence
opp_score_de73dbe7c2c6,CH-4-2022-1997001363,12.0,Long Range,44,active implementation,no future dated funding signal,Monitor,No,intelligence
opp_score_e6df20f14889,CH-4-2022-1997001366,12.0,Long Range,44,active implementation,no future dated funding signal,Monitor,No,intelligence
opp_score_59101efb4cba,CH-4-2023-2023001741,12.0,Long Range,44,active implementation,no future dated funding signal,Monitor,No,intelligence
opp_score_a1192393c554,CH-4-2021-1997001359,12.0,Long Range,44,active implementation,no future dated funding signal,Monitor,No,intelligence
opp_score_4bcc76407950,CH-4-2021-2010005994,12.0,Long Range,44,active implementation,no future dated funding signal,Monitor,No,intelligence
opp_score_38152196e89b,CH-4-2021-2010005995,12.0,Long Range,44,active implementation,no future dated funding signal,Monitor,No,intelligence
opp_score_2dcaa95af620,CH-4-1997001337,12.0,Long Range,44,active implementation,no future dated funding signal,Monitor,No,intelligence
opp_score_50625c25489d,CH-4-1997001338,12.0,Long Range,44,active implementation,no future dated funding signal,Monitor,No,intelligence
opp_score_c90fcc1f398b,CH-4-2024-1997001366,12.0,Long Range,44,active implementation,no future dated funding signal,Monitor,No,intelligence
opp_score_91758ba7861d,CH-4-1997001355,12.0,Long Range,44,active implementation,no future dated funding signal,Monitor,No,intelligence
opp_score_7183aa7d0be3,FI-3-2012-2007070350,12.0,Long Range,44,active implementation,no future dated funding signal,Monitor,No,intelligence
opp_score_77ecd35e115b,DE-1-202476307,12.0,Long Range,44,active implementation,active implementation period,Active through Q4 2027,No,intelligence
opp_score_152b13e4144c,CH-4-2024-2024000122,12.0,Long Range,44,active implementation,no future dated funding signal,Monitor,No,intelligence
opp_score_f10bbef6112b,CH-4-2024-2024000123,12.0,Long Range,44,active implementation,no future dated funding signal,Monitor,No,intelligence
opp_score_baea09f6a7fe,CH-4-2024-2024000924,12.0,Long Range,44,active implementation,no future dated funding signal,Monitor,No,intelligence
opp_score_a957d3e2e77e,CH-4-2024-2024000925,12.0,Long Range,44,active implementation,no future dated funding signal,Monitor,No,intelligence
opp_score_85d7aa2237d8,CH-4-2023-2008004992,12.0,Long Range,44,active implementation,no future dated funding signal,Monitor,No,intelligence
opp_score_168b1485e3e9,CH-4-2022-2022002040,12.0,Long Range,44,active implementation,no future dated funding signal,Monitor,No,intelligence
opp_score_9f812b6ad403,CH-4-2022-2022002049,12.0,Long Range,44,active implementation,no future dated funding signal,Monitor,No,intelligence
opp_score_c98e610e783a,CH-4-2023-2023001528,12.0,Long Range,44,active implementation,no future dated funding signal,Monitor,No,intelligence
opp_score_02d90a276b77,CH-4-2018001474,12.0,Long Range,44,active implementation,no future dated funding signal,Monitor,No,intelligence
opp_score_5fe5e63c81c5,CH-4-2018001475,12.0,Long Range,44,active implementation,no future dated funding signal,Monitor,No,intelligence
opp_score_3250108780d7,CH-4-2019001998,12.0,Long Range,44,active implementation,no future dated funding signal,Monitor,No,intelligence
opp_score_2ebdb6ab8139,CH-4-2019001999,12.0,Long Range,44,active implementation,no future dated funding signal,Monitor,No,intelligence
opp_score_c2c227dc87c8,CH-4-2021-2021001847,12.0,Long Range,44,active implementation,no future dated funding signal,Monitor,No,intelligence
opp_score_1a97ea37c1b4,CH-4-2021-2021001850,12.0,Long Range,44,active implementation,no future dated funding signal,Monitor,No,intelligence
opp_score_fcf2955337d5,CH-4-2021-2008004913,12.0,Long Range,44,active implementation,no future dated funding signal,Monitor,No,intelligence
opp_score_ac457d83332c,CH-4-2021-2021001844,12.0,Long Range,44,active implementation,no future dated funding signal,Monitor,No,intelligence
opp_score_1276e33bbb18,CH-4-2021-2021001845,12.0,Long Range,44,active implementation,no future dated funding signal,Monitor,No,intelligence
opp_score_c19410e9e6b9,CH-4-2021-2021001846,12.0,Long Range,44,active implementation,no future dated funding signal,Monitor,No,intelligence
opp_score_084632626a4f,CH-4-2021-2021001848,12.0,Long Range,44,active implementation,no future dated funding signal,Monitor,No,intelligence
opp_score_42575bccacb0,CH-4-2021-2021001849,12.0,Long Range,44,active implementation,no future dated funding signal,Monitor,No,intelligence
opp_score_d3048147c01a,CH-4-2021-2021001865,12.0,Long Range,44,active implementation,no future dated funding signal,Monitor,No,intelligence
opp_score_0b8ccf9b2aca,CH-4-2017006317,12.0,Long Range,44,active implementation,no future dated funding signal,Monitor,No,intelligence
opp_score_ec3b8d67963f,CH-4-2024-2008004992,12.0,Long Range,44,active implementation,no future dated funding signal,Monitor,No,intelligence
opp_score_09961e72285e,CH-4-2020001980,12.0,Long Range,44,active implementation,no future dated funding signal,Monitor,No,intelligence
opp_score_dcb50cefafb1,CH-4-2020001979,12.0,Long Range,44,active implementation,no future dated funding signal,Monitor,No,intelligence
opp_score_4011ee0472c4,CH-4-2020001981,12.0,Long Range,44,active implementation,no future dated funding signal,Monitor,No,intelligence
opp_score_1d2885c96c4b,CH-4-2022-2022002059,12.0,Long Range,44,active implementation,no future dated funding signal,Monitor,No,intelligence
opp_score_aad9c327424d,CH-4-2022-2022002060,12.0,Long Range,44,active implementation,no future dated funding signal,Monitor,No,intelligence
opp_score_5ca7dcc69213,CH-4-2022-2008004913,12.0,Long Range,44,active implementation,no future dated funding signal,Monitor,No,intelligence
opp_score_6040dd930951,CH-4-2022-2022002052,12.0,Long Range,44,active implementation,no future dated funding signal,Monitor,No,intelligence
opp_score_4b5b2822c76e,CH-4-2022-2022002053,12.0,Long Range,44,active implementation,no future dated funding signal,Monitor,No,intelligence
opp_score_9a9a01744d8c,CH-4-2022-2022002054,12.0,Long Range,44,active implementation,no future dated funding signal,Monitor,No,intelligence
opp_score_6e6027a4fcee,CH-4-2022-2022002055,12.0,Long Range,44,active implementation,no future dated funding signal,Monitor,No,intelligence
opp_score_1406ab3a6de0,CH-4-2022-2022002056,12.0,Long Range,44,active implementation,no future dated funding signal,Monitor,No,intelligence
opp_score_26d01d196026,GB-UKPRN-10007790-EQUIRESP,12.0,Long Range,44,active implementation,active implementation period,Active through Q3 2028,No,intelligence
opp_score_6cb09d322aca,XI-IATI-UNPF-00126757,12.0,Long Range,44,active implementation,no future dated funding signal,Monitor,No,intelligence
opp_score_a754db5a6e5a,XI-IATI-UNPF-00126963,12.0,Long Range,44,active implementation,no future dated funding signal,Monitor,No,intelligence
opp_score_c9229a009e36,XI-IATI-UNPF-00127279,12.0,Long Range,44,active implementation,no future dated funding signal,Monitor,No,intelligence
opp_score_3470d7ddb392,061660068-VOT2110001Invoice6forDeliverable6,12.0,Long Range,44,active implementation,no future dated funding signal,Monitor,No,intelligence
opp_score_509beb8454e4,061660068-VOT2110001Invoice5forDeliverable5,12.0,Long Range,44,active implementation,no future dated funding signal,Monitor,No,intelligence
opp_score_b61bbe63a65d,US-EIN-061660068-VOT2110001Invoice4forDeliverable4,12.0,Long Range,44,active implementation,no future dated funding signal,Monitor,No,intelligence
opp_score_493b8a1f176a,DE-1-202574457,12.0,Long Range,44,active implementation,active implementation period,Active through Q2 2028,No,intelligence
opp_score_d5c4732bd8f4,DE-1-202506004-8301,12.0,Long Range,44,active implementation,active implementation period,Active through Q1 2029,No,intelligence
opp_score_f6dd88dd5b86,CH-4-2018001619,12.0,Long Range,44,active implementation,no future dated funding signal,Monitor,No,intelligence
opp_score_9769ce0ec9bc,XI-IATI-UNPF-00127140,12.0,Long Range,44,active implementation,active implementation period,Active through Q4 2030,No,intelligence
opp_score_d634253d59cb,XI-IATI-UNPF-127140,12.0,Long Range,44,active implementation,active implementation period,Active through Q4 2030,No,intelligence
opp_score_8a4806d00b80,CH-4-2020002105,12.0,Long Range,44,active implementation,no future dated funding signal,Monitor,No,intelligence
opp_score_0f6a1d95c48d,XI-IATI-EC_INTPA-2019-PCC-413782,12.0,Long Range,44,active implementation,active implementation period,Active through Q4 2027,No,intelligence
opp_score_00ba8db852d6,XI-IATI-EC_INTPA-2018-PCC-397670,12.0,Long Range,44,active implementation,no future dated funding signal,Monitor,No,intelligence
opp_score_aab39a84a5b3,XI-IATI-EC_INTPA-2016-ACT-D-38386-00,12.0,Long Range,44,active implementation,active implementation period,Active through Q4 2029,No,intelligence
opp_score_d8650a0a252d,SE-0-SE-6-61050700,12.0,Long Range,44,active implementation,active implementation period,Active through Q4 2027,No,intelligence
opp_score_bf580ea476c0,NL-KVK-41150085-OKP-ICP-104408,12.0,Long Range,44,active implementation,no future dated funding signal,Monitor,No,intelligence
opp_score_53004b00f9a6,XM-DAC-701-2-2020003063,12.0,Long Range,44,active implementation,no future dated funding signal,Monitor,No,intelligence
opp_score_e4b227315cda,XI-IATI-UNPF-124994,12.0,Long Range,44,active implementation,active implementation period,Active through Q4 2030,No,intelligence
opp_score_2b7d613ca6f1,XI-IATI-UNPF-00108117,12.0,Long Range,44,active implementation,active implementation period,Active through Q4 2030,No,intelligence
opp_score_7d4f3aa86dba,XI-IATI-UNPF-00115127,12.0,Long Range,44,active implementation,active implementation period,Active through Q4 2030,No,intelligence
opp_score_edeca5f9615e,XI-IATI-UNPF-108117,12.0,Long Range,44,active implementation,active implementation period,Active through Q4 2030,No,intelligence
opp_score_142d0a470bf7,XI-IATI-UNPF-115127,12.0,Long Range,44,active implementation,active implementation period,Active through Q4 2030,No,intelligence
opp_score_f769446023e1,061660068-NYU2410011Invoice7,12.0,Long Range,44,active implementation,no future dated funding signal,Monitor,No,intelligence
opp_score_4209127edbfd,061660068-UCB2320026Invoice11,12.0,Long Range,44,active implementation,no future dated funding signal,Monitor,No,intelligence
opp_score_819816744698,061660068-NYU2410011Invoice5,12.0,Long Range,44,active implementation,no future dated funding signal,Monitor,No,intelligence
opp_score_7f7817b0e7a0,061660068-GB2210002InvoiceCompletionoffollowupsurveypreparation,12.0,Long Range,44,active implementation,no future dated funding signal,Monitor,No,intelligence
opp_score_aecabcf566e5,061660068-UCB2220021Invoice29,12.0,Long Range,44,active implementation,no future dated funding signal,Monitor,No,intelligence
opp_score_3dfa055938f6,061660068-UCB2220021Invoice30,12.0,Long Range,44,active implementation,no future dated funding signal,Monitor,No,intelligence
opp_score_1173722f99e4,061660068-UCB2320026Invoice12,12.0,Long Range,44,active implementation,no future dated funding signal,Monitor,No,intelligence
opp_score_a6caad23df94,US-EIN-061660068-UCB2220021Invoice23,12.0,Long Range,44,active implementation,no future dated funding signal,Monitor,No,intelligence
opp_score_09e5fd6449e7,US-EIN-061660068-UCB2220021Invoice22,12.0,Long Range,44,active implementation,no future dated funding signal,Monitor,No,intelligence
opp_score_382733329651,US-EIN-061660068-UCB2320026Invoice4,12.0,Long Range,44,active implementation,no future dated funding signal,Monitor,No,intelligence
opp_score_68ec47158c34,US-EIN-061660068-UCB2320026Invoice5,12.0,Long Range,44,active implementation,no future dated funding signal,Monitor,No,intelligence
opp_score_ddb6b2770548,US-EIN-061660068-UCB2320026Invoice6,12.0,Long Range,44,active implementation,no future dated funding signal,Monitor,No,intelligence
opp_score_a85135118f14,US-EIN-061660068-UCB2220021Invoice24,12.0,Long Range,44,active implementation,no future dated funding signal,Monitor,No,intelligence
opp_score_4ff90fb8d63b,061660068-UCB2220021Invoice25,12.0,Long Range,44,active implementation,no future dated funding signal,Monitor,No,intelligence
opp_score_cd12487cb1d4,061660068-UCB2320026Invoice7,12.0,Long Range,44,active implementation,no future dated funding signal,Monitor,No,intelligence
opp_score_7a85bf1b52e8,061660068-UCB2320026Invoice9,12.0,Long Range,44,active implementation,no future dated funding signal,Monitor,No,intelligence
opp_score_e237612b45d0,061660068-UCB2220021Invoice27,12.0,Long Range,44,active implementation,no future dated funding signal,Monitor,No,intelligence
opp_score_ed90a31996a4,061660068-UCB2320026Invoice8,12.0,Long Range,44,active implementation,no future dated funding signal,Monitor,No,intelligence
opp_score_14d7bf7b063d,061660068-GB2210002IPABudgetpluscontractsigning,12.0,Long Range,44,active implementation,no future dated funding signal,Monitor,No,intelligence
opp_score_cb68629730f3,XI-IATI-EC_INTPA-2023-ACT-62269,12.0,Long Range,44,active implementation,active implementation period,Active through Q4 2030,No,intelligence
opp_score_7d6ec88804c2,GB-1-204420,12.0,Long Range,44,active implementation,active implementation period,Active through Q1 2027,No,intelligence
opp_score_cf9410f88746,CH-4-2024-2018011528,12.0,Long Range,44,active implementation,no future dated funding signal,Monitor,No,intelligence
opp_score_ba40f5fd9e77,CH-4-2024-2018011529,12.0,Long Range,44,active implementation,no future dated funding signal,Monitor,No,intelligence
opp_score_e5c645b7595a,CH-4-2022-2018010939,12.0,Long Range,44,active implementation,no future dated funding signal,Monitor,No,intelligence
opp_score_792a0adf2de2,CH-4-2022-2018010940,12.0,Long Range,44,active implementation,no future dated funding signal,Monitor,No,intelligence
opp_score_8531f5791397,CH-4-2023-2018011528,12.0,Long Range,44,active implementation,no future dated funding signal,Monitor,No,intelligence
opp_score_a3c78838b2d1,CH-4-2023-2018011529,12.0,Long Range,44,active implementation,no future dated funding signal,Monitor,No,intelligence
opp_score_a0ee29f98fae,CH-4-2023-2018011530,12.0,Long Range,44,active implementation,no future dated funding signal,Monitor,No,intelligence
opp_score_416413d8dc86,CH-4-2018000924,12.0,Long Range,44,active implementation,no future dated funding signal,Monitor,No,intelligence
opp_score_2be6d9707597,CH-4-2019000524,12.0,Long Range,44,active implementation,no future dated funding signal,Monitor,No,intelligence
opp_score_333350089eaf,CH-4-2019000525,12.0,Long Range,44,active implementation,no future dated funding signal,Monitor,No,intelligence
opp_score_1affcf53f4ae,CH-4-2019000526,12.0,Long Range,44,active implementation,no future dated funding signal,Monitor,No,intelligence
opp_score_a3c4af2bbdba,CH-4-2025-2018011529,12.0,Long Range,44,active implementation,no future dated funding signal,Monitor,No,intelligence
opp_score_8fb7d82872ff,CH-4-2025-2018011765,12.0,Long Range,44,active implementation,no future dated funding signal,Monitor,No,intelligence
opp_score_d5385ed93e9b,CH-4-2025-2018011779,12.0,Long Range,44,active implementation,active implementation period,Active through Q4 2026,No,intelligence
opp_score_9b3e3c24a519,CH-4-2025-2018011780,12.0,Long Range,44,active implementation,active implementation period,Active through Q3 2029,No,intelligence
opp_score_60ecb5587513,CH-4-2021-2018009220,12.0,Long Range,44,active implementation,no future dated funding signal,Monitor,No,intelligence
opp_score_c15e0a1157af,CH-4-2021-2018010630,12.0,Long Range,44,active implementation,no future dated funding signal,Monitor,No,intelligence
opp_score_e0ff7d7f8939,CH-4-2021-2018010938,12.0,Long Range,44,active implementation,no future dated funding signal,Monitor,No,intelligence
opp_score_41e627af163f,CH-4-2021-2018010939,12.0,Long Range,44,active implementation,no future dated funding signal,Monitor,No,intelligence
opp_score_9e9997593c74,CH-4-2021-2018010940,12.0,Long Range,44,active implementation,no future dated funding signal,Monitor,No,intelligence
opp_score_6d7cd7002709,CH-4-2021-2019008142,12.0,Long Range,44,active implementation,no future dated funding signal,Monitor,No,intelligence
opp_score_b80eb5b1768f,CH-4-2021-2019008143,12.0,Long Range,44,active implementation,no future dated funding signal,Monitor,No,intelligence
opp_score_d2f305cdd966,CH-4-2018009220,12.0,Long Range,44,active implementation,no future dated funding signal,Monitor,No,intelligence
opp_score_23f33de5dd67,CH-4-2018010630,12.0,Long Range,44,active implementation,no future dated funding signal,Monitor,No,intelligence
opp_score_790893e2f66f,CH-4-2019007791,12.0,Long Range,44,active implementation,no future dated funding signal,Monitor,No,intelligence
opp_score_810263c577c7,CH-4-2019007792,12.0,Long Range,44,active implementation,no future dated funding signal,Monitor,No,intelligence
opp_score_c8ab5ce33e17,CH-4-2022-2019008142,12.0,Long Range,44,active implementation,no future dated funding signal,Monitor,No,intelligence
opp_score_11428631b32d,CH-4-2022-2019008143,12.0,Long Range,44,active implementation,no future dated funding signal,Monitor,No,intelligence
opp_score_3f480dd9a7a0,CH-4-2024-2018011530,12.0,Long Range,44,active implementation,no future dated funding signal,Monitor,No,intelligence
opp_score_c846220e616e,CH-4-2022-2022002359,12.0,Long Range,44,active implementation,no future dated funding signal,Monitor,No,intelligence
opp_score_caf7f4688389,CH-4-2022-2022002360,12.0,Long Range,44,active implementation,no future dated funding signal,Monitor,No,intelligence
opp_score_c9eb7f41578e,DK-CVR-58185728-DFPA-SPA2022-25-UG-FUE,12.0,Long Range,44,active implementation,no future dated funding signal,Monitor,No,intelligence
opp_score_2d46909512ca,DK-CVR-58185728-DFPA-SPA2022-25-KE-FKE,12.0,Long Range,44,active implementation,no future dated funding signal,Monitor,No,intelligence
opp_score_40bef63449d0,DK-CVR-58185728-DFPA-SPA2022-25-KE-RHNK,12.0,Long Range,44,active implementation,no future dated funding signal,Monitor,No,intelligence
opp_score_fb51310d3be4,XM-DAC-3-1-238891-29290,12.0,Long Range,44,active implementation,no future dated funding signal,Monitor,No,intelligence
opp_score_e3935308a9ee,CH-4-2023-2019008638,12.0,Long Range,44,active implementation,no future dated funding signal,Monitor,No,intelligence
opp_score_7bd34b7dcb01,CH-4-2023-2019008639,12.0,Long Range,44,active implementation,no future dated funding signal,Monitor,No,intelligence
opp_score_00f90764fbf9,CH-4-2025-2019009401,12.0,Long Range,44,active implementation,active implementation period,Active through Q4 2026,No,intelligence
opp_score_cceba5e1a317,CH-4-2022-2019008638,12.0,Long Range,44,active implementation,no future dated funding signal,Monitor,No,intelligence
opp_score_d40cb0224a0c,CH-4-2022-2019008639,12.0,Long Range,44,active implementation,no future dated funding signal,Monitor,No,intelligence
opp_score_8912ec69d9fb,CH-4-2022-1997001353,12.0,Long Range,44,active implementation,no future dated funding signal,Monitor,No,intelligence
opp_score_613a07402226,CH-4-2022-1997001364,12.0,Long Range,44,active implementation,no future dated funding signal,Monitor,No,intelligence
opp_score_7a1bf6165e09,CH-4-1997001353,12.0,Long Range,44,active implementation,no future dated funding signal,Monitor,No,intelligence
opp_score_a576086d4c37,CH-4-2021-1997001353,12.0,Long Range,44,active implementation,no future dated funding signal,Monitor,No,intelligence
opp_score_129ab546f87b,XM-DAC-3-1-238837-29296,12.0,Long Range,44,active implementation,no future dated funding signal,Monitor,No,intelligence
opp_score_1d8af26d822f,XM-DAC-3-1-238837-29297,12.0,Long Range,44,active implementation,no future dated funding signal,Monitor,No,intelligence
opp_score_28d0f6ccf9a7,XM-DAC-3-1-238837-29299,12.0,Long Range,44,active implementation,no future dated funding signal,Monitor,No,intelligence
opp_score_880f9c1f25b3,XM-DAC-3-1-238837-29301,12.0,Long Range,44,active implementation,no future dated funding signal,Monitor,No,intelligence
opp_score_af3068330543,XM-DAC-3-1-238837-29302,12.0,Long Range,44,active implementation,no future dated funding signal,Monitor,No,intelligence
opp_score_c30916fed054,XM-DAC-3-1-238837-29303,12.0,Long Range,44,active implementation,no future dated funding signal,Monitor,No,intelligence
opp_score_86facaee5b52,XM-DAC-3-1-238837-29304,12.0,Long Range,44,active implementation,no future dated funding signal,Monitor,No,intelligence
opp_score_6104a579ea92,XM-DAC-3-1-238837-30949,12.0,Long Range,44,active implementation,no future dated funding signal,Monitor,No,intelligence
opp_score_34aadce47cb2,XM-DAC-3-1-238837-30978,12.0,Long Range,44,active implementation,no future dated funding signal,Monitor,No,intelligence
opp_score_d90bbec26917,XM-DAC-3-1-238837-32433,12.0,Long Range,44,active implementation,no future dated funding signal,Monitor,No,intelligence
opp_score_1bdb88350bd2,XM-DAC-3-1-238837-32576,12.0,Long Range,44,active implementation,no future dated funding signal,Monitor,No,intelligence
opp_score_ce78241ec2c8,XM-DAC-3-1-238837-33120,12.0,Long Range,44,active implementation,no future dated funding signal,Monitor,No,intelligence
opp_score_b752f5690f58,XM-DAC-3-1-238837-33703,12.0,Long Range,44,active implementation,no future dated funding signal,Monitor,No,intelligence
opp_score_2f80c8d775ad,CH-4-2023-2023000552,12.0,Long Range,44,active implementation,no future dated funding signal,Monitor,No,intelligence
opp_score_0952be68b8f2,CH-4-2024-2023000552,12.0,Long Range,44,active implementation,no future dated funding signal,Monitor,No,intelligence
opp_score_6a33725ebf39,CH-4-2024-2023007519,12.0,Long Range,44,active implementation,no future dated funding signal,Monitor,No,intelligence
opp_score_49dade168df0,XI-IATI-EC_INTPA-2021-ACT-60598,12.0,Long Range,44,active implementation,active implementation period,Active through Q4 2027,No,intelligence
opp_score_0f7da112747d,GB-GOV-1-300858,12.0,Long Range,44,active implementation,active implementation period,Active through Q4 2026,No,intelligence
opp_score_ea05b4e2557c,CH-4-2024-2024000325,12.0,Long Range,44,active implementation,no future dated funding signal,Monitor,No,intelligence
opp_score_27d80d6f8049,CH-4-2024-2024000326,12.0,Long Range,44,active implementation,no future dated funding signal,Monitor,No,intelligence
opp_score_892e52b235b9,XM-DAC-3-1-195123-25184,12.0,Long Range,44,active implementation,no future dated funding signal,Monitor,No,intelligence
opp_score_7f78897d3e47,XM-DAC-3-1-195123-25185,12.0,Long Range,44,active implementation,no future dated funding signal,Monitor,No,intelligence
opp_score_b7e406318589,XM-DAC-3-1-195123-25186,12.0,Long Range,44,active implementation,no future dated funding signal,Monitor,No,intelligence
opp_score_83012d2a0008,XM-DAC-3-1-195123-30886,12.0,Long Range,44,active implementation,no future dated funding signal,Monitor,No,intelligence
opp_score_9c0981d04bf9,XM-DAC-3-1-251700-30347,12.0,Long Range,44,active implementation,no future dated funding signal,Monitor,No,intelligence
opp_score_06659a8103eb,XM-DAC-3-1-251700-30348,12.0,Long Range,44,active implementation,no future dated funding signal,Monitor,No,intelligence
opp_score_22b9533a8731,XM-DAC-3-1-251700-30349,12.0,Long Range,44,active implementation,no future dated funding signal,Monitor,No,intelligence
opp_score_9cd36042319d,XM-DAC-3-1-251700-30350,12.0,Long Range,44,active implementation,no future dated funding signal,Monitor,No,intelligence
opp_score_1abd6f75cde1,XM-DAC-3-1-251700-30352,12.0,Long Range,44,active implementation,no future dated funding signal,Monitor,No,intelligence
opp_score_33a26778ce82,XM-DAC-3-1-251700-30355,12.0,Long Range,44,active implementation,no future dated funding signal,Monitor,No,intelligence
opp_score_9520e0a06f18,XM-DAC-3-1-251700-35023,12.0,Long Range,44,active implementation,no future dated funding signal,Monitor,No,intelligence
opp_score_da5a84d76b09,XM-DAC-3-1-251700-35182,12.0,Long Range,44,active implementation,no future dated funding signal,Monitor,No,intelligence
opp_score_7cc0083ccc13,XM-DAC-3-1-251700-35232,12.0,Long Range,44,active implementation,no future dated funding signal,Monitor,No,intelligence
opp_score_e42c194331f6,DE-1-202518108,12.0,Long Range,44,active implementation,active implementation period,Active through Q2 2029,No,intelligence
opp_score_f80c2bcf65c7,XI-IATI-EC_INTPA-2018-ACT-D-40410-00,12.0,Long Range,44,active implementation,active implementation period,Active through Q4 2027,No,intelligence
opp_score_af36042e4df8,SE-0-SE-6-16963,12.0,Long Range,44,active implementation,active implementation period,Active through Q2 2029,No,intelligence
opp_score_5b609f851ca8,SE-0-SE-6-14586,12.0,Long Range,44,active implementation,active implementation period,Active through Q4 2028,No,intelligence
opp_score_8176a00667f2,XM-DAC-3-1-289215-37325,12.0,Long Range,44,active implementation,no future dated funding signal,Monitor,No,intelligence
opp_score_12d324f26ee8,XM-DAC-47059-P22-0005,12.0,Long Range,44,active implementation,active implementation period,Active through Q4 2026,No,intelligence
opp_score_f07a8639e3c3,SE-0-SE-6-14809,12.0,Long Range,44,active implementation,active implementation period,Active through Q1 2027,No,intelligence
opp_score_574f91e0bc33,GB-GOV-1-301049,12.0,Long Range,44,active implementation,active implementation period,Active through Q4 2026,No,intelligence
opp_score_97984cb21eb6,GB-GOV-1-300921,12.0,Long Range,44,active implementation,active implementation period,Active through Q3 2030,No,intelligence
