organisation_alias_id,organisation_entity_id,alias,org_ref,role,source_activity_count,source_layer
org_alias_74407542728d,org_cce1ecabbcac,Swiss Agency for Development and Cooperation (SDC),CH-4,funding,589,canonical
org_alias_3520f5fb435a,org_cce1ecabbcac,Swiss Agency for Development and Cooperation (SDC),CH-4,reporting,585,canonical
org_alias_e24380c27a2d,org_1d31aa894b28,Gates Foundation,DAC-1601,funding,407,canonical
org_alias_2a87717c4e2c,org_1d31aa894b28,Gates Foundation,DAC-1601,reporting,394,canonical
org_alias_8858edcc9e60,org_10d2303f236a,UNICEF,XM-DAC-41122,implementing,332,canonical
org_alias_05e97ffae074,org_10d2303f236a,UNICEF,XM-DAC-41122,reporting,330,canonical
org_alias_c41df082bbc6,org_da2ea093755f,Ministry for Foreign Affairs of Finland,FI-3,funding,279,canonical
org_alias_51195d08dafd,org_da2ea093755f,Ministry for Foreign Affairs of Finland,FI-3,reporting,279,canonical
org_alias_72195d6b444c,org_906aee231f3a,World Health Organization,XM-DAC-928,implementing,256,canonical
org_alias_6ce71335f0b6,org_906aee231f3a,World Health Organization,XM-DAC-928,accountable,254,canonical
org_alias_8e65d46718a3,org_150f3106e43a,UNICEF Regular Resources,XM-DAC-41122-U99999,funding,249,canonical
org_alias_d91e1a285cc1,org_906aee231f3a,World Health Organization,XM-DAC-928,reporting,244,canonical
org_alias_65fefa04dc4c,org_d96f8fde4782,The United Kingdom,GB-GOV-1,funding,153,canonical
org_alias_d56d0cadc3ac,org_906aee231f3a,World Health Organization,XM-DAC-928,funding,141,canonical
org_alias_763e6a2b602f,org_feb359fc4dce,Global - Thematic Humanitarian Resp,XM-DAC-41122-T49906,funding,130,canonical
org_alias_74f3950d7d19,org_6b40f25e9a1b,Japan,XM-DAC-701-2,funding,121,canonical
org_alias_cdee35a6b09b,org_35c116a57126,United States Fund for UNICEF,XM-DAC-41122-C45601,funding,119,canonical
org_alias_5ac4343eb649,org_89136f8179ea,UNOCHA,XM-DAC-41127,funding,113,canonical
org_alias_24af8c9baac3,org_64ad9407340a,Ministry of Foreign and European Affairs of the Slovak Republic,XM-DAC-69-1,reporting,112,canonical
org_alias_e6c25027cc21,org_839cd73be018,ONG basée dans un pays donneur,XM-DAC-22000,implementing,111,canonical
org_alias_00bf66a4bf35,org_f8745630db84,ONG basée dans un pays en développement,XM-DAC-23000,implementing,105,canonical
org_alias_bed74d76c525,org_8b4dad7cea2d,Canada,CA-4,funding,104,canonical
org_alias_42f09de8d117,org_9f9a39a5a240,Federal Ministry for Economic Cooperation and Development (BMZ),DE-1,funding,104,canonical
org_alias_f33b540c8744,org_d519f4b3c443,Bureau for Humanitarian Assistance,US-GOV-1,funding,103,canonical
org_alias_e88fa8b252b7,org_9f9a39a5a240,Federal Ministry for Economic Cooperation and Development (BMZ),DE-1,reporting,96,canonical
org_alias_27df940e0a18,org_2c4d41679def,European Commission / ECHO,XI-IATI-EC_ECHO,funding,93,canonical
org_alias_63968c3de2bf,org_a22a45033975,European Commission,XI-IATI-EC_INTPA,funding,92,canonical
org_alias_3819a690bd87,org_a22a45033975,European Commission - Directorate-General for International Partnerships,XI-IATI-EC_INTPA,reporting,92,canonical
org_alias_a6735a9c8c20,org_d519f4b3c443,USA USAID,US-GOV-1,funding,86,canonical
org_alias_247e4b22ee26,org_8115a4cf873d,Malaria Consortium,GB-CHC-1099776,reporting,82,canonical
org_alias_ca4e6f818151,org_29657316aa8d,Innovations_for_Poverty_Action,Innovations_for_Poverty_Action,implementing,81,canonical
org_alias_3313d59fb4bd,org_afc19e70be13,Consolidated Funds from NatComs,XM-DAC-41122-C49902,funding,80,canonical
org_alias_ba0d17042db9,org_52ebda6614bb,GAVI The Vaccine Alliance,47122,funding,79,canonical
org_alias_6e6d6277b47a,org_67e57e50dec1,German Committee for UNICEF,XM-DAC-41122-C52501,funding,75,canonical
org_alias_f1db6eef8e93,org_f77fbea7407e,MPTFO - UN Multi Partner,XI-IATI-UNPF,funding,73,canonical
org_alias_1f136a03d3a0,org_dd4fd3555e3d,MINISTRY OF HEALTH DEVELOPMENT SOMALILAND,XM-DAC-41122-VN-218981,implementing,71,canonical
org_alias_8da1e0eb2107,org_b560c2233d4a,MINISTRY OF HEALTH AND SOCIAL CARE HIRSHABELLE STATE OF SOMALIA,XM-DAC-41122-VN-241612,implementing,70,canonical
org_alias_102ff91c92c0,org_578e7470dc59,IP not published,XM-DAC-41122-VN-216405,implementing,66,canonical
org_alias_744924eee4f0,org_7a3d99dd3ace,IP not published,XM-DAC-41122-VN-235910,implementing,66,canonical
org_alias_ac9b1a35a17f,org_43c9dae7d836,SIDA - Sweden,SE-0,funding,66,canonical
org_alias_333c52b95529,org_d96f8fde4782,"Foreign, Commonwealth and Development Office (FCDO)",GB-GOV-1,accountable,64,canonical
org_alias_ba3f2e042a20,org_d96f8fde4782,"Foreign, Commonwealth and Development Office (FCDO)",GB-GOV-1,funding,64,canonical
org_alias_1ef354181e80,org_d96f8fde4782,"UK - Foreign, Commonwealth Development Office (FCDO)",GB-GOV-1,reporting,64,canonical
org_alias_095689fbc7a6,org_67a8eca476b8,Innovations For Poverty Action,US-EIN-061660068,reporting,62,canonical
org_alias_3beb9f49c03c,org_afbd2f538c3d,Republic of Korea,KR-GOV-010,funding,61,canonical
org_alias_de8f07ea4c1d,org_afbd2f538c3d,Office for Government Policy Coordination,KR-GOV-010,reporting,59,canonical
org_alias_9cd0965ab310,org_f8745630db84,Developing country-based NGO,XM-DAC-23000,implementing,55,canonical
org_alias_11622f7d2563,org_ad2a79e69f64,European Commission/EC,XI-IATI-EC_FPI,funding,54,canonical
org_alias_11656ce7c7c4,org_bea0bd9cfce4,AMHARA BUREAU OF WATER IRRIGATION AND ENERGY DEVELOPMENT,XM-DAC-41122-VN-203869,implementing,51,canonical
org_alias_d628f5c88e6c,org_07138d46e8df,IP not published,XM-DAC-41122-VN-219762,implementing,51,canonical
org_alias_804e4474755f,org_691727bbc8e8,POPULATION MEDIA CENTER,US-EIN-030358029,implementing,51,canonical
org_alias_0cfea17fef82,org_91fec0b493da,SAVE THE CHILDREN UK ETHIOPIA,XM-DAC-41122-VN-235056,implementing,51,canonical
org_alias_3979a856f131,org_d96f8fde4782,UK - Department for International Development (DFID),GB-GOV-1,funding,49,canonical
org_alias_cc579f2f03ec,org_9f9a39a5a240,Germany,DE-1,funding,48,canonical
org_alias_87f3623af37f,org_31fbf2ee12b2,United Kingdom Committee for UNICEF,XM-DAC-41122-C45301,funding,48,canonical
org_alias_f8732fc6e094,org_6395c2769f1c,ADVENTIST DEVELOPEMENT AND RELIEF AGENCY DRC CONGO,XM-DAC-41122-VN-224429,implementing,47,canonical
org_alias_00d0fd6b24a0,org_8115a4cf873d,Malaria Consortium,GB-CHC-1099776,implementing,47,canonical
org_alias_a0b80dfd8679,org_3ca95d453fed,Netherlands,XM-DAC-7,funding,47,canonical
org_alias_204247eae628,org_0f0fedbf2960,IP not published,XM-DAC-41122-VN-239608,implementing,46,canonical
org_alias_e05ff9944ca6,org_9c72d04b03bd,IP not published,XM-DAC-41122-VN-236409,implementing,46,canonical
org_alias_8fd9831682b9,org_a0a3e9f8ad71,IP not published,XM-DAC-41122-VN-203037,implementing,46,canonical
org_alias_1814b6c6421a,org_151e2e7760da,UN Joint Programme,XM-DAC-41114,funding,46,canonical
org_alias_13893256ee61,org_288e87e81bf8,Global - Nutrition,XM-DAC-41122-T49953,funding,44,canonical
org_alias_d859b198d4a1,org_7eecdb46db9c,"Université, institut d'education et autre institution d'enseignement, institut de recherche ou groupe de réflexion",XM-DAC-51000,implementing,44,canonical
org_alias_84a29e8ceb1e,org_5c1b932e7b70,"Ministry of Foreign Affairs, Denmark",XM-DAC-3-1,funding,42,canonical
org_alias_c220c941f829,org_5c1b932e7b70,"Ministry of Foreign Affairs, Denmark",XM-DAC-3-1,reporting,42,canonical
org_alias_2d78be0aab3c,org_55e5fdd3063e,Engagement Global gGmbH,,accountable,41,canonical
org_alias_26ea2b092047,org_7fa416fa36ca,Canadian UNICEF Committee,XM-DAC-41122-C07201,funding,40,canonical
org_alias_3fdbad1179f4,org_ab3aa9c2fd63,WORLD VISION INTERNATIONAL,US-EIN-95-3202116,implementing,39,canonical
org_alias_8ed869f85b6e,org_111fc4ad0d0c,Canada,CA,funding,37,canonical
org_alias_928b1b989661,org_507fdbf5ec8f,"Foreign Affairs, Trade and Development Canada (DFATD)",CA-3,reporting,37,canonical
org_alias_fb56111c7827,org_31a7d12e13fd,Ministry of Foreign Affairs,KR-GOV-050,funding,37,canonical
org_alias_dddb0efca526,org_962cbb2ace6e,YOUNG CHILD SURVIVAL & DEVELOPMENT,XM-DAC-41122-T49908,funding,37,canonical
org_alias_fff8624e05eb,org_a5a985e1805e,Committee for UNICEF Switzerland,XM-DAC-41122-C57501,funding,36,canonical
org_alias_ecd5be3ea95f,org_43c9dae7d836,Sweden,SE-0,funding,36,canonical
org_alias_8297665f6b01,org_43c9dae7d836,Sweden,SE-0,reporting,36,canonical
org_alias_41841159dfbb,org_927ede3ef886,Nutrition International,CA-CRA_ACR-869974816,funding,35,canonical
org_alias_b0911a2a0b1d,org_1a04bec92649,STATE MINISTRY OF HEALTH UNITY,XM-DAC-41122-VN-217712,implementing,35,canonical
org_alias_80b0c9f9d7ed,org_8b4dad7cea2d,Canada/GID,CA-4,funding,34,canonical
org_alias_153ba9446e84,org_1db9a333c7f8,Direction-Générale Coopération au Développement et Aide humanitaire,XM-DAC-2-10,funding,34,canonical
org_alias_cc419aa20bb3,org_8f33c902f1a4,STATE MINISTRY OF HEALTH WESTERN EQUATORIA,XM-DAC-41122-VN-217716,implementing,34,canonical
org_alias_f8e44b99df35,org_9f9a39a5a240,KfW - Germany,DE-1,funding,33,canonical
org_alias_3348da986c6f,org_cd9ccfa8ab70,USA CDC,US-USAGOV,funding,33,canonical
org_alias_743c08d0d9fb,org_1d31aa894b28,Bill &amp; Melinda Gates Foundation,DAC-1601,funding,32,canonical
org_alias_651afd4638ba,org_d5bd9b6eaffa,Norway,NO-BRC-971277882,funding,32,canonical
org_alias_07f42b2d0971,org_fa9cad3d367c,Secteur privé du pays bénéficiaire,XM-DAC-62000,implementing,32,canonical
org_alias_fd06781fa4a2,org_151e2e7760da,UNDP - UN Development Programme,XM-DAC-41114,funding,32,canonical
org_alias_e77e51a69021,org_8b4dad7cea2d,Canada/IHA,CA-4,funding,31,canonical
org_alias_4398b736931b,org_0ca5f946b33a,"The Global Fund to Fight AIDS, Tuberculosis and Malaria",47045,funding,31,canonical
org_alias_a84ba1caae08,org_0ca5f946b33a,"The Global Fund to Fight AIDS, Tuberculosis and Malaria",47045,reporting,31,canonical
org_alias_66b484aedd12,org_dd01d271b88a,UNFPA - UN Population Fund,XM-DAC-41119,funding,31,canonical
org_alias_915a8c826fe0,org_64dd637d4a5f,Save The Children International,GB-CHC-1076822,implementing,30,canonical
org_alias_9718e09cb3bb,org_541d1376bab0,Save The Children UK,GB-COH-213890,accountable,30,canonical
org_alias_ee88d7427b29,org_1aaa3157dcec,Gouvernement local (SUD/EST),XM-DAC-12002,implementing,29,canonical
org_alias_d57ae4d4b903,org_876fb498119e,Japan Committee for UNICEF,XM-DAC-41122-C23101,funding,28,canonical
org_alias_a241de5ba690,org_d519f4b3c443,USAID/Food for Peace,US-GOV-1,funding,28,canonical
org_alias_f40128c422a8,org_08f9668061e0,Vysoká škola zdravotníctva a sociálnej práce sv. Alžbety,XM-DAC-69-2,accountable,28,canonical
org_alias_fd48eb5c977e,org_38fe6b5adbe6,World Bank - Washington D.C.,44000,funding,28,canonical
org_alias_b34f7b1cfe83,org_174c4423de9e,AFD,FR-3,reporting,27,canonical
org_alias_8404f5e56de2,org_1b8c6d4e0012,COUNTY GOVERNMENT OF MARSABIT DEPARTMENT OF HEALTH SERVICES,XM-DAC-41122-VN-230540,implementing,27,canonical
org_alias_e773f729e2f8,org_839cd73be018,Donor country-based NGO,XM-DAC-22000,implementing,27,canonical
org_alias_718c0074402f,org_3356eb8a871e,France,FR,funding,27,canonical
org_alias_a5000a24c9e3,org_6535ef19d19a,International Development Research Centre,XM-DAC-301-2,reporting,27,canonical
org_alias_d4be88821ed3,org_d5bd9b6eaffa,Norad - Norwegian Agency for Development Cooperation,NO-BRC-971277882,reporting,27,canonical
org_alias_8557f69232c6,org_b6f5a1117bc7,Norwegian Government,,funding,27,canonical
org_alias_17d83b659bd6,org_6535ef19d19a,Canada. Parliament,XM-DAC-301-2,funding,26,canonical
org_alias_4e77b32c4a93,org_110c839bdcb6,Netherlands Enterprise Agency,NL-KVK-27378529,accountable,26,canonical
org_alias_28dbe3d009e6,org_110c839bdcb6,Netherlands Enterprise Agency,NL-KVK-27378529,reporting,26,canonical
org_alias_81e339c5fd69,org_fa9cad3d367c,Private sector in recipient country,XM-DAC-62000,implementing,26,canonical
org_alias_11fe36b2dfac,org_77bf18ac5dc8,France,FR-6,funding,25,canonical
org_alias_62d5767363db,org_1c46b1866a93,Ireland,XM-DAC-21-1,funding,25,canonical
org_alias_67ae54d19861,org_45505f7316cd,RBC RWANDA BIOMEDICAL CENTER,XM-DAC-41122-VN-233051,implementing,25,canonical
org_alias_6e1363e02b49,org_cd9ccfa8ab70,USA (State) GHSD,US-USAGOV,funding,25,canonical
org_alias_95ff27b18d5e,org_0eecaaddf4c8,VLIR-UOS,BE-BCE_KBO-0418766123,accountable,25,canonical
org_alias_257c1647d735,org_0eecaaddf4c8,VLIR-UOS,BE-BCE_KBO-0418766123,funding,25,canonical
org_alias_693850406c91,org_0eecaaddf4c8,VLIR-UOS - Vlaamse Interuniversitaire Raad - Flemish Interuniversity Council,BE-BCE_KBO-0418766123,reporting,25,canonical
org_alias_dcfe47ba3f87,org_f8a30ff56dbf,CHANCE FOR CHILDHOOD CFC,XM-DAC-41122-VN-238433,implementing,24,canonical
org_alias_3b5f910aec17,org_1ffd06c941b2,German Federal Foreign Office,XM-DAC-5-7,funding,24,canonical
org_alias_492e91d1ee80,org_61991ba80421,Italy,XM-DAC-6-4,funding,24,canonical
org_alias_05974b7e8e75,org_b9118bf33159,Programme alimentaire mondial,XM-DAC-41140,implementing,24,canonical
org_alias_bd485245a038,org_f77fbea7407e,UN Pooled Funds,XI-IATI-UNPF,funding,24,canonical
org_alias_1549ed7a553b,org_f77fbea7407e,UN Pooled Funds,XI-IATI-UNPF,reporting,24,canonical
org_alias_afe47cb62f2c,org_cd9ccfa8ab70,USA (State) BPRM,US-USAGOV,funding,24,canonical
org_alias_89108b5e3d96,org_43bac30df96b,DEPARTMENT OF FINANCE AND ECONOMIC PLANNING,XM-DAC-41122-VN-245807,implementing,23,canonical
org_alias_24009c74b49d,org_5c1b932e7b70,Denmark,XM-DAC-3-1,funding,23,canonical
org_alias_59fa299f3856,org_787479b35a2f,Global - Health,XM-DAC-41122-T49950,funding,23,canonical
org_alias_6bcfd076e441,org_09417b67be5d,IP not published,XM-DAC-41122-VN-234723,implementing,23,canonical
org_alias_73a139fc737e,org_64dd637d4a5f,Save The Children International,GB-CHC-1076822,reporting,23,canonical
org_alias_148f1b91680d,org_541d1376bab0,Save The Children UK,GB-COH-213890,funding,23,canonical
org_alias_530cc65cff93,org_2a6a69d5a021,WASH ALLIANCE SOCIETY OF KENYA,XM-DAC-41122-VN-241723,implementing,23,canonical
org_alias_b5bf24984b83,org_4c7dbd3d7ee7,GATONDE DISTRICT HOSPITAL,XM-DAC-41122-VN-244147,implementing,22,canonical
org_alias_c85340954f92,org_6e1a4e4a8d8d,Global - Water Sanitation & Hygiene,XM-DAC-41122-T49952,funding,22,canonical
org_alias_1764d69ac50d,org_8fa9feefa2a5,HELP A CHILD RWANDA,XM-DAC-41122-VN-239437,implementing,22,canonical
org_alias_a003429f74c5,org_75e4500861ba,KOICA,KR-GOV-051,implementing,22,canonical
org_alias_67befcb1225b,org_0ca5f946b33a,The Global Fund to Fight AIDS,47045,funding,22,canonical
org_alias_f9d5991bae2c,org_2de0bd70bdce,United Nations Office for Project Services,41AAA,accountable,22,canonical
org_alias_df6e7bb38ccc,org_2de0bd70bdce,United Nations Office for Project Services,41AAA,implementing,22,canonical
org_alias_74d9e7d10623,org_2de0bd70bdce,United Nations Office for Project Services,41AAA,reporting,22,canonical
org_alias_efeff46fa74e,org_b801607cb002,Central Government,XM-DAC-12001,accountable,21,canonical
org_alias_1031ce43dc0f,org_b25a6e688e07,KZE - Katholische Zentralstelle für Entwicklungshilfe e.V.,,accountable,21,canonical
org_alias_baf41943ab79,org_151e2e7760da,Programme des Nations Unies pour le développement,XM-DAC-41114,implementing,21,canonical
org_alias_872cc4de9893,org_aa16e0a2122a,Global - HIV and AIDS,XM-DAC-41122-T49951,funding,20,canonical
org_alias_459b493931b4,org_a28c124eaf7e,PS MINISTRY OF EDUCATION AND VOCATIONAL TRAINING ZNZ,XM-DAC-41122-VN-209817,implementing,20,canonical
org_alias_c244df7ebcd1,org_fe55c9d1706c,Australia,AU-5,funding,19,canonical
org_alias_fd1a1ef93589,org_3c1ffd59292c,"Directorate-General for International Partnerships (INTPA), European Commission",,funding,19,canonical
org_alias_c70211d694bd,org_cf03d3e44917,Innovations for Poverty Action,061660068,reporting,19,canonical
org_alias_661ec42f41bb,org_05d4b49f0d92,International Rescue Committee Inc.,US-EIN-13-5660870,reporting,19,canonical
org_alias_a2a7e8299e48,org_92308f73aeac,UNITAID,XM-DAC-30010,funding,19,canonical
org_alias_a0569650910f,org_a3da1c709a60,EZE - Evangelische Zentralstelle für globale Entwicklung e.V.,,accountable,18,canonical
org_alias_01dc13898111,org_20a582d96c13,IP not published,XM-DAC-41122-VN-30,implementing,18,canonical
org_alias_43ac44856d5a,org_90d8c18cb0ff,UK - Department of Health and Social Care (DHSC),GB-GOV-10,funding,18,canonical
org_alias_683e59123124,org_61991ba80421,AICS - Italian Agency for Cooperation and Development,XM-DAC-6-4,accountable,17,canonical
org_alias_0f4fafae3248,org_61991ba80421,AICS - Italian Agency for Cooperation and Development,XM-DAC-6-4,funding,17,canonical
org_alias_ea4009658524,org_61991ba80421,AICS - Italian Agency for Cooperation and Development,XM-DAC-6-4,reporting,17,canonical
org_alias_a1101187b4ff,org_10d2303f236a,Fonds des Nations Unies pour l'enfance,XM-DAC-41122,implementing,17,canonical
org_alias_9e2bf18a7304,org_a44964c58a64,French Committee for UNICEF,XM-DAC-41122-C14701,funding,17,canonical
org_alias_6d707efa5a95,org_5a0d5ef78d32,INTERNATIONAL NGO,XM-DAC-21000,accountable,17,canonical
org_alias_7fcdcc3334d0,org_b8a3fd29f053,King Salman Humanitarian Aid and Relief Centre,XM-OCHA-HPC6770,reporting,17,canonical
org_alias_1744e8cff96d,org_e7dae248162e,Republic of South Sudan,XM-DAC-41122-G40401,funding,17,canonical
org_alias_af3f1a398feb,org_b801607cb002,XM-DAC-12001,XM-DAC-12001,implementing,17,canonical
org_alias_39b5b6e4e495,org_9e74d9f48320,Central Emergency Response Fund,XM-OCHA-CERF,funding,16,canonical
org_alias_6049fd055a65,org_231964c5a956,Donor Pooled Fund (mixed donors),XM-DAC-41122-J49904,funding,16,canonical
org_alias_c15058a74ca5,org_88ebb8668fd5,European Investment Bank,XM-DAC-918-3,funding,16,canonical
org_alias_3d3cdb00bd6a,org_6d673f26a4c1,"Gavi, the Vaccine Alliance",,funding,16,canonical
org_alias_cce49afcc32b,org_110c839bdcb6,Netherlands Enterprise Agency,NL-KVK-27378529,implementing,16,canonical
org_alias_52444db9b57e,org_3ca95d453fed,Netherlands Ministry of Foreign Affairs,XM-DAC-7,funding,16,canonical
org_alias_338dc17494cf,org_ab4590b9454c,Other public entities in recipient country,XM-DAC-12004,accountable,16,canonical
org_alias_6961c22ad400,org_cd2a37e07b0b,UNAIDS - Joint UN Programme,XM-DAC-41110,funding,16,canonical
org_alias_9c68f4e93683,org_5fc2867663a4,United Arab Emirates,XM-DAC-576,funding,16,canonical
org_alias_8a94267f0454,org_b8a3fd29f053,King Salman Humanitarian Aid and Relief Centre,XM-OCHA-HPC6770,funding,15,canonical
org_alias_6f74ff16d2c9,org_f8745630db84,Health Research Operations Kenya Limited,XM-DAC-23000,implementing,14,canonical
org_alias_7db9e0b4acee,org_1524f9fdca14,IP not published,XM-DAC-41122-VN-230058,implementing,14,canonical
org_alias_f0b14c4c13de,org_7e6cd4be5385,IP not published,XM-DAC-41122-VN-243855,implementing,14,canonical
org_alias_18c42c8a355c,org_79620da9f812,Malaria Consortium US Inc,,funding,14,canonical
org_alias_336506531017,org_3444c1003ec6,NATIONAL COUNCIL FOR PERSONS WITH DISABILITIES,XM-DAC-41122-VN-248575,implementing,14,canonical
org_alias_b7b39363e29b,org_7c2147904355,Netherlands Committee for UNICEF,NL-KVK-27102631,funding,14,canonical
org_alias_a50351977d29,org_4d5d6d241526,UNICEF-Saudi Arabia,XM-DAC-41122-F37801,funding,14,canonical
org_alias_c13426f36f79,org_cd9ccfa8ab70,United States of America,US-USAGOV,funding,14,canonical
org_alias_a99a5772b2d9,org_d7467a19807d,World Bank Trust Funds,XI-IATI-WBTF,reporting,14,canonical
org_alias_4d1e1d49b5b1,org_247a8d364ad7,Ethiopiaid,GB-CHC-802353,reporting,13,canonical
org_alias_05f2977fbbdf,org_991f94d012b1,"Ministry of Foreign Affairs, Ireland",,funding,13,canonical
org_alias_ee7145b5ee76,org_1288c5f3250f,Rotary International,XM-DAC-41122-N49908,funding,13,canonical
org_alias_4c2e5758b9a9,org_59e1382c722f,Susan Thompson Buffett Foundation,,funding,13,canonical
org_alias_91e9b4883776,org_8f1536b484de,THET,GB-CHC-1113101,accountable,13,canonical
org_alias_4db1eb07ab85,org_8f1536b484de,THET,GB-CHC-1113101,reporting,13,canonical
org_alias_3fbf84d1b179,org_ef2a15536328,UNICEF-United Arab Emirates,XM-DAC-41122-F44901,funding,13,canonical
org_alias_c03a05c7a398,org_e94148454e35,United Nations Multi-Partner Trust Fund Office (MPTFO),,funding,13,canonical
org_alias_0e7be08ada3a,org_7eecdb46db9c,"University, college or other teaching institution, research institute or think?tank",XM-DAC-51000,implementing,13,canonical
org_alias_0acd671570cf,org_906aee231f3a,WHO - World Health Organization,XM-DAC-928,funding,13,canonical
org_alias_4faca73adf34,org_afb08b12140b,WHO Foundation,,funding,13,canonical
org_alias_de3249a64bcb,org_88f6c68cb639,Danish Committee for UNICEF,XM-DAC-41122-C12001,funding,12,canonical
org_alias_43732570bcbf,org_9ddf45dd199f,"Foreign, Commonwealth &amp; Development Office (FCDO), United Kingdom",,funding,12,canonical
org_alias_8ae13edde1f4,org_8e6e3e86afa8,International Centre of Insect Physiology and Ecology (icipe),KE-KRA-P051097200R,reporting,12,canonical
org_alias_54a8860ba4b8,org_a3c56bc3164e,London School of Hygiene and Tropical Medicine,GB-EDU-133903,implementing,12,canonical
org_alias_5156c58681f8,org_3ca95d453fed,Netherlands - Ministry of Foreign Affairs,XM-DAC-7,funding,12,canonical
org_alias_424012690e10,org_b8a3fd29f053,Saudi Arabia,XM-OCHA-HPC6770,funding,12,canonical
org_alias_4aaa55e14111,org_1ae6ab7dc229,Swedish Committee for UNICEF,XM-DAC-41122-C41101,funding,12,canonical
org_alias_cd5615038447,org_05d4b49f0d92,The International Rescue Committee,US-EIN-13-5660870,implementing,12,canonical
org_alias_c6eec2780e16,org_90d8c18cb0ff,UK - Department of Health and Social Care (DHSC),GB-GOV-10,accountable,12,canonical
org_alias_f230367d3f5e,org_90d8c18cb0ff,UK - Department of Health and Social Care (DHSC),GB-GOV-10,reporting,12,canonical
org_alias_b2ba5895adb5,org_d96f8fde4782,"UK - Foreign, Commonwealth and Development Office",GB-GOV-1,funding,12,canonical
org_alias_382108d37404,org_abdb978cf115,Australian Committee for UNICEF,XM-DAC-41122-C02701,funding,11,canonical
org_alias_44c3fdcb41a4,org_1db9a333c7f8,Belgium,XM-DAC-2-10,funding,11,canonical
org_alias_c0daf086ca5f,org_d96f8fde4782,British Government (DFID),GB-GOV-1,funding,11,canonical
org_alias_f72eb2612107,org_7a27e999ef54,Clinton Health Access Initiative Inc,US-EIN-27-1414646,implementing,11,canonical
org_alias_14cac18554a7,org_17e940f7dd7d,Cordaid,NL-KVK-41160054,reporting,11,canonical
org_alias_983ad0b08918,org_041e8e68f31f,Democratic Republic of the Congo,CD-COA-30,funding,11,canonical
org_alias_3960b7f16801,org_1db9a333c7f8,Directorate-general Development Cooperation and Humanitarian Aid,XM-DAC-2-10,funding,11,canonical
org_alias_96ef1182c19e,org_69e960ed136a,Ethiopia,ET-COA-152,funding,11,canonical
org_alias_0a17de534286,org_888a6cd184a0,Gouvernement du bénéficiaire,XM-DAC-12000,implementing,11,canonical
org_alias_e3e12468ae0c,org_cdc7d5643f34,IRC-UK,GB-CHC-1065972,reporting,11,canonical
org_alias_f6e78331d635,org_cdc7d5643f34,International Rescue Committee UK,GB-CHC-1065972,funding,11,canonical
org_alias_1987b55aff47,org_814be629a479,Kenya,KE-KRA-P051155108P,funding,11,canonical
org_alias_e90c1be35647,org_ffd0e95fa1f4,Ministry of Economy and Finance,KR-GOV-020,funding,11,canonical
org_alias_e0c2339cea15,org_c9e0005dc7a9,Ministry of Health and Welfare,KR-GOV-110,funding,11,canonical
org_alias_cd5705ef4ba9,org_4d3481bd1656,Palladium International Ltd (UK),GB-COH-02394229,implementing,11,canonical
org_alias_02c7305ce2fe,org_10d2303f236a,United Nations Children's Fund,XM-DAC-41122,accountable,11,canonical
org_alias_2630d0d0784a,org_e38f5aebf3ac,Amref Health Africa - UK,GB-CHC-261488,reporting,10,canonical
org_alias_5c9c43e4384e,org_936fc426e37c,Belgian Committee for UNICEF,BE-BCE_KBO-0407562029,funding,10,canonical
org_alias_97fcd96bb309,org_d11c3a5ccf18,Children&apos;s Investment Fund Foundation (UK),,funding,10,canonical
org_alias_f6996af4cf17,org_7a27e999ef54,Clinton Health Access Initiative,US-EIN-27-1414646,implementing,10,canonical
org_alias_4e14d54335be,org_92266702d717,EU-Commission of the European Communities,TF612001,funding,10,canonical
org_alias_d2292c9963d2,org_05d4b49f0d92,International Rescue Committee Inc.,US-EIN-13-5660870,implementing,10,canonical
org_alias_b3e2fc545102,org_cdc7d5643f34,International Rescue Committee UK,GB-CHC-1065972,accountable,10,canonical
org_alias_d70911510b0c,org_110c839bdcb6,Netherlands Enterprise Agency,NL-KVK-27378529,funding,10,canonical
org_alias_23dcbdac579b,org_ba6462d7f0c2,Oxford Policy Management,GB-COH-3122495,implementing,10,canonical
org_alias_6716956a8f2f,org_cce1ecabbcac,Switzerland,CH-4,funding,10,canonical
org_alias_216cb2a84658,org_adc8deda2486,UNICEF,41122,funding,10,canonical
org_alias_0337050164cb,org_c76478877539,United Nations Foundation Inc.,US-EIN-58-2368165,funding,10,canonical
org_alias_432ba74af594,org_71a798919964,United States Fund for UNICEF,US-EIN-13-1760110,implementing,10,canonical
org_alias_6cca4e2a2f06,org_ab4590b9454c,XM-DAC-12004,XM-DAC-12004,implementing,10,canonical
org_alias_8223789d671f,org_986a62f2d21a,ARES,BE-BCE_KBO-0546740696,accountable,9,canonical
org_alias_9de69c95fc6d,org_986a62f2d21a,ARES,BE-BCE_KBO-0546740696,funding,9,canonical
org_alias_66edc4fb01fd,org_986a62f2d21a,ARES - Académie de Recherche et d’Enseignement supérieur,BE-BCE_KBO-0546740696,reporting,9,canonical
org_alias_f57deab00304,org_6bfd26cc1358,BUDUDA DISTRICT LOCAL GOVERNMENT,XM-DAC-41122-VN-221023,implementing,9,canonical
org_alias_e047240022aa,org_1db9a333c7f8,Belgian Development Cooperation,XM-DAC-2-10,funding,9,canonical
org_alias_8b3827476672,org_35b884c2f631,Belgian agency for international cooperation (Enabel),BE-BCE_KBO-0264814354,implementing,9,canonical
org_alias_ce367d944e1f,org_35b884c2f631,Belgian agency for international cooperation (Enabel),BE-BCE_KBO-0264814354,reporting,9,canonical
org_alias_8bd77791e617,org_23ec5ae3748b,CHRISTIAN MISSION AID,XM-DAC-41122-VN-233395,implementing,9,canonical
org_alias_badc94cedf8d,org_23363fc9f299,CHRISTIAN MISSION FOR DEVELOPMENT,XM-DAC-41122-VN-230360,implementing,9,canonical
org_alias_1e94cf780638,org_41370340b23b,Charity Projects Ltd (Comic Relief),GB-CHC-326568,funding,9,canonical
org_alias_5322bee8fd99,org_41370340b23b,Charity Projects Ltd (Comic Relief),GB-CHC-326568,reporting,9,canonical
org_alias_45528ce29d83,org_44a85b3211b9,China,XM-DAC-41122-G08601,funding,9,canonical
org_alias_2d2548357db5,org_5f5c9d4ce347,HEALTH LINK SOUTH SUDAN,XM-DAC-41122-VN-226913,implementing,9,canonical
org_alias_884a49795c18,org_242211a2103c,IP not published,XM-DAC-41122-VN-216546,implementing,9,canonical
org_alias_3e3ba58bac6b,org_242ad20e55d0,IP not published,XM-DAC-41122-VN-234265,implementing,9,canonical
org_alias_193284b2a7a9,org_5df93cd5c706,Italian Committee for UNICEF,XM-DAC-41122-C22201,funding,9,canonical
org_alias_a7f911a5dc58,org_112106da2972,Japan - Ministry of Finance,TF513001,funding,9,canonical
org_alias_322deb5ad75b,org_349b84ba530f,Korea International Cooperation Age,KR-GOV-010-KOICA,funding,9,canonical
org_alias_60098d0bb9ed,org_1cc78ddec226,Luxembourg Committee for UNICEF,XM-DAC-41122-C26401,funding,9,canonical
org_alias_c5e9c78712ba,org_617edc9345a1,MINISTRY OF HEALTH REPUBLIC OF SOUTH SUDAN,XM-DAC-41122-VN-217605,implementing,9,canonical
org_alias_9181f6ec3de6,org_8f881fd1d47b,Norway - Ministry of Foreign Affairs,TF511001,funding,9,canonical
org_alias_81f1501221a1,org_73fa80025ade,PATH,US-EIN-91-1157127,implementing,9,canonical
org_alias_34931d73ea66,org_4bd6674aafda,PS MINISTRY OF HEALTH AND SOCIAL WELFARE MATERNAL AND CHILD,XM-DAC-41122-VN-209878,implementing,9,canonical
org_alias_5fa99caa3bee,org_1dea60f72271,PS MINISTRY OF HEALTH ZNZ,XM-DAC-41122-VN-209816,implementing,9,canonical
org_alias_a2b7f313abb2,org_4523d419ff64,SOMALI REGIONAL STATE HEALTH BUREAU,XM-DAC-41122-VN-203774,implementing,9,canonical
org_alias_9742ab21e504,org_aca86def8e26,UGANDA YOUTH DEVELOPMENT LINK,XM-DAC-41122-VN-240388,implementing,9,canonical
org_alias_694ead202b5f,org_06e002c3c4ef,UNIVERSAL NETWORK FOR KNOWLEDGE AND EMPOWERMENT AGENCY,XM-DAC-41122-VN-230533,implementing,9,canonical
org_alias_f28bae665c9f,org_2de0bd70bdce,UNOPS - UN Office for Project,41AAA,funding,9,canonical
org_alias_f421b240a9b8,org_151e2e7760da,United Nations Development Programme,XM-DAC-41114,reporting,9,canonical
org_alias_f418bace9e4f,org_4680785ef2c7,Welthungerhilfe,DE-CR-RA000220-VR3810,reporting,9,canonical
org_alias_ef6ec9c636aa,org_57350636bdd5,AFAR REGIONAL HEALTH BUREAU,XM-DAC-41122-VN-203766,implementing,8,canonical
org_alias_1b35ecf1ecef,org_88840b8523d5,AMHARA BUREAU OF HEALTH,XM-DAC-41122-VN-203868,implementing,8,canonical
org_alias_0c3761fe7142,org_0c21969bd0c0,Action Against Hunger USA,US-EIN-13-3327220,implementing,8,canonical
org_alias_9e0eb761c9c1,org_934bf2f2753e,Atlas-alliansen,,implementing,8,canonical
org_alias_00e7b1587a41,org_2dba1409812d,B GUMUZ REGIONAL HEALTH BUREAU RHB,XM-DAC-41122-VN-203752,implementing,8,canonical
org_alias_69324360fc06,org_1d31aa894b28,Bill and Melinda Gates Foundation,DAC-1601,funding,8,canonical
org_alias_0c2d91a43537,org_6479038e1533,CARE INTERNATIONAL IN SS,XM-DAC-41122-VN-217512,implementing,8,canonical
org_alias_e18c7b3b1e69,org_6c7e3accbdde,CENTRAL ETHIOPIA REGIONAL STATE BUREAU OF HEALTH,XM-DAC-41122-VN-247113,implementing,8,canonical
org_alias_c62e7d1088cf,org_42600280dab1,Canada - Department of Foreign Affairscomma Trade and Development,TF509001,funding,8,canonical
org_alias_fa23a2dd3ad9,org_7a27e999ef54,Clinton Health Access Initiative,US-EIN-27-1414646,reporting,8,canonical
org_alias_54c27615a4ba,org_17e940f7dd7d,Cordaid Global Office,NL-KVK-41160054,accountable,8,canonical
org_alias_a68f9d0e88f2,org_60cabcf81bd7,GPNRS HEALTH BUREAU,XM-DAC-41122-VN-203814,implementing,8,canonical
org_alias_6e7068b802ef,org_52ebda6614bb,"Gavi, The Vaccine Alliance",47122,funding,8,canonical
org_alias_9d9975d5e449,org_52ebda6614bb,"Gavi, The Vaccine Alliance",47122,reporting,8,canonical
org_alias_4a2c91046df9,org_4bf25948f37b,Gouvernment central (CH),XM-DAC-11001,implementing,8,canonical
org_alias_01d5f552f984,org_b46c2d40ee7a,HIV-AIDS AND CHILDREN,XM-DAC-41122-T49909,funding,8,canonical
org_alias_8bbeecc2fda3,org_2c7752936139,INTERNATIONAL MEDICAL CORPS UK,XM-DAC-41122-VN-217576,implementing,8,canonical
org_alias_983818551cbe,org_05d4b49f0d92,"International Rescue Committee, The",US-EIN-13-5660870,implementing,8,canonical
org_alias_f01cecb93be9,org_a3c56bc3164e,London School of Hygiene and Tropical Medicine,GB-EDU-133903,reporting,8,canonical
org_alias_37b5a7b2b693,org_5c1b932e7b70,MINISTRY OF FOREIGN AFFAIRS,XM-DAC-3-1,funding,8,canonical
org_alias_3baa197ee72a,org_fd3d05772bb4,NIHR,,funding,8,canonical
org_alias_0f3e7ff1f794,org_c3e5c7e97d4e,OROMIA REGION BUREAU OF HEALTH,XM-DAC-41122-VN-219775,implementing,8,canonical
org_alias_4578d93455be,org_6c2376b6031f,Oxfam Novib,NL-KVK-27108436,accountable,8,canonical
org_alias_ff522f9859ff,org_6c2376b6031f,Oxfam Novib,NL-KVK-27108436,reporting,8,canonical
org_alias_4571dbb697f3,org_7a8c1c8f70d4,PS MINISTRY OF HEALTH AND SOCIAL WELFARE ENVIRONMENTAL HEALTH,XM-DAC-41122-VN-209874,implementing,8,canonical
org_alias_8afbe4f1e314,org_8fb37418f6f0,PS MINISTRY OF HEALTH AND SOCIAL WELFARE HEALTH PROMOTION,XM-DAC-41122-VN-209879,implementing,8,canonical
org_alias_af9f5d3def54,org_9c9e97820652,PS PRIME MINISTERS OFFICE REGIONAL ADMINISTRATION AND LOCAL,XM-DAC-41122-VN-209844,implementing,8,canonical
org_alias_edae9827a47b,org_7f229679554a,RELIEF INTERNATIONAL,XM-DAC-41122-VN-230460,implementing,8,canonical
org_alias_bb52f31e6d27,org_fd34c9b837ba,SERS BUREAU OF HEALTH,XM-DAC-41122-VN-247151,implementing,8,canonical
org_alias_bb14251efa32,org_11f0e9f59644,SNRS HEALTH BUREAU,XM-DAC-41122-VN-242855,implementing,8,canonical
org_alias_9f91f9456a8c,org_c577e6792b68,SOUTH WEST ETHIOPIAN REGION HEALTH BUREAU,XM-DAC-41122-VN-245067,implementing,8,canonical
org_alias_d1ba24d22d0b,org_bdd5ceaea466,South Sudan,,funding,8,canonical
org_alias_3cdfab3c8837,org_78391a4aabd1,Spain,ES-DIR3-E04585801,funding,8,canonical
org_alias_3dfb0b1b58fd,org_96ecee91ee67,TIGRAY BUREAU OF HEALTH,XM-DAC-41122-VN-203743,implementing,8,canonical
org_alias_2f34e2d4136c,org_10d2303f236a,United Nations Children&apos;s Fund (UNICEF),XM-DAC-41122,funding,8,canonical
org_alias_fb7db6ec692d,org_dd01d271b88a,United Nations Population Fund (UNFPA),XM-DAC-41119,funding,8,canonical
org_alias_0e2b146fe023,org_03f184fc4d50,World Health Organization,XM-DAC-41143,implementing,8,canonical
org_alias_33e32c436233,org_8e8100114f07,AAC ADM FIN AND ECO UN HEALTH AND NUT,XM-DAC-41122-VN-203809,implementing,7,canonical
org_alias_187596f7a5de,org_a8d567e63dff,AGENCE D ACHAT DES PERFORMANCES,XM-DAC-41122-VN-203268,implementing,7,canonical
org_alias_45ddd6a6d6ab,org_8605c781992e,Action Against Hunger,GB-CHC-1047501,reporting,7,canonical
org_alias_db1005b4f46e,org_a443711c0f18,Andalucia,XM-DAC-41122-G39904,funding,7,canonical
org_alias_030b5ce7c4d1,org_a171c75c0643,BASIC EDUCATION AND GENDER EQUALITY,XM-DAC-41122-T49907,funding,7,canonical
org_alias_44e37f1fb6e5,org_2af6d1c2e416,Crown Agents Bank,GB-COH-03259922,implementing,7,canonical
org_alias_15d4a3ac4d39,org_a1b736f2cfed,DEPARTMENT OF HEALTH KISUMU COUNTY,XM-DAC-41122-VN-233044,implementing,7,canonical
org_alias_4eec57769096,org_dddca0a48071,DIRE DAWA ADMINISTRATION BUREAU OF HEALTH,XM-DAC-41122-VN-203785,implementing,7,canonical
org_alias_8a32f6c3e217,org_5ead90e55792,FOR AFRIKA TO THRIVE,XM-DAC-41122-VN-231566,implementing,7,canonical
org_alias_b123133ede34,org_da2ea093755f,Finland,FI-3,funding,7,canonical
org_alias_139b94aee263,org_dd01d271b88a,Fonds des Nations Unies pour la population,XM-DAC-41119,implementing,7,canonical
org_alias_41b69523e96e,org_ff249e4b90fc,Food and Agriculture Organization of the United Nations,XM-DAC-41301,accountable,7,canonical
org_alias_fe659d805f15,org_ff249e4b90fc,Food and Agriculture Organization of the United Nations,XM-DAC-41301,implementing,7,canonical
org_alias_b1e0b1de5069,org_e12d10d93d38,Global - Education,XM-DAC-41122-T49954,funding,7,canonical
org_alias_1d5aa636b03b,org_98bf1bf742d9,Invest International B.V.,NL-KVK-83517626,accountable,7,canonical
org_alias_0ed7bd95e0fa,org_98bf1bf742d9,Invest International B.V.,NL-KVK-83517626,funding,7,canonical
org_alias_db4f5226059e,org_98bf1bf742d9,Invest International B.V.,NL-KVK-83517626,reporting,7,canonical
org_alias_dda51e0ec9d0,org_cbf4738c0896,KILIFI COUNTY DEPARTMENT OF HEALTH,XM-DAC-41122-VN-238717,implementing,7,canonical
org_alias_8c0cde14383c,org_b22eba63ac5b,Liverpool School of Tropical Medicine,GB-CHC-222655,implementing,7,canonical
org_alias_437b6613d070,org_0d285b2b7cec,MEDECINS D AFRIQUE RD CONGO,XM-DAC-41122-VN-215635,implementing,7,canonical
org_alias_437346f4e375,org_4a966918600b,MINISTRY OF HEALTH AND SANITATION WEST POKOT KAPENGURIA,XM-DAC-41122-VN-234720,implementing,7,canonical
org_alias_ab9a4ba91388,org_8036c1c90e37,MINISTRY OF HEALTH UNICEF,XM-DAC-41122-VN-206005,implementing,7,canonical
org_alias_4ce529677150,org_4332b92a3578,Merck Sharp & Dohme Corp,TF759002,funding,7,canonical
org_alias_90027f6fb537,org_d5bd9b6eaffa,Norwegian Agency for Development Cooperation (NORAD),NO-BRC-971277882,funding,7,canonical
org_alias_1a759b2203af,org_267c6a9d12cd,Other public entities in donor country,XM-DAC-11004,accountable,7,canonical
org_alias_37ba09f55c5f,org_0abb2da21cb3,Population Services Kenya,KE-NCB-2180511304359047,reporting,7,canonical
org_alias_e16a0f9e1403,org_a58c4d046991,Population Services Kenya,,implementing,7,canonical
org_alias_0af760adb669,org_525835a4784c,SAVE THE CHILDREN FUND,XM-DAC-41122-VN-217642,implementing,7,canonical
org_alias_18d99f4fe2b8,org_f3e687e5ede0,STATE MINISTRY OF HEALTH AWEIL,XM-DAC-41122-VN-217711,implementing,7,canonical
org_alias_2a91333dc39c,org_9f85e7139ada,STATE MINISTRY OF HEALTH EES,XM-DAC-41122-VN-217707,implementing,7,canonical
org_alias_25b472eb3079,org_541d1376bab0,Save The Children UK,GB-COH-213890,reporting,7,canonical
org_alias_915a8c826fe0,org_64dd637d4a5f,Save the Children International,GB-CHC-1076822,implementing,7,canonical
org_alias_ff7798f284fb,org_05d4b49f0d92,The International Rescue Committee,US-EIN-13-5660870,accountable,7,canonical
org_alias_c501d831ad97,org_5895e0d97c2a,The Susan Thompson Buffett Foundati,TF750002,funding,7,canonical
org_alias_17a22ec4c4b3,org_adc8deda2486,United Nations Children's Fund (UNICEF),41122,implementing,7,canonical
org_alias_6b2e2282dffa,org_906aee231f3a,World Health Organization (WHO),XM-DAC-928,implementing,7,canonical
org_alias_7882ff82cc51,org_56868d2a0fad,donor country based NGO,,accountable,7,canonical
org_alias_3f7e010ff475,org_eb571fae3b24,AMREF Health Africa,XM-DAC-21045,implementing,6,canonical
org_alias_e5908644d691,org_8605c781992e,Action Against Hunger UK,GB-CHC-1047501,accountable,6,canonical
org_alias_9c629592924b,org_7dd7c4dd913c,Addis Ababa University,XI-GRID-grid.7123.7,implementing,6,canonical
org_alias_82e4923cc6e0,org_f5b57cfc621b,African Development Bank,XM-DAC-46002,reporting,6,canonical
org_alias_c1b5dbb80bf4,org_c71499b9c44f,Amref Health Africa in Ethiopia,ET-MFA-0001989741,implementing,6,canonical
org_alias_f54ebaa184c7,org_e3db375f745b,CATHOLIC ORGANIZATION FOR RELIEF AND DEVELOPMENT,XM-DAC-41122-VN-238944,implementing,6,canonical
org_alias_d2b555601184,org_b5c5ee536db0,CATHOLIC RELIEF SERVICES,XM-DAC-41122-VN-230911,implementing,6,canonical
org_alias_f8bd29e5cf75,org_669815bf96db,COUNTY GOVERNMENT OF BUSIA DEPARTMENT OF HEALTH AND SANITATION,XM-DAC-41122-VN-241753,implementing,6,canonical
org_alias_89345be3a66d,org_17e940f7dd7d,Cordaid South Sudan,NL-KVK-41160054,implementing,6,canonical
org_alias_26175a331c2b,org_bc5fa4d2025b,Crown Agents,,funding,6,canonical
org_alias_62b40fa8511e,org_0c47842d162a,DFID,GB-1,funding,6,canonical
org_alias_620f8bdcb384,org_ee75dba5acbb,DIVISION PROVINCIALE SANTE TANGANYIKA,XM-DAC-41122-VN-232067,implementing,6,canonical
org_alias_e657283b4da5,org_8c431f36eba1,DIVISION PROVINCIALE SANTE TSHUAPA,XM-DAC-41122-VN-232888,implementing,6,canonical
org_alias_0bd7c1beb9f7,org_6bba5d3f13bb,DPS DU HAUT KATANGA INSPECTION MEDICALE PROV KATANGA,XM-DAC-41122-VN-202781,implementing,6,canonical
org_alias_3a14ed10c4c6,org_4a91d46d56af,DPS ITURI DIVISION PROVINCIALE DE SANTE ITURI,XM-DAC-41122-VN-233099,implementing,6,canonical
org_alias_4b40862668d4,org_43d31647ce50,DPS SANKURU DIVISION PROVINCIALE DE LA SANTE SANKURU,XM-DAC-41122-VN-233094,implementing,6,canonical
org_alias_b468fa661d4b,org_1db9a333c7f8,Directorate-general Development Cooperation and Humanitarian Aid,XM-DAC-2-10,reporting,6,canonical
org_alias_af8b24f52b4a,org_0eecaaddf4c8,Flemish Interuniversity Council for University Development Cooperation (VLIR-UOS),BE-BCE_KBO-0418766123,accountable,6,canonical
org_alias_b960c52c88d7,org_0eecaaddf4c8,Flemish Interuniversity Council for University Development Cooperation (VLIR-UOS),BE-BCE_KBO-0418766123,reporting,6,canonical
org_alias_21960a0c17ac,org_ff249e4b90fc,Food and Agriculture Organization (FAO),XM-DAC-41301,accountable,6,canonical
org_alias_e121f5b7d2de,org_ff249e4b90fc,Food and Agriculture Organization (FAO),XM-DAC-41301,implementing,6,canonical
org_alias_7f246dcd17bd,org_ff249e4b90fc,Food and Agriculture Organization (FAO),XM-DAC-41301,reporting,6,canonical
org_alias_4341a132912d,org_ebe02793a342,Germany,,funding,6,canonical
org_alias_641b0d999cbb,org_1ffd06c941b2,Germany - Federal Foreign Office,XM-DAC-5-7,reporting,6,canonical
org_alias_7b0f685ccbc2,org_9f9a39a5a240,Germany - Ministry for Economic Cooperation and Development,DE-1,funding,6,canonical
org_alias_283c58ce3d52,org_9001fc95008b,Ghent University,,implementing,6,canonical
org_alias_1c5afad172e8,org_b801607cb002,Gouvernement central (SUD/EST),XM-DAC-12001,implementing,6,canonical
org_alias_568f11eac8d2,org_d96f8fde4782,"Great Britain. Foreign, Commonwealth & Development Office",GB-GOV-1,funding,6,canonical
org_alias_5490c03e45df,org_8748a1c549bc,INTERNATIONAL RESCUE COMMITTEE,XM-DAC-41122-VN-227461,implementing,6,canonical
org_alias_75bae9f8e2fb,org_02a5445a5121,IOGT-NTO Movement,SE-ON-802497-7434,funding,6,canonical
org_alias_5b70e5733865,org_02a5445a5121,IOGT-NTO-rorelsen Ideell Forening,SE-ON-802497-7434,reporting,6,canonical
org_alias_0c973f29638f,org_05d4b49f0d92,"IRC, Inc.",US-EIN-13-5660870,accountable,6,canonical
org_alias_50317635cb51,org_6fae9ca5e10d,"JSI Research & Training Institute, Inc.",US-EIN-04-2679824,implementing,6,canonical
org_alias_0401a31c1f17,org_04ebe06a6429,Johns Hopkins University Bloomberg School of Public Health,US-EIN-52-0595110,implementing,6,canonical
org_alias_62df7fa58bde,org_bbb060071b99,KENYA RED CROSS SOCIETY,XM-DAC-41122-VN-206002,implementing,6,canonical
org_alias_081a49eccdd8,org_5293b2e13867,KU Leuven,,implementing,6,canonical
org_alias_1e28844732b5,org_f8d1c4251e14,MIGORI COUNTY GOVERNMENT PUBLIC HEALTH OFFICE,XM-DAC-41122-VN-229902,implementing,6,canonical
org_alias_7065b2d0094e,org_8fb7204d7f83,MOH UN AGENCIES GRANT,XM-DAC-41122-VN-221104,implementing,6,canonical
org_alias_7d65861fed92,org_c47aa3d0cadb,Ministry of Public Health and Sanitation,KE-COA-149,accountable,6,canonical
org_alias_fbbd0250ceb3,org_a04f7438d2d4,Norwegian Committee for UNICEF,XM-DAC-41122-C32401,funding,6,canonical
org_alias_fc4db46cfce2,org_ac9f939f2808,Norwegian Refugee Council,NO-BRC-977538319,funding,6,canonical
org_alias_b2c61e1c5ccc,org_fb45fe817563,Pandemic Fund,,funding,6,canonical
org_alias_bd9f7ae01dc1,org_19bd1374a551,RAS KIGOMA,XM-DAC-41122-VN-209812,implementing,6,canonical
org_alias_665cda81b090,org_64bf09c25a24,REGIONAL ADMINISTRATIVE SECRETARY MBEYA,XM-DAC-41122-VN-223357,implementing,6,canonical
org_alias_4d393daa78fe,org_1cee496295b4,REGIONAL ADMINISTRATIVE SECRETARY NJOMBE,XM-DAC-41122-VN-223533,implementing,6,canonical
org_alias_1ea7d8875be9,org_409db938cd97,"Results for Development Institute, Inc.",US-EIN-20-8530747,implementing,6,canonical
org_alias_ac857cc41346,org_c073ab2e5c7c,STATE MINISTRY OF HEALTH,XM-DAC-41122-VN-217715,implementing,6,canonical
org_alias_99279b7cb670,org_f4395b290b4b,STATE MINISTRY OF HEALTH LAKES,XM-DAC-41122-VN-217710,implementing,6,canonical
org_alias_0569f7e54f63,org_93b1bad634dc,Sightsavers,GB-CHC-207544,reporting,6,canonical
org_alias_e98043086fa7,org_723ed160e99e,Spanish Committee for UNICEF,XM-DAC-41122-C39901,funding,6,canonical
org_alias_24e0c8418a7c,org_43c9dae7d836,Swedish International Development Cooperation Agency (SIDA),SE-0,funding,6,canonical
org_alias_f5feb79d18c3,org_10d2303f236a,UNICEF - United Nations Children's Fund,XM-DAC-41122,implementing,6,canonical
org_alias_e0cf60a85738,org_10d2303f236a,United Nations Children’s Fund,XM-DAC-41122,implementing,6,canonical
org_alias_9149fc51d73b,org_dd01d271b88a,United Nations Population Fund,XM-DAC-41119,implementing,6,canonical
org_alias_58b2658d39b2,org_3423797bd804,Vrije Universiteit Brussel,,implementing,6,canonical
org_alias_50d90e425873,org_b9118bf33159,WFP - World Food Programme,XM-DAC-41140,funding,6,canonical
org_alias_b6f37ce2ecce,org_6c28ffbb094a,WHO Contingency Fund for Emergencies,,funding,6,canonical
org_alias_7c5979f53927,org_aa4d6c2d942a,Wellcome Trust,,funding,6,canonical
org_alias_1fed93f070d7,org_08f9668061e0,XM-DAC-69-2,XM-DAC-69-2,accountable,6,canonical
org_alias_0c3761fe7142,org_0c21969bd0c0,ACTION AGAINST HUNGER USA,US-EIN-13-3327220,implementing,5,canonical
org_alias_a8a47506fee9,org_02dd5418d148,ADVENTIST DEVELOPMENT AND RELIEF AGENCY,XM-DAC-41122-VN-221613,implementing,5,canonical
org_alias_4f1bc85fa485,org_85dab3004742,AMREF HEALTH AFRICA,XM-DAC-41122-VN-233888,implementing,5,canonical
org_alias_a8eedafd80bb,org_074173384926,ASSOCIATION POUR LE DEVELOPPEMENT SOCIAL ET LA SAUVEGARDE DE L ENVIRONNEMENT,XM-DAC-41122-VN-220832,implementing,5,canonical
org_alias_0027f80143bb,org_7eecdb46db9c,African Population & Health Research Center,XM-DAC-51000,implementing,5,canonical
org_alias_dc134ee33b9d,org_535a10c5e67f,Al-Ameen for Humanitarian Support,,implementing,5,canonical
org_alias_29f3733232d5,org_a9b75dc6ea70,Autres institutions multilatérales,XM-DAC-47000,implementing,5,canonical
org_alias_df32e9d7fb29,org_704f449aced5,Cyprus,XM-DAC-41122-G11101,funding,5,canonical
org_alias_080ffb413c29,org_bd00df1591c6,DAI Europe,GB-COH-1858644,implementing,5,canonical
org_alias_aeae69e2abc2,org_d075c834797a,DEPT OF HEALTH SERVICES BARINGO,XM-DAC-41122-VN-238158,implementing,5,canonical
org_alias_1863c3c2237d,org_62824ad80c99,DIVISION PROVINCIAL SANTE TSHOPO,XM-DAC-41122-VN-231961,implementing,5,canonical
org_alias_9376d19b2fd1,org_77ed1422602a,DIVISION PROVINCIALE DE LA SANTE DPS KINSHASA,XM-DAC-41122-VN-236614,implementing,5,canonical
org_alias_2aa88bc6d28a,org_4fc25d30749a,DIVISION PROVINCIALE DE LA SANTE DU NORD KIVU,XM-DAC-41122-VN-202854,implementing,5,canonical
org_alias_4b82bb85afa6,org_c419f36083be,DIVISION PROVINCIALE SANTE BAS UELE,XM-DAC-41122-VN-232395,implementing,5,canonical
org_alias_919c1d0ba0de,org_04c8f82478e6,DIVISION PROVINCIALE SANTE KASAI CENTRAL,XM-DAC-41122-VN-232068,implementing,5,canonical
org_alias_d82580f72cd8,org_fd57468de67e,DPS KWILU DIVISION PROVINCIALE DE LA SANTE,XM-DAC-41122-VN-201393,implementing,5,canonical
org_alias_3f4693e75ffc,org_84c9b9cb4ac8,DPS MANIEMA DIVISION PROVINCIALE DE LA SANTE,XM-DAC-41122-VN-202764,implementing,5,canonical
org_alias_10bc302a0400,org_5c1b932e7b70,Denmark - Ministry of Foreign Affairs,XM-DAC-3-1,funding,5,canonical
org_alias_048ea4bda832,org_ca2f7909fd39,"Department of Foreign Affairs, Trade and Development (DFATD), Canada",,funding,5,canonical
org_alias_55356ae30e48,org_312d69ff8efd,Digni,,implementing,5,canonical
org_alias_239ca0fa38d3,org_1db9a333c7f8,Directorate-general Development Cooperation and Humanitarian Aid,XM-DAC-2-10,accountable,5,canonical
org_alias_b1ae5c69fc5f,org_f87bfc4dc593,GOAL SOUTH SUDAN,XM-DAC-41122-VN-217558,implementing,5,canonical
org_alias_4e8dc52cc7cb,org_2677c8d9988e,Global - Programmes,XM-DAC-41122-T49959,funding,5,canonical
org_alias_d7a0f1666627,org_3ae1ebed193a,Global Disability Innovation Hub,GB-COH-11126312,reporting,5,canonical
org_alias_175a0a62fa60,org_96632dee2df1,Global Financing Facility for Womencomma Children and Adolescents Multi-Donor Trust Fund,TF073274,implementing,5,canonical
org_alias_40fadf037d93,org_48d7d899bec6,HARAR HEALTH BUREAU,XM-DAC-41122-VN-203737,implementing,5,canonical
org_alias_10af95ec8b8e,org_57cda58c2ea1,IMPACT HEALTH ORGANIZATION IHO,XM-DAC-41122-VN-236238,implementing,5,canonical
org_alias_e4f9f9d9a921,org_4533ac268206,IP not published,XM-DAC-41122-VN-13,implementing,5,canonical
org_alias_56b0368239ef,org_7eecdb46db9c,Ifakara Health Institute,XM-DAC-51000,implementing,5,canonical
org_alias_051d13e05507,org_0ae70a066e90,International Development Association,44002,funding,5,canonical
org_alias_06ba7ca56dce,org_05d4b49f0d92,"International Rescue Committee, The",US-EIN-13-5660870,accountable,5,canonical
org_alias_2ce5c6eaefee,org_1c46b1866a93,Irish Aidcomma Department of Foreign Affairs and Trade,XM-DAC-21-1,funding,5,canonical
org_alias_0a4ff69b8558,org_f8a8ce253abc,Italy - Ministry of Foreign Affairs International Cooperation,TF518001,funding,5,canonical
org_alias_805b56fe15c8,org_93e4e8d4eea1,Laerdal Global Health,TF875073,funding,5,canonical
org_alias_35d1f1fa3d81,org_7eecdb46db9c,"Liverpool School of Tropical Medicine, Kenya",XM-DAC-51000,implementing,5,canonical
org_alias_e7ff990d009b,org_8871c399ed49,MINISTRY OF HEALTH,XM-DAC-41122-VN-210353,implementing,5,canonical
org_alias_a82e44af35d0,org_e427cbbf57f6,MINISTRY OF HEALTH AND HUMAN SERVICES FEDERAL GOVERNMENT OF,XM-DAC-41122-VN-228514,implementing,5,canonical
org_alias_02bce062f900,org_0421b18b5651,MINISTRY OF HEALTH GALMUDUG STATE,XM-DAC-41122-VN-234649,implementing,5,canonical
org_alias_adac99ef57fd,org_0a52cb01646f,MINISTRY OF HEALTH PUNTLAND,XM-DAC-41122-VN-213603,implementing,5,canonical
org_alias_7855ae22a9f5,org_a2a4dfb9aa55,MINISTRY OF HEALTH SAMBURU COUNTY,XM-DAC-41122-VN-236675,implementing,5,canonical
org_alias_cfddde6b5613,org_3ee863d0f30f,MINISTRY OF HEALTH SERVICE AND SANITATION TURKANA COUNTY,XM-DAC-41122-VN-230789,implementing,5,canonical
org_alias_7ae3ae189892,org_3b71a0127b72,MOH GARISSA COUNTY,XM-DAC-41122-VN-230243,implementing,5,canonical
org_alias_022fe216d445,org_d51b37d038d2,MOTHERS AND CHILDREN MULTISECTORAL DEVELOPMENT ORGANIZATION,XM-DAC-41122-VN-238976,implementing,5,canonical
org_alias_c9e999a641f4,org_0580c75b417c,"Ministry of Health, Elderly, Gender and Children",TZ-COA-52,accountable,5,canonical
org_alias_b6e27b77149d,org_d94b1e2ddb52,Multi-Donor Trust Fund for the Global Financing Facility (GFF) in Support of Every Woman Every Child - Parallel Trust Fund,TF072645,implementing,5,canonical
org_alias_442963bc69b7,org_a3507ad21e48,NILE HOPE DEVELOPMENT FORUM,XM-DAC-41122-VN-217620,implementing,5,canonical
org_alias_d83a3f491558,org_403853a4b232,Novo Nordisk Foundation,,funding,5,canonical
org_alias_aa7e69e4db70,org_8b57e0905bfa,OBSERVATOIRE DES DROITS HUMAINS GOMA,XM-DAC-41122-VN-223165,implementing,5,canonical
org_alias_b2a1c277472a,org_03f184fc4d50,Organisation mondiale de la santé - compte de contributions volontaires sans objet désigné,XM-DAC-41143,implementing,5,canonical
org_alias_ec629da322b3,org_620cd905c1f3,Qatar Fund for Development,TF875067,funding,5,canonical
org_alias_3a5450a05eae,org_fc7d1e01af7b,REGIONAL ADMINISTRATIVE SECRETARY SONGWE,XM-DAC-41122-VN-236954,implementing,5,canonical
org_alias_0c4ffb757176,org_7c8d8f8b3dd9,RELIEF SOCIETY OF TIGRAY,XM-DAC-41122-VN-241821,implementing,5,canonical
org_alias_61abaf315e74,org_efff7f688be5,RESEAU DES MEDIAS POUR LE DEVELOPPEMENT REMED,XM-DAC-41122-VN-226854,implementing,5,canonical
org_alias_75fa95ba95d2,org_2d9e086441ac,Rockefeller Foundation,TF710001,funding,5,canonical
org_alias_f3cc46539c40,org_e06f026fac5b,STATE MINISTRY OF HEALTH AND ENVIRONMENT JONGLEI STATE BOR,XM-DAC-41122-VN-217709,implementing,5,canonical
org_alias_66510eeee561,org_0ab0e3972311,STATE MINISTRY OF HEALTH CES,XM-DAC-41122-VN-217708,implementing,5,canonical
org_alias_f6e4ace6e48d,org_76081d50f8a2,STATE MINISTRY OF HEALTH WARRAP,XM-DAC-41122-VN-217714,implementing,5,canonical
org_alias_e1de7de93aec,org_c95883c4b651,Sanofi-Aventis,,funding,5,canonical
org_alias_01bc104bfd33,org_1c758e660940,Sasakawa Health Foundation,,funding,5,canonical
org_alias_ea76b760d76d,org_798e809abfc9,Secteur privé d'un pays tiers,XM-DAC-63000,implementing,5,canonical
org_alias_5b910372ca74,org_08924a4d93db,TANZANIA FOOD AND NUTRITION CENTRE,XM-DAC-41122-VN-209810,implementing,5,canonical
org_alias_3c689e074558,org_b917c0640ddf,TEARFUND,GB-CHC-265464,implementing,5,canonical
org_alias_2c892afdc446,org_ae1b58ba3bfa,"The Global Fund to Fight AIDS, Tuberculosis and Malaria",XM-DAC-47045,implementing,5,canonical
org_alias_694cd0788af1,org_5d22ba82a83c,The Pandemic Fund,,funding,5,canonical
org_alias_252a9ac567be,org_ec17cbd2c7ad,The Power of Nutrition,GB-COH-09288843,reporting,5,canonical
org_alias_5b54b0317c25,org_87fd8afceaa2,Third Country Government (Delegated co-operation),XM-DAC-13000,implementing,5,canonical
org_alias_719dccbb4175,org_338a5319263b,UK - Foreign & Commonwealth Office,GB-GOV-3,funding,5,canonical
org_alias_ad2ad986052f,org_10ca4f226557,UNICEF GLOBAL SHARED SERVICE CENTRE,,implementing,5,canonical
org_alias_6464005a8aa3,org_151e2e7760da,UNITED NATIONS DEVELOPMENT PROGRAMME,XM-DAC-41114,accountable,5,canonical
org_alias_d44aa90cfc1e,org_151e2e7760da,UNITED NATIONS DEVELOPMENT PROGRAMME,XM-DAC-41114,funding,5,canonical
org_alias_c67349f4adf6,org_3f5c8855aa7e,UNITED NETWORKS FOR HEALTH,XM-DAC-41122-VN-241210,implementing,5,canonical
org_alias_188810aed5f0,org_9f801c9771a7,UNOCHA - United Nations Office for the Coordination of Humanitarian Affairs,,funding,5,canonical
org_alias_638826325e96,org_c47330ca88fa,United Kingdom - Children's Investment Fund Foundation (CIFF),TF593009,funding,5,canonical
org_alias_c2ac0dbd97fc,org_10d2303f236a,United Nations Children's Fund,XM-DAC-41122,implementing,5,canonical
org_alias_19766bcdf38a,org_dd01d271b88a,United Nations Population Fund,XM-DAC-41119,accountable,5,canonical
org_alias_aa94a6fd6b28,org_d519f4b3c443,United States Agency for International Development (USAID),US-GOV-1,funding,5,canonical
org_alias_3175cfba86fb,org_1c86febf5b04,University of Antwerp,,implementing,5,canonical
org_alias_9377b86b8a60,org_4c7da9452216,WORLD RELIEF CORPORATION OF NATIONAL ASSOCIATION OF EVANGELICALS,XM-DAC-41122-VN-217780,implementing,5,canonical
org_alias_313497db16c5,org_d35b010bd40e,WORLD VISION KENYA,XM-DAC-41122-VN-205993,implementing,5,canonical
org_alias_da62c3a99814,org_38fe6b5adbe6,World Bank,44000,reporting,5,canonical
org_alias_05566c64ccd1,org_d7467a19807d,World Bank Trust Funds,XI-IATI-WBTF,implementing,5,canonical
org_alias_b8f5fc75d377,org_b9118bf33159,World Food Programme (WFP),XM-DAC-41140,implementing,5,canonical
org_alias_15d1c5358b2f,org_08f9668061e0,ZÚ Nairobi,XM-DAC-69-2,accountable,5,canonical
org_alias_0c6bcb6bf5e8,org_cf4ef8515109,ACTION AGAINST HUNGER SPAIN,ES-CIF-G81164105,reporting,4,canonical
org_alias_86e009cc9057,org_32a0e7f632ae,AGENCY FOR CHILD RELIEF AID,XM-DAC-41122-VN-247429,implementing,4,canonical
org_alias_be0fcb2db67c,org_b046a76cabd2,AIDES ACTIONS ET INTERVENTIONS POUR LE DEVELOPPEMENT ET ENCADREMENT SOCIAL,XM-DAC-41122-VN-230224,implementing,4,canonical
org_alias_8961b06f9ee8,org_9735af6a71d3,AMHARA DEVELOPMENT ASSOCIATION,XM-DAC-41122-VN-247197,implementing,4,canonical
org_alias_24cde57dc493,org_8605c781992e,Action Against Hunger UK,GB-CHC-1047501,implementing,4,canonical
org_alias_16f1b6476528,org_416ffd11369b,Amref Flying Doctors,NL-KVK-41150298,funding,4,canonical
org_alias_f11e7f452c8a,org_df54a76c2dc2,BRITISH RED CROSS,,implementing,4,canonical
org_alias_818b60e956ba,org_37ad50ec2dfa,Bloomberg Family Foundation,,funding,4,canonical
org_alias_c21a241a37db,org_591492b72197,CANADEM,,implementing,4,canonical
org_alias_0dc06ca33fec,org_76a19cd6393d,CBM Christoffel-Blindenmission Christian Blind Mission e.V.,,implementing,4,canonical
org_alias_d3833599a2c2,org_2497503974e6,COOPERATIONE INTERNATIONALE,XM-DAC-41122-VN-202806,implementing,4,canonical
org_alias_c9610a7eb16a,org_bfe940afd47e,COUNTY DEPARTMENT OF HEALTH ISIOLO,XM-DAC-41122-VN-232248,implementing,4,canonical
org_alias_6ddca287443d,org_503433e40cba,COUNTY GOVERNMENT OF WAJIR,XM-DAC-41122-VN-231096,implementing,4,canonical
org_alias_ece47f23fbfb,org_2cfe7225a1ec,CROIX ROUGE RDC SUD KIVU,XM-DAC-41122-VN-203148,implementing,4,canonical
org_alias_a5d8c2ae49e7,org_8e1a50230ace,Commission of the European Communities,EU-1,accountable,4,canonical
org_alias_7533d78d086a,org_8e1a50230ace,Commission of the European Communities,EU-1,funding,4,canonical
org_alias_e7f668ea1c90,org_916659affece,Concern Worldwide UK,GB-CHC-1092236,implementing,4,canonical
org_alias_4dfebdff12e1,org_17e940f7dd7d,Cordaid Global Office,NL-KVK-41160054,funding,4,canonical
org_alias_baf72e82909c,org_1cb7b09f6b01,DFID,,funding,4,canonical
org_alias_4b61b44bea76,org_550ef697ba37,DIVISION PROVINCIALE DE LA SANTE DE HAUT UELE,XM-DAC-41122-VN-233512,implementing,4,canonical
org_alias_a5a05b2a09db,org_7fe16aaa0f61,DIVISION PROVINCIALE DE LA SANTE DU KASAI,XM-DAC-41122-VN-232164,implementing,4,canonical
org_alias_961f7ef6c61e,org_0e97fe95089d,DIVISION PROVINCIALE DE LA SANTE DU NORD UBANGI,XM-DAC-41122-VN-232889,implementing,4,canonical
org_alias_64627e45c45b,org_5043d80bee75,DIVISION PROVINCIALE DE LA SANTE DU SUD UBANGI,XM-DAC-41122-VN-232890,implementing,4,canonical
org_alias_478fb107c175,org_1d087f9a116f,DIVISION PROVINCIALE DE LA SANTE SUD KIVU,XM-DAC-41122-VN-233114,implementing,4,canonical
org_alias_8147f5aed35f,org_c049fb77d9f2,DOCTORS WITH AFRICA CUAMM,IT-CF-00677540288,implementing,4,canonical
org_alias_c3915d3527b2,org_ccbac76660dd,DPS HAUT LOMAMI DIVISION PROVINCIALE DE LA SANTE,XM-DAC-41122-VN-232162,implementing,4,canonical
org_alias_5107125c814f,org_2ea1f1b3c395,DPS LOMAMI DIVISION PROVINCIALE DE SANTE LOMAMI,XM-DAC-41122-VN-233093,implementing,4,canonical
org_alias_bfec08bd647c,org_db16edc19982,Democratic Republic of the Congo,,funding,4,canonical
org_alias_d742eb0defb9,org_58db937a32bd,Deutsche Gesellschaft für Internationale Zusammenarbeit (GIZ) GmbH,XM-DAC-5-52,accountable,4,canonical
org_alias_6809eef21501,org_babe0fb9b6c9,Deutsche Welthungerhilfe e.V.,,implementing,4,canonical
org_alias_95cefcdc7570,org_2c4d41679def,"Directorate-General for European Civil Protection and Humanitarian Aid Operations (ECHO), European Commission",XI-IATI-EC_ECHO,funding,4,canonical
org_alias_4f1d74b80a68,org_08f9668061e0,Dvojfarebný svet,XM-DAC-69-2,accountable,4,canonical
org_alias_ab2ec759ab32,org_1f8df5043bec,"ENABEL, BELGISCH ONTWIKKELINGSAGENT SCHAP","BE-BCE_KBO-ENABEL, BELGISCH ONTWIKKELINGSAGENTSCHAP",implementing,4,canonical
org_alias_fa2bb2778f4f,org_971ec2d5fd7f,Enabel - the Belgian development agency,BE-BCE_KBO-264814354,implementing,4,canonical
org_alias_4f08afb9ba62,org_f3cdafbe8b38,Estonia,XM-DAC-41122-G14001,funding,4,canonical
org_alias_2940f0b367c6,org_a7fab8a94932,"Federal Ministry for Economic Cooperation and Development (BMZ), Germany",,funding,4,canonical
org_alias_2ef3687a7072,org_daa1751d7af3,Federal Ministry of Health of the Federal Democratic Republic of Ethiopia,,accountable,4,canonical
org_alias_d8ea7a0177a0,org_daa1751d7af3,Federal Ministry of Health of the Federal Democratic Republic of Ethiopia,,implementing,4,canonical
org_alias_12faf514474d,org_da2ea093755f,Finland - Ministry of Foreign Affairs,FI-3,funding,4,canonical
org_alias_fde8a4c5d0f7,org_1b855d3fb8cc,"Gilead Sciences, Inc.",,funding,4,canonical
org_alias_571bcf32cf4b,org_ba2673e3148d,Global - Child Protection,XM-DAC-41122-T49904,funding,4,canonical
org_alias_f0fe9bb7ffa0,org_bbbbc8998ac5,Global Partnership for Education,XM-DAC-47501,funding,4,canonical
org_alias_8ab984994892,org_87fd8afceaa2,Gouvernement tiers (coopération déléguée),XM-DAC-13000,implementing,4,canonical
org_alias_8d3d3a24c624,org_e9b3fd5712bb,HSSF COUNTY HEALTH OFF NAIROBI,XM-DAC-41122-VN-230240,implementing,4,canonical
org_alias_f129a7888d5a,org_1094860b968e,Hasselt University,,implementing,4,canonical
org_alias_2f335da4d973,org_621f5f43b3e1,Hong Kong Committee for UNICEF,XM-DAC-41122-C61201,funding,4,canonical
org_alias_1717c2db5634,org_894118a2a9f8,INFECTIOUS DISEASES INSTITUTE LTD,,implementing,4,canonical
org_alias_a0671506c559,org_612567bfed83,INSPECTION PROVINCIALE DE SANTE DU TANGANYIKA,XM-DAC-41122-VN-249744,implementing,4,canonical
org_alias_8e2b16a61eae,org_b0dd10fbfd04,INSTITUT NATIONAL DE SANTE PUBLIQUE,XM-DAC-41122-VN-248511,implementing,4,canonical
org_alias_25d19e582be0,org_77742aefdb9d,"Imperial College of Science, Technology and Medicine",GB-COH-04465125,implementing,4,canonical
org_alias_6a83f8844b1f,org_7eecdb46db9c,Institut National de Recherche Biomédicale (INRB),XM-DAC-51000,implementing,4,canonical
org_alias_e69e8472d169,org_8e6e3e86afa8,International Centre of Insect Physiology and Ecology (icipe),KE-KRA-P051097200R,implementing,4,canonical
org_alias_e69e8472d169,org_8e6e3e86afa8,International Centre of Insect physiology and ecology (icipe),KE-KRA-P051097200R,implementing,4,canonical
org_alias_62e6469694ef,org_3b3d55a1351c,International Planned Parenthood Federation,GB-CHC-229476,reporting,4,canonical
org_alias_dde2ea313e62,org_b6e82197bf34,Kirkens Nødhjelp,,implementing,4,canonical
org_alias_e83b66dbdda1,org_55b97553fec7,Kreditanstalt für Wiederaufbau (KfW) (Reconstruction Credit Institute),TF502003,funding,4,canonical
org_alias_e0017f28e4f6,org_b22eba63ac5b,Liverpool School of Tropical Medicine,GB-CHC-222655,reporting,4,canonical
org_alias_79d17e45d65f,org_1aaa3157dcec,Local Government,XM-DAC-12002,implementing,4,canonical
org_alias_f5fba317ac25,org_8fee2084932b,MINISTERE DE LA SANTE PROGRAMME ELARGIE DE VACCINATION,XM-DAC-41122-VN-202756,implementing,4,canonical
org_alias_8ceeb508ec1d,org_3c1d218513d7,MINISTRY OF COMMUNITY DEV GENDER ELDERS AND CHILDREN,XM-DAC-41122-VN-245999,implementing,4,canonical
org_alias_78ad675f5140,org_6b40f25e9a1b,MINISTRY OF FOREIGN AFFAIRS IN JAPAN,XM-DAC-701-2,reporting,4,canonical
org_alias_adefd0a130f7,org_e5cc5543eed7,MINISTRY OF HEALTH JUBALAND STATE OF SOMALIA,XM-DAC-41122-VN-236109,implementing,4,canonical
org_alias_ef9cef4ca407,org_8219c1621281,MINISTRY OF HEALTH MANDERA COUNTY GOVERNMENT,XM-DAC-41122-VN-234385,implementing,4,canonical
org_alias_eb71f7fdd77a,org_9519d1e35b5e,MINISTRY OF HEALTH SOUTH WEST STATE SOMALIA,XM-DAC-41122-VN-238530,implementing,4,canonical
org_alias_8a90c576dec1,org_f77fbea7407e,MPTFO AS AA FOR JP PASS THROUGH,XI-IATI-UNPF,funding,4,canonical
org_alias_9e4b642517c4,org_8fc1dc346d71,MUHIMBILI UNIVERSITY OF HEALTH AND ALLIED SCIENCES,XM-DAC-41122-VN-241876,implementing,4,canonical
org_alias_cf19d14a8fc0,org_53a53babc78f,MUNICIPALITY OF MOGADISHU MOM BENAADIR REGIONAL ADMINISTRATION,XM-DAC-41122-VN-239785,implementing,4,canonical
org_alias_1179f46b72b8,org_6df9b2522652,Makerere University,,implementing,4,canonical
org_alias_e2b6e72b1188,org_5c1b932e7b70,"Ministry of Foreign Affairs of Denmark, Danida",xm-dac-3-1,accountable,4,canonical
org_alias_29ddcf21e0f8,org_86be1d25c350,"Ministry of Foreign Affairs, Japan",,funding,4,canonical
org_alias_ba796119dedc,org_a567ffce84ff,Multi-Donor Trust Fund for the Global Financing Facility (GFF) in Support of Every Woman Every Child,TF070955,implementing,4,canonical
org_alias_6d8540aa3253,org_8418ad1c4801,NATIONAL BUREAU OF STATISTICS,XM-DAC-41122-VN-229916,implementing,4,canonical
org_alias_57bce5fc05d3,org_3e177397f026,OXFAM CANADA,,funding,4,canonical
org_alias_1e5885744cd8,org_615b7943e64b,Options Consultancy Services,GB-COH-2695347,implementing,4,canonical
org_alias_ec43bf59660f,org_f9897122df09,PRONANUT PROG NAT NUTRITION KINSHASA,XM-DAC-41122-VN-202859,implementing,4,canonical
org_alias_a208dde4a672,org_e532498ae31c,PS MINISTRY OF HEALTH COMMUNITY DEVELOPMENT GENDER ELDERLY AND,XM-DAC-41122-VN-209808,implementing,4,canonical
org_alias_dca7f8b9ad9b,org_2e14222a2144,Primary Health Care Transformation Trust Fund,TF073408,implementing,4,canonical
org_alias_f577b058e939,org_ddf48d607aa7,Qatar,XM-DAC-41122-G62401,funding,4,canonical
org_alias_64138c7db598,org_f97f424ad493,RURAL AGENCY FOR COMMUNITY DEVELOPMENT AND ASSISTANCE,XM-DAC-41122-VN-206006,implementing,4,canonical
org_alias_93c1f40fa046,org_7a1235911394,Red Barnet,DK-CVR-63407216,accountable,4,canonical
org_alias_56fbc7a59b83,org_7a1235911394,Red Barnet,DK-CVR-63407216,funding,4,canonical
org_alias_8c6f4415eca9,org_ea9cb6b52b4c,Resolve to Save Lives,US-EIN-86-2254152,implementing,4,canonical
org_alias_708b6a022db6,org_cfa41c1533c3,STATE MINISTRY OF HEALTH UPPER NILE,XM-DAC-41122-VN-217713,implementing,4,canonical
org_alias_fb18ba5a0612,org_b9d9edd1e376,SWER BUEARU OF AGRICULTURE,XM-DAC-41122-VN-250222,implementing,4,canonical
org_alias_0a65eca3ee6f,org_7a1235911394,Save the Children DK,DK-CVR-63407216,reporting,4,canonical
org_alias_ab2c81ab2f67,org_964002c49673,Somalia,SL-COA-129,funding,4,canonical
org_alias_f370445a2130,org_4469c4bae0f8,Special Relief Funds,XM-DAC-SRF,funding,4,canonical
org_alias_b86e9f79c0e6,org_8375b3e577fe,Stichting Simavi,NL-KVK-40594571,accountable,4,canonical
org_alias_2d9be10424d8,org_8375b3e577fe,Stichting Simavi,NL-KVK-40594571,funding,4,canonical
org_alias_4ba127410bfa,org_8375b3e577fe,Stichting Simavi,NL-KVK-40594571,implementing,4,canonical
org_alias_46206e40a33c,org_8375b3e577fe,Stichting Simavi,NL-KVK-40594571,reporting,4,canonical
org_alias_15e3b5aa932a,org_cde19bd63f49,TRIPLE LINE CONSULTING,,implementing,4,canonical
org_alias_a03f27b67794,org_6c162be7fadd,The Hunger Project Netherlands,NL-KVK-41201198,funding,4,canonical
org_alias_f56dc59e8799,org_e45e43f76acc,The Organisation of Islamic Cooperation (OIC),,implementing,4,canonical
org_alias_06cd673dde5d,org_4ad89b300a5c,The Power of Nutrition,GB-CHC-1160373,funding,4,canonical
org_alias_5387785ae990,org_87fd8afceaa2,Third Country Government (Delegated co-operation),XM-DAC-13000,accountable,4,canonical
org_alias_11ab480b8984,org_9bbafe12d7d0,UK-Med,GB-CHC-1166956,implementing,4,canonical
org_alias_5cc69981e555,org_151e2e7760da,UNDP,XM-DAC-41114,implementing,4,canonical
org_alias_1c171e5376da,org_9684cc0eed04,UNICEF-Mexico,XM-DAC-41122-F28501,funding,4,canonical
org_alias_6f4e3f17fd04,org_c313b2a6381a,Uganda,UG-COA-008,funding,4,canonical
org_alias_f1761081de40,org_9e74d9f48320,United Nations Central Emergency Response Fund (CERF),XM-OCHA-CERF,funding,4,canonical
org_alias_8dd0b989d4ec,org_151e2e7760da,United Nations Development Programme,XM-DAC-41114,implementing,4,canonical
org_alias_e9f7aa140bc6,org_e8652b3a86ed,United Nations Population Fund (UNFPA),41119,implementing,4,canonical
org_alias_2156f0264b44,org_1285a77f699e,University College London,GB-COH-RC000631,implementing,4,canonical
org_alias_83a9e6bf4d21,org_06db9e65ea8c,University of Nairobi,,implementing,4,canonical
org_alias_5c255fc04877,org_c29c5dc85213,VillageReach,US-EIN-91-2083484,implementing,4,canonical
org_alias_1e76c20de54e,org_0462e5598faf,Wits Health Consortium (Pty) Ltd,ZA-CIP-1997-015443-07,implementing,4,canonical
org_alias_ef0ecc474e32,org_38fe6b5adbe6,World Bank Group,44000,accountable,4,canonical
org_alias_7e8126dd6c76,org_38fe6b5adbe6,World Bank Group,44000,implementing,4,canonical
org_alias_82f4b9ac0d83,org_5a0d5ef78d32,XM-DAC-21000,XM-DAC-21000,implementing,4,canonical
org_alias_8fa213c71580,org_08f9668061e0,eRko - Hnutie kresťanských spoločenstiev detí,XM-DAC-69-2,accountable,4,canonical
org_alias_79e7f8d179c8,org_692f6d0a3bbe,ACCESS FOR HUMANITY,XM-DAC-41122-VN-245452,implementing,3,canonical
org_alias_514c807b203e,org_b73e7b3d9e85,ACTION AFRICA HELP INTERNATIONAL,XM-DAC-41122-VN-217493,implementing,3,canonical
org_alias_c01156e55113,org_cf4ef8515109,ACTION AGAINST HUNGER SPAIN,ES-CIF-G81164105,accountable,3,canonical
org_alias_dfbd3623e03c,org_cf4ef8515109,ACTION AGAINST HUNGER SPAIN,ES-CIF-G81164105,funding,3,canonical
org_alias_a16628c39fdb,org_d3ae4ef5f777,ACTION DES VOLONTAIRES UNIS POUR LE DEVELOPPEMENT ET LA SANTE,XM-DAC-41122-VN-239494,implementing,3,canonical
org_alias_d4a6c946835b,org_16afe6ac44e9,ACTION OF THE FUTURE,XM-DAC-41122-VN-241997,implementing,3,canonical
org_alias_d35947b7d865,org_7b1a57095347,AECID Agencia Española de Cooperación Internacional para el Desarrollo,XM-DAC-50-21,funding,3,canonical
org_alias_ea3baec19e7a,org_7b1a57095347,AECID Agencia Española de Cooperación Internacional para el Desarrollo,XM-DAC-50-21,reporting,3,canonical
org_alias_5ec69d4201de,org_08238d70edcb,AFRICAN RELIEF AND DEVELOPMENT FOUNDATION,XM-DAC-41122-VN-247412,implementing,3,canonical
org_alias_9b9d9c088228,org_d5269d7e1e09,AICS - Italian Agency for Cooperation and Development,IT-CF-97871730584,implementing,3,canonical
org_alias_c18b64ec0189,org_151a050d5a16,AMHARA BOFED AGRICULTURE,XM-DAC-41122-VN-203763,implementing,3,canonical
org_alias_8306931f019d,org_1c965c215fba,APPUI MEDICAL INTEGRE AUX ACTIVITES DE LABORATOIRE,XM-DAC-41122-VN-201379,implementing,3,canonical
org_alias_dcc6ea0c034d,org_5bf945dc8ee6,AVSI SOUTH SUDAN,SS-RRC-140,implementing,3,canonical
org_alias_cb6b55174446,org_627c772b6e66,AYUUB,,implementing,3,canonical
org_alias_3bf84cb22308,org_10ca5fe68bd4,Action Contre la Faim,FR-RCS-31899089200065,implementing,3,canonical
org_alias_102b77270f51,org_65f816fd5774,Addis Ababa University,,implementing,3,canonical
org_alias_ebe53e29c6f6,org_416ffd11369b,Amref Flying Doctors,NL-KVK-41150298,accountable,3,canonical
org_alias_7c18aaa1b807,org_e38f5aebf3ac,Amref Health Africa - UK,GB-CHC-261488,accountable,3,canonical
org_alias_e9ede04e3aba,org_416ffd11369b,Amref Health Africa NL,NL-KVK-41150298,reporting,3,canonical
org_alias_423d18903a67,org_248314932b34,Amref Health Africa in Kenya,KE-NCB-93175,implementing,3,canonical
org_alias_751c094e44e4,org_fe55c9d1706c,Australia - Ministry for Foreign Affairs and Trade,AU-5,funding,3,canonical
org_alias_6ec9e67f2635,org_6d97e0de5e2e,BENISHANGUL GUMUZ REGIONAL STATE AGRICULTURE BUREAU,XM-DAC-41122-VN-250074,implementing,3,canonical
org_alias_b6db1da152f7,org_e735edc59a06,BENJAMIN WILLIAM MKAPA FOUNDATION,XM-DAC-41122-VN-241551,implementing,3,canonical
org_alias_f7ff491ab0ae,org_2cd2c4fd6613,BUHIGWE DISTRICT COUNCIL,XM-DAC-41122-VN-232555,implementing,3,canonical
org_alias_6c968579976b,org_1d31aa894b28,Bill & Melinda Gates Foundation,DAC-1601,implementing,3,canonical
org_alias_ac170f02b5f2,org_9a3ee149c47b,Biological Sciences Research Council BBSRC,,funding,3,canonical
org_alias_dac35b322b29,org_91a19a4038fd,CARITAS KANANGA,XM-DAC-41122-VN-220679,implementing,3,canonical
org_alias_655f6404a4a4,org_24893dc9f973,CATHOLIC MEDICAL MISSION BOARD INC,XM-DAC-41122-VN-228778,implementing,3,canonical
org_alias_e67eb9d4bf3c,org_ce1e086730dc,CO-OPERATIVE BANK OF SOUTH SUDAN LTD,XM-DAC-41122-VN-248284,implementing,3,canonical
org_alias_350fa447b7e6,org_fed894e81870,COALITION FOR HUMANITY CH,XM-DAC-41122-VN-248239,implementing,3,canonical
org_alias_9cf27f8296fe,org_d6c88c163a33,COMMUNITY SOCIAL AND ECONOMIC DEVELOPMENT AGENCY COSEDA,XM-DAC-41122-VN-247414,implementing,3,canonical
org_alias_fe003b767648,org_900d6ddd0d61,COUNCIL OF GOVERNORS,XM-DAC-41122-VN-234503,implementing,3,canonical
org_alias_8d0ad9419b02,org_b5504492c36d,Care Nederland,,funding,3,canonical
org_alias_e08ccc47c098,org_c7888dc29747,Care Nederland,NL-KVK-41158230,reporting,3,canonical
org_alias_7c19337a719a,org_b801607cb002,Central Government,XM-DAC-12001,implementing,3,canonical
org_alias_c4949066a081,org_d5be80851165,Centre for Economic Governance and Accountability in Africa,ZA-NPO-053456,accountable,3,canonical
org_alias_ace1fe91f908,org_d5be80851165,Centre for Economic Governance and Accountability in Africa,ZA-NPO-053456,implementing,3,canonical
org_alias_d63f8a56661a,org_29729a171d68,Centre for Emergency and Development Support (CEDS),,implementing,3,canonical
org_alias_87b30aedc637,org_17e940f7dd7d,Cordaid Ethiopia,NL-KVK-41160054,implementing,3,canonical
org_alias_a80d5f338ad4,org_2af6d1c2e416,Crown Agents Limited,GB-COH-03259922,funding,3,canonical
org_alias_d0860270c441,org_c9d45efcc939,D TREE INTERNATIONAL,XM-DAC-41122-VN-220618,implementing,3,canonical
org_alias_489696618355,org_a443b30393c1,DED KAKONKO DISTRICT COUNCIL,XM-DAC-41122-VN-232556,implementing,3,canonical
org_alias_451155c034f8,org_4ae9a7fd07fe,DEEG ROOR MEDICAL ORGANIZATION,XM-DAC-41122-VN-218409,implementing,3,canonical
org_alias_e7ebea438134,org_0a5b88d26636,"DEPARTMENT FOR SCIENCE, INNOVATION AND TECHNOLOGY",GB-GOV-26,funding,3,canonical
org_alias_6a0a5e6efe6c,org_0a5b88d26636,"DEPARTMENT FOR SCIENCE, INNOVATION AND TECHNOLOGY",GB-GOV-26,reporting,3,canonical
org_alias_30025dc17037,org_41baf85e6146,DEPARTMENT OF HEALTH TANA RIVER COUNTY,XM-DAC-41122-VN-230265,implementing,3,canonical
org_alias_fbd32e14ba87,org_9cbfc84d2851,DEPT OF HEALTH AND SANITATION,XM-DAC-41122-VN-238171,implementing,3,canonical
org_alias_f24d11f0444c,org_469ad37d1bd4,DEPT OF HEALTH NAKURU COUNTY,XM-DAC-41122-VN-238282,implementing,3,canonical
org_alias_869ecc8e7b31,org_cbccf21cfd22,DIRECTION INTERVENTIONS SOCIALES POUR LA PROTECTION DE L ENFANT,XM-DAC-41122-VN-234706,implementing,3,canonical
org_alias_80c54ee5af74,org_8ca4968fedbc,DIVISION PROV DE LA SANTE KWANGO,XM-DAC-41122-VN-221559,implementing,3,canonical
org_alias_3c49d5de03d9,org_19e35ce52d1e,DIVISION PROVINCIALE DE LA SANTE KASAI ORIENTAL,XM-DAC-41122-VN-203238,implementing,3,canonical
org_alias_455673a2b1a9,org_b382be297128,DIVISION PROVINCIALE SANTE DE LA MONGALA,XM-DAC-41122-VN-232887,implementing,3,canonical
org_alias_e44de82e06c4,org_e101fa9d43aa,DIVISION PROVINCIALE SANTE EQUATEUR,XM-DAC-41122-VN-232886,implementing,3,canonical
org_alias_a2e5c1bd5a24,org_b02f727d335d,DPS LUALABA DIVISION PROVINCIALE DE LA SANTE,XM-DAC-41122-VN-232163,implementing,3,canonical
org_alias_8c6ccc0fefac,org_8bd872952dda,Danish Family Planning Association,DK-CVR-58185728,accountable,3,canonical
org_alias_f8fb8efe0349,org_8bd872952dda,Danish Family Planning Association,DK-CVR-58185728,funding,3,canonical
org_alias_3c686d671066,org_8bd872952dda,Danish Family Planning Association,DK-CVR-58185728,reporting,3,canonical
org_alias_1ac764a7d16f,org_a56edc391015,Danish Refugee Council,DK-CVR-20699310,implementing,3,canonical
org_alias_a944dea96bf0,org_839cd73be018,Donor country-based NGO,XM-DAC-22000,accountable,3,canonical
org_alias_b9a1f916bb7e,org_47b5405213fc,Dutch Ministry of Foreign Affairs,,funding,3,canonical
org_alias_4be7f5c21d28,org_7ac30b6b75f5,ETHIOPIAN RED CROSS SOCIETY,,implementing,3,canonical
org_alias_7c5bf8242964,org_3e28a23fe013,EXPERTISE FRANCE,FR-RCS-808734792,implementing,3,canonical
org_alias_e2e1c2a6ee23,org_46755487b29c,EXPERTISE FRANCE AFETI,,implementing,3,canonical
org_alias_43016133d583,org_3ca95d453fed,Embassy of the Kingdom of the Netherlands Ethiopia,XM-DAC-7,funding,3,canonical
org_alias_b66faea30224,org_eca78cd74e4d,Ethiopiaid Ireland,IE-CHY-20041069,reporting,3,canonical
org_alias_b93983ce668b,org_247a8d364ad7,Ethiopiaid UK,GB-CHC-802353,funding,3,canonical
org_alias_9625818cfc28,org_019c6db10721,"European Investment Bank (Trust fund via EIB like FEMIP, NIF, Interest subsidies...)",XM-DAC-42004,accountable,3,canonical
org_alias_0685945c5346,org_0faddfecffcc,Family Guidance Association of Ethiopia (FGAE),,implementing,3,canonical
org_alias_e1d769224dac,org_4e8c98c06dc1,Finnish Committee for UNICEF,XM-DAC-41122-C14401,funding,3,canonical
org_alias_4133551f0dbb,org_ec9e37b6b570,GPNRS LIVESTOCK AND FISHE RES DEV BUREAU,XM-DAC-41122-VN-249957,implementing,3,canonical
org_alias_826a45015f28,org_5f110cfbaa20,GRASSROOTS EMPOWERMENT AND DEVELOPMENT ORGANIZATION,XM-DAC-41122-VN-231475,implementing,3,canonical
org_alias_16f881f468a6,org_636febc03f95,GROUPE D APPUI CONSEILS AUX REALISATIONS POUR LE DEVELOPPEMENT ENDOGENE,XM-DAC-41122-VN-242230,implementing,3,canonical
org_alias_20768abb06c8,org_a6432d706c2f,GROUPE DE RECHERCHE D APPUI AUX INTERVENTION INTEGREES DE LA NUTRITION,XM-DAC-41122-VN-236895,implementing,3,canonical
org_alias_93767ca13223,org_04a64e63360b,GiveWell,,funding,3,canonical
org_alias_d3a5503f0d53,org_137f4cc12412,GlaxoSmithKline (GSK),,funding,3,canonical
org_alias_ff372e257a57,org_d984ab6a67b1,Global - Child Protection,XM-DAC-41122-T49955,funding,3,canonical
org_alias_45743961311a,org_4614862cc55e,Global - Social Policy & Social,XM-DAC-41122-T49956,funding,3,canonical
org_alias_2214006fcb5a,org_3ae1ebed193a,Global Disability Innovation Hub,GB-COH-11126312,implementing,3,canonical
org_alias_1687c10e8021,org_2fdad4a8e791,Global Financing Facility,XM-DAC-41122-I49931,funding,3,canonical
org_alias_fad850645c54,org_f8745630db84,Gudina Tumsa Foundation,XM-DAC-23000,implementing,3,canonical
org_alias_233c843192e5,org_6c2aca60c341,HELEN KELLER INTERNATIONAL,XM-DAC-41122-VN-247864,implementing,3,canonical
org_alias_4acbad91f179,org_0823e7637fed,HOLD THE CHILD ORGANIZATION,XM-DAC-41122-VN-230796,implementing,3,canonical
org_alias_7a53c1d73d0b,org_94ffab60ebc9,HOPE IN ACTION,XM-DAC-41122-VN-203170,implementing,3,canonical
org_alias_8fd136f0e66e,org_def33b38da71,HOPITAL GENERAL DE REFERENCE DE PANZI,XM-DAC-41122-VN-202959,implementing,3,canonical
org_alias_c3e77636ea2e,org_0eaeffb38768,HOPITAL PEDIATRIQUE DE KALEMBE LEMBE,XM-DAC-41122-VN-203021,implementing,3,canonical
org_alias_beb3a0047760,org_7a1d2e8c6801,Harvard T.H. Chan School of Public Health,US-EIN-04-2103580,implementing,3,canonical
org_alias_b3c55e1b207e,org_ad0cda642a20,Health Insurance Fund,NL-KVK-34234456,reporting,3,canonical
org_alias_3fa6c1a73c6c,org_a22504ac1cb9,Health Pooled Fund South Sudan,,funding,3,canonical
org_alias_fa63230d87c4,org_a6cc95b2a0fe,Heifer Netherlands,NL-KVK-20093733,reporting,3,canonical
org_alias_dffa4dd92e74,org_4234330edd16,Helmsley Charitable Trust,,funding,3,canonical
org_alias_c79b417e6c3e,org_7948d9b819d4,HelpAge International,GB-COH-1762840,reporting,3,canonical
org_alias_82d7d49a1e18,org_0b57822dc8f7,INTERCHURCH MEDICAL ASSISTANCE INC,XM-DAC-41122-VN-243493,implementing,3,canonical
org_alias_8d0212da94cd,org_77742aefdb9d,Imperial College London,GB-COH-04465125,implementing,3,canonical
org_alias_9d004e37eae0,org_7eecdb46db9c,Infectious Diseases Research Collaboration,XM-DAC-51000,implementing,3,canonical
org_alias_475373acefbb,org_854872bc829d,Institut National de Recherche Biomédicale,,implementing,3,canonical
org_alias_78cde76fbdb1,org_b23c2b344be2,International Bank for Reconstruction and Development (IBRD),XM-DAC-44001,implementing,3,canonical
org_alias_69e5092dfcc2,org_f27563172112,International Medical Corps UK,GB-CHC-1093861,implementing,3,canonical
org_alias_21ef51ae9ad3,org_3b3d55a1351c,International Planned Parenthood Federation,GB-CHC-229476,funding,3,canonical
org_alias_077721d71518,org_3b3d55a1351c,International Planned Parenthood Federation,GB-CHC-229476,implementing,3,canonical
org_alias_78d4b429bec9,org_cdc7d5643f34,International Rescue Committee UK,GB-CHC-1065972,implementing,3,canonical
org_alias_ef0af58604f7,org_b278ea9fcc34,Irish Aid,,funding,3,canonical
org_alias_cd48a831cca0,org_6473b8715903,JOHANNITER UNFALL HILFE E V,XM-DAC-41122-VN-228735,implementing,3,canonical
org_alias_5fe5c7ec7517,org_16d31313c65c,JOHN DAU FOUNDATION,XM-DAC-41122-VN-230913,implementing,3,canonical
org_alias_ce3a5393ab73,org_a5c757ce36b8,JP-2,JP-2,funding,3,canonical
org_alias_e7c9b0ebdd14,org_2d9e17269bf6,Japan International Cooperation Agency,XM-DAC-701-8,reporting,3,canonical
org_alias_5dda8c434e5a,org_36f160de8f97,KASULU DISTRICT COUNCIL,XM-DAC-41122-VN-209797,implementing,3,canonical
org_alias_e47ca40bb6e2,org_b415a131a6b2,KASULU TOWN COUNCIL DEVELOPMENT,XM-DAC-41122-VN-235385,implementing,3,canonical
org_alias_c6458fed97c6,org_f6ce0abc2b09,KCB BANK SOUTH SUDAN LTD,XM-DAC-41122-VN-248283,implementing,3,canonical
org_alias_c095d5947135,org_2ce329544d3b,KENYA NATIONAL BUREAU OF STATISTICS,XM-DAC-41122-VN-205990,implementing,3,canonical
org_alias_f8db43090595,org_5156d89dc7a1,KFUK-KFUM Global,,implementing,3,canonical
org_alias_5824fb87a912,org_0c79de9a2f10,KIBONDO DISTRICT COUNCIL,XM-DAC-41122-VN-209798,implementing,3,canonical
org_alias_d3375d04e4e3,org_0f4abb43f949,KIGOMA DISTRICT COUNCIL,XM-DAC-41122-VN-209850,implementing,3,canonical
org_alias_c0cde3e9be05,org_5b3ac826b32b,KIGOMA UJIJI MUNICIPAL COUNCIL,XM-DAC-41122-VN-232641,implementing,3,canonical
org_alias_bf8eb5b19345,org_7eecdb46db9c,Kenya Medical Research Institute,XM-DAC-51000,implementing,3,canonical
org_alias_20beac68e13e,org_888a6cd184a0,Kenya Pharmacy and Poisons Board,XM-DAC-12000,implementing,3,canonical
org_alias_9ace3b08411e,org_5f0a9cd071e4,Kenyatta University,,implementing,3,canonical
org_alias_6923018a43d4,org_f664ba9efaa6,LIVEWELL SOUTH SUDAN ORGANIZATION,XM-DAC-41122-VN-235373,implementing,3,canonical
org_alias_20c10411354c,org_6e42dcd9c1b5,LTS International Ltd,GB-COH-SC100833,implementing,3,canonical
org_alias_f2641a8c0cb9,org_b22eba63ac5b,Liverpool School of Tropical Medicine,GB-CHC-222655,accountable,3,canonical
org_alias_00d0fd6b24a0,org_8115a4cf873d,MALARIA CONSORTIUM,GB-CHC-1099776,implementing,3,canonical
org_alias_67fc479f09b1,org_6e7b480ab466,MEDICAL RESEARCH COUNCIL,GB-COH-RC000346,accountable,3,canonical
org_alias_ea0e946f1b10,org_1ac00102e41d,MINISTRY OF YOUTH CULTURE ARTS AND SPORT,XM-DAC-41122-VN-239138,implementing,3,canonical
org_alias_12edc44a030b,org_fceaccd7dfae,Makerere University School of Public Health,XI-GRID-grid.11194.3c,implementing,3,canonical
org_alias_ced5b1e601a2,org_6bc81c26a63d,Mekelle University,,implementing,3,canonical
org_alias_d4efce7c73c7,org_a9328f65c1f8,Mental Helse Ungdom,,implementing,3,canonical
org_alias_c233f242a569,org_69e960ed136a,Ministry of Finance,ET-COA-152,implementing,3,canonical
org_alias_1e07eb63d881,org_514a29a1c006,Ministry of Finance of the United Republic of Tanzania,,accountable,3,canonical
org_alias_ec3fa40eda8c,org_5cc045d72c62,"Ministry of Finance, Planning and Economic Development of the Republic of Uganda",,accountable,3,canonical
org_alias_50442a6d2ae6,org_5cc045d72c62,"Ministry of Finance, Planning and Economic Development of the Republic of Uganda",,implementing,3,canonical
org_alias_2bd5f0baaa63,org_31027570b193,Ministry of Health of the Republic of Kenya,,implementing,3,canonical
org_alias_8275bdf883ff,org_3ceb41aabb01,"Ministry of Health, Community Development, Gender, Elderly and Children of the United Republic of Tanzania",,implementing,3,canonical
org_alias_e17e866c68ef,org_1b18641c882d,"Ministry of Public Health, Hygiene and Social Security",,accountable,3,canonical
org_alias_94a1cc691e36,org_1b18641c882d,"Ministry of Public Health, Hygiene and Social Security",,implementing,3,canonical
org_alias_8847385bc7b6,org_702dcd85ff55,"Myriad USA, Inc (Previously King Baudouin Foundation United States ? KBFUS)",,funding,3,canonical
org_alias_af1d454cc3ae,org_fbccfd68ad97,NAROK COUNTY DEPARTMENT OF HEALTH,XM-DAC-41122-VN-238281,implementing,3,canonical
org_alias_efc954b9fa0d,org_3d2c9c3cf59d,NATIONAL CHILD DEVELOPMENT AGENCY TUBARERE MUMURYANGO PROGRAMME,XM-DAC-41122-VN-243032,implementing,3,canonical
org_alias_89fd59973b1c,org_e1064810350d,National Institute for Health and Care Research,,funding,3,canonical
org_alias_a9280079351e,org_1ddeb09cb113,Netherlands - Ministry for Foreign Trade and Development Cooperation,TF510001,funding,3,canonical
org_alias_4f847576c554,org_1d14d15ec8af,New Zealand Committee for UNICEF,XM-DAC-41122-C30901,funding,3,canonical
org_alias_78083aa85a54,org_ac9f939f2808,Norwegian Refugee Council,NO-BRC-977538319,accountable,3,canonical
org_alias_a558c4e60f87,org_08f9668061e0,"Národný ústav srdcových a cievnych chorôb, a.s.",XM-DAC-69-2,accountable,3,canonical
org_alias_8591de6657eb,org_6b612d693576,OFFICE OF CHIEF GOVERNMENT STATISTICIAN,XM-DAC-41122-VN-224434,implementing,3,canonical
org_alias_46d9b1160234,org_0beaef46c308,OPEC Fund,XI-IATI-OFID,funding,3,canonical
org_alias_be2cee0a795d,org_b99540f30ffe,OROMIA BUREAU OF AGRICULTURE,XM-DAC-41122-VN-231365,implementing,3,canonical
org_alias_a712b24d00e1,org_615b7943e64b,Options Consultancy Services,GB-COH-2695347,reporting,3,canonical
org_alias_d152cb6f1af4,org_6082c7dd75dd,Other non-financial corporations,XM-DAC-62009,implementing,3,canonical
org_alias_40501d87c236,org_b674258c90fd,Oxfam Quebec,XM-DAC-22501,implementing,3,canonical
org_alias_7e6244a45586,org_082ad75cc409,PROGRAMME DE PROMOTION DES SOINS DE SANTE PRIMAIRES,XM-DAC-41122-VN-202936,implementing,3,canonical
org_alias_482b9a78736d,org_ab51eefe679e,PROGRAMME NATIONAL D'ELIMINATION DU CHOLERA ET DE LUTTE CONTRE LES AUTRES,XM-DAC-41122-VN-240166,implementing,3,canonical
org_alias_d21300596e9c,org_9e4858c69bb3,PROGRAMME NATIONAL DE NUTRITION DU KASAI CENTRAL,XM-DAC-41122-VN-250089,implementing,3,canonical
org_alias_056e4925ee38,org_eb35e75f4e77,Plan Nederland,NL-KvK-41198890,funding,3,canonical
org_alias_6f7cecbdaa2a,org_402c92a77e1c,Première Urgence Internationale,FR-RCS-53119997400027,reporting,3,canonical
org_alias_5e1f0828c01a,org_2063ec306189,Project HOPE,US-EIN-53-0242962,implementing,3,canonical
org_alias_4b7db281410e,org_4e92ea7dc319,RAS KATAVI,XM-DAC-41122-VN-243993,implementing,3,canonical
org_alias_5b20c8facc58,org_7fa2e3536034,REGIONAL ADMINISTRATIVE SECRETARY DAR ES SALAAM,XM-DAC-41122-VN-224102,implementing,3,canonical
org_alias_2c9f64a40fd6,org_dac65b09c0c6,REGIONAL ADMINISTRATIVE SECRETARY IRINGA,XM-DAC-41122-VN-223355,implementing,3,canonical
org_alias_829fc8f74f2c,org_bb588467f0ad,REGIONAL ADMINISTRATIVE SECRETARY TABORA,XM-DAC-41122-VN-241673,implementing,3,canonical
org_alias_1b842de58c99,org_ca40becc3c71,RELIEF AND DEVELOPMENT FOR VULNERABLE,XM-DAC-41122-VN-238894,implementing,3,canonical
org_alias_0ede175382eb,org_888a6cd184a0,Recipient Government,XM-DAC-12000,accountable,3,canonical
org_alias_05dd7258e8ef,org_21e5033e893c,Reproductive Health Association of South Sudan (RHASS),,implementing,3,canonical
org_alias_12d0c56a0c16,org_5334252d7a56,Rockefeller Foundation,,funding,3,canonical
org_alias_27df222e8014,org_726a56e51bdf,Rutgers,NL-KVK-41193594,accountable,3,canonical
org_alias_eec2d48aea46,org_726a56e51bdf,Rutgers,NL-KVK-41193594,reporting,3,canonical
org_alias_4fafe33165c7,org_06c51202a391,SAVE COMMUNITIES IN CONFLICTS,XM-DAC-41122-VN-243274,implementing,3,canonical
org_alias_5dbd0137772e,org_8571b71025fb,SECRETARIAT GENERAL A LA SANTE KINSHASA,XM-DAC-41122-VN-203185,implementing,3,canonical
org_alias_ded99b17ae0c,org_16ea1aeda7f1,SOUTH ETHIOPIA REGION BUREAU OF AGRICULTURE,XM-DAC-41122-VN-249889,implementing,3,canonical
org_alias_d2d18b1fac7b,org_ca608d81f1c7,SOUTH SUDAN HEALTH ASSOCIATION,XM-DAC-41122-VN-247408,implementing,3,canonical
org_alias_f4a6486e5e53,org_22361e02a8c3,STICHTING HEALTHNET TRANSCULTURAL PSYCHOSOCIAL ORGANIZATION,XM-DAC-41122-VN-233561,implementing,3,canonical
org_alias_b9ddfdc1e610,org_94ef9891d30b,SUPPORT FOR PEACE AND EDUCATION DEVELOPMENT PROGRAM SPEDP,XM-DAC-41122-VN-225642,implementing,3,canonical
org_alias_ab7fbacb71dd,org_a0a1faee7c27,Save the Children Netherlands,NL-KVK-41201463,funding,3,canonical
org_alias_c4afae9cd04c,org_541d1376bab0,Save the Children UK,GB-COH-213890,implementing,3,canonical
org_alias_c0a1a01eb417,org_db3c9825895b,Send a Cow,GB-CHC-299717,funding,3,canonical
org_alias_810de5e29c18,org_3bd42816d102,Send a Cow UK,,funding,3,canonical
org_alias_c67a6217b185,org_93b1bad634dc,Sightsavers,GB-CHC-207544,accountable,3,canonical
org_alias_8e6d397b7eab,org_08f9668061e0,Slovenská katolícka charita,XM-DAC-69-2,accountable,3,canonical
org_alias_cd52a6e2bed1,org_69e965c09e1a,TANZANIA RED CROSS SOCIETIES,XM-DAC-41122-VN-209830,implementing,3,canonical
org_alias_7afcb3bcf6d0,org_b9118bf33159,THE UNITED NATIONS WORLD FOOD,XM-DAC-41140,implementing,3,canonical
org_alias_aa6e1b0b53b6,org_85226be20075,TIGRAY BOFRC AGRI NUTRITION,XM-DAC-41122-VN-250219,implementing,3,canonical
org_alias_8137426ce9f0,org_ccdc98494e16,The Centre for Economic Governance and Accountability in Africa (CEGAA),ZA-NPO-053-456,reporting,3,canonical
org_alias_53cb4829aff1,org_235f3aa315c1,The George Washington University,US-EIN-53-0196584,implementing,3,canonical
org_alias_629ba885d033,org_0ab368c7fb5d,The National Treasury & Economic Planning of the Government of Kenya,,accountable,3,canonical
org_alias_dcca9be1954c,org_e9b5fbd12cbf,UNICEF Kenya,XM-DAC-41122-F24001,funding,3,canonical
org_alias_bcf5f1e2210f,org_10d2303f236a,UNITED NATIONS CHILDREN'S FUND FONDS DES NATIONS UNIES POUR L'ENFA,XM-DAC-41122,implementing,3,canonical
org_alias_b3c67189efc9,org_69eef5a47b25,UNIVERISTY OF RWANDA HOLDINGS GROUP LTD,XM-DAC-41122-VN-249672,implementing,3,canonical
org_alias_a031c51e8302,org_5b7b19689d1c,UNIVERSAL INTERVENTION AND DEVELOPMENT ORGANIZATION,XM-DAC-41122-VN-224360,implementing,3,canonical
org_alias_8cd8cb5590d8,org_4834510cf00d,UNIVERSITY OF OXFORD,,implementing,3,canonical
org_alias_f7d8d9c3beeb,org_4ecba2ed6cbd,UVINZA DISTRICT COUNCIL,XM-DAC-41122-VN-232670,implementing,3,canonical
org_alias_8ba3e2b5af82,org_9c1ad2417240,Uganda Virus Research Institute (UVRI),,implementing,3,canonical
org_alias_04824fa30b76,org_066f588172bf,United Nations Children's Fund,,accountable,3,canonical
org_alias_201453aeb96b,org_066f588172bf,United Nations Children's Fund,,implementing,3,canonical
org_alias_6464005a8aa3,org_151e2e7760da,United Nations Development Programme,XM-DAC-41114,accountable,3,canonical
org_alias_ab5fc376f83d,org_313402a6e5b0,United Nations Entity for Gender Equality and the Empowerment of Women,XM-DAC-41146,accountable,3,canonical
org_alias_5856c07e51e6,org_313402a6e5b0,United Nations Entity for Gender Equality and the Empowerment of Women,XM-DAC-41146,implementing,3,canonical
org_alias_67f2bdc57c34,org_3618bd68aeda,United Republic of Tanzania,TZ-COA-50,funding,3,canonical
org_alias_a96be8c7296e,org_72eefd18b86c,United Republic of Tanzania,,funding,3,canonical
org_alias_a6782151f5bb,org_08f813d6ad5f,University Of Liverpool,GB-COH-RC000660,accountable,3,canonical
org_alias_9df6724741ca,org_08f813d6ad5f,University Of Liverpool,GB-COH-RC000660,reporting,3,canonical
org_alias_a1abfe5eba32,org_12729e2ab71c,University of Birmingham,GB-EDU-133784,implementing,3,canonical
org_alias_52d368a1249f,org_9ed5deed5f74,"University of California, Los Angeles",US-EIN-95-6006143,implementing,3,canonical
org_alias_582dc44b3921,org_3b8bb9bc1159,University of Edinburgh,GB-UKPRN-10007790,implementing,3,canonical
org_alias_117a23aa08c9,org_3b8bb9bc1159,University of Edinburgh,GB-UKPRN-10007790,reporting,3,canonical
org_alias_defc55419ebb,org_7eecdb46db9c,"University, college or other teaching institution, research institute or think-tank",XM-DAC-51000,implementing,3,canonical
org_alias_3b124e00ceb5,org_81f04260a4c3,Voluntary Service Overseas,GB-CHC-313757,reporting,3,canonical
org_alias_4ca8d35bb223,org_673c181c09c9,WHO (GENEVA),,implementing,3,canonical
org_alias_c9215454a0d4,org_f9d1e0ffecd1,WOMEN AGENCY FOR RESILIENCE AND TRANSFORMATION,XM-DAC-41122-VN-247379,implementing,3,canonical
org_alias_87cbb77358d6,org_f2c192337bbb,WORLD HEALTH ORGANISATION,,implementing,3,canonical
org_alias_1e00f4698a72,org_9aabe2594c03,World Diabetes Foundation,,funding,3,canonical
org_alias_52d026da45df,org_b9118bf33159,World Food Programme,XM-DAC-41140,accountable,3,canonical
org_alias_1ea9a3117943,org_b9118bf33159,World Food Programme,XM-DAC-41140,implementing,3,canonical
org_alias_04825d63cf4b,org_03f184fc4d50,World Health Organisation - core voluntary contributions account,XM-DAC-41143,implementing,3,canonical
org_alias_2d01ed212402,org_b570eca506e7,World Vision Canada,CA-CRA_ACR-3119304855,implementing,3,canonical
org_alias_6d78750b6cc7,org_888a6cd184a0,XM-DAC-12000,XM-DAC-12000,implementing,3,canonical
org_alias_96e6fabbb942,org_4969935b4c45,eHealth Africa,US-EIN-81-4503438,implementing,3,canonical
org_alias_91b7a9e85d02,org_1ffd06c941b2,AA,XM-DAC-5-7,funding,2,canonical
org_alias_d9bf700904fa,org_4bc9be0bb457,ACROSS,KE-NGC-9381,implementing,2,canonical
org_alias_de159e58f56e,org_6b2d06855dc7,ACTION AGAINST HUNGER,XM-DAC-41122-VN-220645,implementing,2,canonical
org_alias_35f109de957d,org_631c86c7c610,ACTION D'ESPOIR,03574,implementing,2,canonical
org_alias_98b42ad385d0,org_1244495c6121,ACTION FOR DEVELOPMENT,XM-DAC-41122-VN-228196,implementing,2,canonical
org_alias_3f82901d2552,org_b502bccc8a10,ACTION FOR INTEGRATED SUSTAINABLE DEVELOPMENT ASSOCIATION,XM-DAC-41122-VN-249750,implementing,2,canonical
org_alias_cf27bd61f310,org_2d15cc131106,ACTION FOR RECOVERY AND TRANSFORMATION ART,XM-DAC-41122-VN-222404,implementing,2,canonical
org_alias_92f1c1532a35,org_cdf702fefeaa,ACTIONS POUR LA PROTECTION ET L ENCADREMENT DE L ENFANT,XM-DAC-41122-VN-201411,implementing,2,canonical
org_alias_ce7081e89198,org_b182fa5dd717,ACTIONS POUR LA REHABILITATION ET LA PROMOTION SOCIALE,XM-DAC-41122-VN-242361,implementing,2,canonical
org_alias_21e0998c42c8,org_c960608c72f2,ADDIS ABABA CITY ADMINISTRATION FINANCE ECONOMIC DEVELOPMENT BUREAU,XM-DAC-41122-VN-235898,implementing,2,canonical
org_alias_da0b3f8adbc0,org_dc4a2db7aa66,AFAR REGIONAL AGRICULTURE BUREAU,XM-DAC-41122-VN-250122,implementing,2,canonical
org_alias_2e10f5365e1b,org_b53fef6ae1fa,AFRICAN FIELD EPIDEMIOLOGY NETWORK,XM-DAC-41122-VN-240333,implementing,2,canonical
org_alias_a9952d9fa9f4,org_519ce9ab7648,AFRO CANADIAN EVANGELICAL MISSION,XM-DAC-41122-VN-230912,implementing,2,canonical
org_alias_39426f269c8e,org_6804bddcd94b,AFYA PAMOJA,XM-DAC-41122-VN-244298,implementing,2,canonical
org_alias_adc7a3766b81,org_aff7958abfce,ALIGHT SOUTH SUDAN PROGRAM,XM-DAC-41122-VN-217501,implementing,2,canonical
org_alias_72cf3177aaa3,org_92fcf9e02221,ANDRE FOODS SOUTH SUDAN,XM-DAC-41122-VN-236813,implementing,2,canonical
org_alias_56e84d421277,org_ddcc4c679fdb,AVSI FOUNDATION,,implementing,2,canonical
org_alias_86900f2a9685,org_8605c781992e,Action Against Hunger,GB-CHC-1047501,implementing,2,canonical
org_alias_282ccf5a4642,org_f8745630db84,Africa Academy for Public Health,XM-DAC-23000,implementing,2,canonical
org_alias_4cc36b5d0306,org_8b7e975bd8cb,African Development Fund,XM-DAC-46003,funding,2,canonical
org_alias_2adc0cc3c22e,org_1fb0d4889bb5,"African Institute for Development Policy (AFIDEP), Kenya",,implementing,2,canonical
org_alias_b519d87fda88,org_00cd8b3904c2,"Aga Khan Health Service, Tanzania",,implementing,2,canonical
org_alias_0b83cdb2b99c,org_4dce09f9feee,Agriterra,,implementing,2,canonical
org_alias_30a7ed1edca3,org_416ffd11369b,Amref Flying Doctors,NL-KVK-41150298,reporting,2,canonical
org_alias_bce673f88ff2,org_ac8d7e0ca88a,Amref Health Africa Headquarters,KE-RCO-C1-61,implementing,2,canonical
org_alias_c654c6a52583,org_416ffd11369b,Amref Health Africa NL,NL-KVK-41150298,accountable,2,canonical
org_alias_9187f39830b6,org_1b928f92ba21,Amref Health Africa Uganda,UG-NGB-5914-252,implementing,2,canonical
org_alias_d8deeb40b387,org_c71499b9c44f,Amref Health Africa in Ethiopia,ET-MFA-0001989741,accountable,2,canonical
org_alias_b6ba86567048,org_c71499b9c44f,Amref Health Africa in Ethiopia,ET-MFA-0001989741,reporting,2,canonical
org_alias_2216a98580b5,org_355b1ad7ae9b,Amref Health Africa in Kenya,,accountable,2,canonical
org_alias_fa223d405514,org_355b1ad7ae9b,Amref Health Africa in Kenya,,implementing,2,canonical
org_alias_86a1247379ca,org_7c7370a8f6ff,Arba Minch University,,implementing,2,canonical
org_alias_f2e8a220eeaa,org_7eecdb46db9c,Armauer Hansen Research Institute,XM-DAC-51000,implementing,2,canonical
org_alias_ecc7321eb3e5,org_c75fd38ff124,Armauer Hansen Research Institute,,implementing,2,canonical
org_alias_63b344fa631f,org_8ca87188905f,Association Burundaise pour le Bien-Etre Familial (ABUBEF),,implementing,2,canonical
org_alias_405067f24fff,org_ce16b89f4dea,Association of Private Health Providers in Tanzania,,accountable,2,canonical
org_alias_5b7072243a30,org_d46d133dcdf4,Australian Centre for International Agricultural Research,,funding,2,canonical
org_alias_3dd3673960e0,org_55412894c536,BANADIR PRIMARY HEALTH CARE CONSORTIUM,XM-DAC-41122-VN-216395,implementing,2,canonical
org_alias_ebd6b12c3fda,org_cee9cc6cf860,BBC Media Action,GB-CHC-1076235,reporting,2,canonical
org_alias_c6f5fe288a9c,org_614d7dab6031,BUREAU DIOCESAIN DE DEVELOPPEMENT LUEBO,XM-DAC-41122-VN-221040,implementing,2,canonical
org_alias_067fcf114c5e,org_b61293e759c1,Bahir Dar University,,implementing,2,canonical
org_alias_c5b78f4c0b01,org_762f9e6676fc,Brazil,XM-DAC-41122-G05401,funding,2,canonical
org_alias_8d434f30acd6,org_9b79a62af441,Busitema University,,implementing,2,canonical
org_alias_22792c0ac2a8,org_5a3f582cf005,CAFOD,GB-CHC-285776,reporting,2,canonical
org_alias_d83a1c2215b3,org_0fae36a8c5f1,CARE INTERNATIONAL SOMALIA,XM-DAC-41122-VN-239380,implementing,2,canonical
org_alias_722c6ecde40c,org_613250d782f8,CBCC AFRICA,XM-DAC-41122-VN-241721,implementing,2,canonical
org_alias_21a99257c917,org_b2c345b043cd,CDC Foundation,US-EIN-58-2106707,implementing,2,canonical
org_alias_203a4fb9154a,org_15c14c18d686,CENTRE D APPUI A LA PROMOTION NUTRITIONNELLE,XM-DAC-41122-VN-241622,implementing,2,canonical
org_alias_0caf96e6ef5f,org_7ff1e88a28da,CHRISTIAN RECOVERY AND DEVELOPMENT AGENCY,XM-DAC-41122-VN-217527,implementing,2,canonical
org_alias_848b71fa53d5,org_7e37e830bfac,CHUNYA DISTRICT COUNCIL,XM-DAC-41122-VN-231297,implementing,2,canonical
org_alias_37767a3c6acd,org_bca1d4031a29,COLLECTIF DES ASSOCIATIONS FEMININES,XM-DAC-41122-VN-242076,implementing,2,canonical
org_alias_bed6ab07d686,org_fe561e4e997f,CONCERN WORLDWIDE,XM-DAC-41122-VN-218361,implementing,2,canonical
org_alias_39139fa4e69d,org_02adb73e8b71,CONCERN WORLDWIDE SOUTH SUDAN,XM-DAC-41122-VN-233917,implementing,2,canonical
org_alias_77bd221fcc26,org_b1efd6482303,COUNTY DIRECTOR OF HEALTH SIAYA,XM-DAC-41122-VN-229526,implementing,2,canonical
org_alias_fa4cc0949c00,org_a039acc94ad3,COUNTY GOVERNMENT OF BUSIA DEPARTMENT OF EDUCATION,XM-DAC-41122-VN-246954,implementing,2,canonical
org_alias_ddabe3a816be,org_e5cde66eb885,COUNTY GOVERNMENT OF GARISSA,XM-DAC-41122-VN-230383,implementing,2,canonical
org_alias_34d604480bed,org_db33d2f26bf3,COUNTY GOVERNMENT OF KWALE,XM-DAC-41122-VN-230910,implementing,2,canonical
org_alias_0c8343aba848,org_f4b72939a90a,COUNTY GOVERNMENT OF MERU DEPT OF HEALTH,XM-DAC-41122-VN-238458,implementing,2,canonical
org_alias_16aa994d25b8,org_990239f73387,COUNTY GOVERNMENT OF MOMBASA DEPARTMENT OF HEALTH,XM-DAC-41122-VN-248702,implementing,2,canonical
org_alias_9fa8a9b6926e,org_8e37f4e17e23,CarePay Internatonal BV,,implementing,2,canonical
org_alias_281309636d9f,org_0f4f45afeeac,Carter Center,US-EIN-58-1454716,funding,2,canonical
org_alias_6966142dd8a7,org_4a9a757ebf61,Catalan Agency for Development,XM-DAC-41122-G39905,funding,2,canonical
org_alias_f17c5f0b9987,org_5a3f582cf005,Catholic Agency For Overseas Development (CAFOD),GB-CHC-285776,funding,2,canonical
org_alias_d90570a8784b,org_dc67edb59ac2,"CausalFoundry, Inc.",US-EIN-92-1095658,implementing,2,canonical
org_alias_362c16af9573,org_052f5a45b6a5,Centre Suisse de Recherches Scientifiques en Côte d'Ivoire,,implementing,2,canonical
org_alias_c20dc8c307cb,org_4b7c3387a6b1,Cesvi,IT-CF-95008730160,implementing,2,canonical
org_alias_49d483d99741,org_8ea826fc3415,Christian Social Services Commission,,accountable,2,canonical
org_alias_7de4b5b6bf57,org_7eecdb46db9c,"City St. George’s, University of London",XM-DAC-51000,implementing,2,canonical
org_alias_2ffe51f6fbfd,org_7a27e999ef54,Clinton Health Access Initiative,US-EIN-27-1414646,accountable,2,canonical
org_alias_2d8cd31063fc,org_5a0d5ef78d32,Clinton Health Access Initiative (Kenya),XM-DAC-21000,implementing,2,canonical
org_alias_4615e32b2787,org_a6ca1d952bf4,Comprehensive Community Based Rehabilitation in Tanzania,,accountable,2,canonical
org_alias_4e41502d1243,org_e6f46119215b,Conrad N. Hilton Foundation,TF875036,funding,2,canonical
org_alias_1f5baf3bfe7e,org_17e940f7dd7d,Cordaid South Sudan,NL-KVK-41160054,accountable,2,canonical
org_alias_a8d949108549,org_6256451c9026,Countess of Chester Hospital NHS Foundation Trust,,implementing,2,canonical
org_alias_df0305496e15,org_d1945101f049,DAHW Deutsche Lepra- und Tuberkulosehilfe e.V.,,implementing,2,canonical
org_alias_cb1e169b2f88,org_b9b787078e1b,DEP SANTE DIRECTION D ETUDES AND PLANNIFICATION,XM-DAC-41122-VN-203068,implementing,2,canonical
org_alias_8b5b191ca6e5,org_78ee58702cd1,DEPARTMENT OF CHILDRENS SERVICES KISUMU,XM-DAC-41122-VN-237360,implementing,2,canonical
org_alias_96e3b3160262,org_d96f8fde4782,DFID,GB-GOV-1,funding,2,canonical
org_alias_eb662f8f4a93,org_201c135b3f3f,DIV PLAN KASAI OCC,XM-DAC-41122-VN-202953,implementing,2,canonical
org_alias_e86f8b91c512,org_c08f6d4f0524,DIVISION PROVINCIALE DE LA SANTE DU KONGO CENTRAL,XM-DAC-41122-VN-203151,implementing,2,canonical
org_alias_b0a97d496def,org_44cbb198beb9,DIVISION PROVINCIALE DU GENRE ET DE LA FAMILLE EQUATEUR,XM-DAC-41122-VN-218577,implementing,2,canonical
org_alias_d80201e966c8,org_2350a40f06cc,DIVISION PROVINCILAE EPSP KASAI CENTRAL EX DIVISION PROV EPSP KASAI OCC,XM-DAC-41122-VN-202797,implementing,2,canonical
org_alias_e0f5059bbaa9,org_79f93fdf38e6,DIVISION URBAINE PROVINCIALE DU PLAN KINSHASA,XM-DAC-41122-VN-201538,implementing,2,canonical
org_alias_62e39924ac28,org_7d08da61c063,DPS MAI NDOMBE DIVISION PROVINCIALE DE LA SANTE,XM-DAC-41122-VN-232161,implementing,2,canonical
org_alias_ed8a9ad7b2ac,org_518461cc7319,Danish Refugee Council / Danish Demining Group (DRC/DDG),,funding,2,canonical
org_alias_0cb2b01a01cd,org_238b08f8fdc8,"Department of Health and Social Care, United Kingdom",,funding,2,canonical
org_alias_1759bf3b6ff2,org_e497fef690e2,"Deutsche Gesellschaft f?r Internationale Zusammenarbeit (GIZ), Germany",,funding,2,canonical
org_alias_377e995194d5,org_c73c62e815dc,Deutsches Medikamenten-Hilfswerk action medeor e.V.,,implementing,2,canonical
org_alias_972ce78df133,org_1ffe2356dcd2,Drugs for Neglected Diseases Initiative,XM-DAC-31007,implementing,2,canonical
org_alias_6a0786080a9a,org_85c5750b483f,Duke University,US-EIN-56-0532129,implementing,2,canonical
org_alias_78ab9f1dd0a1,org_1391dbf2c2f9,ECOLE DE SANTE PUBLIQUE DE KINSHASA,XM-DAC-41122-VN-203241,implementing,2,canonical
org_alias_39af132a79de,org_96e4aed65ab2,ETHIOPIAN CATHOLIC CHURCH SOCIAL AND DEVELOPMENT COMMISSION,XM-DAC-41122-VN-245928,implementing,2,canonical
org_alias_efe758a6dbef,org_bb02bddcfca9,ETHIOPIAN PUBLIC HEALTH INSTITUTE,XM-DAC-41122-VN-223289,implementing,2,canonical
org_alias_4199db974e62,org_249aa4a41aba,Early Learning Partnership Multi Donor Trust Fund - Parallel Trust Fund of TF072402,TF073345,implementing,2,canonical
org_alias_cb2764d568fd,org_9811652e82a4,Education Cannot Wait Fund,XM-DAC-41122-I49936,funding,2,canonical
org_alias_896e456d9eab,org_56b32fc07590,Embassy of the Kingdome of the Netherlands in Rwanda,,funding,2,canonical
org_alias_b27a4a23c8e1,org_d5cf9a20c5db,"Ensure older people in Tanzania have equal access to resources and services. Seeking the mainstreaming of ageing issues into the development agenda of the country, thereby alleviating intergenerational poverty that affects older people and their dependants.",TZ-MOCDGWSG-4196,implementing,2,canonical
org_alias_a050731083ca,org_6bb6bd1f95b1,Erasmus University Medical Center (Erasmus MC),,implementing,2,canonical
org_alias_13612571b271,org_1aaa3157dcec,Ethiopia Federal Ministry of Health,XM-DAC-12002,implementing,2,canonical
org_alias_b7878ae89775,org_c5c7498441eb,Ethiopiaid Ireland,IE-CRO-CHY13305.,funding,2,canonical
org_alias_a6cd9bbf7e00,org_55533cc58015,Ethiopiaid UK,,funding,2,canonical
org_alias_ee1db0866737,org_9ae5d7290fea,"FAID is an initiative of a group of volunteers with many years of experience in the field of ageing. The objective of this initiative is to work for the wellbeing of older people in Pakistan and to raises awareness about ageing and support the government, private sector, civil society, academia, and families to get prepared as a country with appropriate age-friendly policies, programs, services, systems and environments to cater for the needs of the old people of now as well those in of future.",PK-SECP-0254720,implementing,2,canonical
org_alias_16323af8a272,org_d96f8fde4782,FCDO,GB-GOV-1,funding,2,canonical
org_alias_2e89cc0c8e0b,org_4478b44bbada,FONDATION PIERRE FABRE,,implementing,2,canonical
org_alias_3ac307f06262,org_5c090398f454,Family Health International,US-EIN-23-7413005,implementing,2,canonical
org_alias_a943c9853293,org_d09e228b52e4,Family Life Education Program,UG-NGB-1826,implementing,2,canonical
org_alias_c24a96b3945d,org_9903d4716bc6,Financing Alliance for Health,US-EIN-85-0976806,implementing,2,canonical
org_alias_54a78b7f738c,org_52ebda6614bb,GAVI,47122,funding,2,canonical
org_alias_f0cbbb96a3f9,org_a86eafeb4ee5,GAVI,XM-DAC-69-18,accountable,2,canonical
org_alias_5abb4d16cf6c,org_7948d9b819d4,GB-COH-1762840,GB-COH-1762840,accountable,2,canonical
org_alias_b244a47e75ab,org_6b1950d022f6,GOVERNMENT OF MAKUENI COUNTY,XM-DAC-41122-VN-249485,implementing,2,canonical
org_alias_028efe3dffb3,org_0a13acbf8a25,GROUPE URGENCE REHABILITATION DEVELOPPEMENT,,implementing,2,canonical
org_alias_01de03b6a071,org_a32e6a7db5f2,Georgia,XM-DAC-41122-G16001,funding,2,canonical
org_alias_c305d57775f1,org_11f52ee1cdb9,German Doctors e.V.,,implementing,2,canonical
org_alias_50487657de9e,org_e5d5b8a57197,"Gesundes Afrika, Gesellschaft für Medizin und Forschung in Afrika e.V.",,implementing,2,canonical
org_alias_298a3c3f9227,org_1de1651f1927,Girls’ Education Challenge – Fund Manager PwC,GB-COH-03580586-GEC,reporting,2,canonical
org_alias_410fab15723a,org_ad0601a72f41,Global - Gender Equality,XM-DAC-41122-T49957,funding,2,canonical
org_alias_1f0c34b197d6,org_b2f65ab50e19,Global Alliance for Improved Nutrition,CH-FDJP-CHE-110.347.351,implementing,2,canonical
org_alias_7acdb35f0b97,org_0ca5f946b33a,"Global Fund to Fight AIDS, Tuberculosis and Malaria",47045,funding,2,canonical
org_alias_0c1de26c60ee,org_0ca5f946b33a,"Global Fund to Fight AIDS, Tuberculosis and Malaria (GFATM)",47045,funding,2,canonical
org_alias_5c25ac0363be,org_1e0fd9397028,Global Innovation Fund,GB-CHC-1171353,reporting,2,canonical
org_alias_fe62b0e9adad,org_8ef0db369406,Gouvernement du donneur,XM-DAC-11000,implementing,2,canonical
org_alias_117ca57a858c,org_d6c9e1ad9414,Government of Austria,XM-DAC-41122-G03001,funding,2,canonical
org_alias_e75edf1cc8c6,org_7ac8ce140505,Gulu University,,implementing,2,canonical
org_alias_44e347a5b37d,org_fbd35bb0e0a9,HADNET GENERAL TRADING COMPANY LIMITED,,implementing,2,canonical
org_alias_78440cdaad68,org_f0679bd13e1a,HEALTHCARE FOUNDATION ORGANIZATION,XM-DAC-41122-VN-245467,implementing,2,canonical
org_alias_54d943acac6e,org_9a181e8730eb,HECTA LIMITED,,implementing,2,canonical
org_alias_ee2d9f781442,org_99b2eadd4a1f,HELP HILFE ZUR SELBSTHIFE HELP E V,XM-DAC-41122-VN-233147,implementing,2,canonical
org_alias_375efde5c41d,org_5771bb997f1a,HIMILO RELIEF AND DEVELOPMENT ASSOCIATION,XM-DAC-41122-VN-213565,implementing,2,canonical
org_alias_7b7de170e4e6,org_b195a3365545,Health Action International,NL-KVK-41207580,reporting,2,canonical
org_alias_6d209647a92a,org_de0287111667,Health Poverty Action,GB-CHC-1837621,implementing,2,canonical
org_alias_7c2a2237449d,org_d8660eb7dcf8,HealthNet TPO,NL-KVK-41211943,implementing,2,canonical
org_alias_968f2046cfdc,org_9dd0cccf1b5f,Helen Keller International,,implementing,2,canonical
org_alias_dad18f9ee2fe,org_0590181734ca,"HelpAge Ethiopia is a network member of HelpAge International, a global network of organizations working towards a fairer world for older people so they can live safe, healthy, and dignified lives. In addition to working with more than 170 network members in 91 countries, HelpAge International operates country program offices in 13 countries across Asia, Africa, the Middle East, and Eastern Europe. Over the years, the HelpAge International Ethiopia office has been engaging in various service provision activities including humanitarian and development assistance. HelpAge International has also played a key role in promoting the rights of older people and building the capacity of partners and stakeholders for sustainable change. These include setting up of advocacy framework and coordinating higher-level policy dialogues; strengthening the capacity of age- inclusive organizations and older people groups to own and demonstrate actions on and supporting consultative process between OPAs and CSO partners on a list of priority issues and agendas, facilitating them to take lead on the day-to-day implementation of project activities at local, district and regional levels. HelpAge International Ethiopia country program enjoys excellent rapport with the National and Local Government Authorities in Ethiopia including the Ministry of Health, Ministry of Women and Social Affairs, The Refugees and Returnees Service, Authority for Civil Society Organizations, and Regional Administration and Local Government structures. The country program also works with Government Institutions, Research/Academic Institutions, UN agencies, Network members, and Local partners based in Ethiopia. HelpAge International Ethiopia country program’s current focus areas are Income security, Healthy Ageing, and Inclusive Humanitarian Action. More specifically, our sectoral interventions address social protection, health and wellbeing, nutrition,voice/advocacy, livelihoods, protection, and inclusion in both humanitarian and development contexts. In line with its organizational commitment to the Charter for Change, a key element of the HelpAge International Global Strategy 2030, HelpAge International has been transitioning all country programs to be locally led and managed by national 2024/25. To this end, HelpAge International`s country office in Ethiopia has been undergoing a series of consultations for the past 3 years with stakeholders` including target beneficiaries to figure out the best option to embrace localization ambition.",ET-CSA-7632-HAE,implementing,2,canonical
org_alias_45e3be3ec414,org_7948d9b819d4,HelpAge International,GB-COH-1762840,implementing,2,canonical
org_alias_bbe23a2bbdb3,org_e60ea0fe4427,Holland Greentech / MACAMPO,,implementing,2,canonical
org_alias_791ccf251351,org_7ab2b50cfe9c,IDH Sustainable Trade Initiative,,implementing,2,canonical
org_alias_bdf2753628d4,org_0d564c1095d0,IIT Madras,,implementing,2,canonical
org_alias_c4b44061ae79,org_c9e18e9dea8b,INTER RELIGIOUS COUNCIL OF KENYA,XM-DAC-41122-VN-228542,implementing,2,canonical
org_alias_43a27627a362,org_f8d3789089bd,INTERNATIONAL RESCUE COMMITTEE,XM-DAC-41122-VN-218805,implementing,2,canonical
org_alias_db98a33618e7,org_8325fa1303ee,IP not published,XM-DAC-41122-VN-250549,implementing,2,canonical
org_alias_1503ce56fac7,org_cb54e7f7a0a2,IP not published,XM-DAC-41122-VN-238212,implementing,2,canonical
org_alias_1042dff154fe,org_820b189891ff,Iceland,XM-DAC-41122-G19801,funding,2,canonical
org_alias_4e09b8a38654,org_77742aefdb9d,"Imperial College of Science, Technology and Medicine",GB-COH-04465125,reporting,2,canonical
org_alias_9729dbbb09b2,org_f6ca27a0c94c,Individual donors to Ethiopiaid,,funding,2,canonical
org_alias_e60facfd649f,org_854872bc829d,Institut National de Recherche Biomédicale,,accountable,2,canonical
org_alias_0d8351bd2267,org_5fe056f46b14,Institute for Tropical Medicine,,implementing,2,canonical
org_alias_5a86f4f825a8,org_70035025f458,Institute of Development Studies,GB-COH-877338,implementing,2,canonical
org_alias_51ce1572d5dc,org_c2c1dd5c7b33,Institute of Tropical Medicine,BE-BCE_KBO-0410057701,implementing,2,canonical
org_alias_8814ae2bde07,org_08f9668061e0,Integra,XM-DAC-69-2,accountable,2,canonical
org_alias_5dc7b23c9b39,org_56dd0d2564a0,Interchurch Medical Assistance Inc (IMA),,implementing,2,canonical
org_alias_4825243ff9ac,org_9c25c6e3a564,International Bank for Reconstruction and Development,,accountable,2,canonical
org_alias_2d533e45cd1b,org_b23c2b344be2,International Bank for Reconstruction and Development,XM-DAC-44001,accountable,2,canonical
org_alias_c9062b3d884b,org_b23c2b344be2,International Bank for Reconstruction and Development,XM-DAC-44001,implementing,2,canonical
org_alias_eb8bd4e6f12d,org_8e6e3e86afa8,International Centre of Insect Physiology and Ecology (icipe),KE-KRA-P051097200R,funding,2,canonical
org_alias_06c192ff62c8,org_c8c76ca4f84e,International Committee of the Red Cross,XM-DAC-21016,implementing,2,canonical
org_alias_42ac1e7e14c6,org_eba83d0f0bb9,International Development Association,XM-DAC-44002,accountable,2,canonical
org_alias_e2431bbd8a38,org_c29e2b3d3222,International Federation of Red Cross and Red Crescent Societies,XM-DAC-21018,implementing,2,canonical
org_alias_125589724201,org_3f232c6ebd7c,International Finance Corporation,XM-DAC-903,implementing,2,canonical
org_alias_db8c18a8fc34,org_6abd0f3351de,International Food Policy Research Institute,XI-GRID-grid.419346.d,implementing,2,canonical
org_alias_a4f32b421cfb,org_888a6cd184a0,International Institute for Primary Health Care - Ethiopia,XM-DAC-12000,implementing,2,canonical
org_alias_35d288078563,org_3ac48966b591,International Organisation for Migration,XM-DAC-47066,implementing,2,canonical
org_alias_5a4b508ad474,org_3ac48966b591,International Organization for Migration,XM-DAC-47066,accountable,2,canonical
org_alias_b12170b737ca,org_3ac48966b591,International Organization for Migration,XM-DAC-47066,implementing,2,canonical
org_alias_b4238450ec8e,org_3b3d55a1351c,International Planned Parenthood Federation,GB-CHC-229476,accountable,2,canonical
org_alias_1af11d55763c,org_39d2bd506239,International Vaccine Institute,XM-DAC-47074,implementing,2,canonical
org_alias_a434a17f3ccf,org_353c566f69fb,JHPIEGO,XM-DAC-41122-VN-241275,implementing,2,canonical
org_alias_a871fe2d4a55,org_a7554b86c208,Jacaranda Health Solutions Limited,,accountable,2,canonical
org_alias_835524898923,org_a7554b86c208,Jacaranda Health Solutions Limited,,implementing,2,canonical
org_alias_418c3db00268,org_e93b63ad7617,Jimma University,,implementing,2,canonical
org_alias_dda5928f0b44,org_cd2a37e07b0b,Joint United Nations Programme on HIV/AIDS,XM-DAC-41110,accountable,2,canonical
org_alias_cfb8b89d2bdc,org_cd2a37e07b0b,Joint United Nations Programme on HIV/AIDS,XM-DAC-41110,implementing,2,canonical
org_alias_c9023f4a901a,org_cd2a37e07b0b,Joint United Nations Programme on HIV/AIDS (UNAIDS),XM-DAC-41110,funding,2,canonical
org_alias_f5f3f90398bd,org_84596ddf9174,Jomo Kenyatta University of Agriculture and Technology,,implementing,2,canonical
org_alias_65c928d2ad73,org_f53482424a6d,KAKAMEGA COUNTY HEALTH SERVICES,XM-DAC-41122-VN-238201,implementing,2,canonical
org_alias_41af5bbc97ae,org_4be4bb045e5b,KEMRI Wellcome Research Programme,,implementing,2,canonical
org_alias_5018b0d14f31,org_5f21dcfc96b2,KENYA GIRL GUIDES ASSOCIATION,XM-DAC-41122-VN-242735,implementing,2,canonical
org_alias_efb025bd38a8,org_68c252a791db,KENYA PRIVATE SECTOR ALLIANCE FOUNDATION,XM-DAC-41122-VN-248368,implementing,2,canonical
org_alias_11ef133ce18a,org_98831247fb3a,KING'S COLLEGE LONDON,GB-COH-RC000297,reporting,2,canonical
org_alias_d14102ed8556,org_b801607cb002,KPMG AUDITORES SL,XM-DAC-12001,implementing,2,canonical
org_alias_5dd878dd8e6e,org_8004f426a74a,Kamuzu College of Health Sciences,,implementing,2,canonical
org_alias_952c944e630d,org_41e71fb18319,Kamuzu University of Health Sciences,,implementing,2,canonical
org_alias_db08e57ddd3f,org_132fb32a9d6a,Keele University,GB-COH-RC000655,reporting,2,canonical
org_alias_f3cfd886b377,org_fe2c372bb6e1,Kenya Medical Research Institute (KEMRI),,implementing,2,canonical
org_alias_2b2e85435932,org_553043916913,KfW Bankengruppe (KfW),XM-DAC-5-2,accountable,2,canonical
org_alias_3b32f0e7d3ab,org_0594747a7f93,Kilimanjaro Centre for Community Ophthalmology (KCCO),,implementing,2,canonical
org_alias_7a6cc16119fe,org_1bf9799c8fd2,Kota Kita,,implementing,2,canonical
org_alias_2626016d91a0,org_be7349ce1669,LAMU COUNTY GOVERNMENT,XM-DAC-41122-VN-234455,implementing,2,canonical
org_alias_bf327974c540,org_e89be5c84429,LEGO Fonden,TF875061,funding,2,canonical
org_alias_3bb4f83fabdb,org_64129eabd7a5,LEGO Foundation,,funding,2,canonical
org_alias_e7ee3f76c35b,org_13876e926c16,LUGOR AND CO ADVOCATES,,implementing,2,canonical
org_alias_15d04e39ffc9,org_08488ae5c1bf,Liverpool School of Tropical Medicine,,implementing,2,canonical
org_alias_83d3f7d85701,org_16b338107b19,London School of Hygiene & Tropical Medicine,,implementing,2,canonical
org_alias_c9067463c956,org_35a878acd30c,London School of Hygiene and Tropical Medicine,,accountable,2,canonical
org_alias_8ca1516b4863,org_35a878acd30c,London School of Hygiene and Tropical Medicine,,implementing,2,canonical
org_alias_df071c365447,org_6de9b9e7d6d9,London School of Hygiene and Tropical Medicine,22000,implementing,2,canonical
org_alias_979eba4c5c1d,org_a3c56bc3164e,London School of Hygiene and Tropical Medicine,GB-EDU-133903,accountable,2,canonical
org_alias_2558ad5167c9,org_c4497912a6b8,Luxembourg,XM-DAC-41122-G26401,funding,2,canonical
org_alias_b5401e6d486f,org_77bf18ac5dc8,MAEDI,FR-6,funding,2,canonical
org_alias_feaf7e730920,org_77bf18ac5dc8,MAEDI,FR-6,reporting,2,canonical
org_alias_8718bee7c666,org_08f9668061e0,MAGNA,XM-DAC-69-2,accountable,2,canonical
org_alias_f3527563e364,org_489549848e41,MALTESER HILFSDIENST EV,DE-CR-RA000280-VR4726,implementing,2,canonical
org_alias_ae96a177d248,org_aa8e032d0a0b,MEDAIR,XM-DAC-41122-VN-217596,implementing,2,canonical
org_alias_6b316bfe40d9,org_8ec93730c424,MEDICOS DEL MUNDO,ES-NIF-G79408852,implementing,2,canonical
org_alias_464f5f3d63e2,org_81b709ae7621,MERCY USA FOR AID AND DEVELOPMENT INC,XM-DAC-41122-VN-213599,implementing,2,canonical
org_alias_e07fc60e8bb6,org_6082c7dd75dd,"MERQ Consultancy, PLC",XM-DAC-62009,implementing,2,canonical
org_alias_bab7c8cfedd8,org_e66f5c1e7c29,MINISTERE DE LA SANTE PNLS,XM-DAC-41122-VN-202891,implementing,2,canonical
org_alias_4521d31178d9,org_1b2d011f110d,MINISTERO DELLA SALUTE ETIOPICO ALT,,implementing,2,canonical
org_alias_400e3f2b59a8,org_2311ee0131b6,MINISTRY OF FINANCE AND PLANNING,XM-DAC-41122-VN-217603,implementing,2,canonical
org_alias_d863fba3c5d3,org_d6555f391824,MINISTRY OF HEALTH HOMA BAY COUNTY,XM-DAC-41122-VN-228910,implementing,2,canonical
org_alias_6a563188b19a,org_125c19559dba,MINISTRY OF LABOR SOCIAL SECURITY AND SERVICES DEPT OF CHILDREN SERVICES,XM-DAC-41122-VN-227994,implementing,2,canonical
org_alias_25c1ada13fc5,org_4144b0d8cd36,MINISTRY OF LABOUR SOCIAL SECURITY AND SERVICES,XM-DAC-41122-VN-242544,implementing,2,canonical
org_alias_c441cf21ce0f,org_685ae1e924f6,MINISTRY OF LIVESTOCK AND FISHERIES LIVESTOCK,XM-DAC-41122-VN-245426,implementing,2,canonical
org_alias_22b937dc6ade,org_7d2261f6e8ea,MINISTRY OF SOCIAL DEVELOPMENT NBEG,XM-DAC-41122-VN-222061,implementing,2,canonical
org_alias_fd778a8898d8,org_b1158a637eb7,MOTHER AND CHILDREN DEVELOPMENT AID,XM-DAC-41122-VN-231469,implementing,2,canonical
org_alias_2fad0a7daafd,org_61ea9d3edfc1,MOTT MACDONALD LTD,4790,implementing,2,canonical
org_alias_88b2e95bd85c,org_e4d8c00b794d,MRC/UVRI & LSHTM Uganda Research Unit,,implementing,2,canonical
org_alias_21167057e305,org_fd80b1dfb4b9,MSE Auditors Partnership,,implementing,2,canonical
org_alias_1fc612bbbb33,org_cddf81b274d3,MSI Reproductive Choices (MSI),GB-COH-1102208,implementing,2,canonical
org_alias_6b190a528edf,org_3e6c8cc72925,MTWARA REGIONAL SECRETARIAT,XM-DAC-41122-VN-235131,implementing,2,canonical
org_alias_2d1c662f732d,org_79539e1054b2,MUKONO DISTRICT LOCAL GOVERNMENT,XM-DAC-41122-VN-210489,implementing,2,canonical
org_alias_5a4e2873e75e,org_896140535264,Mainline,Mainline,funding,2,canonical
org_alias_1edfa83720cd,org_15eae19fcb51,Mainline Foundation,NL-KVK-41209946,reporting,2,canonical
org_alias_9626327496e0,org_7eecdb46db9c,Makerere University School of Public Health,XM-DAC-51000,implementing,2,canonical
org_alias_cfac16772a66,org_85847f244263,"Makerere University, Uganda",,implementing,2,canonical
org_alias_2ae3f705b3ec,org_88df13c90ef0,"Malawi Liverpool Wellcome Trust Programme, Malawi",,implementing,2,canonical
org_alias_20ceb2bf99cb,org_f783f8fe201a,Malawi-Liverpool Wellcome Programme,,implementing,2,canonical
org_alias_2a8aaff6475a,org_5914cdad1d78,Management Sciences for Health,US-EIN-04-2482188,implementing,2,canonical
org_alias_ce548458b5da,org_031675917896,Marie Stopes International,US-EIN-13-3607969,accountable,2,canonical
org_alias_a53ab92b0df4,org_cddf81b274d3,Marie Stopes International,GB-COH-1102208,implementing,2,canonical
org_alias_88f97d66649e,org_08f9668061e0,Mater Misericordiae Hospital,XM-DAC-69-2,accountable,2,canonical
org_alias_a2443eaca122,org_6ca766dc5463,Maynooth University,,implementing,2,canonical
org_alias_36a11cebad1d,org_cd20d7ed8185,Medair,,implementing,2,canonical
org_alias_66002e84f942,org_b79a201a2b6e,Ministerio Federal de Salud de Etiopía,ES-NIF-ET0000158976G,accountable,2,canonical
org_alias_d21dc7ca666d,org_a86eafeb4ee5,Ministerstvo zdravotníctva SR,XM-DAC-69-18,accountable,2,canonical
org_alias_6bb15e80048b,org_b08cded70727,Ministry of Commerce - MOFCOM,XM-DAC-41122-G08603,funding,2,canonical
org_alias_33362f622b08,org_40c7e78ab376,Ministry of Finance,KE-COA-107,accountable,2,canonical
org_alias_4b95963e3025,org_e303b6bdc44b,Ministry of Finance,,accountable,2,canonical
org_alias_0d8f599a199e,org_3ca95d453fed,Ministry of Foreign Affairs of the Netherlands,XM-DAC-7,accountable,2,canonical
org_alias_c41fefae8c99,org_3ca95d453fed,Ministry of Foreign Affairs of the Netherlands,XM-DAC-7,funding,2,canonical
org_alias_0400868e1f26,org_3ca95d453fed,Ministry of Foreign Affairs of the Netherlands,XM-DAC-7,reporting,2,canonical
org_alias_43670d263bb4,org_e7dfb9321cf0,"Ministry of Foreign Affairs, Denmark",,funding,2,canonical
org_alias_3a603772bca5,org_53bacd42706d,"Ministry of Foreign Affairs, Greece",,funding,2,canonical
org_alias_e99f9f7aed43,org_bfba3253145c,Ministry of Health - Ethiopia,ET-COA-341,implementing,2,canonical
org_alias_9e74f8585a77,org_e9ebfb7d2aaf,Ministry of Health of the Republic of Rwanda,,accountable,2,canonical
org_alias_05d74d4dabb0,org_e9ebfb7d2aaf,Ministry of Health of the Republic of Rwanda,,implementing,2,canonical
org_alias_6367a9142bd8,org_6461e7e12e60,Moi University,,implementing,2,canonical
org_alias_799f497bc13b,org_1d408c880f2b,Muhimbili University of Health and Allied Sciences,,implementing,2,canonical
org_alias_3ee429d686d8,org_3df27e00e3c8,NATIONAL BUREAU OF STATISTICS,XM-DAC-41122-VN-223395,implementing,2,canonical
org_alias_822566af8a29,org_02b69672064e,NIRAS GROUP UK LTD,,implementing,2,canonical
org_alias_e019f2934ccd,org_3f4cf80cd479,National Execution,00942,implementing,2,canonical
org_alias_8880171e55ff,org_fd4d14bd7f02,National Institute of Health Research (NIHR),,funding,2,canonical
org_alias_6a4bd11053f1,org_76e59ca41007,Navrongo Health Research Centre,,implementing,2,canonical
org_alias_9a21daff8d70,org_c918302deddc,"Netherlands embassy in Nairobi, Kenya",,implementing,2,canonical
org_alias_3f386e439001,org_a7e5c7fd9402,Nigeria Centre for Disease Control,,implementing,2,canonical
org_alias_c7e65a19c6fa,org_5d321fbdb7b5,Nigeria Institute of Medical Research,,implementing,2,canonical
org_alias_8cb8e35cc39e,org_52e744cd9a93,Norges Blindeforbund,,implementing,2,canonical
org_alias_9a83651fb456,org_3ffcb40e6b89,Norwegian Church Aid - local office,,implementing,2,canonical
org_alias_04ac8c332003,org_927ede3ef886,Nutrition International,CA-CRA_ACR-869974816,implementing,2,canonical
org_alias_a4c92474822b,org_f0492cacf4bf,OIE,,accountable,2,canonical
org_alias_17bd1a852649,org_f0492cacf4bf,OIE,,implementing,2,canonical
org_alias_732c1c5eebfb,org_5a0d5ef78d32,ONG INTERNATIONALE,XM-DAC-21000,implementing,2,canonical
org_alias_d83391412b45,org_f1e94917a992,ORDA ETHIOPIA,XM-DAC-41122-VN-245622,implementing,2,canonical
org_alias_2fcaa66a3bd9,org_313b8a01eea2,Operation Namaste,,implementing,2,canonical
org_alias_d7f56aeb426b,org_615b7943e64b,Options Consultancy Services,GB-COH-2695347,accountable,2,canonical
org_alias_549539fb17da,org_6c2376b6031f,Oxfam Novib,NL-KVK-27108436,funding,2,canonical
org_alias_336329ec294f,org_6c2376b6031f,Oxfam Novib,NL-KVK-27108436,implementing,2,canonical
org_alias_bed3e36cd56d,org_0401788342c2,PATHFINDER INTERNATIONAL,1011793,implementing,2,canonical
org_alias_16e509116ae1,org_d11943d6eec2,PLAN INTERNATIONAL INC SOUTH SUDAN,XM-DAC-41122-VN-217630,implementing,2,canonical
org_alias_50c2be7cb71a,org_91cce8a84c09,PROGRAMME D ASSISSTANCE AUX POPULATIONS VULNERABLES EN AFRIQUE,XM-DAC-41122-VN-241414,implementing,2,canonical
org_alias_7245484feef4,org_7827d97e7c4a,PROGRAMME NATIONAL DE SANTE DES ADOLESCENTS PNSA KINSHASA,XM-DAC-41122-VN-203086,implementing,2,canonical
org_alias_bbb706a06312,org_be11fa55b1f1,PS SECOND VICE PRESIDENT S OFFICE ZANZIBAR DISASTER MANAGEMENT OFFICE,XM-DAC-41122-VN-209894,implementing,2,canonical
org_alias_4e22f55a9ec5,org_64ad9407340a,Permanent Mission of the Slovakia,XM-DAC-69-1,funding,2,canonical
org_alias_7afcb4fe48ed,org_30eb77e3dd46,Plan International UK,GB-COH-1364201,implementing,2,canonical
org_alias_056e4925ee38,org_eb35e75f4e77,Plan Nederland,NL-KVK-41198890,funding,2,canonical
org_alias_06b9869cc282,org_9f4aac332862,Planned Parenthood Association of Zambia (PPAZ),,implementing,2,canonical
org_alias_c79d55f90e19,org_e18efbe13947,Population Service International,21032,implementing,2,canonical
org_alias_c81e1b6ac642,org_094f83fd4379,Population Services International,XI-IATI-21032,reporting,2,canonical
org_alias_50fd3d2fe11f,org_2adc66bcd186,Population Services International,,implementing,2,canonical
org_alias_912ccf716917,org_54d1779d0177,Population Services International,US-EIN-56-0942853,implementing,2,canonical
org_alias_5fbdf21f27ee,org_b7f76d7c8337,Première Urgence Internationale,,implementing,2,canonical
org_alias_9eabbdb273f8,org_1de1651f1927,PwC,GB-COH-03580586-GEC,accountable,2,canonical
org_alias_50deb15c861c,org_add0b4d338c4,PwC,GB-COH-03580586,implementing,2,canonical
org_alias_915f1b61670d,org_59eb7916bbea,RADDA BARNENS RIKSFORBUND,SE-ON-802002-8638,implementing,2,canonical
org_alias_50459e746c43,org_e0f58c7871ff,REDR AUSTRALIA,,implementing,2,canonical
org_alias_fd1ead0ca0f0,org_7d5fcaa5f146,REGIONAL ADMINISTRATIVE SECRETARY,XM-DAC-41122-VN-235122,implementing,2,canonical
org_alias_d21ce38bcceb,org_d14a7e1beb3d,REPUBLIQUE DU RWANDA,,implementing,2,canonical
org_alias_6a747325ec0b,org_b5503f5b5c88,RESEARCH CENTER FOR INCLUSIVE DEVELOPMENT IN AFRICA,XM-DAC-41122-VN-242807,implementing,2,canonical
org_alias_27a20ea763dc,org_5530bb91a620,RWANDA INTERFAITH COUNCIL ON HEALTH RICH,XM-DAC-41122-VN-209282,implementing,2,canonical
org_alias_2c319a99b01b,org_888a6cd184a0,Recipient Government,XM-DAC-12000,implementing,2,canonical
org_alias_8579485b3de5,org_af053d6af566,Roche Kenya Limited,,funding,2,canonical
org_alias_012353e520b0,org_8d51fd5e02ae,Rockefeller Philanthropy Advisors,TF710006,funding,2,canonical
org_alias_8d2f2d309417,org_0d5acc79b3d9,Rotary International,,funding,2,canonical
org_alias_4a97e115357f,org_380bdb92c1ed,Russian Federation,XM-DAC-41122-G37001,funding,2,canonical
org_alias_145b101a8243,org_726a56e51bdf,Rutgers,NL-KVK-41193594,funding,2,canonical
org_alias_549973bb6961,org_726a56e51bdf,Rutgers,NL-KVK-41193594,implementing,2,canonical
org_alias_7dd2e6d1dcee,org_0a1a718c720c,SAFE AND HEALTHY ENVIRONMENT,XM-DAC-41122-T49958,funding,2,canonical
org_alias_17ff02c7e64b,org_1b578c5591ac,SANTE PLUS ASBL,XM-DAC-41122-VN-242211,implementing,2,canonical
org_alias_5d567fe8dfab,org_d80f49350687,SAVE THE CHILDREN UK DRC,XM-DAC-41122-VN-202880,implementing,2,canonical
org_alias_3d92827ed8fe,org_9443b925f8cb,SAVE THE CHILDREN UK KENYA,XM-DAC-41122-VN-224418,implementing,2,canonical
org_alias_24499c12d372,org_8003ca61db62,SERVICE DE COMMUNICATION ET MEDIAS DU TANGANYIKA,XM-DAC-41122-VN-249129,implementing,2,canonical
org_alias_42876f214307,org_ae0d7adeec3c,SHIMAHR CONSULTANTS LTD,,implementing,2,canonical
org_alias_99f68aa11fa8,org_153155059737,SIDAMA REGIONAL STATE BUREAU OF AGRICULTURE,XM-DAC-41122-VN-249887,implementing,2,canonical
org_alias_76fb2897a446,org_9f61e69e530b,SNV Netherlands Development Organisation,NL-KVK-41152786,reporting,2,canonical
org_alias_c5c72231b87c,org_0c6b28f0c5c7,SNV Rwanda,,accountable,2,canonical
org_alias_abb3879fa8ff,org_0c6b28f0c5c7,SNV Rwanda,,implementing,2,canonical
org_alias_c9e166dee5a2,org_7271cd6eeb5b,SOCIAL DEVELOPMENT CENTER,XM-DAC-41122-VN-215652,implementing,2,canonical
org_alias_e85d7df1dbac,org_fe02b1dca2c7,SOMALI BUREAU OF AGRICULTURE,XM-DAC-41122-VN-250320,implementing,2,canonical
org_alias_09af16820814,org_08de8684343a,SOMALILAND NATIONAL AIDS COMMISSION,XM-DAC-41122-VN-219376,implementing,2,canonical
org_alias_a0b5283a0e4c,org_f8745630db84,Sanru Asbl,XM-DAC-23000,implementing,2,canonical
org_alias_1070a05c0a46,org_307a87ab7ab9,"Science, Technology, Innovation, Research and Sustainability Collaboration (STIRS Collaboration)",,implementing,2,canonical
org_alias_de1722107c89,org_61a36a2d4d9c,Send a Cow Ethiopia,ET-CSA-0638,implementing,2,canonical
org_alias_a4d1bdd0404d,org_775f278552bb,Send a Cow Ethiopia,,implementing,2,canonical
org_alias_3fc7bb42a2ec,org_43c9dae7d836,"Sida is Sweden's government agency for development cooperation. We strive to reduce poverty and oppression around the world. In cooperation with organisations, government agencies and the private sector we invest in sustainable development for all people.",SE-0,funding,2,canonical
org_alias_a22c600597e4,org_8742beae82b1,Spanish Agency for International Cooperation (AECID),,funding,2,canonical
org_alias_514144fe10a1,org_08f9668061e0,St. Bakhita House of Hope,XM-DAC-69-2,accountable,2,canonical
org_alias_c0cff57ac555,org_ad0cda642a20,Stichting Health Insurance Fund,NL-KVK-34234456,accountable,2,canonical
org_alias_6f864a275f0c,org_e018a5beb090,Stichting ZOA,,implementing,2,canonical
org_alias_4fc2f72af7fe,org_7eecdb46db9c,Strathmore University,XM-DAC-51000,implementing,2,canonical
org_alias_3ea29ef7c6eb,org_d12a02350bfc,Sudan Family Planning Association (SFPA),,implementing,2,canonical
org_alias_e1c57596bf58,org_95c048bc570d,TAI TANZANIA,XM-DAC-41122-VN-244435,implementing,2,canonical
org_alias_217ba15ca524,org_97d05054574a,TANZANIA COMMISSION FOR AIDS,XM-DAC-41122-VN-209852,implementing,2,canonical
org_alias_9728c0946b00,org_dd6cea7f533b,TANZANIA INTERFAITH PARTNERSHIP TIP,XM-DAC-41122-VN-237461,implementing,2,canonical
org_alias_5ad00d9191f2,org_dc0be75b712e,TANZANIA SOCIAL ACTION FUND,XM-DAC-41122-VN-233385,implementing,2,canonical
org_alias_a44d5b398345,org_42837c2299d6,THE ORGANIZATION FOR CHILDREN HARMONY,XM-DAC-41122-VN-221606,implementing,2,canonical
org_alias_dc65d6a5e21e,org_c634a8aaeb45,THE WORLD BANK,,implementing,2,canonical
org_alias_6c406c61f666,org_439a6d45069a,TIGRAY YOUTH EMPOWERMENT SOLUTIONS,XM-DAC-41122-VN-244684,implementing,2,canonical
org_alias_2771b391e4e1,org_3dbe1c6bdd51,"TSDA was established in 2000 in Ethiopia to improve the lives of marginalised groups in the country, in particular vulnerable children, women, and older people living in poverty. TSDA designs and implements participatory projects that aim to prevent the spread of HIV/AIDS, and facilitate income generation and employment opportunities. TSDA has implemented various projects providing care and support for older people, community-based healthcare, education and learning, combating gender-based violence, and providing guidance to older people on how they can earn an income. It also provides food, shelter, and psychosocial and legal support, and is involved in fundraising, campaigning and advocacy. TSDA became a HelpAge global network member in 2018.",,implementing,2,canonical
org_alias_b68957b8dc8b,org_69ff24d03f8e,TURKANA COUNTY ASSEMBLY,XM-DAC-41122-VN-238459,implementing,2,canonical
org_alias_24da327211bd,org_b801607cb002,Tanzania Medicines and Medical Devices Authority (TMDA),XM-DAC-12001,implementing,2,canonical
org_alias_019263c45d38,org_344cb03ee566,Technology for Social Change and Development Initiative,,implementing,2,canonical
org_alias_0186ec094a62,org_62b82d39435e,Temple University - Of The Commonwealth System of Higher Education,US-EIN-23-1365971,implementing,2,canonical
org_alias_5478d6b1a394,org_78c57f9769ec,Tetra Tech International Development Limited,,implementing,2,canonical
org_alias_0d892e7d0f42,org_dc588ca24abd,The AIDS Support Organisation (Uganda) Limited,,accountable,2,canonical
org_alias_c1ee2371b91b,org_dc588ca24abd,The AIDS Support Organisation (Uganda) Limited,,implementing,2,canonical
org_alias_065864cd6ccd,org_0f4f45afeeac,The Carter Center,US-EIN-58-1454716,implementing,2,canonical
org_alias_c74e90fec2e9,org_f45fca27c0e6,The END Fund,US-EIN-27-3941186,implementing,2,canonical
org_alias_7f0c5294a352,org_ae1b58ba3bfa,"The Global Fund to Fight AIDS, Tuberculosis and Malaria",XM-DAC-47045,funding,2,canonical
org_alias_d03aed946b03,org_6c162be7fadd,The Hunger Project Netherlands,NL-KVK-41201198,implementing,2,canonical
org_alias_f81af0940b4f,org_70035025f458,The Institute of Development Studies,GB-COH-877338,reporting,2,canonical
org_alias_89fece24f031,org_05d4b49f0d92,The International Rescue Committee,US-EIN-13-5660870,reporting,2,canonical
org_alias_859765bb41a6,org_08f9668061e0,The Mater Hospital,XM-DAC-69-2,accountable,2,canonical
org_alias_863eafdb1625,org_f0dc091112d5,The Task Force for Global Health,,funding,2,canonical
org_alias_1c7865bae78c,org_0643a73b757b,The University of Alabama at Birmingham,US-EIN-63-6005396,implementing,2,canonical
org_alias_0efc56586031,org_825d63548399,The University of Manchester,GB-COH-RC000797,accountable,2,canonical
org_alias_124504e2b67b,org_57eecf563e39,The University of Oxford,GB-UKPRN-10007774,implementing,2,canonical
org_alias_ced33b0f2c42,org_9095e8a0a82d,The William and Flora Hewlett Foundation,TF780001,funding,2,canonical
org_alias_fce79cf9abfc,org_3dfdda93bda8,Tropical Institute of Community Health and Development,,implementing,2,canonical
org_alias_5d1321317370,org_4fe9aca01c42,ULB-COOPERATION ASBL,BE-BCE_KBO-0415627875,implementing,2,canonical
org_alias_1a7b86a29314,org_4fe9aca01c42,ULB-Coopération,BE-BCE_KBO-0415627875,accountable,2,canonical
org_alias_b3b0e5f230ee,org_4fe9aca01c42,ULB-Coopération,BE-BCE_KBO-0415627875,funding,2,canonical
org_alias_e74df767728e,org_4fe9aca01c42,ULB-Coopération,BE-BCE_KBO-0415627875,implementing,2,canonical
org_alias_2178086c9d4d,org_4fe9aca01c42,ULB-Coopération,BE-BCE_KBO-0415627875,reporting,2,canonical
org_alias_931cdd9e2d94,org_08f9668061e0,UNICEF,XM-DAC-69-2,accountable,2,canonical
org_alias_16f0a52a283a,org_1b2f38e9ff7f,UNICEF-QATAR,XM-DAC-41122-F62401,funding,2,canonical
org_alias_28b3365d3b64,org_a5b4aecbd52f,UNITED NATIONS CHILDREN FUND,,implementing,2,canonical
org_alias_52e88905ee2c,org_2de0bd70bdce,UNOPS,41AAA,funding,2,canonical
org_alias_f6c1fccca1f7,org_56e3f254b598,UYISENGA NI IMANZI,XM-DAC-41122-VN-209264,implementing,2,canonical
org_alias_6db209ffcfd4,org_1afbb7107bd6,Uganda,,funding,2,canonical
org_alias_b907737e604b,org_9ee31fdf3552,Uganda Virus Research Institute,,implementing,2,canonical
org_alias_e4e6ecdbfa95,org_10d2303f236a,United Nations Children's Fund (UNICEF),XM-DAC-41122,implementing,2,canonical
org_alias_a36a05439baa,org_2c3ca1001b10,United Nations Development Programme,,accountable,2,canonical
org_alias_b07a8aaf4c7d,org_2c3ca1001b10,United Nations Development Programme,,implementing,2,canonical
org_alias_332cd28e51cc,org_89136f8179ea,United Nations Office for the Coordination of Humanitarian Affairs (UNOCHA),XM-DAC-41127,funding,2,canonical
org_alias_594d55042871,org_8211c70e26a7,United Nations Population Fund,,implementing,2,canonical
org_alias_f2759f40f4c9,org_b9118bf33159,United Nations World Food Programme (WFP),XM-DAC-41140,implementing,2,canonical
org_alias_9351b2a5be06,org_69d94162db3c,Universidade de Sao Paulo,,implementing,2,canonical
org_alias_46df011d8427,org_d5fadba083de,University College Ghent,,implementing,2,canonical
org_alias_fad1b6fdf11b,org_cc1d1db06699,University College Limburg,,implementing,2,canonical
org_alias_fbe2a32b6555,org_fd74b04cc1a8,University of California San Francisco,US-EIN-94-6036493,implementing,2,canonical
org_alias_b4c7030cf50d,org_d4e4c55719ed,University of Cape Town,,implementing,2,canonical
org_alias_61ed2e8b7990,org_1c4ab910232c,University of Geneva,CH-FDJP-CHE-419.249.116,implementing,2,canonical
org_alias_a0ada3f215d3,org_023c7258dc2e,University of Gondar,XI-ROR-0595gz585,implementing,2,canonical
org_alias_15effd6c2a0f,org_7eecdb46db9c,University of Nairobi,XM-DAC-51000,implementing,2,canonical
org_alias_3b8e04cc45d9,org_57eecf563e39,University of Oxford,GB-UKPRN-10007774,implementing,2,canonical
org_alias_0e3794b515f9,org_fafe7616e794,University of Oxford,GB-EDU-133863,implementing,2,canonical
org_alias_a532e9bdf4da,org_f5adfc903c14,University of Rwanda,,implementing,2,canonical
org_alias_4fd4d85f4932,org_b2c303562a54,University of Warwick,GB-HESA-0163,implementing,2,canonical
org_alias_4eebf233a8be,org_76af77f490d2,University of Washington Foundation,US-EIN-94-3079432,implementing,2,canonical
org_alias_5e8ac36b036c,org_c07cab3b0d1c,VIHIGA COUNTY HEALTH DEPARTMENT,XM-DAC-41122-VN-238462,implementing,2,canonical
org_alias_603ffc8d9dc0,org_59a054fb2d03,VODACASH SA,XM-DAC-41122-VN-245189,implementing,2,canonical
org_alias_562b31002fc2,org_81f04260a4c3,VSO,GB-CHC-313757,implementing,2,canonical
org_alias_e105c1970666,org_16d4806fa569,Veterinarians Without Borders,CA-CRA_ACR-0010011170,implementing,2,canonical
org_alias_7d81200afa6c,org_a5996b5c78d8,WESTERN UNION US,XM-DAC-41122-VN-248835,implementing,2,canonical
org_alias_d1f78094d328,org_b9118bf33159,WFP,XM-DAC-41140,implementing,2,canonical
org_alias_25db6a969858,org_93672506ba25,WILTON PARK EXECUTIVE AGENCY,,implementing,2,canonical
org_alias_e22f31b2d2a4,org_421a12106374,WORLD HEALTH ORGANISATION (WHO),,implementing,2,canonical
org_alias_79917c0f7187,org_5be3af5ac51e,WORLD VISION,XM-DAC-41122-VN-202801,implementing,2,canonical
org_alias_989800cf450f,org_0764cac2dbef,WS INSIGHT LIMITED,,implementing,2,canonical
org_alias_3a33986e77ec,org_64434bfc5632,War Child Holland,NL-KVK-41215393,accountable,2,canonical
org_alias_f1bcc32bcefe,org_5c8c4205a844,Wellcome Connecting Science,,implementing,2,canonical
org_alias_beab08e3aed0,org_312bafac3130,William and Flora Hewlett Foundation,US-EIN-941655673,funding,2,canonical
org_alias_4bf68552f9a9,org_9d56378d344b,World Health Organisation - assessed contributions,XM-DAC-41307,accountable,2,canonical
org_alias_b3c57f8ace3f,org_3d8997fe9a0c,World Health Organization,,implementing,2,canonical
org_alias_333ba05744ef,org_03f184fc4d50,World Health Organization Regional Office for Africa,XM-DAC-41143,implementing,2,canonical
org_alias_c59362ffe319,org_dc88520ee908,World Organisation for Animal Health (WOAH),,accountable,2,canonical
org_alias_653b413d0738,org_dc88520ee908,World Organisation for Animal Health (WOAH),,implementing,2,canonical
org_alias_7c525a460d5a,org_17796d21b28c,World Vision Ethiopia,ET-CSA-0784,implementing,2,canonical
org_alias_3fdbad1179f4,org_ab3aa9c2fd63,World Vision International,US-EIN-95-3202116,implementing,2,canonical
org_alias_cee35c661829,org_fbd166968502,World Vision United Kingdom,GB-CHC-285908,accountable,2,canonical
org_alias_75c22efb23d1,org_fbd166968502,World Vision United Kingdom,GB-CHC-285908,reporting,2,canonical
org_alias_9e7d66fc516a,org_839cd73be018,XM-DAC-22000,XM-DAC-22000,implementing,2,canonical
org_alias_741a776454af,org_eba83d0f0bb9,XM-DAC-44002,XM-DAC-44002,implementing,2,canonical
org_alias_65f1f150b752,org_9b5ac82d3147,YOUNG WOMEN S CHRISTIAN ASSOCIATION OF RWANDA YWCA RWANDA,XM-DAC-41122-VN-238457,implementing,2,canonical
org_alias_c26f7a9088f5,org_b2154f47a67d,ZANZIBAR ASSOCIATION OF PEOPLE LIVING WITH HIV AND AIDS ZAPHA,XM-DAC-41122-VN-209847,implementing,2,canonical
org_alias_162bc555b785,org_a9ddea67277d,arche noVa - Initiative für Menschen in Not e.V.,,implementing,2,canonical
org_alias_bcc312590579,org_d70ae0ab8b52,humedica e.V.,,implementing,2,canonical
org_alias_e547ff1bc1ad,org_b14f3e884d9d,management4health GmbH,,implementing,2,canonical
org_alias_9ae5042952a8,org_b59633084190,-,,funding,1,canonical
org_alias_721dd77efe49,org_b2676c3405cd,15ème Communauté Baptiste du Congo ECC ASBL,,implementing,1,canonical
org_alias_bc75290b771a,org_c2ad8b72d0cb,3ie International Initiative for Impact Evaluation,,implementing,1,canonical
org_alias_65a2e8863d7b,org_d3fca421f0dc,60 Decibels,,implementing,1,canonical
org_alias_ff51baee8118,org_cb1581520283,ABYEI COMMUNITY ACTION FOR DEVELOPMENT,XM-DAC-41122-VN-217492,implementing,1,canonical
org_alias_31ea88477c4b,org_70ba48f302e7,ACAD - Christian Action for Aid and Development,,implementing,1,canonical
org_alias_65080118376b,org_6082c7dd75dd,ACE Investment and Impact Advisors PLC,XM-DAC-62009,implementing,1,canonical
org_alias_159cd658f856,org_c9e4e7c8e8cd,ACK Development Services (ADS) - Nyanza,KE-RCO-78260,accountable,1,canonical
org_alias_09730aad8623,org_c9e4e7c8e8cd,ACK Development Services (ADS) - Nyanza,KE-RCO-78260,implementing,1,canonical
org_alias_fc65844dbb32,org_c9e4e7c8e8cd,ACK Development Services (ADS) - Nyanza,KE-RCO-78260,reporting,1,canonical
org_alias_3c07e8279a58,org_ea255449ae01,ACROSS AFRICA DEVELOPMENT ORGANIZATION,XM-DAC-41122-VN-246266,implementing,1,canonical
org_alias_a3f2f736cd51,org_71c055792cfe,ACTED,FR-SIRET-4028868160030,implementing,1,canonical
org_alias_439073096a93,org_a2fab98ce412,ACTION AGAINST HUNGER ETHIOPIA,XM-DAC-41122-VN-237333,implementing,1,canonical
org_alias_e7b07b15ba23,org_cf4ef8515109,ACTION AGAINST HUNGER SPAIN,ES-CIF-G81164105,implementing,1,canonical
org_alias_a2e19417e54e,org_0c21969bd0c0,ACTION AGAINST HUNGER USA,US-EIN-13-3327220,reporting,1,canonical
org_alias_9bf36606421e,org_0bec58d1a548,ACTION FOR CONFLICT RESOLUTION,XM-DAC-41122-VN-235858,implementing,1,canonical
org_alias_03e799ba0b38,org_d237f725ded7,ACTION JUSTICE ET PAIX,XM-DAC-41122-VN-241357,implementing,1,canonical
org_alias_bd64c21194bb,org_7ea02b08c5a6,ACTION POUR LE DEVELOPPEMENT DU PEUPLE ADEPE,XM-DAC-41122-VN-239300,implementing,1,canonical
org_alias_d0d688dc579c,org_b902261b1296,ACTIONS CONCRETES POUR LA PROTECTION DE L ENFANCE,XM-DAC-41122-VN-203303,implementing,1,canonical
org_alias_919b5f08f776,org_4371b812f2b7,ACTIONS HUMANITAIRES ET DAIDE AU DEVELOPPEMENT INTEGRE AHADI,XM-DAC-41122-VN-242191,implementing,1,canonical
org_alias_bc001d1d49ac,org_05583d362f80,ACTIVE IN DEVELOPMENT AID,XM-DAC-41122-VN-244638,implementing,1,canonical
org_alias_b852ca58864e,org_c12beba1f124,ADDIS ABABA CIVIL REGISTRATION AND RESIDENCY SERVICE AGENCY,XM-DAC-41122-VN-235752,implementing,1,canonical
org_alias_049086489fed,org_ad091fa39a75,ADMINISTRATION OF EDUCATION ABYEI,XM-DAC-41122-VN-220047,implementing,1,canonical
org_alias_273588051a74,org_04e0002a9d2a,ADRA - Adventist Development and Relief Agency Canada,CA-CRA_ACR-3132056813,implementing,1,canonical
org_alias_76e7554b5b3d,org_736ee6be6640,ADRA DEUTSCHLAND EV,DE-CR-RA000228-VR1965,implementing,1,canonical
org_alias_1f5a08dff4d4,org_148bf3413030,ADRA DR Congo,,implementing,1,canonical
org_alias_47b26f1818e3,org_3e3dde171acf,ADRA Danmark,DK-CVR-20074035,reporting,1,canonical
org_alias_6e137a9c817d,org_259df8a4c011,AECOM Limited,GB-COH-GB-COH-01846493,reporting,1,canonical
org_alias_7560da67b8dd,org_be7a211f8a17,AFAR COMMUNITY INITIATIVE SUSTAINABLE DEVELOPMENT,XM-DAC-41122-VN-250063,implementing,1,canonical
org_alias_30c944fd3fcb,org_cd39fc1b2da8,AFAR REGIONAL BUREAU OF JUSTICE,XM-DAC-41122-VN-203771,implementing,1,canonical
org_alias_bd4c5b2d84bd,org_ddc8e06355c9,AFAR REGIONAL BUREAU OF WOMEN AND CHILD AFFAIRS,XM-DAC-41122-VN-203770,implementing,1,canonical
org_alias_6135c5fc2236,org_686278673783,AFAR REGIONAL DISASTER PREVENTION FOOD SECURITY AND PROGRAMME COORDINATION,XM-DAC-41122-VN-203768,implementing,1,canonical
org_alias_1348079ddc8c,org_d35503467fd2,AFAR REGIONAL VITAL EVENTS REGISTRATION SERVICE,XM-DAC-41122-VN-248707,implementing,1,canonical
org_alias_f9d827294f1b,org_4e8a91a6c7a1,AFLAM,,funding,1,canonical
org_alias_526fc40a2552,org_2ba71a69dc54,AFRICA CENTRES FOR DISEASE CONTROL,1014808,implementing,1,canonical
org_alias_a888870ca39d,org_4eee9d04cfc4,AFRICA DEVELOPMENT AID,XM-DAC-41122-VN-246253,implementing,1,canonical
org_alias_ed0ee8e6950b,org_12a925f90839,AFRICAN ADVANCED LEVEL TELECOM INSTITUTE,,implementing,1,canonical
org_alias_b5b5704dbe57,org_2c99f45860e7,AFRICAN CENTRE FOR TECHNOLOGY STUDIES,,implementing,1,canonical
org_alias_f83c092e4605,org_49f58d0fc8bc,AFRICAN CHILDREN S RIGHTS FOUNDATION ACRIF,XM-DAC-41122-VN-245362,implementing,1,canonical
org_alias_9a754cc79778,org_9d2bfa8d9990,AFRICAN HUMANITARIAN CORPS,XM-DAC-41122-VN-246125,implementing,1,canonical
org_alias_75ea84af46c9,org_4f65bc715cfa,"AGE Myanmar (Alliance for Generations and Empowerment in Myanmar) is a national NGO working with a network of partners throughout the country to transform the lives of older people, people with disabilities, and their families across the generations. Formerly under HelpAge International, our team has a proven track record of successfully leading community-level programming, local capacity development, policy advocacy, and research. We deliver assistance in partnership with over 300 community-led Inclusive Self-Help Groups (ISHGs), who are supported by a representative structure from township to state/region and up to national level. AGE Myanmar is governed by a dedicated board of directors and supported by visionary advisors with diverse expertise.",MM-MHA-0072-2022-AM028,implementing,1,canonical
org_alias_068fa532d495,org_25974ab71dea,AGENCE FRANCAISE DE DEVELOPPEMENT,,implementing,1,canonical
org_alias_da5334f2a06b,org_7b1a57095347,AGENCIA ESPANOLA DE COOPERACION INTERNACIONAL PARA EL DESARROLLO,XM-DAC-50-21,implementing,1,canonical
org_alias_82b7a92ec6e0,org_0037b24d3584,AGIS ASSISTANCE GLOBALE POUR L IDEALE SANTE,XM-DAC-41122-VN-203094,implementing,1,canonical
org_alias_4e3b61929108,org_98a046386f66,AGY Ambala Group Ghana Limited,,implementing,1,canonical
org_alias_08c737ad3871,org_aa6b944b676a,AHRI - Armauer Hansen Research Institute,,implementing,1,canonical
org_alias_313b4e3b5ba8,org_464312ed0190,AKAM,,implementing,1,canonical
org_alias_73cf1c5dddf7,org_56945669d970,ALIMA ALLIANCE POUR ACTION MEDICALE INTERNATIONALE,XM-DAC-41122-VN-215602,implementing,1,canonical
org_alias_b5da4c05e78e,org_e9346f8accc6,ALLIANCE FOR COMMUNITY DEVELOPMENT,XM-DAC-41122-VN-246185,implementing,1,canonical
org_alias_9b54d8bfe534,org_5d2370f6704a,AMHARA BOWCYA,XM-DAC-41122-VN-203749,implementing,1,canonical
org_alias_709bd45226a9,org_9ff8322ce872,AMHARA DISASTER PREVENTION FOOD SECURITY COMMISSION OFFICE,XM-DAC-41122-VN-231384,implementing,1,canonical
org_alias_a59530c99d1d,org_e2f8618e6159,AMHARA GENERAL ATTORNEY,XM-DAC-41122-VN-220632,implementing,1,canonical
org_alias_0325c726b73f,org_ab2e688984a2,AMHARA VITAL EVENTS REGISTRATION AGENCY,XM-DAC-41122-VN-231383,implementing,1,canonical
org_alias_44b3987b7788,org_176e3f81ea16,AMHARA WOMENS ASSOCIATION,XM-DAC-41122-VN-248638,implementing,1,canonical
org_alias_76906ff7be15,org_7a832889b97b,AMREF Ethiopia,GB1,implementing,1,canonical
org_alias_2216a98580b5,org_355b1ad7ae9b,AMREF HEALTH AFRICA IN KENYA,,accountable,1,canonical
org_alias_fa223d405514,org_355b1ad7ae9b,AMREF HEALTH AFRICA IN KENYA,,implementing,1,canonical
org_alias_fc33b237dcca,org_db5fa944b561,AMREF HEALTH AFRICA ONG/ON,,implementing,1,canonical
org_alias_a8c2b1503948,org_33299952d173,AON UK LIMITED,1010739,implementing,1,canonical
org_alias_5dbd0b2461d7,org_1395d37aaf9a,APDA,,implementing,1,canonical
org_alias_c2ecedcf38e5,org_365b0bf4e956,APPUI AUX FEMMES DEMUNIES ET ENFANTS MARGINALISES,XM-DAC-41122-VN-203245,implementing,1,canonical
org_alias_9411e552e810,org_a0ee49953695,ARES,BE-BCE_KBO-XM-DAC-2-10-1112,implementing,1,canonical
org_alias_e316755aba5e,org_cad318f7b51f,"ARMOR Organization is an indigenous, non-governmental, humanitarian organization registered with the FDRE Authority for Civil Society Organizations (ACSO) in 2016 and renewed in 2022. Founded and led by Alemtsehay Sahle Makonnen, ARMOR operates across all regional states of Ethiopia to assist Ethiopian people in fighting poverty and living a satisfactory life through its 8 integrated projects: ARMOR-CUP, ARMOR-Elderly, ARMOR-Women, ARMOR-Water, ARMOR-Health, ARMOREducation, ARMOR-Children, and ARMOR-Agriculture",,implementing,1,canonical
org_alias_71081b7af2c9,org_71f0e51ac29b,ARTICLE 33 INDONESIA,1015870,implementing,1,canonical
org_alias_e400c620aadf,org_9e466a0b4af8,ARUP AUSTRALIA PTY LTD,,implementing,1,canonical
org_alias_6077f4304d03,org_2a96dd2b89cc,ARUP SINGAPORE PTE LTD,,implementing,1,canonical
org_alias_901720950d43,org_b6d9579b1d82,ASDEPO ACTION FOR SOCIAL DEVELOPMENT AND,XM-DAC-41122-VN-244392,implementing,1,canonical
org_alias_1d41ac009f44,org_89ca46326a33,ASPIRE DEBATE RWANDA,XM-DAC-41122-VN-249723,implementing,1,canonical
org_alias_b7946932671f,org_0b8b4226b030,ASSISTANCE AUX ENFANTS ABANDONNES ET ORPHELINS CENTRES NUTRITIONNELS,XM-DAC-41122-VN-242344,implementing,1,canonical
org_alias_3e264523a09a,org_74d89633f2d8,ASSOCIATION DES FEMMES POUR LE DEVELOPPEMENT COMMUNAUTAIRE,XM-DAC-41122-VN-238279,implementing,1,canonical
org_alias_78d506b1bdb4,org_b801607cb002,ATELIER D ARCHITECTURE DDV KIN,XM-DAC-12001,implementing,1,canonical
org_alias_718637b38103,org_75a060ca80ed,ATScale,,funding,1,canonical
org_alias_b5c4e2e7f4b1,org_75a060ca80ed,ATScale,,implementing,1,canonical
org_alias_ac39663bc563,org_95b9616fde87,AWYAD,,implementing,1,canonical
org_alias_0084727b6ad9,org_1d9908ea3eb0,AYUUB NGO,XM-DAC-41122-VN-218218,implementing,1,canonical
org_alias_63c8fdb0a69e,org_7eecdb46db9c,Aberystwyth University,XM-DAC-51000,implementing,1,canonical
org_alias_3e14ba007b51,org_5c1e10208472,Abt Associates Inc.,US-EIN-042347643,funding,1,canonical
org_alias_0771bbf3eaed,org_006e1780999c,Abt Britain Ltd,,implementing,1,canonical
org_alias_8832def96a58,org_6a30dd272c2b,Abt Britain Ltd,GB-COH-10633588,implementing,1,canonical
org_alias_bbac83f35f6d,org_6a30dd272c2b,Abt Britain Ltd,GB-COH-10633588,reporting,1,canonical
org_alias_5587f837f4d2,org_986a62f2d21a,Académie de recherche et d'enseignement supérieur,BE-BCE_KBO-0546740696,accountable,1,canonical
org_alias_3b9652b830dd,org_ca7612b4759e,Access to Nutrition Initiative,NL-KVK-60749515,implementing,1,canonical
org_alias_28f6b6612b7f,org_055aa8b96cff,Act4Africa,GB-COH-04276635,reporting,1,canonical
org_alias_e3d257a2b50e,org_f000951e4d31,Act4Africa UG,UG-COH-04276635,implementing,1,canonical
org_alias_2637e09b66fc,org_055aa8b96cff,Act4Africa UK,GB-COH-04276635,accountable,1,canonical
org_alias_e850971f45a5,org_86ff8fd60111,Action Against Hunger,CA-CRA_ACR-3833634678,implementing,1,canonical
org_alias_6223de988f95,org_eebcbbbbb99b,Action Against Hunger,,implementing,1,canonical
org_alias_103cea6ff565,org_8605c781992e,Action Against Hunger (UK),GB-CHC-1047501,implementing,1,canonical
org_alias_524b9308693f,org_8605c781992e,Action Against Hunger UK,GB-CHC-1047501,funding,1,canonical
org_alias_ff8da2907412,org_8605c781992e,Action Against Hunger UK,GB-CHC-1047501,reporting,1,canonical
org_alias_1c7505130c66,org_0c21969bd0c0,Action Against Hunger-USA,US-EIN-13-3327220,implementing,1,canonical
org_alias_1247fd4bd293,org_10ca5fe68bd4,Action Contre la Faim France,FR-RCS-31899089200065,reporting,1,canonical
org_alias_7b62fd2af931,org_9e11dc4cdf4e,Action for Social Development and Environmental Protection Organization,,implementing,1,canonical
org_alias_5ad747e2a6b3,org_8619674377e4,ActionAid International Kenya,KE-NCB-OP/218/051/924/84,implementing,1,canonical
org_alias_8750287fca5c,org_7eecdb46db9c,Addis Ababa Science and Technology University,XM-DAC-51000,implementing,1,canonical
org_alias_7ebcc6d4ec45,org_a634b92330ae,"Addis Ababa University, Ethiopia",,implementing,1,canonical
org_alias_ee45161ce259,org_a302be00eeaa,Adina Stiftelsen,,implementing,1,canonical
org_alias_09f0c2c3ed00,org_06dab5ab119f,Adina Stiftelsen - Local Office,,implementing,1,canonical
org_alias_f0df4e42b1ce,org_24235c323287,Advancing Human Capital Outcomes Globally Multi-Donor Trust Fund,TF073417,implementing,1,canonical
org_alias_906be772ecff,org_67d788db98d2,Aero Medical Services,,implementing,1,canonical
org_alias_73c1fcdcd9e6,org_08f9668061e0,Africa Cancer Foundation,XM-DAC-69-2,accountable,1,canonical
org_alias_f25935aad3fe,org_f8745630db84,Africa Clinical Research Network Foundation,XM-DAC-23000,implementing,1,canonical
org_alias_b9e237830532,org_6082c7dd75dd,Africa Communications Media Group,XM-DAC-62009,implementing,1,canonical
org_alias_c1d1a2dca062,org_6c7fdbeb260f,Africa Nordic Development Fund (NDF) Climate Change Program Parallel Trust Fund of TF071810,TF072828,implementing,1,canonical
org_alias_4fb55952f8f0,org_f8745630db84,Africa Public Health Foundation,XM-DAC-23000,implementing,1,canonical
org_alias_c4c6ebad7715,org_55ab6fe9e59f,Africa Research and Impact Network,,implementing,1,canonical
org_alias_8676bb7f929d,org_cfdedca70e1c,African Capacity Building Foundation,XM-DAC-47001,implementing,1,canonical
org_alias_233561fb0982,org_5a0d5ef78d32,African Health Economics and Policy Association,XM-DAC-21000,implementing,1,canonical
org_alias_dfbce79301e4,org_7eecdb46db9c,African Health and Economic Transformation Institute (AHETI),XM-DAC-51000,implementing,1,canonical
org_alias_ec033065eea8,org_1a379a726364,African Institute for Development Policy,,accountable,1,canonical
org_alias_236a6243813b,org_1a379a726364,African Institute for Development Policy,,implementing,1,canonical
org_alias_2f0712570d69,org_7eecdb46db9c,African Institute for Development Policy,XM-DAC-51000,implementing,1,canonical
org_alias_aa3242c3d819,org_7eecdb46db9c,African Institute of Biomedical Science And Technology,XM-DAC-51000,implementing,1,canonical
org_alias_ba114d9dad44,org_ac8d7e0ca88a,African Medical and Research Foundation,KE-RCO-C1-61,accountable,1,canonical
org_alias_3ffa9ef8facc,org_4d6b25ad8870,African Medicines Agency,XM-DAC-47005,implementing,1,canonical
org_alias_8b3b1e94edf8,org_f8a8590ab59a,African Population Health Research Center,US-EIN-06-1608361,implementing,1,canonical
org_alias_66870c61f905,org_f8a8590ab59a,African Population and Health Research Center,US-EIN-06-1608361,implementing,1,canonical
org_alias_3aee134ba1f8,org_a5ba5775610d,African Population and Health Research Centre,,accountable,1,canonical
org_alias_13892d65d220,org_a5ba5775610d,African Population and Health Research Centre,,implementing,1,canonical
org_alias_52055aef0553,org_f8745630db84,African Renaissance Trust,XM-DAC-23000,implementing,1,canonical
org_alias_d65a891cfb15,org_4d6b25ad8870,African Union Development Agency - New Partnership for Africa’s Development,XM-DAC-47005,implementing,1,canonical
org_alias_aa2d2107439a,org_2ef70d4bbadd,Africapacity,,implementing,1,canonical
org_alias_09e4adf338d2,org_2df3e426b3f9,Aga Khan University,,implementing,1,canonical
org_alias_c1d6125802da,org_a5303046de26,Aga Khan University Tanzania,,implementing,1,canonical
org_alias_d35083045bec,org_7bccaff854eb,"Aga Khan University, Tanzania",TZ-TRA-132-359-466,reporting,1,canonical
org_alias_6b4aa7afe985,org_174c4423de9e,Agence Francaise de Developpement A,FR-3,funding,1,canonical
org_alias_c09946a90863,org_d37492649c8a,Ags Worldwide Movers Ltd,,implementing,1,canonical
org_alias_ae6869f657bb,org_2b8d3bc91880,Aisha Charity Association,,implementing,1,canonical
org_alias_01553c2bcd8c,org_97b37ba8009b,Aksum University,,implementing,1,canonical
org_alias_1adc0592ec9f,org_c07301493ef8,Alinea International Ltd,CA-CRA_ACR-3120560594,implementing,1,canonical
org_alias_f31c14f51bc3,org_feae711e7220,Alinea International Ltd,CA-CRA_ACR-0010008163,implementing,1,canonical
org_alias_a3309f5c289e,org_18d34e0e72f9,Alisa Hotel North Ridge,,implementing,1,canonical
org_alias_26bd5a2918e5,org_76d042230155,Alliance for Health Policy and Systems Research (AHPSR),,funding,1,canonical
org_alias_e938e5fd0071,org_71eb390b79e0,Ambo University,,implementing,1,canonical
org_alias_38b430b6d0a2,org_e3598dc83fbb,"Amel Association International believes that Human Rights and Dignity must be ensured and protected for eachhuman being regardless of religious, ethnic, nationalities, economic, political and ideological differences.",LB-MOI-109-A.D,implementing,1,canonical
org_alias_3219466934bc,org_860caeed6e6b,American International Health Alliance,US-EIN-52-1773753,implementing,1,canonical
org_alias_cb5f1e81f5ca,org_5d6ebccbf194,American University of Beirut,,implementing,1,canonical
org_alias_881461d80438,org_634496bea700,American University of Beirut (AUB),,implementing,1,canonical
org_alias_2e7c5927556c,org_e38f5aebf3ac,Amref Health Africa - UK,GB-CHC-261488,funding,1,canonical
org_alias_f687fe5e8dfe,org_ffdf5fea0366,Amref Health Africa - UK,21045,accountable,1,canonical
org_alias_8e5cdae4758f,org_ac8d7e0ca88a,Amref Health Africa Headquarters,KE-RCO-C1-61,accountable,1,canonical
org_alias_4960c5dc918b,org_248314932b34,Amref Health Africa Kenya,KE-NCB-93175,implementing,1,canonical
org_alias_6c6c47423bbc,org_1b928f92ba21,Amref Health Africa Uganda,UG-NGB-5914-252,reporting,1,canonical
org_alias_e07f261a06d4,org_248314932b34,Amref Health Africa in Kenya,KE-NCB-93175,reporting,1,canonical
org_alias_cbd8992af27b,org_83ee795346a0,Amref Health Africa in Kenya,KE-NGCB-93175,accountable,1,canonical
org_alias_ed54171267e3,org_83ee795346a0,Amref Health Africa in Kenya,KE-NGCB-93175,implementing,1,canonical
org_alias_0d9209debc6d,org_1b928f92ba21,Amref Health Africa in Uganda,UG-NGB-5914-252,implementing,1,canonical
org_alias_afc5f578b433,org_c71499b9c44f,Amref Health Africia Ethiopia,ET-MFA-0001989741,implementing,1,canonical
org_alias_04f6d5309f51,org_3fbb77ebfbef,Analyzing Development Issues Centre,,implementing,1,canonical
org_alias_cde4af4e7d2b,org_1c4b2c9de809,Anonymous,,funding,1,canonical
org_alias_55fefd21dee8,org_08f9668061e0,Apex Agro processing Limited,XM-DAC-69-2,accountable,1,canonical
org_alias_bfc166dc781d,org_9df4791b4ec9,Archidiocèse Bukavu,,implementing,1,canonical
org_alias_52b0bbac794a,org_1891aab38b34,Ardhi University,,implementing,1,canonical
org_alias_1a78385a4712,org_52031e9c42b6,Artevelde University College,,implementing,1,canonical
org_alias_9717d07d3c73,org_41c31080e43e,Asia Center for Air Pollution Research (ACAP),,accountable,1,canonical
org_alias_3dee8561ac81,org_daba1ea0b889,Asian Institute of Technology,,implementing,1,canonical
org_alias_5f559dfbf400,org_2d2cc5a8f5d0,Associação Moçambicana para Desenvolvimento da Família (AMODEFA),,implementing,1,canonical
org_alias_3b223a1b8d05,org_22f0a64f19b0,Associação Saúde Sem Limites,,implementing,1,canonical
org_alias_4167df152bde,org_d1d5a4e48702,Astral Aerial Solutions,,implementing,1,canonical
org_alias_c6abfb22e739,org_910832b3cc40,Atsede & Indie's Women's Clinic,,implementing,1,canonical
org_alias_7cf8ef08cc5c,org_fe311fcc85b6,Audere,,funding,1,canonical
org_alias_5e1f611d1dac,org_1867e7624203,Austria - Ministry of Finance,TF530001,funding,1,canonical
org_alias_dd1b76846eaa,org_7f6698d8a418,Austrian Development Agency,XM-DAC-1-8,funding,1,canonical
org_alias_7750c27828ca,org_9d7e564edbd3,Austrian Development Agency GmbH,TF530010,funding,1,canonical
org_alias_52a5a726a8d8,org_252ad76d1bee,Avanti Communications Ltd,GB-COH-06133927,implementing,1,canonical
org_alias_c47e15c28d39,org_6082c7dd75dd,Awura Computing PLC,XM-DAC-62009,implementing,1,canonical
org_alias_f6056592086a,org_f05f549fd17e,B GUMUZ BOWCYA,XM-DAC-41122-VN-203759,implementing,1,canonical
org_alias_b0c76a6bf4b5,org_4cf85005900e,B GUMUZ DISASTER RISK AND MANAGEMENT OFFICE,XM-DAC-41122-VN-203754,implementing,1,canonical
org_alias_b34c23860907,org_da68677a4116,B GUMUZ REGIONAL ATTORNEY GENERAL RAG,XM-DAC-41122-VN-233269,implementing,1,canonical
org_alias_6983c435cbc6,org_411b57c2bc7c,B GUMUZ VITAL EVENT REGISTRATION AGENCY VERA,XM-DAC-41122-VN-203756,implementing,1,canonical
org_alias_714f2c6920ac,org_3dbb366b0cc9,BAYFRONT INFRASTRUCTURE CAPITAL IV,,implementing,1,canonical
org_alias_89f4d31e2cee,org_a95f11f0cca8,BAYLOR COLLEGE OF MEDICINE CHILDREN S FOUNDATION TANZANIA,XM-DAC-41122-VN-226486,implementing,1,canonical
org_alias_cc8fa5cb209e,org_a3c0f6e5f05b,BAYLOR UGANDA,1010278,implementing,1,canonical
org_alias_062d115c56e9,org_2e9a9e4225b6,BBC MEDIA ACTION,XM-DAC-41122-VN-240346,implementing,1,canonical
org_alias_69324360fc06,org_1d31aa894b28,BILL AND MELINDA GATES FOUNDATION,DAC-1601,funding,1,canonical
org_alias_7e1b24d27843,org_3990a5e82c32,BKP Economic Advisors,DE-CR-HRB 231576,implementing,1,canonical
org_alias_ea616850f1ce,org_eb48754483ae,BLUE SNOW CONSULTING AND ENGINEERING,1016186,implementing,1,canonical
org_alias_e76a0887eb9f,org_c19bdb2395ea,BRAC,XM-DAC-41122-VN-221101,implementing,1,canonical
org_alias_7c163d9e7eb9,org_7bf78de787c6,BRAC INSTITUTE OF GOVERNANCE AND DEVELOPMENT BRAC UNIVERSITY,1016395,implementing,1,canonical
org_alias_0c3e2bc84da8,org_7dba84e5e23e,BRAC Institute of Governance and Development,,implementing,1,canonical
org_alias_70b4b25abd4d,org_9995052e1bc1,BRAC University,XI-GRID-grid.52681.38,implementing,1,canonical
org_alias_d12faf12c0f8,org_c7a08820c086,BUDAKA DISTRICT L G,XM-DAC-41122-VN-235103,implementing,1,canonical
org_alias_8cc8f5faae07,org_225a63a601ca,BUIKWE DISTRICT LOCAL GOVERNMENT,XM-DAC-41122-VN-210478,implementing,1,canonical
org_alias_4f917a38e847,org_30e892425f37,BUREAU D ETUDE DHYDRALIQUE ET DES CONSTRUCTIONS,XM-DAC-41122-VN-240941,implementing,1,canonical
org_alias_aa9db9630d4c,org_0ea84395192b,BUREAU DIOCESAIN DES OEUVRES MEDICALES BUTEMBO BENI,XM-DAC-41122-VN-241030,implementing,1,canonical
org_alias_92c496eeddc6,org_ac0443b27e4c,BURGES SALMON LLP,,implementing,1,canonical
org_alias_a3f946643848,org_75a7c94b30e2,BUVUMA DISTRICT LOCAL GOVERNMENT,XM-DAC-41122-VN-210474,implementing,1,canonical
org_alias_a62b270601ee,org_449dbf74c47f,Bajeti Hub,XM-DAC-32000,implementing,1,canonical
org_alias_61347f9be255,org_870402eb40ca,Bangor university,,implementing,1,canonical
org_alias_ef046ee2ae2d,org_62e70f2908a4,Basic Needs Basic Rights Kenya,KE-NCB-OP_218_051_2005_0419_3833,accountable,1,canonical
org_alias_916d72da49c2,org_2df7d7450758,Bayer AG,,funding,1,canonical
org_alias_60d915a511a8,org_839cd73be018,Bayer Cares Foundation,XM-DAC-22000,implementing,1,canonical
org_alias_53a99b6c698e,org_5f808cc7c81f,Bayero University,XI-DUNS-850473739,implementing,1,canonical
org_alias_553cdd5ad127,org_35b884c2f631,Belgian Development Agency (Enabel),BE-BCE_KBO-0264814354,funding,1,canonical
org_alias_092fa6cbc553,org_7eecdb46db9c,Ben-Gurion University of the Negev,XM-DAC-51000,implementing,1,canonical
org_alias_078366e5235a,org_1b9fb5150683,Bernhard-Nocht-Institut (BNITM),,implementing,1,canonical
org_alias_66f0e2a0fa92,org_08f9668061e0,Beyon Zero,XM-DAC-69-2,accountable,1,canonical
org_alias_a0a6884360b9,org_6122a5db8c8e,Bi Valve Shelfish Association of SA (Pty) Ltd,,implementing,1,canonical
org_alias_2f63c9f1b1e2,org_1d31aa894b28,Bill & Melinda Gates Foundation,DAC-1601,funding,1,canonical
org_alias_606ee5168a45,org_8d9b809357c2,Bill & Melinda Gates Foundation,20000,implementing,1,canonical
org_alias_1ced50c7ab2d,org_63036c312d2f,Biosurv International Ltd,GB-COH-14376321,implementing,1,canonical
org_alias_7c723668e3b0,org_1d62c3eef12a,Biovision Foundation,,funding,1,canonical
org_alias_bbfbabb4b9f1,org_08f9668061e0,Bl. Zdenka Schellingova Girls Centre,XM-DAC-69-2,accountable,1,canonical
org_alias_0234830492f1,org_603893156cbf,"Blue Veins envisions a world free from violence and discrimination and where every individual lives with dignity and is equally empowered to reach their fullest potential. Our mission is to work together in harmony with a higher spirit to improve the quality of life of women, children, and transgender to establish a people-centered framework for empowerment, sustainable health, and a social development to guide and build up a culture of cooperation and partnership and to respond to the immediate needs of those who are vulnerable. More info in the website: https://blueveins.org/",,implementing,1,canonical
org_alias_5de1ee90a5a5,org_5995fd95da52,"Blue Ventures, Madagascar",,implementing,1,canonical
org_alias_8bbcc1215176,org_4e176e3a3b71,BlueSquare,BE-BCE_KBO-0501535431,implementing,1,canonical
org_alias_9a87ba5c3e7f,org_763209c69506,Boston College,,implementing,1,canonical
org_alias_88d040c4231b,org_cba09f51aaf6,Boston College,US-EIN-04-2103545,implementing,1,canonical
org_alias_840a104b8c50,org_743a0de3ffeb,Botswana Harvard AIDS Institute Partnership,,implementing,1,canonical
org_alias_3454acebd5d3,org_6082c7dd75dd,Breakthrough International Consultancy PLC,XM-DAC-62009,implementing,1,canonical
org_alias_0668760385ed,org_22743893ef10,"Brigham and Women's Hospital, Inc.",US-EIN-04-2312909,implementing,1,canonical
org_alias_157339328125,org_f98152613679,Bright Life Foundation Uganda,,implementing,1,canonical
org_alias_73cbae1f8019,org_4f5cc5377dfd,British Council,,funding,1,canonical
org_alias_00621296dade,org_6969a145351b,BroadReach Group LLC,US-EIN-86-1052728,implementing,1,canonical
org_alias_c90893b71d96,org_a9a38d8b87a3,Brown University,US-EIN-05-0258809,implementing,1,canonical
org_alias_ff0e4157bc2c,org_5a327a44dbfd,Butabika National Referral and Teaching Mental Hospital,,implementing,1,canonical
org_alias_cfe6360359a7,org_5a1fe33502c8,CABI,XI-IATI-CABI,funding,1,canonical
org_alias_14e68555cb56,org_d21ee6c7bae2,CAFIN / Power of nutrition,TF718020,funding,1,canonical
org_alias_9ef6b1f8f7c0,org_d29e8f61c99e,CAMPS,,implementing,1,canonical
org_alias_02849a00c363,org_5b16b11c9130,CANADEM,CA_ON-ONT-1597880,implementing,1,canonical
org_alias_afd5448acb33,org_09844e11ed8b,CARE,US-EIN-13-1685039,implementing,1,canonical
org_alias_ee6d77f90a66,org_b32a5f08a97b,CARE ETHIOPIA CO,,implementing,1,canonical
org_alias_7de5830f0de5,org_56ef4b36f4c7,CARE INTERNATIONAL in Kenya,,implementing,1,canonical
org_alias_8d60cb8a5b66,org_5a0d5ef78d32,CARE OSTERREICH VEREIN FUR ENTWICKL UNGSZUSAMMENARBEIT UND HUMANITARE H,XM-DAC-21000,implementing,1,canonical
org_alias_828ed9b68baf,org_896b03647f1e,CARE PLUS FOUNDATION,XM-DAC-41122-VN-236158,implementing,1,canonical
org_alias_6c22f13fee3b,org_62c37ddfb2ed,CARE UGANDA CO,,implementing,1,canonical
org_alias_d46f7c973566,org_5f06f03021dc,CARITAS SOUTH SUDAN,XM-DAC-41122-VN-217513,implementing,1,canonical
org_alias_0d96ecb9952f,org_d98ad834e7ed,CBM - Christoffel-Blindenmission Deutschland e.V.,,accountable,1,canonical
org_alias_9fe7c9889b04,org_1223eb0bfe26,CBM Christian Blind Mission,,implementing,1,canonical
org_alias_678b97438928,org_f57c12f4b4f3,CBM eV,,funding,1,canonical
org_alias_73ec1925f94f,org_cbbb35749f1e,CENTRAL ETHIOPIA REGION BUREAU OF AGRICULTURE,XM-DAC-41122-VN-249888,implementing,1,canonical
org_alias_593ab3fa4bac,org_352bf6dcb78a,CENTRAL ETHIOPIA REGIONAL STATE BOWCA,XM-DAC-41122-VN-247117,implementing,1,canonical
org_alias_94b914614b7c,org_56d490d06a7f,CENTRAL ETHIOPIA REGIONAL STATE BUREAU OF JUSTICE,XM-DAC-41122-VN-247118,implementing,1,canonical
org_alias_2c88e7fcec93,org_4299ba571223,CENTRAL ETHIOPIA REGIONAL STATE DRMC,XM-DAC-41122-VN-247120,implementing,1,canonical
org_alias_22c3ad283813,org_7d8fd8f49a1d,CENTRAL ETHIOPIA REGIONAL STATE VERA,XM-DAC-41122-VN-247121,implementing,1,canonical
org_alias_267fce8bf9d7,org_3305b6e1f74a,CENTRE CONGOLAIS DE CULTURE DE FORMATION ET DE DEV,,implementing,1,canonical
org_alias_0c21fac556e8,org_c926d053e126,CENTRE FOR EMERGENCY AND DEVELOPMENT SUPPORT,XM-DAC-41122-VN-235622,implementing,1,canonical
org_alias_bd8ec3c60f9e,org_109e34dfeb83,CENTRE FOR HUMANITARIAN CHANGE,1010589,implementing,1,canonical
org_alias_e87739db1982,org_1fc92b81ec17,CENTRE FOR URBAN PLANNING STUDIES,1016373,implementing,1,canonical
org_alias_09dd528dc452,org_38db7b8e0003,CERRIUM ADVISORY LTD,1015417,implementing,1,canonical
org_alias_dd85f4249f59,org_818d6371eca9,CESVI FOUNDATION ETS CESVI,XM-DAC-41122-VN-213529,implementing,1,canonical
org_alias_1b6e8d4005de,org_33facf0cf154,CHARIS UNMANNED AERIAL SOLUTIONS LTD,1010961,implementing,1,canonical
org_alias_7f0219e2398b,org_377593b0d7d6,CHARITY AND EMPOWERMENT FOUNDATION,XM-DAC-41122-VN-245887,implementing,1,canonical
org_alias_d8798fbc218d,org_432bd48d7246,CHASP ADVISORY LTD,,implementing,1,canonical
org_alias_586466b97f5a,org_1aaaabf6710b,CHILD PROTECTION: PREVENTING/ R,XM-DAC-41122-T49910,funding,1,canonical
org_alias_089ee8618ab3,org_694a3544b1f7,CHILDREN BELIEVE FUND,CA-CRA_ACR-0010011134,implementing,1,canonical
org_alias_b705af234341,org_28b3edd2c7b2,CHINA GLOBAL SOUTH PROJECT,1015569,implementing,1,canonical
org_alias_9e34f2088249,org_57d0c3e2b261,CHOICE for Youth and Sexuality,NL-KVK-32108345,accountable,1,canonical
org_alias_94c71ca3930f,org_57d0c3e2b261,CHOICE for Youth and Sexuality,NL-KVK-32108345,implementing,1,canonical
org_alias_56ca3e2acf6d,org_57d0c3e2b261,CHOICE for Youth and Sexuality,NL-KVK-32108345,reporting,1,canonical
org_alias_c8d5f6a1a517,org_344829dafa4a,CHPF,,funding,1,canonical
org_alias_3359e3ef88e8,org_c538c2b5b817,CHRISTIAN ACTION FOR RELIEF AND DEVELOPMENT,XM-DAC-41122-VN-237930,implementing,1,canonical
org_alias_b360b04913a8,org_08f93fb78a00,CHRISTIAN AGENDA FOR DEVELOPMENT,XM-DAC-41122-VN-244857,implementing,1,canonical
org_alias_2c85844322b3,org_f8d6032bb9fe,CHRISTIAN MISSIONARIES INITIATIVE,XM-DAC-41122-VN-224066,implementing,1,canonical
org_alias_5c3591a08f52,org_4d2c1b993a49,CIFF,,funding,1,canonical
org_alias_eddbcda8d47c,org_2c9a80689356,CISP (Comitato Internazionale per lo Sviluppo dei Popoli-International Committee for the Development of Peoples),,implementing,1,canonical
org_alias_2780d16a4205,org_9b143c0e41d7,CLINIQUES UNIVERSITAIRES DE KINSHASA,XM-DAC-41122-VN-242188,implementing,1,canonical
org_alias_082268b2217a,org_e6a74b08e335,CLINTON HEALTH ACCESS INITIATIVE,XM-DAC-41122-VN-244429,implementing,1,canonical
org_alias_4226fc309c56,org_c4e35aa67c27,CMI,,implementing,1,canonical
org_alias_3344ce19fc8d,org_39e6939552b3,COMESA,012192,funding,1,canonical
org_alias_ccee3d86f537,org_036c2657176f,COMITATO INTERNAZIONALE PER LO SVILUPPO DEI POPOLI SOMALIA,XM-DAC-41122-VN-213532,implementing,1,canonical
org_alias_d99a9aa4090b,org_466841b06d2f,COMMISSION DIOCESAIN CARITAS KALEMIE KIRUNGU,XM-DAC-41122-VN-221188,implementing,1,canonical
org_alias_39f7c95b71d9,org_feb832c35518,COMMUNITY AID FOR RELIEF AND DEVELOPMENT,XM-DAC-41122-VN-234997,implementing,1,canonical
org_alias_febb2c0e35b1,org_8f109ad62010,COMMUNITY DEVELOPMENT AID CODAID,XM-DAC-41122-VN-245984,implementing,1,canonical
org_alias_b11b97efc721,org_c9ca6758dabe,COMMUNITY EMPOWERMENT NETWORK ORG,XM-DAC-41122-VN-241426,implementing,1,canonical
org_alias_8e953536d386,org_da6c9fbe4717,COMMUNITY HEALTH AND DEVELOPMENT ORGANIZATION,XM-DAC-41122-VN-233366,implementing,1,canonical
org_alias_fb7c12cf6629,org_b85d75a0e432,COMMUNITY IN NEED AID CINA,XM-DAC-41122-VN-226271,implementing,1,canonical
org_alias_4fc4fb051750,org_59df6ffc0785,COMMUNITY NEEDS INITIATIVES,XM-DAC-41122-VN-236347,implementing,1,canonical
org_alias_d5419211021e,org_7b1a5c8d24f1,COMMUNITY SKILLS DEVELOPMENT,XM-DAC-41122-VN-245225,implementing,1,canonical
org_alias_0251de12194e,org_738e1a475621,COMUNE DI NOVARA EPE,IT-CF-00172600030,implementing,1,canonical
org_alias_183a456a89f7,org_f47d5ee29a19,COMUNE DI RIMINI,IT-CF-00343360404,implementing,1,canonical
org_alias_03a6a13834eb,org_5a0d5ef78d32,CONCERN WORLDWIDE,XM-DAC-21000,implementing,1,canonical
org_alias_cd3b24ea4ab0,org_f3904a17b82e,CONCERN WORLDWIDE,IE-CHY-20009090,implementing,1,canonical
org_alias_5265ae7f11d4,org_4cf9e989cc74,CONFIDENT WOMEN NETWORK,XM-DAC-41122-VN-246631,implementing,1,canonical
org_alias_34ed565172b2,org_2b7f9f832f25,CONGO NOUVEAU ET PROSPERE CONOPRO,XM-DAC-41122-VN-215617,implementing,1,canonical
org_alias_5a33e7728522,org_212f8603d9d7,CONSORTIUM DE L AGRICULTURE URBAINE DE BUTEMBO,XM-DAC-41122-VN-240942,implementing,1,canonical
org_alias_3bd099088db1,org_6e45a16b9d7d,CONSTELLIA PUBLIC LTD,,implementing,1,canonical
org_alias_09fff08f1c8a,org_a34e6b03cbab,COUNTY COORDINATOR CHILDREN SERVICES KAJIADO COUNTY,XM-DAC-41122-VN-241317,implementing,1,canonical
org_alias_6029edf1a29a,org_69fa7e9594c6,COUNTY DEPARTMENT OF HEALTH KAJIADO,XM-DAC-41122-VN-240183,implementing,1,canonical
org_alias_c626179fbe49,org_4da88f97bc3c,COUNTY DEPARTMENT OF HEALTH SERVICES TAITA TAVETA,XM-DAC-41122-VN-248703,implementing,1,canonical
org_alias_cf117039f164,org_9c29191d99a4,COUNTY DIRECTOR OF EDUCATION KWALE,XM-DAC-41122-VN-243754,implementing,1,canonical
org_alias_c1bc178ca872,org_9cd1cff44ebf,COUNTY DIRECTOR OF EDUCATION SAMBURU,XM-DAC-41122-VN-242043,implementing,1,canonical
org_alias_379d6b15021b,org_53f9d7df30c1,COUNTY DIRECTOR OF EDUCATION TANA RIVER COUNTY,XM-DAC-41122-VN-242684,implementing,1,canonical
org_alias_e25e820f1c76,org_8190a8336b06,COUNTY DIRECTOR OF EDUCATION TURKANA,XM-DAC-41122-VN-230875,implementing,1,canonical
org_alias_91b979140273,org_dfa3b7099aea,COUNTY DIRECTOR OF EDUCATION WEST POKOT,XM-DAC-41122-VN-242028,implementing,1,canonical
org_alias_3a3f96d1ca94,org_69e148b3c52a,COUNTY GOVT KISUMU DEPT OF SPECIAL PROGRAMMES AND DISASTER MGT,XM-DAC-41122-VN-245013,implementing,1,canonical
org_alias_721fbefeb02f,org_332ce5735d32,COWATER INTERNATIONAL INC,,implementing,1,canonical
org_alias_6aacd7fa7025,org_d584d5a00c19,CROIX ROUGE DE LA RDC NORD KIVU,XM-DAC-41122-VN-202947,implementing,1,canonical
org_alias_ac7138daaa55,org_b9424b6183db,CROIX ROUGE FRANCAISE,,implementing,1,canonical
org_alias_3d66a33deba2,org_6e88ddb53e52,CTCP CENERGY VIET NAM,1015497,implementing,1,canonical
org_alias_f14604024752,org_a1e716a43eab,Cambodia Development Resource Institute,,implementing,1,canonical
org_alias_d8c527792e20,org_0fefc2356c7a,Cambridge University Technical Services Limited,,implementing,1,canonical
org_alias_f23e75df3982,org_c244204adec5,Camfed International,GB-CHC-1029161,implementing,1,canonical
org_alias_d2f3f5d0d12b,org_c3c61b7035d5,Campaign for Tobacco-Free Kids,US-EIN-52-1969967,implementing,1,canonical
org_alias_973da9af2bf6,org_c7602a88dff4,Canterbury Christ Church University,,implementing,1,canonical
org_alias_94d15414bc77,org_f8d9ffab798b,Caritas,,implementing,1,canonical
org_alias_fed02b158051,org_316d2721f9e9,Catholic University of Health and Allied Sciences,,implementing,1,canonical
org_alias_590655cac53e,org_cc3dceb8ee9d,Cellule de Recherche en Santé de la Reproduction de Côte d'Ivoire (CRESAR-CI),,implementing,1,canonical
org_alias_df8231df9b46,org_4a2f037cae2e,Center for Conflict Resolution,,implementing,1,canonical
org_alias_e7f090ebaa41,org_4abe7068c1e2,Center for Food and Adequate Living Rights (CEFROHT),,implementing,1,canonical
org_alias_0d95251e515f,org_69102cc00318,Center for Global Development Europe,,implementing,1,canonical
org_alias_6dd4e74656ee,org_4267adb49a6b,Center for Indonesia's Strategic Development Initiatives (CISDI),,implementing,1,canonical
org_alias_2a1ffdbaf551,org_711e30de5f9e,Center for Law and Policy Affairs (CLPA),,implementing,1,canonical
org_alias_977ece1b7f1f,org_f8745630db84,Center for Public Health and Development,XM-DAC-23000,implementing,1,canonical
org_alias_a4e57daddd5c,org_d7dc4e8b85ea,Center for Rapid Evidence Synthesis,,accountable,1,canonical
org_alias_1286cbac23a9,org_d7dc4e8b85ea,Center for Rapid Evidence Synthesis,,implementing,1,canonical
org_alias_edae98be886e,org_8d8aa5dc43f2,Center of Live and Learn for Environment and Community (CLEC,,implementing,1,canonical
org_alias_66a7e842c4e6,org_888a6cd184a0,Central Public Health Laboratories (CPHL),XM-DAC-12000,implementing,1,canonical
org_alias_d4a68f067923,org_085603d93432,Centre Olame,,implementing,1,canonical
org_alias_b52d73bd26ba,org_7a528dc3bbe3,Centre de Recherche en Hydrobiologie,,implementing,1,canonical
org_alias_e0fecd48dad0,org_9fe231023e1b,Centre de Recherche et de Formation en Infectiologie de Guinée,,accountable,1,canonical
org_alias_0b1fd59a729d,org_9fe231023e1b,Centre de Recherche et de Formation en Infectiologie de Guinée,,implementing,1,canonical
org_alias_3bc1c7b4fa08,org_0c010c79e58c,Centre for Affordable Water and Sanitation Technology,CA-CRA_ACR-3863751616,implementing,1,canonical
org_alias_d889c6a2c4a1,org_7bb0343db9e4,Centre for Democracy and Development,,implementing,1,canonical
org_alias_3ca50964b10d,org_e08ee588cd1c,Centre for Disability in Development,,implementing,1,canonical
org_alias_d9755e4a4f82,org_a30aa01b32d5,Centre for Economic Policy Research,GB-CHC-287287,implementing,1,canonical
org_alias_7c9641da669b,org_bac6dc075817,Centre for Employment Initiatives,Not available,implementing,1,canonical
org_alias_91c7af88aa98,org_e87d80a50096,Centre for Global Development,,implementing,1,canonical
org_alias_b0f5dbf725b5,org_e102fe3291ce,Centre for Humanitarian Change Trust Registered Trustees,,accountable,1,canonical
org_alias_e7b3f7e9700d,org_e102fe3291ce,Centre for Humanitarian Change Trust Registered Trustees,,implementing,1,canonical
org_alias_b82be12a609f,org_fb404e289a0f,Centre for health Human Rights and,,implementing,1,canonical
org_alias_7de0d8e4d419,org_f8745630db84,Centre for the Fourth Industrial Revolution,XM-DAC-23000,implementing,1,canonical
org_alias_606d6488f1ac,org_168850665dad,Centre for the Study of Adolescence,KE-NCB-218/051/96110/823,accountable,1,canonical
org_alias_352631d4deca,org_168850665dad,Centre for the Study of Adolescence,KE-NCB-218/051/96110/823,implementing,1,canonical
org_alias_620febe6ed3a,org_168850665dad,Centre for the Study of Adolescence,KE-NCB-218/051/96110/823,reporting,1,canonical
org_alias_89e64b0d06c3,org_80e47c5221de,Centre of Dialogue on Human Settlement and Poverty Alleviation (CODOHSAPA),SL-OARG-2420280,implementing,1,canonical
org_alias_888191781121,org_6e5d2e83ff1c,Cesvi,,implementing,1,canonical
org_alias_2eb4adf71571,org_99bc3a746579,Chama cha Uzazi na Malezi Bora Tanzania (UMATI),,implementing,1,canonical
org_alias_cbded874381d,org_6e13a7764419,Chaîne de l'Espoir Belgique / Keten van Hoop België / Chain of Hope Belgium,BE-BCE_KBO-0463455904,reporting,1,canonical
org_alias_94ceec8f474e,org_59f5beed75f7,Chemonics International Inc.,US-EIN-52-2145827,implementing,1,canonical
org_alias_0bbcdf2c584d,org_4287f92e8b9c,Cheshire Services Uganda,UG-NGB-5914-7209,implementing,1,canonical
org_alias_1d2669420c80,org_3c17574bad2b,ChildFund Deutschland e.V.,,implementing,1,canonical
org_alias_3c5475fdfb84,org_13602cf68cea,ChildHope UK,GB-CHC-328434,implementing,1,canonical
org_alias_dc3f5ff74200,org_c0ea2a78f55d,Childhood Education International,,implementing,1,canonical
org_alias_87377cdbd495,org_9bf5ac58ae66,Children Aid South Sudan,,implementing,1,canonical
org_alias_bd4d53b95215,org_355ada79e277,Children of the World Foundation,,implementing,1,canonical
org_alias_780160b7156c,org_7a7337f50512,Children's Aid South Sudan (CASS),,implementing,1,canonical
org_alias_c4a1d0ba9d24,org_dda739480919,Chirurgie Pédiatrique en Afrique ASBL,,implementing,1,canonical
org_alias_7968a52c49d8,org_af8281a3b49f,Chirurgie solidaire,,implementing,1,canonical
org_alias_ed7008201a40,org_0847926b0e73,Christian Blind Mission (UK) Ltd.,GB-CHC-1058162,accountable,1,canonical
org_alias_2a9a37fc192c,org_0847926b0e73,Christian Blind Mission (UK) Ltd.,GB-CHC-1058162,funding,1,canonical
org_alias_502c007b469b,org_0847926b0e73,Christian Blind Mission (UK) Ltd.,GB-CHC-1058162,reporting,1,canonical
org_alias_e1ea08362f1e,org_b757bb7b3c7f,Christian Michelsen Institute,,implementing,1,canonical
org_alias_27ffe0964941,org_f8745630db84,Civil Society Scaling-Up Nutrition in Nigeria,XM-DAC-23000,implementing,1,canonical
org_alias_63f2469d6cfe,org_0e191e8c2a5b,Clean Air Asia,,implementing,1,canonical
org_alias_1a3f3e217ef9,org_91738ca12877,Clean Air Fund (CAF),,funding,1,canonical
org_alias_00e6fce44f9d,org_3ec7a55384d5,Clean Air Institute (CAI),,implementing,1,canonical
org_alias_0ee38ce629e8,org_01e7692c8119,ClimateWorks Foundation,TF790049,funding,1,canonical
org_alias_18aac021ec19,org_584eaa92001a,Clinton Health Access Initiative (CHAI),,implementing,1,canonical
org_alias_b00adeea9598,org_237e12021b26,Coalition of Actors for Public Health Advocacy LBG (CAPHA),,implementing,1,canonical
org_alias_c8ee9a883c9c,org_cbb3163e85b1,Coffey International Development,GB-COH-3799145,implementing,1,canonical
org_alias_46c8f29d0065,org_103f18d131e0,Cognition Studio Inc,US-EIN-36-4667378,implementing,1,canonical
org_alias_1aba63d1e9e5,org_41370340b23b,Comic Relief,GB-CHC-326568,funding,1,canonical
org_alias_429218f79a8f,org_af08f743a3b0,Comitato Internazionale per Lo Sviluppo dei Popoli (CISP),,implementing,1,canonical
org_alias_6792d422dbdc,org_c8c76ca4f84e,Comité international de la Croix-Rouge,XM-DAC-21016,implementing,1,canonical
org_alias_1fc10e742580,org_72abef57034d,Commission Diocésaine Justice et Paix,,implementing,1,canonical
org_alias_ae957f070f32,org_016332a1ce1e,Commission for Imp. of Constitution,,accountable,1,canonical
org_alias_5f0309c9ddb7,org_b37dd5176395,Community Empowerment for Rural Development,,implementing,1,canonical
org_alias_c8fecf640708,org_f3904a17b82e,Concern Ethiopia,IE-CHY-20009090,implementing,1,canonical
org_alias_cd3b24ea4ab0,org_f3904a17b82e,Concern Worldwide,IE-CHY-20009090,implementing,1,canonical
org_alias_8cdb50e93f5f,org_45a11a82dded,"Conflict, Stability and Security Fund (CSSF)",GB-GOV-52,funding,1,canonical
org_alias_3596f4aef104,org_f8745630db84,Coordination Nationale de Renforcement du Système Communautaire,XM-DAC-23000,implementing,1,canonical
org_alias_fca98b43115e,org_17e940f7dd7d,Cordaid RDC (République Démocratique du Congo),NL-KVK-41160054,implementing,1,canonical
org_alias_88f9658a3fc8,org_17e940f7dd7d,Cordaid Uganda,NL-KVK-41160054,implementing,1,canonical
org_alias_52055df6f34c,org_888a6cd184a0,Council of Governors,XM-DAC-12000,implementing,1,canonical
org_alias_f7f56597b41a,org_e646007bf514,Country - Survive & Thrive,XM-DAC-41122-T49965,funding,1,canonical
org_alias_2808e855702d,org_9cb2022bf72f,Country Learn & Skilled for Work &,XM-DAC-41122-T49966,funding,1,canonical
org_alias_4a23aa0bbf44,org_08f9668061e0,County Government of Kiambu,XM-DAC-69-2,accountable,1,canonical
org_alias_c963e75875df,org_d3b917603742,Cowatersogema International Inc,CA-CRA_ACR-101182509,implementing,1,canonical
org_alias_0e190618f8c0,org_2af6d1c2e416,Crown Agents,GB-COH-03259922,funding,1,canonical
org_alias_7cdeb3e05037,org_2af6d1c2e416,Crown Agents Limited,GB-COH-03259922,accountable,1,canonical
org_alias_a1023d42b33f,org_2af6d1c2e416,Crown Agents Limited,GB-COH-03259922,implementing,1,canonical
org_alias_cb0e78ba1f95,org_6899c8c67dcd,Czech Republic (The),XM-DAC-41122-G11301,funding,1,canonical
org_alias_43572f8a91bd,org_5b36fc5730f4,DAI DEVELOPMENT ACTIVITIES INT L LTD,,implementing,1,canonical
org_alias_a8076996ab60,org_bd00df1591c6,DAI Europe,GB-COH-1858644,accountable,1,canonical
org_alias_3b686e8f8e6e,org_bd00df1591c6,DAI Europe,GB-COH-1858644,reporting,1,canonical
org_alias_d04f8ee1da96,org_b8084912682a,DAI Global Health,GB-COH-03054929,implementing,1,canonical
org_alias_22aa463d2439,org_b8084912682a,DAI Global Health,GB-COH-03054929,reporting,1,canonical
org_alias_3bdc673e3e45,org_f8d6ee6e88c1,DANISH REFUGEE COUNCIL DANSK FLYGTNINGEHJAELP,XM-DAC-41122-VN-244289,implementing,1,canonical
org_alias_2198094188ac,org_5a0d5ef78d32,DANSK RODE KORS C,XM-DAC-21000,implementing,1,canonical
org_alias_c8e8fefbb4c3,org_04ddabfcb40a,DAWURO DEVELOPMENT ASSOCIATION,ET-CSA-0976,implementing,1,canonical
org_alias_e8d0b144d590,org_9f9a39a5a240,DE-1,DE-1,funding,1,canonical
org_alias_5a0b36228a41,org_e8496647e1ce,DED MAKETE WASH,XM-DAC-41122-VN-226419,implementing,1,canonical
org_alias_e874817e7286,org_ccaec044a64b,DED MBEYA WASH,XM-DAC-41122-VN-226426,implementing,1,canonical
org_alias_6acc056310c9,org_9274b84b60a0,DED MUFINDI WASH,XM-DAC-41122-VN-226418,implementing,1,canonical
org_alias_352384179f8c,org_7361ad1bb203,DED NJOMBE WASH,XM-DAC-41122-VN-226425,implementing,1,canonical
org_alias_48e022026942,org_b08836c439a4,DEPARTMENT OF CHILDREN SERVICES SAMBURU COUNTY,XM-DAC-41122-VN-237893,implementing,1,canonical
org_alias_1271f699f3dc,org_3e3f930ddb62,"DEPARTMENT OF CHILDREN SERVICES, WEST POKOT",XM-DAC-41122-VN-234909,implementing,1,canonical
org_alias_9be159a782da,org_440a305358b5,DEPT OF CHILDREN SERVICES TURKANA COUNTY,XM-DAC-41122-VN-234905,implementing,1,canonical
org_alias_93082d18054f,org_b44a0de2b177,DEPT OF ENVIRONMENTAL HEALTH,XM-DAC-41122-VN-218426,implementing,1,canonical
org_alias_52f2c8abb339,org_58db937a32bd,DEUTSCHE GESELLSCHAFT FUR INTERNATIONALE ZUSAMMENARBEIT (GIZ) GMBH,XM-DAC-5-52,implementing,1,canonical
org_alias_3dc26abf8fd6,org_e99b07e4e50b,DFID,1 GB-1 10,funding,1,canonical
org_alias_701dbbcbb0e6,org_570b3ee4c1c0,DFID GPAF,GB-COH-03788027-GPAF,funding,1,canonical
org_alias_e4fc64c18840,org_cc1a5a3649d2,DIRE DAWA ADMINISTRATION AGRICULTURE WATER MINE AND ENERGY,XM-DAC-41122-VN-250223,implementing,1,canonical
org_alias_9ab79994af06,org_57a6b7598023,DIRECTION GENERALE DE LUTTE CONTRE LA MALADIE,XM-DAC-41122-VN-242933,implementing,1,canonical
org_alias_86c1d8d4bd0d,org_538c96aa2656,DIRECTION PROVINCIALE EPST KASAI 1,XM-DAC-41122-VN-234621,implementing,1,canonical
org_alias_7bbd898a07c4,org_491023d41559,DIRECTION SURVEILLANCE EPIDEMIOLOGIQUE,XM-DAC-41122-VN-244481,implementing,1,canonical
org_alias_9ea743e68457,org_79fe3feea10c,DIV PROV A LA CONDIFFA KATANGA,XM-DAC-41122-VN-201352,implementing,1,canonical
org_alias_19d2b8fe6b45,org_7263f4248747,DIV PROV EPS INC BAS UELE,XM-DAC-41122-VN-234311,implementing,1,canonical
org_alias_3afb806027f1,org_085ba952c8b3,DIVINTER DIVISION PROVINCIALE DE L INTERIEURE KALEMIE,XM-DAC-41122-VN-221508,implementing,1,canonical
org_alias_bdae28d489d5,org_2573034b8f32,DIVISION DES AFFAIRES SOCIALES DE LITURI,XM-DAC-41122-VN-203023,implementing,1,canonical
org_alias_e226af45cedc,org_2b25b5acd8a8,DIVISION PROV AFFAIRES SOCIALES KATANGA,XM-DAC-41122-VN-202925,implementing,1,canonical
org_alias_c69c60a58e5c,org_2e6c4f514623,DIVISION PROV COMMUNICATION ET MEDIAS MANIEMA,XM-DAC-41122-VN-201579,implementing,1,canonical
org_alias_546389476aae,org_d3dbd8974225,DIVISION PROV DE LA JEUNESSE ET DE SPORT MBANDAKA,XM-DAC-41122-VN-203120,implementing,1,canonical
org_alias_86036cdb2dd5,org_0dd82611e7a5,DIVISION PROV DE LA JEUNESSE TSHOPO,XM-DAC-41122-VN-202980,implementing,1,canonical
org_alias_e71a6969cf45,org_e20cc76e2288,DIVISION PROV DE LA JUSTICE KANANGA,XM-DAC-41122-VN-202932,implementing,1,canonical
org_alias_f7afbaec2273,org_f579e9ba7cd9,DIVISION PROV DES PRESSES ET MEDIA TSHIKAPA,XM-DAC-41122-VN-243392,implementing,1,canonical
org_alias_bae16df871db,org_14e93c6479dc,DIVISION PROV JEUNESSE ITURI,XM-DAC-41122-VN-245781,implementing,1,canonical
org_alias_b81f6add379a,org_ccfed3e7b2f0,DIVISION PROV PLAN KATANGA,XM-DAC-41122-VN-201363,implementing,1,canonical
org_alias_32512a34a9c0,org_7fa8eb4f4b52,DIVISION PROVINCIALE DE GENRE ENFANT ET FAMILLE NORD UBANGI,XM-DAC-41122-VN-243329,implementing,1,canonical
org_alias_68c90a2b4726,org_cfd5afcd25a3,DIVISION PROVINCIALE DE L EPSP TANGANYIKA,XM-DAC-41122-VN-203064,implementing,1,canonical
org_alias_c1e622705cac,org_5cddbd57a4b5,DIVISION PROVINCIALE DE LA COMMUNICATION ET DES MEDIAS DU KONGO CENTRAL,XM-DAC-41122-VN-202930,implementing,1,canonical
org_alias_bc3fd5cba522,org_0b0563aa7e1c,DIVISION PROVINCIALE DE LA COMMUNICATION ET MEDIAS HAUT KATANGA,XM-DAC-41122-VN-218579,implementing,1,canonical
org_alias_c0efe097b4fb,org_35e6162e1585,DIVISION PROVINCIALE DE LA JEUNESSE DU TANGANYIKA,XM-DAC-41122-VN-246843,implementing,1,canonical
org_alias_e76af09e9a15,org_0bd1c3bdc831,DIVISION PROVINCIALE DE LA JEUNESSE HAUT KATANGA,XM-DAC-41122-VN-249307,implementing,1,canonical
org_alias_83f21ef7c5f6,org_53c0fdf72733,DIVISION PROVINCIALE DU DEVELOPPEMENT RURAL TANGANYIKA,XM-DAC-41122-VN-249908,implementing,1,canonical
org_alias_41fae2f6f2d2,org_5246223cb6fb,DJF,,implementing,1,canonical
org_alias_dca6ce48540f,org_163cff0bb50f,DKT Ethiopia,ET-CSA-0062,implementing,1,canonical
org_alias_22069bfd043e,org_a6ce0653c5ac,DORCAS AID INTERNATIONAL,NL-KVK-41236410,implementing,1,canonical
org_alias_4ab8ae2dd5b6,org_b3ffc66f2d09,DOTASIA ORGANISATION LIMITED,1016369,implementing,1,canonical
org_alias_37e88093fd47,org_108a198835bb,DT Global International Development UK Ltd,GB-COH-02651349,accountable,1,canonical
org_alias_728e275789ab,org_108a198835bb,DT Global International Development UK Ltd,GB-COH-02651349,implementing,1,canonical
org_alias_ddc1e352ef6c,org_108a198835bb,DT Global UK,GB-COH-02651349,reporting,1,canonical
org_alias_95ec010f23fe,org_a90d6d7cf8d3,DYER AND BLAIR INVESTMENT BANK,1015838,implementing,1,canonical
org_alias_55982a6f3712,org_35dc964eedaf,DYNAMIC FOR EMERGENCY AND DEVELOPMENT INTERVENTIONS,XM-DAC-41122-VN-249714,implementing,1,canonical
org_alias_c2f730716b05,org_c773452d7402,Dalan Development Consultant,,implementing,1,canonical
org_alias_31c330171d49,org_8182205228fd,Data Analysis and Technical Assistance Ltd,,implementing,1,canonical
org_alias_cd439a70e4db,org_5a94fda7f71a,Data Pivot Ghana Ltd,,implementing,1,canonical
org_alias_04689ffbb94d,org_6f246426026f,DataDrivenFinance Kenya Ltd,KE-KRA-P051698850Z,implementing,1,canonical
org_alias_32b25862c252,org_3a3a77eabbf9,David Umahi Federal University of Health Sciences (DUFUHS),,implementing,1,canonical
org_alias_14f65cafdab6,org_04ddabfcb40a,Dawuro Development Association,ET-CSA-0976,reporting,1,canonical
org_alias_4df09b5491d6,org_f8745630db84,DeFrontera Media Organization,XM-DAC-23000,implementing,1,canonical
org_alias_594e3f1991d6,org_7026d258a55b,Delivery Associates Limited,XM-DAC-63009,implementing,1,canonical
org_alias_292dc651cf39,org_7ea80a2079ee,Deloitte Touche Tohmatsu India LLP,IN-MCA-AAE-8458,implementing,1,canonical
org_alias_12945400b948,org_848c9c3243cc,Democratic Republic of the Congo,ZR–00006047,accountable,1,canonical
org_alias_daa6f5d263bf,org_80724a960426,Dentons UK and Middle East LLP,,implementing,1,canonical
org_alias_7447eef49aaf,org_0c47842d162a,Department for International Development,GB-1,funding,1,canonical
org_alias_b07450563234,org_ad10cadc960d,Department for International Development,,funding,1,canonical
org_alias_2e85a9df14e5,org_d96f8fde4782,Department for International Development,GB-GOV-1,funding,1,canonical
org_alias_303223805077,org_90d8c18cb0ff,Department of Health and Social Care,GB-GOV-10,funding,1,canonical
org_alias_8a54fd97f87e,org_cb5b31dc2796,Department of Health and Social Care (DHSC) Global Health Research,Department of Health and Social Care (DHSC) Global Health Research,reporting,1,canonical
org_alias_ae29c6087b3e,org_58db937a32bd,Deutsche Gesellschaft für,XM-DAC-5-52,funding,1,canonical
org_alias_12d443be8f8b,org_c55b35941ff0,Deutsche Welthungerhilfe e.v (WHH),DE-CR-RA000220-VR381,implementing,1,canonical
org_alias_dcc58b6b0d82,org_178a10c1d5f7,Deutsches Blindenhilfswerk,,implementing,1,canonical
org_alias_90f89b2b6063,org_6b0cbce5c428,Deutsches Medikamentenhilfswerk – action medeor e.V.,,accountable,1,canonical
org_alias_cc3f1272ec4d,org_6082c7dd75dd,Dev-Afrique Development Advisors,XM-DAC-62009,implementing,1,canonical
org_alias_d9691d831f97,org_f8745630db84,Developing country-based NGO,XM-DAC-23000,accountable,1,canonical
org_alias_af3aeb02a76e,org_7026d258a55b,Development Catalysts,XM-DAC-63009,implementing,1,canonical
org_alias_4ffe278253bb,org_e452f039651a,"Development Gateway, Inc.",US-EIN-52-2318905,implementing,1,canonical
org_alias_315a9308463a,org_69ad54ea2feb,Development Initiatives Poverty Research,GB-COH-06368740,implementing,1,canonical
org_alias_74f252d8682c,org_6de9b9e7d6d9,Development Initiatives Poverty Research,22000,implementing,1,canonical
org_alias_9d52b522995b,org_ab175b9d1d5a,Development Media International Associates CIC,GB-COH-6069322,implementing,1,canonical
org_alias_1bec6e35aeb3,org_6082c7dd75dd,Devpart Consult,XM-DAC-62009,implementing,1,canonical
org_alias_750732fdeca7,org_d96f8fde4782,DfID - Department for International Development UK,GB-GOV-1,funding,1,canonical
org_alias_8550bc4c1ff1,org_2a1da416d846,Digital Campus,GB-COH-07629751,reporting,1,canonical
org_alias_cc5772bccb91,org_2a1da416d846,Digital Campus,gb-coh-07629751,accountable,1,canonical
org_alias_e08be3ce3e87,org_d9d26e6530ad,Dignity Period,,implementing,1,canonical
org_alias_e97020f6b84d,org_50656ba1c4bc,Direction Provinciale de la Santé du Sud Kivu,,implementing,1,canonical
org_alias_67c0f960e305,org_689bee950548,Disasters Emergency Committee,GB-CHC-1062638,funding,1,canonical
org_alias_90d2f2b376af,org_f60b04fe4196,Discovery Learning Alliance,US-EIN-522043740,implementing,1,canonical
org_alias_7cc83eca8637,org_5c4099aa115d,Division provinciale de la santé du Nord-Kivu,,implementing,1,canonical
org_alias_a3b34653fd39,org_38f964055cdb,Dodoma Regional Authority,,implementing,1,canonical
org_alias_afc2e7e51f2f,org_3ca95d453fed,Donor Entity,XM-DAC-7,funding,1,canonical
org_alias_b06a6885fd31,org_a6ce0653c5ac,Dorcas Aid International,NL-KVK-41236410,accountable,1,canonical
org_alias_59c175449812,org_a6ce0653c5ac,Dorcas Aid International,NL-KVK-41236410,reporting,1,canonical
org_alias_53688d807465,org_d20c0f8e0401,Douala General Hospital,,implementing,1,canonical
org_alias_560da6b7bc20,org_5c9b7ae2b59e,"Douala General Hospital, Cameroon",,implementing,1,canonical
org_alias_f02dc0ef02ba,org_a6a52c35073e,Drugs for Neglected Diseases initiative,CH-FDJP-CHE110141200,implementing,1,canonical
org_alias_4db5f10d2780,org_dfe5f38b615b,Drugs for Neglected Diseases initiative,,accountable,1,canonical
org_alias_98786bb041d8,org_dfe5f38b615b,Drugs for Neglected Diseases initiative,,implementing,1,canonical
org_alias_a5837bc819fb,org_cf167f9bcf65,Drugs for Neglected Diseases initiative (DNDi),,implementing,1,canonical
org_alias_975d32cf3a17,org_3ca95d453fed,Dutch Ministry of Foreign Affairs,XM-DAC-7,funding,1,canonical
org_alias_065d677a4721,org_a0025f952056,Dutch Relief Alliance,,funding,1,canonical
org_alias_6dcac04713e8,org_e566e050aa60,ECD Measure,,implementing,1,canonical
org_alias_7da06579fe52,org_fd35ee158b10,ECONOMIC POLICY RESEARCH INSTITUTE LLC,1013048,implementing,1,canonical
org_alias_258c7ff4a8eb,org_6477966d8b5f,ECSSS EDUCATION AND TRAINING,XM-DAC-41122-VN-237497,implementing,1,canonical
org_alias_5c040fa3a311,org_d7c4bc80cda6,EDSB STARTUP INSIGHTS LTD,1010071,implementing,1,canonical
org_alias_78c791c7a500,org_99f5cd4b1811,EDUCATION FOUNDATION ORGANIZATION,XM-DAC-41122-VN-243118,implementing,1,canonical
org_alias_18612abc2505,org_709d4d61a847,EECMY - Ethiopian Evangelical Church Mekane Yesus,,implementing,1,canonical
org_alias_1615f43a35a6,org_bdd514410d7f,EGLISE DU CHRIST AU CONGO MINISTERE POUR LES REFUGIES ET LES,XM-DAC-41122-VN-203256,implementing,1,canonical
org_alias_4224a5067958,org_08355e10553f,"EIKOS Verein für Entwicklung, Inklusion und Kommunikation mit Ost und Süd",,implementing,1,canonical
org_alias_0c6369bc3c6a,org_67569d6541ee,ELDOHUB INNOVATIONS AND TECHNOLOGIES LTD,,implementing,1,canonical
org_alias_82e8eac8b426,org_56f9fec3a606,EMERGENCY - LIFE SUPPORT FOR CIVILIAN WAR VICTIMS ONG/ON,IT-CF-97147140155,implementing,1,canonical
org_alias_be4920c5e92e,org_9d87fe912b64,EMMS International,GB-SC-SC032327,implementing,1,canonical
org_alias_0ce2333f5388,org_08f9668061e0,EMOTER,XM-DAC-69-2,accountable,1,canonical
org_alias_74a23c935be8,org_6014c500cd74,ENTREAIDE MULTISECTORIELLE POUR LA SURVIE ET LE DEVELOPPEMENT EN RDC,XM-DAC-41122-VN-248244,implementing,1,canonical
org_alias_d74fc229669c,org_7f9b5b2aac11,ENVIRONMENTAL ENGINEERING AND POLLUTION CONTROL ORGANISATION EEPCO,XM-DAC-41122-VN-225684,implementing,1,canonical
org_alias_814d5498ed30,org_20a2133bea13,EPSP KAT 1 L SHI DIVISION PROVINCIALE EPSP LUSHI,XM-DAC-41122-VN-203264,implementing,1,canonical
org_alias_770632eaca98,org_e8f02f64a723,EPSP NORD KIVU II DIVISION PROVINCIALE DE LEPSP NKII,XM-DAC-41122-VN-226643,implementing,1,canonical
org_alias_9dd50f90ce58,org_5beff8701acb,ETHIOPIA SCHOOL MEAL INITIATIVE,XM-DAC-41122-VN-248339,implementing,1,canonical
org_alias_5f3a388bae90,org_79c3b21fcc11,ETHIOPIAN FOOD AND DRUG AUTHORITY,XM-DAC-41122-VN-221220,implementing,1,canonical
org_alias_c51889887ff7,org_32125a6af66d,ETHIOPIAN HEALTH INSURANCE AGENCY,XM-DAC-41122-VN-239031,implementing,1,canonical
org_alias_b2259de53a59,org_9ad692b80f5b,ETHIOPIAN PHARMACEUTICALS SUPPLY SERVICE,XM-DAC-41122-VN-248483,implementing,1,canonical
org_alias_989161a504f8,org_302a05cfaccb,ETHIOPIAN PUBLIC HEALTH ASSOCIATION,XM-DAC-41122-VN-245319,implementing,1,canonical
org_alias_a02932694602,org_4c9ce2cb9875,EUROPEAN FUTURE INNOVATION CENTRE,1014813,implementing,1,canonical
org_alias_1746da1837f0,org_88ebb8668fd5,EUROPEAN INVESTMENT BANK,XM-DAC-918-3,implementing,1,canonical
org_alias_9051a70a1171,org_06affb576040,EYE MEDIA,XM-DAC-41122-VN-235321,implementing,1,canonical
org_alias_2e9741d9670d,org_a9b75dc6ea70,"East, Central and Southern Africa Health Community",XM-DAC-47000,implementing,1,canonical
org_alias_f72c9374f184,org_0ba6583559c8,"Eastern Polytechnic Education Center, Sierra Leone",,implementing,1,canonical
org_alias_45dd0f7f3bbb,org_7eecdb46db9c,Ecole Polytechnique Fédérale de Lausanne,XM-DAC-51000,implementing,1,canonical
org_alias_90d1ac8d2a0a,org_7eecdb46db9c,Ecole de Santé Publique,XM-DAC-51000,implementing,1,canonical
org_alias_f9f86db777fa,org_70a80317ca9c,Econ Films Ltd.,,implementing,1,canonical
org_alias_57ed49ed41ed,org_5348277a250a,Economic Research Forum,XI-GRID-grid.503678.f,implementing,1,canonical
org_alias_240bce6bd23a,org_449dbf74c47f,Ecumenical Pharmaceutical Network,XM-DAC-32000,implementing,1,canonical
org_alias_11a334808f79,org_a9cbd3d4eb85,Education Cannot Wait,,funding,1,canonical
org_alias_a47672921e40,org_4f940a292e8d,Education Development Trust,KE-RCO-270901,implementing,1,canonical
org_alias_4cd11ba91ced,org_f0603ed51c1c,Education for Health Africa (EFHA),,implementing,1,canonical
org_alias_df27a32b31c4,org_bc26a5e49f0e,Effective Altruism Foundation,,funding,1,canonical
org_alias_b15c31643d99,org_b8cb1663ce27,El Comite,,implementing,1,canonical
org_alias_5e2c957fdbb4,org_f041adb202ba,Emory University,US-EIN-58-0566256,implementing,1,canonical
org_alias_cf2873b7de56,org_afaccd6cce5f,Energy Sector Management Assistance Program Multi Donor Fund - Successor to TF071398,TF072490,implementing,1,canonical
org_alias_7991bf8e205a,org_56e81bb8eabf,EngenderHealth,,implementing,1,canonical
org_alias_2bcf648d54ac,org_5f529196238d,EngenderHealth,ET-CSA-1233,reporting,1,canonical
org_alias_e87058a9532e,org_5f529196238d,EngenderHealth Ethiopia,ET-CSA-1233,implementing,1,canonical
org_alias_59152d4feab7,org_5f529196238d,EngenderHealth Ethiopia,ET-CSA-1233,reporting,1,canonical
org_alias_90f63f6e2640,org_bceec50a2a37,"EngenderHealth, Inc.",US-EIN-13-1623838,implementing,1,canonical
org_alias_7d1ea86fe530,org_534ec365b6ae,Environmental Compliance Institute (ECI),,implementing,1,canonical
org_alias_6ec1e2d31b2c,org_94f47972ca2a,Environmental Defense Fund (EDF),,implementing,1,canonical
org_alias_cd455be41b53,org_130c8f522053,Epicentre,FR-SIRET-340494905,implementing,1,canonical
org_alias_c63c2a4d04ce,org_2f9c875f8d84,"Epidemiological Laboratory (EPILAB), Sudan",,implementing,1,canonical
org_alias_5beaf0beb922,org_5b1126f5ac37,Ernst & Young,GB-COH-05458987,implementing,1,canonical
org_alias_f18cc9334b6f,org_52db4c897779,Escuela Politécnica Nacional,,implementing,1,canonical
org_alias_9181ca59234a,org_08f9668061e0,Eshet Children and Youth Development Organization,XM-DAC-69-2,accountable,1,canonical
org_alias_6d14cd53122c,org_e73fe28c3227,"Established in 2003, “HELP IN NEED” (HIN) is working to assist and improve the lives of deprived communities of Pakistan irrespective of race, gender, color or religion discrimination. HIN is non-political, & not for profit social organization duly registered with Securities & Exchange Commission of Pakistan (SECP) under section 42 of the companies, ordinance 1984 under the company Registration no of 0065549. The organization is also certified by Pakistan Centre for Philanthropy (PCP) meeting its certification standards in the areas of internal governance, financial management & program delivery. It also has tax exemption certificate (under section 2(36) of the income tax from Federal Board of Revenue (FBR) government of Pakistan.",,implementing,1,canonical
org_alias_0102dcdeb51b,org_2914f015b359,Ethiopia Health Program for Results Multi-Donor Trust Fund,TF073973,implementing,1,canonical
org_alias_49c3b450b9a8,org_62d864c13e82,Ethiopia Reform Support Multi-Donor Trust Fund,TF073413,implementing,1,canonical
org_alias_9661589d4ed4,org_eca78cd74e4d,Ethiopiaid Ireland,IE-CHY-20041069,funding,1,canonical
org_alias_17a2dbde4c5d,org_08f9668061e0,Ethiopian Catholic Church-Daughters of Charity,XM-DAC-69-2,accountable,1,canonical
org_alias_b3522eb96fb0,org_888a6cd184a0,Ethiopian Food and Drug Authority,XM-DAC-12000,implementing,1,canonical
org_alias_540584383875,org_72235538e9bc,Ethiopian Ministry of Finance and Economic Development,,implementing,1,canonical
org_alias_af946fe0d3af,org_449dbf74c47f,Ethiopian Pediatrics Society,XM-DAC-32000,implementing,1,canonical
org_alias_97e2619400f7,org_48c6dd7bca07,Ethiopian Public Health Association,ET-CSA-1351,accountable,1,canonical
org_alias_2ffcdfef1be5,org_7eecdb46db9c,Ethiopian Public Health Institute,XM-DAC-51000,implementing,1,canonical
org_alias_89fe4ac6fb9b,org_f8745630db84,Ethiopian Society of Emergency and Critical Care Professionals,XM-DAC-23000,implementing,1,canonical
org_alias_ce0b44e0c045,org_6b9de6ffac88,Etoile du Sud,,implementing,1,canonical
org_alias_e6d732468267,org_67b7a219a516,European Commission - Development and Cooperation - EuropeAid,XI-IATI-EC_DEVCO,funding,1,canonical
org_alias_e257e7059c30,org_a22a45033975,European Commission - International Partnerships,XI-IATI-EC_INTPA,funding,1,canonical
org_alias_5bf1804844f1,org_5262e3c23a33,"European Investment Bank (Trust fund via EIB like FEMIP, NIF, Interest subsidies...)",XM-DAC-42000,accountable,1,canonical
org_alias_7e459d63e03f,org_e32065124cf5,Expertise France,,funding,1,canonical
org_alias_55883ffc06f3,org_ff249e4b90fc,FAO - Food and Agriculture,XM-DAC-41301,funding,1,canonical
org_alias_9325498a5f05,org_b6d0ac78b856,"FCSAI - Fundación Estatal Salud, Infancia y Bienestar Social",ES-NIF-G82596701,accountable,1,canonical
org_alias_1e1bf8efd207,org_b6d0ac78b856,"FCSAI - Fundación Estatal Salud, Infancia y Bienestar Social",ES-NIF-G82596701,implementing,1,canonical
org_alias_218f3c8c5064,org_fed32af97c9c,FEDERAL MINISTRY OF HEALTH MDG POOL FUND,XM-DAC-41122-VN-219774,implementing,1,canonical
org_alias_8c5b7848dabd,org_f383f24dace1,FEDERAL SUPREME COURT,XM-DAC-41122-VN-219754,implementing,1,canonical
org_alias_cf3e46719c29,org_6b7198f30b28,FILM AID KENYA,XM-DAC-41122-VN-224623,implementing,1,canonical
org_alias_513eab4356a0,org_41106b01ed8c,FINN CHURCH AID,XM-DAC-41122-VN-235744,implementing,1,canonical
org_alias_dcbeb1abb549,org_4e3d6bbcaa69,FINN CHURCH AID KIRKON ULKOMAANAPU SR,XM-DAC-41122-VN-206025,implementing,1,canonical
org_alias_922eaa48e387,org_2f03f0c6f795,FONDATION MÉRIEUX,,implementing,1,canonical
org_alias_c7597ed245e5,org_ec858d8c0180,FONDAZIONE AVSI ASSOCIAZONE VOLONTARI PER IL SERVI,XM-DAC-41122-VN-202913,implementing,1,canonical
org_alias_3bd61a40a80f,org_ab4590b9454c,FONDS D'ACHAT DES SERVICES DE SANTE DU KASAI OCCIDENTAL,XM-DAC-12004,implementing,1,canonical
org_alias_db16abd1af44,org_ab4590b9454c,FONDS D'ACHAT DES SERVICES DE SANTE DU KONGO CENTRAL,XM-DAC-12004,implementing,1,canonical
org_alias_7355068cd8df,org_ab4590b9454c,FONDS D'ACHAT DES SOINS DE SANTE DU NORD KIVU ETABLISSEMENT D'UTILITE P,XM-DAC-12004,implementing,1,canonical
org_alias_4932f39a6efc,org_ab4590b9454c,FONDS DE DEVELOPPEMENT DES SERVICES DE SANTE,XM-DAC-12004,implementing,1,canonical
org_alias_ef643bf9d28f,org_86bfbdca1441,FOOD AGRICULTURE AND DISASTER MANAGEMENT,XM-DAC-41122-VN-245939,implementing,1,canonical
org_alias_36d5265290a3,org_d1a51f08b185,FOOD AND AGRICULTURE ORGANISATION OF THE UNITED NATIONS,,implementing,1,canonical
org_alias_4d0c940cdd77,org_f4974e087cdb,FOOD AND BEVERAGE INDUSTRY RESEARCH AND DEVELOPMENT CENTER,XM-DAC-41122-VN-242909,implementing,1,canonical
org_alias_0dd43f7efa38,org_0141dc192f0e,FOOD AND NUTRITION FOR LIFE OF VULNERABLES,XM-DAC-41122-VN-237396,implementing,1,canonical
org_alias_cd635b063ad5,org_553328aa32f4,FOUNDATION FOR AFRICAN INNOVATION ECOSYSTEMS,,implementing,1,canonical
org_alias_88878f45945e,org_a4095e0b87fa,FPFK - Free Pentecostal Fellowship Kenya,,implementing,1,canonical
org_alias_dc95300a2db5,org_136a6a77e595,FSD Africa,KE-RCO-155081,accountable,1,canonical
org_alias_b3c8f23b6c38,org_136a6a77e595,FSD Africa,KE-RCO-155081,reporting,1,canonical
org_alias_23890d67d1e3,org_f0a1fe36b501,Fab Inc.,,implementing,1,canonical
org_alias_4c79ea7ea446,org_37318ac74a25,Faculty of Nursing and Midwifery ? Royal College of Surgeons in Ireland (RCSI),,funding,1,canonical
org_alias_2edb683536d0,org_d09e228b52e4,Family Life Education Program,UG-NGB-1826,accountable,1,canonical
org_alias_522b2129a6a0,org_d09e228b52e4,Family Life Education Program,UG-NGB-1826,reporting,1,canonical
org_alias_1fc9ad4f93d8,org_6a42dde88e39,Family Planning Association of Malawi (FPAM),,implementing,1,canonical
org_alias_4a05522458a0,org_c2c424a07419,Federal Democratic Republic of Ethiopia,ET–P0043363,accountable,1,canonical
org_alias_75ab9970c74b,org_78392e1ab0be,Federal University of Bahia,,implementing,1,canonical
org_alias_baba1b6bad0b,org_fc55478287cf,Federation Internationale de Football Association (FIFA),,funding,1,canonical
org_alias_0caf1b909d1d,org_d0aca448626f,Federation of Uganda Employers,,implementing,1,canonical
org_alias_ac33b47d6791,org_ee0fbd8f1fb0,Femme Forte Uganda,,implementing,1,canonical
org_alias_4069c66742c2,org_e37e8aa736d2,Fianakaviana Sambatra (FISA),,implementing,1,canonical
org_alias_3141b4e234b0,org_d5c342fd024a,Field Intelligence Inc,US-EIN-84-3528602,implementing,1,canonical
org_alias_086576c94d9b,org_401563c400ec,"Financial Sector Deepening, Kenya",KE-KRA-P051172537S,implementing,1,canonical
org_alias_3673a89cdbff,org_bc5bb2adcf21,Finnish Meteorological Institute (FMI),,implementing,1,canonical
org_alias_457becb56ccc,org_e8e744262600,Fond Social Kivu,,implementing,1,canonical
org_alias_fd283729e3c4,org_29274a50eba8,Fondation Institut Pasteur de Dakar,,accountable,1,canonical
org_alias_fcea49cb2b92,org_29274a50eba8,Fondation Institut Pasteur de Dakar,,implementing,1,canonical
org_alias_904109c5138b,org_991264bb23f6,Fondation NIF,,funding,1,canonical
org_alias_f2bc3842fc03,org_e57ff18d0237,Fondation PANZI,,implementing,1,canonical
org_alias_569dcfe263df,org_a087a257abba,Food Systems 2030 Multi-Donor Trust Fund,TF073570,implementing,1,canonical
org_alias_e449eeecfa39,org_ff249e4b90fc,Food and Agricultural Organisation,XM-DAC-41301,accountable,1,canonical
org_alias_385a64378d61,org_ff249e4b90fc,Food and Agriculture Organization of the United Nations (FAO),XM-DAC-41301,implementing,1,canonical
org_alias_f1f6e5a18771,org_fbe94f708a08,Foreign Office,TF658014,funding,1,canonical
org_alias_ca23d17543d9,org_55a1a5779f01,"Foreign, Commonwealth & Development Office",,funding,1,canonical
org_alias_2f8d845a2d36,org_6d18a5076c2b,"Foreign, Commonwealth & Development Office",GB-GOV-GB-GOVUK,funding,1,canonical
org_alias_06fc7656d963,org_56dbb43a6fdb,Forum for Protection of Consumer Rights Nepal (FPCRN),,implementing,1,canonical
org_alias_0a6eaec78c39,org_e57e81d62169,Fred Hollows Foundation,,funding,1,canonical
org_alias_74a8b85aa601,org_174c4423de9e,French Development Agency (Agence Française de Developpement),FR-3,funding,1,canonical
org_alias_0036f1993f2e,org_fc89933a6a36,Frontieri Consult PLC,,implementing,1,canonical
org_alias_0f35dc056225,org_39901faead2a,Fundaci?n Anesvad,,funding,1,canonical
org_alias_142357c8d9ee,org_c29e2b3d3222,Fédération internationale des Sociétés de la Croix-Rouge et du Croissant-Rouge,XM-DAC-21018,implementing,1,canonical
org_alias_6c1578ccdea3,org_57f100aa9945,GARDP Foundation,,implementing,1,canonical
org_alias_bf4e80bde2bd,org_9c11803bf7bc,GCC,,funding,1,canonical
org_alias_20657403ffa4,org_362c561a73f0,GIRL EFFECT,XM-DAC-41122-VN-240959,implementing,1,canonical
org_alias_d7a7ff4cf0df,org_2e70e4e94f32,GIVEDIRECTLY,1010712,implementing,1,canonical
org_alias_b4da24b616a1,org_f4a533b61c27,GIZ,,funding,1,canonical
org_alias_241f017efea9,org_0bf4f8af6eb6,GLOBAL ALLIANCE FOR IMPROVED NUTRITION,XM-DAC-41122-VN-231891,implementing,1,canonical
org_alias_d517061320ac,org_b447a8ecbc8a,GLOBAL DEVELOPMENT NETWORK,,implementing,1,canonical
org_alias_0697002f32df,org_0d80e1628db7,GLOBAL FUND FOR WOMEN,1011536,implementing,1,canonical
org_alias_a51c7839c006,org_ebc637bcf149,GLOBALFUND,,funding,1,canonical
org_alias_c7711e8dec01,org_af21f62f696e,GOAL,GB-CHC-1107403,funding,1,canonical
org_alias_e6da71d3948a,org_24900305529f,GPNRS AGRICULTURE AND NATURAL RESOURCES DEVELOPMENT BUREAU,XM-DAC-41122-VN-249960,implementing,1,canonical
org_alias_bc27984240bf,org_f8a04aeab317,GPNRS ATTORNEY GENERAL,XM-DAC-41122-VN-203817,implementing,1,canonical
org_alias_60330440020e,org_322706ccf4d9,GPNRS BUREAU OF WOMEN CHILDREN AND YOUTH AFFAIRS,XM-DAC-41122-VN-218722,implementing,1,canonical
org_alias_84fac36834a7,org_9fce647a76a0,GPNRS DISASTER PREVENTION AND FOOD SECURITY AGENCY,XM-DAC-41122-VN-203821,implementing,1,canonical
org_alias_fa48e9b463b4,org_d10caef35eb7,GPNRS VITAL EVENT REGISTRATION AGENCY,XM-DAC-41122-VN-242438,implementing,1,canonical
org_alias_107f076fa0aa,org_74c695f78336,GREAT COMMISSION OPERATION MERCY,XM-DAC-41122-VN-237376,implementing,1,canonical
org_alias_063190ff0441,org_35a578db02ef,GREEN CLIMATE FUND,XM-DAC-41317,funding,1,canonical
org_alias_4716add4c5c2,org_f7b9490a0e5f,GREEN GUARANTEE COMPANY LTD,,implementing,1,canonical
org_alias_93342e87cc10,org_45ddf78c503f,GREG SHAPLAND,,implementing,1,canonical
org_alias_d73a4b89c532,org_112787e8c4b6,GRID3 Inc,US-EIN-88-0577422,implementing,1,canonical
org_alias_33acd96d6d8e,org_dc59c9f52b02,GROWTHPAD DIGITAL MEDIA GROUP,,implementing,1,canonical
org_alias_345db55a3311,org_48ba571a9d8c,GSK,,funding,1,canonical
org_alias_d8f4ba87159e,org_dbd44629ef64,GSK plc,,funding,1,canonical
org_alias_36fcd03dadc2,org_a72aa7571d2f,GULU CITY COUNCIL,XM-DAC-41122-VN-250196,implementing,1,canonical
org_alias_637339aca4ca,org_0f4444ab5e9c,GURMUU DEVELOPMENT ASSOC,XM-DAC-41122-VN-245257,implementing,1,canonical
org_alias_ad0dd200e266,org_09c268e5547f,Gargaar Relief and Development Organization,,implementing,1,canonical
org_alias_e469cc234ca6,org_088575b72514,Geitmyra matkultursenter for barn,,implementing,1,canonical
org_alias_8807aea2b905,org_b1a15d7d7cd4,Gender Violence Recovery Centre,KE-KRA-P051200978B,accountable,1,canonical
org_alias_9d0605c293e8,org_6082c7dd75dd,Genesis Analytics,XM-DAC-62009,implementing,1,canonical
org_alias_b764f455084b,org_788863bbcba5,George Institute for Global Health,IN-MCA-U74900TG2007NPL055085,implementing,1,canonical
org_alias_08d4223312d9,org_fe07dcb2be90,Germany - Ministry for the Environmentcomma Nature Conservation and Nuclear Safety,TF540021,funding,1,canonical
org_alias_320af287937e,org_f7fc61989d2a,Gesundes Afrika e.V.,,funding,1,canonical
org_alias_5d68d402dbe3,org_367f759758bd,Ghent University,BE-BCE_KBO-0248015142,implementing,1,canonical
org_alias_c6ae4b9b65e3,org_7026d258a55b,Ginger International,XM-DAC-63009,implementing,1,canonical
org_alias_d6005ec596af,org_633ac2247ebe,GiveDirectly,US-EIN-27-1661997,implementing,1,canonical
org_alias_93767ca13223,org_04a64e63360b,Givewell,,funding,1,canonical
org_alias_f054e1c33f0b,org_a8fdb3469218,Global Agriculture and Food Security Program (GAFSP) - World Bank as Supervising Entity,TF071564,implementing,1,canonical
org_alias_d91c609c292d,org_761914925422,Global Alliance for Improved Nutrition,XM-DAC-30001,implementing,1,canonical
org_alias_784d095b2765,org_bd759540a46d,Global Alliance of Assistive Technology Organizations,,implementing,1,canonical
org_alias_625de5d5495d,org_76d85a647906,"Global Asthma Network, New Zealand",,implementing,1,canonical
org_alias_f269784454a3,org_3ae1ebed193a,Global Disability Innovation Hub,GB-COH-11126312,accountable,1,canonical
org_alias_8bb3f228df58,org_6c5f14b4fe88,Global Fund,,funding,1,canonical
org_alias_a12e92bdf988,org_0ca5f946b33a,Global Fund To Fight AidscommaTuberculosis And Malaria,47045,funding,1,canonical
org_alias_9af0458f683a,org_3cc34a926749,Global Health Strategies LLC,US-EIN-22-3885564,implementing,1,canonical
org_alias_5354cd8f9d01,org_839cd73be018,Good People international,XM-DAC-22000,implementing,1,canonical
org_alias_127887f1f96f,org_19754a2ec844,Good Ventures,,funding,1,canonical
org_alias_f3e2529f5b56,org_159a50f634a4,Google Inc.,,funding,1,canonical
org_alias_fd6be8b7dfc5,org_5b453f85f36a,"Government of Congo (the Democratic Republic of the) (Ministry of Public Health, Hygiene and Prevention)",CD-COA-37,implementing,1,canonical
org_alias_b01f549c69d7,org_bfba3253145c,Government of Ethiopia (Ministry of Health),ET-COA-341,implementing,1,canonical
org_alias_f92e3698d517,org_c85ff86a40bc,Government of Kenya (Ministry of Health),KE-COA-1081,implementing,1,canonical
org_alias_76d102fd1f7d,org_accbbd9562e4,Government of Rwanda (MINISTRY OF HEALTH (MOH)),RW-COA-16,implementing,1,canonical
org_alias_dd8acd9fd719,org_c4d6e7c07312,Government of Somalia (Ministry of Health),SO-COA-401,implementing,1,canonical
org_alias_90137168d03c,org_097f41dd45e3,Government of South Sudan (Ministry of Health),,implementing,1,canonical
org_alias_44f04bb27ccc,org_825cd9c899fb,Government of Tanzania - Ministry of Finance,,implementing,1,canonical
org_alias_5907e698bb20,org_0580c75b417c,"Government of Tanzania, United Republic of (Ministry of Health)",TZ-COA-52,implementing,1,canonical
org_alias_9be18034032a,org_f187df78fe8f,Government of Uganda (Ministry of Health),UG-COA-014,implementing,1,canonical
org_alias_17b621ac95f9,org_4d7a14563f44,"Government of Wallonia, Belgium",,funding,1,canonical
org_alias_883655e50ce8,org_7e08e62ca245,Grabet Tehadiso Mahber,,implementing,1,canonical
org_alias_f098567970aa,org_d26ab604c63b,Grand Challenges Canada,,funding,1,canonical
org_alias_c6c84c600c1e,org_f5b455bfece0,Green Climate Fund (GCF) - Cooling Facility Trust Fund,TF073878,implementing,1,canonical
org_alias_12668ea940bd,org_e68d69d85fab,Green Pastures hospital,,implementing,1,canonical
org_alias_364a72906c15,org_498d9bf6f140,Grow Desk Consulting Ltd,,implementing,1,canonical
org_alias_c48ccd2abfae,org_fb6a19044a69,Gud Kwo Foundation,,implementing,1,canonical
org_alias_f336f5faf001,org_7eac85e0f90b,Guttmacher Institute,500797,implementing,1,canonical
org_alias_961bd8f3691c,org_b8096ad25c96,Gyeonggi Research Institute,,implementing,1,canonical
org_alias_db3f0b3e57af,org_6082c7dd75dd,HABTech Solutions PLC,XM-DAC-62009,implementing,1,canonical
org_alias_31495568778e,org_2b56065e29ac,HALYK BANK KAZAKHSTAN,010799,funding,1,canonical
org_alias_3c0d390b7f3b,org_7357e5469e55,HARARI BOFED FOOD SECURITY,XM-DAC-41122-VN-250224,implementing,1,canonical
org_alias_e83c4d37f80c,org_b3f3d9e0cf63,HAYDOM LUTHERAN HOSPITAL,XM-DAC-41122-VN-241550,implementing,1,canonical
org_alias_b1f4264121d7,org_aaa1e871dd6c,HEALTH EDUCATION AGROPASTORALIST LIAISON HEAL,XM-DAC-41122-VN-213563,implementing,1,canonical
org_alias_057d7792bb7a,org_6073a8e52537,HEALTHRIGHT INTERNATIONAL-KENYA,,implementing,1,canonical
org_alias_637987f1cfde,org_e30bb15e4182,HEALTHRIGHT INTERNATIONAL-KENYA,KE-NCB-218051200501953650,reporting,1,canonical
org_alias_f224e724af5f,org_f9ecce25b261,HELIOS CLEAR FUND SCSP,,implementing,1,canonical
org_alias_679a7c1a31b6,org_f0c993a0e6bb,HELP A CHILD,XM-DAC-41122-VN-246866,implementing,1,canonical
org_alias_ebb2ae7b42de,org_61e5c7794622,HELP A CHILD SOUTH SUDAN,XM-DAC-41122-VN-246083,implementing,1,canonical
org_alias_56526c3e9e62,org_5eefd39d7b3e,HELPAGE INTERNATIONAL TANZANIA,XM-DAC-41122-VN-243859,implementing,1,canonical
org_alias_8aac98e66ea5,org_b19d68054c4d,HELPEDUCATION SOUTH SUDAN,XM-DAC-41122-VN-246155,implementing,1,canonical
org_alias_2ac43e4d90e2,org_efc0728435c5,HEZA INITIATIVE,XM-DAC-41122-VN-248985,implementing,1,canonical
org_alias_6cffbff1658a,org_a625f1085d50,HGR Kintambo,,implementing,1,canonical
org_alias_dbd88fba429a,org_b696739ac45e,HHOJ,,implementing,1,canonical
org_alias_bf734d2d2c8d,org_6082c7dd75dd,HISP Tanzania Limited,XM-DAC-62009,implementing,1,canonical
org_alias_56ed3b2cf8aa,org_e8747e13811c,HKI - Helen Keller International,,implementing,1,canonical
org_alias_7bd300dad0f0,org_1456c652e546,HOIMA REGIONAL REFERRAL HOSPITAL,XM-DAC-41122-VN-228274,implementing,1,canonical
org_alias_02786ce7e2a6,org_8a634128df83,HOPE FOR JUSTICE,XM-DAC-41122-VN-242590,implementing,1,canonical
org_alias_f6232d6fefc4,org_a3ec33e6e0ff,HOPITAL DISTRICT MIBILIZI,XM-DAC-41122-VN-209235,implementing,1,canonical
org_alias_a627c4cef172,org_5a4ddb63fa90,HUMANITARIAN AID FOR CHANGE AND TRANSFORMATION,XM-DAC-41122-VN-237291,implementing,1,canonical
org_alias_9853f36031d8,org_91d00ecfa4aa,HUMANITY WORLDWIDE SOUTH SUDAN,XM-DAC-41122-VN-244400,implementing,1,canonical
org_alias_250106cb6270,org_422f0b587477,HURU INTERNATIONAL KENYA,XM-DAC-41122-VN-242824,implementing,1,canonical
org_alias_3c955972582c,org_77e9012aded8,HYDRAULIQUE SANS FRONTIERES,XM-DAC-41122-VN-240949,implementing,1,canonical
org_alias_fac574860ff4,org_6519a74b579f,Habitat for Humanity Deutschland e.V.,,implementing,1,canonical
org_alias_b180147029c8,org_8bb364eae10a,Hamlin Fistula,,implementing,1,canonical
org_alias_d7afcc1f3ada,org_42629f2eeb11,Handicap International Belgique,BE-BCE_KBO-0432235661,accountable,1,canonical
org_alias_85c1b40ef8f6,org_42629f2eeb11,Handicap International Belgique,BE-BCE_KBO-0432235661,reporting,1,canonical
org_alias_1fa078c9e05c,org_fc34aded73cb,Handicap International Federation,FR-RCS-519655997,implementing,1,canonical
org_alias_87396e9aa6c5,org_38e3c80abf77,Handicap International UK,GB-CHC-1082565,accountable,1,canonical
org_alias_b747875e2dd8,org_38e3c80abf77,Handicap International UK,GB-CHC-1082565,implementing,1,canonical
org_alias_b9f643e0f685,org_4ef213367e78,Handicap International e.V.,,accountable,1,canonical
org_alias_787f89a9945f,org_4ef213367e78,Handicap International e.V.,,implementing,1,canonical
org_alias_f4b1b165ab26,org_d94b211dac81,Hanoi Medical University,,implementing,1,canonical
org_alias_85c5d316fece,org_dae3314f4059,Hanze University of Applied Sciences,,implementing,1,canonical
org_alias_9926be504112,org_7eecdb46db9c,Haramaya University,XM-DAC-51000,implementing,1,canonical
org_alias_0e5ec59b25e9,org_7a1d2e8c6801,Harvard University,US-EIN-04-2103580,implementing,1,canonical
org_alias_b2e1e9b3acb9,org_45ca029eef66,Hatch Technologies,US-EIN-84-5182130,implementing,1,canonical
org_alias_db1904ad9f49,org_aa8fd4f029de,Haukeland Universitetssykehus,,implementing,1,canonical
org_alias_a8df532bd1cf,org_0f2b8f812936,Haydom Lutheran Hospital,,implementing,1,canonical
org_alias_9dcbbb172bd8,org_b195a3365545,Health Action International,NL-KVK-41207580,accountable,1,canonical
org_alias_c241e10d597e,org_b195a3365545,Health Action International,NL-KVK-41207580,implementing,1,canonical
org_alias_075aa5fef122,org_84ff6237a19a,Health Emergency Preparedness and Response Multi-Donor Trust Fund,TF073509,implementing,1,canonical
org_alias_c2421305eff8,org_ad0cda642a20,Health Insurance Fund,NL-KVK-34234456,accountable,1,canonical
org_alias_8bd418808b05,org_449dbf74c47f,Health NGOs' Network (HENNET),XM-DAC-32000,implementing,1,canonical
org_alias_3e89ee8f9f4a,org_0540815a803b,Health Research Operations Kenya Limited,,implementing,1,canonical
org_alias_ffb7b235fc28,org_631da657d706,Health Research Operations Kenya Limited,KE-KRA-P051637065Q,reporting,1,canonical
org_alias_a7d01db348af,org_631da657d706,Health Research Operations Kenya Limited - The Operating Vehicle for the KEMRI-Wellcome Trust Research Programme,KE-KRA-P051637065Q,implementing,1,canonical
org_alias_a1c0fb7df9bd,org_60b21db11c62,Health Rights Advocacy Forum,KE-NCB-OP_218_051_2007_0417_4931,accountable,1,canonical
org_alias_d7a8bf1201be,org_974536e03101,Health Systems Insight,US-EIN-47-4007262,implementing,1,canonical
org_alias_9cad1d011d13,org_d8660eb7dcf8,HealthNet TPO,NL-KVK-41211943,accountable,1,canonical
org_alias_5a17fae2a357,org_d8660eb7dcf8,HealthNet TPO,NL-KVK-41211943,funding,1,canonical
org_alias_fe05d3bf07dd,org_d8660eb7dcf8,HealthNet TPO,NL-KVK-41211943,reporting,1,canonical
org_alias_14e7f5029bc8,org_be2f716935ab,HealthRight Kenya,KE-NCB-OP_218_051_2005_0195_3650,accountable,1,canonical
org_alias_9bb5092aa26a,org_bc0ed2ad0b17,Healthy Entrepreneurs B.V.,,implementing,1,canonical
org_alias_6a2167121482,org_6082c7dd75dd,Hecta Limited,XM-DAC-62009,implementing,1,canonical
org_alias_d4e353461b4c,org_8496fef95b22,Heifer Nederland,,funding,1,canonical
org_alias_ea1fe3ef9494,org_681566346f53,Help a Child,NL-KVK-41022454,accountable,1,canonical
org_alias_866fced38a45,org_681566346f53,Help a Child,NL-KVK-41022454,implementing,1,canonical
org_alias_88b7230ed621,org_681566346f53,Help a Child,NL-KVK-41022454,reporting,1,canonical
org_alias_acfaaf1d9d65,org_9f96e3b94492,Help for self-help to Disabled and Vulnerable Children (HDVC),,implementing,1,canonical
org_alias_74e45c0b514c,org_8035b5e375e9,"HelpAge Advocacy Network Uganda (HANU) was officially founded in 2023 following the localisation of HelpAge International’s Uganda operations. The formation of HANU was necessary to fill the gap left behind by HelpAge International, which had been a key player in advocating for the rights and welfare of older persons in Uganda. The decision to establish a national network was made to ensure the continuity of advocacy, support, and services for older people, especially as the aging population continues to grow and face challenges in accessing essential services. OUR MISSION A Uganda where older persons enjoy their rights, dignity, and well-being, living without discrimination and receiving the support and services they need to thrive. OUR VISION To champion the rights and needs of older persons in Uganda by working with a network of organizations and partners, advocating for policy reforms, improving service delivery, and empowering older persons and their communities. HENU - Health Nest Uganda - is the secretariat of the network.",UG-RSB-80034880275658,implementing,1,canonical
org_alias_0610f147e58f,org_64ae1eb9beb2,HelpAge Deutschland e.V.,,funding,1,canonical
org_alias_71ff74c9bc46,org_64ae1eb9beb2,HelpAge Deutschland e.V.,,implementing,1,canonical
org_alias_c7b334c71023,org_7948d9b819d4,HelpAge International,GB-COH-1762840,funding,1,canonical
org_alias_290300e75938,org_8235d6e07960,HelpAge International - Tanzania Country Office,,implementing,1,canonical
org_alias_e0c56d8bf5dc,org_7948d9b819d4,HelpAge International has been operating in Ukraine since November 2014 when conflict broke out in the east of the country.,GB-COH-1762840,implementing,1,canonical
org_alias_3ff79a2d41d9,org_61af33d5c990,"HelpAge Moldova provides support to women who have been victims of domestic violence and gives older people access to home-based care staff and volunteers, provide humanitarian assistance to older people of Ukraine both within the country and abroad. They bring food, medicine, and hygiene supplies for older people, their families, and communities.",MD-IDNO-1022620011229,implementing,1,canonical
org_alias_6d14db242932,org_d538be21668f,HelpAge Mozambique,MZ-MOJ-105040119,implementing,1,canonical
org_alias_83d31be3c84b,org_80bacd1f7fff,Helvetas Swiss intercooperation,CH-FDJP-CHE105834763,implementing,1,canonical
org_alias_c7ed4c7b582c,org_67e47ab155e7,Hennecke Family Foundation,,funding,1,canonical
org_alias_3783ef88ca79,org_858e0013502a,Hilfsaktion Noma e.V.,,funding,1,canonical
org_alias_57e47d543b82,org_d44ddb469cd2,Hoffnungszeichen | Sign of Hope e.V.,,implementing,1,canonical
org_alias_c8f4f9055c97,org_cb0a130c8fbf,Hopelink Action Foundation Uganda,,implementing,1,canonical
org_alias_ffe56d81139d,org_f845f418d13e,Hopital provincial de Goma,,implementing,1,canonical
org_alias_0dc9ae213428,org_3be99e0054cd,Hospice Africa Ltd,GB-CHC-1024903,reporting,1,canonical
org_alias_3c7328becb65,org_b6b149e95a2a,Hospice Ethiopia,,implementing,1,canonical
org_alias_edc60116fd2b,org_1daf5aa393a8,Hospital for Sick Children,CA-CRA_ACR-107492928,implementing,1,canonical
org_alias_5aac3d550462,org_57869db186b5,Hospital for Sick Children,,accountable,1,canonical
org_alias_0e5a2e4dda76,org_57869db186b5,Hospital for Sick Children,,implementing,1,canonical
org_alias_1a908797246e,org_f44c15bd1de0,"HumanTruths, Inc.",US-EIN-39-3437527,implementing,1,canonical
org_alias_a8745bfa9584,org_08f9668061e0,Humanistické centrum NAROVINU,XM-DAC-69-2,accountable,1,canonical
org_alias_c7cca61a46bf,org_5b11b4e0933d,Humanity & Inclusion,,implementing,1,canonical
org_alias_883bc2957f3b,org_38e3c80abf77,Humanity & Inclusion - Handicap International UK,GB-CHC-1082565,reporting,1,canonical
org_alias_65a70fabe477,org_38e3c80abf77,Humanity & Inclusion UK,GB-CHC-1082565,implementing,1,canonical
org_alias_c7b58188791c,org_a2e8505a04c5,Humanity&Inclusion,,accountable,1,canonical
org_alias_72bf9ed6e1b2,org_a2e8505a04c5,Humanity&Inclusion,,implementing,1,canonical
org_alias_96fae205e06e,org_7cfaada84783,Hungarian National Comm for UNICEF,XM-DAC-41122-C19501,funding,1,canonical
org_alias_a921b029846f,org_660c76731326,Hôpital Saint-Luc de Kisantu,,implementing,1,canonical
org_alias_f200b3778aa2,org_2e114dfa9e5e,Hôpital du Cinquantenaire de Kisangani,,implementing,1,canonical
org_alias_e508572ce67d,org_08f9668061e0,I AM RESPONSIBLE Foundation,XM-DAC-69-2,accountable,1,canonical
org_alias_6f7e8bcf9785,org_1e359c7e945b,I Choose Life - Africa,KE-NGC-3372,implementing,1,canonical
org_alias_83a310ee5438,org_c2c1dd5c7b33,IA Institut de Médecine Tropicale - Instituut voor Tropische Geneeskunde,BE-BCE_KBO-0410057701,implementing,1,canonical
org_alias_019fd61dcc95,org_be5c9aa8cb32,IAVI,,implementing,1,canonical
org_alias_cf92778c0afb,org_1f922b225ebf,IBRD - INTERNATIONAL BANK FOR RECONSTRUCTION AND DEVELOPMENT,,implementing,1,canonical
org_alias_6598db96db7e,org_9eca44ef099f,"ICF Incorporated, L.L.C.",US-EIN-52-0893615,implementing,1,canonical
org_alias_6e4df90add4a,org_395d09ca56ac,IFC EMERGING MARKETS SECURITIZATION 2025 1,1013751,implementing,1,canonical
org_alias_33a465f14297,org_5c96f1eb96a9,IFPRI – International Food Policy Research Institute,XM-DAC-51001,implementing,1,canonical
org_alias_47a95e1bfd64,org_8a333b5a0747,IIT Bangalore,,implementing,1,canonical
org_alias_43b3903c1a40,org_6cd3bc0a36f8,IIT Delhi,,implementing,1,canonical
org_alias_60f9eac2d7a8,org_91b682d1f78c,IMAGINE 1 DAY INTERNATIONAL ORGANIZATION,XM-DAC-41122-VN-236187,implementing,1,canonical
org_alias_baf109f178dd,org_22b0db5a6b41,IMPACT Initiatives,,implementing,1,canonical
org_alias_a4d1991823ef,org_8993e808d52f,IMPACT RELIEF AND DEVELOPMENT,XM-DAC-41122-VN-245318,implementing,1,canonical
org_alias_59c489479a38,org_587893601320,IMPACT Trust Kenya,,implementing,1,canonical
org_alias_9cf7bab75e43,org_8ace011f9715,IMPACTA GLOBAL PARTNERS SCSP,1012084,implementing,1,canonical
org_alias_2eb34efb917b,org_7af6235fefb7,IMPERIAL EDUCATIONAL TECHNLOGY LTD,1015522,implementing,1,canonical
org_alias_22bad4172bfd,org_8ae9ad31e503,INFECTIOUS DISEASES INSTITUTE,,implementing,1,canonical
org_alias_da7dcf8d5d00,org_4e1b64771307,INFRASTRUCTURE CREDIT GUARANTEE COMPANY PLC,1011873,implementing,1,canonical
org_alias_a57342377b59,org_4cd54d447722,INNOVATIVE HUMANITARIAN SOLUTIONS ETHIOPIA,XM-DAC-41122-VN-244555,implementing,1,canonical
org_alias_10af61a62042,org_f1fa5be5b35e,INS KATANGA STATISTIQUE LUBUMBASHI,XM-DAC-41122-VN-203149,implementing,1,canonical
org_alias_bbb399019aa8,org_87397ca1358e,INSPECTION PRINCIPALE PROVINCIALE TANGANYIKA,XM-DAC-41122-VN-203281,implementing,1,canonical
org_alias_3ceb6c29a8bc,org_7864d7d488fc,INSTITUT NATIONAL DE LA STATISTIQUE KANANGA,XM-DAC-41122-VN-203150,implementing,1,canonical
org_alias_cee21e3544f7,org_6743f709e097,INTEGRATED HUMANITARIAN AID,XM-DAC-41122-VN-245233,implementing,1,canonical
org_alias_ef46639942de,org_5a0d5ef78d32,INTERCHURCH MEDICAL ASSISTANCE INC,XM-DAC-21000,implementing,1,canonical
org_alias_25bee7582b45,org_b23c2b344be2,INTERNATIONAL BANK FOR RECONSTRUCTI ON AND DEVELOPMENT,XM-DAC-44001,implementing,1,canonical
org_alias_290df24c759e,org_5a4f3f454095,INTERNATIONAL CONFEDERATION OF MIDWIVES,1010573,implementing,1,canonical
org_alias_5a51f5004fc8,org_313240fa63fe,INTERNATIONAL DISABILITY ALLIANCE,CH-FDJP-66029860165,implementing,1,canonical
org_alias_096334d0d0a8,org_1463841757cb,INTERNATIONAL EMERGENCY AND DEVELOPMENT AID RELIEF,XM-DAC-41122-VN-203249,implementing,1,canonical
org_alias_6f908a878c11,org_24f5b801f5be,INTERNATIONAL MEDICAL CORPS UK,XM-DAC-41122-VN-225434,implementing,1,canonical
org_alias_10dc5fa1c90f,org_22186f9d7f4c,INTERNATIONAL ORGANIZATION FOR MIGRATION,,implementing,1,canonical
org_alias_f56e2205aee7,org_40633a71730a,INTERNATIONAL RESCUE COMMITTEE,XM-DAC-41122-VN-201373,implementing,1,canonical
org_alias_bf85c28adfbd,org_e2b547c28a30,INTERNATIONAL TELECOMMUNICATIONS UNION,XM-DAC-41303,funding,1,canonical
org_alias_d03c819eafdd,org_05bb4a0778c3,INTERPLAST - Germany e.V.,,implementing,1,canonical
org_alias_f44fff047495,org_0705c2288152,INTERSOS,XM-DAC-41122-VN-217579,implementing,1,canonical
org_alias_a748c40387c1,org_925d53d9ede4,INTERSOS,XM-DAC-41122-VN-219735,implementing,1,canonical
org_alias_eeff7c234757,org_e76cffea1b13,"INVEA - IMMIGRATION, NATIONALITY AND VITAL EVENTS AGENCY ALT",,implementing,1,canonical
org_alias_78774cf0c6e8,org_36a21e6689e6,IOM,,implementing,1,canonical
org_alias_a3090e54e4cd,org_3ac48966b591,IOM,XM-DAC-47066,implementing,1,canonical
org_alias_b3fe4361adac,org_3ac48966b591,IOM - International Organization,XM-DAC-47066,funding,1,canonical
org_alias_2407ab3439a6,org_f9e005abfb35,IORA Ecological Solutions Pvt. Ltd,,implementing,1,canonical
org_alias_cb49a5626114,org_007e580960a8,IP not published,XM-DAC-41122-VN-238291,implementing,1,canonical
org_alias_261761d0dbe3,org_01baf2e3dabb,IP not published,XM-DAC-41122-VN-251002,implementing,1,canonical
org_alias_c22db2c49fec,org_08f0daf92b22,IP not published,XM-DAC-41122-VN-242212,implementing,1,canonical
org_alias_60b44059f328,org_0ba5f936657e,IP not published,XM-DAC-41122-VN-242210,implementing,1,canonical
org_alias_561dafd8c973,org_0d09f704e673,IP not published,XM-DAC-41122-VN-240032,implementing,1,canonical
org_alias_957b5f4b8005,org_1446baecc0a1,IP not published,XM-DAC-41122-VN-238365,implementing,1,canonical
org_alias_0c5e2dea7772,org_1449b59bb705,IP not published,XM-DAC-41122-VN-237425,implementing,1,canonical
org_alias_9b5416b003a6,org_1983101eaa97,IP not published,XM-DAC-41122-VN-241566,implementing,1,canonical
org_alias_8f6a3de18243,org_1b79baf6a22a,IP not published,XM-DAC-41122-VN-250936,implementing,1,canonical
org_alias_8fff8bee9e3e,org_27a475e2a21d,IP not published,XM-DAC-41122-VN-241331,implementing,1,canonical
org_alias_8253dba938a2,org_291e2f7d5773,IP not published,XM-DAC-41122-VN-241899,implementing,1,canonical
org_alias_6d6ff72f399d,org_37c4fa16a12c,IP not published,XM-DAC-41122-VN-238300,implementing,1,canonical
org_alias_96efaa766c39,org_3c5d33fbdbc3,IP not published,XM-DAC-41122-VN-241549,implementing,1,canonical
org_alias_0286450b87b1,org_412f8ccd9c8b,IP not published,XM-DAC-41122-VN-242165,implementing,1,canonical
org_alias_8bb41ade4788,org_418cf09823c9,IP not published,XM-DAC-41122-VN-238943,implementing,1,canonical
org_alias_9af8e2fc45b0,org_4cd11dd7dcd0,IP not published,XM-DAC-41122-VN-236133,implementing,1,canonical
org_alias_515ae4883f5a,org_4fdcb7f49408,IP not published,XM-DAC-41122-VN-232631,implementing,1,canonical
org_alias_ac547a2e2d76,org_56b5aa95504d,IP not published,XM-DAC-41122-VN-240371,implementing,1,canonical
org_alias_29841296ea4c,org_59005863a9ae,IP not published,XM-DAC-41122-VN-224297,implementing,1,canonical
org_alias_b4a8425cef4b,org_61c4c6a8a83b,IP not published,XM-DAC-41122-VN-250912,implementing,1,canonical
org_alias_7852495492ff,org_6387a03ec814,IP not published,XM-DAC-41122-VN-241975,implementing,1,canonical
org_alias_bcfd6e9cd965,org_6620c44e3fa0,IP not published,XM-DAC-41122-VN-250154,implementing,1,canonical
org_alias_75796beb31d2,org_6d686889d7d5,IP not published,XM-DAC-41122-VN-222295,implementing,1,canonical
org_alias_511983185596,org_7967296d7267,IP not published,XM-DAC-41122-VN-209859,implementing,1,canonical
org_alias_8086473ad133,org_7fb213195e62,IP not published,XM-DAC-41122-VN-238156,implementing,1,canonical
org_alias_d8c5c935af1a,org_81f8ed456f15,IP not published,XM-DAC-41122-VN-236597,implementing,1,canonical
org_alias_3dcf29924723,org_86f2a9394df6,IP not published,XM-DAC-41122-VN-234956,implementing,1,canonical
org_alias_a5ac9b0e9cfa,org_8b03a6db9a5c,IP not published,XM-DAC-41122-VN-249724,implementing,1,canonical
org_alias_00487e87c1ef,org_907579a8fc51,IP not published,XM-DAC-41122-VN-240938,implementing,1,canonical
org_alias_8440c6f95693,org_915ca8803c31,IP not published,XM-DAC-41122-VN-241598,implementing,1,canonical
org_alias_91ec2d65cb51,org_9545a3089d94,IP not published,XM-DAC-41122-VN-240605,implementing,1,canonical
org_alias_7edd0abbcd52,org_96f232600e99,IP not published,XM-DAC-41122-VN-241599,implementing,1,canonical
org_alias_46dded0c99a7,org_9fc57fa92470,IP not published,XM-DAC-41122-VN-236794,implementing,1,canonical
org_alias_25d67138eecc,org_a391dd5f3b7d,IP not published,XM-DAC-41122-VN-221319,implementing,1,canonical
org_alias_3381f4996ac1,org_a570a7b3f6ba,IP not published,XM-DAC-41122-VN-210441,implementing,1,canonical
org_alias_b8f9c791d4fb,org_a9a4beeb91de,IP not published,XM-DAC-41122-VN-242228,implementing,1,canonical
org_alias_2684aef45bbd,org_aba35b72b5ee,IP not published,XM-DAC-41122-VN-249896,implementing,1,canonical
org_alias_ca0c2a63d154,org_af917c8d446b,IP not published,XM-DAC-41122-VN-242189,implementing,1,canonical
org_alias_b5aa85a0011f,org_b08ad63bd330,IP not published,XM-DAC-41122-VN-250477,implementing,1,canonical
org_alias_d8aa054f3a35,org_ba3fd13612f8,IP not published,XM-DAC-41122-VN-202987,implementing,1,canonical
org_alias_c2cd81befcae,org_bda3a29ed4dd,IP not published,XM-DAC-41122-VN-219725,implementing,1,canonical
org_alias_a02f9726217d,org_be7606d8c304,IP not published,XM-DAC-41122-VN-250803,implementing,1,canonical
org_alias_f28cbc87822d,org_bf4adb9f1ab4,IP not published,XM-DAC-41122-VN-250278,implementing,1,canonical
org_alias_8b70d2da9a3b,org_c1aadddd318e,IP not published,XM-DAC-41122-VN-217592,implementing,1,canonical
org_alias_408277f3ce86,org_c597b1b8eb92,IP not published,XM-DAC-41122-VN-241608,implementing,1,canonical
org_alias_16ac55baae1d,org_cdff6464c423,IP not published,XM-DAC-41122-VN-236587,implementing,1,canonical
org_alias_49d3912507eb,org_cfc4aabb9e21,IP not published,XM-DAC-41122-VN-241461,implementing,1,canonical
org_alias_93e06e3a5eac,org_e554ecccb948,IP not published,XM-DAC-41122-VN-241749,implementing,1,canonical
org_alias_963f36e89e29,org_edb5655fa2bb,IP not published,XM-DAC-41122-VN-202893,implementing,1,canonical
org_alias_27d6bdb5c549,org_ee2082e3bec2,IP not published,XM-DAC-41122-VN-234520,implementing,1,canonical
org_alias_6b2863ab4ec7,org_f1de6566195f,IP not published,XM-DAC-41122-VN-221416,implementing,1,canonical
org_alias_9cc6312cd169,org_f2cd4d235494,IP not published,XM-DAC-41122-VN-250349,implementing,1,canonical
org_alias_63d3c1ead367,org_fc8b0b547e1d,IP not published,XM-DAC-41122-VN-249139,implementing,1,canonical
org_alias_eb024adf6c28,org_fe08706a8cbb,IP not published,XM-DAC-41122-VN-240784,implementing,1,canonical
org_alias_9c443509c304,org_ff7635ca2105,IP not published,XM-DAC-41122-VN-241892,implementing,1,canonical
org_alias_92d2ec1886fa,org_8c43246a782e,IPA,NL-KVK-32037590,reporting,1,canonical
org_alias_0744ee290354,org_caa32254d982,IPE Global Africa Limited,52847,implementing,1,canonical
org_alias_e982050f0504,org_bc31b68426aa,IRC INTERNATIONAL RESCUE COMMITTEE ETHIOPIA,XM-DAC-41122-VN-203844,implementing,1,canonical
org_alias_f04f80aab9e4,org_cdc7d5643f34,IRC UK,GB-CHC-1065972,accountable,1,canonical
org_alias_652f342e9295,org_76c6f5313b02,IRINGA DISTRICT COUNCIL,XM-DAC-41122-VN-223429,implementing,1,canonical
org_alias_9e8e3475d1e1,org_212b1675dbb2,IReview Limited,,implementing,1,canonical
org_alias_d77d0932eea0,org_107177c61b83,ITAD LTD,,implementing,1,canonical
org_alias_658966bc2ae2,org_16412eb78be9,Iceland - Ministry for Foreign Affairs,TF533001,funding,1,canonical
org_alias_9763a95bf128,org_884d7b286015,Ifakara Health Institute,,implementing,1,canonical
org_alias_6539de43680d,org_211a57275732,Impact Fund Denmark,DK-CVR-23598612,accountable,1,canonical
org_alias_01f421010665,org_942f9a20bbd4,Impact Health Organisation (IHO),,implementing,1,canonical
org_alias_a6a2651d6ae2,org_5a0d5ef78d32,Impact Santé Afrique,XM-DAC-21000,implementing,1,canonical
org_alias_2424aacf7eb5,org_792471a271ff,In2Care BV,,funding,1,canonical
org_alias_1709bb502e28,org_f8745630db84,InSupply Health Limited,XM-DAC-23000,implementing,1,canonical
org_alias_51d519d654ea,org_4ee64fe1cca1,Incheon Institute,,implementing,1,canonical
org_alias_fdfe8253b1df,org_073756fc1d9e,Incision Group B.V.,NL-KVK-62060821,implementing,1,canonical
org_alias_22bad4172bfd,org_8ae9ad31e503,Infectious Diseases Institute,,implementing,1,canonical
org_alias_8b2df6d1c1a9,org_a2789e84b210,Infectious Diseases Research Collaboration (IDRC),,funding,1,canonical
org_alias_c82d1f0b0993,org_a2789e84b210,Infectious Diseases Research Collaboration (IDRC),,implementing,1,canonical
org_alias_a12e1d478951,org_b210b8ad5f7b,Infinity Foundation,,implementing,1,canonical
org_alias_2d4205d7efaa,org_f0e8053c08f2,Innovation Norway,XM-DAC-41122-G32405,funding,1,canonical
org_alias_e1a58c5bf86a,org_2695c1034a5b,Innovation Poverty Action,,implementing,1,canonical
org_alias_0f908026c704,org_7eecdb46db9c,Institut Pasteur de Tunis,XM-DAC-51000,implementing,1,canonical
org_alias_0d59e1552116,org_cd47973d1a9b,Institut Supérieur d'Informatique et de Gestion,,implementing,1,canonical
org_alias_736a2956f166,org_599ce777b2ed,Institut Supérieur de Développement Rural de Bukavu,,implementing,1,canonical
org_alias_493942e09303,org_a50239e2dae9,Institut Supérieur des Techniques Appliquées,,implementing,1,canonical
org_alias_0cb1a971e8d6,org_5d0c1c44ce34,"Institut de la Recherche en la Santé, Clinical Unit of Nanoro (IRSS-CRUN)",,implementing,1,canonical
org_alias_bf9899fcb400,org_f06d6323091c,Institute for Development,,implementing,1,canonical
org_alias_a05a78ae432d,org_1b7c1af693e5,Institute for Fiscal Studies,,implementing,1,canonical
org_alias_6652ca76a3e7,org_89fa8ca5645b,Institute for Healthcare Improvement,US-EIN-38-3017223,implementing,1,canonical
org_alias_554dda565049,org_a4f5169ed545,Institute of Adult Education Tanzania,,implementing,1,canonical
org_alias_955bbd3b69db,org_6ab7694dabc1,Institute of Cancer Research,,implementing,1,canonical
org_alias_1dcc633c34b2,org_0375c3bdd31a,Institute of Development Studies,,implementing,1,canonical
org_alias_f5e8490dc8ac,org_70035025f458,Institute of Development Studies,GB-COH-877338,accountable,1,canonical
org_alias_8653c4b6227a,org_476152203f94,Institute of Gender and Children's Health Research,SL-NRA-1136607-8,implementing,1,canonical
org_alias_a00e83241499,org_bc618150d8bf,Institute of Primate Research,,implementing,1,canonical
org_alias_acc91f82d98b,org_7eecdb46db9c,Instituto de Salud Global Barcelona,XM-DAC-51000,implementing,1,canonical
org_alias_7e59126b8d24,org_404442f44097,International Aid Services Germany (IAS) e.V. c/o Rainer Gessler,,implementing,1,canonical
org_alias_12456358b79f,org_38fe6b5adbe6,International Bank for Reconstruction and Development,44000,implementing,1,canonical
org_alias_59704f2b802a,org_9c25c6e3a564,International Bank for Reconstruction and Development,,implementing,1,canonical
org_alias_d2a57eff04f8,org_9d57c708398a,International Center for Tropical Agriculture,,accountable,1,canonical
org_alias_504eed0c02f7,org_9d57c708398a,International Center for Tropical Agriculture,,implementing,1,canonical
org_alias_1732b67ceb7e,org_b5948f6708cc,"International Centre for Diarrhoeal Disease Research, Bangladesh (icddr,b)",XM-OCHA-4438,implementing,1,canonical
org_alias_728bbfaa92a7,org_67a1cff9b0f5,International Centre for Insect Physiology and Ecology,KE-KRA-KE-KRA-P051097200R,implementing,1,canonical
org_alias_b0e823f76159,org_5a0d5ef78d32,International Centre for Reproductive Health Kenya,XM-DAC-21000,implementing,1,canonical
org_alias_4b079907d729,org_448fcfbdd96f,International Committee of the Red Cross,21016,implementing,1,canonical
org_alias_464f37250b99,org_f8e06493684a,International Development Law Organization (IDLO),XM-DAC-47059,accountable,1,canonical
org_alias_026ea90ca763,org_f8e06493684a,International Development Law Organization (IDLO),XM-DAC-47059,implementing,1,canonical
org_alias_1c935c0a2b87,org_f8e06493684a,International Development Law Organization (IDLO),XM-DAC-47059,reporting,1,canonical
org_alias_6c5c13d0408b,org_3862c19bfde8,International Development Research Centre,13000,implementing,1,canonical
org_alias_6e4c0623c0af,org_6535ef19d19a,International Development Research Centre,XM-DAC-301-2,implementing,1,canonical
org_alias_65d01a5cc13c,org_bd94f40c55b1,International Health Policy Program Foundation,,implementing,1,canonical
org_alias_8e969b962ed9,org_67db64a4b26d,International Institute for Environment and Development,21021,implementing,1,canonical
org_alias_68529ecb8b5e,org_7596c81a8a05,International Institute for Environment and Development,,implementing,1,canonical
org_alias_c4fd715a2dc8,org_1d17cb4b26f7,International Livestock Research Institute,,implementing,1,canonical
org_alias_078b4bfcaaf1,org_f27563172112,International Medical Corps UK,GB-CHC-1093861,accountable,1,canonical
org_alias_98e90ca2b478,org_f27563172112,International Medical Corps UK,GB-CHC-1093861,reporting,1,canonical
org_alias_7766537da547,org_f2d63a30c1ca,International Nepal Fellowship Nepal,NP-SWC-19781,implementing,1,canonical
org_alias_19bda238de3c,org_895ed122f474,International Organisation for Migration (IOM),,implementing,1,canonical
org_alias_d72e761a2289,org_b9e2749b2742,International Organization for Migration,CH-FDJP-CHE-050.230.897,implementing,1,canonical
org_alias_22172423d2b2,org_ef873dd76588,International Paralympic Committee,,implementing,1,canonical
org_alias_889c3bc40c4a,org_05d4b49f0d92,International Rescue Committee,US-EIN-13-5660870,implementing,1,canonical
org_alias_d5a06911b0cd,org_cdc7d5643f34,International Rescue Committee (IRC),GB-CHC-1065972,implementing,1,canonical
org_alias_46ad18a26ac1,org_cdc7d5643f34,International Rescue Committee (UK),GB-CHC-1065972,implementing,1,canonical
org_alias_c756a23a7b27,org_05d4b49f0d92,International Rescue Committee Inc.,US-EIN-13-5660870,accountable,1,canonical
org_alias_fdddf3804fe6,org_cdc7d5643f34,International Rescue Committee UK,GB-CHC-1065972,reporting,1,canonical
org_alias_172e6323c167,org_05d4b49f0d92,"International Rescue Committee, Inc",US-EIN-13-5660870,implementing,1,canonical
org_alias_905ee455f36f,org_ca36d8daf91f,International Society for Prosthetics and Orthotics,,implementing,1,canonical
org_alias_f3a7c8d2b398,org_571a417e53bd,IntraHealth International Inc.,US-EIN-55-0825466,implementing,1,canonical
org_alias_758a54eedd6b,org_ef8371a4d246,Ipas,US-EIN-56-1071085,implementing,1,canonical
org_alias_b941a479472f,org_6082c7dd75dd,Irembo Limited,XM-DAC-62009,implementing,1,canonical
org_alias_66c8fee01e64,org_62ac35b56509,"Is a non-profit, non-governmental organisation (NGO) based in Magu, Mwanza Region. MAPERECE was established in 1993.In 1994 MAPERECE was registered as a Non-Governmental Organization (NGO) under the cooperative ordinance of 1954. In 2005 MAPERECE was registered again as a non-governmental organization to operate nationally (Tanzania main land) under the Non-Government Organizations Act of 2002. Magu Poverty focus on Older People's Rehabilitation Center",,implementing,1,canonical
org_alias_a97fe5681f48,org_c876908698d8,Isandla Institute,,implementing,1,canonical
org_alias_417f399fa33f,org_3685bf5e9107,Islamic Relief Canada,CA-CRA_ACR-2821896875,implementing,1,canonical
org_alias_d610428a040f,org_c3978a6dccc8,IsraAID Kenya,KE-NCB-OP_218_051_16-027_10143,accountable,1,canonical
org_alias_a7e154cb6248,org_d74d5a989735,Italian Association for Aid to Children (CIAI),Italian Association for Aid to Children (CIAI),implementing,1,canonical
org_alias_d8e1bf894c30,org_a498844d5075,J.C. Flowers Foundation,US-EIN-27-2142340,implementing,1,canonical
org_alias_9521cd6cd1d2,org_2f276fdd8345,JASPER SEMU AND ASSOCIATES CPAS,,implementing,1,canonical
org_alias_423d627345b5,org_26791098116d,JESUIT REFUGEE SERVICE,XM-DAC-41122-VN-203194,implementing,1,canonical
org_alias_b6773a155224,org_4186764c4bd7,JESUIT REFUGEE SERVICE,XM-DAC-41122-VN-242048,implementing,1,canonical
org_alias_17b72e6ae1b5,org_960ceea58c05,JHU Bloomberg School Of Public Health,,implementing,1,canonical
org_alias_2854c5c19ad0,org_5933c41809a1,JINJA DISTRICT LOCAL GOVERNMENT,XM-DAC-41122-VN-210343,implementing,1,canonical
org_alias_bf45de15625e,org_7eecdb46db9c,JOMO KENYATTA UNIVERSITY OF AGRICUL TURE AND TECHNOLOGY,XM-DAC-51000,implementing,1,canonical
org_alias_a750dfe933c0,org_b1156dd30c71,JP-8,JP-8,funding,1,canonical
org_alias_297108c2f6fc,org_72c071f19155,JUSTICE FOUNDATION ORGANISATION,XM-DAC-41122-VN-236553,implementing,1,canonical
org_alias_a2f30a0a1cd3,org_f8745630db84,Jakaya Mrisho Kikwete Foundation,XM-DAC-23000,implementing,1,canonical
org_alias_3119e2893424,org_2a8280e20d98,Japan,,funding,1,canonical
org_alias_27153bc87e16,org_303e8dd0a06a,Japan Social Development Fund (JSDF),TF023779,implementing,1,canonical
org_alias_6f095cb2593c,org_211bff12826d,Japanese Social Development Fund (JSDF) - Parallel to TF023779,TF072608,implementing,1,canonical
org_alias_1bd47a2d0c78,org_6b0fc635ef41,Jaramogi Oginga Odinga University of Science and Technology,,implementing,1,canonical
org_alias_db15bc618d13,org_6ac0a5e16614,Jhpiego Corporation,US-EIN-23-7424444,implementing,1,canonical
org_alias_f87ac591ab48,org_e93b63ad7617,Jimma University,,accountable,1,canonical
org_alias_59e94daa74eb,org_e0dba7ba4239,"Jimma University, Ethiopia",,implementing,1,canonical
org_alias_6b39bd4c982d,org_04ebe06a6429,Johns Hopkins University,US-EIN-52-0595110,implementing,1,canonical
org_alias_73c20eb36846,org_778d61e613d6,Johns Hopkins University,,implementing,1,canonical
org_alias_1388c1529379,org_c92dc38ed562,Joint Funds Unit (JFU),GB-GOR-D2,implementing,1,canonical
org_alias_f43eff6ff513,org_824c6763cc56,Jomo Kenyatta University of Science and Technology,,implementing,1,canonical
org_alias_812c227387ec,org_193196ff2b42,Juba Foundation,,implementing,1,canonical
org_alias_9a87e49ed577,org_a37ac57a41b7,Julian King Associates Limited,,implementing,1,canonical
org_alias_a467fccba9ad,org_d4456045b5e9,Jumuia ya Wazee na Wastaafu Zanzibar(JUWAZA 2),,implementing,1,canonical
org_alias_df5606d1d069,org_a6d7ba22fffa,KAABONG DISTRICT UNICEF ACCOUNT,XM-DAC-41122-VN-210388,implementing,1,canonical
org_alias_665e19110cce,org_fbce07fddc58,KAMULI DISTRICT UNICEF,XM-DAC-41122-VN-210475,implementing,1,canonical
org_alias_67088b256118,org_deb8b72683e4,KASESE DISTRICT UNICEF A C,XM-DAC-41122-VN-210329,implementing,1,canonical
org_alias_e0babaf7960d,org_8823f110ad23,KATONTE DEVELOPMENT PERSPECTIVES LTD,1014898,implementing,1,canonical
org_alias_abe7bcbce2b0,org_6e67260c7179,KE-NCB-21805113043590,KE-NCB-KE-NCB-2180511304359047,funding,1,canonical
org_alias_9033346aea2a,org_1c0812150f0b,KEMRI Centre for Global Health Research,,implementing,1,canonical
org_alias_6fd878929d9a,org_cfeac51c00ca,KEMRI Wellcome Trust Partnership,,implementing,1,canonical
org_alias_a0d2d14109c1,org_b6dac30feafa,KEMRI Wellcome Trust Research Programme,,implementing,1,canonical
org_alias_8c2bbab7bbdd,org_438e628e03ab,KENYA SCOUTS ASSOCIATION,XM-DAC-41122-VN-242471,implementing,1,canonical
org_alias_4403f9a06a2d,org_4e59ac52cd61,KEPI KAKAMEGA CENTRAL,XM-DAC-41122-VN-228575,implementing,1,canonical
org_alias_603f0b60b77b,org_f5345dbb47b1,KIGALI COLLABORATIVE RESEARCH CENTRE,XM-DAC-41122-VN-249500,implementing,1,canonical
org_alias_ea22615249f8,org_ba8622fc9a16,KILOLO DISTRICT COUNCIL,XM-DAC-41122-VN-231294,implementing,1,canonical
org_alias_1222e4bf0e13,org_98831247fb3a,KING'S COLLEGE LONDON,GB-COH-RC000297,implementing,1,canonical
org_alias_280c8e9d1175,org_79a464efe0b8,KITUI COUNTY HEALTH MANAGEMENT TEAM,XM-DAC-41122-VN-238249,implementing,1,canonical
org_alias_d57c1b1b547e,org_c057ca9442d9,KNUST KUMASI,1010938,implementing,1,canonical
org_alias_a2571c6683ab,org_5ea1a8d8e415,KOICA,KR-GOV-021,funding,1,canonical
org_alias_89d61a9d1463,org_087add724fe6,KOIS Advisory,,accountable,1,canonical
org_alias_80348827fa86,org_087add724fe6,KOIS Advisory,,implementing,1,canonical
org_alias_0dbdc9f711d6,org_4607d4ad6674,KONETA,XM-DAC-41122-VN-249370,implementing,1,canonical
org_alias_885b8ee14a44,org_f6ef57ca0563,KOREA INTERN. COOPERATION AGENCY,010712,funding,1,canonical
org_alias_e9f49f62c7c5,org_de9d9e0d0ced,KOTIDO DISTRICT LOCAL GOVERNMENT,XM-DAC-41122-VN-210339,implementing,1,canonical
org_alias_a38ad0db6844,org_612389e5bd28,KPMG India,,implementing,1,canonical
org_alias_fec18907c7b6,org_7e298048ca4a,KPMG LLP,,implementing,1,canonical
org_alias_1c3b629bd805,org_e16becbb372a,KYEGEGWA DISTRICT UNICEF,XM-DAC-41122-VN-210493,implementing,1,canonical
org_alias_55a2ed35d4f4,org_355a42c2d5e4,KYELA DISTRICT COUNCIL,XM-DAC-41122-VN-231292,implementing,1,canonical
org_alias_1a61ff90d3a9,org_fd625193dee1,Kabanga Nurses and Midwives Training School,,implementing,1,canonical
org_alias_785700de2676,org_7ed14f710922,Kamili Organisation,KE-NCB-OP_218_051_2009_0233_5911,accountable,1,canonical
org_alias_731be5c7bb46,org_2a1fa795f56b,Karatina University,,implementing,1,canonical
org_alias_a42c726a4eb7,org_68071209c9ac,Karel De Grote University College,,implementing,1,canonical
org_alias_2233f9ae44ec,org_08f9668061e0,Kasigau Wildlife Trust,XM-DAC-69-2,accountable,1,canonical
org_alias_37195c73f232,org_fe8c3b5f583f,Kathmandu University,,implementing,1,canonical
org_alias_83e8e770353d,org_efba86226696,Kayah Phu Social Service and Development Association (KPSSDA),,implementing,1,canonical
org_alias_fda2c9ba1ec0,org_4226030a20e6,Kazakhstan’s Association of Practicing Ecologists (APE,,implementing,1,canonical
org_alias_d4ebe2438ec9,org_132fb32a9d6a,Keele University,GB-COH-RC000655,implementing,1,canonical
org_alias_46135bab308d,org_ef9dfff334c8,Keele University,GB-COH-GB-COH-RC000655,accountable,1,canonical
org_alias_4f75f25595b9,org_56c7bb5fd8ef,Kent and Medway Medical School,,implementing,1,canonical
org_alias_7a47f3e54396,org_448dcc6a8263,Kenya Association for the Intellectually Handicapped,KE-NCB-OP_218_051_9591_556,accountable,1,canonical
org_alias_797959739544,org_421f62db9af6,Kenya Forestry Research Institute,,implementing,1,canonical
org_alias_409d486ebf51,org_fce100a80a96,Kenya ICT Action Network,500879,implementing,1,canonical
org_alias_436dd1208f60,org_21d83f975092,Kenya Legal and Ethical Issues Network on HIV & AIDS (KELIN),,implementing,1,canonical
org_alias_31b3e191ea49,org_b87d850a6a05,Kenya Marine and Fisheries Research Institute,,implementing,1,canonical
org_alias_f56829abf0c6,org_77010a186e29,"Kenya Medical Research Institute (KEMRI), Kenya",,implementing,1,canonical
org_alias_16301dc270e6,org_816ea9dc8736,Kenya Methodist University,,implementing,1,canonical
org_alias_c396861fb9f6,org_b28b48762c75,Kenya Red Cross Society,,accountable,1,canonical
org_alias_8603644bc430,org_b28b48762c75,Kenya Red Cross Society,,implementing,1,canonical
org_alias_e2eabfd070f7,org_c56e534071b2,Kenya Wildlife Service,,implementing,1,canonical
org_alias_0b8b9988bb9b,org_7eecdb46db9c,Kenyatta University,XM-DAC-51000,implementing,1,canonical
org_alias_46a5973822db,org_4c4e5180f8cb,"Kenyatta University Teaching, Referral and Research Hospital",,implementing,1,canonical
org_alias_d755935a8970,org_f16502220b0e,"Key areas of work are ; • Advocacy and lobbying for the rights of older people • Income, livelihood and climate resilience initiatives • Health and care support • Intergenerational linkage projects. • Cross-cutting issues (Gender mainstreaming and disability inclusion).",TZ-NNCB-00NGOR100261,implementing,1,canonical
org_alias_b1b76de32e6c,org_97091ed024af,Kigoma Training College,,implementing,1,canonical
org_alias_f23a9434dd39,org_08f9668061e0,Kilifi County Government Department of Health,XM-DAC-69-2,accountable,1,canonical
org_alias_06cb82221924,org_9888170d1ae4,Kilimanjaro Blind Trust Africa,,implementing,1,canonical
org_alias_bf465e54184f,org_5b8c9b4bb97d,Kilimanjaro Christian Medical Centre,,implementing,1,canonical
org_alias_8a74108f4d1e,org_9b74727a0139,Kilpatrick Fraser Charitable Trust,,funding,1,canonical
org_alias_6bbc4ebbe571,org_30bd86165089,Kindernothilfe e.V.,,implementing,1,canonical
org_alias_b726a51807d5,org_0b655da62b5c,King Abdullah University of Science abd Technology (KAUST),,implementing,1,canonical
org_alias_6a1c2141ac53,org_ea65245c652e,King Salman Humanitarian Aid and Relief Centre,XM-OCHAS-HPC6770,funding,1,canonical
org_alias_1a9e2bf40ea4,org_f65b100b0de8,King's College London,,implementing,1,canonical
org_alias_4211b582d1d7,org_aaacd59e4aa0,Kisumu Medical Education Trust - KMET,KE-KRA-P051119468K,accountable,1,canonical
org_alias_285561a9eaed,org_aaacd59e4aa0,Kisumu Medical Education Trust - KMET,KE-KRA-P051119468K,implementing,1,canonical
org_alias_33042a6485b0,org_aaacd59e4aa0,Kisumu Medical Education Trust - KMET,KE-KRA-P051119468K,reporting,1,canonical
org_alias_da8657c16934,org_4fe085172570,Kiyita Family Alliance for Development (KIFAD),,implementing,1,canonical
org_alias_c2f8fe2f2275,org_3c3d4621bbef,Koalaa,,implementing,1,canonical
org_alias_0e11f2818989,org_2cfb71ee2626,Kongwa Trachoma Project (KTP),,implementing,1,canonical
org_alias_2ce3577693cd,org_10d2c654e3a3,Koninklijk Belgisch Instituut voor Natuurwetenschappen,,implementing,1,canonical
org_alias_16e1e8385ece,org_7eee91f70eda,Koninklijk Museum voor Midden-Afrika,,implementing,1,canonical
org_alias_5ea293ce5026,org_94c3f921d21f,Konvoi der Hoffnung Oberhausen-Rheinhausen e. V.,,implementing,1,canonical
org_alias_230a9bcf8d9d,org_7eecdb46db9c,Korea International Cooperation Agency,XM-DAC-51000,implementing,1,canonical
org_alias_ae57667405d4,org_12aca3f635cc,Korean Committee for UNICEF,XM-DAC-41122-C56701,funding,1,canonical
org_alias_113a0e01d48a,org_0500d3c8edb2,Kounkuey Design Initiative,,implementing,1,canonical
org_alias_b970e8509fe9,org_25b042975ef3,"Kumasi Centre for Collaboration and Research in Tropical Medicine, Kwame Nkrumah University of Science and Technology",,implementing,1,canonical
org_alias_0f4c54be2d3e,org_44ba0c53a774,"Kumasi Centre for Collaboration and Research in Tropical Medicine, Kwame Nkrumah University of Science and Technology",GH-TIN-V0004994299-SHARP,implementing,1,canonical
org_alias_4458c612d846,org_b534bbf394de,Kuwait,XM-DAC-41122-G24301,funding,1,canonical
org_alias_ef4b123bb490,org_e0940fb14a42,Kuwait Institute for Scientific Research (KISR),,implementing,1,canonical
org_alias_4b0484f8d0fd,org_08f9668061e0,Kwale District Hospital,XM-DAC-69-2,accountable,1,canonical
org_alias_5688746aa856,org_96356b4b3a26,Kwame Nkrumah University,,implementing,1,canonical
org_alias_6008987c9f59,org_4256f40f01f2,"Kwame Nkrumah University of Science & Technology (KNUST), Ghana",,implementing,1,canonical
org_alias_72ef7afffdde,org_1851a5ed9caa,Kwame Nkrumah University of Science and Technology,XI-GRID-grid.9829.a,implementing,1,canonical
org_alias_f573a902a454,org_589dc9e62cb8,Kyambogo University,,implementing,1,canonical
org_alias_9e3e0582812b,org_d32ea00561ef,Kybele,,implementing,1,canonical
org_alias_d86e82bf1a1d,org_ca193794a03e,L'AMIE,CA-CRA_ACR-0010011131,implementing,1,canonical
org_alias_d148835a2438,org_73790c02115b,LE Costs,,implementing,1,canonical
org_alias_bb832b711586,org_03a8ac1d9c0d,LIFE SKILLS DEVELOPMENT AGENCY,XM-DAC-41122-VN-237106,implementing,1,canonical
org_alias_c2aa5cb38fcc,org_e6f625290b48,LIGHT FOR THE WORLD INTERNATIONAL,XM-DAC-41122-VN-247418,implementing,1,canonical
org_alias_eaabbc3b2bd5,org_70247eace3fa,LIONS HEAD GLOBAL PARTNERS,,implementing,1,canonical
org_alias_8ca1516b4863,org_35a878acd30c,LONDON SCHOOL OF HYGIENE AND TROPICAL MEDICINE,,implementing,1,canonical
org_alias_0c7872c99d00,org_67ca6ebd37c6,LONDON STOCK EXCHANGE PLC,,implementing,1,canonical
org_alias_2d00546f44dc,org_a08987a2ac16,LSHTM,,accountable,1,canonical
org_alias_5554ead81874,org_a08987a2ac16,LSHTM,,implementing,1,canonical
org_alias_74daee80e5c9,org_1d4e3d8698e4,LVCT Health,KE-NCB-218051200201502367,implementing,1,canonical
org_alias_4930726322db,org_d184456ac0e4,Lancaster University,,implementing,1,canonical
org_alias_6ac8362e2f8d,org_7ab660e8c633,Last Mile Health,US-EIN-26-1401736,implementing,1,canonical
org_alias_4b6c17adb8da,org_7ae0b3257388,Legacy of War Foundation,,implementing,1,canonical
org_alias_095fe90bb8d4,org_8644851ba601,Leonard Cheshire Disability,GB-CHC-218186,implementing,1,canonical
org_alias_e70adbdc8c00,org_a7bc4a30bfe4,Lillian Lincoln foundation,,funding,1,canonical
org_alias_22963ea6ca46,org_9ba14c363b13,Link Community Development,GB-CHC-1048007,implementing,1,canonical
org_alias_99fee9fbd18b,org_9ba14c363b13,Link Community Development International,GB-CHC-1048007,implementing,1,canonical
org_alias_5321be24e6a9,org_3aaa7c1fd7b4,Local Administrative Entities Development Agency,,implementing,1,canonical
org_alias_4ca057481501,org_5582e1f1b7c8,London School of Economics and Political Science,GB-EDU-133910,implementing,1,canonical
org_alias_90d8f1400126,org_16b338107b19,London School of Hygiene & Tropical Medicine,,accountable,1,canonical
org_alias_6bf6e58be5ef,org_fc48a4beb2c2,London School of Hygiene and Tropical Medicine,GB-EDU-133903-NIHR200125-SHARP,accountable,1,canonical
org_alias_1424661a5114,org_4e3d0608e83c,Loterie Nationale,,funding,1,canonical
org_alias_6511c0f9bcb0,org_7845b3ba5915,Loughborough University,GB-EDU-133834,implementing,1,canonical
org_alias_85b36313c772,org_a1859639b42b,Loughborough University,,implementing,1,canonical
org_alias_f3f6f87a8324,org_de78bf2fb1d2,Louvain Coopération,BE-BCE_KBO-0422717486,accountable,1,canonical
org_alias_aeaf74ff8688,org_de78bf2fb1d2,Louvain Coopération,BE-BCE_KBO-0422717486,funding,1,canonical
org_alias_8db84f0b5834,org_de78bf2fb1d2,Louvain Coopération,BE-BCE_KBO-0422717486,implementing,1,canonical
org_alias_9b414491e1b5,org_de78bf2fb1d2,Louvain Coopération,BE-BCE_KBO-0422717486,reporting,1,canonical
org_alias_d1a106fa6a9a,org_1aaa3157dcec,Lualaba Provincial Health Division,XM-DAC-12002,implementing,1,canonical
org_alias_97ca6bf831fb,org_d745678846f5,Lutheran World Federation,,implementing,1,canonical
org_alias_89f8adb5229b,org_06f7ff6af0f7,Lutheran World Federation (LWF),,implementing,1,canonical
org_alias_d133dff8bc5b,org_456b035263d6,Luxembourg Ministry for Sustainable Development and Infrastructure,TF527008,funding,1,canonical
org_alias_cee1f91da55d,org_08f9668061e0,MAGNA Deti v núdzi,XM-DAC-69-2,accountable,1,canonical
org_alias_f4b16c0cf7e2,org_a08a6348135e,MAGNA ENFANTS EN PERIL,XM-DAC-41122-VN-203316,implementing,1,canonical
org_alias_d2aaf3c459ed,org_9677dddcf543,MAKAMBAKO TOWN COUNCIL,XM-DAC-41122-VN-231296,implementing,1,canonical
org_alias_74e1beaf2ce0,org_0fe2df0005e6,MAKETE DISTRICT COUNCIL,XM-DAC-41122-VN-223428,implementing,1,canonical
org_alias_689d43f49069,org_9b765c7af6e2,MANI TESE 76 ONG,IT-CF-02343800153,implementing,1,canonical
org_alias_c2a84430eed4,org_d3e60f3d969c,MASAKA REGIONAL REFERRAL HOSPITAL,XM-DAC-41122-VN-228460,implementing,1,canonical
org_alias_37c41609515b,org_a4cc042da644,MAYBANK SECURITIES THAILAND PLC,,implementing,1,canonical
org_alias_0baca049c69a,org_b0e920602746,MBARALI DISTRICT COUNCIL,XM-DAC-41122-VN-223358,implementing,1,canonical
org_alias_8cee7e954876,org_40f3022c6c92,MEDICUS MUNDI ITALIA ONG/ON,IT-CF-98011270177,implementing,1,canonical
org_alias_48462bed03f9,org_ab4590b9454c,MEMISA BELGIE VZW QUE MEDICAL MISSION ACTION BELGIQUE,XM-DAC-12004,implementing,1,canonical
org_alias_5f09f7dd03b3,org_c57cf22469da,MERCY CORPS,XM-DAC-41122-VN-203134,implementing,1,canonical
org_alias_cb893246bf22,org_3f4374cb1f38,MEWA,MEWA,accountable,1,canonical
org_alias_e2897cb37237,org_3f4374cb1f38,MEWA,MEWA,implementing,1,canonical
org_alias_c74c547b48f6,org_c161fa3379a6,MINISTERE DE LA SANTE PUBLIQUE,XM-DAC-41122-VN-218943,implementing,1,canonical
org_alias_4a37c0a8f8f2,org_aa20136c4b85,MINISTRY OF AGRICULTURE,XM-DAC-41122-VN-246984,implementing,1,canonical
org_alias_1820e287c478,org_ebcc0f0cc59c,MINISTRY OF CULTURE AND SPORT,XM-DAC-41122-VN-250295,implementing,1,canonical
org_alias_78ff4c9b41d1,org_6db4557db95c,MINISTRY OF DEVOLUTION AND PLANNING,XM-DAC-41122-VN-206007,implementing,1,canonical
org_alias_5c89d6b1c939,org_888dac064567,MINISTRY OF EDUCATION,XM-DAC-41122-VN-218973,implementing,1,canonical
org_alias_786ea22c596a,org_26310e7ef509,MINISTRY OF EDUCATION SCIENCE AND TECHNOLOGY STATE DEPT OF,XM-DAC-41122-VN-243261,implementing,1,canonical
org_alias_402b2ac37b0f,org_9587bc5904ca,MINISTRY OF EDUCATION STATE DEPARTMENT OF EARLY LEARNING AND,XM-DAC-41122-VN-243343,implementing,1,canonical
org_alias_a0c80aa51173,org_16b8f7068675,MINISTRY OF FINANCE AND PLANNING,XM-DAC-41122-VN-209845,implementing,1,canonical
org_alias_e49e2307409e,org_ef4c555b1aab,MINISTRY OF FINANCE ETHIOPIA ALT,,implementing,1,canonical
org_alias_f33bf2f4bb51,org_cb0ec54797d4,MINISTRY OF GENDER LABOUR AND SOCIAL DEVELOPMENT,XM-DAC-41122-VN-210319,implementing,1,canonical
org_alias_350cf551ae9f,org_a4fa0307a25d,MINISTRY OF GENERAL EDUCATION AND INSTRUCTIONS,XM-DAC-41122-VN-224053,implementing,1,canonical
org_alias_72d9aca7c21d,org_0d88732c023d,MINISTRY OF HEALTH AND SOCIAL WELFARE HBF,XM-DAC-41122-VN-220274,implementing,1,canonical
org_alias_1fb7a806d9d4,org_7ff4fd94b67d,MINISTRY OF HEALTH MOH,XM-DAC-41122-VN-209168,implementing,1,canonical
org_alias_8d4b47b82f68,org_ecfb5d8ab3d6,MINISTRY OF INDUSTRY,XM-DAC-41122-VN-242995,implementing,1,canonical
org_alias_1b9b91047c88,org_4a3c1521742f,MINISTRY OF JUSTICE,XM-DAC-41122-VN-203733,implementing,1,canonical
org_alias_ef5f6149bd84,org_5760fb07145c,MINISTRY OF LABOUR SOCIAL AFFAIRS,XM-DAC-41122-VN-203696,implementing,1,canonical
org_alias_d61089d8abef,org_009b3049366d,MINISTRY OF WATER ENERGY AND MINERALS,XM-DAC-41122-VN-244534,implementing,1,canonical
org_alias_8d215d5b2f6e,org_14ff437bb2c6,MINISTRY OF WOMEN CHILDREN AND YOUTH AFFAIRS,XM-DAC-41122-VN-203699,implementing,1,canonical
org_alias_5b64d7354f35,org_b02456e14b02,MISSION TRUST AID,XM-DAC-41122-VN-238616,implementing,1,canonical
org_alias_a700286d7772,org_2c152c283c46,MOBILE HUMANITARIAN AGENCY,XM-DAC-41122-VN-246430,implementing,1,canonical
org_alias_8224d443e006,org_c57db5ca13fd,MOBILE THEATRE TEAM,XM-DAC-41122-VN-224437,implementing,1,canonical
org_alias_dd2e114e3633,org_8932c5eb6d2b,MOMBA DISTRICT COUNCIL,XM-DAC-41122-VN-231301,implementing,1,canonical
org_alias_d27b1cde612d,org_b801607cb002,MOORE LUDEWIG GMBH WIRTSCHAFTSPRUEFUNGSGESELLSCHAFT,XM-DAC-12001,implementing,1,canonical
org_alias_ca983d8f7e3e,org_43b5dbe7a66e,MOROTO DISTRICT LOCAL GOVERNMENT,XM-DAC-41122-VN-210337,implementing,1,canonical
org_alias_3384c202b292,org_69d9a043b51b,MOTHER AND CHILD DEVELOPMENT ORG,XM-DAC-41122-VN-236998,implementing,1,canonical
org_alias_227d44ccf4b5,org_d4a78ee57404,MOUVEMENT INTERNATIONAL DES DROITS DE L ENFANTDE LA FEMME DE L HOMME VEUF ET,XM-DAC-41122-VN-234708,implementing,1,canonical
org_alias_c695f1bda67b,org_64ad9407340a,MPC,XM-DAC-69-1,accountable,1,canonical
org_alias_be1d6d3b5d69,org_f77fbea7407e,MPTF-Joint SDG Fund,XI-IATI-UNPF,funding,1,canonical
org_alias_27748bf386a0,org_f77fbea7407e,MPTF-Spotlight Initiative Fund,XI-IATI-UNPF,funding,1,canonical
org_alias_2baa5cfecd28,org_5173e823de58,MRC Unit The Gambia,,implementing,1,canonical
org_alias_ce30e9b711d4,org_c795a34d9ce6,MRC/UVRI and LSHTM Uganda Research Unit,,implementing,1,canonical
org_alias_cfe80cae3cd8,org_13332eb528d8,MSD,XM-DAC-41122-VN-248607,implementing,1,canonical
org_alias_83813a21198b,org_cddf81b274d3,MSI Reproductive Choices,GB-COH-1102208,funding,1,canonical
org_alias_187988cb0e36,org_cddf81b274d3,MSI Reproductive Choices,GB-COH-1102208,implementing,1,canonical
org_alias_10532daf09e6,org_d63b9f7058c5,MUFINDI DISTRICT COUNCIL,XM-DAC-41122-VN-223349,implementing,1,canonical
org_alias_f5f59dbf7d0f,org_681c7d398eea,MULTILATERAL ORGANISATIONS,XM-DAC-40000,accountable,1,canonical
org_alias_6c8b625b8694,org_38d30e02bd23,MUMS FOR MUMS,XM-DAC-41122-VN-244683,implementing,1,canonical
org_alias_1f8df47509be,org_56f6706f5e90,Maastricht University,,implementing,1,canonical
org_alias_158a1331c12f,org_5e81ad6b94f4,Maastricht University School of Health Professions Education SHE Collaborates (SHEC),,accountable,1,canonical
org_alias_400d577d85ea,org_08f9668061e0,Machacos County Government Department of Health,XM-DAC-69-2,accountable,1,canonical
org_alias_6b5acc6a9497,org_dd58afd9961a,Maisha Meds,US-EIN-87-2803641,implementing,1,canonical
org_alias_af8bec54c897,org_f9668366708d,Makerere Lung Institute,,implementing,1,canonical
org_alias_4fcdce748f31,org_6df9b2522652,Makerere University,,accountable,1,canonical
org_alias_223c25512b0b,org_fceaccd7dfae,Makerere University,XI-GRID-grid.11194.3c,implementing,1,canonical
org_alias_a425fcf2fa9a,org_7eecdb46db9c,Makerere University College of Health Sciences,XM-DAC-51000,implementing,1,canonical
org_alias_a82fa1e67215,org_08f9668061e0,Makueni County Department of Health,XM-DAC-69-2,accountable,1,canonical
org_alias_2b730af8ad42,org_8115a4cf873d,Malaria Consortium,GB-CHC-1099776,funding,1,canonical
org_alias_2904e87ef01c,org_199567bdb918,Malaria Partners International,US-EIN-46-1380419,implementing,1,canonical
org_alias_5d897fa5ea87,org_580156983bff,Malawi Epidemiology & Intervention Research Unit,,implementing,1,canonical
org_alias_d434bc542afb,org_baff44e1057d,Malawi Liverpool Wellcome Trust clinical Research Unit,,implementing,1,canonical
org_alias_2e515706a6c3,org_5ce35081846f,Malawi University of Science & Technology,,implementing,1,canonical
org_alias_746d6cb16230,org_e66180e77982,Malawi-Liverpool-Wellcome Trust Clinical Research Programme,,implementing,1,canonical
org_alias_3a2abd37746c,org_57ca5f0b1b74,Malsen Medical AS,,implementing,1,canonical
org_alias_b41599348220,org_93da36c7dc57,Malta,XM-DAC-41122-G27901,funding,1,canonical
org_alias_3b8af96ea5a8,org_9a7bd1ffa3c8,Manchester University NHS Foundation Trust,,implementing,1,canonical
org_alias_ca2f297709a6,org_229e176b7527,Mangrove Foundation,,funding,1,canonical
org_alias_dc4d1230213b,org_505f53c508b6,Mariam Seba Sanitary Products Factory,,implementing,1,canonical
org_alias_6d1a21b0d1ea,org_cddf81b274d3,Marie Stopes International,GB-COH-1102208,funding,1,canonical
org_alias_5e8c735c2fff,org_f6fd81d8ef4c,Mario Molina Centre Chile,,implementing,1,canonical
org_alias_08c2dbc8eb58,org_9f480c8fcebc,Mary Help Association (MHA),,implementing,1,canonical
org_alias_57d428ba263b,org_99024eb2012e,Maseno University,,implementing,1,canonical
org_alias_4a2cbee60568,org_6b2f137dc7a1,Masinde Muliro University of Technology and Sciences,,implementing,1,canonical
org_alias_5fd2cad54bb5,org_bcb048e23dd5,Massive Earth Foundation (MEF),,implementing,1,canonical
org_alias_65f3c0d7cb64,org_08f9668061e0,Mater Hospital,XM-DAC-69-2,accountable,1,canonical
org_alias_25be5b96bfb7,org_fc6fd70258c8,Max Foundation,NL-KVK-34219433,implementing,1,canonical
org_alias_9f8b4113fe8b,org_6c8ad9fd71a8,Mbarara University of Science and Technology,,implementing,1,canonical
org_alias_0590cebfd288,org_5084d4aa3619,McKinsey and Company,GB-COH-FC012665,reporting,1,canonical
org_alias_fb118191e107,org_0613d5456816,MedAccess Guarantee Limited,GB-COH-11080032,accountable,1,canonical
org_alias_20aa7a20b946,org_8a5b155e1829,Medair,CH-FDJP-106064950,implementing,1,canonical
org_alias_f91822735f0a,org_d9f0ab0e52d1,Medic Mobile Inc.,US-EIN-27-5104203,implementing,1,canonical
org_alias_a54fa14e3f74,org_f9d3ba8eae3b,Medical Research Council Uganda,,implementing,1,canonical
org_alias_33fc20e3dc12,org_8c7164611cf2,Medical Research Council Unit The Gambia @LSHTM,,implementing,1,canonical
org_alias_ded3548a0078,org_d828b06d1b31,"Medical Research Council Unit, the Gambia @LSHTM",,implementing,1,canonical
org_alias_447dbd84d889,org_b06eb711dca7,Melhus Kommune,,implementing,1,canonical
org_alias_ab7c4da33133,org_6153e4c7a3e8,"Merck Sharp and Dohme Corp.,",,funding,1,canonical
org_alias_0fbbe411f410,org_8e5af25e6303,Mercury Phoenx Trust,,funding,1,canonical
org_alias_2a5c77acb806,org_10974d8012f5,Mercy Corps Europe,21000,implementing,1,canonical
org_alias_c5dde9a1e513,org_ca988b7ecc2d,Mercy Corps Europe,GB-SC-SC030289,implementing,1,canonical
org_alias_04960a76ae73,org_08f9668061e0,Meru County Government,XM-DAC-69-2,accountable,1,canonical
org_alias_fe6ad69a8654,org_4cc1116d362e,Meru University of Science and Technology,,implementing,1,canonical
org_alias_8c2731e63ec7,org_92a5b9395a88,Met Office,11000,implementing,1,canonical
org_alias_e1f87e45fb3e,org_787769ec2355,Metrics for Management,US-EIN-47-1895783,implementing,1,canonical
org_alias_44b4f05fad5e,org_12d1d776c30e,Micronutrient Initiative,CA-CRA_ACR-2869974816,implementing,1,canonical
org_alias_faf091f9109f,org_49f388a300aa,Microsoft Research Lab,,implementing,1,canonical
org_alias_082a4e922599,org_b79a201a2b6e,Ministerio Federal de Salud de Etiopía,ES-NIF-ET0000158976G,implementing,1,canonical
org_alias_cf35f033f4c1,org_ccaf9f91bed3,"Ministry for Europe and Foreign Affairs (MEAE), France",,funding,1,canonical
org_alias_1c2a0b6d1797,org_0d2c412009ba,"Ministry of Development Cooperation and Humanitarian Affairs, Luxembourg",,funding,1,canonical
org_alias_fc0b655e0b1b,org_c4088348b03b,Ministry of Finance,ET–COA-152,implementing,1,canonical
org_alias_bbb4efd71b50,org_e5f960f49337,Ministry of Finance (Account 2),,implementing,1,canonical
org_alias_93afa2b95d4b,org_b8095bae1525,Ministry of Finance Planning and Economic Development of Uganda,,implementing,1,canonical
org_alias_c406a0bb2a91,org_3043adf8ed41,"Ministry of Finance Tanzania,",,implementing,1,canonical
org_alias_4aa4ce291380,org_df833d38e66d,Ministry of Finance and Economic Planning of Rwanda,,implementing,1,canonical
org_alias_b5ed51b6c7ad,org_ec36795c50dd,Ministry of Foreign Affairs NL,,funding,1,canonical
org_alias_e0034671cd1e,org_afbd2f538c3d,Ministry of Foreign Affairs and Trade of,KR-GOV-010,funding,1,canonical
org_alias_0da084ff2d1c,org_2bb988a792ee,"Ministry of Foreign Affairs, Netherlands",,funding,1,canonical
org_alias_71a9cdadf78d,org_33bc02a7097f,Ministry of Health,,implementing,1,canonical
org_alias_0ad369e565fd,org_b7fc802a0a04,Ministry of Health,SS–COA-00004980,implementing,1,canonical
org_alias_fd95e7b44f8e,org_c134b17137f5,Ministry of Health,KE–COA-1081,implementing,1,canonical
org_alias_6d54470c7cda,org_c21e5bc9fac4,Ministry of Health,KE–COA-108,implementing,1,canonical
org_alias_ddd3c30cf50a,org_c85ff86a40bc,Ministry of Health,KE-COA-1081,implementing,1,canonical
org_alias_c7a95e2c19c8,org_f187df78fe8f,Ministry of Health,UG-COA-014,implementing,1,canonical
org_alias_326feea9ec84,org_fc959539b61a,Ministry of Health - DRC,,implementing,1,canonical
org_alias_b52e089e351a,org_d6efba06b1ba,Ministry of Health - Kenya,,implementing,1,canonical
org_alias_ba76966720e1,org_5aaf4eccd9f6,Ministry of Health and Social Welfare,,accountable,1,canonical
org_alias_36c647c1a4b6,org_f5ade9d56837,"Ministry of Health, Community Development, Gender, Elderly and Children",,implementing,1,canonical
org_alias_d8ca01ae8757,org_888a6cd184a0,"Ministry of Health, Rwanda",XM-DAC-12000,implementing,1,canonical
org_alias_658958f46e2e,org_78dce6104742,"Ministry of Public Health, Hygiene and Prevention",ZR–COA-00006105,implementing,1,canonical
org_alias_b737ad4d50fe,org_7c4d75f71981,Ministry of Trade and Industry,,implementing,1,canonical
org_alias_c233f242a569,org_69e960ed136a,Ministry of finance,ET-COA-152,implementing,1,canonical
org_alias_c3aae9b9101a,org_dd9ab43043c6,Mino Health AI,,implementing,1,canonical
org_alias_d3ad96c96128,org_2f502169e0bb,"Minsitry Of Employment,Social Affa",,implementing,1,canonical
org_alias_2cde01d72188,org_24224f41bb60,Missionszentrale der Franziskaner e.V.,,implementing,1,canonical
org_alias_75df51d70e2f,org_2bba57d10590,Mobility India,,implementing,1,canonical
org_alias_8444d6fc10c0,org_f3c2233ecfad,Morogoro Regional Authority,,implementing,1,canonical
org_alias_ba46c5c1b119,org_bbacab93f90d,Motivation,GB-CHC-1079358,implementing,1,canonical
org_alias_aab2f0d4435f,org_d97da42d3471,Mott MacDonald Group Limited,GB-COH-1110949,reporting,1,canonical
org_alias_01b1f0cb5e67,org_d97da42d3471,Mott MacDonald Limited,GB-COH-1110949,implementing,1,canonical
org_alias_1e7522911cf5,org_dfd7ce4be0dc,Mount Kenya University,,implementing,1,canonical
org_alias_8dbf8f7d8af8,org_bd709728e806,Mountains of the Moon University,,implementing,1,canonical
org_alias_3343f740c840,org_7eecdb46db9c,Muhimbili University of Health and Allied Sciences,XM-DAC-51000,implementing,1,canonical
org_alias_95c5327dafef,org_08f9668061e0,Mukuru Promotion Centre,XM-DAC-69-2,accountable,1,canonical
org_alias_78a60c00ffa8,org_c113d65e9af7,Multi Donor Trust Fund for Achieving Nutrition Impact at Scale,TF072405,implementing,1,canonical
org_alias_84996c0e3732,org_4c0c2f74aa54,Multi Donor Trust Fund for Achieving Nutrition Impact at Scale - Parallel Trust Fund of TF072405,TF072919,implementing,1,canonical
org_alias_39c3b56ed101,org_0019b256c70e,Muni University,,implementing,1,canonical
org_alias_9e116224cd55,org_4ef1dbecb2ea,Murdoch Childrens Research Institute,AU-ABN-22099687038,implementing,1,canonical
org_alias_4f96dfbbfeb5,org_fe4525a180b0,Mwenge Catholic University,,implementing,1,canonical
org_alias_95d1043069a9,org_328da2bf88d7,Mzumbe University,,implementing,1,canonical
org_alias_d1b51a997029,org_bdd360363c78,Médecins Sans Vacances,BE-BCE_KBO-0448723978,implementing,1,canonical
org_alias_193ba2c70416,org_e65cd668a0ee,NAKASONGOLA DISTRICT LOCAL GOVERNMENT,XM-DAC-41122-VN-210342,implementing,1,canonical
org_alias_24ee9ecded1c,org_2fcd7bf4ade5,NATIONAL AIDS CONTROL COUNCIL,XM-DAC-41122-VN-227686,implementing,1,canonical
org_alias_b7a19e77e67d,org_3d56936f65c1,NATIONAL COUNCIL FOR NOMADIC EDUCATION IN KENYA,XM-DAC-41122-VN-242477,implementing,1,canonical
org_alias_5ddfbbd2ea74,org_9038c898801e,NATIONAL COUNCIL OF PERSONS WITH DISABILITIES,XM-DAC-41122-VN-220216,implementing,1,canonical
org_alias_702db05c658c,org_8c092299f58d,NATIONAL EDUCATION COALITION,XM-DAC-41122-VN-241063,implementing,1,canonical
org_alias_9aa4f0b8c857,org_832f968aa0ad,NATIONAL PARALYMPIC COMMITTEE OF RWANDA,XM-DAC-41122-VN-248089,implementing,1,canonical
org_alias_67f39ee27424,org_3e7a75cad866,NATIONAL PARENTS ASSOCIATION,XM-DAC-41122-VN-242467,implementing,1,canonical
org_alias_ae4cf728d81c,org_315ebaeca64b,NATIONAL REHABILITATION COMMISSION,XM-DAC-41122-VN-246897,implementing,1,canonical
org_alias_da6ed65d50bf,org_4e94f7f78a60,NATIONAL SCIENCE AND TECHNOLOGY DEVELOPMENT AGENCY,,implementing,1,canonical
org_alias_6f2af973fce2,org_3f1ccc999e9c,NAWAD,,implementing,1,canonical
org_alias_4f1752e51e3c,org_34ab13f1426a,NCD Alliance Association of Thailand,,implementing,1,canonical
org_alias_800edd25955d,org_232b5dacf32d,NEOTREE,,implementing,1,canonical
org_alias_f79c5e6c8a49,org_9f8c9f75b72b,NETWORK FOR ADOLESCENT AND YOUTH OF AFRICA,XM-DAC-41122-VN-245643,implementing,1,canonical
org_alias_b02b361d9a51,org_f336be3b8c41,NEW WAYS ORGANIZATION,XM-DAC-41122-VN-231446,implementing,1,canonical
org_alias_98167a57f4c1,org_4d59cccfa753,NFU - Norsk Forbund for Utviklingshemmede,,implementing,1,canonical
org_alias_e20f454b09d7,org_5848d8d7d71c,NILE INITIATIVE DEVELOPMENT ORGANIZATION NIDO,XM-DAC-41122-VN-238982,implementing,1,canonical
org_alias_e41d11026ea2,org_a26cecac43ab,NJOMBE TOWN COUNCIL,XM-DAC-41122-VN-231304,implementing,1,canonical
org_alias_4ccd99ab6401,org_888216c6607a,NOR - MINISTRY OF FOREIGN AFFAIRS,010503,funding,1,canonical
org_alias_c925b5e36a1d,org_ac9f939f2808,NORWEGIAN REFUGEE COUNCIL,NO-BRC-977538319,implementing,1,canonical
org_alias_56b05af02d03,org_cee01591fcff,NORWEGIAN REFUGEE COUNCIL,,implementing,1,canonical
org_alias_323947a566bf,org_197726d1b7e5,NURTURE SOUTH SUDAN,XM-DAC-41122-VN-245085,implementing,1,canonical
org_alias_1ea6614ffe43,org_746a1da6ee89,NYU Langone Health,US-EIN-13-5562308,implementing,1,canonical
org_alias_0ddd3c0c345e,org_6082c7dd75dd,Nation Media Group,XM-DAC-62009,implementing,1,canonical
org_alias_b4867730e399,org_4b0cb2bdb82c,National Cancer Institute of Kenya,,implementing,1,canonical
org_alias_6e2bf938685b,org_888a6cd184a0,National Council for Science and Technology,XM-DAC-12000,implementing,1,canonical
org_alias_3a60d583331c,org_b801607cb002,National Drug Authority,XM-DAC-12001,implementing,1,canonical
org_alias_b26ebfe27560,org_08f9668061e0,National Institute for Control and Eradication of Tsetse fly and Trypanosomosis,XM-DAC-69-2,accountable,1,canonical
org_alias_724853a386e4,org_4b8b267685c0,National Institute for Health and Care Research (NIHR),,funding,1,canonical
org_alias_1b681e27c0f3,org_429d0734c103,National Institute for Medical Research,,implementing,1,canonical
org_alias_65152b1006c3,org_ed3135735f0d,National Institute of Health (NIH),,funding,1,canonical
org_alias_f2948c794124,org_64b04de496bd,"National Institute of Medical Research (NIMR, TB Programme), Tanzania",,implementing,1,canonical
org_alias_f832b90d3fdd,org_94cbc3c3fdb4,National Institute of Urban Affairs,,implementing,1,canonical
org_alias_6f7621ffebfa,org_24a5ce9dd41a,National Institutes Health,,funding,1,canonical
org_alias_894070c70df9,org_b059b4b9267d,National Institutes of Health,,funding,1,canonical
org_alias_f886fd10d721,org_94c6e557012c,National Paralympic Committee,,implementing,1,canonical
org_alias_7ff49c68070b,org_81ca74652804,National Tuberculosis and Leprosy Programme (NTLP),,implementing,1,canonical
org_alias_604f1074ead9,org_aaac840a11ed,National University of Singapore,XI-GRID-grid.4280.e,implementing,1,canonical
org_alias_06f5a256c32d,org_7e256b7d1e0f,Nelson Mandela African Institute of Science and Technology,,implementing,1,canonical
org_alias_5b8c2220ad85,org_7eecdb46db9c,Nepal Applied Mathematics and Informatics Institute for Research,XM-DAC-51000,implementing,1,canonical
org_alias_40504cac4f92,org_b7968ff5628d,Netherlands Red Cross Society (NLRC),,implementing,1,canonical
org_alias_76092e8535ee,org_d52a1fc0405c,Network of International NGOs-Rwanda,,implementing,1,canonical
org_alias_f7fce8d62169,org_2a0a5b2ad78e,New Zealand - Ministry of Foreign Affairs and Trade,NZ-1,funding,1,canonical
org_alias_334d3ebba9b6,org_c8e5cc01208d,Nexus Ethiopia,,implementing,1,canonical
org_alias_ef92d683c058,org_6082c7dd75dd,Niyel Suarl,XM-DAC-62009,implementing,1,canonical
org_alias_ea76c1888423,org_1cf59eea766e,"Noguchi Memorial Institute for Medical Research, University of Ghana",GH-TIN-V0004162595-SHARP,implementing,1,canonical
org_alias_8e8d7f2e55d8,org_d052339a3b86,"Noguchi Memorial Institute for Medical Research, University of Ghana",GH-TIN-V0004162595,reporting,1,canonical
org_alias_49ce6a32f1fc,org_07e2cff35719,Nordic Development Fund,TF626001,funding,1,canonical
org_alias_fd2b71b24ef5,org_28c2451b66c6,North coast medical training college Kenya,,funding,1,canonical
org_alias_4a54f582ca0b,org_28c2451b66c6,North coast medical training college Kenya,,implementing,1,canonical
org_alias_b05b8e295bff,org_5e2eddc791af,Northern Uganda Hiphop Culture,,implementing,1,canonical
org_alias_1cb0c7bf90f2,org_1a8514332c5f,Northern Uganda Youth Empowerement Network (NUYEN),,implementing,1,canonical
org_alias_1199d80dbb7c,org_6de9b9e7d6d9,Norwegian Refugee Council,22000,implementing,1,canonical
org_alias_c925b5e36a1d,org_ac9f939f2808,Norwegian Refugee Council,NO-BRC-977538319,implementing,1,canonical
org_alias_6ec12182e9c9,org_ff667f76de55,Nuffic,NL-KVK-41150085,funding,1,canonical
org_alias_64663018833d,org_ff667f76de55,Nuffic,NL-KVK-41150085,reporting,1,canonical
org_alias_161515488a34,org_90a12222b090,Nutrition Multi-Donor Trust Fund,TF073842,implementing,1,canonical
org_alias_5d1ed9b2bcc3,org_08f9668061e0,Národný ústav srdcových a cievnych chorôb,XM-DAC-69-2,accountable,1,canonical
org_alias_62ca9294dbab,org_8c6b7598eaa8,OBSALYTICS,,implementing,1,canonical
org_alias_d0aa49ef0d5d,org_89136f8179ea,OCHA,XM-DAC-41127,funding,1,canonical
org_alias_31fa7759c8ed,org_a6484dec7a46,ODI GLOBAL ADVISORY LIMITED,,implementing,1,canonical
org_alias_504407310d6e,org_c27825e7162d,OFFICE FOR NATIONAL STATISTICS (HMPG),,implementing,1,canonical
org_alias_c391e211eaec,org_3ea2574d4de4,OFFICE OF PRIME MINISTER,XM-DAC-41122-VN-224839,implementing,1,canonical
org_alias_9945151b4c99,org_418789765b4c,OFISI YA MUFTI MKUU ZANZIBAR,XM-DAC-41122-VN-246008,implementing,1,canonical
org_alias_4c74fb2e065d,org_0e718a06ef0e,ONA FOUNDATION,XM-DAC-41122-VN-246071,implementing,1,canonical
org_alias_6515bf234c66,org_24db0533f00c,ORG QUEST RESEARCH LIMITED,1016345,implementing,1,canonical
org_alias_af8682e063e5,org_6bd4518813ed,OROMIA ATTORNEY GENERAL BUREAU,XM-DAC-41122-VN-220756,implementing,1,canonical
org_alias_a3ec7fd3aabb,org_5af4561bf15c,OROMIA REGION BUREAU OF EDUCATION,XM-DAC-41122-VN-203801,implementing,1,canonical
org_alias_e432ff5d1e30,org_e5b95508a323,OROMIA REGION BUREAU OF LABOR AND SOCIAL AFFAIRS,XM-DAC-41122-VN-203807,implementing,1,canonical
org_alias_4c8e196af1fa,org_50cc5535f9a3,OROMIA REGION BUREAU OF WOMEN AND CHILDREN AFFAIRS,XM-DAC-41122-VN-203804,implementing,1,canonical
org_alias_4b9a4badc8d0,org_50f4b2847833,OROMIA REGION DISASTER RISK MANAGEMENT COMMISSION,XM-DAC-41122-VN-203802,implementing,1,canonical
org_alias_9d5ac6d327a3,org_75eee42bbc65,OROMIA REGION SUPREME COURT,XM-DAC-41122-VN-222420,implementing,1,canonical
org_alias_9a26eda4d7e5,org_137c5d75a375,OROMIA REGION VITAL EVENTS REGISTRATION,XM-DAC-41122-VN-234130,implementing,1,canonical
org_alias_d25152732105,org_57d1ea5d6a4c,OROMIA REGION WATER RESOURCE BUREAU,XM-DAC-41122-VN-219769,implementing,1,canonical
org_alias_be013d857611,org_cf4786783322,OTC Etiopia,ES-NIF-V38000006,implementing,1,canonical
org_alias_1f5f4999190c,org_d24d1a2ec780,OUR MISSION is to create an environment where GRANDMOTHERS’ RIGHTS AND NEEDS are prioritized and integrated in all national programs in Uganda.,,implementing,1,canonical
org_alias_de29bd65d3bc,org_81620b81250c,OXENTIA LTD,500952,implementing,1,canonical
org_alias_2ab11379f08c,org_e236ce5b8765,OXFAM GB,,funding,1,canonical
org_alias_3d0ea5c08edf,org_fca635e13216,OXFAM HONGKONG,,funding,1,canonical
org_alias_3b67306ab4ff,org_a2f7a4665396,OXFAM INTERNATIONAL SOUTH SUDAN,XM-DAC-41122-VN-226455,implementing,1,canonical
org_alias_387d28e985c7,org_b8db23512d7c,OXFAM KINSHASA GRANDE BRETAGNE DR OF THE CONGO,XM-DAC-41122-VN-220996,implementing,1,canonical
org_alias_0cd8a6299dae,org_45a5663e3a7f,OneSight EssilorLuxottica Foundation,,funding,1,canonical
org_alias_18c70165ff19,org_f2deb4871275,Open Development and Education Limited,,implementing,1,canonical
org_alias_44cb2da3808b,org_861afd8fe5a7,Open Philanthropy,,funding,1,canonical
org_alias_4ca19dd304b7,org_6164f60b9431,Open University of Tanzania,,implementing,1,canonical
org_alias_e9ad55c309b7,org_6082c7dd75dd,Opian Information Communication Technology PLC,XM-DAC-62009,implementing,1,canonical
org_alias_a2cdd2a170df,org_e3660f07d315,Opportunity International UK,GB-COH-05322719,implementing,1,canonical
org_alias_859cc1d30f55,org_615b7943e64b,Options,GB-COH-2695347,accountable,1,canonical
org_alias_6467ff93d5ff,org_ff249e4b90fc,Organisation des Nations Unies pour l'alimentation et l'agriculture,XM-DAC-41301,implementing,1,canonical
org_alias_2afd25558b04,org_03f184fc4d50,Organisation mondiale de la santé,XM-DAC-41143,implementing,1,canonical
org_alias_fe21a6fd0d30,org_5ad9b4a53101,Orient Integrated Development Consultants Inc,,implementing,1,canonical
org_alias_41879bddf034,org_62c4ae0d38d6,Orpington Group,,implementing,1,canonical
org_alias_b233e99ab157,org_92d6a8fb82a9,Orval,,funding,1,canonical
org_alias_5b173e6c2f84,org_a9b75dc6ea70,Other multilateral institution,XM-DAC-47000,accountable,1,canonical
org_alias_a9de854b3ac0,org_6082c7dd75dd,Other non-financial corporations in recipient country,XM-DAC-62009,implementing,1,canonical
org_alias_a18ab38ea54b,org_218d253698fc,"Our vision is a just, equitable, and empowered society where youth, women, and elders actively contribute to sustainable social and economic progress. Our mission is to empower youth, women, and elders with skills, opportunities, and networks that promote entrepreneurship, social impact, and community leadership, fostering inclusive and sustainable development. Our objectives and goals focus on strengthening economic empowerment, social inclusion and intergenerational collaboration, and environmental sustainability by equipping communities with practical skills, expanding access to opportunities, and promoting leadership, innovation, and resilient livelihoods.",,implementing,1,canonical
org_alias_9e9b6eb0d7e2,org_20e568649058,Oxfam Deutschland e.V.,,accountable,1,canonical
org_alias_a93ac14bcdc2,org_e236ce5b8765,Oxfam GB,,implementing,1,canonical
org_alias_454c62a09e51,org_9fd3d8ba6667,Oxfam Novib,,funding,1,canonical
org_alias_34f3c495fe64,org_f3dcf7d4c0cd,Oxford Policy Management,GB-COH-03122495,reporting,1,canonical
org_alias_e885b552c34a,org_787701ff6f1a,Oxford Policy Management India Private Limited,,implementing,1,canonical
org_alias_719acb80d3bf,org_2c963051b2d3,Oyam Woman and Girls Champions of Change (OYWG),,implementing,1,canonical
org_alias_e4f150df765a,org_e7dc106a3367,PAN ATLANTIC UNIVERSITY FOUNDATION,,implementing,1,canonical
org_alias_ac383757554a,org_85e91217e45f,PATHFINDER INTERNATIONAL TANZANIA OFFICE,XM-DAC-41122-VN-242430,implementing,1,canonical
org_alias_5c4263ed2af0,org_99b0ea91c0b3,"PCAU was established in 1999 and registered in 2003. It works to accelerate the integration of palliative care in the health care system in Uganda through capacity building, research, and resource mobilization. Additionally, it works in capacity building of health workers and the health care system strengthening on issues of pain management and palliative care.",,implementing,1,canonical
org_alias_21b477ae68af,org_ec9a92f21e5c,PEACE CORPS ORGANIZATION PCO,XM-DAC-41122-VN-222173,implementing,1,canonical
org_alias_27c16679f542,org_7b2af1032e3f,PEMBA NORTH REGION,XM-DAC-41122-VN-235333,implementing,1,canonical
org_alias_a778c9ec268c,org_7fbcc6147714,PHYSICIANS ACROSS CONTINENT,XM-DAC-41122-VN-230998,implementing,1,canonical
org_alias_78008d2b1bef,org_48dc1f028311,PKF UGANDA,,implementing,1,canonical
org_alias_faa7dec5e867,org_f122263383a4,PLAN INTERNATIONAL ETHIOPIA PIE,XM-DAC-41122-VN-203846,implementing,1,canonical
org_alias_d2aa4b1d3af1,org_856e782a6f5a,PLAN INTERNATIONAL RWANDA,XM-DAC-41122-VN-226396,implementing,1,canonical
org_alias_e1cfd397d64f,org_ed704d309679,PLANE TALKING,1015712,implementing,1,canonical
org_alias_97e3f59b9123,org_31cec221ed85,PNAM PROGRAMME NATIONAL D APPROV MEDICAMENTS ESSENTIELS,XM-DAC-41122-VN-203072,implementing,1,canonical
org_alias_78a26f639184,org_7219fb3be65c,POLICY AND LEGAL ADVOCACY CENTRE,,implementing,1,canonical
org_alias_4dca47c17bfc,org_4e805d107ff3,POLICY ENTREPRENEURS INCORPORATED P LTD,1013641,implementing,1,canonical
org_alias_d75615b718e9,org_32f84a938f0a,PREMIERE URGENCE INTERNATIONALE,,implementing,1,canonical
org_alias_604d4948ff26,org_395043d6fdb2,PRICEWATERHOUSECOOPERS LLP,,implementing,1,canonical
org_alias_e08d0c08931c,org_7f8a26348bf8,PROG NATIONAL MULTI SECTORIEL DE LUTTE CONTRE LE SIDA,XM-DAC-41122-VN-201413,implementing,1,canonical
org_alias_4b4f20aea66b,org_df577bcc5f68,PROGRAMME D APPROVISIONNEMENT EN EAU POUR LES VILLAGES,XM-DAC-41122-VN-203240,implementing,1,canonical
org_alias_d42718a6ad17,org_8e3c16effb2d,PROGRAMME NATIONAL DE READAPTATION A BASE COMMUNAUTAIRE PNRBC,XM-DAC-41122-VN-242071,implementing,1,canonical
org_alias_1d6279caa4d6,org_ad2451689c29,PROSANA MINAGRI,XM-DAC-41122-VN-247997,implementing,1,canonical
org_alias_58796a053f69,org_e9717dded3b2,PROVINCE EDUC EPST KINSHASA PLATEAU,XM-DAC-41122-VN-246037,implementing,1,canonical
org_alias_53078ee351ac,org_5bad45aeea7f,PROVINCE EDUCATIONNELLE DE L EPSP KINSHASA MONT AMBA,XM-DAC-41122-VN-203205,implementing,1,canonical
org_alias_36960f34fac8,org_bc9d1936ccdd,PROVINCE EDUCATIONNELLE ITURI3,XM-DAC-41122-VN-242916,implementing,1,canonical
org_alias_22e9286514ce,org_ba6c33d3c438,PSFR - consolidated pool funding,XM-DAC-41122-F49901,funding,1,canonical
org_alias_3d5f1926b50a,org_3178c2e75d88,PT PricewaterhouseCoopers Indonesia Advisory,,implementing,1,canonical
org_alias_e15ac9fb82e1,org_df807604eddb,PT SVARA RESEARCH INDONESIA,1016174,implementing,1,canonical
org_alias_dfd0b1b85d97,org_0a84cad15bb0,PUMWANI MATERNITY HOSPITAL,XM-DAC-41122-VN-238684,implementing,1,canonical
org_alias_6c6c684a1527,org_37f83f232c3b,PUNTLAND AIDS COMMISSION,XM-DAC-41122-VN-219284,implementing,1,canonical
org_alias_95340423832d,org_969e14c44ed0,PXL University College,,implementing,1,canonical
org_alias_f39c06f0aba6,org_06d9e9f91426,Pact,US-EIN-13-2702768,reporting,1,canonical
org_alias_c1cdd4af08ab,org_079a12b99b50,Palabek Development Forum,,implementing,1,canonical
org_alias_bfbf3e4f13ef,org_8c19c37a0453,Palladium International Ltd (UK),GB-COH-2394229,reporting,1,canonical
org_alias_9b1d56d80f67,org_b6b500aa7c7c,"Pan-African Thoracic Society (PATS), South Africa",,implementing,1,canonical
org_alias_f9ea4a6ecf41,org_463e6d83ada7,Panorama Global,US-EIN-81-4204119,implementing,1,canonical
org_alias_17e66313e610,org_5d546cf2a5f5,Participatory Development Associates,,implementing,1,canonical
org_alias_81ac285af256,org_070e09b8a9b2,Partners in Expanding Health Quality and Access,US-EIN-16-1721701,implementing,1,canonical
org_alias_97b858ae97bb,org_46ac0e53634e,Partnership for Pastoralists Development Association,,implementing,1,canonical
org_alias_7767903cdf1e,org_10974d8012f5,Path,21000,implementing,1,canonical
org_alias_80a7ec23364a,org_cf0f7c03c509,Pathfinder International,US-EIN-53-0235320,implementing,1,canonical
org_alias_c3edd1d55c68,org_5fb976883cd1,Patient Helping Fund Organization,,implementing,1,canonical
org_alias_7e87c6a7e1ff,org_0c1c1e4902b1,PayTM Foundation,,funding,1,canonical
org_alias_09f54d85ac64,org_881829a26d29,Peace Together Uganda,,implementing,1,canonical
org_alias_9ed081f636d6,org_7050264a8e58,Peace and Shammah Foundation (PSF),,implementing,1,canonical
org_alias_475e875c0a15,org_6af584150d53,People in Need,CZ-ICO-25755277,accountable,1,canonical
org_alias_8cf62648ae60,org_6af584150d53,People in Need,CZ-ICO-25755277,implementing,1,canonical
org_alias_735dfba8c9f9,org_6af584150d53,People in Need,CZ-ICO-25755277,reporting,1,canonical
org_alias_f02dcdc629c8,org_6af584150d53,People in Need (PIN),CZ-ICO-25755277,implementing,1,canonical
org_alias_6a203a71bc71,org_579beb5630b7,"PeriGen, Inc",US-EIN-20-0441678,implementing,1,canonical
org_alias_7df9785fdb94,org_6dfc74c342e5,Physicians for Human Rights,KE-NCB-OP_218_051_2007_0157_4677,accountable,1,canonical
org_alias_de7d81a4382b,org_3c155d8b6a47,Plateforme Hospitalière RDC,,implementing,1,canonical
org_alias_e8f25fc14692,org_19b2abc5c429,Please add,,implementing,1,canonical
org_alias_88a9efcd2265,org_f83c72b976c4,Policy Studies Institute,,accountable,1,canonical
org_alias_63b7d763ac8b,org_f83c72b976c4,Policy Studies Institute,,implementing,1,canonical
org_alias_45827f6ada56,org_839cd73be018,Polio 25 Limited,XM-DAC-22000,implementing,1,canonical
org_alias_caeee6e943c1,org_c153f5644b8d,Polish National Comm for UNICEF,XM-DAC-41122-C34502,funding,1,canonical
org_alias_3af6d7efd0f1,org_bdc032957bcf,Population Council,US-EIN-13-1687001,implementing,1,canonical
org_alias_2ee06e806827,org_60e4b7b69278,Population Services International (PSI),,funding,1,canonical
org_alias_528a33e8b944,org_08f9668061e0,Powerful Medical,XM-DAC-69-2,accountable,1,canonical
org_alias_3b6ff0267e2c,org_44301971a065,Pre-Qualification Fees (PQF),,funding,1,canonical
org_alias_6eac31fc107f,org_acb2a0d8c88d,PricewaterhouseCoopers,,funding,1,canonical
org_alias_a44270c365d4,org_a0fd9d2a58b6,Private sector in provider country,XM-DAC-61000,implementing,1,canonical
org_alias_fc3cd38ed321,org_16d57f6b2409,Project Harar,GB-CHC-1094272,reporting,1,canonical
org_alias_b2308fd39873,org_7447e7fca3d1,Project Harar (Ethiopia),,implementing,1,canonical
org_alias_9b293b86ffdb,org_16d57f6b2409,Project Harar (UK),GB-CHC-1094272,accountable,1,canonical
org_alias_d7355aa9d8b5,org_0568a94fa2fe,Promoting Equality in African Schools,GB-CHC-1126550,implementing,1,canonical
org_alias_efdc127f9d48,org_bb9cbfc88994,Province de l'Eglise Anglicane du Congo (PEAC),,implementing,1,canonical
org_alias_db4bc040994e,org_1aaa3157dcec,"Provincial Health Division, Haut Lomami Province",XM-DAC-12002,implementing,1,canonical
org_alias_47c5bc5e17b1,org_664244a2c7fa,Provincial Ministry of Health Ituri,,implementing,1,canonical
org_alias_fedd2c9b0b6d,org_08f9668061e0,Prírodovedecká fakulta UK,XM-DAC-69-2,accountable,1,canonical
org_alias_443a0b1b0221,org_18571b67f513,Psychiatric Disability Organization,KE-RSO-NKU/DSS/CBO/279,accountable,1,canonical
org_alias_62fd39b218a6,org_bead7ae61d6c,Public Association “MoveGreen”,,implementing,1,canonical
org_alias_039f02a29dd3,org_23c5198431c7,PwC India,IN-MCA-U74140WB1983PTC036093,implementing,1,canonical
org_alias_fa4717f869dd,org_d868f3abfdac,PwC Kenya,,implementing,1,canonical
org_alias_c88641b9cbf3,org_6082c7dd75dd,Quantium Health South Africa,XM-DAC-62009,implementing,1,canonical
org_alias_90a4f7a380e0,org_7cbf08339330,Queen Elizabeth Central Hospital,,implementing,1,canonical
org_alias_6fe58fc50abf,org_ea30acc623e1,"Queen Margaret University, UK",,implementing,1,canonical
org_alias_f455cc525b8f,org_a06f01de83d2,RADA in Business Limited,500986,implementing,1,canonical
org_alias_aebe3c5dc330,org_839cd73be018,RE:WILD,XM-DAC-22000,implementing,1,canonical
org_alias_0f62fe6c1fce,org_4cae9799fafb,REACH THE NEEDY ETHIOPIA RTN ETHIOPIA,XM-DAC-41122-VN-238975,implementing,1,canonical
org_alias_ab2b28790f42,org_73bbce52fa6f,"REACH Trust, Malawi",,implementing,1,canonical
org_alias_45dafb178252,org_5a0d5ef78d32,RED BARNET,XM-DAC-21000,implementing,1,canonical
org_alias_7536fe7e6fdf,org_e688d17bc034,REFUGEES AND RETURNEES SERVICE,XM-DAC-41122-VN-248340,implementing,1,canonical
org_alias_62f6555dfb29,org_5546d97439d4,REGIE DE DISTRIBUTION DEAU DE LA REPUBLIQUE DEMOCRATIQUE DU CONGO,XM-DAC-41122-VN-241548,implementing,1,canonical
org_alias_721552b9efec,org_d940f286616b,REGIONAL ADMINISTRATIVE SECRETARY DODOMA,XM-DAC-41122-VN-209803,implementing,1,canonical
org_alias_fdd641b5fd6d,org_6cb2af7974da,REGIONAL ADMINISTRATIVE SECRETARY KAGERA,XM-DAC-41122-VN-241757,implementing,1,canonical
org_alias_0b576734684e,org_39b01b658e89,REGISTERED TRUSTEES OF JAKAYA MRISHO KIKWETE FOUNDATION,XM-DAC-41122-VN-244383,implementing,1,canonical
org_alias_7c1603238f20,org_c28f18a2c9e6,REPUBLIQUE DEMOCRATIQUE DU CONGO,,implementing,1,canonical
org_alias_3ce3c997d0ab,org_da4965d22aab,RESCUE LIFE OF CHILDREN,XM-DAC-41122-VN-235914,implementing,1,canonical
org_alias_640f00eb9314,org_4e336570e292,RESEARCH AND POLICY INTEGRATION FOR DEVELOPMENT,1016321,implementing,1,canonical
org_alias_095f36179207,org_647be24d6e7d,RESEARCH INSTITUTE FOR INNOVATION AND SUSTAINABILITY PTY LTD,1014818,implementing,1,canonical
org_alias_c79b65f5fa3e,org_fd9473643319,RESTLESS DEVELOPMENT,XM-DAC-41122-VN-224380,implementing,1,canonical
org_alias_3c2c770a2c5e,org_c1b3d7baee6a,"RF Catalytic Capital, Inc.",,accountable,1,canonical
org_alias_b5dbcf8352a0,org_c1b3d7baee6a,"RF Catalytic Capital, Inc.",,implementing,1,canonical
org_alias_4124d8cc0c38,org_4caa1e89079d,RICE West Nile,,implementing,1,canonical
org_alias_d0fa46c93e1c,org_15f594e40dfb,RIFT VALLEY INSTITUTE (D),,implementing,1,canonical
org_alias_5d9fb2106a5e,org_e02af2fbfaa7,RINDA UBUZIMA,XM-DAC-41122-VN-245361,implementing,1,canonical
org_alias_9fa9ee7c8008,org_b1a7c67c0ac5,RISK CONTROL LIMITED,1016595,implementing,1,canonical
org_alias_368503a49729,org_fceaccd7dfae,"RLP is an outreach project for the School of Law, Makerere University, established in 1999 in response to research that indicated that refugees and asylum seekers do not fully enjoy their rights in Uganda. Its initial focus on the provision of Legal Aid and Psychosocial support to displaced people has since expanded and is now organised under five thematic programme areas;  Access to Justice  Conflict, Transitional Justice and Governance  Gender & Sexuality  Media for Social Change  Mental Health & Psychosocial Wellbeing Currently, RLP has ten (10) offices across the country with 167 employees with a gender disaggregation of 97Males and 70 Females from diverse backgrounds of professional disciplines, cultures and expertise, and with 32% of staff being refugees. RLP’s primary goal is to provide legal aid to refugees, asylum seekers, internally displaced persons and deportees. Over the years, RLP has grown into a ‘Leading Centre for Justice and Forced Migrants’, conducting cutting-edge research, evidence-based advocacy, and providing pro-bono legal aid services to forced migrants in various gazette refugee settlements refugee-hosting districts across Uganda. Vision RLP envisions a context where all people enjoy their human rights, irrespective of legal status. This vision is informed by relevant international laws and the Constitution of the Republic of Uganda. Mission RLP’s mission is to empower asylum seekers, refugees, deportees, IDPs and host communities to enjoy their human rights and lead dignified lives. Mandate RLP strikes to; 1. Promote the protection, well-being and dignity of displaced people and their hosts 2. Empower forced migrants, communities and all associated actors to challenge and combat injustices in policy, law and practice 3. Influence national and international debate on matters of forced migration, justice and peace 4. Be a resource for forced migrants and relevant actors. Core Values RLP’s core values are; i. Independence ii. Innovation iii. Non-discrimination iv. Respect v. Professionalism vi. Accountability vii. Rigour",XI-GRID-grid.11194.3c,reporting,1,canonical
org_alias_5434bc561e84,org_59b50e30f013,ROYAL AID FOR DEVELOPMENT,XM-DAC-41122-VN-246142,implementing,1,canonical
org_alias_a69352897dbd,org_ee2082e3bec2,ROYAL COLLEGE OF PAEDIATRICS AND CHILD HEALTH,XM-DAC-41122-VN-234520,implementing,1,canonical
org_alias_c992674c6a6e,org_74bd3ba04c01,RSD Institute,,implementing,1,canonical
org_alias_e6a9c8283997,org_b2cc8699374e,RURAL DEVELOPMENT ACTION AID,XM-DAC-41122-VN-223436,implementing,1,canonical
org_alias_ec70aff52af8,org_8387bbad088b,RUTSIRO DISTRICT,XM-DAC-41122-VN-209260,implementing,1,canonical
org_alias_e6a9ef218944,org_8fe38b66c779,RWANDA BROADCASTING AGENCY,XM-DAC-41122-VN-219183,implementing,1,canonical
org_alias_1fafafa85b66,org_eefa04893263,RWANDA MENS RESOURCE CENTRE,XM-DAC-41122-VN-249967,implementing,1,canonical
org_alias_018ee45bca38,org_306473ca488d,RWANDA NGOS FORUM ON HIV AIDS AND HEALTH PROMOTION,XM-DAC-41122-VN-250030,implementing,1,canonical
org_alias_3b9fde77ca60,org_f2e2481fca7a,Rahnuma - Family Planning Association of Pakistan (Rahnuma-FPAP),,implementing,1,canonical
org_alias_1701ab218f51,org_de2a009c15ef,Rajarata University,,implementing,1,canonical
org_alias_987e4589251b,org_b31d3973c199,Reach One Touch One Ministries (ROTOM) is a non-denominational Christian organization reaching out to older persons and children in their care.,,implementing,1,canonical
org_alias_1faa417e3dda,org_08f9668061e0,Registered Rustees of the Sisters of Mercy,XM-DAC-69-2,accountable,1,canonical
org_alias_6537e9416522,org_3d096b248d19,Reproductive Health Network Kenya,,implementing,1,canonical
org_alias_5aa3c2cee9ba,org_f41cb87217cc,Reproductive Health Uganda,,implementing,1,canonical
org_alias_5bfb41e5bb80,org_a66196f82023,Reproductive Health Uganda (RHU),,implementing,1,canonical
org_alias_5bfcb79b0522,org_d32834d72ccf,Republic of Kenya,KE–P0053153,accountable,1,canonical
org_alias_adeb5974c970,org_a02de78381e3,Republic of South Sudan,SS–00005091,accountable,1,canonical
org_alias_ee0a1e38462a,org_830a68c3185e,Research Insights international,,implementing,1,canonical
org_alias_9e2a8472404d,org_de68a6d37408,Resolve To Save Lives,,funding,1,canonical
org_alias_fff9fa6166ab,org_30e5e1c3cce3,Resource Stewardship Consultants Sdn Bhd,,implementing,1,canonical
org_alias_be89f896802d,org_6ece9f87194e,Respiratory Society of Kenya,,implementing,1,canonical
org_alias_a58ecc63b0f2,org_49c4670e46d2,Rice University,US-EIN-74-1109620,implementing,1,canonical
org_alias_63720b36b894,org_71a3ab13b6bb,Right to Play Netherlands Foundation,NL-KVK-24365461,implementing,1,canonical
org_alias_230b243e6e09,org_110c839bdcb6,Rijksdienst voor Ondernemend Nederland,NL-KVK-27378529,implementing,1,canonical
org_alias_d576b3b0ca6b,org_b7cc38719275,Rods&Cones Sales B.V.,NL-KVK-80331947,implementing,1,canonical
org_alias_8a72c584af19,org_664806886363,Royal Devon University Healthcare NHS Foundation Trust,,implementing,1,canonical
org_alias_d9bb38efa38b,org_2e186941e806,Royal University of Phnom Penh,,implementing,1,canonical
org_alias_f5c5e32df6cb,org_57d64dcf5c9c,Rutgers,,implementing,1,canonical
org_alias_6736ad0759a9,org_ab4590b9454c,Rwanda Biomedical Centre,XM-DAC-12004,implementing,1,canonical
org_alias_daa01fcca42e,org_c6cbf9ec284d,Rwanda Biomedical Centre,RW–COA-00005821,implementing,1,canonical
org_alias_357dfae78e18,org_d5a16e08fd9e,Rwanda Biomedical Research Centre,,implementing,1,canonical
org_alias_4667134f6a6c,org_888a6cd184a0,Rwanda Medical Supply (RMS) Ltd,XM-DAC-12000,implementing,1,canonical
org_alias_b7cd95f97d1b,org_e881cc1521c2,Ryggmargsbrokk- og Hydrocephalusforeningen,,implementing,1,canonical
org_alias_55415238f035,org_08f9668061e0,S-Case,XM-DAC-69-2,accountable,1,canonical
org_alias_3a1f9949946c,org_36330ebf3d38,SAFER COMMUNITY ORGANIZATION SOUTH SUDAN,XM-DAC-41122-VN-245320,implementing,1,canonical
org_alias_3ccada6f1bdf,org_4b3ccba3d696,SAIF,1015822,implementing,1,canonical
org_alias_b65e1ca2cb45,org_2e07a4f9a8e7,SANITATION AND WATER ACTION SAWA,XM-DAC-41122-VN-224634,implementing,1,canonical
org_alias_8652739cb1b4,org_07ad91d65995,SANRU Asbl,,accountable,1,canonical
org_alias_865c3364b5cc,org_07ad91d65995,SANRU Asbl,,implementing,1,canonical
org_alias_f800f6a645d0,org_85549c6dc5f2,SAVE A LIFE INTERNATIONAL,XM-DAC-41122-VN-245938,implementing,1,canonical
org_alias_b9d58d195c50,org_5a0d5ef78d32,SAVE THE CHILDREN ITALIA ETS,XM-DAC-21000,implementing,1,canonical
org_alias_a800d5f00e40,org_4dfe82054dbd,SAVE THE CHILDREN SWEDEN RWANDA,XM-DAC-41122-VN-209165,implementing,1,canonical
org_alias_69a9eba22cdf,org_08f9668061e0,SAVIO o.z.,XM-DAC-69-2,accountable,1,canonical
org_alias_a1e708b028a1,org_3e13bf0140fa,SAfA Stiftungsallianz für Afrika gGmbH,,implementing,1,canonical
org_alias_fbdd347ef02a,org_b8d72ecc33de,SCIENCE TEACHERS INITIATIVE,XM-DAC-41122-VN-246267,implementing,1,canonical
org_alias_2ed2467738cc,org_f734f1e1515e,SECRETARIAT GENERAL A LA COMMUNICATION ET MEDIAS,XM-DAC-41122-VN-201365,implementing,1,canonical
org_alias_5c661af9b9ab,org_3339f58adb4a,SERS BOWCA,XM-DAC-41122-VN-247174,implementing,1,canonical
org_alias_f09e09ff755d,org_31e12c34b2fb,SERS BUREAU OF JUSTICE,XM-DAC-41122-VN-247144,implementing,1,canonical
org_alias_76adf6d569f6,org_d106c636e282,SERS DRMC,XM-DAC-41122-VN-247141,implementing,1,canonical
org_alias_ac21d1b32d4c,org_3a7b0d723e4b,SERS SUPREME COURT,XM-DAC-41122-VN-247212,implementing,1,canonical
org_alias_7bfc0aaa9e9d,org_81efcede01ed,SERS VERA,XM-DAC-41122-VN-247208,implementing,1,canonical
org_alias_24c759d71577,org_64aed36f9b33,SERVANTS HEART SOUTH SUDAN,XM-DAC-41122-VN-246304,implementing,1,canonical
org_alias_7e2644b6828a,org_19fafecd1edb,SERVICE GENRE FAMILLE ET ENFANT KALEMIE,XM-DAC-41122-VN-232066,implementing,1,canonical
org_alias_dfc160b60285,org_80ec279416fb,"SHIFA Welfare Association (SHIFA) is a youth-based, women-led non-profit organization committed to empowering marginalized communities through sustainable and community-driven development interventions. SHIFA works in health, education, gender equality, climate resilience, humanitarian response, WASH, disaster risk reduction, peacebuilding, governance, inclusion, and protection of vulnerable groups including older people, women, children, persons with disabilities, minorities, and transgender communities",PK-VSWA-DO-SW-JCD-VA-259,implementing,1,canonical
org_alias_e1dcd647a72d,org_609048eb8d04,SI East Africa (Kenya),,implementing,1,canonical
org_alias_1d7739949ce7,org_b54cd540cb9f,SI East Africa (Uganda),SI East Africa (Uganda),implementing,1,canonical
org_alias_878521fc2957,org_e0295a5fb291,SIIQQEE WOMENS DEVELOPMENT ASSOCIATION,XM-DAC-41122-VN-249994,implementing,1,canonical
org_alias_a89f380fc017,org_08f9668061e0,SKCH,XM-DAC-69-2,accountable,1,canonical
org_alias_39f9d3a22385,org_e6e4db952339,SNRS AGENCY OF VITAL EVENTS REGISTRATION,XM-DAC-41122-VN-242856,implementing,1,canonical
org_alias_c159b8128654,org_57303ff933f9,SNRS ATTORNEY GENERAL,XM-DAC-41122-VN-242857,implementing,1,canonical
org_alias_1db608c13c8c,org_e111d7d85d4d,SNRS BUREAU OF WOMEN CHILDREN AND YOUTH AFFAIR,XM-DAC-41122-VN-242829,implementing,1,canonical
org_alias_619f9d81317f,org_e7945f9a4981,SNRS DISASTER RISK MANAGEMENT COMMISSION,XM-DAC-41122-VN-242841,implementing,1,canonical
org_alias_5aa30d8fb5f0,org_c0ccd7ab2fc1,SOLIDARITE DES ASSOCIATIONS FEMININES POUR LES DROITS DE LA,XM-DAC-41122-VN-201425,implementing,1,canonical
org_alias_4d78f6b8923d,org_4bf58d4693fb,SOLIDARITES INTERNATIONAL,,implementing,1,canonical
org_alias_753baade6564,org_be145dd61c1a,SOMALI REGIONAL STATE ATTORNEY GENERAL,XM-DAC-41122-VN-227561,implementing,1,canonical
org_alias_8386be03b46f,org_87591d205a4c,SOMALI REGIONAL STATE BUREAU OF FINANCE AND ECONOMIC DEVELOPMENT,XM-DAC-41122-VN-203781,implementing,1,canonical
org_alias_0bfc944dff35,org_89cb792307d4,SOMALI REGIONAL STATE BUREAU OF LABOUR AND SOCIAL AFFAIRS,XM-DAC-41122-VN-203780,implementing,1,canonical
org_alias_c3d41ef8e703,org_b331d7a14430,SOMALI REGIONAL STATE BUREAU OF WOMEN AND CHILD AFFAIRS,XM-DAC-41122-VN-203778,implementing,1,canonical
org_alias_9ea3940acb05,org_0b1e43577303,SOMALI REGIONAL STATE DISASTER RISK RISK MANAGEMENT BUREAU,XM-DAC-41122-VN-203776,implementing,1,canonical
org_alias_3d00f551babb,org_5ac09d37f4b8,SOMALI RELIEF CENTER,XM-DAC-41122-VN-223630,implementing,1,canonical
org_alias_453609c5ccac,org_9dfae294d0b7,SOS Children's Villages of Ethiopia,,implementing,1,canonical
org_alias_ddbf4989bae3,org_5ff7d62a5491,SOS ITALIA,IT-CF-80017510225,reporting,1,canonical
org_alias_ced2b688a785,org_26fb0e85c7cf,SOS-Kinderdörfer weltweit Hermann-Gmeiner-Fonds Deutschland e.V.,,implementing,1,canonical
org_alias_08044942438a,org_919c28e6a34a,SOUTH CENTRAL SOMALIA AIDS COMMISION,XM-DAC-41122-VN-233055,implementing,1,canonical
org_alias_ab8a1a7d0375,org_33c76b9f2844,SOUTH SUDAN COUNCIL OF CHURCHES,XM-DAC-41122-VN-242034,implementing,1,canonical
org_alias_592d08516d3c,org_61f6d99dc51e,SOUTH WEST ETHIOPIAN REGION AGENCY VITAL EVENTS REGISTRATION,XM-DAC-41122-VN-245073,implementing,1,canonical
org_alias_7003e6edcd32,org_a3c84b8f8bf2,SOUTH WEST ETHIOPIAN REGION BUREAU OF JUSTICE,XM-DAC-41122-VN-245071,implementing,1,canonical
org_alias_db3fb895b2dd,org_1a8be803fa2b,SOUTH WEST ETHIOPIAN REGION BUREAU OF WOMEN CHILDREN AND YOUTH AFFAIR,XM-DAC-41122-VN-245072,implementing,1,canonical
org_alias_bebe15139cd6,org_fa1bce90fc39,SOUTH WEST ETHIOPIAN REGION DISASTER RISK MANAGEMENT COMMISSION,XM-DAC-41122-VN-245066,implementing,1,canonical
org_alias_63aee805906d,org_3dc1c7fd910f,SPIRIT DIGITAL LTD,1016263,implementing,1,canonical
org_alias_a917f4f04df4,org_a205ed81896b,SRHR Alliance Uganda,,implementing,1,canonical
org_alias_e8b2e3d83dcc,org_9432ea6382b5,STATE MINISTRY OF EDUCATION JONGLEI,XM-DAC-41122-VN-217704,implementing,1,canonical
org_alias_33c6245d00a7,org_968e1b09ad24,STATE MINISTRY OF GENERAL EDUCATION AND INSTRUCTION,XM-DAC-41122-VN-222239,implementing,1,canonical
org_alias_10bd4feccff0,org_c3401adb6976,STATE MINISTRY OF GENERAL EDUCATION NBEG,XM-DAC-41122-VN-222238,implementing,1,canonical
org_alias_ada1f61286eb,org_c7888dc29747,STICHTING CARE NEDERLAND,NL-KVK-41158230,implementing,1,canonical
org_alias_995be19929b4,org_5a0d5ef78d32,STICHTING INTERNATIONAL DISPENSARY ASSOCIATION,XM-DAC-21000,implementing,1,canonical
org_alias_8d930a63285d,org_57f6bcec48dd,STOP POVERTY COMMUNAL INITIATIVE,XM-DAC-41122-VN-235924,implementing,1,canonical
org_alias_926692ae500e,org_c047a8e3e04c,STREET CHILD,XM-DAC-41122-VN-248139,implementing,1,canonical
org_alias_46efa3223073,org_ee6a08e6336b,SUN SECRETARIAT SOMALILAND,XM-DAC-41122-VN-242015,implementing,1,canonical
org_alias_21c366058850,org_a4c70f6b0424,SUSTAINABLE HEALTH AND EDUCATION RELIEF ORGANIZATION,XM-DAC-41122-VN-246146,implementing,1,canonical
org_alias_46dd4567aa8d,org_43c9dae7d836,SWEDISH INTERNATIONAL DEVELOPMENT COOPERATION AGENCY SIDA,SE-0,implementing,1,canonical
org_alias_31bc6d2c3f86,org_e5102df9f36b,SWISS FOUNDATION FOR DEVELOPMENT COOPERATION (SWISS AID TANZANIA),,accountable,1,canonical
org_alias_b69a1ca7888c,org_e5102df9f36b,SWISS FOUNDATION FOR DEVELOPMENT COOPERATION (SWISS AID TANZANIA),,implementing,1,canonical
org_alias_e519edafb302,org_050d17da50af,SaferWorld,,accountable,1,canonical
org_alias_daa20938e577,org_050d17da50af,SaferWorld,,implementing,1,canonical
org_alias_4e689d8721af,org_cda7f9964677,Saint Augustine University of Tanzania,,implementing,1,canonical
org_alias_ca2752d6b225,org_a50a5de5642b,Salford Royal NHS Foundation Trust,,implementing,1,canonical
org_alias_3b60fafc992b,org_6082c7dd75dd,Savannah Informatics Ltd,XM-DAC-62009,implementing,1,canonical
org_alias_051232d78995,org_0ff2d05725ed,Save the Children,XM-DAC-21505,accountable,1,canonical
org_alias_e74dba994737,org_4239dc50ff68,"Save the Children Federation, Inc.",US-EIN-06-0726487,implementing,1,canonical
org_alias_5fc778f4a59f,org_541d1376bab0,Save the Children Fund,GB-COH-213890,implementing,1,canonical
org_alias_1f48b0a04403,org_d2800c472ae7,Save the Children Fund,,implementing,1,canonical
org_alias_3fa8fda42f77,org_a0a1faee7c27,Save the Children Netherlands,NL-KVK-41201463,reporting,1,canonical
org_alias_26f54f2eda49,org_de20b5af0d0c,Save the Children Netherlands,NL-KVK-41204063,accountable,1,canonical
org_alias_d3de984e7e1d,org_6de9b9e7d6d9,Save the Children UK,22000,implementing,1,canonical
org_alias_0e4951ad3d02,org_3099d455be0e,Second Phase of the Scaling Up of Nutrition Investments - Parallel Trust Fund of TF072449,TF072860,implementing,1,canonical
org_alias_daa938f4a42d,org_a0fd9d2a58b6,Secteur privé du pays donneur,XM-DAC-61000,implementing,1,canonical
org_alias_051879af7b58,org_08f9668061e0,Sele Enat Charitable Organization,XM-DAC-69-2,accountable,1,canonical
org_alias_9796beca7b13,org_2916ec51f2b5,Selfly Aviation Technologies B.V.,NL-KVK-68589549,implementing,1,canonical
org_alias_440adc2aff47,org_a08e1c94af54,Semafor,US-EIN-88-0566861,implementing,1,canonical
org_alias_9321cda3b75a,org_db3c9825895b,Send a Cow,GB-CHC-299717,implementing,1,canonical
org_alias_366bf20193aa,org_db3c9825895b,Send a Cow,GB-CHC-299717,reporting,1,canonical
org_alias_6cbed91cd906,org_e41caf1c2ae4,Send a Cow Ethiopia,ET-MOT-0638,reporting,1,canonical
org_alias_37a873b68ea2,org_ee5fcfc42b7d,Send a Cow Kenya,KE-NCB-2180511703310709,implementing,1,canonical
org_alias_8b273c3d51a7,org_ee5fcfc42b7d,Send a Cow Kenya,KE-NCB-2180511703310709,reporting,1,canonical
org_alias_98ec6edad557,org_37491e6fb984,Send a Cow Uganda,,implementing,1,canonical
org_alias_9917ccac7d1f,org_406792915c1c,Send a Cow Uganda,SACU,implementing,1,canonical
org_alias_3056607e29c6,org_406792915c1c,Send a Cow Uganda,sacu,reporting,1,canonical
org_alias_b02e08b9a5a1,org_dc8bb9b69e91,Sense International,GB-CHC-1076497,reporting,1,canonical
org_alias_400ac8f4fb4a,org_dc8bb9b69e91,Sense International (SI),GB-CHC-1076497,accountable,1,canonical
org_alias_69d91de67118,org_e89ffe39d164,Seoul Institute,,implementing,1,canonical
org_alias_56157c2405ef,org_0760f7e68340,Shack Dwellers International - Kenya,KE-KRA-P051326872M,implementing,1,canonical
org_alias_bbaeb5032bae,org_28ab60035e4d,Sheikh Zayed Eye Hospital,,implementing,1,canonical
org_alias_eceb5143e6d7,org_fef7f277167c,ShikaNdoto,,implementing,1,canonical
org_alias_70180801d725,org_ad63b99fa6f4,Shore Capital Stockbrokers Limited,,implementing,1,canonical
org_alias_04eecfebeaf3,org_f91d470858e0,Sierra Leone Urban Institute for Urban Affairs,,implementing,1,canonical
org_alias_01f4f89fd2a8,org_f202ce7007f1,Sierra Leone Urban Research Centre (SLURC),SL-OARG-1069356-4,implementing,1,canonical
org_alias_528db93b3591,org_2f22145f80f7,SightSavers (Royal Commonwealth Society for the Blind),,implementing,1,canonical
org_alias_710657fe3e86,org_2a42006cfa85,Sightsavers,GB-CHC-207578,accountable,1,canonical
org_alias_091bc72a4bce,org_5e3b3deb3d93,Sightsavers,GB-CHC-207602,accountable,1,canonical
org_alias_19f39af77774,org_6a194aa624fe,Sightsavers,GB-CHC-207604,accountable,1,canonical
org_alias_2537b6933c27,org_93b1bad634dc,Sightsavers,GB-CHC-207544,funding,1,canonical
org_alias_1b3b7fa915fb,org_93b1bad634dc,Sightsavers,GB-CHC-207544,implementing,1,canonical
org_alias_783c2b023a37,org_9efd2e8c0aa8,Sightsavers,GB-CHC-207567,accountable,1,canonical
org_alias_e8f378c61480,org_124bae7ca778,Sikika,,accountable,1,canonical
org_alias_1a6adfc00a45,org_e905113e01a6,Similar Ground Uganda,,implementing,1,canonical
org_alias_46a4935100ae,org_a27e9af1ac44,Singida Regional Authority,,implementing,1,canonical
org_alias_b801d8a39f0e,org_bbd38439a132,Skills Meducation BV,,funding,1,canonical
org_alias_67f69b9bc001,org_bbd38439a132,Skills Meducation BV,,implementing,1,canonical
org_alias_f3b12efc9c28,org_08f9668061e0,Slovak Catholic Caritas Gift of Love,XM-DAC-69-2,accountable,1,canonical
org_alias_0c32116fc2b3,org_6846966737c9,Slovak Committee for UNICEF,XM-DAC-41122-C39501,funding,1,canonical
org_alias_9832bdd1a805,org_bda2e027e22a,Smile Again Africa Development Organisation (SAADO),,implementing,1,canonical
org_alias_c53243626801,org_b9a11a2df9a6,Social Development Direct Limited,GB-COH-03846881,implementing,1,canonical
org_alias_33f464bbdc68,org_f8745630db84,Society for Family Health - Rwanda,XM-DAC-23000,implementing,1,canonical
org_alias_c38017b28330,org_39bfeae9213f,Sokoine University of Agriculture,,implementing,1,canonical
org_alias_c96162344c65,org_60d50a37b8e5,Solution Seeker AS,,implementing,1,canonical
org_alias_074f99047690,org_11d3b0b19bf9,Somalia Multi-Partner Fund - Parallel Trust Fund of TF072283,TF072600,implementing,1,canonical
org_alias_f31f3e2fb79e,org_7026d258a55b,Sonder Collective,XM-DAC-63009,implementing,1,canonical
org_alias_468fa5c03abd,org_b7706e46b496,Sonder Communications Ltd,,implementing,1,canonical
org_alias_602c34c2c8e1,org_08f9668061e0,Songa Mbele na Masomo,XM-DAC-69-2,accountable,1,canonical
org_alias_32fac4fe9175,org_29934e9377c9,South African Medical Research Council,,implementing,1,canonical
org_alias_a0846e80bac2,org_7eecdb46db9c,South African Medical Research Council,XM-DAC-51000,implementing,1,canonical
org_alias_0434bcf4b54b,org_5291038384d3,South Consulting Africa Ltd,,implementing,1,canonical
org_alias_c503fa6049f0,org_155d42153a9d,South Eastern Kenya University,,implementing,1,canonical
org_alias_c328639ba124,org_6082c7dd75dd,SouthBridge Investments,XM-DAC-62009,implementing,1,canonical
org_alias_5da775197f7b,org_3362fd438d75,Southern Voice,,implementing,1,canonical
org_alias_5248f0639a5c,org_d2d86d2f4318,Spain - Ministry of Economycomma Industry and Competitiveness,TF521003,funding,1,canonical
org_alias_70a65e423002,org_f8745630db84,Speak Up Africa Senegal,XM-DAC-23000,implementing,1,canonical
org_alias_2db5ad5362aa,org_787c5948d169,Spearfish Security Ltd,,implementing,1,canonical
org_alias_fb0e1d889236,org_0bbb9aa246de,St. George's University of London (SGUL),,implementing,1,canonical
org_alias_590f95eb8143,org_7eecdb46db9c,St. Paul’s Hospital Millennium Medical College,XM-DAC-51000,implementing,1,canonical
org_alias_3626e7379be6,org_08f9668061e0,St. Raphael Clinic,XM-DAC-69-2,accountable,1,canonical
org_alias_092e092082c2,org_a3aac5bdcb15,Stanford University,US-EIN-94-1156365,implementing,1,canonical
org_alias_1c53cefa9bd4,org_166c60742f8a,StartHub Africa Ltd.,,implementing,1,canonical
org_alias_597ba892afed,org_24ca576a479c,State Secretariat for Economic Affairscomma SECO,TF516003,funding,1,canonical
org_alias_a0c59414b2aa,org_3ce9aa55caf6,Stellenbosch University,,implementing,1,canonical
org_alias_79b545e7bff3,org_3cb13db7391f,"Stellenbosch University, South Africa",,implementing,1,canonical
org_alias_72cd473a0d81,org_54af01659713,Step By Step Womens Mental Health,,implementing,1,canonical
org_alias_cfab7e964837,org_0a4e5f830604,Stichting Beheer Subsidiegelden DRA,NL-KVK-72849770,funding,1,canonical
org_alias_df7b66922799,org_b195a3365545,Stichting Health Action International,NL-KVK-41207580,accountable,1,canonical
org_alias_de83bcfd6fa0,org_b195a3365545,Stichting Health Action International,NL-KVK-41207580,implementing,1,canonical
org_alias_bfe3158c9a16,org_0b4a78988605,Stichting Healthy Entrepreneurs Foundation,NL-KVK-58183167,implementing,1,canonical
org_alias_dbfee449ea15,org_9be169fb728f,Stichting International NGO Safety Organisation,NL-KVK-73728489,implementing,1,canonical
org_alias_5b42be3640f6,org_b37e7ad99136,Stichting Iplussolutions,NL-KVK-34236288,implementing,1,canonical
org_alias_2a79865668a8,org_ee030814aba7,Stichting Iplussolutions,,implementing,1,canonical
org_alias_1dace524ee34,org_dce9555b3075,Stichting PharmAccess International,,implementing,1,canonical
org_alias_1dace524ee34,org_dce9555b3075,Stichting Pharmaccess International,,implementing,1,canonical
org_alias_8f5bb96bcdb3,org_eb35e75f4e77,Stichting Plan Nederland,NL-KVK-41198890,implementing,1,canonical
org_alias_1841ba2ca43a,org_681566346f53,Stichting Red een Kind,NL-KVK-41022454,reporting,1,canonical
org_alias_5f43f19d7633,org_c2babf898397,Stichting Task Force Health Care,NL-KVK-27197818,implementing,1,canonical
org_alias_43b0df815be7,org_ee29b21a9493,Stichting Vluchteling,NL-KVK-41149486,funding,1,canonical
org_alias_09d32dd41940,org_db5c2d34f162,Stichting Wageningen University and Research,NL-KVK-09098104,implementing,1,canonical
org_alias_64ca16987c58,org_82d62eb72eae,Stichting Wings for Aid Foundation,NL-KVK-64680029,implementing,1,canonical
org_alias_e79a69ff7643,org_eec56735ef9c,Stiftung Menschen für Menschen - Karlheinz Böhms Äthiopienhilfe -,,implementing,1,canonical
org_alias_09b5f29dede9,org_3a106371fddc,Stiftung der Deutschen Lions,,implementing,1,canonical
org_alias_a91a24fe6183,org_430b4e840bef,Stockholm Environment Institute (SEI),,implementing,1,canonical
org_alias_7e20def6617a,org_a53f0ed14271,Stockholm University,,implementing,1,canonical
org_alias_addeabb88b7b,org_7d823aca1ef5,Strathmore University Business School,,implementing,1,canonical
org_alias_ae67c09e6a14,org_06289b25de8c,Street Child,GB-CHC-1128536,implementing,1,canonical
org_alias_0213de113252,org_9c99e76cc99c,StrongMinds,,implementing,1,canonical
org_alias_2a5472d0abee,org_d39eaaf76792,Support Activities in Poverty Eradication and Health,,implementing,1,canonical
org_alias_723254b50180,org_b6f0d1be87ac,Survivors Fund (SURF),GB-CHC-1065705,accountable,1,canonical
org_alias_b3a645742fd8,org_b6f0d1be87ac,Survivors Fund (SURF),GB-CHC-1065705,reporting,1,canonical
org_alias_7fc4a87184ee,org_6082c7dd75dd,"Suzhou GenDx Biotech Co., Ltd.",XM-DAC-62009,implementing,1,canonical
org_alias_c02b8d23b24a,org_849ec9611918,Swiss Development Cooperation Agency (SDC/DDC),,funding,1,canonical
org_alias_6ef28dc64703,org_7eecdb46db9c,Swiss Tropical & Public Health Institute,XM-DAC-51000,implementing,1,canonical
org_alias_3fd6b0e5ed8b,org_3be7c2d5e929,T MARC TANZANIA,XM-DAC-41122-VN-244503,implementing,1,canonical
org_alias_0d336235cd4f,org_0fb13adb53ec,TANZANIA ASSOCIATION OF THE DEAF,XM-DAC-41122-VN-244336,implementing,1,canonical
org_alias_8789484ea158,org_b2f71cb9dcf2,TANZANIA COMMUNICATION AND DEVELOPMENT CENTER,XM-DAC-41122-VN-235849,implementing,1,canonical
org_alias_f08359856e50,org_5a516b73c5ae,TANZANIA DEVELOPMENT INFORMATION ORGANIZATION TADIO COMMUNITY MEDIA,XM-DAC-41122-VN-245126,implementing,1,canonical
org_alias_b7b638ae90ad,org_7303208afcf0,TASKBRIDGE LIMITED,1008777,implementing,1,canonical
org_alias_b5ce054954f7,org_218dc641a9af,TECHNOPOLIS LIMITED,,implementing,1,canonical
org_alias_0df2750c6e2f,org_95e8c68eda27,TERRE DES HOMMES FOUNDATION,XM-DAC-41122-VN-223544,implementing,1,canonical
org_alias_960e0126c0e5,org_199d30029293,TETRA TECH INTERNATIONAL DEVELOPMENT,,implementing,1,canonical
org_alias_1c761862bb6c,org_91a7cb155373,THE BOMA PROJECT,,implementing,1,canonical
org_alias_c261e970d007,org_85bcd86a92b6,THE BRITISH COUNCIL,,implementing,1,canonical
org_alias_b9f34361b233,org_475781de046d,THE ENERGY AND RESOURCES INSTITUTE (TERI),,implementing,1,canonical
org_alias_1984eb301c3d,org_324566d28ea3,THE METEOROLOGICAL OFFICE,,implementing,1,canonical
org_alias_182061c2ecca,org_8957d27d449b,THE PHILIPPINE STOCK EXCHANGE,1010095,implementing,1,canonical
org_alias_b01ec2d489d7,org_232bbb8a8e61,THE RESCUE INITIATIVE SOUTH SUDAN,XM-DAC-41122-VN-236608,implementing,1,canonical
org_alias_d02b9eb78607,org_677f0407776b,THE SHARE TRUST INC,1012621,implementing,1,canonical
org_alias_fd664f6f5cc0,org_18e5a373318a,THE STATE UNIVERSITY OF ZANZIBAR,XM-DAC-41122-VN-230078,implementing,1,canonical
org_alias_df6833b75878,org_c8a577e231f3,TIGRAY AGENCY STATISTICS AND VITAL EVENTS REGISTRATION,XM-DAC-41122-VN-241838,implementing,1,canonical
org_alias_dbb9ee4a25dc,org_abbc8a2458d9,TIGRAY BUREAU OF JUSTICE,XM-DAC-41122-VN-233390,implementing,1,canonical
org_alias_0962b00cb971,org_8c98d08b395e,TIGRAY BUREAU OF SOCIAL AND REHABILITATION AFFAIRS,XM-DAC-41122-VN-220638,implementing,1,canonical
org_alias_4b0e8656f114,org_68b2a4e49a05,TIGRAY COMMISSION OF DISASTER AND RISK MANAGEMENT,XM-DAC-41122-VN-203745,implementing,1,canonical
org_alias_a6007217fa4f,org_7181971dc9bb,TIGRAY DEVELOPMENT ASSOCIATION TDA,XM-DAC-41122-VN-245923,implementing,1,canonical
org_alias_c84275f43f45,org_7c0cca78421e,TOUCH AFRICA DEVELOPMENT ORGANIZATION,XM-DAC-41122-VN-234938,implementing,1,canonical
org_alias_28fc0a76c006,org_35b89e5b7a69,TRADE AND INDUSTRIAL POLICY STRATEGIES NPC,1016363,implementing,1,canonical
org_alias_38fe86c894be,org_c41c54b8b05d,TROCAIRE,GB-COH-NI21482,implementing,1,canonical
org_alias_ca51dc81a581,org_4b7734eed06c,TROPICAL HEALTH CONSULTING LLP,,implementing,1,canonical
org_alias_b859544d956a,org_9133f9fb2266,TURKANA DEPARTMENT OF EDUCATION SPORTS AND SOCIAL PROTECTION,XM-DAC-41122-VN-239434,implementing,1,canonical
org_alias_f88bc5b1a864,org_ce736a648958,Tadamun Social Society,,implementing,1,canonical
org_alias_ffb11f8758c0,org_08f9668061e0,Taita Taveta County Government- Health Department,XM-DAC-69-2,accountable,1,canonical
org_alias_c51eac244bc7,org_7cc65fab596b,Talking Tipps,,implementing,1,canonical
org_alias_d6c7e68f1829,org_449dbf74c47f,Tandem,XM-DAC-32000,implementing,1,canonical
org_alias_5a7d2cd57fbd,org_888a6cd184a0,Tanzania Food and Nutrition Centre,XM-DAC-12000,implementing,1,canonical
org_alias_d78e20d5b0b8,org_af1cd17cb15b,Tanzania Gender Networking Programme,,implementing,1,canonical
org_alias_dce1c637966a,org_59056027c583,Tanzania NCD Alliance (TANCDA),,implementing,1,canonical
org_alias_078aec054d04,org_093a26a06d95,Tanzania Women Lawyers Association (TAWLA),,implementing,1,canonical
org_alias_c0f659959778,org_449dbf74c47f,Tax Justice Network Africa,XM-DAC-32000,implementing,1,canonical
org_alias_84879af68be5,org_d26b18683c65,"Taysha Consulting, Ltd",,funding,1,canonical
org_alias_cd199f79927c,org_08f9668061e0,Tearfund,XM-DAC-69-2,accountable,1,canonical
org_alias_e4bc70404549,org_f8745630db84,Tech for Health Equity (TFHE) Foundation,XM-DAC-23000,implementing,1,canonical
org_alias_0353dacc8098,org_b069c22835f7,Techforce Projects B.V.,NL-KVK-32096144,implementing,1,canonical
org_alias_a90898eecace,org_718ab2a1c3d1,Technical University of Kenya,,implementing,1,canonical
org_alias_506d76240633,org_7ffccaa45a05,Technical University of Mombasa,,implementing,1,canonical
org_alias_c91d79100cf1,org_f246abcb1cb9,"TechnoServe, Inc.",US-EIN-13-2626135,implementing,1,canonical
org_alias_ef8da554f393,org_7eecdb46db9c,Tel Aviv University,XM-DAC-51000,implementing,1,canonical
org_alias_8cc0a35355eb,org_77913c1d4c93,Tenwek Hospital,,implementing,1,canonical
org_alias_f3e3c1d833f2,org_7904c2797405,Terra Tech Förderprojekte,,implementing,1,canonical
org_alias_01a06907429c,org_eab1ad0e7de2,Terre des Hommes Deutschland e.V. Hilfe für Kinder in Not,,implementing,1,canonical
org_alias_cb9e6a38ef30,org_3103bf349caa,Thailand Environment Institute Foundation (TEI),,implementing,1,canonical
org_alias_bdb1ed16456c,org_12d8dd80015b,The Aids Support Organisation (TASO) Uganda Limited,,funding,1,canonical
org_alias_69de204664c1,org_f59736548d4e,The Chartered Institute of Procurement and Supply,GB-COH-01989280,implementing,1,canonical
org_alias_02133a73ac5b,org_22455ebca194,The Christie NHS Foundation Trust,,implementing,1,canonical
org_alias_f80f5b8ed2ae,org_4741b92eb9ba,The Federation of Kenya Employers,,implementing,1,canonical
org_alias_68fe8656e1fa,org_c30d0425c0df,The Governing Council of the University of Toronto,,accountable,1,canonical
org_alias_5d1a69d38f1c,org_c30d0425c0df,The Governing Council of the University of Toronto,,implementing,1,canonical
org_alias_79638668c824,org_7bd75df6fece,The HALO Trust,GB-CHC-1001813,implementing,1,canonical
org_alias_3e27f68af09d,org_7bd75df6fece,The HALO Trust,GB-CHC-1001813,reporting,1,canonical
org_alias_1c5db9455eb0,org_2bb241b816a2,The Hague University of Applied Sciences,,implementing,1,canonical
org_alias_1718db03e040,org_cd38292fead7,The Hong Kong Polytechnic University,,implementing,1,canonical
org_alias_4313c646adb6,org_6c162be7fadd,The Hunger Project Netherlands,NL-KVK-41201198,accountable,1,canonical
org_alias_95b641b53694,org_6c162be7fadd,The Hunger Project Netherlands,NL-KVK-41201198,reporting,1,canonical
org_alias_11185eeeb6da,org_98fe75833f9c,The Infectious Disease Institute Limited,,accountable,1,canonical
org_alias_29ddb8c8b99b,org_98fe75833f9c,The Infectious Disease Institute Limited,,implementing,1,canonical
org_alias_d7f9c1cc741b,org_7718d56d5108,The Lilongwe Institute of Orthopaedics and Neurosurgery,,implementing,1,canonical
org_alias_e5bed20bb6d3,org_1b64075994bc,The Malawi Liverpool Wellcome Trust Clinical Research Programme,,implementing,1,canonical
org_alias_a4a7386e43ef,org_08f9668061e0,The Mukuru Promotion Centre (MPC),XM-DAC-69-2,accountable,1,canonical
org_alias_aac630172afd,org_8b5d2efe3aa1,The Queen Elizabeth Diamond Jubilee Trust,GB-CHC-1145640,funding,1,canonical
org_alias_e9c7664d9036,org_8b5d2efe3aa1,The Queen Elizabeth Diamond Jubilee Trust,GB-CHC-1145640,reporting,1,canonical
org_alias_bccdabb3cd4d,org_8d5e85da00ea,The Republic of Rwanda,RW–00005820,accountable,1,canonical
org_alias_39f98eb8211e,org_c85997e8a5fe,The Rotary Foundation of Rotary International,US-EIN-36-3245072,implementing,1,canonical
org_alias_a6b58556d17a,org_fba5dfaddbfb,The Somali Institute for Environmental Peace,,implementing,1,canonical
org_alias_62dacab39db3,org_825d63548399,The University of Manchester,GB-COH-RC000797,reporting,1,canonical
org_alias_131068f5be89,org_57eecf563e39,The University of Oxford,GB-UKPRN-10007774,accountable,1,canonical
org_alias_b586607829d3,org_57eecf563e39,The University of Oxford,GB-UKPRN-10007774,reporting,1,canonical
org_alias_fa1498db85b8,org_121de692f887,"The University of the West of England, Bristol",GB-UKPRN-10007164,accountable,1,canonical
org_alias_39a27d037a67,org_7948d9b819d4,"The goal of EWAKI is simple on paper, but can be challenging to enact. We seek to build a community that shows a healthy and responsible dedication to sustaining the lives of our elderly population.",GB-COH-1762840,implementing,1,canonical
org_alias_ab747f077cef,org_ae107568cbea,"The purpose of ASA is to support communities in finding sustainable solutions to their social problems, focusing on the areas of agriculture, water and sanitation, education, health, advocacy and communication, and spirituality. The objectives of ASA are to: a) Stimulate the integral development of communities; b) Promote the sustainable development of communities, in cooperation with other similar and/or religious and humanitarian institutions; c) Encourage the strengthening of the organizational and institutional capacity of communities, with a view to the self-satisfaction of their basic needs and the development of a participatory community life; d) Promote actions that contribute to human development, as well as to harmony and dignity among people. ASA's MISSION is to Promote the pursuit of peace and sustainable solutions that contribute to holistic development aimed at the well-being of the human being and the preservation of God's creation.. ASA's VISION communities with integral and abundant life.",,implementing,1,canonical
org_alias_414b91fd973f,org_6082c7dd75dd,ThinkPlace Kenya Ltd.,XM-DAC-62009,implementing,1,canonical
org_alias_01c7376e48b4,org_abb0e8d91eff,Thomas More University College Kempen,,implementing,1,canonical
org_alias_95b60047ae24,org_b42650f246f2,Three Graces Foundation Inc,,funding,1,canonical
org_alias_0ed34372a72d,org_36e63676e746,Tinada Youth Organization,360G-CR-2829272,accountable,1,canonical
org_alias_0a0ae181823a,org_966132dd87da,Tony Blair Institute for Global Change,GB-COH-10505963,implementing,1,canonical
org_alias_10554bafb451,org_cd7ea0ea7f0a,"Touch Health, Inc.",US-EIN-20-1469976,implementing,1,canonical
org_alias_58ac6f5e852f,org_588c8b9e9d64,TradeMark Africa,KE-RCO-CPR-2009-5689,accountable,1,canonical
org_alias_7f7f5ea0d87a,org_588c8b9e9d64,TradeMark Africa,KE-RCO-CPR-2009-5689,implementing,1,canonical
org_alias_7007b82b9d77,org_588c8b9e9d64,TradeMark Africa,KE-RCO-CPR-2009-5689,reporting,1,canonical
org_alias_74eccfcc8ad4,org_b3a04aae92b2,Triggerise Ethiopia,ET-CSA-3994,implementing,1,canonical
org_alias_de65cba6e1f3,org_08f9668061e0,Trnavská univerzita v Trnave,XM-DAC-69-2,accountable,1,canonical
org_alias_2419bdce90e6,org_08f9668061e0,"Trnavská univerzita v Trnave, Fakulta zdravotníctva a soc. práce",XM-DAC-69-2,accountable,1,canonical
org_alias_eb2a6ba6021f,org_c09b3535f8c2,Tropical Diseases Research Centre,,implementing,1,canonical
org_alias_1e1a4a8d2c50,org_5267c4999f44,"Tropical Institute of Community Health and Development (TICH), Great Lakes University of Kisumu (GLUK)",,implementing,1,canonical
org_alias_b523c23e704c,org_5b34407bcbb3,Tufts University,,implementing,1,canonical
org_alias_153465fcb8f0,org_1881dd93db93,Tusk,GB-CHC-1186533,implementing,1,canonical
org_alias_5f97afcb1a14,org_95f94c05452e,UBS AG,205456,implementing,1,canonical
org_alias_2ddcd9e6b41d,org_abcf58c83c5c,UC Berkeley on behalf of the Pickering Lab,,implementing,1,canonical
org_alias_2fd301c841fb,org_10285fa32dd1,UGA Office of the Prime Mster,UG-COA-003,implementing,1,canonical
org_alias_d90da6156bc2,org_0f5fc19bf9a2,UGANDA RED CROSS SOCIETY,XM-DAC-41122-VN-210382,implementing,1,canonical
org_alias_ff2b07beb3a0,org_a86eafeb4ee5,UJD SR,XM-DAC-69-18,accountable,1,canonical
org_alias_d29d10a36901,org_fd753cbb10ba,UK - Department for Work and Pensions,GB-9,funding,1,canonical
org_alias_3d2989571232,org_90d8c18cb0ff,UK - Department of Health and Social Care,GB-GOV-10,funding,1,canonical
org_alias_f301be8450a2,org_338a5319263b,UK - Foreign Commonwealth & Development Office,GB-GOV-3,accountable,1,canonical
org_alias_e025b26d64c5,org_d96f8fde4782,"UK - Foreign, Commonwealth and Development Office",GB-GOV-1,accountable,1,canonical
org_alias_3b3cd80dbeb8,org_d96f8fde4782,"UK - Foreign, Commonwealth and Development Office",GB-GOV-1,reporting,1,canonical
org_alias_3bbbe4389ece,org_d96f8fde4782,"UK - Foreign, Commonwealth and Development Office (FCDO)",GB-GOV-1,funding,1,canonical
org_alias_04a0366e9f60,org_08b0bf4d7b86,UK - Scottish Government,GB-GOV-21,reporting,1,canonical
org_alias_32fcfc05674f,org_0c47842d162a,UK Department for International Development,GB-1,funding,1,canonical
org_alias_33dfd29fd173,org_d96f8fde4782,UK Department for International Development (DFID),GB-GOV-1,funding,1,canonical
org_alias_83a305823469,org_e7a10bebb1d2,UK Department of Health and Social Care (DHSC),,funding,1,canonical
org_alias_57ffe0539b8f,org_d96f8fde4782,UK Foreign Commonwealth and Development Office,GB-GOV-1,funding,1,canonical
org_alias_147d9ed10a1e,org_1a5c829f6a88,"UK Foreign, Commonwealth & Development Office (FCDO)",,funding,1,canonical
org_alias_8d7e829bcf0c,org_d96f8fde4782,"UK Foreign, Commonwealth & Development Office (FCDO)",GB-GOV-1,funding,1,canonical
org_alias_32a3661dba36,org_ccdca91b00c5,UMURI FOUNDATION,XM-DAC-41122-VN-245200,implementing,1,canonical
org_alias_0c088d94b2ea,org_149ef48398da,UN Children's Fund (UNICEF),,funding,1,canonical
org_alias_a314ba1e732c,org_0e77a5c5d9a5,UN Environment Programme,XM-DAC-41116,reporting,1,canonical
org_alias_879dc18c4177,org_20d5eb90f825,UN HIGH COMMISSIONER FOR REFUGEES (UNHCR),XM-DAC-41121,funding,1,canonical
org_alias_66ed3d0edc38,org_b937e7da3569,UN Office - Geneva,XM-DAC-41211,funding,1,canonical
org_alias_69aa1d52f3d5,org_313402a6e5b0,UN Women,XM-DAC-41146,implementing,1,canonical
org_alias_2a3d51a62f5f,org_f431830ac4b0,UN-Habitat,41120,implementing,1,canonical
org_alias_87292b2ec34b,org_151e2e7760da,UNDP - United Nations Development Programme,XM-DAC-41114,implementing,1,canonical
org_alias_69e82417f982,org_151e2e7760da,UNDP Administered Donor Joint Trust Fund (UNJ),XM-DAC-41114,funding,1,canonical
org_alias_02280ba79146,org_21457108e7c2,UNDP South Sudan,,funding,1,canonical
org_alias_d96944945c48,org_dd01d271b88a,UNFPA - United Nations Population Fund,XM-DAC-41119,implementing,1,canonical
org_alias_5bfe34c96603,org_dd01d271b88a,UNFPA Somalia,XM-DAC-41119,implementing,1,canonical
org_alias_17dfc6b549a1,org_1cd30fc72e67,UNI LINK SMART VENTURE SDN BHD,1016405,implementing,1,canonical
org_alias_fb069a876006,org_10d2303f236a,UNICEF South Sudan,XM-DAC-41122,funding,1,canonical
org_alias_ce3c7d7b8626,org_a2dacb604035,UNICEF South Sudan,XM-DAC-41122-F40401,funding,1,canonical
org_alias_437225a42d89,org_a267489dff10,UNICEF-Argentina,XM-DAC-41122-F02401,funding,1,canonical
org_alias_b60d881dc701,org_01e7ac0f553f,UNICEF-Rwanda,XM-DAC-41122-F37501,funding,1,canonical
org_alias_1bb8cd05378d,org_a205cdb01244,UNICEF-Uganda,XM-DAC-41122-F43801,funding,1,canonical
org_alias_064fa6320d77,org_42733c140236,UNICEF-United Republic of Tanzania,XM-DAC-41122-F45501,funding,1,canonical
org_alias_1c4a3d7a872a,org_f9ecfa7f9d79,UNILEVER,,funding,1,canonical
org_alias_de674a378776,org_116865354680,UNITAID,,funding,1,canonical
org_alias_0aa17c99ad4b,org_43db9142aadb,UNITED KINGDOM SECURITY HEALTH AGENCY,,implementing,1,canonical
org_alias_22b7f0f8eb46,org_a0d32ab293e3,UNITED NATIONS,,implementing,1,canonical
org_alias_fc05a45c2cb0,org_9d56378d344b,UNITED NATIONS CHILDREN'S FUND FONDS DES NATIONS UNIES POUR L'ENFA,XM-DAC-41307,implementing,1,canonical
org_alias_594d55042871,org_8211c70e26a7,UNITED NATIONS POPULATION FUND,,implementing,1,canonical
org_alias_2b1559c629ba,org_777b547ddd26,UNIVERSITA DELLA SVIZZERA ITALIANA,XM-DAC-41122-VN-248160,implementing,1,canonical
org_alias_f0248b20c676,org_6b66435dc440,UNIVERSITY OF BIRMINGHAM,,implementing,1,canonical
org_alias_b4c7030cf50d,org_d4e4c55719ed,UNIVERSITY OF CAPE TOWN,,implementing,1,canonical
org_alias_622deadda9f0,org_54b657b60901,UNIVERSITY OF GLASGOW,GB-SC-SC004401,implementing,1,canonical
org_alias_c89d83b0241d,org_28df713898ee,UNIVERSITY OF NOTTINGHAM,GB-COH-RC000664,implementing,1,canonical
org_alias_9de1f91c86ed,org_e116a1747efe,UNIVERSITY OF NOTTINGHAM,6831,implementing,1,canonical
org_alias_83d41884bf2e,org_08f4480daa39,UNIVERSITY OF RWANDA UR SINGLE PROJECT IMPLEMENTATION UNIT,XM-DAC-41122-VN-246655,implementing,1,canonical
org_alias_ab6ba2936a55,org_447b25113dd1,UNIVERSITY OF SOUTHAMPTON,,implementing,1,canonical
org_alias_4469246ccdbf,org_0831c5e2d087,UNIVERSITÀ DEGLI STUDI DI PALERMO,IT-CF-80023730825,implementing,1,canonical
org_alias_8a910bc0e784,org_68063c798ea1,UNIVERSITÀ DEGLI STUDI DI PISA,IT-CF-80003670504,implementing,1,canonical
org_alias_6c41e073943f,org_e4832a1557f2,UNIVERSITÀ DEGLI STUDI MILANO-BICOCCA EPE,IT-CF-12621570154,implementing,1,canonical
org_alias_432435e5ed68,org_48ed6619dc19,UNOPS,,funding,1,canonical
org_alias_334127c12def,org_48ed6619dc19,UNOPS,,implementing,1,canonical
org_alias_80c9b723c691,org_b4bb98197b90,UNOPS - UFFICIO DELLE NAZIONI UNITE PER L'ASSISTENZA E GESTIONE,XM-DAC-41502,implementing,1,canonical
org_alias_6709edd03d28,org_fc4444c3019e,UNTFHS - UN Trust Fund for,XM-DAC-41122-U99955,funding,1,canonical
org_alias_681f626080dd,org_ec06aeb63f8f,UPHLS UMBRELLA OF ORGANIZATIONS OF PERSONS,XM-DAC-41122-VN-241133,implementing,1,canonical
org_alias_0fb6b66c1599,org_9b76e3ddee70,UPM CONSULTANCY AND SERVICES,1016270,implementing,1,canonical
org_alias_032efa98f6cf,org_83c41c25a102,USAID,,funding,1,canonical
org_alias_8f0de801f8e1,org_d519f4b3c443,USAID,US-GOV-1,funding,1,canonical
org_alias_86b367da4f27,org_5bf4fa17c7ed,Uganda Christian University,,implementing,1,canonical
org_alias_39677d0fb145,org_619333233e04,Uganda Martyrs University,,implementing,1,canonical
org_alias_73776538015e,org_a613ff7a3a11,Uganda Medical Research Council,,implementing,1,canonical
org_alias_d4dd615d7d50,org_afb497f679e3,Uganda National Council for Science and Technology,,accountable,1,canonical
org_alias_5c24b968eec1,org_afb497f679e3,Uganda National Council for Science and Technology,,implementing,1,canonical
org_alias_755c9807afc4,org_08f8bf86f195,Uganda National Health Research Organization,,accountable,1,canonical
org_alias_231c47c7b262,org_08f8bf86f195,Uganda National Health Research Organization,,implementing,1,canonical
org_alias_07e0e74ea077,org_7eecdb46db9c,Uganda National Institute of Public Health,XM-DAC-51000,implementing,1,canonical
org_alias_3dfd26c991a9,org_c8053b2f9f31,Uganda National Meteorological Authority,,implementing,1,canonical
org_alias_e4eb70931f95,org_11592fb7674d,Uganda Red Cross Society,,implementing,1,canonical
org_alias_ba172cc586e1,org_4d2c506cbe3d,Uganda Society for Health Scientists,,implementing,1,canonical
org_alias_b461aee0934e,org_3962aa3ef40d,Undefined,000000,funding,1,canonical
org_alias_68d7509d90a1,org_8b088455b574,Undefined,,implementing,1,canonical
org_alias_222328df72d9,org_f6d9506ad588,United Front Against River Blindness (UFAR),,implementing,1,canonical
org_alias_088b34cde06d,org_c4d0d79f474f,United Kingdom - Department of Energy and Climate Change,GB-GOV-13,funding,1,canonical
org_alias_4e22f9ecff84,org_73abc9c28abd,United Nations,XM-DAC-41305,accountable,1,canonical
org_alias_df0482052610,org_066f588172bf,United Nations Children's Fund,,funding,1,canonical
org_alias_31bb64fd0777,org_10d2303f236a,United Nations Children's Fund (UNICEF),XM-DAC-41122,funding,1,canonical
org_alias_fc3ee7928cb6,org_151e2e7760da,United Nations Development Programme (UNDP),XM-DAC-41114,funding,1,canonical
org_alias_6e15700aef0e,org_151e2e7760da,United Nations Development Programme (UNDP),XM-DAC-41114,implementing,1,canonical
org_alias_5e8e63f1c660,org_27b826641137,United Nations Economic Commission forEurope (UNECE),,accountable,1,canonical
org_alias_d855d82ba844,org_0e77a5c5d9a5,United Nations Environment Programme (UNEP),XM-DAC-41116,funding,1,canonical
org_alias_041058f25f42,org_20d5eb90f825,United Nations High Commissioner for Refugees (UNHCR),XM-DAC-41121,implementing,1,canonical
org_alias_da63209385a8,org_ed0bd9c10f06,United Nations Human Settlement Programme,XM-DAC-41120,accountable,1,canonical
org_alias_364885ab1af4,org_2de0bd70bdce,United Nations Office for Project Services (UNOPS),41AAA,implementing,1,canonical
org_alias_e7eacdd738eb,org_b4bb98197b90,"United Nations Office for Project Services, Geneva",XM-DAC-41502,implementing,1,canonical
org_alias_2d630bbad79c,org_89136f8179ea,United Nations Office for the Coordination of Humanitarian Affairs (OCHA),XM-DAC-41127,implementing,1,canonical
org_alias_a95e5b91693f,org_260775a8ea8b,United Nations University,XM-DAC-41134,implementing,1,canonical
org_alias_6a25c0e01a3a,org_f63ba05dad0b,"United Nations agency, fund or commission (UN)",XM-DAC-41000,accountable,1,canonical
org_alias_92f326a08e8b,org_3862c19bfde8,United States Agency for International Development (USAID),13000,implementing,1,canonical
org_alias_6dd48a8dea0b,org_fff817ae599a,Univeristy of Oxford,,funding,1,canonical
org_alias_c521ecb66d76,org_898e8ad6f8c7,Universal Intervention and Development Organisation,,implementing,1,canonical
org_alias_a295c36966ea,org_5b0bcaeee6a6,Universal Intervention and Development Organization (UNIDO),,implementing,1,canonical
org_alias_027f4c95155c,org_66982b250ca8,Universal Progress ILC,,implementing,1,canonical
org_alias_e32617f23973,org_512009d4a4fa,Universidad Agraria de La Habana,,implementing,1,canonical
org_alias_42beaa551dc9,org_17aafcd26f7f,Universidad de Cuenca,,implementing,1,canonical
org_alias_2676c4d3a4d3,org_03de2a915903,Universitas Indonesia - University of Indonesia,,implementing,1,canonical
org_alias_8d49fa3d973f,org_ab18b87ab005,UniversitiesUK International,,funding,1,canonical
org_alias_8cad881a73f7,org_1c680f5552cf,University,GB-COH-RC000653,reporting,1,canonical
org_alias_93c43b48e8a5,org_70083d07526d,University College Leuven,,implementing,1,canonical
org_alias_182a53616caf,org_0b8166f09a3b,University College London,,accountable,1,canonical
org_alias_c2d21dc0bd5f,org_1285a77f699e,University College London,GB-COH-RC000631,accountable,1,canonical
org_alias_46b46728f950,org_1285a77f699e,University College London,GB-COH-RC000631,reporting,1,canonical
org_alias_9698bb0a4f7d,org_3637a8ce4e07,University College of West Flanders,,implementing,1,canonical
org_alias_d2536f680087,org_08f813d6ad5f,University Of Liverpool,GB-COH-RC000660,implementing,1,canonical
org_alias_b8e8501071d7,org_f1a6cb67cfc6,"University Research Co., LLC. (URC)",,implementing,1,canonical
org_alias_bda89dae7116,org_be987446048a,University Teaching Hospital of Kigali,,implementing,1,canonical
org_alias_d108f52459fd,org_12729e2ab71c,University of Birmingham,GB-EDU-133784,reporting,1,canonical
org_alias_fe6dbb3be9a5,org_452c0a204e38,University of Bristol,GB-UKPRN-10007786,implementing,1,canonical
org_alias_6dbaf7a19c85,org_fa1512cb90aa,University of Bristol,,implementing,1,canonical
org_alias_dd82c58a6f2e,org_e83fca4f6bc3,University of California San Diego,US-EIN-95-6006144,implementing,1,canonical
org_alias_a96b0cb66941,org_56eb25ccb699,University of Cambrige,,implementing,1,canonical
org_alias_94c4f3d9e464,org_4967f3bb8799,University of Cape Coast,,implementing,1,canonical
org_alias_5cf6ddf7807c,org_0753c01c8117,University of Cape Town,GB-GOV-10-HPSR_Projects_NIHR158451,accountable,1,canonical
org_alias_39d2b0a62227,org_95df6801612d,University of Cape Town,XI-GRID-grid.7836.a,implementing,1,canonical
org_alias_125eb6db0fcd,org_95df6801612d,University of Cape Town,XI-GRID-grid.7836.a,reporting,1,canonical
org_alias_f8e71905ae3a,org_8c1f0b1e2310,"University of Cape Town, South Africa",,implementing,1,canonical
org_alias_bf41c0bf04b3,org_2767d466d1c5,University of Dar es Salaam,XI-GRID-grid.8193.3,implementing,1,canonical
org_alias_08a9d2bd3900,org_c092129f5caf,University of Dar es Salaam,,implementing,1,canonical
org_alias_5c39634c0681,org_0438a1cdc5f3,University of Dodoma,,implementing,1,canonical
org_alias_d9fd4fbf49f1,org_7eecdb46db9c,University of Dschang,XM-DAC-51000,implementing,1,canonical
org_alias_270f8fe44950,org_fb85a1d9d4df,University of Dundee,GB-SC-015096,implementing,1,canonical
org_alias_c4783368f7b4,org_fb85a1d9d4df,University of Dundee,GB-SC-015096,reporting,1,canonical
org_alias_17d09365c462,org_3b8bb9bc1159,University of Edinburgh,GB-UKPRN-10007790,accountable,1,canonical
org_alias_2e61d878906a,org_8a1a1c87607a,University of Eldoret,,implementing,1,canonical
org_alias_186eb56333cd,org_455f68448283,University of Embu,,implementing,1,canonical
org_alias_e0103af9de3c,org_1c680f5552cf,University of Exeter,GB-COH-RC000653,implementing,1,canonical
org_alias_481de3ba5406,org_2706368475cd,University of Ghana,,implementing,1,canonical
org_alias_622deadda9f0,org_54b657b60901,University of Glasgow,GB-SC-SC004401,implementing,1,canonical
org_alias_189250e86534,org_aade22f8ac33,University of Glasgow,GB-UKPRN-10007794,implementing,1,canonical
org_alias_93e7889a5491,org_aade22f8ac33,University of Glasgow,GB-UKPRN-10007794,reporting,1,canonical
org_alias_96887c0185f6,org_feecec2d5c83,University of Glasgow,,accountable,1,canonical
org_alias_f714d7f4d4ba,org_feecec2d5c83,University of Glasgow,,implementing,1,canonical
org_alias_f77bcca4a949,org_7d1107839f87,University of Global Health Equity,,implementing,1,canonical
org_alias_b7df654d61ee,org_7eecdb46db9c,University of Global Health Equity,XM-DAC-51000,implementing,1,canonical
org_alias_11ac9e89c106,org_a049b95c5a9c,University of Gondar,,implementing,1,canonical
org_alias_b6a48614c794,org_82cb296b16ca,University of Ibadan,NG-TIN-01526025-0001,implementing,1,canonical
org_alias_e90e2380b38c,org_6a9340f3b28d,"University of Ibadan, Nigeria",,implementing,1,canonical
org_alias_ca404296058f,org_6a6df2c66a09,University of Khartoum,,implementing,1,canonical
org_alias_8163ba3b3996,org_1ec240f9223f,University of Lagos (UoL),,implementing,1,canonical
org_alias_d2536f680087,org_08f813d6ad5f,University of Liverpool,GB-COH-RC000660,implementing,1,canonical
org_alias_bbbb0f9da070,org_d3a3ae15d996,University of Liverpool,,implementing,1,canonical
org_alias_89a41dfceb2c,org_d8f0978af4ae,University of Makeni,,implementing,1,canonical
org_alias_69f9bd315b5d,org_c40f45e7f6f4,University of Malawi,,implementing,1,canonical
org_alias_40cf3f85b448,org_81ef6f2ff83a,University of Manchester,,implementing,1,canonical
org_alias_1ea7c6681493,org_8aaba877e0e0,University of Manitoba,CA-CRA_ACR-119260669,implementing,1,canonical
org_alias_d759d10529ef,org_97fd3e0570c8,"University of Maryland, Baltimore",US-EIN-52-6002033,implementing,1,canonical
org_alias_8b189d71311e,org_37e976211d3b,University of Moratuwa,,implementing,1,canonical
org_alias_0183b6268298,org_7d60a7d47348,University of North Carolina at Chapel Hill,US-EIN-56-6001393,implementing,1,canonical
org_alias_36a981b7f019,org_12f5f9a7ed74,University of Ottawa,,accountable,1,canonical
org_alias_a8223fa98995,org_12f5f9a7ed74,University of Ottawa,,implementing,1,canonical
org_alias_9f35860df5c8,org_4e4d782a05cd,University of Oxford - Wolfson College,,funding,1,canonical
org_alias_9f82ab9985c5,org_862b8f9fa859,University of SaskatchewanTreasury Department,CA-CRA_ACR-3119279313,implementing,1,canonical
org_alias_29cad5c4c1f5,org_ef3febfbcb07,University of South Australia,,implementing,1,canonical
org_alias_ab6ba2936a55,org_447b25113dd1,University of Southampton,,implementing,1,canonical
org_alias_c7068a7cfac3,org_9b68ba927707,University of Sunderland,,implementing,1,canonical
org_alias_f11211972267,org_96ff62c4249c,University of Virginia,US-EIN-54-6001796,implementing,1,canonical
org_alias_f6e834523c4b,org_c871c83101d2,University of Witwatersrand,,implementing,1,canonical
org_alias_c9c99dea4e01,org_db1c41f1082a,University of Yaoundé I,,implementing,1,canonical
org_alias_9481e59ff5f6,org_7eecdb46db9c,University of the Witwatersrand,XM-DAC-51000,implementing,1,canonical
org_alias_d7714d599738,org_7eecdb46db9c,"University, college or other teaching institution, research institute or think-tank",XM-DAC-51000,accountable,1,canonical
org_alias_b18c1d83f6e2,org_155796ea007a,Université Catholique de Bukavu,,implementing,1,canonical
org_alias_ed62277f0236,org_23df4654da50,Université Catholique du Congo,,implementing,1,canonical
org_alias_b61b28be2b76,org_f7358618cdfa,Université Pédagogique Nationale,,implementing,1,canonical
org_alias_28f255a2c766,org_e600e87e1e22,Université de Kamina,,implementing,1,canonical
org_alias_bd8a8708c66d,org_59ce154e595f,Université de Kindu,,implementing,1,canonical
org_alias_9e1fb297cb93,org_a161461a2647,Université de Kinshasa,,implementing,1,canonical
org_alias_98450666e409,org_563de69a6eaf,Université de Kisangani,,implementing,1,canonical
org_alias_bab6cd6d3e31,org_54dcbce57b2f,Université de Liège,,implementing,1,canonical
org_alias_ab52eb2688d3,org_c594cf6e804b,Université de Lubumbashi,,implementing,1,canonical
org_alias_913745f61025,org_7e70a50f882f,Université de Mons,,implementing,1,canonical
org_alias_96b7fd8e1108,org_26650ad07dd6,VEREINIGTE REPUBLIK TANSANIA,,implementing,1,canonical
org_alias_ab31c6e8c876,org_75dfb22aaf05,VIJANA YA PANDA TUJENGENI ONGD VIPATU,XM-DAC-41122-VN-225267,implementing,1,canonical
org_alias_42b676167ea4,org_0b4643dbcab7,VILLAGE D ESPOIR,XM-DAC-41122-VN-243284,implementing,1,canonical
org_alias_c7e8815811c3,org_d2700a23fc83,VILLAGE ENTERPRISE,1013935,implementing,1,canonical
org_alias_99143b556570,org_08f9668061e0,VIS -VOLONTARIATO INTERNAZIONALE PER LO SVILUPPO,XM-DAC-69-2,accountable,1,canonical
org_alias_aa2cf110e6a3,org_d42f52d38a65,VODAFONE FOUNDATION,1014594,implementing,1,canonical
org_alias_c960a41dce99,org_fb3377ccaf01,Varkey Foundation,GB-CHC-1145119,implementing,1,canonical
org_alias_3e1c08e43d36,org_b0ebf33f1fa9,Veta Bailey Charitable Trust,,funding,1,canonical
org_alias_b8796d837da5,org_9264413acb44,Vietnam National University of Agriculture,,implementing,1,canonical
org_alias_4e9ced7e1907,org_c6f8cf7c46e2,"Vision A future where Ethiopian women and girls fully exercise their rights, experience gender justice, and thrive in an equitable society. Mission To advance gender equality and build an equitable society for Ethiopian women and girls by delivering multi-dimensional programs in education, SRHR, skills development, community engagement, and advocacy, while leveraging strategic partnerships and innovative solutions in digitalization, science, and technology. EWDO Goal To contribute to an equitable, inclusive, and resilient society where women and girls, including vulnerable and older women, fully exercise their rights, live free from violence and discrimination, and actively participate in social and economic development with dignity and equal opportunity. EWDO Objectives 1. Digital Inclusion and Empowerment for Women and Girls: - EWDO works to close the digital gender gap by increasing women’s and girls’ access to technology, digital skills, and online opportunities. The pillar also promotes online safety and addresses technology-facilitated violence; ensuring digital spaces support education, livelihoods, and empowerment. 2. Specialized GBV Prevention, Response, and Access to Justice: To prevent and respond to gender-based violence (GBV) and harmful practices by strengthening survivor-centered services, protection systems, access to justice, and community awareness. 3. Access to Comprehensive Sexual and Reproductive Health and Rights (SRHR): To improve equitable access to comprehensive sexual and reproductive health and rights (SRHR) information and services, particularly for marginalized and underserved women and girls. 4. Socio-Economic Empowerment and Leadership: EWDO strengthens women’s economic independence through skills development, entrepreneurship, and digital inclusion including elder people, marginalized and underserved groups. The pillar also promotes women’s leadership across sectors, enabling them to influence economic and social decision-making. 5. Peace, Governance, and Humanitarian Action: EWDO supports active participation of women and vulnerable groups in peace building, governance, and humanitarian response. The organization advocates for gender-responsive systems and uses innovative and digital approaches to ensure women’s voices and needs are central in crisis and recovery efforts. 6. Organizational Excellence and Sustainable Impact: To strengthen institutional capacity, partnerships, innovation, and evidence-based programming to ensure sustainable impact and organizational excellence.",,implementing,1,canonical
org_alias_d9f4e8dec97e,org_1247ae1ff31f,Vision Aid Overseas,GB-CHC-1081695,reporting,1,canonical
org_alias_e1bd5ab1d700,org_839cd73be018,Vision Care,XM-DAC-22000,implementing,1,canonical
org_alias_4837832c5cc9,org_2eecd40711b8,"Vision To be a mission organisation reflecting Christ's love and light through the practical service of churches, while nurturing the body, mind and soul of the community through the holistic mission. Mission To build Christ’s love through the collaborative ministry of member churches, engaging in a holistic mission dedicated to the care and preservation of humanity and the environment. Objectives 1. To serve practically through member churches in order to manifest Christ's love and light, establishing and strengthening robust networks within our church communities to act as primary mobilisation units. 2. To build a holistic ministry centered on integrated development, driving sustainable programs that address multi-sectoral community needs. 3. To support and uplift 'the least of these' in the community who are weak in body, mind and spirit by delivering structured care frameworks to fragile populations. 4. To foster deep community fellowship, sustainable friendships, mutual trust and holistic social integration across all target regions. 5. To assist in rebuilding, repairing and restoring damaged infrastructure and community structures across church communities and their adjacent environment to ensure long-term stability and resilience.",,implementing,1,canonical
org_alias_ff710d1651a6,org_75f7b46ca21a,Vision for a Nation Foundation,GB-CHC-1140123,accountable,1,canonical
org_alias_dee82ab589e2,org_75f7b46ca21a,Vision for a Nation Foundation,GB-CHC-1140123,implementing,1,canonical
org_alias_a6bc9ac3e426,org_75f7b46ca21a,Vision for a Nation Foundation,GB-CHC-1140123,reporting,1,canonical
org_alias_c61859a281c3,org_1a54ac798ffe,"Vision: A just, inclusive, and resilient society where all people, particularly those facing poverty, exclusion, or vulnerability, have equal opportunities to access essential services, participate in decision-making, and live with dignity. Mission: Friends Foundation works to improve the well-being of underserved communities by facilitating access to quality healthcare, education, water and sanitation services, humanitarian assistance, and opportunities for social and economic development. Through community engagement, capacity building, and partnerships with public and private sector stakeholders, the organization promotes sustainable solutions that strengthen resilience and improve quality of life. Objectives and Goals: The Foundation seeks to improve access to primary healthcare, maternal and child health, nutrition, and preventive health services for disadvantaged populations. It promotes safe water, sanitation, and hygiene practices to improve public health outcomes and community well-being. The organization supports women, youth, older persons, persons with disabilities, and other marginalized groups by creating opportunities for participation, capacity development, and social inclusion. It works to strengthen community resilience to disasters and emergencies through preparedness, risk reduction, relief, and recovery initiatives. Friends Foundation also contributes to improved governance, civic engagement, and community participation by strengthening local institutions and promoting accountability and inclusion. Across all programmes, the organization focuses on building local capacities, encouraging community ownership, and supporting sustainable development that delivers long-term benefits for vulnerable populations. Website: www.ffpak.org.pk Strategic Focus Areas: Integrated Health, WASH, Women Empowerment, Climate Resilience, Education, Governance, and Humanitarian Response & Rehabilitation.",,implementing,1,canonical
org_alias_128e699f58ba,org_043bdba4c3be,Visions for Children e.V.,,implementing,1,canonical
org_alias_5801e3bcfe5f,org_a7056e433b82,"Vital Strategies, Inc.",US-EIN-22-3419667,implementing,1,canonical
org_alias_c196d25fe7f0,org_b3a86f2f402d,Viva,GB-CHC-1053389,implementing,1,canonical
org_alias_9846712e64e7,org_81f04260a4c3,Voluntary Service Overseas,GB-CHC-313757,implementing,1,canonical
org_alias_c298633240f4,org_81f04260a4c3,Voluntary Service Overseas (VSO),GB-CHC-313757,implementing,1,canonical
org_alias_78ec99d1e77e,org_08f9668061e0,"Vysoká škola zdravotníctva a sociálnej práce sv. Alžbety, n. o.",XM-DAC-69-2,accountable,1,canonical
org_alias_521083689c26,org_08f9668061e0,"Vysoká škola zdravotníctva a socálnej práce sv. Alžbety, n.o.",XM-DAC-69-2,accountable,1,canonical
org_alias_1d1377b79af1,org_64434bfc5632,WAR CHILD HOLLAND,NL-KVK-41215393,implementing,1,canonical
org_alias_9c4c947aee21,org_f580adfa6bfb,WARDI RELIEF AND DEVELOPMENT INITIATIVES WARDI,XM-DAC-41122-VN-213666,implementing,1,canonical
org_alias_5e7fd1c7387d,org_080b673b0082,WATER AND ENVIRONMENTAL SANITATION ABYEI OFFICE,XM-DAC-41122-VN-220041,implementing,1,canonical
org_alias_6bed92661056,org_1b051810b0da,WE GOT YOUR BACK,XM-DAC-41122-VN-248361,implementing,1,canonical
org_alias_64f80e79d0d4,org_d0b33487260a,WEEMA International Inc,US-EIN-45-2947589,implementing,1,canonical
org_alias_e93a78b447ba,org_80e92af60e72,WEST AND CENTRAL AFRICAN RESEARCH AND EDUCATION NETWORK,,implementing,1,canonical
org_alias_412ae1224432,org_03f184fc4d50,WHO - World Health Organization,XM-DAC-41143,implementing,1,canonical
org_alias_de9ac839ffb7,org_736f63110f07,WHO-Assessed,,implementing,1,canonical
org_alias_ec86e35cf342,org_702a67b02eae,WINDLE TRUST INTERNATIONAL,XM-DAC-41122-VN-217777,implementing,1,canonical
org_alias_07c983d16644,org_a4d1936d9497,WOMEN ACTION FOR ADVOCACY AND PROGRESS ORGANIZATION,XM-DAC-41122-VN-233453,implementing,1,canonical
org_alias_3c4f0f87448d,org_f93f6752adfd,WOMEN EDUCATION AND HEALTH FOR DEVELOPMENT,XM-DAC-41122-VN-244724,implementing,1,canonical
org_alias_2805ab6ae4a5,org_8fc81568a6fb,WOMEN EMPOWERMENT ACTION,XM-DAC-41122-VN-247155,implementing,1,canonical
org_alias_4af02a581bd2,org_c5c71b82b64d,WOMEN INITIATIVE FOR DEVELOPMENT ORGANIZATION,XM-DAC-41122-VN-246150,implementing,1,canonical
org_alias_968934ba5dbb,org_eee6335ea64f,WOMEN S ASSOCIATION OF TIGRAY,XM-DAC-41122-VN-220774,implementing,1,canonical
org_alias_bdff97d1c212,org_4abf157f218e,WORLD CONCERN DEVELOPMENT ORGANIZATION,XM-DAC-41122-VN-249371,implementing,1,canonical
org_alias_d37a41f41a75,org_701d264a935d,WORLD VISION INTERNATIONAL RWANDA RWANDA,XM-DAC-41122-VN-227562,implementing,1,canonical
org_alias_fac186632491,org_69e6d3b45e75,WRTHY,US-EIN-81-3235767,implementing,1,canonical
org_alias_cfc4ac0a44a8,org_a357398c8b20,Wageningen University & Research,,implementing,1,canonical
org_alias_6eddf8359798,org_db5c2d34f162,Wageningen University & Research - Stichting Wageningen Research,NL-KVK-09098104,implementing,1,canonical
org_alias_5ffe32ef3a4a,org_c532e754af3d,"Wageningen University & Research, Netherlands",,implementing,1,canonical
org_alias_76a955027237,org_127248dabef6,War Child Alliance Foundation,NL-KVK-91420784,accountable,1,canonical
org_alias_48864fcd5a75,org_127248dabef6,War Child Alliance Foundation,NL-KVK-91420784,reporting,1,canonical
org_alias_1d1377b79af1,org_64434bfc5632,War Child Holland,NL-KVK-41215393,implementing,1,canonical
org_alias_1f57db5cebf3,org_64434bfc5632,War Child Holland,NL-KVK-41215393,reporting,1,canonical
org_alias_99839b4c45ec,org_64434bfc5632,War Child Netherlands,NL-KVK-41215393,reporting,1,canonical
org_alias_687282bc3cb9,org_de8c98789748,Water & Land Resource Center - Addis Ababa University,XI-GRID-grid.473464.6,accountable,1,canonical
org_alias_d047cee095ef,org_01b2096e891e,Waterloo Foudation,,funding,1,canonical
org_alias_865243b6f975,org_379e4d7f0814,Watye Ki Gen,,implementing,1,canonical
org_alias_18f7fe47f649,org_fe08de4a684f,Wholistic Development Initiative For All (WODIFA),,implementing,1,canonical
org_alias_efeeae27fb74,org_4adb4be36c9b,Widows and Orphans Charity Organization (WOCO),,implementing,1,canonical
org_alias_5a19ffe4188e,org_f8745630db84,Willow Health Media,XM-DAC-23000,implementing,1,canonical
org_alias_49c935ec4a97,org_0462e5598faf,Wits Health Consortium,ZA-CIP-1997-015443-07,implementing,1,canonical
org_alias_88c213f42a6c,org_3d0b38a1b202,Wits Health Consortium,,implementing,1,canonical
org_alias_6c69705bec11,org_098a0d88efe5,Wits Health Consortium (Proprietary) Ltd.,,accountable,1,canonical
org_alias_3569f4f41537,org_098a0d88efe5,Wits Health Consortium (Proprietary) Ltd.,,implementing,1,canonical
org_alias_135917790af6,org_324a5d982004,Wolaita Sodo University,,implementing,1,canonical
org_alias_9de71b6c2cea,org_33eeba8f5882,Women's Refugee Commission,US-EIN-46-3668128,accountable,1,canonical
org_alias_d7302a82f8cf,org_450a923b22fa,Women's Refugee Commission,US-EIN-463668128,reporting,1,canonical
org_alias_53433f20c4cf,org_7eecdb46db9c,World Alliance for Lung and Intensive Care Medicine in Uganda LTD,XM-DAC-51000,implementing,1,canonical
org_alias_dee9c7e38ab4,org_6b6fd503e82d,World Bank,,implementing,1,canonical
org_alias_7801a61a5908,org_98232e34b49b,World Bank (WB),,implementing,1,canonical
org_alias_d09fecb1def8,org_0f3755eaa208,World Economic Forum (WEF),,implementing,1,canonical
org_alias_7e218522ad3e,org_79ed971e4001,World Education Inc,US-EIN-13-1804349,implementing,1,canonical
org_alias_b3acee64a3a4,org_4c634ce895ae,World Federation of Neurology,,funding,1,canonical
org_alias_761a7c6fe2ab,org_97d6da0caff8,World Food Program USA,US-EIN-13-3843435,implementing,1,canonical
org_alias_8f08004fb6ef,org_b9118bf33159,World Food Programme,XM-DAC-41140,reporting,1,canonical
org_alias_26224d42ad59,org_16466d9a7ed7,World Health Orgaisation,,funding,1,canonical
org_alias_7f61fa2cd661,org_906aee231f3a,World Health Organisation - core voluntary contributions account,XM-DAC-928,accountable,1,canonical
org_alias_2866300e0345,org_3d8997fe9a0c,World Health Organization,,accountable,1,canonical
org_alias_03d22f8b876b,org_6be307eb79f1,World Health Organization (WHO,,accountable,1,canonical
org_alias_4bd92423a4f2,org_906aee231f3a,World Health Organization (WHO),XM-DAC-928,accountable,1,canonical
org_alias_e91fdebe7f57,org_03f184fc4d50,World Health Organization Somalia Country Office,XM-DAC-41143,implementing,1,canonical
org_alias_25fcf52d49c8,org_8f0ae8261eaa,World Meteorological Organization (WMO),,accountable,1,canonical
org_alias_eeb9fe3cc9fd,org_0561dbef409f,World University Service of Canada,CA-CRA_ARC-119304848,implementing,1,canonical
org_alias_1c5e36e1d2f0,org_66a51cfb648a,World Vision International,,accountable,1,canonical
org_alias_5d1ef19e7be5,org_66a51cfb648a,World Vision International,,implementing,1,canonical
org_alias_0f00ed7cb08b,org_ab3aa9c2fd63,World Vision International,US-EIN-95-3202116,funding,1,canonical
org_alias_196ce2c83dfb,org_051cc1c4980e,World Vision Netherlands,NL-KVK-41179943,accountable,1,canonical
org_alias_c54abe528c23,org_051cc1c4980e,World Vision Netherlands,NL-KVK-41179943,funding,1,canonical
org_alias_0b0a49f97bca,org_051cc1c4980e,World Vision Netherlands,NL-KVK-41179943,reporting,1,canonical
org_alias_027c11b60ec9,org_b624a7b3d8a4,World Vision Somalia,,implementing,1,canonical
org_alias_ba83fbbcf7b4,org_43acd285291a,World Vision South Sudan,,implementing,1,canonical
org_alias_781ca5c1c0c2,org_fbd166968502,World Vision UK,GB-CHC-285908,implementing,1,canonical
org_alias_5d5992997dd9,org_267c6a9d12cd,XM-DAC-11004,XM-DAC-11004,implementing,1,canonical
org_alias_1458f16d52c2,org_87fd8afceaa2,XM-DAC-13000,XM-DAC-13000,implementing,1,canonical
org_alias_82185bb8d34f,org_f8745630db84,XM-DAC-23000,XM-DAC-23000,implementing,1,canonical
org_alias_ff5f53a50cd0,org_05745c99f62a,XM-DAC-302,XM-DAC-302,funding,1,canonical
org_alias_32a96b9adb41,org_681c7d398eea,XM-DAC-40000,XM-DAC-40000,implementing,1,canonical
org_alias_77e2ddcb5b48,org_f63ba05dad0b,XM-DAC-41000,XM-DAC-41000,implementing,1,canonical
org_alias_cbc1153c6c45,org_ed0bd9c10f06,XM-DAC-41120,XM-DAC-41120,implementing,1,canonical
org_alias_dcdc71877108,org_b9118bf33159,XM-DAC-41140,XM-DAC-41140,accountable,1,canonical
org_alias_e18bd7fdc82d,org_b9118bf33159,XM-DAC-41140,XM-DAC-41140,implementing,1,canonical
org_alias_1e12533ca3e1,org_ff249e4b90fc,XM-DAC-41301,XM-DAC-41301,implementing,1,canonical
org_alias_e7c8064bdc7b,org_73abc9c28abd,XM-DAC-41305,XM-DAC-41305,funding,1,canonical
org_alias_857cf99dd35e,org_73abc9c28abd,XM-DAC-41305,XM-DAC-41305,implementing,1,canonical
org_alias_80bc1f199894,org_9d56378d344b,XM-DAC-41307,XM-DAC-41307,implementing,1,canonical
org_alias_9c65e06332cf,org_5262e3c23a33,XM-DAC-42000,XM-DAC-42000,implementing,1,canonical
org_alias_455e1dc87a25,org_019c6db10721,XM-DAC-42004,XM-DAC-42004,implementing,1,canonical
org_alias_88dce28c48e6,org_3ca95d453fed,XM-DAC-7,XM-DAC-7,funding,1,canonical
org_alias_d260a943f690,org_6a7aeded5089,XM-DAC-966,XM-DAC-966,funding,1,canonical
org_alias_2d782155e124,org_1b88c7c4b1a2,YAMBIO COUNTY HEALTH DEPARTMENT,XM-DAC-41122-VN-242587,implementing,1,canonical
org_alias_204cc341e635,org_81bd7ce33fef,YOUNG AFRICANS SPORTS CLUB,XM-DAC-41122-VN-245260,implementing,1,canonical
org_alias_89abf1bdddd0,org_f8745630db84,Yadam Foundation,XM-DAC-23000,implementing,1,canonical
org_alias_5578a239c223,org_598d865225b8,Youth Social Advocacy Team Uganda,,implementing,1,canonical
org_alias_674d3b5aea23,org_b9300736aa6f,ZANZIBAR AIDS COMMISSION,XM-DAC-41122-VN-209854,implementing,1,canonical
org_alias_9c563ac79977,org_b99b03569e37,Zankli Research Centre,,implementing,1,canonical
org_alias_94af83ffe165,org_f78a2cb4b397,Zenysis Technologies Inc.,US-EIN-81-0929294,implementing,1,canonical
org_alias_2bc8355a3cc3,org_569ed039715e,Zone de santé Kintambo,,implementing,1,canonical
org_alias_45784e3337d2,org_6a0f8b7422d9,Zone de santé de Goma,,implementing,1,canonical
org_alias_2615224de92b,org_08f9668061e0,ZÚ Addis Abeba,XM-DAC-69-2,accountable,1,canonical
org_alias_c7b090f1ce05,org_6082c7dd75dd,eFiche Limited,XM-DAC-62009,implementing,1,canonical
org_alias_74e48e046511,org_24eb561d9a78,entfällt,,implementing,1,canonical
org_alias_2c9df260e172,org_0745247aad14,government partner country: financial coop. - DGCD partner,,implementing,1,canonical
org_alias_c5fcf4b5ca4a,org_3d13e251e78a,hospice africa ltd,gb chc-1024903,implementing,1,canonical
org_alias_b42a728c2427,org_852dbf8d2cdd,ora Kinderhilfe International e.V.,,implementing,1,canonical
org_alias_677b6f6b8e32,org_acd664dde7ab,thinkIT Limited,,implementing,1,canonical
org_alias_32f31f2efe06,org_74c13608bdf6,time2help e.V.,,implementing,1,canonical
org_alias_592e69f3a24c,org_f7d35936eff8,Ärzte der Welt e.V.,,implementing,1,canonical
org_alias_e15920a25d16,org_08f9668061e0,Ústav zoológie Slovenskej akadémie vied,XM-DAC-69-2,accountable,1,canonical
org_alias_1e6103861f21,org_888a6cd184a0,ケニア中央医学研究所（Kenya Medical Research Institute）,XM-DAC-12000,implementing,1,canonical
org_alias_fe80dcfac796,org_888a6cd184a0,保健省、国立セントピーターズ専門病院,XM-DAC-12000,implementing,1,canonical
org_alias_9dfad8a3c39b,org_888a6cd184a0,保健省（Ministry of Health）,XM-DAC-12000,implementing,1,canonical
