target_account_id,organisation_entity_id,account_name,account_type,priority_tier,fit_score,country_codes,country_names,top_needs,reported_budget,high_priority_opportunities,crm_stage,recommended_action,source_layer
acct_328731bd80f3,org_9e74d9f48320,Central Emergency Response Fund,Donor,Tier 1,100.0,CD; ET; SO; SS; UG,Democratic Republic of the Congo; Ethiopia; Somalia; South Sudan; Uganda,Diagnostic Equipment,957749366.7,19,Prioritise,Open account plan for donor route and map procurement stakeholders.,commercial
acct_60177a058c6c,org_111fc4ad0d0c,Canada,Donor,Tier 1,100.0,BD; KE; KH; SO; TZ; CD; TD; BO; GH; HN; JO; LB; PS; ET; SS; RW; SN; PH; UG; CI; CO; HT; JM; MZ; NG; LA; VN; IN; PK; ZW; AO; BF; BJ; CF; CM; GN; MG; MW; SL; TG; NE; ID,BD; Kenya; KH; Somalia; Tanzania; Democratic Republic of the Congo; TD; BO; GH; HN; JO; LB; PS; Ethiopia; South Sudan; Rwanda; SN; PH; Uganda; CI; CO; HT; JM; MZ; NG; LA; VN; IN; PK; ZW; AO; BF; BJ; CF; CM; GN; MG; MW; SL; TG; NE; ID,Facility Infrastructure; Cold Chain / Storage; IT / Health Information Systems; Diagnostic Equipment,840185002.0,18,Prioritise,Open account plan for donor route and map procurement stakeholders.,commercial
acct_1aee448186a4,org_88ebb8668fd5,European Investment Bank,Donor,Tier 1,100.0,TZ; SO; CD; ET; SS; KE; UG; RW,Tanzania; Somalia; Democratic Republic of the Congo; Ethiopia; South Sudan; Kenya; Uganda; Rwanda,Diagnostic Equipment; Facility Infrastructure,968552691.21,15,Prioritise,Open account plan for donor route and map procurement stakeholders.,commercial
acct_64bc4e05c75b,org_ef2a15536328,UNICEF-United Arab Emirates,Donor,Tier 1,100.0,TZ; CD; SS; KE,Tanzania; Democratic Republic of the Congo; South Sudan; Kenya,General health sector,811086092.0,13,Prioritise,Open account plan for donor route and map procurement stakeholders.,commercial
acct_1e66d247ed43,org_c9e0005dc7a9,Ministry of Health and Welfare,Donor,Tier 1,100.0,ET; TZ; RW; UG,Ethiopia; Tanzania; Rwanda; Uganda,Medical Devices & Equipment,10339000000.0,9,Prioritise,Open account plan for donor route and map procurement stakeholders.,commercial
acct_cb6f60cb6b1f,org_88f6c68cb639,Danish Committee for UNICEF,Donor,Tier 1,100.0,SO; RW; CD; ET; KE; UG,Somalia; Rwanda; Democratic Republic of the Congo; Ethiopia; Kenya; Uganda,Facility Infrastructure,489710342.0,9,Prioritise,Open account plan for donor route and map procurement stakeholders.,commercial
acct_48163738d413,org_1dea60f72271,PS MINISTRY OF HEALTH ZNZ,Implementing Partner,Tier 1,100.0,TZ,Tanzania,Facility Infrastructure,165700732.0,9,Prioritise,Open account plan for implementing partner route and map procurement stakeholders.,commercial
acct_2053a7a58eb5,org_4bd6674aafda,PS MINISTRY OF HEALTH AND SOCIAL WELFARE MATERNAL AND CHILD,Implementing Partner,Tier 1,100.0,TZ,Tanzania,Facility Infrastructure,159555414.0,9,Prioritise,Open account plan for implementing partner route and map procurement stakeholders.,commercial
acct_b738da4ebc58,org_349b84ba530f,Korea International Cooperation Age,Donor,Tier 1,100.0,CD; TZ; KE,Democratic Republic of the Congo; Tanzania; Kenya,General health sector,847347336.0,8,Prioritise,Open account plan for donor route and map procurement stakeholders.,commercial
acct_bdcfb3979081,org_9c9e97820652,PS PRIME MINISTERS OFFICE REGIONAL ADMINISTRATION AND LOCAL,Implementing Partner,Tier 1,100.0,TZ,Tanzania,Facility Infrastructure,156719002.0,8,Prioritise,Open account plan for implementing partner route and map procurement stakeholders.,commercial
acct_1246850dee2b,org_8fb37418f6f0,PS MINISTRY OF HEALTH AND SOCIAL WELFARE HEALTH PROMOTION,Implementing Partner,Tier 1,100.0,TZ,Tanzania,Facility Infrastructure,156719002.0,8,Prioritise,Open account plan for implementing partner route and map procurement stakeholders.,commercial
acct_91e520dc0873,org_7a8c1c8f70d4,PS MINISTRY OF HEALTH AND SOCIAL WELFARE ENVIRONMENTAL HEALTH,Implementing Partner,Tier 1,100.0,TZ,Tanzania,Facility Infrastructure,139495414.0,8,Prioritise,Open account plan for implementing partner route and map procurement stakeholders.,commercial
acct_b6ddaede98d4,org_0d285b2b7cec,MEDECINS D AFRIQUE RD CONGO,Implementing Partner,Tier 1,100.0,CD,Democratic Republic of the Congo,General health sector,835964780.0,7,Prioritise,Open account plan for implementing partner route and map procurement stakeholders.,commercial
acct_b2f7bef79684,org_6bba5d3f13bb,DPS DU HAUT KATANGA INSPECTION MEDICALE PROV KATANGA,Implementing Partner,Tier 1,100.0,CD,Democratic Republic of the Congo,General health sector,761860780.0,6,Prioritise,Open account plan for implementing partner route and map procurement stakeholders.,commercial
acct_7c05f03451ab,org_8c431f36eba1,DIVISION PROVINCIALE SANTE TSHUAPA,Implementing Partner,Tier 1,100.0,CD,Democratic Republic of the Congo,General health sector,761860780.0,6,Prioritise,Open account plan for implementing partner route and map procurement stakeholders.,commercial
acct_df606837b1b8,org_43d31647ce50,DPS SANKURU DIVISION PROVINCIALE DE LA SANTE SANKURU,Implementing Partner,Tier 1,100.0,CD,Democratic Republic of the Congo,General health sector,761860780.0,6,Prioritise,Open account plan for implementing partner route and map procurement stakeholders.,commercial
acct_942065c87dc5,org_19bd1374a551,RAS KIGOMA,Implementing Partner,Tier 1,100.0,TZ,Tanzania,Facility Infrastructure,139019000.0,6,Prioritise,Open account plan for implementing partner route and map procurement stakeholders.,commercial
acct_8c2a3fb591b2,org_934bf2f2753e,Atlas-alliansen,Implementing Partner,Tier 1,100.0,UG; TZ; ET,Uganda; Tanzania; Ethiopia,Facility Infrastructure,29450396.0,6,Prioritise,Open account plan for implementing partner route and map procurement stakeholders.,commercial
acct_12cd44b999f9,org_8b57e0905bfa,OBSERVATOIRE DES DROITS HUMAINS GOMA,Implementing Partner,Tier 1,100.0,CD,Democratic Republic of the Congo,General health sector,691104780.0,5,Prioritise,Open account plan for implementing partner route and map procurement stakeholders.,commercial
acct_91b82bd3b7ad,org_c419f36083be,DIVISION PROVINCIALE SANTE BAS UELE,Implementing Partner,Tier 1,100.0,CD,Democratic Republic of the Congo,General health sector,691104780.0,5,Prioritise,Open account plan for implementing partner route and map procurement stakeholders.,commercial
acct_c7f2b744e498,org_2677c8d9988e,Global - Programmes,Donor,Tier 1,100.0,CD; RW,Democratic Republic of the Congo; Rwanda,General health sector,638727520.0,5,Prioritise,Open account plan for donor route and map procurement stakeholders.,commercial
acct_3e7a0dbf4c25,org_074173384926,ASSOCIATION POUR LE DEVELOPPEMENT SOCIAL ET LA SAUVEGARDE DE L ENVIRONNEMENT,Implementing Partner,Tier 1,100.0,CD,Democratic Republic of the Congo,General health sector,522202490.0,5,Prioritise,Open account plan for implementing partner route and map procurement stakeholders.,commercial
acct_ce5f753a05c6,org_e427cbbf57f6,MINISTRY OF HEALTH AND HUMAN SERVICES FEDERAL GOVERNMENT OF,Implementing Partner,Tier 1,100.0,SO,Somalia,Facility Infrastructure,391680000.0,5,Prioritise,Open account plan for implementing partner route and map procurement stakeholders.,commercial
acct_a63b54c6c9d3,org_0a52cb01646f,MINISTRY OF HEALTH PUNTLAND,Implementing Partner,Tier 1,100.0,SO,Somalia,Facility Infrastructure,382543174.0,5,Prioritise,Open account plan for implementing partner route and map procurement stakeholders.,commercial
acct_55e8dd75ccf7,org_0421b18b5651,MINISTRY OF HEALTH GALMUDUG STATE,Implementing Partner,Tier 1,100.0,SO,Somalia,Facility Infrastructure,382543174.0,5,Prioritise,Open account plan for implementing partner route and map procurement stakeholders.,commercial
acct_81a080154924,org_fc7d1e01af7b,REGIONAL ADMINISTRATIVE SECRETARY SONGWE,Implementing Partner,Tier 1,100.0,TZ,Tanzania,Facility Infrastructure,105070730.0,5,Prioritise,Open account plan for implementing partner route and map procurement stakeholders.,commercial
acct_460d84b3cf71,org_704f449aced5,Cyprus,Donor,Tier 1,100.0,SS; TZ; KE; UG,South Sudan; Tanzania; Kenya; Uganda,General health sector,99901230.0,5,Prioritise,Open account plan for donor route and map procurement stakeholders.,commercial
acct_3a26182408f7,org_17e940f7dd7d,Cordaid Global Office,Donor,Tier 1,100.0,SS; ET; UG; CD,South Sudan; Ethiopia; Uganda; Democratic Republic of the Congo,Facility Infrastructure; IT / Health Information Systems; Diagnostic Equipment,29465237.61,5,Prioritise,Open account plan for donor route and map procurement stakeholders.,commercial
acct_532d56caeb41,org_c049fb77d9f2,DOCTORS WITH AFRICA CUAMM,Implementing Partner,Tier 1,100.0,SS,South Sudan,Cold Chain / Storage,1099186034.0,4,Prioritise,Open account plan for implementing partner route and map procurement stakeholders.,commercial
acct_e5cc500bcb79,org_1d087f9a116f,DIVISION PROVINCIALE DE LA SANTE SUD KIVU,Implementing Partner,Tier 1,100.0,CD,Democratic Republic of the Congo,General health sector,630028850.0,4,Prioritise,Open account plan for implementing partner route and map procurement stakeholders.,commercial
acct_d3870530510a,org_2497503974e6,COOPERATIONE INTERNATIONALE,Implementing Partner,Tier 1,100.0,CD,Democratic Republic of the Congo,General health sector,461126560.0,4,Prioritise,Open account plan for implementing partner route and map procurement stakeholders.,commercial
acct_f549c76acc9f,org_8fee2084932b,MINISTERE DE LA SANTE PROGRAMME ELARGIE DE VACCINATION,Implementing Partner,Tier 1,100.0,CD,Democratic Republic of the Congo,General health sector,456244780.0,4,Prioritise,Open account plan for implementing partner route and map procurement stakeholders.,commercial
acct_2c3f3e352792,org_b0dd10fbfd04,INSTITUT NATIONAL DE SANTE PUBLIQUE,Implementing Partner,Tier 1,100.0,CD,Democratic Republic of the Congo,General health sector,456244780.0,4,Prioritise,Open account plan for implementing partner route and map procurement stakeholders.,commercial
acct_02ce0eb0920c,org_f9897122df09,PRONANUT PROG NAT NUTRITION KINSHASA,Implementing Partner,Tier 1,100.0,CD,Democratic Republic of the Congo,General health sector,418020000.0,4,Prioritise,Open account plan for implementing partner route and map procurement stakeholders.,commercial
acct_a9d8c9b95420,org_964002c49673,Somalia,Donor,Tier 1,100.0,SO,Somalia,General health sector,358792166.0,4,Prioritise,Open account plan for donor route and map procurement stakeholders.,commercial
acct_7cafb2e8fe85,org_e5cc5543eed7,MINISTRY OF HEALTH JUBALAND STATE OF SOMALIA,Implementing Partner,Tier 1,100.0,SO,Somalia,Facility Infrastructure,340181764.0,4,Prioritise,Open account plan for implementing partner route and map procurement stakeholders.,commercial
acct_2751a8f9ec94,org_9519d1e35b5e,MINISTRY OF HEALTH SOUTH WEST STATE SOMALIA,Implementing Partner,Tier 1,100.0,SO,Somalia,Facility Infrastructure,340181764.0,4,Prioritise,Open account plan for implementing partner route and map procurement stakeholders.,commercial
acct_1fb0945e10f5,org_53a53babc78f,MUNICIPALITY OF MOGADISHU MOM BENAADIR REGIONAL ADMINISTRATION,Implementing Partner,Tier 1,100.0,SO,Somalia,Facility Infrastructure,340181764.0,4,Prioritise,Open account plan for implementing partner route and map procurement stakeholders.,commercial
acct_3c3cf5af725d,org_8418ad1c4801,NATIONAL BUREAU OF STATISTICS,Implementing Partner,Tier 1,100.0,TZ,Tanzania,Facility Infrastructure,109320000.0,4,Prioritise,Open account plan for implementing partner route and map procurement stakeholders.,commercial
acct_8d0d2e5230f1,org_8fc1dc346d71,MUHIMBILI UNIVERSITY OF HEALTH AND ALLIED SCIENCES,Implementing Partner,Tier 1,100.0,TZ,Tanzania,Facility Infrastructure,96089000.0,4,Prioritise,Open account plan for implementing partner route and map procurement stakeholders.,commercial
acct_a02adc5fac36,org_fb45fe817563,Pandemic Fund,Donor,Tier 1,100.0,CD; TZ; ET; RW,Democratic Republic of the Congo; Tanzania; Ethiopia; Rwanda,Diagnostic Equipment,29411923.85,4,Prioritise,Open account plan for donor route and map procurement stakeholders.,commercial
acct_4108178f6031,org_6c28ffbb094a,WHO Contingency Fund for Emergencies,Donor,Tier 1,100.0,CD; UG; SS; SO,Democratic Republic of the Congo; Uganda; South Sudan; Somalia,Diagnostic Equipment,18497987.48,4,Prioritise,Open account plan for donor route and map procurement stakeholders.,commercial
acct_2e1b9ce5abfc,org_a7fab8a94932,"Federal Ministry for Economic Cooperation and Development (BMZ), Germany",Donor,Tier 1,100.0,SO; SS; ET; KE,Somalia; South Sudan; Ethiopia; Kenya,Diagnostic Equipment,16583490.92,4,Prioritise,Open account plan for donor route and map procurement stakeholders.,commercial
acct_4f2619bd87fd,org_692f6d0a3bbe,ACCESS FOR HUMANITY,Implementing Partner,Tier 1,100.0,SS,South Sudan,Cold Chain / Storage,763433908.0,3,Prioritise,Open account plan for implementing partner route and map procurement stakeholders.,commercial
acct_a2bd558bf0ee,org_514a29a1c006,Ministry of Finance of the United Republic of Tanzania,Accountable Agency,Tier 1,100.0,TZ,Tanzania,Facility Infrastructure; Diagnostic Equipment,541127596.8,3,Prioritise,Open account plan for accountable agency route and map procurement stakeholders.,commercial
acct_8d52a5a9ffd4,org_3ceb41aabb01,"Ministry of Health, Community Development, Gender, Elderly and Children of the United Republic of Tanzania",Implementing Partner,Tier 1,100.0,TZ,Tanzania,Facility Infrastructure; Diagnostic Equipment,541127596.8,3,Prioritise,Open account plan for implementing partner route and map procurement stakeholders.,commercial
acct_8b7212a2b72a,org_91a19a4038fd,CARITAS KANANGA,Implementing Partner,Tier 1,100.0,CD,Democratic Republic of the Congo,General health sector,512818290.0,3,Prioritise,Open account plan for implementing partner route and map procurement stakeholders.,commercial
acct_5f2ed9305ddc,org_ab51eefe679e,PROGRAMME NATIONAL D'ELIMINATION DU CHOLERA ET DE LUTTE CONTRE LES AUTRES,Implementing Partner,Tier 1,100.0,CD,Democratic Republic of the Congo,General health sector,395168850.0,3,Prioritise,Open account plan for implementing partner route and map procurement stakeholders.,commercial
acct_5b1eb23e5b4e,org_4614862cc55e,Global - Social Policy & Social,Donor,Tier 1,100.0,CD,Democratic Republic of the Congo,General health sector,372009090.0,3,Prioritise,Open account plan for donor route and map procurement stakeholders.,commercial
acct_e65540ca95d2,org_1d14d15ec8af,New Zealand Committee for UNICEF,Donor,Tier 1,100.0,SS,South Sudan,Facility Infrastructure,141923582.0,3,Prioritise,Open account plan for donor route and map procurement stakeholders.,commercial
acct_539f29b33bd7,org_d984ab6a67b1,Global - Child Protection,Donor,Tier 1,100.0,SS; RW,South Sudan; Rwanda,General health sector,131783662.0,3,Prioritise,Open account plan for donor route and map procurement stakeholders.,commercial
acct_aec3352a0970,org_24893dc9f973,CATHOLIC MEDICAL MISSION BOARD INC,Implementing Partner,Tier 1,100.0,SS,South Sudan,Cold Chain / Storage,122020042.0,3,Prioritise,Open account plan for implementing partner route and map procurement stakeholders.,commercial
acct_a191e95ac263,org_58db937a32bd,Deutsche Gesellschaft für Internationale Zusammenarbeit (GIZ) GmbH,Donor,Tier 1,100.0,RW; TZ; ET; SS,Rwanda; Tanzania; Ethiopia; South Sudan,Facility Infrastructure; Medical Devices & Equipment,102366267.95,3,Prioritise,Open account plan for donor route and map procurement stakeholders.,commercial
acct_cd60cf06d94b,org_b674258c90fd,Oxfam Quebec,Implementing Partner,Tier 1,100.0,CD; TD; BO; GH; HN; JO; LB; PS,Democratic Republic of the Congo; TD; BO; GH; HN; JO; LB; PS,Facility Infrastructure,98876610.0,3,Prioritise,Open account plan for implementing partner route and map procurement stakeholders.,commercial
acct_71e55946bf15,org_3618bd68aeda,United Republic of Tanzania,Donor,Tier 1,100.0,TZ,Tanzania,Facility Infrastructure,86450000.0,3,Prioritise,Open account plan for donor route and map procurement stakeholders.,commercial
acct_71b4a6818caf,org_7fa2e3536034,REGIONAL ADMINISTRATIVE SECRETARY DAR ES SALAAM,Implementing Partner,Tier 1,100.0,TZ,Tanzania,Facility Infrastructure,86450000.0,3,Prioritise,Open account plan for implementing partner route and map procurement stakeholders.,commercial
acct_45a4fdf2714e,org_e735edc59a06,BENJAMIN WILLIAM MKAPA FOUNDATION,Implementing Partner,Tier 1,100.0,TZ,Tanzania,Facility Infrastructure,86450000.0,3,Prioritise,Open account plan for implementing partner route and map procurement stakeholders.,commercial
acct_8558812c6e9e,org_bb588467f0ad,REGIONAL ADMINISTRATIVE SECRETARY TABORA,Implementing Partner,Tier 1,100.0,TZ,Tanzania,Facility Infrastructure,86450000.0,3,Prioritise,Open account plan for implementing partner route and map procurement stakeholders.,commercial
acct_5d528713ac4a,org_4e92ea7dc319,RAS KATAVI,Implementing Partner,Tier 1,100.0,TZ,Tanzania,Facility Infrastructure,86450000.0,3,Prioritise,Open account plan for implementing partner route and map procurement stakeholders.,commercial
acct_1d0e66b872f5,org_c9d45efcc939,D TREE INTERNATIONAL,Implementing Partner,Tier 1,100.0,TZ,Tanzania,Facility Infrastructure,52090550.0,3,Prioritise,Open account plan for implementing partner route and map procurement stakeholders.,commercial
acct_0348f6f89746,org_ca2f7909fd39,"Department of Foreign Affairs, Trade and Development (DFATD), Canada",Donor,Tier 1,100.0,SO; ET; KE; CD,Somalia; Ethiopia; Kenya; Democratic Republic of the Congo,Diagnostic Equipment,14536256.03,3,Prioritise,Open account plan for donor route and map procurement stakeholders.,commercial
acct_77caaa19611c,org_5cc045d72c62,"Ministry of Finance, Planning and Economic Development of the Republic of Uganda",Implementing Partner,Tier 1,100.0,UG,Uganda,Facility Infrastructure; Diagnostic Equipment,456283968.73,2,Prioritise,Open account plan for implementing partner route and map procurement stakeholders.,commercial
acct_9a776cccb4ef,org_08de8684343a,SOMALILAND NATIONAL AIDS COMMISSION,Implementing Partner,Tier 1,100.0,SO,Somalia,Facility Infrastructure,234470544.0,2,Prioritise,Open account plan for implementing partner route and map procurement stakeholders.,commercial
acct_bbbe5a0cb592,org_6804bddcd94b,AFYA PAMOJA,Implementing Partner,Tier 1,100.0,TZ,Tanzania,Facility Infrastructure,59868820.0,2,Prioritise,Open account plan for implementing partner route and map procurement stakeholders.,commercial
acct_8f818dc252b3,org_7d5fcaa5f146,REGIONAL ADMINISTRATIVE SECRETARY,Implementing Partner,Tier 1,100.0,TZ,Tanzania,Facility Infrastructure,59450000.0,2,Prioritise,Open account plan for implementing partner route and map procurement stakeholders.,commercial
acct_3fae2b173814,org_3e6c8cc72925,MTWARA REGIONAL SECRETARIAT,Implementing Partner,Tier 1,100.0,TZ,Tanzania,Facility Infrastructure,59450000.0,2,Prioritise,Open account plan for implementing partner route and map procurement stakeholders.,commercial
acct_fb8998dc2f23,org_8b7e975bd8cb,African Development Fund,Donor,Tier 1,100.0,KE; ET,Kenya; Ethiopia,Diagnostic Equipment; Facility Infrastructure,36000000.0,2,Prioritise,Open account plan for donor route and map procurement stakeholders.,commercial
acct_dced49339927,org_4969935b4c45,eHealth Africa,Implementing Partner,Tier 1,100.0,ZA; AO; CM; CD; ET; GH; CI; KE; MG; NG; ZW; SN; UG; ZM; TZ; TD; CG; NE; SO,ZA; AO; CM; Democratic Republic of the Congo; Ethiopia; GH; CI; Kenya; MG; NG; ZW; SN; Uganda; ZM; Tanzania; TD; CG; NE; Somalia,Facility Infrastructure,24805652.0,2,Prioritise,Open account plan for implementing partner route and map procurement stakeholders.,commercial
acct_1274fee1ccc1,org_b2c303562a54,University of Warwick,Implementing Partner,Tier 1,100.0,NG; KE; GB; US; TD; CD; GN; CI; UG,NG; Kenya; GB; US; TD; Democratic Republic of the Congo; GN; CI; Uganda,Facility Infrastructure,7515400.81,2,Prioritise,Open account plan for implementing partner route and map procurement stakeholders.,commercial
acct_5fb72a905894,org_52e744cd9a93,Norges Blindeforbund,Implementing Partner,Tier 1,100.0,TZ; ET,Tanzania; Ethiopia,Facility Infrastructure,5837670.0,2,Prioritise,Open account plan for implementing partner route and map procurement stakeholders.,commercial
acct_c24841599114,org_0d5acc79b3d9,Rotary International,Donor,Tier 1,100.0,SS; CD,South Sudan; Democratic Republic of the Congo,Diagnostic Equipment,5398548.07,2,Prioritise,Open account plan for donor route and map procurement stakeholders.,commercial
acct_ff3f371e98a0,org_4478b44bbada,FONDATION PIERRE FABRE,Implementing Partner,Tier 1,100.0,KE; TZ; CD; CM; CI,Kenya; Tanzania; Democratic Republic of the Congo; CM; CI,Diagnostic Equipment,3379999.93,2,Prioritise,Open account plan for implementing partner route and map procurement stakeholders.,commercial
acct_20badbcdff7d,org_312bafac3130,William and Flora Hewlett Foundation,Donor,Tier 1,100.0,TZ; MW; ET; UG; NG; KE,Tanzania; MW; Ethiopia; Uganda; NG; Kenya,Facility Infrastructure,2495200.0,2,Prioritise,Open account plan for donor route and map procurement stakeholders.,commercial
acct_3f5c03e459b2,org_b3f3d9e0cf63,HAYDOM LUTHERAN HOSPITAL,Implementing Partner,Tier 1,100.0,TZ,Tanzania,Facility Infrastructure,32868820.0,1,Prioritise,Open account plan for implementing partner route and map procurement stakeholders.,commercial
acct_9ca352d8a4ec,org_7c4d75f71981,Ministry of Trade and Industry,Implementing Partner,Tier 1,100.0,RW,Rwanda,Facility Infrastructure,18980177.8,1,Prioritise,Open account plan for implementing partner route and map procurement stakeholders.,commercial
acct_41a8b24683d4,org_12d1d776c30e,Micronutrient Initiative,Implementing Partner,Tier 1,100.0,TZ,Tanzania,Facility Infrastructure,15375000.0,1,Prioritise,Open account plan for implementing partner route and map procurement stakeholders.,commercial
acct_ea9710851a88,org_694a3544b1f7,CHILDREN BELIEVE FUND,Implementing Partner,Tier 1,100.0,ET; GH,Ethiopia; GH,Facility Infrastructure,14633868.0,1,Prioritise,Open account plan for implementing partner route and map procurement stakeholders.,commercial
acct_e8c74a67e2bb,org_33bc02a7097f,Ministry of Health,Implementing Partner,Tier 1,100.0,TZ,Tanzania,Medical Devices & Equipment,14074244.03,1,Prioritise,Open account plan for implementing partner route and map procurement stakeholders.,commercial
acct_1fc8a9976ce8,org_3685bf5e9107,Islamic Relief Canada,Implementing Partner,Tier 1,100.0,ET; SS,Ethiopia; South Sudan,Diagnostic Equipment,13999998.0,1,Prioritise,Open account plan for implementing partner route and map procurement stakeholders.,commercial
acct_f11da3f243b0,org_16d4806fa569,Veterinarians Without Borders,Implementing Partner,Tier 1,100.0,RW; SN; GH; KE; KH; LA; VN,Rwanda; SN; GH; Kenya; KH; LA; VN,Facility Infrastructure,13848375.0,1,Prioritise,Open account plan for implementing partner route and map procurement stakeholders.,commercial
acct_8e6f7626a20e,org_3043adf8ed41,"Ministry of Finance Tanzania,",Implementing Partner,Tier 1,100.0,TZ,Tanzania,Diagnostic Equipment; Facility Infrastructure; Medical Devices & Equipment,12747584.95,1,Prioritise,Open account plan for implementing partner route and map procurement stakeholders.,commercial
acct_e9971b4edaf7,org_21457108e7c2,UNDP South Sudan,Donor,Tier 1,100.0,SS,South Sudan,Diagnostic Equipment; Facility Infrastructure; IT / Health Information Systems,9118886.0,1,Prioritise,Open account plan for donor route and map procurement stakeholders.,commercial
acct_1673b962cf32,org_ccaf9f91bed3,"Ministry for Europe and Foreign Affairs (MEAE), France",Donor,Tier 1,100.0,CD,Democratic Republic of the Congo,Diagnostic Equipment,8723754.94,1,Prioritise,Open account plan for donor route and map procurement stakeholders.,commercial
acct_7792af440360,org_463e6d83ada7,Panorama Global,Implementing Partner,Tier 1,100.0,KE,Kenya,Diagnostic Equipment; Medical Devices & Equipment,5484543.0,1,Prioritise,Open account plan for implementing partner route and map procurement stakeholders.,commercial
acct_e71e1c82e9d6,org_e881cc1521c2,Ryggmargsbrokk- og Hydrocephalusforeningen,Implementing Partner,Tier 1,100.0,UG,Uganda,Facility Infrastructure,5471551.0,1,Prioritise,Open account plan for implementing partner route and map procurement stakeholders.,commercial
acct_ac8b0891b450,org_ca193794a03e,L'AMIE,Implementing Partner,Tier 1,100.0,RW,Rwanda,Facility Infrastructure,5312863.0,1,Prioritise,Open account plan for implementing partner route and map procurement stakeholders.,commercial
acct_63c7bed1e330,org_2f03f0c6f795,FONDATION MÉRIEUX,Implementing Partner,Tier 1,100.0,CD,Democratic Republic of the Congo,Diagnostic Equipment,5000000.0,1,Prioritise,Open account plan for implementing partner route and map procurement stakeholders.,commercial
acct_5d31667baecc,org_82cb296b16ca,University of Ibadan,Implementing Partner,Tier 1,100.0,NG; KE; GB; US,NG; Kenya; GB; US,Facility Infrastructure,4030527.81,1,Prioritise,Open account plan for implementing partner route and map procurement stakeholders.,commercial
acct_39b39e0ed2b8,org_5f808cc7c81f,Bayero University,Implementing Partner,Tier 1,100.0,NG; KE; GB; US,NG; Kenya; GB; US,Facility Infrastructure,4030527.81,1,Prioritise,Open account plan for implementing partner route and map procurement stakeholders.,commercial
acct_c403cb2c5e58,org_0d2c412009ba,"Ministry of Development Cooperation and Humanitarian Affairs, Luxembourg",Donor,Tier 1,100.0,SS,South Sudan,Diagnostic Equipment,2927708.06,1,Prioritise,Open account plan for donor route and map procurement stakeholders.,commercial
acct_97aa435e5242,org_25974ab71dea,AGENCE FRANCAISE DE DEVELOPPEMENT,Implementing Partner,Tier 1,100.0,RW,Rwanda,Facility Infrastructure,2854987.99,1,Prioritise,Open account plan for implementing partner route and map procurement stakeholders.,commercial
acct_7b81225c50bd,org_96ff62c4249c,University of Virginia,Implementing Partner,Tier 1,100.0,GM; KE; MW; ML; PE; PK; BD,GM; Kenya; MW; ML; PE; PK; BD,Diagnostic Equipment,1520381.0,1,Prioritise,Open account plan for implementing partner route and map procurement stakeholders.,commercial
acct_a30531133e4d,org_1a379a726364,African Institute for Development Policy,Implementing Partner,Tier 1,100.0,NG; KE,NG; Kenya,Facility Infrastructure,1248800.0,1,Prioritise,Open account plan for implementing partner route and map procurement stakeholders.,commercial
acct_bf0e83eafdbd,org_d7dc4e8b85ea,Center for Rapid Evidence Synthesis,Implementing Partner,Tier 1,100.0,TZ; MW; ET; UG,Tanzania; MW; Ethiopia; Uganda,Facility Infrastructure,1246400.0,1,Prioritise,Open account plan for implementing partner route and map procurement stakeholders.,commercial
acct_215b1e7a69c2,org_c30d0425c0df,The Governing Council of the University of Toronto,Implementing Partner,Tier 1,100.0,NG; GH; ET; CM; CD; SN; BI,NG; GH; Ethiopia; CM; Democratic Republic of the Congo; SN; BI,IT / Health Information Systems,300000.0,1,Prioritise,Open account plan for implementing partner route and map procurement stakeholders.,commercial
acct_5807c803917f,org_087add724fe6,KOIS Advisory,Implementing Partner,Tier 1,100.0,KE,Kenya,Diagnostic Equipment,249500.0,1,Prioritise,Open account plan for implementing partner route and map procurement stakeholders.,commercial
acct_f50bf3d315a6,org_f57c12f4b4f3,CBM eV,Donor,Tier 1,100.0,SS,South Sudan,Facility Infrastructure,210000.0,1,Prioritise,Open account plan for donor route and map procurement stakeholders.,commercial
acct_72557d616e9d,org_b73e7b3d9e85,ACTION AFRICA HELP INTERNATIONAL,Implementing Partner,Tier 1,99.6,SS,South Sudan,General health sector,1059755518.0,3,Prioritise,Open account plan for implementing partner route and map procurement stakeholders.,commercial
acct_bd5abdf76bc3,org_94ef9891d30b,SUPPORT FOR PEACE AND EDUCATION DEVELOPMENT PROGRAM SPEDP,Implementing Partner,Tier 1,99.6,SS,South Sudan,General health sector,1059755518.0,3,Prioritise,Open account plan for implementing partner route and map procurement stakeholders.,commercial
acct_9133aa88a1c9,org_22361e02a8c3,STICHTING HEALTHNET TRANSCULTURAL PSYCHOSOCIAL ORGANIZATION,Implementing Partner,Tier 1,99.6,SS,South Sudan,General health sector,1059755518.0,3,Prioritise,Open account plan for implementing partner route and map procurement stakeholders.,commercial
acct_7f837fdb4099,org_f9d1e0ffecd1,WOMEN AGENCY FOR RESILIENCE AND TRANSFORMATION,Implementing Partner,Tier 1,99.6,SS,South Sudan,General health sector,1059755518.0,3,Prioritise,Open account plan for implementing partner route and map procurement stakeholders.,commercial
acct_3cf3b385b17f,org_ca608d81f1c7,SOUTH SUDAN HEALTH ASSOCIATION,Implementing Partner,Tier 1,99.6,SS,South Sudan,General health sector,1059755518.0,3,Prioritise,Open account plan for implementing partner route and map procurement stakeholders.,commercial
acct_3139fc327557,org_08238d70edcb,AFRICAN RELIEF AND DEVELOPMENT FOUNDATION,Implementing Partner,Tier 1,99.6,SS,South Sudan,General health sector,1059755518.0,3,Prioritise,Open account plan for implementing partner route and map procurement stakeholders.,commercial
acct_0ea4f3bf11b5,org_d6c88c163a33,COMMUNITY SOCIAL AND ECONOMIC DEVELOPMENT AGENCY COSEDA,Implementing Partner,Tier 1,99.6,SS,South Sudan,General health sector,1059755518.0,3,Prioritise,Open account plan for implementing partner route and map procurement stakeholders.,commercial
acct_022433c82d75,org_fed894e81870,COALITION FOR HUMANITY CH,Implementing Partner,Tier 1,99.6,SS,South Sudan,General health sector,1059755518.0,3,Prioritise,Open account plan for implementing partner route and map procurement stakeholders.,commercial
acct_443fc490e038,org_f6ce0abc2b09,KCB BANK SOUTH SUDAN LTD,Implementing Partner,Tier 1,99.6,SS,South Sudan,General health sector,1059755518.0,3,Prioritise,Open account plan for implementing partner route and map procurement stakeholders.,commercial
acct_65552a34d250,org_ce1e086730dc,CO-OPERATIVE BANK OF SOUTH SUDAN LTD,Implementing Partner,Tier 1,99.6,SS,South Sudan,General health sector,1059755518.0,3,Prioritise,Open account plan for implementing partner route and map procurement stakeholders.,commercial
acct_37ecd018666c,org_8c7164611cf2,Medical Research Council Unit The Gambia @LSHTM,Implementing Partner,Tier 1,99.6,GB; GM; KE,GB; GM; Kenya,Facility Infrastructure; IT / Health Information Systems,4654416.0,1,Prioritise,Open account plan for implementing partner route and map procurement stakeholders.,commercial
acct_d248b49b1a65,org_ee75dba5acbb,DIVISION PROVINCIALE SANTE TANGANYIKA,Implementing Partner,Tier 1,99.5,CD,Democratic Republic of the Congo,General health sector,817611580.0,6,Prioritise,Open account plan for implementing partner route and map procurement stakeholders.,commercial
acct_7ec498b98c9f,org_8571b71025fb,SECRETARIAT GENERAL A LA SANTE KINSHASA,Implementing Partner,Tier 1,99.5,CD,Democratic Republic of the Congo,General health sector,591728850.0,3,Prioritise,Open account plan for implementing partner route and map procurement stakeholders.,commercial
acct_218bc4df97ea,org_e101fa9d43aa,DIVISION PROVINCIALE SANTE EQUATEUR,Implementing Partner,Tier 1,99.5,CD,Democratic Republic of the Congo,General health sector,591728850.0,3,Prioritise,Open account plan for implementing partner route and map procurement stakeholders.,commercial
acct_6aa428c0db1a,org_02dd5418d148,ADVENTIST DEVELOPMENT AND RELIEF AGENCY,Implementing Partner,Tier 1,99.4,SS,South Sudan,General health sector,1224222434.0,5,Prioritise,Open account plan for implementing partner route and map procurement stakeholders.,commercial
acct_543ff556faf1,org_32a0e7f632ae,AGENCY FOR CHILD RELIEF AID,Implementing Partner,Tier 1,99.4,SS,South Sudan,General health sector,1116021702.0,4,Prioritise,Open account plan for implementing partner route and map procurement stakeholders.,commercial
acct_37a4c3d33126,org_612567bfed83,INSPECTION PROVINCIALE DE SANTE DU TANGANYIKA,Implementing Partner,Tier 1,99.4,CD,Democratic Republic of the Congo,General health sector,662484850.0,4,Prioritise,Open account plan for implementing partner route and map procurement stakeholders.,commercial
acct_821b55a514f3,org_2cfe7225a1ec,CROIX ROUGE RDC SUD KIVU,Implementing Partner,Tier 1,99.4,CD,Democratic Republic of the Congo,General health sector,652804780.0,4,Prioritise,Open account plan for implementing partner route and map procurement stakeholders.,commercial
acct_df509d538ba0,org_b046a76cabd2,AIDES ACTIONS ET INTERVENTIONS POUR LE DEVELOPPEMENT ET ENCADREMENT SOCIAL,Implementing Partner,Tier 1,99.4,CD,Democratic Republic of the Congo,General health sector,652804780.0,4,Prioritise,Open account plan for implementing partner route and map procurement stakeholders.,commercial
acct_b77199f5ea7c,org_04c8f82478e6,DIVISION PROVINCIALE SANTE KASAI CENTRAL,Implementing Partner,Tier 1,99.3,CD,Democratic Republic of the Congo,General health sector,726908780.0,5,Prioritise,Open account plan for implementing partner route and map procurement stakeholders.,commercial
acct_62b437ad2be8,org_84c9b9cb4ac8,DPS MANIEMA DIVISION PROVINCIALE DE LA SANTE,Implementing Partner,Tier 1,99.3,CD,Democratic Republic of the Congo,General health sector,723560780.0,5,Prioritise,Open account plan for implementing partner route and map procurement stakeholders.,commercial
acct_014d794a8029,org_62824ad80c99,DIVISION PROVINCIAL SANTE TSHOPO,Implementing Partner,Tier 1,99.3,CD,Democratic Republic of the Congo,General health sector,723560780.0,5,Prioritise,Open account plan for implementing partner route and map procurement stakeholders.,commercial
acct_6f5fccda3650,org_77ed1422602a,DIVISION PROVINCIALE DE LA SANTE DPS KINSHASA,Implementing Partner,Tier 1,99.3,CD,Democratic Republic of the Congo,General health sector,723560780.0,5,Prioritise,Open account plan for implementing partner route and map procurement stakeholders.,commercial
acct_0d55db622a73,org_fd57468de67e,DPS KWILU DIVISION PROVINCIALE DE LA SANTE,Implementing Partner,Tier 1,99.3,CD,Democratic Republic of the Congo,General health sector,680454220.0,5,Prioritise,Open account plan for implementing partner route and map procurement stakeholders.,commercial
acct_7714914bfc9a,org_b02f727d335d,DPS LUALABA DIVISION PROVINCIALE DE LA SANTE,Implementing Partner,Tier 1,99.3,CD,Democratic Republic of the Congo,General health sector,545274290.0,3,Prioritise,Open account plan for implementing partner route and map procurement stakeholders.,commercial
acct_ff49af9391d0,org_def33b38da71,HOPITAL GENERAL DE REFERENCE DE PANZI,Implementing Partner,Tier 1,99.3,CD,Democratic Republic of the Congo,General health sector,535594220.0,3,Prioritise,Open account plan for implementing partner route and map procurement stakeholders.,commercial
acct_6eaa5043a8f3,org_19e35ce52d1e,DIVISION PROVINCIALE DE LA SANTE KASAI ORIENTAL,Implementing Partner,Tier 1,99.3,CD,Democratic Republic of the Congo,General health sector,535594220.0,3,Prioritise,Open account plan for implementing partner route and map procurement stakeholders.,commercial
acct_ddcd24b0d9c9,org_525835a4784c,SAVE THE CHILDREN FUND,Implementing Partner,Tier 1,99.2,SS,South Sudan,Cold Chain / Storage,1360781326.0,6,Prioritise,Open account plan for implementing partner route and map procurement stakeholders.,commercial
acct_d3c8da452bec,org_ccbac76660dd,DPS HAUT LOMAMI DIVISION PROVINCIALE DE LA SANTE,Implementing Partner,Tier 1,99.2,CD,Democratic Republic of the Congo,General health sector,606350220.0,4,Prioritise,Open account plan for implementing partner route and map procurement stakeholders.,commercial
acct_2712fda4bc7e,org_7fe16aaa0f61,DIVISION PROVINCIALE DE LA SANTE DU KASAI,Implementing Partner,Tier 1,99.2,CD,Democratic Republic of the Congo,General health sector,606350220.0,4,Prioritise,Open account plan for implementing partner route and map procurement stakeholders.,commercial
acct_06ded4decab5,org_5043d80bee75,DIVISION PROVINCIALE DE LA SANTE DU SUD UBANGI,Implementing Partner,Tier 1,99.2,CD,Democratic Republic of the Congo,General health sector,606350220.0,4,Prioritise,Open account plan for implementing partner route and map procurement stakeholders.,commercial
acct_636f93c6c6c7,org_2ea1f1b3c395,DPS LOMAMI DIVISION PROVINCIALE DE SANTE LOMAMI,Implementing Partner,Tier 1,99.2,CD,Democratic Republic of the Congo,General health sector,606350220.0,4,Prioritise,Open account plan for implementing partner route and map procurement stakeholders.,commercial
acct_10b01a1765b0,org_550ef697ba37,DIVISION PROVINCIALE DE LA SANTE DE HAUT UELE,Implementing Partner,Tier 1,99.2,CD,Democratic Republic of the Congo,General health sector,606350220.0,4,Prioritise,Open account plan for implementing partner route and map procurement stakeholders.,commercial
acct_117972aacb91,org_b917c0640ddf,TEARFUND,Implementing Partner,Tier 1,99.1,SS,South Sudan,General health sector,1142345044.0,5,Prioritise,Open account plan for implementing partner route and map procurement stakeholders.,commercial
acct_faec6b1fea3b,org_f87bfc4dc593,GOAL SOUTH SUDAN,Implementing Partner,Tier 1,99.1,SS,South Sudan,General health sector,1142345044.0,5,Prioritise,Open account plan for implementing partner route and map procurement stakeholders.,commercial
acct_bc0c3a44adf4,org_4c7da9452216,WORLD RELIEF CORPORATION OF NATIONAL ASSOCIATION OF EVANGELICALS,Implementing Partner,Tier 1,99.1,SS,South Sudan,General health sector,1142345044.0,5,Prioritise,Open account plan for implementing partner route and map procurement stakeholders.,commercial
acct_f2a7618266d7,org_85dab3004742,AMREF HEALTH AFRICA,Implementing Partner,Tier 1,99.1,SS,South Sudan,General health sector,1142345044.0,5,Prioritise,Open account plan for implementing partner route and map procurement stakeholders.,commercial
acct_e35f1fe9befa,org_57cda58c2ea1,IMPACT HEALTH ORGANIZATION IHO,Implementing Partner,Tier 1,99.1,SS,South Sudan,General health sector,1142345044.0,5,Prioritise,Open account plan for implementing partner route and map procurement stakeholders.,commercial
acct_a3a85f5a94c9,org_0e97fe95089d,DIVISION PROVINCIALE DE LA SANTE DU NORD UBANGI,Implementing Partner,Tier 1,99.1,CD,Democratic Republic of the Congo,General health sector,488700780.0,4,Prioritise,Open account plan for implementing partner route and map procurement stakeholders.,commercial
acct_9c14a7a09089,org_0eaeffb38768,HOPITAL PEDIATRIQUE DE KALEMBE LEMBE,Implementing Partner,Tier 1,99.0,CD,Democratic Republic of the Congo,General health sector,417944780.0,3,Prioritise,Open account plan for implementing partner route and map procurement stakeholders.,commercial
acct_b79e6e366e12,org_94ffab60ebc9,HOPE IN ACTION,Implementing Partner,Tier 1,99.0,CD,Democratic Republic of the Congo,General health sector,417944780.0,3,Prioritise,Open account plan for implementing partner route and map procurement stakeholders.,commercial
acct_47b9494a09ec,org_8ca4968fedbc,DIVISION PROV DE LA SANTE KWANGO,Implementing Partner,Tier 1,99.0,CD,Democratic Republic of the Congo,General health sector,417944780.0,3,Prioritise,Open account plan for implementing partner route and map procurement stakeholders.,commercial
acct_3d2d06c2fc98,org_cbccf21cfd22,DIRECTION INTERVENTIONS SOCIALES POUR LA PROTECTION DE L ENFANT,Implementing Partner,Tier 1,99.0,CD,Democratic Republic of the Congo,General health sector,417944780.0,3,Prioritise,Open account plan for implementing partner route and map procurement stakeholders.,commercial
acct_d4b115f186a7,org_06c51202a391,SAVE COMMUNITIES IN CONFLICTS,Implementing Partner,Tier 1,99.0,CD,Democratic Republic of the Congo,General health sector,417944780.0,3,Prioritise,Open account plan for implementing partner route and map procurement stakeholders.,commercial
acct_edc0161bb1e0,org_a6432d706c2f,GROUPE DE RECHERCHE D APPUI AUX INTERVENTION INTEGREES DE LA NUTRITION,Implementing Partner,Tier 1,99.0,CD,Democratic Republic of the Congo,General health sector,379720000.0,3,Prioritise,Open account plan for implementing partner route and map procurement stakeholders.,commercial
acct_cf9b28f5f696,org_9e4858c69bb3,PROGRAMME NATIONAL DE NUTRITION DU KASAI CENTRAL,Implementing Partner,Tier 1,99.0,CD,Democratic Republic of the Congo,General health sector,379720000.0,3,Prioritise,Open account plan for implementing partner route and map procurement stakeholders.,commercial
acct_d8961c015467,org_738e1a475621,COMUNE DI NOVARA EPE,Implementing Partner,Tier 1,99.0,KE,Kenya,Facility Infrastructure,462600.0,1,Prioritise,Open account plan for implementing partner route and map procurement stakeholders.,commercial
acct_08ad51b284ba,org_b382be297128,DIVISION PROVINCIALE SANTE DE LA MONGALA,Implementing Partner,Tier 1,98.9,CD,Democratic Republic of the Congo,General health sector,371490220.0,3,Prioritise,Open account plan for implementing partner route and map procurement stakeholders.,commercial
acct_ebda47ee58d1,org_4d59cccfa753,NFU - Norsk Forbund for Utviklingshemmede,Implementing Partner,Tier 1,98.9,ET,Ethiopia,Facility Infrastructure,637336.0,1,Prioritise,Open account plan for implementing partner route and map procurement stakeholders.,commercial
acct_e78c35f47b25,org_8748a1c549bc,INTERNATIONAL RESCUE COMMITTEE,Implementing Partner,Tier 1,98.6,SS,South Sudan,General health sector,1145646476.0,6,Prioritise,Open account plan for implementing partner route and map procurement stakeholders.,commercial
acct_6a282a680b9e,org_1d4e3d8698e4,LVCT Health,Implementing Partner,Tier 1,98.5,KE,Kenya,IT / Health Information Systems,4000000.0,1,Prioritise,Open account plan for implementing partner route and map procurement stakeholders.,commercial
acct_2a6f9b389e95,org_4d2c506cbe3d,Uganda Society for Health Scientists,Implementing Partner,Tier 1,98.2,MW; UG,MW; Uganda,Diagnostic Equipment; IT / Health Information Systems,1936002.43,1,Prioritise,Open account plan for implementing partner route and map procurement stakeholders.,commercial
acct_6edea12409f3,org_38fe6b5adbe6,World Bank - Washington D.C.,Donor,Tier 1,98.1,CD; SS; RW; TZ; ET; KE; SO,Democratic Republic of the Congo; South Sudan; Rwanda; Tanzania; Ethiopia; Kenya; Somalia,Facility Infrastructure; Cold Chain / Storage; IT / Health Information Systems,3431796953.0,20,Prioritise,Open account plan for donor route and map procurement stakeholders.,commercial
acct_195485336f69,org_4ae9a7fd07fe,DEEG ROOR MEDICAL ORGANIZATION,Implementing Partner,Tier 1,98.1,SO,Somalia,General health sector,261384120.0,3,Prioritise,Open account plan for implementing partner route and map procurement stakeholders.,commercial
acct_4e93d6bac77c,org_96ecee91ee67,TIGRAY BUREAU OF HEALTH,Implementing Partner,Tier 1,98.0,ET,Ethiopia,General health sector,328951510.0,8,Prioritise,Open account plan for implementing partner route and map procurement stakeholders.,commercial
acct_33b293ff4374,org_2dba1409812d,B GUMUZ REGIONAL HEALTH BUREAU RHB,Implementing Partner,Tier 1,98.0,ET,Ethiopia,General health sector,328951510.0,8,Prioritise,Open account plan for implementing partner route and map procurement stakeholders.,commercial
acct_d0a76dc90430,org_57350636bdd5,AFAR REGIONAL HEALTH BUREAU,Implementing Partner,Tier 1,98.0,ET,Ethiopia,General health sector,328951510.0,8,Prioritise,Open account plan for implementing partner route and map procurement stakeholders.,commercial
acct_4f13f5b9331e,org_60cabcf81bd7,GPNRS HEALTH BUREAU,Implementing Partner,Tier 1,98.0,ET,Ethiopia,General health sector,328951510.0,8,Prioritise,Open account plan for implementing partner route and map procurement stakeholders.,commercial
acct_437f330ef120,org_88840b8523d5,AMHARA BUREAU OF HEALTH,Implementing Partner,Tier 1,98.0,ET,Ethiopia,General health sector,328951510.0,8,Prioritise,Open account plan for implementing partner route and map procurement stakeholders.,commercial
acct_f5a44f2d5dd9,org_c3e5c7e97d4e,OROMIA REGION BUREAU OF HEALTH,Implementing Partner,Tier 1,98.0,ET,Ethiopia,General health sector,328951510.0,8,Prioritise,Open account plan for implementing partner route and map procurement stakeholders.,commercial
acct_18d737b19c56,org_11f0e9f59644,SNRS HEALTH BUREAU,Implementing Partner,Tier 1,98.0,ET,Ethiopia,General health sector,328951510.0,8,Prioritise,Open account plan for implementing partner route and map procurement stakeholders.,commercial
acct_83ad04bc1e91,org_c577e6792b68,SOUTH WEST ETHIOPIAN REGION HEALTH BUREAU,Implementing Partner,Tier 1,98.0,ET,Ethiopia,General health sector,328951510.0,8,Prioritise,Open account plan for implementing partner route and map procurement stakeholders.,commercial
acct_f2a64226428a,org_6c7e3accbdde,CENTRAL ETHIOPIA REGIONAL STATE BUREAU OF HEALTH,Implementing Partner,Tier 1,98.0,ET,Ethiopia,General health sector,328951510.0,8,Prioritise,Open account plan for implementing partner route and map procurement stakeholders.,commercial
acct_d4fe4a09582e,org_fd34c9b837ba,SERS BUREAU OF HEALTH,Implementing Partner,Tier 1,98.0,ET,Ethiopia,General health sector,328951510.0,8,Prioritise,Open account plan for implementing partner route and map procurement stakeholders.,commercial
acct_f9d15f942e0d,org_9735af6a71d3,AMHARA DEVELOPMENT ASSOCIATION,Implementing Partner,Tier 1,98.0,ET,Ethiopia,General health sector,213864302.0,4,Prioritise,Open account plan for implementing partner route and map procurement stakeholders.,commercial
acct_82acef5fd0b8,org_31a7d12e13fd,Ministry of Foreign Affairs,Donor,Tier 1,97.9,CD; TZ; KE; UG; ET; RW,Democratic Republic of the Congo; Tanzania; Kenya; Uganda; Ethiopia; Rwanda,Diagnostic Equipment; Facility Infrastructure; Medical Devices & Equipment; Vehicles & Transport,19284387920.0,12,Prioritise,Open account plan for donor route and map procurement stakeholders.,commercial
acct_a9b4f438aebf,org_dddca0a48071,DIRE DAWA ADMINISTRATION BUREAU OF HEALTH,Implementing Partner,Tier 1,97.9,ET,Ethiopia,General health sector,287721020.0,7,Prioritise,Open account plan for implementing partner route and map procurement stakeholders.,commercial
acct_dbdbe5e019f7,org_8e8100114f07,AAC ADM FIN AND ECO UN HEALTH AND NUT,Implementing Partner,Tier 1,97.9,ET,Ethiopia,General health sector,287721020.0,7,Prioritise,Open account plan for implementing partner route and map procurement stakeholders.,commercial
acct_2a3d3a5ffe9a,org_8fb7204d7f83,MOH UN AGENCIES GRANT,Implementing Partner,Tier 1,97.9,ET,Ethiopia,General health sector,257668276.0,6,Prioritise,Open account plan for implementing partner route and map procurement stakeholders.,commercial
acct_7bd2edd6141f,org_f4395b290b4b,STATE MINISTRY OF HEALTH LAKES,Implementing Partner,Tier 1,97.9,SS,South Sudan,Cold Chain / Storage,891123672.0,5,Prioritise,Open account plan for implementing partner route and map procurement stakeholders.,commercial
acct_9f74dffe3a22,org_69eef5a47b25,UNIVERISTY OF RWANDA HOLDINGS GROUP LTD,Implementing Partner,Tier 1,97.8,RW,Rwanda,General health sector,39621906.0,3,Prioritise,Open account plan for implementing partner route and map procurement stakeholders.,commercial
acct_204134ca0d2c,org_48d7d899bec6,HARAR HEALTH BUREAU,Implementing Partner,Tier 1,97.6,ET,Ethiopia,General health sector,196537858.0,5,Prioritise,Open account plan for implementing partner route and map procurement stakeholders.,commercial
acct_e0b1f21507c7,org_5bf945dc8ee6,AVSI SOUTH SUDAN,Implementing Partner,Tier 1,97.6,SS,South Sudan,General health sector,190790258.0,3,Prioritise,Open account plan for implementing partner route and map procurement stakeholders.,commercial
acct_c898d87dd5d9,org_5b7b19689d1c,UNIVERSAL INTERVENTION AND DEVELOPMENT ORGANIZATION,Implementing Partner,Tier 1,97.6,SS,South Sudan,General health sector,190790258.0,3,Prioritise,Open account plan for implementing partner route and map procurement stakeholders.,commercial
acct_37014349ba0a,org_0823e7637fed,HOLD THE CHILD ORGANIZATION,Implementing Partner,Tier 1,97.6,SS,South Sudan,General health sector,190790258.0,3,Prioritise,Open account plan for implementing partner route and map procurement stakeholders.,commercial
acct_b7d79f241f43,org_5f110cfbaa20,GRASSROOTS EMPOWERMENT AND DEVELOPMENT ORGANIZATION,Implementing Partner,Tier 1,97.6,SS,South Sudan,General health sector,190790258.0,3,Prioritise,Open account plan for implementing partner route and map procurement stakeholders.,commercial
acct_7be8622e51b3,org_36f160de8f97,KASULU DISTRICT COUNCIL,Implementing Partner,Tier 1,97.6,TZ,Tanzania,General health sector,52569000.0,3,Prioritise,Open account plan for implementing partner route and map procurement stakeholders.,commercial
acct_9039d2a7a2d0,org_0c79de9a2f10,KIBONDO DISTRICT COUNCIL,Implementing Partner,Tier 1,97.6,TZ,Tanzania,General health sector,52569000.0,3,Prioritise,Open account plan for implementing partner route and map procurement stakeholders.,commercial
acct_d9fd36bbbf96,org_0f4abb43f949,KIGOMA DISTRICT COUNCIL,Implementing Partner,Tier 1,97.6,TZ,Tanzania,General health sector,52569000.0,3,Prioritise,Open account plan for implementing partner route and map procurement stakeholders.,commercial
acct_4fec71d4674a,org_2cd2c4fd6613,BUHIGWE DISTRICT COUNCIL,Implementing Partner,Tier 1,97.6,TZ,Tanzania,General health sector,52569000.0,3,Prioritise,Open account plan for implementing partner route and map procurement stakeholders.,commercial
acct_325df3c83633,org_a443b30393c1,DED KAKONKO DISTRICT COUNCIL,Implementing Partner,Tier 1,97.6,TZ,Tanzania,General health sector,52569000.0,3,Prioritise,Open account plan for implementing partner route and map procurement stakeholders.,commercial
acct_4829b760a99e,org_5b3ac826b32b,KIGOMA UJIJI MUNICIPAL COUNCIL,Implementing Partner,Tier 1,97.6,TZ,Tanzania,General health sector,52569000.0,3,Prioritise,Open account plan for implementing partner route and map procurement stakeholders.,commercial
acct_ef4c4d11a5eb,org_4ecba2ed6cbd,UVINZA DISTRICT COUNCIL,Implementing Partner,Tier 1,97.6,TZ,Tanzania,General health sector,52569000.0,3,Prioritise,Open account plan for implementing partner route and map procurement stakeholders.,commercial
acct_d01e152963c2,org_b415a131a6b2,KASULU TOWN COUNCIL DEVELOPMENT,Implementing Partner,Tier 1,97.6,TZ,Tanzania,General health sector,52569000.0,3,Prioritise,Open account plan for implementing partner route and map procurement stakeholders.,commercial
acct_cb7b96a23a68,org_69e965c09e1a,TANZANIA RED CROSS SOCIETIES,Implementing Partner,Tier 1,97.5,TZ,Tanzania,General health sector,56280180.0,3,Prioritise,Open account plan for implementing partner route and map procurement stakeholders.,commercial
acct_322821fa8154,org_3f5c8855aa7e,UNITED NETWORKS FOR HEALTH,Implementing Partner,Tier 1,97.4,SS,South Sudan,Cold Chain / Storage,1144286272.0,4,Prioritise,Open account plan for implementing partner route and map procurement stakeholders.,commercial
acct_e6a74b410398,org_16ea1aeda7f1,SOUTH ETHIOPIA REGION BUREAU OF AGRICULTURE,Implementing Partner,Tier 1,97.4,ET,Ethiopia,General health sector,104623374.0,3,Prioritise,Open account plan for implementing partner route and map procurement stakeholders.,commercial
acct_5e6285173058,org_ad0601a72f41,Global - Gender Equality,Donor,Tier 1,97.4,CD; SO,Democratic Republic of the Congo; Somalia,General health sector,80661410.0,2,Prioritise,Open account plan for donor route and map procurement stakeholders.,commercial
acct_9295ffafff5f,org_1ffd06c941b2,German Federal Foreign Office,Donor,Tier 1,97.3,CD; SS; SO; ET; KE; TZ; RW; UG; CM; NE; NG,Democratic Republic of the Congo; South Sudan; Somalia; Ethiopia; Kenya; Tanzania; Rwanda; Uganda; CM; NE; NG,Facility Infrastructure; Medical Devices & Equipment,2489704268.07,22,Prioritise,Open account plan for donor route and map procurement stakeholders.,commercial
acct_f0115e583700,org_bbb060071b99,KENYA RED CROSS SOCIETY,Implementing Partner,Tier 1,97.2,KE,Kenya,General health sector,337235612.0,6,Prioritise,Open account plan for implementing partner route and map procurement stakeholders.,commercial
acct_ffa4c185fffe,org_f8d1c4251e14,MIGORI COUNTY GOVERNMENT PUBLIC HEALTH OFFICE,Implementing Partner,Tier 1,97.2,KE,Kenya,General health sector,337235612.0,6,Prioritise,Open account plan for implementing partner route and map procurement stakeholders.,commercial
acct_f635d66f407a,org_b9d9edd1e376,SWER BUEARU OF AGRICULTURE,Implementing Partner,Tier 1,97.2,ET,Ethiopia,General health sector,120224208.0,4,Prioritise,Open account plan for implementing partner route and map procurement stakeholders.,commercial
acct_05a8f089838a,org_fbccfd68ad97,NAROK COUNTY DEPARTMENT OF HEALTH,Implementing Partner,Tier 1,97.2,KE,Kenya,General health sector,176830720.0,3,Prioritise,Open account plan for implementing partner route and map procurement stakeholders.,commercial
acct_b1b8ab410be6,org_469ad37d1bd4,DEPT OF HEALTH NAKURU COUNTY,Implementing Partner,Tier 1,97.2,KE,Kenya,General health sector,176830720.0,3,Prioritise,Open account plan for implementing partner route and map procurement stakeholders.,commercial
acct_c007b065eaa7,org_151a050d5a16,AMHARA BOFED AGRICULTURE,Implementing Partner,Tier 1,97.2,ET,Ethiopia,General health sector,94814490.0,3,Prioritise,Open account plan for implementing partner route and map procurement stakeholders.,commercial
acct_d0b8fdff429a,org_b99540f30ffe,OROMIA BUREAU OF AGRICULTURE,Implementing Partner,Tier 1,97.2,ET,Ethiopia,General health sector,94814490.0,3,Prioritise,Open account plan for implementing partner route and map procurement stakeholders.,commercial
acct_d1b239758f59,org_6d97e0de5e2e,BENISHANGUL GUMUZ REGIONAL STATE AGRICULTURE BUREAU,Implementing Partner,Tier 1,97.2,ET,Ethiopia,General health sector,94814490.0,3,Prioritise,Open account plan for implementing partner route and map procurement stakeholders.,commercial
acct_3d46c28aefb2,org_85226be20075,TIGRAY BOFRC AGRI NUTRITION,Implementing Partner,Tier 1,97.2,ET,Ethiopia,General health sector,94814490.0,3,Prioritise,Open account plan for implementing partner route and map procurement stakeholders.,commercial
acct_2e2ac2a67113,org_b53fef6ae1fa,AFRICAN FIELD EPIDEMIOLOGY NETWORK,Implementing Partner,Tier 1,97.2,SS,South Sudan,Cold Chain / Storage,157633224.0,2,Prioritise,Open account plan for implementing partner route and map procurement stakeholders.,commercial
acct_222f122c25fb,org_f0679bd13e1a,HEALTHCARE FOUNDATION ORGANIZATION,Implementing Partner,Tier 1,97.2,SS,South Sudan,Cold Chain / Storage,157633224.0,2,Prioritise,Open account plan for implementing partner route and map procurement stakeholders.,commercial
acct_9fed237e5c69,org_178a10c1d5f7,Deutsches Blindenhilfswerk,Implementing Partner,Tier 1,97.2,KE,Kenya,Diagnostic Equipment; Facility Infrastructure,310102.5,1,Prioritise,Open account plan for implementing partner route and map procurement stakeholders.,commercial
acct_0a850a1455b0,org_f97f424ad493,RURAL AGENCY FOR COMMUNITY DEVELOPMENT AND ASSISTANCE,Implementing Partner,Tier 1,97.1,KE,Kenya,General health sector,239591600.0,4,Prioritise,Open account plan for implementing partner route and map procurement stakeholders.,commercial
acct_bad73dbd6ec5,org_e532498ae31c,PS MINISTRY OF HEALTH COMMUNITY DEVELOPMENT GENDER ELDERLY AND,Implementing Partner,Tier 1,97.1,TZ,Tanzania,General health sector,62809000.0,4,Prioritise,Open account plan for implementing partner route and map procurement stakeholders.,commercial
acct_a6861ceda430,org_3c1d218513d7,MINISTRY OF COMMUNITY DEV GENDER ELDERS AND CHILDREN,Implementing Partner,Tier 1,97.1,TZ,Tanzania,General health sector,62809000.0,4,Prioritise,Open account plan for implementing partner route and map procurement stakeholders.,commercial
acct_06772eeefcb0,org_8036c1c90e37,MINISTRY OF HEALTH UNICEF,Implementing Partner,Tier 1,97.0,KE,Kenya,General health sector,343365968.0,7,Prioritise,Open account plan for implementing partner route and map procurement stakeholders.,commercial
acct_906f62f8cede,org_a1b736f2cfed,DEPARTMENT OF HEALTH KISUMU COUNTY,Implementing Partner,Tier 1,97.0,KE,Kenya,General health sector,343365968.0,7,Prioritise,Open account plan for implementing partner route and map procurement stakeholders.,commercial
acct_39ddcb019eca,org_cbf4738c0896,KILIFI COUNTY DEPARTMENT OF HEALTH,Implementing Partner,Tier 1,97.0,KE,Kenya,General health sector,343365968.0,7,Prioritise,Open account plan for implementing partner route and map procurement stakeholders.,commercial
acct_b85dfa8fad6e,org_76081d50f8a2,STATE MINISTRY OF HEALTH WARRAP,Implementing Partner,Tier 1,97.0,SS,South Sudan,Cold Chain / Storage,1052406906.0,4,Prioritise,Open account plan for implementing partner route and map procurement stakeholders.,commercial
acct_a1c5cdbd61c7,org_9b68ba927707,University of Sunderland,Implementing Partner,Tier 1,97.0,KE,Kenya,IT / Health Information Systems,1009629.4,1,Prioritise,Open account plan for implementing partner route and map procurement stakeholders.,commercial
acct_7aa93aa0b9f7,org_b5c5ee536db0,CATHOLIC RELIEF SERVICES,Implementing Partner,Tier 1,96.9,TZ,Tanzania,General health sector,97269002.0,6,Prioritise,Open account plan for implementing partner route and map procurement stakeholders.,commercial
acct_72ace4dcbaa9,org_d35b010bd40e,WORLD VISION KENYA,Implementing Partner,Tier 1,96.9,KE,Kenya,General health sector,246184350.0,5,Prioritise,Open account plan for implementing partner route and map procurement stakeholders.,commercial
acct_db40467f8446,org_3ee863d0f30f,MINISTRY OF HEALTH SERVICE AND SANITATION TURKANA COUNTY,Implementing Partner,Tier 1,96.9,KE,Kenya,General health sector,245721956.0,5,Prioritise,Open account plan for implementing partner route and map procurement stakeholders.,commercial
acct_3da893740554,org_3b71a0127b72,MOH GARISSA COUNTY,Implementing Partner,Tier 1,96.9,KE,Kenya,General health sector,204225518.0,5,Prioritise,Open account plan for implementing partner route and map procurement stakeholders.,commercial
acct_d4fa232964bb,org_e9b3fd5712bb,HSSF COUNTY HEALTH OFF NAIROBI,Implementing Partner,Tier 1,96.9,KE,Kenya,General health sector,190296922.0,4,Prioritise,Open account plan for implementing partner route and map procurement stakeholders.,commercial
acct_9b067ed0a3dd,org_bfe940afd47e,COUNTY DEPARTMENT OF HEALTH ISIOLO,Implementing Partner,Tier 1,96.9,KE,Kenya,General health sector,190296922.0,4,Prioritise,Open account plan for implementing partner route and map procurement stakeholders.,commercial
acct_e1acc8acc1eb,org_ca40becc3c71,RELIEF AND DEVELOPMENT FOR VULNERABLE,Implementing Partner,Tier 1,96.9,ET,Ethiopia,General health sector,82241042.0,3,Prioritise,Open account plan for implementing partner route and map procurement stakeholders.,commercial
acct_8a9fcc839422,org_ec9e37b6b570,GPNRS LIVESTOCK AND FISHE RES DEV BUREAU,Implementing Partner,Tier 1,96.9,ET,Ethiopia,General health sector,78993718.0,3,Prioritise,Open account plan for implementing partner route and map procurement stakeholders.,commercial
acct_b1c2fe6813a8,org_6fae9ca5e10d,"JSI Research & Training Institute, Inc.",Implementing Partner,Tier 1,96.9,CG; ET; KE; MG; MZ; NG; TZ; UG; CD; PK,CG; Ethiopia; Kenya; MG; MZ; NG; Tanzania; Uganda; Democratic Republic of the Congo; PK,Facility Infrastructure,61052740.0,3,Prioritise,Open account plan for implementing partner route and map procurement stakeholders.,commercial
acct_843aedc5f304,org_d075c834797a,DEPT OF HEALTH SERVICES BARINGO,Implementing Partner,Tier 1,96.8,KE,Kenya,General health sector,196427278.0,5,Prioritise,Open account plan for implementing partner route and map procurement stakeholders.,commercial
acct_f7cc9e86c9c8,org_9cbfc84d2851,DEPT OF HEALTH AND SANITATION,Implementing Partner,Tier 1,96.8,KE,Kenya,General health sector,135569092.0,3,Prioritise,Open account plan for implementing partner route and map procurement stakeholders.,commercial
acct_057d89a40918,org_669815bf96db,COUNTY GOVERNMENT OF BUSIA DEPARTMENT OF HEALTH AND SANITATION,Implementing Partner,Tier 1,96.7,KE,Kenya,General health sector,210355874.0,6,Prioritise,Open account plan for implementing partner route and map procurement stakeholders.,commercial
acct_256a834b963f,org_08924a4d93db,TANZANIA FOOD AND NUTRITION CENTRE,Implementing Partner,Tier 1,96.7,TZ,Tanzania,General health sector,70269002.0,5,Prioritise,Open account plan for implementing partner route and map procurement stakeholders.,commercial
acct_ec7e0f93c276,org_8871c399ed49,MINISTRY OF HEALTH,Implementing Partner,Tier 1,96.7,UG,Uganda,General health sector,53063169.0,5,Prioritise,Open account plan for implementing partner route and map procurement stakeholders.,commercial
acct_1e23b185f995,org_6535ef19d19a,International Development Research Centre,Donor,Tier 1,96.6,TZ; MW; ET; UG; NG; KE; GH; CM; CD; SN; BI; CF; CI; GA; LR; MR; GW; SL; ZA; BW; MZ; RW; GN; BR; CO; PK; NP; ZW,Tanzania; MW; Ethiopia; Uganda; NG; Kenya; GH; CM; Democratic Republic of the Congo; SN; BI; CF; CI; GA; LR; MR; GW; SL; ZA; BW; MZ; Rwanda; GN; BR; CO; PK; NP; ZW,Facility Infrastructure; Diagnostic Equipment; IT / Health Information Systems,28970993.0,6,Prioritise,Open account plan for donor route and map procurement stakeholders.,commercial
acct_98273d89ffa3,org_1cee496295b4,REGIONAL ADMINISTRATIVE SECRETARY NJOMBE,Implementing Partner,Tier 1,96.5,TZ,Tanzania,General health sector,92883862.0,6,Prioritise,Open account plan for implementing partner route and map procurement stakeholders.,commercial
acct_e0f4f1e2c7f0,org_d37492649c8a,Ags Worldwide Movers Ltd,Implementing Partner,Tier 1,96.5,KE,Kenya,Facility Infrastructure,619451.0,1,Prioritise,Open account plan for implementing partner route and map procurement stakeholders.,commercial
acct_045115161709,org_d1d5a4e48702,Astral Aerial Solutions,Implementing Partner,Tier 1,96.5,KE,Kenya,Facility Infrastructure,619451.0,1,Prioritise,Open account plan for implementing partner route and map procurement stakeholders.,commercial
acct_94ade5e7cc09,org_b069c22835f7,Techforce Projects B.V.,Implementing Partner,Tier 1,96.5,KE,Kenya,Facility Infrastructure,619451.0,1,Prioritise,Open account plan for implementing partner route and map procurement stakeholders.,commercial
acct_15bd7b40cc11,org_b37e7ad99136,Stichting Iplussolutions,Implementing Partner,Tier 1,96.5,KE,Kenya,Facility Infrastructure,619451.0,1,Prioritise,Open account plan for implementing partner route and map procurement stakeholders.,commercial
acct_f4ddedd15f95,org_82d62eb72eae,Stichting Wings for Aid Foundation,Implementing Partner,Tier 1,96.5,KE,Kenya,Facility Infrastructure,619451.0,1,Prioritise,Open account plan for implementing partner route and map procurement stakeholders.,commercial
acct_c1cb21c2a13a,org_2916ec51f2b5,Selfly Aviation Technologies B.V.,Implementing Partner,Tier 1,96.5,KE,Kenya,Facility Infrastructure,619451.0,1,Prioritise,Open account plan for implementing partner route and map procurement stakeholders.,commercial
acct_5ecf927a6432,org_23363fc9f299,CHRISTIAN MISSION FOR DEVELOPMENT,Implementing Partner,Tier 1,96.4,SS,South Sudan,Cold Chain / Storage,1575306158.0,7,Prioritise,Open account plan for implementing partner route and map procurement stakeholders.,commercial
acct_4959e5241f18,org_06e002c3c4ef,UNIVERSAL NETWORK FOR KNOWLEDGE AND EMPOWERMENT AGENCY,Implementing Partner,Tier 1,96.4,SS,South Sudan,Cold Chain / Storage,1575306158.0,7,Prioritise,Open account plan for implementing partner route and map procurement stakeholders.,commercial
acct_1aa4d899d9b3,org_503433e40cba,COUNTY GOVERNMENT OF WAJIR,Implementing Partner,Tier 1,96.4,KE,Kenya,General health sector,120510102.0,4,Prioritise,Open account plan for implementing partner route and map procurement stakeholders.,commercial
acct_f9e40ad3fb57,org_6c2aca60c341,HELEN KELLER INTERNATIONAL,Implementing Partner,Tier 1,96.4,KE,Kenya,General health sector,153069046.0,3,Prioritise,Open account plan for implementing partner route and map procurement stakeholders.,commercial
acct_aa08c96838ac,org_1ac00102e41d,MINISTRY OF YOUTH CULTURE ARTS AND SPORT,Implementing Partner,Tier 1,96.4,TZ,Tanzania,General health sector,39713862.0,3,Prioritise,Open account plan for implementing partner route and map procurement stakeholders.,commercial
acct_d4b30e01efe7,org_a2a4dfb9aa55,MINISTRY OF HEALTH SAMBURU COUNTY,Implementing Partner,Tier 1,96.2,KE,Kenya,General health sector,126640458.0,5,Prioritise,Open account plan for implementing partner route and map procurement stakeholders.,commercial
acct_48caedf3625c,org_9ddf45dd199f,"Foreign, Commonwealth &amp; Development Office (FCDO), United Kingdom",Donor,Tier 1,96.2,CD; TZ; UG; SS; KE; ET,Democratic Republic of the Congo; Tanzania; Uganda; South Sudan; Kenya; Ethiopia,Diagnostic Equipment,31007565.04,5,Prioritise,Open account plan for donor route and map procurement stakeholders.,commercial
acct_5d8d49734152,org_7dd7c4dd913c,Addis Ababa University,Implementing Partner,Tier 1,96.2,ET,Ethiopia,Diagnostic Equipment,14694967.0,5,Prioritise,Open account plan for implementing partner route and map procurement stakeholders.,commercial
acct_af08646f4ef6,org_8219c1621281,MINISTRY OF HEALTH MANDERA COUNTY GOVERNMENT,Implementing Partner,Tier 1,96.2,KE,Kenya,General health sector,112711862.0,4,Prioritise,Open account plan for implementing partner route and map procurement stakeholders.,commercial
acct_515da9765b81,org_41baf85e6146,DEPARTMENT OF HEALTH TANA RIVER COUNTY,Implementing Partner,Tier 1,96.2,KE,Kenya,General health sector,99245660.0,3,Prioritise,Open account plan for implementing partner route and map procurement stakeholders.,commercial
acct_b4a3ab036355,org_4533ac268206,IP not published,Implementing Partner,Tier 1,96.1,SO; CD; SS; TZ,Somalia; Democratic Republic of the Congo; South Sudan; Tanzania,Cold Chain / Storage,390082902.0,4,Prioritise,Open account plan for implementing partner route and map procurement stakeholders.,commercial
acct_93be4116a472,org_6473b8715903,JOHANNITER UNFALL HILFE E V,Implementing Partner,Tier 1,96.1,SS,South Sudan,General health sector,85890958.0,3,Prioritise,Open account plan for implementing partner route and map procurement stakeholders.,commercial
acct_ac5e6b3a7065,org_4a966918600b,MINISTRY OF HEALTH AND SANITATION WEST POKOT KAPENGURIA,Implementing Partner,Tier 1,96.0,KE,Kenya,General health sector,211493086.0,6,Prioritise,Open account plan for implementing partner route and map procurement stakeholders.,commercial
acct_19ac0d364e25,org_90d8c18cb0ff,UK - Department of Health and Social Care (DHSC),Donor,Tier 1,95.9,KE; RW; GB; UG; ET; IN; SL; CM; GH; MW; NG; ZA; SD; TZ; NZ,Kenya; Rwanda; GB; Uganda; Ethiopia; IN; SL; CM; GH; MW; NG; ZA; SD; Tanzania; NZ,Facility Infrastructure; IT / Health Information Systems; Diagnostic Equipment; Vehicles & Transport,240738092.14,8,Prioritise,Open account plan for donor route and map procurement stakeholders.,commercial
acct_59b0cb8e61a3,org_3d2c9c3cf59d,NATIONAL CHILD DEVELOPMENT AGENCY TUBARERE MUMURYANGO PROGRAMME,Implementing Partner,Tier 1,95.9,RW,Rwanda,General health sector,41263102.0,3,Prioritise,Open account plan for implementing partner route and map procurement stakeholders.,commercial
acct_9ebe2cc74039,org_2ce329544d3b,KENYA NATIONAL BUREAU OF STATISTICS,Implementing Partner,Tier 1,95.8,KE,Kenya,General health sector,74324388.0,3,Prioritise,Open account plan for implementing partner route and map procurement stakeholders.,commercial
acct_7dca00ee3b2f,org_900d6ddd0d61,COUNCIL OF GOVERNORS,Implementing Partner,Tier 1,95.8,KE,Kenya,General health sector,74324388.0,3,Prioritise,Open account plan for implementing partner route and map procurement stakeholders.,commercial
acct_05801b7c5133,org_6b612d693576,OFFICE OF CHIEF GOVERNMENT STATISTICIAN,Implementing Partner,Tier 1,95.8,TZ,Tanzania,General health sector,53170000.0,3,Prioritise,Open account plan for implementing partner route and map procurement stakeholders.,commercial
acct_d97883702de6,org_a02de78381e3,Republic of South Sudan,Accountable Agency,Tier 1,95.7,SS,South Sudan,Facility Infrastructure,117000015.0,1,Prioritise,Open account plan for accountable agency route and map procurement stakeholders.,commercial
acct_e306f1ee07c6,org_b7fc802a0a04,Ministry of Health,Implementing Partner,Tier 1,95.7,SS,South Sudan,Facility Infrastructure,117000015.0,1,Prioritise,Open account plan for implementing partner route and map procurement stakeholders.,commercial
acct_7463f1fc3f54,org_1d31aa894b28,Gates Foundation,Donor,Tier 1,95.6,ZA; AO; CM; CD; ET; GH; CI; KE; MG; NG; ZW; SN; UG; ZM; CG; MZ; TZ; RW; GM; MW; ML; PE; PK; BD; IN; ID; VN; SO; NP; CN; PH; BJ; SL; BF; DO; GT; HT; HN; NI; PA; MM; KH; LA; PG; CF; NE; TD; SS; YE; TG; MR; NA; BI; GN; DJ; SD; LS; LR; TJ; AF; UA; MU; SZ; EG; MX; IR; IQ; SY; TN; BW; MN; LB,ZA; AO; CM; Democratic Republic of the Congo; Ethiopia; GH; CI; Kenya; MG; NG; ZW; SN; Uganda; ZM; CG; MZ; Tanzania; Rwanda; GM; MW; ML; PE; PK; BD; IN; ID; VN; Somalia; NP; CN; PH; BJ; SL; BF; DO; GT; HT; HN; NI; PA; MM; KH; LA; PG; CF; NE; TD; South Sudan; YE; TG; MR; NA; BI; GN; DJ; SD; LS; LR; TJ; AF; UA; MU; SZ; EG; MX; IR; IQ; SY; TN; BW; MN; LB,Diagnostic Equipment; Facility Infrastructure; IT / Health Information Systems; Medical Devices & Equipment,2209200921.85,159,Prioritise,Open account plan for donor route and map procurement stakeholders.,commercial
acct_4d0c926f978e,org_64bf09c25a24,REGIONAL ADMINISTRATIVE SECRETARY MBEYA,Implementing Partner,Tier 1,95.6,TZ,Tanzania,General health sector,92226592.0,6,Prioritise,Open account plan for implementing partner route and map procurement stakeholders.,commercial
acct_048eb46af2f3,org_b182fa5dd717,ACTIONS POUR LA REHABILITATION ET LA PROMOTION SOCIALE,Implementing Partner,Tier 1,95.5,CD,Democratic Republic of the Congo,General health sector,277958290.0,2,Prioritise,Open account plan for implementing partner route and map procurement stakeholders.,commercial
acct_9b5ec60ef593,org_7271cd6eeb5b,SOCIAL DEVELOPMENT CENTER,Implementing Partner,Tier 1,95.5,CD,Democratic Republic of the Congo,General health sector,273160000.0,2,Prioritise,Open account plan for implementing partner route and map procurement stakeholders.,commercial
acct_400c20a4ce93,org_614d7dab6031,BUREAU DIOCESAIN DE DEVELOPPEMENT LUEBO,Implementing Partner,Tier 1,95.5,CD,Democratic Republic of the Congo,General health sector,273160000.0,2,Prioritise,Open account plan for implementing partner route and map procurement stakeholders.,commercial
acct_55a68bfcf648,org_8003ca61db62,SERVICE DE COMMUNICATION ET MEDIAS DU TANGANYIKA,Implementing Partner,Tier 1,95.5,CD,Democratic Republic of the Congo,General health sector,273160000.0,2,Prioritise,Open account plan for implementing partner route and map procurement stakeholders.,commercial
acct_4a37675a36cf,org_2c7752936139,INTERNATIONAL MEDICAL CORPS UK,Implementing Partner,Tier 1,95.4,SS,South Sudan,Cold Chain / Storage,1467105426.0,6,Prioritise,Open account plan for implementing partner route and map procurement stakeholders.,commercial
acct_518522e9c546,org_7f229679554a,RELIEF INTERNATIONAL,Implementing Partner,Tier 1,95.4,SS,South Sudan,Cold Chain / Storage,1467105426.0,6,Prioritise,Open account plan for implementing partner route and map procurement stakeholders.,commercial
acct_c523f2bfd02e,org_6479038e1533,CARE INTERNATIONAL IN SS,Implementing Partner,Tier 1,95.4,SS,South Sudan,Cold Chain / Storage,1405881564.0,6,Prioritise,Open account plan for implementing partner route and map procurement stakeholders.,commercial
acct_61e0fdf4d46b,org_1b2f38e9ff7f,UNICEF-QATAR,Donor,Tier 1,95.4,TZ; KE,Tanzania; Kenya,General health sector,48026474.0,2,Prioritise,Open account plan for donor route and map procurement stakeholders.,commercial
acct_686d7c937ed3,org_9811652e82a4,Education Cannot Wait Fund,Donor,Tier 1,95.3,CD; ET,Democratic Republic of the Congo; Ethiopia,General health sector,149882412.0,2,Prioritise,Open account plan for donor route and map procurement stakeholders.,commercial
acct_06fc94807a45,org_a8d567e63dff,AGENCE D ACHAT DES PERFORMANCES,Implementing Partner,Tier 1,95.2,CD,Democratic Republic of the Congo,General health sector,910153024.0,6,Prioritise,Open account plan for implementing partner route and map procurement stakeholders.,commercial
acct_aab1a6c0786d,org_0b57822dc8f7,INTERCHURCH MEDICAL ASSISTANCE INC,Implementing Partner,Tier 1,95.2,TZ,Tanzania,General health sector,37760002.0,3,Prioritise,Open account plan for implementing partner route and map procurement stakeholders.,commercial
acct_c3010058c7e8,org_79f93fdf38e6,DIVISION URBAINE PROVINCIALE DU PLAN KINSHASA,Implementing Partner,Tier 1,95.1,CD,Democratic Republic of the Congo,General health sector,155510560.0,2,Prioritise,Open account plan for implementing partner route and map procurement stakeholders.,commercial
acct_00da15d4f384,org_b8a3fd29f053,King Salman Humanitarian Aid and Relief Centre,Donor,Tier 1,95.0,TZ; CD; ET; SO; SS,Tanzania; Democratic Republic of the Congo; Ethiopia; Somalia; South Sudan,Facility Infrastructure; Medical Devices & Equipment; Diagnostic Equipment; Cold Chain / Storage,840362986.0,10,Prioritise,Open account plan for donor route and map procurement stakeholders.,commercial
acct_a83e7e1a6479,org_2350a40f06cc,DIVISION PROVINCILAE EPSP KASAI CENTRAL EX DIVISION PROV EPSP KASAI OCC,Implementing Partner,Tier 1,95.0,CD,Democratic Republic of the Congo,General health sector,132350800.0,2,Prioritise,Open account plan for implementing partner route and map procurement stakeholders.,commercial
acct_fec2e374adde,org_0a1a718c720c,SAFE AND HEALTHY ENVIRONMENT,Donor,Tier 1,94.9,SO; KE,Somalia; Kenya,General health sector,224593372.0,2,Prioritise,Open account plan for donor route and map procurement stakeholders.,commercial
acct_9df31d3a8ed4,org_44cbb198beb9,DIVISION PROVINCIALE DU GENRE ET DE LA FAMILLE EQUATEUR,Implementing Partner,Tier 1,94.8,CD,Democratic Republic of the Congo,General health sector,109056000.0,2,Prioritise,Open account plan for implementing partner route and map procurement stakeholders.,commercial
acct_9dcf0ed409e8,org_12729e2ab71c,University of Birmingham,Implementing Partner,Tier 1,94.7,NG; KE; GB; US; RW; CD; KH; SO; ZA; VN; ZW; IN; GH; SY; TL; IQ; EG; YE; TH; MW; MY; PH; PK; JO; BD; ET; MM; SS; ID; NP; TN; TZ,NG; Kenya; GB; US; Rwanda; Democratic Republic of the Congo; KH; Somalia; ZA; VN; ZW; IN; GH; SY; TL; IQ; EG; YE; TH; MW; MY; PH; PK; JO; BD; Ethiopia; MM; South Sudan; ID; NP; TN; Tanzania,Facility Infrastructure; Vehicles & Transport,8902461.81,3,Prioritise,Open account plan for implementing partner route and map procurement stakeholders.,commercial
acct_a4346d131bbb,org_cdf702fefeaa,ACTIONS POUR LA PROTECTION ET L ENCADREMENT DE L ENFANT,Implementing Partner,Tier 1,94.6,CD,Democratic Republic of the Congo,General health sector,99375930.0,2,Prioritise,Open account plan for implementing partner route and map procurement stakeholders.,commercial
acct_97a28832b26e,org_2de0bd70bdce,United Nations Office for Project Services,Donor,Tier 1,94.5,CD; TZ; ET; RW; SS; KE; MW; ID; TJ; JO; SL; NG; ZW; LR; BR; NP; EG; CH; US,Democratic Republic of the Congo; Tanzania; Ethiopia; Rwanda; South Sudan; Kenya; MW; ID; TJ; JO; SL; NG; ZW; LR; BR; NP; EG; CH; US,Diagnostic Equipment; Facility Infrastructure; Medical Devices & Equipment; Vehicles & Transport,680139276.78,11,Prioritise,Open account plan for donor route and map procurement stakeholders.,commercial
acct_352ba470f57f,org_75e4500861ba,KOICA,Implementing Partner,Tier 1,94.5,CD; KE; UG; ET; TZ; RW,Democratic Republic of the Congo; Kenya; Uganda; Ethiopia; Tanzania; Rwanda,Diagnostic Equipment; Vehicles & Transport,15157578728.0,7,Prioritise,Open account plan for implementing partner route and map procurement stakeholders.,commercial
acct_81cd98870829,org_dac65b09c0c6,REGIONAL ADMINISTRATIVE SECRETARY IRINGA,Implementing Partner,Tier 1,94.5,TZ,Tanzania,General health sector,33793682.0,3,Prioritise,Open account plan for implementing partner route and map procurement stakeholders.,commercial
acct_40de97c64252,org_0ca5f946b33a,"The Global Fund to Fight AIDS, Tuberculosis and Malaria",Donor,Tier 1,94.4,SO; TZ; UG; RW; SS; ET; KE; CD,Somalia; Tanzania; Uganda; Rwanda; South Sudan; Ethiopia; Kenya; Democratic Republic of the Congo,Facility Infrastructure; Diagnostic Equipment; IT / Health Information Systems; Medical Devices & Equipment,3818851645.39,21,Prioritise,Open account plan for donor route and map procurement stakeholders.,commercial
acct_1720596f0121,org_288e87e81bf8,Global - Nutrition,Donor,Tier 1,94.2,SS; RW; TZ; CD; ET; KE; UG,South Sudan; Rwanda; Tanzania; Democratic Republic of the Congo; Ethiopia; Kenya; Uganda,Diagnostic Equipment,1307078820.0,29,Prioritise,Open account plan for donor route and map procurement stakeholders.,commercial
acct_c9e6bf94fce0,org_5ead90e55792,FOR AFRIKA TO THRIVE,Implementing Partner,Tier 1,94.2,SS,South Sudan,General health sector,1356869876.0,6,Prioritise,Open account plan for implementing partner route and map procurement stakeholders.,commercial
acct_700fe88540d6,org_507fdbf5ec8f,"Foreign Affairs, Trade and Development Canada (DFATD)",Reporting Organisation,Tier 1,93.9,BD; KE; KH; SO; TZ; CD; TD; BO; GH; HN; JO; LB; PS; ET; SS; RW; SN; PH; UG; CI; CO; HT; JM; MZ; NG; LA; VN; IN; PK; ZW; AO; BF; BJ; CF; CM; GN; MG; MW; SL; TG; NE; ID,BD; Kenya; KH; Somalia; Tanzania; Democratic Republic of the Congo; TD; BO; GH; HN; JO; LB; PS; Ethiopia; South Sudan; Rwanda; SN; PH; Uganda; CI; CO; HT; JM; MZ; NG; LA; VN; IN; PK; ZW; AO; BF; BJ; CF; CM; GN; MG; MW; SL; TG; NE; ID,Facility Infrastructure; Cold Chain / Storage; IT / Health Information Systems; Diagnostic Equipment,840185002.0,18,Prioritise,Open account plan for reporting organisation route and map procurement stakeholders.,commercial
acct_6792b8e09926,org_4523d419ff64,SOMALI REGIONAL STATE HEALTH BUREAU,Implementing Partner,Tier 1,93.9,ET,Ethiopia,General health sector,332293750.0,8,Prioritise,Open account plan for implementing partner route and map procurement stakeholders.,commercial
acct_142dc8aa73cb,org_4a91d46d56af,DPS ITURI DIVISION PROVINCIALE DE SANTE ITURI,Implementing Partner,Tier 1,93.9,CD,Democratic Republic of the Congo,General health sector,693977516.0,5,Prioritise,Open account plan for implementing partner route and map procurement stakeholders.,commercial
acct_40a4fe535dcf,org_3df27e00e3c8,NATIONAL BUREAU OF STATISTICS,Implementing Partner,Tier 1,93.8,SS,South Sudan,General health sector,941552810.0,2,Prioritise,Open account plan for implementing partner route and map procurement stakeholders.,commercial
acct_ffc1e4b26a17,org_f3e687e5ede0,STATE MINISTRY OF HEALTH AWEIL,Implementing Partner,Tier 1,93.7,SS,South Sudan,Cold Chain / Storage,937545542.0,5,Prioritise,Open account plan for implementing partner route and map procurement stakeholders.,commercial
acct_046a086a1300,org_9f85e7139ada,STATE MINISTRY OF HEALTH EES,Implementing Partner,Tier 1,93.7,SS,South Sudan,Cold Chain / Storage,913099156.0,5,Prioritise,Open account plan for implementing partner route and map procurement stakeholders.,commercial
acct_ea7f550f1747,org_86be1d25c350,"Ministry of Foreign Affairs, Japan",Donor,Tier 1,93.7,ET; TZ,Ethiopia; Tanzania,Diagnostic Equipment; Facility Infrastructure,14678399.18,2,Prioritise,Open account plan for donor route and map procurement stakeholders.,commercial
acct_a140ba95ed7f,org_3356eb8a871e,France,Donor,Tier 1,93.6,RW; CD; KE; TZ; CM; CI; MH; SB; KM; MG; VC; VU; FJ; KI; AG; FM; SC; WS; MU; MZ; TV; LC; TO,Rwanda; Democratic Republic of the Congo; Kenya; Tanzania; CM; CI; MH; SB; KM; MG; VC; VU; FJ; KI; AG; FM; SC; WS; MU; MZ; TV; LC; TO,Diagnostic Equipment; Facility Infrastructure,384760000.01,10,Prioritise,Open account plan for donor route and map procurement stakeholders.,commercial
acct_1f62762e76ee,org_a04f7438d2d4,Norwegian Committee for UNICEF,Donor,Tier 1,93.6,ET; SS; KE,Ethiopia; South Sudan; Kenya,General health sector,141750134.0,5,Prioritise,Open account plan for donor route and map procurement stakeholders.,commercial
acct_0035179113d1,org_afbd2f538c3d,Republic of Korea,Donor,Tier 1,93.5,CD; TZ; KE; ET; SS; RW; UG; SO,Democratic Republic of the Congo; Tanzania; Kenya; Ethiopia; South Sudan; Rwanda; Uganda; Somalia,Facility Infrastructure; Medical Devices & Equipment; Diagnostic Equipment; Vehicles & Transport,32202768799.0,56,Prioritise,Open account plan for donor route and map procurement stakeholders.,commercial
acct_14b5fb15aee6,org_174c4423de9e,AFD,Donor,Tier 1,93.5,RW; CD; KE; TZ; CM; CI; MH; SB; KM; MG; VC; VU; FJ; KI; AG; FM; SC; WS; MU; MZ; TV; LC; TO; ET,Rwanda; Democratic Republic of the Congo; Kenya; Tanzania; CM; CI; MH; SB; KM; MG; VC; VU; FJ; KI; AG; FM; SC; WS; MU; MZ; TV; LC; TO; Ethiopia,Diagnostic Equipment; Facility Infrastructure,486232846.2,11,Prioritise,Open account plan for donor route and map procurement stakeholders.,commercial
acct_419d239f26cb,org_4a9a757ebf61,Catalan Agency for Development,Donor,Tier 1,93.5,KE,Kenya,General health sector,77738492.0,2,Prioritise,Open account plan for donor route and map procurement stakeholders.,commercial
acct_995aa0b135ee,org_1c46b1866a93,Ireland,Donor,Tier 1,93.4,TZ; CD; UG; ET; KE; SS; SO,Tanzania; Democratic Republic of the Congo; Uganda; Ethiopia; Kenya; South Sudan; Somalia,Facility Infrastructure,1265640671.16,16,Prioritise,Open account plan for donor route and map procurement stakeholders.,commercial
acct_ae0eadec6775,org_2311ee0131b6,MINISTRY OF FINANCE AND PLANNING,Implementing Partner,Tier 1,93.4,SS,South Sudan,General health sector,714001416.0,2,Prioritise,Open account plan for implementing partner route and map procurement stakeholders.,commercial
acct_1a65849f7629,org_bbbbc8998ac5,Global Partnership for Education,Donor,Tier 1,93.3,RW; SS; ET,Rwanda; South Sudan; Ethiopia,General health sector,199982806.0,3,Prioritise,Open account plan for donor route and map procurement stakeholders.,commercial
acct_d63fa8aa4963,org_e66f5c1e7c29,MINISTERE DE LA SANTE PNLS,Implementing Partner,Tier 1,93.3,CD,Democratic Republic of the Congo,General health sector,356868850.0,2,Prioritise,Open account plan for implementing partner route and map procurement stakeholders.,commercial
acct_8aacccb99fc9,org_7827d97e7c4a,PROGRAMME NATIONAL DE SANTE DES ADOLESCENTS PNSA KINSHASA,Implementing Partner,Tier 1,93.3,CD,Democratic Republic of the Congo,General health sector,356868850.0,2,Prioritise,Open account plan for implementing partner route and map procurement stakeholders.,commercial
acct_43c184f948c6,org_efff7f688be5,RESEAU DES MEDIAS POUR LE DEVELOPPEMENT REMED,Implementing Partner,Tier 1,93.1,CD,Democratic Republic of the Congo,General health sector,591508954.0,4,Prioritise,Open account plan for implementing partner route and map procurement stakeholders.,commercial
acct_bfb2a5a251ff,org_8325fa1303ee,IP not published,Implementing Partner,Tier 1,93.1,SS,South Sudan,General health sector,453954834.0,2,Prioritise,Open account plan for implementing partner route and map procurement stakeholders.,commercial
acct_a2449a88170b,org_5be3af5ac51e,WORLD VISION,Implementing Partner,Tier 1,93.0,CD,Democratic Republic of the Congo,General health sector,305616000.0,2,Prioritise,Open account plan for implementing partner route and map procurement stakeholders.,commercial
acct_191c542b0e64,org_201c135b3f3f,DIV PLAN KASAI OCC,Implementing Partner,Tier 1,93.0,CD,Democratic Republic of the Congo,General health sector,305616000.0,2,Prioritise,Open account plan for implementing partner route and map procurement stakeholders.,commercial
acct_3b20f5134e17,org_1391dbf2c2f9,ECOLE DE SANTE PUBLIQUE DE KINSHASA,Implementing Partner,Tier 1,93.0,CD,Democratic Republic of the Congo,General health sector,305616000.0,2,Prioritise,Open account plan for implementing partner route and map procurement stakeholders.,commercial
acct_89230f095546,org_c08f6d4f0524,DIVISION PROVINCIALE DE LA SANTE DU KONGO CENTRAL,Implementing Partner,Tier 1,92.9,CD,Democratic Republic of the Congo,General health sector,300734220.0,2,Prioritise,Open account plan for implementing partner route and map procurement stakeholders.,commercial
acct_836c6b4fa395,org_7d08da61c063,DPS MAI NDOMBE DIVISION PROVINCIALE DE LA SANTE,Implementing Partner,Tier 1,92.9,CD,Democratic Republic of the Congo,General health sector,300734220.0,2,Prioritise,Open account plan for implementing partner route and map procurement stakeholders.,commercial
acct_7ae49eabf4f8,org_59a054fb2d03,VODACASH SA,Implementing Partner,Tier 1,92.9,CD,Democratic Republic of the Congo,General health sector,300734220.0,2,Prioritise,Open account plan for implementing partner route and map procurement stakeholders.,commercial
acct_849c47d46318,org_a5996b5c78d8,WESTERN UNION US,Implementing Partner,Tier 1,92.9,CD,Democratic Republic of the Congo,General health sector,300734220.0,2,Prioritise,Open account plan for implementing partner route and map procurement stakeholders.,commercial
acct_15d29edcb1c0,org_e3db375f745b,CATHOLIC ORGANIZATION FOR RELIEF AND DEVELOPMENT,Implementing Partner,Tier 1,92.8,SS,South Sudan,Cold Chain / Storage,1384515900.0,4,Prioritise,Open account plan for implementing partner route and map procurement stakeholders.,commercial
acct_c2423ff498d2,org_e9ebfb7d2aaf,Ministry of Health of the Republic of Rwanda,Implementing Partner,Tier 1,92.8,RW,Rwanda,Diagnostic Equipment,158531560.0,1,Prioritise,Open account plan for implementing partner route and map procurement stakeholders.,commercial
acct_1e2b99773536,org_5771bb997f1a,HIMILO RELIEF AND DEVELOPMENT ASSOCIATION,Implementing Partner,Tier 1,92.6,SO,Somalia,General health sector,243944120.0,2,Prioritise,Open account plan for implementing partner route and map procurement stakeholders.,commercial
acct_9aadb61bdd32,org_b9b787078e1b,DEP SANTE DIRECTION D ETUDES AND PLANNIFICATION,Implementing Partner,Tier 1,92.5,CD,Democratic Republic of the Congo,General health sector,178286490.0,2,Prioritise,Open account plan for implementing partner route and map procurement stakeholders.,commercial
acct_40e92fb12340,org_23ec5ae3748b,CHRISTIAN MISSION AID,Implementing Partner,Tier 1,92.4,SS,South Sudan,Cold Chain / Storage,1489363104.0,6,Prioritise,Open account plan for implementing partner route and map procurement stakeholders.,commercial
acct_a46b70053b2e,org_5f5c9d4ce347,HEALTH LINK SOUTH SUDAN,Implementing Partner,Tier 1,92.3,SS,South Sudan,Cold Chain / Storage,1355457576.0,6,Prioritise,Open account plan for implementing partner route and map procurement stakeholders.,commercial
acct_d6a3a9068229,org_631da657d706,Health Research Operations Kenya Limited,Implementing Partner,Tier 1,92.3,NG; KE; GB; US,NG; Kenya; GB; US,Diagnostic Equipment; Facility Infrastructure,7056903.81,1,Prioritise,Open account plan for implementing partner route and map procurement stakeholders.,commercial
acct_4cdd5e23a1a3,org_20a582d96c13,IP not published,Implementing Partner,Tier 1,92.2,SS,South Sudan,Cold Chain / Storage; Facility Infrastructure,1776897452.0,12,Prioritise,Open account plan for implementing partner route and map procurement stakeholders.,commercial
acct_ecac08fe2647,org_c073ab2e5c7c,STATE MINISTRY OF HEALTH,Implementing Partner,Tier 1,92.2,SS,South Sudan,Cold Chain / Storage,1013863254.0,4,Prioritise,Open account plan for implementing partner route and map procurement stakeholders.,commercial
acct_1e1a586dfc27,org_0ab0e3972311,STATE MINISTRY OF HEALTH CES,Implementing Partner,Tier 1,92.1,SS,South Sudan,General health sector,1131179098.0,4,Prioritise,Open account plan for implementing partner route and map procurement stakeholders.,commercial
acct_7aff9bd93675,org_dd6cea7f533b,TANZANIA INTERFAITH PARTNERSHIP TIP,Implementing Partner,Tier 1,92.1,TZ,Tanzania,General health sector,36220180.0,2,Prioritise,Open account plan for implementing partner route and map procurement stakeholders.,commercial
acct_8a75bba5e394,org_81b709ae7621,MERCY USA FOR AID AND DEVELOPMENT INC,Implementing Partner,Tier 1,92.0,SO,Somalia,General health sector,219022710.0,2,Prioritise,Open account plan for implementing partner route and map procurement stakeholders.,commercial
acct_3a80aecebd2a,org_0fae36a8c5f1,CARE INTERNATIONAL SOMALIA,Implementing Partner,Tier 1,92.0,SO,Somalia,General health sector,219022710.0,2,Prioritise,Open account plan for implementing partner route and map procurement stakeholders.,commercial
acct_90aac45dc9ec,org_b570eca506e7,World Vision Canada,Implementing Partner,Tier 1,92.0,BD; KE; KH; SO; TZ; SS,BD; Kenya; KH; Somalia; Tanzania; South Sudan,Facility Infrastructure,95375000.0,2,Prioritise,Open account plan for implementing partner route and map procurement stakeholders.,commercial
acct_9c9b7653a374,org_e94148454e35,United Nations Multi-Partner Trust Fund Office (MPTFO),Donor,Tier 1,91.9,TZ; RW; UG; ET; KE,Tanzania; Rwanda; Uganda; Ethiopia; Kenya,IT / Health Information Systems; Diagnostic Equipment; Facility Infrastructure,22291344.79,4,Prioritise,Open account plan for donor route and map procurement stakeholders.,commercial
acct_2be88f1e011f,org_cd9ccfa8ab70,USA CDC,Donor,Tier 1,91.8,TZ; CD; SS; UG; SO; ET; KE,Tanzania; Democratic Republic of the Congo; South Sudan; Uganda; Somalia; Ethiopia; Kenya,Facility Infrastructure,3193402778.0,37,Prioritise,Open account plan for donor route and map procurement stakeholders.,commercial
acct_062c43f868cc,org_971ec2d5fd7f,Enabel - the Belgian development agency,Implementing Partner,Tier 1,91.8,CD; UG,Democratic Republic of the Congo; Uganda,Facility Infrastructure,27409686.0,2,Prioritise,Open account plan for implementing partner route and map procurement stakeholders.,commercial
acct_121f93923ccc,org_69e960ed136a,Ethiopia,Donor,Tier 1,91.7,ET,Ethiopia,Facility Infrastructure,492736786.0,6,Prioritise,Open account plan for donor route and map procurement stakeholders.,commercial
acct_ccfdd9febb32,org_c313b2a6381a,Uganda,Donor,Tier 1,91.7,UG,Uganda,General health sector,58577795.0,3,Prioritise,Open account plan for donor route and map procurement stakeholders.,commercial
acct_119cdcdce547,org_c960608c72f2,ADDIS ABABA CITY ADMINISTRATION FINANCE ECONOMIC DEVELOPMENT BUREAU,Implementing Partner,Tier 1,91.7,ET,Ethiopia,General health sector,93814778.0,2,Prioritise,Open account plan for implementing partner route and map procurement stakeholders.,commercial
acct_fa381b057f08,org_b502bccc8a10,ACTION FOR INTEGRATED SUSTAINABLE DEVELOPMENT ASSOCIATION,Implementing Partner,Tier 1,91.7,ET,Ethiopia,General health sector,93814778.0,2,Prioritise,Open account plan for implementing partner route and map procurement stakeholders.,commercial
acct_4e70db82187f,org_0a5b88d26636,"DEPARTMENT FOR SCIENCE, INNOVATION AND TECHNOLOGY",Donor,Tier 1,91.7,UG; TZ; KE,Uganda; Tanzania; Kenya,Facility Infrastructure; Vehicles & Transport,2634796.97,1,Prioritise,Open account plan for donor route and map procurement stakeholders.,commercial
acct_15237987bd1a,org_7fa416fa36ca,Canadian UNICEF Committee,Donor,Tier 1,91.5,CD; RW; UG; ET; SS; KE; TZ,Democratic Republic of the Congo; Rwanda; Uganda; Ethiopia; South Sudan; Kenya; Tanzania,General health sector,1982799261.0,28,Prioritise,Open account plan for donor route and map procurement stakeholders.,commercial
acct_2cf64f5e62fa,org_b5503f5b5c88,RESEARCH CENTER FOR INCLUSIVE DEVELOPMENT IN AFRICA,Implementing Partner,Tier 1,91.5,ET,Ethiopia,General health sector,79213656.0,2,Prioritise,Open account plan for implementing partner route and map procurement stakeholders.,commercial
acct_edc312fe34c2,org_153155059737,SIDAMA REGIONAL STATE BUREAU OF AGRICULTURE,Implementing Partner,Tier 1,91.5,ET,Ethiopia,General health sector,79213656.0,2,Prioritise,Open account plan for implementing partner route and map procurement stakeholders.,commercial
acct_c74521a0431c,org_dc4a2db7aa66,AFAR REGIONAL AGRICULTURE BUREAU,Implementing Partner,Tier 1,91.5,ET,Ethiopia,General health sector,79213656.0,2,Prioritise,Open account plan for implementing partner route and map procurement stakeholders.,commercial
acct_a204ba97755d,org_fe02b1dca2c7,SOMALI BUREAU OF AGRICULTURE,Implementing Partner,Tier 1,91.5,ET,Ethiopia,General health sector,79213656.0,2,Prioritise,Open account plan for implementing partner route and map procurement stakeholders.,commercial
acct_d5ec058dcf3c,org_e12d10d93d38,Global - Education,Donor,Tier 1,91.3,SS; RW; CD; KE; UG,South Sudan; Rwanda; Democratic Republic of the Congo; Kenya; Uganda,General health sector,262980312.0,4,Prioritise,Open account plan for donor route and map procurement stakeholders.,commercial
acct_39eb530870be,org_b1efd6482303,COUNTY DIRECTOR OF HEALTH SIAYA,Implementing Partner,Tier 1,91.3,KE,Kenya,General health sector,138443246.0,2,Prioritise,Open account plan for implementing partner route and map procurement stakeholders.,commercial
acct_5c733e2e23bc,org_f8d3789089bd,INTERNATIONAL RESCUE COMMITTEE,Implementing Partner,Tier 1,91.2,KE,Kenya,General health sector,171397568.0,2,Prioritise,Open account plan for implementing partner route and map procurement stakeholders.,commercial
acct_ed21b3031a7f,org_9443b925f8cb,SAVE THE CHILDREN UK KENYA,Implementing Partner,Tier 1,91.2,KE,Kenya,General health sector,171397568.0,2,Prioritise,Open account plan for implementing partner route and map procurement stakeholders.,commercial
acct_d64c576924ef,org_95c048bc570d,TAI TANZANIA,Implementing Partner,Tier 1,91.2,TZ,Tanzania,General health sector,18620730.0,2,Prioritise,Open account plan for implementing partner route and map procurement stakeholders.,commercial
acct_70440e725928,org_439a6d45069a,TIGRAY YOUTH EMPOWERMENT SOLUTIONS,Implementing Partner,Tier 1,91.1,ET,Ethiopia,General health sector,66640208.0,2,Prioritise,Open account plan for implementing partner route and map procurement stakeholders.,commercial
acct_a22bd39dec6c,org_bb02bddcfca9,ETHIOPIAN PUBLIC HEALTH INSTITUTE,Implementing Partner,Tier 1,91.1,ET,Ethiopia,General health sector,63392884.0,2,Prioritise,Open account plan for implementing partner route and map procurement stakeholders.,commercial
acct_02368ae5faa2,org_f1e94917a992,ORDA ETHIOPIA,Implementing Partner,Tier 1,91.1,ET,Ethiopia,General health sector,63392884.0,2,Prioritise,Open account plan for implementing partner route and map procurement stakeholders.,commercial
acct_e5e833e3ebc6,org_617edc9345a1,MINISTRY OF HEALTH REPUBLIC OF SOUTH SUDAN,Implementing Partner,Tier 1,91.0,SS,South Sudan,General health sector,1405271546.0,7,Prioritise,Open account plan for implementing partner route and map procurement stakeholders.,commercial
acct_eb0998cf927a,org_be7349ce1669,LAMU COUNTY GOVERNMENT,Implementing Partner,Tier 1,91.0,KE,Kenya,General health sector,122102890.0,2,Prioritise,Open account plan for implementing partner route and map procurement stakeholders.,commercial
acct_4e39c4ce9a76,org_cb54e7f7a0a2,IP not published,Implementing Partner,Tier 1,91.0,KE,Kenya,General health sector,122102890.0,2,Prioritise,Open account plan for implementing partner route and map procurement stakeholders.,commercial
acct_c88d9b862343,org_96e4aed65ab2,ETHIOPIAN CATHOLIC CHURCH SOCIAL AND DEVELOPMENT COMMISSION,Implementing Partner,Tier 1,91.0,ET,Ethiopia,General health sector,71432446.0,2,Prioritise,Open account plan for implementing partner route and map procurement stakeholders.,commercial
acct_a0f05de25f47,org_12d8dd80015b,The Aids Support Organisation (TASO) Uganda Limited,Donor,Tier 1,91.0,UG,Uganda,Facility Infrastructure,10700321916.0,1,Prioritise,Open account plan for donor route and map procurement stakeholders.,commercial
acct_3c3f47850d4e,org_007e580960a8,IP not published,Implementing Partner,Tier 1,91.0,SS,South Sudan,Facility Infrastructure,59334056.0,1,Prioritise,Open account plan for implementing partner route and map procurement stakeholders.,commercial
acct_e5a449ddc710,org_6b6fd503e82d,World Bank,Implementing Partner,Tier 1,90.9,SS,South Sudan,General health sector,75000000.0,1,Prioritise,Open account plan for implementing partner route and map procurement stakeholders.,commercial
acct_d18ddd4d62e7,org_79fe3feea10c,DIV PROV A LA CONDIFFA KATANGA,Implementing Partner,Tier 1,90.9,CD,Democratic Republic of the Congo,General health sector,38300000.0,1,Prioritise,Open account plan for implementing partner route and map procurement stakeholders.,commercial
acct_7bb77e20cb45,org_f734f1e1515e,SECRETARIAT GENERAL A LA COMMUNICATION ET MEDIAS,Implementing Partner,Tier 1,90.9,CD,Democratic Republic of the Congo,General health sector,38300000.0,1,Prioritise,Open account plan for implementing partner route and map procurement stakeholders.,commercial
acct_317c0b0a59be,org_2e6c4f514623,DIVISION PROV COMMUNICATION ET MEDIAS MANIEMA,Implementing Partner,Tier 1,90.9,CD,Democratic Republic of the Congo,General health sector,38300000.0,1,Prioritise,Open account plan for implementing partner route and map procurement stakeholders.,commercial
acct_3b1aa3ffb3df,org_2b25b5acd8a8,DIVISION PROV AFFAIRES SOCIALES KATANGA,Implementing Partner,Tier 1,90.9,CD,Democratic Republic of the Congo,General health sector,38300000.0,1,Prioritise,Open account plan for implementing partner route and map procurement stakeholders.,commercial
acct_1a1e52622e38,org_5cddbd57a4b5,DIVISION PROVINCIALE DE LA COMMUNICATION ET DES MEDIAS DU KONGO CENTRAL,Implementing Partner,Tier 1,90.9,CD,Democratic Republic of the Congo,General health sector,38300000.0,1,Prioritise,Open account plan for implementing partner route and map procurement stakeholders.,commercial
acct_90b5c6e7d9c7,org_e20cc76e2288,DIVISION PROV DE LA JUSTICE KANANGA,Implementing Partner,Tier 1,90.9,CD,Democratic Republic of the Congo,General health sector,38300000.0,1,Prioritise,Open account plan for implementing partner route and map procurement stakeholders.,commercial
acct_e640ce94984f,org_0dd82611e7a5,DIVISION PROV DE LA JEUNESSE TSHOPO,Implementing Partner,Tier 1,90.9,CD,Democratic Republic of the Congo,General health sector,38300000.0,1,Prioritise,Open account plan for implementing partner route and map procurement stakeholders.,commercial
acct_e3d80dc55a3b,org_0037b24d3584,AGIS ASSISTANCE GLOBALE POUR L IDEALE SANTE,Implementing Partner,Tier 1,90.9,CD,Democratic Republic of the Congo,General health sector,38300000.0,1,Prioritise,Open account plan for implementing partner route and map procurement stakeholders.,commercial
acct_079f2045745d,org_d3dbd8974225,DIVISION PROV DE LA JEUNESSE ET DE SPORT MBANDAKA,Implementing Partner,Tier 1,90.9,CD,Democratic Republic of the Congo,General health sector,38300000.0,1,Prioritise,Open account plan for implementing partner route and map procurement stakeholders.,commercial
acct_f9a1adf42361,org_7864d7d488fc,INSTITUT NATIONAL DE LA STATISTIQUE KANANGA,Implementing Partner,Tier 1,90.9,CD,Democratic Republic of the Congo,General health sector,38300000.0,1,Prioritise,Open account plan for implementing partner route and map procurement stakeholders.,commercial
acct_4c6fb9055d8b,org_5bad45aeea7f,PROVINCE EDUCATIONNELLE DE L EPSP KINSHASA MONT AMBA,Implementing Partner,Tier 1,90.9,CD,Democratic Republic of the Congo,General health sector,38300000.0,1,Prioritise,Open account plan for implementing partner route and map procurement stakeholders.,commercial
acct_c60e54fb2881,org_df577bcc5f68,PROGRAMME D APPROVISIONNEMENT EN EAU POUR LES VILLAGES,Implementing Partner,Tier 1,90.9,CD,Democratic Republic of the Congo,General health sector,38300000.0,1,Prioritise,Open account plan for implementing partner route and map procurement stakeholders.,commercial
acct_c82215d59ad8,org_0b0563aa7e1c,DIVISION PROVINCIALE DE LA COMMUNICATION ET MEDIAS HAUT KATANGA,Implementing Partner,Tier 1,90.9,CD,Democratic Republic of the Congo,General health sector,38300000.0,1,Prioritise,Open account plan for implementing partner route and map procurement stakeholders.,commercial
acct_4d6075cc91ee,org_466841b06d2f,COMMISSION DIOCESAIN CARITAS KALEMIE KIRUNGU,Implementing Partner,Tier 1,90.9,CD,Democratic Republic of the Congo,General health sector,38300000.0,1,Prioritise,Open account plan for implementing partner route and map procurement stakeholders.,commercial
acct_4ef6b5c1cb7d,org_085ba952c8b3,DIVINTER DIVISION PROVINCIALE DE L INTERIEURE KALEMIE,Implementing Partner,Tier 1,90.9,CD,Democratic Republic of the Congo,General health sector,38300000.0,1,Prioritise,Open account plan for implementing partner route and map procurement stakeholders.,commercial
acct_74a39d71a001,org_75dfb22aaf05,VIJANA YA PANDA TUJENGENI ONGD VIPATU,Implementing Partner,Tier 1,90.9,CD,Democratic Republic of the Congo,General health sector,38300000.0,1,Prioritise,Open account plan for implementing partner route and map procurement stakeholders.,commercial
acct_2453ddf74927,org_e8f02f64a723,EPSP NORD KIVU II DIVISION PROVINCIALE DE LEPSP NKII,Implementing Partner,Tier 1,90.9,CD,Democratic Republic of the Congo,General health sector,38300000.0,1,Prioritise,Open account plan for implementing partner route and map procurement stakeholders.,commercial
acct_04ce6a4599a9,org_7263f4248747,DIV PROV EPS INC BAS UELE,Implementing Partner,Tier 1,90.9,CD,Democratic Republic of the Congo,General health sector,38300000.0,1,Prioritise,Open account plan for implementing partner route and map procurement stakeholders.,commercial
acct_4bfdfaf1aba9,org_74d89633f2d8,ASSOCIATION DES FEMMES POUR LE DEVELOPPEMENT COMMUNAUTAIRE,Implementing Partner,Tier 1,90.9,CD,Democratic Republic of the Congo,General health sector,38300000.0,1,Prioritise,Open account plan for implementing partner route and map procurement stakeholders.,commercial
acct_d69547894103,org_57a6b7598023,DIRECTION GENERALE DE LUTTE CONTRE LA MALADIE,Implementing Partner,Tier 1,90.9,CD,Democratic Republic of the Congo,General health sector,38300000.0,1,Prioritise,Open account plan for implementing partner route and map procurement stakeholders.,commercial
acct_dbb9e11d7fbe,org_7fa8eb4f4b52,DIVISION PROVINCIALE DE GENRE ENFANT ET FAMILLE NORD UBANGI,Implementing Partner,Tier 1,90.9,CD,Democratic Republic of the Congo,General health sector,38300000.0,1,Prioritise,Open account plan for implementing partner route and map procurement stakeholders.,commercial
acct_7a9c6a7d520f,org_f579e9ba7cd9,DIVISION PROV DES PRESSES ET MEDIA TSHIKAPA,Implementing Partner,Tier 1,90.9,CD,Democratic Republic of the Congo,General health sector,38300000.0,1,Prioritise,Open account plan for implementing partner route and map procurement stakeholders.,commercial
acct_623ab2a0bd22,org_14e93c6479dc,DIVISION PROV JEUNESSE ITURI,Implementing Partner,Tier 1,90.9,CD,Democratic Republic of the Congo,General health sector,38300000.0,1,Prioritise,Open account plan for implementing partner route and map procurement stakeholders.,commercial
acct_3248398e53c6,org_35e6162e1585,DIVISION PROVINCIALE DE LA JEUNESSE DU TANGANYIKA,Implementing Partner,Tier 1,90.9,CD,Democratic Republic of the Congo,General health sector,38300000.0,1,Prioritise,Open account plan for implementing partner route and map procurement stakeholders.,commercial
acct_48622aa65830,org_0bd1c3bdc831,DIVISION PROVINCIALE DE LA JEUNESSE HAUT KATANGA,Implementing Partner,Tier 1,90.9,CD,Democratic Republic of the Congo,General health sector,38300000.0,1,Prioritise,Open account plan for implementing partner route and map procurement stakeholders.,commercial
acct_7fd600012117,org_35dc964eedaf,DYNAMIC FOR EMERGENCY AND DEVELOPMENT INTERVENTIONS,Implementing Partner,Tier 1,90.9,CD,Democratic Republic of the Congo,General health sector,38300000.0,1,Prioritise,Open account plan for implementing partner route and map procurement stakeholders.,commercial
acct_33809405ccd5,org_16b338107b19,London School of Hygiene & Tropical Medicine,Implementing Partner,Tier 1,90.9,MW; UG; GB; KE; NG,MW; Uganda; GB; Kenya; NG,Diagnostic Equipment; IT / Health Information Systems,9839836.01,1,Prioritise,Open account plan for implementing partner route and map procurement stakeholders.,commercial
acct_3fd04ad3c64c,org_fe561e4e997f,CONCERN WORLDWIDE,Implementing Partner,Tier 1,90.8,KE,Kenya,General health sector,146938690.0,2,Prioritise,Open account plan for implementing partner route and map procurement stakeholders.,commercial
acct_e3f61fe2cc86,org_6b2d06855dc7,ACTION AGAINST HUNGER,Implementing Partner,Tier 1,90.8,KE,Kenya,General health sector,146938690.0,2,Prioritise,Open account plan for implementing partner route and map procurement stakeholders.,commercial
acct_1a58766bc764,org_990239f73387,COUNTY GOVERNMENT OF MOMBASA DEPARTMENT OF HEALTH,Implementing Partner,Tier 1,90.8,KE,Kenya,General health sector,93115304.0,2,Prioritise,Open account plan for implementing partner route and map procurement stakeholders.,commercial
acct_4d0a64bc022e,org_4bc9be0bb457,ACROSS,Implementing Partner,Tier 1,90.8,SS,South Sudan,General health sector,82589526.0,2,Prioritise,Open account plan for implementing partner route and map procurement stakeholders.,commercial
acct_a17435231c83,org_aff7958abfce,ALIGHT SOUTH SUDAN PROGRAM,Implementing Partner,Tier 1,90.8,SS,South Sudan,General health sector,82589526.0,2,Prioritise,Open account plan for implementing partner route and map procurement stakeholders.,commercial
acct_2c5f9813c9a4,org_aa8e032d0a0b,MEDAIR,Implementing Partner,Tier 1,90.8,SS,South Sudan,General health sector,82589526.0,2,Prioritise,Open account plan for implementing partner route and map procurement stakeholders.,commercial
acct_d50121e06782,org_d11943d6eec2,PLAN INTERNATIONAL INC SOUTH SUDAN,Implementing Partner,Tier 1,90.8,SS,South Sudan,General health sector,82589526.0,2,Prioritise,Open account plan for implementing partner route and map procurement stakeholders.,commercial
acct_555833b35c17,org_2d15cc131106,ACTION FOR RECOVERY AND TRANSFORMATION ART,Implementing Partner,Tier 1,90.8,SS,South Sudan,General health sector,82589526.0,2,Prioritise,Open account plan for implementing partner route and map procurement stakeholders.,commercial
acct_57e8ae9659c3,org_1244495c6121,ACTION FOR DEVELOPMENT,Implementing Partner,Tier 1,90.8,SS,South Sudan,General health sector,82589526.0,2,Prioritise,Open account plan for implementing partner route and map procurement stakeholders.,commercial
acct_b08e3f6832db,org_519ce9ab7648,AFRO CANADIAN EVANGELICAL MISSION,Implementing Partner,Tier 1,90.8,SS,South Sudan,General health sector,82589526.0,2,Prioritise,Open account plan for implementing partner route and map procurement stakeholders.,commercial
acct_bcd6b964eba3,org_b1158a637eb7,MOTHER AND CHILDREN DEVELOPMENT AID,Implementing Partner,Tier 1,90.8,SS,South Sudan,General health sector,82589526.0,2,Prioritise,Open account plan for implementing partner route and map procurement stakeholders.,commercial
acct_254fea60c252,org_99b2eadd4a1f,HELP HILFE ZUR SELBSTHIFE HELP E V,Implementing Partner,Tier 1,90.8,SS,South Sudan,General health sector,82589526.0,2,Prioritise,Open account plan for implementing partner route and map procurement stakeholders.,commercial
acct_61e9477fc605,org_02adb73e8b71,CONCERN WORLDWIDE SOUTH SUDAN,Implementing Partner,Tier 1,90.8,SS,South Sudan,General health sector,82589526.0,2,Prioritise,Open account plan for implementing partner route and map procurement stakeholders.,commercial
acct_80b32e51f00f,org_92fcf9e02221,ANDRE FOODS SOUTH SUDAN,Implementing Partner,Tier 1,90.8,SS,South Sudan,General health sector,82589526.0,2,Prioritise,Open account plan for implementing partner route and map procurement stakeholders.,commercial
acct_82b15e7c9ba3,org_55412894c536,BANADIR PRIMARY HEALTH CARE CONSORTIUM,Implementing Partner,Tier 1,90.8,SO,Somalia,General health sector,59801410.0,2,Prioritise,Open account plan for implementing partner route and map procurement stakeholders.,commercial
acct_4921c9aca785,org_fd74b04cc1a8,University of California San Francisco,Implementing Partner,Tier 1,90.7,UG; CD; GH; MZ; NG,Uganda; Democratic Republic of the Congo; GH; MZ; NG,General health sector,7489059.0,2,Prioritise,Open account plan for implementing partner route and map procurement stakeholders.,commercial
acct_1ede24e838ce,org_906aee231f3a,World Health Organization,Donor,Tier 1,90.6,CD; TZ; ET; SO; SS; UG; KE; RW; BE; EG; IE; NP; CH; GB; US; BD; GH; ID; MR; LK; TH,Democratic Republic of the Congo; Tanzania; Ethiopia; Somalia; South Sudan; Uganda; Kenya; Rwanda; BE; EG; IE; NP; CH; GB; US; BD; GH; ID; MR; LK; TH,Diagnostic Equipment; IT / Health Information Systems; Facility Infrastructure; Medical Devices & Equipment,1138710352.94,44,Prioritise,Open account plan for donor route and map procurement stakeholders.,commercial
acct_0dfa2c582991,org_d51b37d038d2,MOTHERS AND CHILDREN MULTISECTORAL DEVELOPMENT ORGANIZATION,Implementing Partner,Tier 1,90.6,ET,Ethiopia,General health sector,212069542.0,4,Prioritise,Open account plan for implementing partner route and map procurement stakeholders.,commercial
acct_d047883c7fc6,org_7c8d8f8b3dd9,RELIEF SOCIETY OF TIGRAY,Implementing Partner,Tier 1,90.6,ET,Ethiopia,General health sector,212069542.0,4,Prioritise,Open account plan for implementing partner route and map procurement stakeholders.,commercial
acct_ac073860b565,org_c07cab3b0d1c,VIHIGA COUNTY HEALTH DEPARTMENT,Implementing Partner,Tier 1,90.6,KE,Kenya,General health sector,97181618.0,2,Prioritise,Open account plan for implementing partner route and map procurement stakeholders.,commercial
acct_76c71911e02a,org_dce9555b3075,Stichting PharmAccess International,Implementing Partner,Tier 1,90.5,KE; GH; TZ; NG; NL,Kenya; GH; Tanzania; NG; NL,IT / Health Information Systems,89631948.0,1,Prioritise,Open account plan for implementing partner route and map procurement stakeholders.,commercial
acct_ddc379dc761d,org_f5b57cfc621b,African Development Bank,Reporting Organisation,Tier 1,90.4,KE; ET; CD; SS; UG,Kenya; Ethiopia; Democratic Republic of the Congo; South Sudan; Uganda,Facility Infrastructure; Diagnostic Equipment,38988603.23,3,Prioritise,Open account plan for reporting organisation route and map procurement stakeholders.,commercial
acct_32122db83066,org_d9f0ab0e52d1,Medic Mobile Inc.,Implementing Partner,Tier 1,90.4,KE; UG,Kenya; Uganda,Diagnostic Equipment,1199561.0,1,Prioritise,Open account plan for implementing partner route and map procurement stakeholders.,commercial
acct_b0baf48fd63b,org_e7dae248162e,Republic of South Sudan,Donor,Tier 1,90.3,SS,South Sudan,Facility Infrastructure,1520803132.0,9,Prioritise,Open account plan for donor route and map procurement stakeholders.,commercial
acct_53f1a986ea51,org_db33d2f26bf3,COUNTY GOVERNMENT OF KWALE,Implementing Partner,Tier 1,90.2,KE,Kenya,General health sector,89845772.0,2,Prioritise,Open account plan for implementing partner route and map procurement stakeholders.,commercial
acct_1bed79d7c52e,org_f4b72939a90a,COUNTY GOVERNMENT OF MERU DEPT OF HEALTH,Implementing Partner,Tier 1,90.2,KE,Kenya,General health sector,89845772.0,2,Prioritise,Open account plan for implementing partner route and map procurement stakeholders.,commercial
acct_6fce9bf1f3a1,org_e5cde66eb885,COUNTY GOVERNMENT OF GARISSA,Implementing Partner,Tier 1,90.2,KE,Kenya,General health sector,68656426.0,2,Prioritise,Open account plan for implementing partner route and map procurement stakeholders.,commercial
acct_81ba760f3e32,org_4144b0d8cd36,MINISTRY OF LABOUR SOCIAL SECURITY AND SERVICES,Implementing Partner,Tier 1,90.2,KE,Kenya,General health sector,68194032.0,2,Prioritise,Open account plan for implementing partner route and map procurement stakeholders.,commercial
acct_9fb582473afc,org_f783f8fe201a,Malawi-Liverpool Wellcome Programme,Implementing Partner,Tier 1,90.2,MW; UG; KE,MW; Uganda; Kenya,Diagnostic Equipment; IT / Health Information Systems,4962378.43,1,Prioritise,Open account plan for implementing partner route and map procurement stakeholders.,commercial
acct_a7f3559a215b,org_5530bb91a620,RWANDA INTERFAITH COUNCIL ON HEALTH RICH,Implementing Partner,Tier 1,90.1,RW,Rwanda,General health sector,34994984.0,2,Prioritise,Open account plan for implementing partner route and map procurement stakeholders.,commercial
acct_cbd0e1198c93,org_be11fa55b1f1,PS SECOND VICE PRESIDENT S OFFICE ZANZIBAR DISASTER MANAGEMENT OFFICE,Implementing Partner,Tier 1,90.1,TZ,Tanzania,General health sector,13132682.0,2,Prioritise,Open account plan for implementing partner route and map procurement stakeholders.,commercial
acct_7201a08e4abc,org_c9e18e9dea8b,INTER RELIGIOUS COUNCIL OF KENYA,Implementing Partner,Tier 1,90.0,KE,Kenya,General health sector,52316070.0,2,Prioritise,Open account plan for implementing partner route and map procurement stakeholders.,commercial
acct_1bfe083f3940,org_613250d782f8,CBCC AFRICA,Implementing Partner,Tier 1,90.0,KE,Kenya,General health sector,52316070.0,2,Prioritise,Open account plan for implementing partner route and map procurement stakeholders.,commercial
acct_d0573f54b364,org_a039acc94ad3,COUNTY GOVERNMENT OF BUSIA DEPARTMENT OF EDUCATION,Implementing Partner,Tier 1,90.0,KE,Kenya,General health sector,52316070.0,2,Prioritise,Open account plan for implementing partner route and map procurement stakeholders.,commercial
acct_83beefe359ec,org_6b1950d022f6,GOVERNMENT OF MAKUENI COUNTY,Implementing Partner,Tier 1,90.0,KE,Kenya,General health sector,52316070.0,2,Prioritise,Open account plan for implementing partner route and map procurement stakeholders.,commercial
acct_4aef03aa4375,org_d6555f391824,MINISTRY OF HEALTH HOMA BAY COUNTY,Implementing Partner,Tier 1,89.9,KE,Kenya,General health sector,51853676.0,2,Prioritise,Open account plan for implementing partner route and map procurement stakeholders.,commercial
acct_9faa09a06d27,org_5f21dcfc96b2,KENYA GIRL GUIDES ASSOCIATION,Implementing Partner,Tier 1,89.9,KE,Kenya,General health sector,51853676.0,2,Prioritise,Open account plan for implementing partner route and map procurement stakeholders.,commercial
acct_224a0cb0ea0d,org_7e37e830bfac,CHUNYA DISTRICT COUNCIL,Implementing Partner,Tier 1,89.9,TZ,Tanzania,General health sector,46641180.0,2,Prioritise,Open account plan for implementing partner route and map procurement stakeholders.,commercial
acct_7bbde9bdeee3,org_9b5ac82d3147,YOUNG WOMEN S CHRISTIAN ASSOCIATION OF RWANDA YWCA RWANDA,Implementing Partner,Tier 1,89.9,RW,Rwanda,General health sector,32574292.0,2,Prioritise,Open account plan for implementing partner route and map procurement stakeholders.,commercial
acct_17c6173b4291,org_a9328f65c1f8,Mental Helse Ungdom,Implementing Partner,Tier 1,89.9,UG; ET,Uganda; Ethiopia,Facility Infrastructure,17483699.0,2,Prioritise,Open account plan for implementing partner route and map procurement stakeholders.,commercial
acct_45f9ccc4af46,org_f59736548d4e,The Chartered Institute of Procurement and Supply,Implementing Partner,Tier 1,89.9,ET; KE; NG,Ethiopia; Kenya; NG,General health sector,10994759.0,1,Prioritise,Open account plan for implementing partner route and map procurement stakeholders.,commercial
acct_5f19791a0373,org_1c680f5552cf,University,Implementing Partner,Tier 1,89.9,NG; KE; GB; US; UG; CM; ZA; MW,NG; Kenya; GB; US; Uganda; CM; ZA; MW,Facility Infrastructure,7049739.31,1,Prioritise,Open account plan for implementing partner route and map procurement stakeholders.,commercial
acct_138bc3afa993,org_927ede3ef886,Nutrition International,Donor,Tier 1,89.8,CD; SS; ET; SO; RW; TZ; KE; UG,Democratic Republic of the Congo; South Sudan; Ethiopia; Somalia; Rwanda; Tanzania; Kenya; Uganda,Facility Infrastructure; Diagnostic Equipment,1355506703.0,14,Prioritise,Open account plan for donor route and map procurement stakeholders.,commercial
acct_9b93e0ea5ea0,org_125c19559dba,MINISTRY OF LABOR SOCIAL SECURITY AND SERVICES DEPT OF CHILDREN SERVICES,Implementing Partner,Tier 1,89.8,KE,Kenya,General health sector,60858186.0,2,Prioritise,Open account plan for implementing partner route and map procurement stakeholders.,commercial
acct_83e39f51c4a6,org_69ff24d03f8e,TURKANA COUNTY ASSEMBLY,Implementing Partner,Tier 1,89.8,KE,Kenya,General health sector,60858186.0,2,Prioritise,Open account plan for implementing partner route and map procurement stakeholders.,commercial
acct_a26f53718f62,org_79539e1054b2,MUKONO DISTRICT LOCAL GOVERNMENT,Implementing Partner,Tier 1,89.8,UG,Uganda,General health sector,29406971.0,2,Prioritise,Open account plan for implementing partner route and map procurement stakeholders.,commercial
acct_46175feb9401,org_ea65245c652e,King Salman Humanitarian Aid and Relief Centre,Donor,Tier 1,89.8,SO,Somalia,Diagnostic Equipment; Facility Infrastructure,1682066.0,1,Prioritise,Open account plan for donor route and map procurement stakeholders.,commercial
acct_c43849b3a600,org_2c3ca1001b10,United Nations Development Programme,Implementing Partner,Tier 1,89.6,SS; CD,South Sudan; Democratic Republic of the Congo,Facility Infrastructure,223200046.92,1,Prioritise,Open account plan for implementing partner route and map procurement stakeholders.,commercial
acct_9dbe04816122,org_56e3f254b598,UYISENGA NI IMANZI,Implementing Partner,Tier 1,89.5,RW,Rwanda,General health sector,24642266.0,2,Prioritise,Open account plan for implementing partner route and map procurement stakeholders.,commercial
acct_83630b421884,org_93da36c7dc57,Malta,Donor,Tier 1,89.5,ET,Ethiopia,General health sector,101966286.0,1,Prioritise,Open account plan for donor route and map procurement stakeholders.,commercial
acct_e41880caf00c,org_78ee58702cd1,DEPARTMENT OF CHILDRENS SERVICES KISUMU,Implementing Partner,Tier 1,89.2,KE,Kenya,General health sector,27394798.0,2,Prioritise,Open account plan for implementing partner route and map procurement stakeholders.,commercial
acct_5d68baa690cb,org_e06f026fac5b,STATE MINISTRY OF HEALTH AND ENVIRONMENT JONGLEI STATE BOR,Implementing Partner,Tier 1,89.1,SS,South Sudan,Cold Chain / Storage,335380904.0,3,Prioritise,Open account plan for implementing partner route and map procurement stakeholders.,commercial
acct_9315ca5a0cc8,org_685ae1e924f6,MINISTRY OF LIVESTOCK AND FISHERIES LIVESTOCK,Implementing Partner,Tier 1,89.1,TZ,Tanzania,General health sector,27520002.0,2,Prioritise,Open account plan for implementing partner route and map procurement stakeholders.,commercial
acct_ab815e2f90e3,org_7d2261f6e8ea,MINISTRY OF SOCIAL DEVELOPMENT NBEG,Implementing Partner,Tier 1,89.0,SS,South Sudan,General health sector,29624774.0,2,Prioritise,Open account plan for implementing partner route and map procurement stakeholders.,commercial
acct_d3b3e4768592,org_6082c7dd75dd,Other non-financial corporations,Implementing Partner,Tier 1,88.9,ET; ZA; NG; UG; IN; ID; VN; SO; KE; RW; SN; TZ; CM; TD; CI; LR; MW; MR; MZ; SL; BF; ZM; HT; AF; CD; GH,Ethiopia; ZA; NG; Uganda; IN; ID; VN; Somalia; Kenya; Rwanda; SN; Tanzania; CM; TD; CI; LR; MW; MR; MZ; SL; BF; ZM; HT; AF; Democratic Republic of the Congo; GH,IT / Health Information Systems; Facility Infrastructure; Diagnostic Equipment,40352967.0,12,Prioritise,Open account plan for implementing partner route and map procurement stakeholders.,commercial
acct_48735b2c0072,org_787479b35a2f,Global - Health,Donor,Tier 1,88.8,SS; CD; SO; KE; RW; TZ; ET,South Sudan; Democratic Republic of the Congo; Somalia; Kenya; Rwanda; Tanzania; Ethiopia,Facility Infrastructure,2081932398.0,11,Prioritise,Open account plan for donor route and map procurement stakeholders.,commercial
acct_65b9ccd8c131,org_991f94d012b1,"Ministry of Foreign Affairs, Ireland",Donor,Tier 1,88.8,TZ; UG; SS; ET; CD; KE,Tanzania; Uganda; South Sudan; Ethiopia; Democratic Republic of the Congo; Kenya,Diagnostic Equipment; Facility Infrastructure,22504375.33,3,Prioritise,Open account plan for donor route and map procurement stakeholders.,commercial
acct_04aeec04de72,org_68c252a791db,KENYA PRIVATE SECTOR ALLIANCE FOUNDATION,Implementing Partner,Tier 1,88.8,KE,Kenya,General health sector,20058952.0,2,Prioritise,Open account plan for implementing partner route and map procurement stakeholders.,commercial
acct_e9555ebb253b,org_d5c342fd024a,Field Intelligence Inc,Implementing Partner,Tier 1,88.8,KE; NG,Kenya; NG,General health sector,11000000.0,1,Prioritise,Open account plan for implementing partner route and map procurement stakeholders.,commercial
acct_333d0c050518,org_f53482424a6d,KAKAMEGA COUNTY HEALTH SERVICES,Implementing Partner,Tier 1,88.7,KE,Kenya,General health sector,19596558.0,2,Prioritise,Open account plan for implementing partner route and map procurement stakeholders.,commercial
acct_1d629e4b1d9e,org_6e7b480ab466,MEDICAL RESEARCH COUNCIL,Accountable Agency,Tier 1,88.7,UG; TZ; KE,Uganda; Tanzania; Kenya,Facility Infrastructure; Vehicles & Transport,2634796.97,1,Prioritise,Open account plan for accountable agency route and map procurement stakeholders.,commercial
acct_95dfc5952562,org_1c4b2c9de809,Anonymous,Donor,Tier 1,88.7,UG,Uganda,Diagnostic Equipment; Facility Infrastructure,658097.0,1,Prioritise,Open account plan for donor route and map procurement stakeholders.,commercial
acct_58065a77cc54,org_b2154f47a67d,ZANZIBAR ASSOCIATION OF PEOPLE LIVING WITH HIV AND AIDS ZAPHA,Implementing Partner,Tier 1,88.5,TZ,Tanzania,General health sector,17700002.0,2,Prioritise,Open account plan for implementing partner route and map procurement stakeholders.,commercial
acct_57c426d7a012,org_dc0be75b712e,TANZANIA SOCIAL ACTION FUND,Implementing Partner,Tier 1,88.5,TZ,Tanzania,General health sector,17700002.0,2,Prioritise,Open account plan for implementing partner route and map procurement stakeholders.,commercial
acct_4828136be89e,org_8fe38b66c779,RWANDA BROADCASTING AGENCY,Implementing Partner,Tier 1,88.5,RW,Rwanda,General health sector,8698670.0,1,Prioritise,Open account plan for implementing partner route and map procurement stakeholders.,commercial
acct_c19206dfc314,org_ccdca91b00c5,UMURI FOUNDATION,Implementing Partner,Tier 1,88.5,RW,Rwanda,General health sector,8698670.0,1,Prioritise,Open account plan for implementing partner route and map procurement stakeholders.,commercial
acct_cbe1f2af4344,org_832f968aa0ad,NATIONAL PARALYMPIC COMMITTEE OF RWANDA,Implementing Partner,Tier 1,88.5,RW,Rwanda,General health sector,8698670.0,1,Prioritise,Open account plan for implementing partner route and map procurement stakeholders.,commercial
acct_05827b47b426,org_1b051810b0da,WE GOT YOUR BACK,Implementing Partner,Tier 1,88.5,RW,Rwanda,General health sector,8698670.0,1,Prioritise,Open account plan for implementing partner route and map procurement stakeholders.,commercial
acct_b02c46180332,org_efc0728435c5,HEZA INITIATIVE,Implementing Partner,Tier 1,88.5,RW,Rwanda,General health sector,8698670.0,1,Prioritise,Open account plan for implementing partner route and map procurement stakeholders.,commercial
acct_1a0bc33e3239,org_89ca46326a33,ASPIRE DEBATE RWANDA,Implementing Partner,Tier 1,88.5,RW,Rwanda,General health sector,8698670.0,1,Prioritise,Open account plan for implementing partner route and map procurement stakeholders.,commercial
acct_1c84e5bb0eb0,org_eefa04893263,RWANDA MENS RESOURCE CENTRE,Implementing Partner,Tier 1,88.5,RW,Rwanda,General health sector,8698670.0,1,Prioritise,Open account plan for implementing partner route and map procurement stakeholders.,commercial
acct_7d71fb61cda8,org_306473ca488d,RWANDA NGOS FORUM ON HIV AIDS AND HEALTH PROMOTION,Implementing Partner,Tier 1,88.5,RW,Rwanda,General health sector,8698670.0,1,Prioritise,Open account plan for implementing partner route and map procurement stakeholders.,commercial
acct_fb5cde867ae3,org_31fbf2ee12b2,United Kingdom Committee for UNICEF,Donor,Tier 1,88.4,TZ; SS; ET; KE; UG; SO; CD,Tanzania; South Sudan; Ethiopia; Kenya; Uganda; Somalia; Democratic Republic of the Congo,Facility Infrastructure,2023657910.0,21,Prioritise,Open account plan for donor route and map procurement stakeholders.,commercial
acct_1917ed430821,org_97d05054574a,TANZANIA COMMISSION FOR AIDS,Implementing Partner,Tier 1,88.3,TZ,Tanzania,General health sector,26363682.0,2,Prioritise,Open account plan for implementing partner route and map procurement stakeholders.,commercial
acct_c4f7d76f2a20,org_e497fef690e2,"Deutsche Gesellschaft f?r Internationale Zusammenarbeit (GIZ), Germany",Donor,Tier 1,88.2,CD,Democratic Republic of the Congo,Diagnostic Equipment,11661050.42,1,Prioritise,Open account plan for donor route and map procurement stakeholders.,commercial
acct_9ecf9a87e71b,org_0f5fc19bf9a2,UGANDA RED CROSS SOCIETY,Implementing Partner,Tier 1,88.2,UG,Uganda,General health sector,7342096.0,1,Prioritise,Open account plan for implementing partner route and map procurement stakeholders.,commercial
acct_b2692917c05c,org_61c4c6a8a83b,IP not published,Implementing Partner,Tier 1,88.2,UG,Uganda,General health sector,7342096.0,1,Prioritise,Open account plan for implementing partner route and map procurement stakeholders.,commercial
acct_ad5d701e0649,org_1b79baf6a22a,IP not published,Implementing Partner,Tier 1,88.2,UG,Uganda,General health sector,7342096.0,1,Prioritise,Open account plan for implementing partner route and map procurement stakeholders.,commercial
acct_f9af43492794,org_35c116a57126,United States Fund for UNICEF,Donor,Tier 1,88.0,TZ; CD; UG; SO; ET; SS; KE; RW,Tanzania; Democratic Republic of the Congo; Uganda; Somalia; Ethiopia; South Sudan; Kenya; Rwanda,Facility Infrastructure,4550526860.0,53,Prioritise,Open account plan for donor route and map procurement stakeholders.,commercial
acct_fff4c7c44d75,org_cba09f51aaf6,Boston College,Implementing Partner,Tier 1,88.0,ET,Ethiopia,Medical Devices & Equipment,150000.0,1,Prioritise,Open account plan for implementing partner route and map procurement stakeholders.,commercial
acct_233472ae7d18,org_54d1779d0177,Population Services International,Implementing Partner,Tier 1,87.9,ET; TZ,Ethiopia; Tanzania,General health sector,10500000.0,2,Prioritise,Open account plan for implementing partner route and map procurement stakeholders.,commercial
acct_799cbacc0290,org_dc588ca24abd,The AIDS Support Organisation (Uganda) Limited,Implementing Partner,Tier 1,87.9,UG,Uganda,Facility Infrastructure,77460204.81,1,Prioritise,Open account plan for implementing partner route and map procurement stakeholders.,commercial
acct_190bc3a0c1ed,org_e646007bf514,Country - Survive & Thrive,Donor,Tier 1,87.9,ET,Ethiopia,General health sector,35477782.0,1,Prioritise,Open account plan for donor route and map procurement stakeholders.,commercial
acct_05c6430c6a62,org_98bf1bf742d9,Invest International B.V.,Donor,Tier 1,87.8,TZ; KE; ET; UG; RW,Tanzania; Kenya; Ethiopia; Uganda; Rwanda,Diagnostic Equipment; Facility Infrastructure; IT / Health Information Systems; Medical Devices & Equipment,36283129.91,2,Prioritise,Open account plan for donor route and map procurement stakeholders.,commercial
acct_4ca6d016c875,org_e4d8c00b794d,MRC/UVRI & LSHTM Uganda Research Unit,Implementing Partner,Tier 1,87.8,GB; UG; CM; ZA; MW,GB; Uganda; CM; ZA; MW,Diagnostic Equipment,4992012.5,1,Prioritise,Open account plan for implementing partner route and map procurement stakeholders.,commercial
acct_07e02de43b04,org_feecec2d5c83,University of Glasgow,Implementing Partner,Tier 1,87.8,GB; UG; CM; ZA; MW,GB; Uganda; CM; ZA; MW,Diagnostic Equipment,4992012.5,1,Prioritise,Open account plan for implementing partner route and map procurement stakeholders.,commercial
acct_20f5573f1262,org_18e5a373318a,THE STATE UNIVERSITY OF ZANZIBAR,Implementing Partner,Tier 1,87.7,TZ,Tanzania,General health sector,9639000.0,1,Prioritise,Open account plan for implementing partner route and map procurement stakeholders.,commercial
acct_76d28d3b563e,org_1449b59bb705,IP not published,Implementing Partner,Tier 1,87.7,TZ,Tanzania,General health sector,9639000.0,1,Prioritise,Open account plan for implementing partner route and map procurement stakeholders.,commercial
acct_640c4e9232ab,org_2e9a9e4225b6,BBC MEDIA ACTION,Implementing Partner,Tier 1,87.7,TZ,Tanzania,General health sector,9639000.0,1,Prioritise,Open account plan for implementing partner route and map procurement stakeholders.,commercial
acct_47c328fd1e70,org_4186764c4bd7,JESUIT REFUGEE SERVICE,Implementing Partner,Tier 1,87.7,TZ,Tanzania,General health sector,9639000.0,1,Prioritise,Open account plan for implementing partner route and map procurement stakeholders.,commercial
acct_75ded752063b,org_5eefd39d7b3e,HELPAGE INTERNATIONAL TANZANIA,Implementing Partner,Tier 1,87.7,TZ,Tanzania,General health sector,9639000.0,1,Prioritise,Open account plan for implementing partner route and map procurement stakeholders.,commercial
acct_e65d02c1fa2f,org_f8d6ee6e88c1,DANISH REFUGEE COUNCIL DANSK FLYGTNINGEHJAELP,Implementing Partner,Tier 1,87.7,TZ,Tanzania,General health sector,9639000.0,1,Prioritise,Open account plan for implementing partner route and map procurement stakeholders.,commercial
acct_52ee9b562c9f,org_0fb13adb53ec,TANZANIA ASSOCIATION OF THE DEAF,Implementing Partner,Tier 1,87.7,TZ,Tanzania,General health sector,9639000.0,1,Prioritise,Open account plan for implementing partner route and map procurement stakeholders.,commercial
acct_c51b29690aa0,org_3be7c2d5e929,T MARC TANZANIA,Implementing Partner,Tier 1,87.7,TZ,Tanzania,General health sector,9639000.0,1,Prioritise,Open account plan for implementing partner route and map procurement stakeholders.,commercial
acct_7a88b7b34c76,org_5a516b73c5ae,TANZANIA DEVELOPMENT INFORMATION ORGANIZATION TADIO COMMUNITY MEDIA,Implementing Partner,Tier 1,87.7,TZ,Tanzania,General health sector,9639000.0,1,Prioritise,Open account plan for implementing partner route and map procurement stakeholders.,commercial
acct_bfa7cda03c6d,org_81bd7ce33fef,YOUNG AFRICANS SPORTS CLUB,Implementing Partner,Tier 1,87.7,TZ,Tanzania,General health sector,9639000.0,1,Prioritise,Open account plan for implementing partner route and map procurement stakeholders.,commercial
acct_087eb38b648a,org_418789765b4c,OFISI YA MUFTI MKUU ZANZIBAR,Implementing Partner,Tier 1,87.7,TZ,Tanzania,General health sector,9639000.0,1,Prioritise,Open account plan for implementing partner route and map procurement stakeholders.,commercial
acct_83ac5160dbc5,org_0e718a06ef0e,ONA FOUNDATION,Implementing Partner,Tier 1,87.7,TZ,Tanzania,General health sector,9639000.0,1,Prioritise,Open account plan for implementing partner route and map procurement stakeholders.,commercial
acct_7ed31517d661,org_d5bd9b6eaffa,Norway,Donor,Tier 1,87.6,UG; TZ; ET; CD; SS; KE; SO; RW,Uganda; Tanzania; Ethiopia; Democratic Republic of the Congo; South Sudan; Kenya; Somalia; Rwanda,Facility Infrastructure,2013382135.68,22,Prioritise,Open account plan for donor route and map procurement stakeholders.,commercial
acct_2b2cbee140a3,org_a7554b86c208,Jacaranda Health Solutions Limited,Implementing Partner,Tier 1,87.6,GH; TZ; KE,GH; Tanzania; Kenya,Facility Infrastructure,1504400.0,1,Prioritise,Open account plan for implementing partner route and map procurement stakeholders.,commercial
acct_4597c2030bc4,org_814be629a479,Kenya,Donor,Tier 1,87.4,KE,Kenya,General health sector,495010382.0,6,Prioritise,Open account plan for donor route and map procurement stakeholders.,commercial
acct_98dd49b15b0c,org_67e57e50dec1,German Committee for UNICEF,Donor,Tier 1,87.2,SS; CD; ET; SO; KE; TZ,South Sudan; Democratic Republic of the Congo; Ethiopia; Somalia; Kenya; Tanzania,Facility Infrastructure,3766436808.0,32,Prioritise,Open account plan for donor route and map procurement stakeholders.,commercial
acct_657e7c40b6ab,org_56945669d970,ALIMA ALLIANCE POUR ACTION MEDICALE INTERNATIONALE,Implementing Partner,Tier 1,87.1,CD,Democratic Republic of the Congo,General health sector,239658290.0,1,Prioritise,Open account plan for implementing partner route and map procurement stakeholders.,commercial
acct_50d822c13046,org_c161fa3379a6,MINISTERE DE LA SANTE PUBLIQUE,Implementing Partner,Tier 1,87.1,CD,Democratic Republic of the Congo,General health sector,239658290.0,1,Prioritise,Open account plan for implementing partner route and map procurement stakeholders.,commercial
acct_f2293b85faf1,org_491023d41559,DIRECTION SURVEILLANCE EPIDEMIOLOGIQUE,Implementing Partner,Tier 1,87.1,CD,Democratic Republic of the Congo,General health sector,239658290.0,1,Prioritise,Open account plan for implementing partner route and map procurement stakeholders.,commercial
acct_3733d03bdb5b,org_fc8b0b547e1d,IP not published,Implementing Partner,Tier 1,87.1,CD,Democratic Republic of the Congo,General health sector,239658290.0,1,Prioritise,Open account plan for implementing partner route and map procurement stakeholders.,commercial
acct_943aea35c8eb,org_f0e8053c08f2,Innovation Norway,Donor,Tier 1,87.1,KE,Kenya,General health sector,38387474.0,1,Prioritise,Open account plan for donor route and map procurement stakeholders.,commercial
acct_efaff16c902b,org_a5a985e1805e,Committee for UNICEF Switzerland,Donor,Tier 1,87.0,SS; RW; ET; UG; CD,South Sudan; Rwanda; Ethiopia; Uganda; Democratic Republic of the Congo,Facility Infrastructure,1466823860.0,16,Prioritise,Open account plan for donor route and map procurement stakeholders.,commercial
acct_94deb07aed32,org_ccfed3e7b2f0,DIVISION PROV PLAN KATANGA,Implementing Partner,Tier 1,87.0,CD,Democratic Republic of the Congo,General health sector,234860000.0,1,Prioritise,Open account plan for implementing partner route and map procurement stakeholders.,commercial
acct_df2a3289b60a,org_40633a71730a,INTERNATIONAL RESCUE COMMITTEE,Implementing Partner,Tier 1,87.0,CD,Democratic Republic of the Congo,General health sector,234860000.0,1,Prioritise,Open account plan for implementing partner route and map procurement stakeholders.,commercial
acct_940570e26dac,org_31cec221ed85,PNAM PROGRAMME NATIONAL D APPROV MEDICAMENTS ESSENTIELS,Implementing Partner,Tier 1,87.0,CD,Democratic Republic of the Congo,General health sector,234860000.0,1,Prioritise,Open account plan for implementing partner route and map procurement stakeholders.,commercial
acct_61b12e635700,org_365b0bf4e956,APPUI AUX FEMMES DEMUNIES ET ENFANTS MARGINALISES,Implementing Partner,Tier 1,87.0,CD,Democratic Republic of the Congo,General health sector,234860000.0,1,Prioritise,Open account plan for implementing partner route and map procurement stakeholders.,commercial
acct_32b08d4a684f,org_1463841757cb,INTERNATIONAL EMERGENCY AND DEVELOPMENT AID RELIEF,Implementing Partner,Tier 1,87.0,CD,Democratic Republic of the Congo,General health sector,234860000.0,1,Prioritise,Open account plan for implementing partner route and map procurement stakeholders.,commercial
acct_418337a0b6b9,org_bdd514410d7f,EGLISE DU CHRIST AU CONGO MINISTERE POUR LES REFUGIES ET LES,Implementing Partner,Tier 1,87.0,CD,Democratic Republic of the Congo,General health sector,234860000.0,1,Prioritise,Open account plan for implementing partner route and map procurement stakeholders.,commercial
acct_56305f060d48,org_a08a6348135e,MAGNA ENFANTS EN PERIL,Implementing Partner,Tier 1,87.0,CD,Democratic Republic of the Congo,General health sector,234860000.0,1,Prioritise,Open account plan for implementing partner route and map procurement stakeholders.,commercial
acct_3d3473fa621c,org_2b7f9f832f25,CONGO NOUVEAU ET PROSPERE CONOPRO,Implementing Partner,Tier 1,87.0,CD,Democratic Republic of the Congo,General health sector,234860000.0,1,Prioritise,Open account plan for implementing partner route and map procurement stakeholders.,commercial
acct_699528fbbe8a,org_925d53d9ede4,INTERSOS,Implementing Partner,Tier 1,87.0,CD,Democratic Republic of the Congo,General health sector,234860000.0,1,Prioritise,Open account plan for implementing partner route and map procurement stakeholders.,commercial
acct_83668c78aa80,org_0141dc192f0e,FOOD AND NUTRITION FOR LIFE OF VULNERABLES,Implementing Partner,Tier 1,87.0,CD,Democratic Republic of the Congo,General health sector,234860000.0,1,Prioritise,Open account plan for implementing partner route and map procurement stakeholders.,commercial
acct_2b1c5f69fd96,org_0b8b4226b030,ASSISTANCE AUX ENFANTS ABANDONNES ET ORPHELINS CENTRES NUTRITIONNELS,Implementing Partner,Tier 1,87.0,CD,Democratic Republic of the Congo,General health sector,234860000.0,1,Prioritise,Open account plan for implementing partner route and map procurement stakeholders.,commercial
acct_e178d50f90eb,org_ad2451689c29,PROSANA MINAGRI,Implementing Partner,Tier 1,87.0,CD,Democratic Republic of the Congo,General health sector,234860000.0,1,Prioritise,Open account plan for implementing partner route and map procurement stakeholders.,commercial
acct_a3f7d01deefd,org_6014c500cd74,ENTREAIDE MULTISECTORIELLE POUR LA SURVIE ET LE DEVELOPPEMENT EN RDC,Implementing Partner,Tier 1,87.0,CD,Democratic Republic of the Congo,General health sector,234860000.0,1,Prioritise,Open account plan for implementing partner route and map procurement stakeholders.,commercial
acct_3d774e9a769b,org_53c0fdf72733,DIVISION PROVINCIALE DU DEVELOPPEMENT RURAL TANGANYIKA,Implementing Partner,Tier 1,87.0,CD,Democratic Republic of the Congo,General health sector,234860000.0,1,Prioritise,Open account plan for implementing partner route and map procurement stakeholders.,commercial
acct_eb4713885a15,org_37f83f232c3b,PUNTLAND AIDS COMMISSION,Implementing Partner,Tier 1,87.0,SO,Somalia,General health sector,201582710.0,1,Prioritise,Open account plan for implementing partner route and map procurement stakeholders.,commercial
acct_6449c3414a0d,org_7fbcc6147714,PHYSICIANS ACROSS CONTINENT,Implementing Partner,Tier 1,87.0,SO,Somalia,General health sector,201582710.0,1,Prioritise,Open account plan for implementing partner route and map procurement stakeholders.,commercial
acct_1206f36f626a,org_919c28e6a34a,SOUTH CENTRAL SOMALIA AIDS COMMISION,Implementing Partner,Tier 1,87.0,SO,Somalia,General health sector,201582710.0,1,Prioritise,Open account plan for implementing partner route and map procurement stakeholders.,commercial
acct_9ef78d42561f,org_afc19e70be13,Consolidated Funds from NatComs,Donor,Tier 1,86.8,TZ; CD; RW; UG; SS; ET; SO; KE,Tanzania; Democratic Republic of the Congo; Rwanda; Uganda; South Sudan; Ethiopia; Somalia; Kenya,Facility Infrastructure,3742935256.0,32,Prioritise,Open account plan for donor route and map procurement stakeholders.,commercial
acct_ccefbd9b0e7b,org_895ed122f474,International Organisation for Migration (IOM),Implementing Partner,Tier 1,86.8,SO,Somalia,Diagnostic Equipment; Facility Infrastructure,1682066.0,1,Prioritise,Open account plan for implementing partner route and map procurement stakeholders.,commercial
acct_f2714b004d72,org_dd58afd9961a,Maisha Meds,Implementing Partner,Tier 1,86.8,KE; NG; TZ; UG,Kenya; NG; Tanzania; Uganda,General health sector,1499449.0,1,Prioritise,Open account plan for implementing partner route and map procurement stakeholders.,commercial
acct_ffd8fd40e63d,org_132fb32a9d6a,Keele University,Implementing Partner,Tier 1,86.7,KE; GB; BR; LK; ET,Kenya; GB; BR; LK; Ethiopia,IT / Health Information Systems,6596077.74,2,Prioritise,Open account plan for implementing partner route and map procurement stakeholders.,commercial
acct_2ba69e85a9e3,org_53bacd42706d,"Ministry of Foreign Affairs, Greece",Donor,Tier 1,86.7,CD,Democratic Republic of the Congo,Diagnostic Equipment,8995359.96,1,Prioritise,Open account plan for donor route and map procurement stakeholders.,commercial
acct_6b85c4370271,org_7f8a26348bf8,PROG NATIONAL MULTI SECTORIEL DE LUTTE CONTRE LE SIDA,Implementing Partner,Tier 1,86.6,CD,Democratic Republic of the Congo,General health sector,117210560.0,1,Prioritise,Open account plan for implementing partner route and map procurement stakeholders.,commercial
acct_fbc97d6fa220,org_9b143c0e41d7,CLINIQUES UNIVERSITAIRES DE KINSHASA,Implementing Partner,Tier 1,86.6,CD,Democratic Republic of the Congo,General health sector,117210560.0,1,Prioritise,Open account plan for implementing partner route and map procurement stakeholders.,commercial
acct_a19622c6be68,org_9ad692b80f5b,ETHIOPIAN PHARMACEUTICALS SUPPLY SERVICE,Implementing Partner,Tier 1,86.5,ET,Ethiopia,General health sector,101966286.0,1,Prioritise,Open account plan for implementing partner route and map procurement stakeholders.,commercial
acct_98e2120ee90b,org_2573034b8f32,DIVISION DES AFFAIRES SOCIALES DE LITURI,Implementing Partner,Tier 1,86.4,CD,Democratic Republic of the Congo,General health sector,94050800.0,1,Prioritise,Open account plan for implementing partner route and map procurement stakeholders.,commercial
acct_b137f136ab9e,org_cfd5afcd25a3,DIVISION PROVINCIALE DE L EPSP TANGANYIKA,Implementing Partner,Tier 1,86.4,CD,Democratic Republic of the Congo,General health sector,94050800.0,1,Prioritise,Open account plan for implementing partner route and map procurement stakeholders.,commercial
acct_85b62ca2ff33,org_26791098116d,JESUIT REFUGEE SERVICE,Implementing Partner,Tier 1,86.4,CD,Democratic Republic of the Congo,General health sector,94050800.0,1,Prioritise,Open account plan for implementing partner route and map procurement stakeholders.,commercial
acct_fc91a24a18de,org_20a2133bea13,EPSP KAT 1 L SHI DIVISION PROVINCIALE EPSP LUSHI,Implementing Partner,Tier 1,86.4,CD,Democratic Republic of the Congo,General health sector,94050800.0,1,Prioritise,Open account plan for implementing partner route and map procurement stakeholders.,commercial
acct_6e2d4780caca,org_87397ca1358e,INSPECTION PRINCIPALE PROVINCIALE TANGANYIKA,Implementing Partner,Tier 1,86.4,CD,Democratic Republic of the Congo,General health sector,94050800.0,1,Prioritise,Open account plan for implementing partner route and map procurement stakeholders.,commercial
acct_05c2a4b2eadc,org_19fafecd1edb,SERVICE GENRE FAMILLE ET ENFANT KALEMIE,Implementing Partner,Tier 1,86.4,CD,Democratic Republic of the Congo,General health sector,94050800.0,1,Prioritise,Open account plan for implementing partner route and map procurement stakeholders.,commercial
acct_9268da50cc94,org_538c96aa2656,DIRECTION PROVINCIALE EPST KASAI 1,Implementing Partner,Tier 1,86.4,CD,Democratic Republic of the Congo,General health sector,94050800.0,1,Prioritise,Open account plan for implementing partner route and map procurement stakeholders.,commercial
acct_ffd084418d4c,org_bc9d1936ccdd,PROVINCE EDUCATIONNELLE ITURI3,Implementing Partner,Tier 1,86.4,CD,Democratic Republic of the Congo,General health sector,94050800.0,1,Prioritise,Open account plan for implementing partner route and map procurement stakeholders.,commercial
acct_02edce55a6f8,org_e9717dded3b2,PROVINCE EDUC EPST KINSHASA PLATEAU,Implementing Partner,Tier 1,86.4,CD,Democratic Republic of the Congo,General health sector,94050800.0,1,Prioritise,Open account plan for implementing partner route and map procurement stakeholders.,commercial
acct_88b395407c92,org_f0c993a0e6bb,HELP A CHILD,Implementing Partner,Tier 1,86.4,CD,Democratic Republic of the Congo,General health sector,94050800.0,1,Prioritise,Open account plan for implementing partner route and map procurement stakeholders.,commercial
acct_93d6d069f254,org_c047a8e3e04c,STREET CHILD,Implementing Partner,Tier 1,86.4,CD,Democratic Republic of the Congo,General health sector,94050800.0,1,Prioritise,Open account plan for implementing partner route and map procurement stakeholders.,commercial
acct_64221f1eab13,org_023c7258dc2e,University of Gondar,Implementing Partner,Tier 1,86.3,ET,Ethiopia,General health sector,6499755.0,2,Prioritise,Open account plan for implementing partner route and map procurement stakeholders.,commercial
acct_cd26a9aa235d,org_71a798919964,United States Fund for UNICEF,Implementing Partner,Tier 1,86.1,CD; ET; KE; NG; SN; TZ; ZM; SO; BD; ID; CI; SL; RW,Democratic Republic of the Congo; Ethiopia; Kenya; NG; SN; Tanzania; ZM; Somalia; BD; ID; CI; SL; Rwanda,Cold Chain / Storage,46688791.0,4,Prioritise,Open account plan for implementing partner route and map procurement stakeholders.,commercial
acct_3faccb5e0872,org_1b88c7c4b1a2,YAMBIO COUNTY HEALTH DEPARTMENT,Implementing Partner,Tier 1,86.1,SS,South Sudan,General health sector,118202708.0,1,Prioritise,Open account plan for implementing partner route and map procurement stakeholders.,commercial
acct_8b982f334655,org_cb1581520283,ABYEI COMMUNITY ACTION FOR DEVELOPMENT,Implementing Partner,Tier 1,86.1,SS,South Sudan,General health sector,108200732.0,1,Prioritise,Open account plan for implementing partner route and map procurement stakeholders.,commercial
acct_76b0529d2bed,org_5f06f03021dc,CARITAS SOUTH SUDAN,Implementing Partner,Tier 1,86.1,SS,South Sudan,General health sector,108200732.0,1,Prioritise,Open account plan for implementing partner route and map procurement stakeholders.,commercial
acct_f5612ccc7ab5,org_0705c2288152,INTERSOS,Implementing Partner,Tier 1,86.1,SS,South Sudan,General health sector,108200732.0,1,Prioritise,Open account plan for implementing partner route and map procurement stakeholders.,commercial
acct_1089d179a94f,org_9432ea6382b5,STATE MINISTRY OF EDUCATION JONGLEI,Implementing Partner,Tier 1,86.1,SS,South Sudan,General health sector,108200732.0,1,Prioritise,Open account plan for implementing partner route and map procurement stakeholders.,commercial
acct_d678d44282b2,org_702a67b02eae,WINDLE TRUST INTERNATIONAL,Implementing Partner,Tier 1,86.1,SS,South Sudan,General health sector,108200732.0,1,Prioritise,Open account plan for implementing partner route and map procurement stakeholders.,commercial
acct_8ff43bc6c17e,org_080b673b0082,WATER AND ENVIRONMENTAL SANITATION ABYEI OFFICE,Implementing Partner,Tier 1,86.1,SS,South Sudan,General health sector,108200732.0,1,Prioritise,Open account plan for implementing partner route and map procurement stakeholders.,commercial
acct_91f8f78b1b74,org_ad091fa39a75,ADMINISTRATION OF EDUCATION ABYEI,Implementing Partner,Tier 1,86.1,SS,South Sudan,General health sector,108200732.0,1,Prioritise,Open account plan for implementing partner route and map procurement stakeholders.,commercial
acct_155223265767,org_c19bdb2395ea,BRAC,Implementing Partner,Tier 1,86.1,SS,South Sudan,General health sector,108200732.0,1,Prioritise,Open account plan for implementing partner route and map procurement stakeholders.,commercial
acct_1d4d7f83e5cf,org_ec9a92f21e5c,PEACE CORPS ORGANIZATION PCO,Implementing Partner,Tier 1,86.1,SS,South Sudan,General health sector,108200732.0,1,Prioritise,Open account plan for implementing partner route and map procurement stakeholders.,commercial
acct_7ac43b929aac,org_c3401adb6976,STATE MINISTRY OF GENERAL EDUCATION NBEG,Implementing Partner,Tier 1,86.1,SS,South Sudan,General health sector,108200732.0,1,Prioritise,Open account plan for implementing partner route and map procurement stakeholders.,commercial
acct_ef63de5ef8f6,org_968e1b09ad24,STATE MINISTRY OF GENERAL EDUCATION AND INSTRUCTION,Implementing Partner,Tier 1,86.1,SS,South Sudan,General health sector,108200732.0,1,Prioritise,Open account plan for implementing partner route and map procurement stakeholders.,commercial
acct_a44c145b6255,org_b2cc8699374e,RURAL DEVELOPMENT ACTION AID,Implementing Partner,Tier 1,86.1,SS,South Sudan,General health sector,108200732.0,1,Prioritise,Open account plan for implementing partner route and map procurement stakeholders.,commercial
acct_bf97612b40b2,org_a4fa0307a25d,MINISTRY OF GENERAL EDUCATION AND INSTRUCTIONS,Implementing Partner,Tier 1,86.1,SS,South Sudan,General health sector,108200732.0,1,Prioritise,Open account plan for implementing partner route and map procurement stakeholders.,commercial
acct_2c922a20de5b,org_f8d6032bb9fe,CHRISTIAN MISSIONARIES INITIATIVE,Implementing Partner,Tier 1,86.1,SS,South Sudan,General health sector,108200732.0,1,Prioritise,Open account plan for implementing partner route and map procurement stakeholders.,commercial
acct_02993cf51e87,org_b85d75a0e432,COMMUNITY IN NEED AID CINA,Implementing Partner,Tier 1,86.1,SS,South Sudan,General health sector,108200732.0,1,Prioritise,Open account plan for implementing partner route and map procurement stakeholders.,commercial
acct_8d09beaa45c1,org_a2f7a4665396,OXFAM INTERNATIONAL SOUTH SUDAN,Implementing Partner,Tier 1,86.1,SS,South Sudan,General health sector,108200732.0,1,Prioritise,Open account plan for implementing partner route and map procurement stakeholders.,commercial
acct_fd8d478b7bc0,org_da6c9fbe4717,COMMUNITY HEALTH AND DEVELOPMENT ORGANIZATION,Implementing Partner,Tier 1,86.1,SS,South Sudan,General health sector,108200732.0,1,Prioritise,Open account plan for implementing partner route and map procurement stakeholders.,commercial
acct_e916296ab233,org_7c0cca78421e,TOUCH AFRICA DEVELOPMENT ORGANIZATION,Implementing Partner,Tier 1,86.1,SS,South Sudan,General health sector,108200732.0,1,Prioritise,Open account plan for implementing partner route and map procurement stakeholders.,commercial
acct_035c426f719a,org_feb832c35518,COMMUNITY AID FOR RELIEF AND DEVELOPMENT,Implementing Partner,Tier 1,86.1,SS,South Sudan,General health sector,108200732.0,1,Prioritise,Open account plan for implementing partner route and map procurement stakeholders.,commercial
acct_972c939ad600,org_c926d053e126,CENTRE FOR EMERGENCY AND DEVELOPMENT SUPPORT,Implementing Partner,Tier 1,86.1,SS,South Sudan,General health sector,108200732.0,1,Prioritise,Open account plan for implementing partner route and map procurement stakeholders.,commercial
acct_38d78af53623,org_0bec58d1a548,ACTION FOR CONFLICT RESOLUTION,Implementing Partner,Tier 1,86.1,SS,South Sudan,General health sector,108200732.0,1,Prioritise,Open account plan for implementing partner route and map procurement stakeholders.,commercial
acct_a6b9ce6160af,org_da4965d22aab,RESCUE LIFE OF CHILDREN,Implementing Partner,Tier 1,86.1,SS,South Sudan,General health sector,108200732.0,1,Prioritise,Open account plan for implementing partner route and map procurement stakeholders.,commercial
acct_dcaf2c4d7ad2,org_57f6bcec48dd,STOP POVERTY COMMUNAL INITIATIVE,Implementing Partner,Tier 1,86.1,SS,South Sudan,General health sector,108200732.0,1,Prioritise,Open account plan for implementing partner route and map procurement stakeholders.,commercial
acct_0d7e934d44fc,org_896b03647f1e,CARE PLUS FOUNDATION,Implementing Partner,Tier 1,86.1,SS,South Sudan,General health sector,108200732.0,1,Prioritise,Open account plan for implementing partner route and map procurement stakeholders.,commercial
acct_8bcd39191f84,org_59df6ffc0785,COMMUNITY NEEDS INITIATIVES,Implementing Partner,Tier 1,86.1,SS,South Sudan,General health sector,108200732.0,1,Prioritise,Open account plan for implementing partner route and map procurement stakeholders.,commercial
acct_ef31d99bf368,org_72c071f19155,JUSTICE FOUNDATION ORGANISATION,Implementing Partner,Tier 1,86.1,SS,South Sudan,General health sector,108200732.0,1,Prioritise,Open account plan for implementing partner route and map procurement stakeholders.,commercial
acct_8bd12278f91d,org_03a8ac1d9c0d,LIFE SKILLS DEVELOPMENT AGENCY,Implementing Partner,Tier 1,86.1,SS,South Sudan,General health sector,108200732.0,1,Prioritise,Open account plan for implementing partner route and map procurement stakeholders.,commercial
acct_7c2986ee8beb,org_5a4ddb63fa90,HUMANITARIAN AID FOR CHANGE AND TRANSFORMATION,Implementing Partner,Tier 1,86.1,SS,South Sudan,General health sector,108200732.0,1,Prioritise,Open account plan for implementing partner route and map procurement stakeholders.,commercial
acct_fbd0402e6a99,org_74c695f78336,GREAT COMMISSION OPERATION MERCY,Implementing Partner,Tier 1,86.1,SS,South Sudan,General health sector,108200732.0,1,Prioritise,Open account plan for implementing partner route and map procurement stakeholders.,commercial
acct_55482cc23897,org_c538c2b5b817,CHRISTIAN ACTION FOR RELIEF AND DEVELOPMENT,Implementing Partner,Tier 1,86.1,SS,South Sudan,General health sector,108200732.0,1,Prioritise,Open account plan for implementing partner route and map procurement stakeholders.,commercial
acct_67b97a1cfaf1,org_b02456e14b02,MISSION TRUST AID,Implementing Partner,Tier 1,86.1,SS,South Sudan,General health sector,108200732.0,1,Prioritise,Open account plan for implementing partner route and map procurement stakeholders.,commercial
acct_33824b1d59dc,org_8c092299f58d,NATIONAL EDUCATION COALITION,Implementing Partner,Tier 1,86.1,SS,South Sudan,General health sector,108200732.0,1,Prioritise,Open account plan for implementing partner route and map procurement stakeholders.,commercial
acct_f5c9e1664f17,org_c9ca6758dabe,COMMUNITY EMPOWERMENT NETWORK ORG,Implementing Partner,Tier 1,86.1,SS,South Sudan,General health sector,108200732.0,1,Prioritise,Open account plan for implementing partner route and map procurement stakeholders.,commercial
acct_e758f0c26135,org_99f5cd4b1811,EDUCATION FOUNDATION ORGANIZATION,Implementing Partner,Tier 1,86.1,SS,South Sudan,General health sector,108200732.0,1,Prioritise,Open account plan for implementing partner route and map procurement stakeholders.,commercial
acct_13542c33a238,org_91d00ecfa4aa,HUMANITY WORLDWIDE SOUTH SUDAN,Implementing Partner,Tier 1,86.1,SS,South Sudan,General health sector,108200732.0,1,Prioritise,Open account plan for implementing partner route and map procurement stakeholders.,commercial
acct_7c6ab5b45b31,org_08f93fb78a00,CHRISTIAN AGENDA FOR DEVELOPMENT,Implementing Partner,Tier 1,86.1,SS,South Sudan,General health sector,108200732.0,1,Prioritise,Open account plan for implementing partner route and map procurement stakeholders.,commercial
acct_afd37df3584b,org_197726d1b7e5,NURTURE SOUTH SUDAN,Implementing Partner,Tier 1,86.1,SS,South Sudan,General health sector,108200732.0,1,Prioritise,Open account plan for implementing partner route and map procurement stakeholders.,commercial
acct_b2c813ddb99d,org_7b1a5c8d24f1,COMMUNITY SKILLS DEVELOPMENT,Implementing Partner,Tier 1,86.1,SS,South Sudan,General health sector,108200732.0,1,Prioritise,Open account plan for implementing partner route and map procurement stakeholders.,commercial
acct_fd4c88664201,org_6743f709e097,INTEGRATED HUMANITARIAN AID,Implementing Partner,Tier 1,86.1,SS,South Sudan,General health sector,108200732.0,1,Prioritise,Open account plan for implementing partner route and map procurement stakeholders.,commercial
acct_758acec6eb8f,org_8993e808d52f,IMPACT RELIEF AND DEVELOPMENT,Implementing Partner,Tier 1,86.1,SS,South Sudan,General health sector,108200732.0,1,Prioritise,Open account plan for implementing partner route and map procurement stakeholders.,commercial
acct_cdfdf4a19b42,org_36330ebf3d38,SAFER COMMUNITY ORGANIZATION SOUTH SUDAN,Implementing Partner,Tier 1,86.1,SS,South Sudan,General health sector,108200732.0,1,Prioritise,Open account plan for implementing partner route and map procurement stakeholders.,commercial
acct_d87ba46ec11c,org_377593b0d7d6,CHARITY AND EMPOWERMENT FOUNDATION,Implementing Partner,Tier 1,86.1,SS,South Sudan,General health sector,108200732.0,1,Prioritise,Open account plan for implementing partner route and map procurement stakeholders.,commercial
acct_98049e1f0cb7,org_85549c6dc5f2,SAVE A LIFE INTERNATIONAL,Implementing Partner,Tier 1,86.1,SS,South Sudan,General health sector,108200732.0,1,Prioritise,Open account plan for implementing partner route and map procurement stakeholders.,commercial
acct_65dff9a2d164,org_86bfbdca1441,FOOD AGRICULTURE AND DISASTER MANAGEMENT,Implementing Partner,Tier 1,86.1,SS,South Sudan,General health sector,108200732.0,1,Prioritise,Open account plan for implementing partner route and map procurement stakeholders.,commercial
acct_8b7048836c93,org_8f109ad62010,COMMUNITY DEVELOPMENT AID CODAID,Implementing Partner,Tier 1,86.1,SS,South Sudan,General health sector,108200732.0,1,Prioritise,Open account plan for implementing partner route and map procurement stakeholders.,commercial
acct_6e61000368db,org_61e5c7794622,HELP A CHILD SOUTH SUDAN,Implementing Partner,Tier 1,86.1,SS,South Sudan,General health sector,108200732.0,1,Prioritise,Open account plan for implementing partner route and map procurement stakeholders.,commercial
acct_21b4cfeeb601,org_9d2bfa8d9990,AFRICAN HUMANITARIAN CORPS,Implementing Partner,Tier 1,86.1,SS,South Sudan,General health sector,108200732.0,1,Prioritise,Open account plan for implementing partner route and map procurement stakeholders.,commercial
acct_b7dedd38a031,org_59b50e30f013,ROYAL AID FOR DEVELOPMENT,Implementing Partner,Tier 1,86.1,SS,South Sudan,General health sector,108200732.0,1,Prioritise,Open account plan for implementing partner route and map procurement stakeholders.,commercial
acct_a0c98528fbf4,org_a4c70f6b0424,SUSTAINABLE HEALTH AND EDUCATION RELIEF ORGANIZATION,Implementing Partner,Tier 1,86.1,SS,South Sudan,General health sector,108200732.0,1,Prioritise,Open account plan for implementing partner route and map procurement stakeholders.,commercial
acct_7f64478a88bc,org_c5c71b82b64d,WOMEN INITIATIVE FOR DEVELOPMENT ORGANIZATION,Implementing Partner,Tier 1,86.1,SS,South Sudan,General health sector,108200732.0,1,Prioritise,Open account plan for implementing partner route and map procurement stakeholders.,commercial
acct_a0d085210f36,org_b19d68054c4d,HELPEDUCATION SOUTH SUDAN,Implementing Partner,Tier 1,86.1,SS,South Sudan,General health sector,108200732.0,1,Prioritise,Open account plan for implementing partner route and map procurement stakeholders.,commercial
acct_55527557c84d,org_e9346f8accc6,ALLIANCE FOR COMMUNITY DEVELOPMENT,Implementing Partner,Tier 1,86.1,SS,South Sudan,General health sector,108200732.0,1,Prioritise,Open account plan for implementing partner route and map procurement stakeholders.,commercial
acct_b412341d4a14,org_4eee9d04cfc4,AFRICA DEVELOPMENT AID,Implementing Partner,Tier 1,86.1,SS,South Sudan,General health sector,108200732.0,1,Prioritise,Open account plan for implementing partner route and map procurement stakeholders.,commercial
acct_b11488e7a4af,org_ea255449ae01,ACROSS AFRICA DEVELOPMENT ORGANIZATION,Implementing Partner,Tier 1,86.1,SS,South Sudan,General health sector,108200732.0,1,Prioritise,Open account plan for implementing partner route and map procurement stakeholders.,commercial
acct_dedd7b03aa34,org_b8d72ecc33de,SCIENCE TEACHERS INITIATIVE,Implementing Partner,Tier 1,86.1,SS,South Sudan,General health sector,108200732.0,1,Prioritise,Open account plan for implementing partner route and map procurement stakeholders.,commercial
acct_33ad63842970,org_64aed36f9b33,SERVANTS HEART SOUTH SUDAN,Implementing Partner,Tier 1,86.1,SS,South Sudan,General health sector,108200732.0,1,Prioritise,Open account plan for implementing partner route and map procurement stakeholders.,commercial
acct_774adf1702aa,org_2c152c283c46,MOBILE HUMANITARIAN AGENCY,Implementing Partner,Tier 1,86.1,SS,South Sudan,General health sector,108200732.0,1,Prioritise,Open account plan for implementing partner route and map procurement stakeholders.,commercial
acct_898dae187e9d,org_4cf9e989cc74,CONFIDENT WOMEN NETWORK,Implementing Partner,Tier 1,86.1,SS,South Sudan,General health sector,108200732.0,1,Prioritise,Open account plan for implementing partner route and map procurement stakeholders.,commercial
acct_c3e3b3be111c,org_44a85b3211b9,China,Donor,Tier 1,86.0,RW; KE; SO,Rwanda; Kenya; Somalia,General health sector,304447410.0,5,Prioritise,Open account plan for donor route and map procurement stakeholders.,commercial
acct_482d045a6dc6,org_29274a50eba8,Fondation Institut Pasteur de Dakar,Implementing Partner,Tier 1,86.0,CF; CI; SN; CD; GA; LR; MR; GW; CM,CF; CI; SN; Democratic Republic of the Congo; GA; LR; MR; GW; CM,Diagnostic Equipment; Facility Infrastructure,354800.0,1,Prioritise,Open account plan for implementing partner route and map procurement stakeholders.,commercial
acct_3252692b7c7e,org_041e8e68f31f,Democratic Republic of the Congo,Donor,Tier 1,85.9,CD,Democratic Republic of the Congo,General health sector,930628332.0,6,Prioritise,Open account plan for donor route and map procurement stakeholders.,commercial
acct_7def36886e90,org_0b4643dbcab7,VILLAGE D ESPOIR,Implementing Partner,Tier 1,85.9,CD,Democratic Republic of the Congo,General health sector,74104000.0,1,Prioritise,Open account plan for implementing partner route and map procurement stakeholders.,commercial
acct_08b4a0c8a9ca,org_f1fa5be5b35e,INS KATANGA STATISTIQUE LUBUMBASHI,Implementing Partner,Tier 1,85.9,CD,Democratic Republic of the Congo,General health sector,70756000.0,1,Prioritise,Open account plan for implementing partner route and map procurement stakeholders.,commercial
acct_0455587cdfa6,org_01e7ac0f553f,UNICEF-Rwanda,Donor,Tier 1,85.9,RW,Rwanda,General health sector,10339866.0,1,Prioritise,Open account plan for donor route and map procurement stakeholders.,commercial
acct_1a03bf5ff5b0,org_89136f8179ea,UNOCHA,Donor,Tier 1,85.7,SS; CD; ET; KE; SO; UG; RW,South Sudan; Democratic Republic of the Congo; Ethiopia; Kenya; Somalia; Uganda; Rwanda,Facility Infrastructure; Diagnostic Equipment; Cold Chain / Storage,3866557279.25,30,Prioritise,Open account plan for donor route and map procurement stakeholders.,commercial
acct_88e4604041b6,org_3ca95d453fed,Netherlands,Donor,Tier 1,85.7,BD; CI; CO; EG; ET; GH; ID; IN; KE; MA; NA; NG; SN; TZ; UA; UG; VN; ZA; SS; RW; AF; AO; BF; BR; BS; BZ; CD; CL; CM; CU; DO; DZ; EC; GQ; GT; GY; HN; HT; JM; KG; KM; KP; LB; LY; MG; MK; ML; MR; MW; MZ; NE; NI; PE; PK; PS; PY; SD; SO; SR; SV; SY; SZ; TO; TR; VE; YE; ZW; AL; BO; BW; CF; DM; GR; LK; LR; PG; SL; TD; ZM; AM; BA; BI; BJ; BT; CN; CR; CV; DJ; ER; GE; GM; GN; IQ; IR; JO; KH; LA; MD; MM; MN; NP; PA; PH; ST; TG; TH; TN; XK; NL; MY; AE; BH; KW; OM; QA; SA; AZ; BG; CG; LT; RO; VU; MX; AR; BY; GA; HU; PL,BD; CI; CO; EG; Ethiopia; GH; ID; IN; Kenya; MA; NA; NG; SN; Tanzania; UA; Uganda; VN; ZA; South Sudan; Rwanda; AF; AO; BF; BR; BS; BZ; Democratic Republic of the Congo; CL; CM; CU; DO; DZ; EC; GQ; GT; GY; HN; HT; JM; KG; KM; KP; LB; LY; MG; MK; ML; MR; MW; MZ; NE; NI; PE; PK; PS; PY; SD; Somalia; SR; SV; SY; SZ; TO; TR; VE; YE; ZW; AL; BO; BW; CF; DM; GR; LK; LR; PG; SL; TD; ZM; AM; BA; BI; BJ; BT; CN; CR; CV; DJ; ER; GE; GM; GN; IQ; IR; JO; KH; LA; MD; MM; MN; NP; PA; PH; ST; TG; TH; TN; XK; NL; MY; AE; BH; KW; OM; QA; SA; AZ; BG; CG; LT; RO; VU; MX; AR; BY; GA; HU; PL,Facility Infrastructure; Diagnostic Equipment; IT / Health Information Systems,2599388278.03,13,Prioritise,Open account plan for donor route and map procurement stakeholders.,commercial
acct_33a1ee44bc05,org_ab3aa9c2fd63,WORLD VISION INTERNATIONAL,Donor,Tier 1,85.7,SS; SO; UG; ET,South Sudan; Somalia; Uganda; Ethiopia,Facility Infrastructure; Cold Chain / Storage,2239876452.45,11,Prioritise,Open account plan for donor route and map procurement stakeholders.,commercial
acct_fb4d3c97bbdb,org_ffdf5fea0366,Amref Health Africa - UK,Accountable Agency,Tier 1,85.7,UG,Uganda,Diagnostic Equipment; Facility Infrastructure,658097.0,1,Prioritise,Open account plan for accountable agency route and map procurement stakeholders.,commercial
acct_14ea529216f4,org_8e3c16effb2d,PROGRAMME NATIONAL DE READAPTATION A BASE COMMUNAUTAIRE PNRBC,Implementing Partner,Tier 1,85.6,CD,Democratic Republic of the Congo,General health sector,61075930.0,1,Prioritise,Open account plan for implementing partner route and map procurement stakeholders.,commercial
acct_81c3aac9b33e,org_5760fb07145c,MINISTRY OF LABOUR SOCIAL AFFAIRS,Implementing Partner,Tier 1,85.6,ET,Ethiopia,General health sector,55831612.0,1,Prioritise,Open account plan for implementing partner route and map procurement stakeholders.,commercial
acct_d5d989ae04cf,org_14ff437bb2c6,MINISTRY OF WOMEN CHILDREN AND YOUTH AFFAIRS,Implementing Partner,Tier 1,85.6,ET,Ethiopia,General health sector,55831612.0,1,Prioritise,Open account plan for implementing partner route and map procurement stakeholders.,commercial
acct_e02d65651216,org_4a3c1521742f,MINISTRY OF JUSTICE,Implementing Partner,Tier 1,85.6,ET,Ethiopia,General health sector,55831612.0,1,Prioritise,Open account plan for implementing partner route and map procurement stakeholders.,commercial
acct_29a7825c2a0c,org_5d2370f6704a,AMHARA BOWCYA,Implementing Partner,Tier 1,85.6,ET,Ethiopia,General health sector,55831612.0,1,Prioritise,Open account plan for implementing partner route and map procurement stakeholders.,commercial
acct_624f8b30f09d,org_411b57c2bc7c,B GUMUZ VITAL EVENT REGISTRATION AGENCY VERA,Implementing Partner,Tier 1,85.6,ET,Ethiopia,General health sector,55831612.0,1,Prioritise,Open account plan for implementing partner route and map procurement stakeholders.,commercial
acct_a16d703bb3a8,org_f05f549fd17e,B GUMUZ BOWCYA,Implementing Partner,Tier 1,85.6,ET,Ethiopia,General health sector,55831612.0,1,Prioritise,Open account plan for implementing partner route and map procurement stakeholders.,commercial
acct_24a9cfaad3f1,org_ddc8e06355c9,AFAR REGIONAL BUREAU OF WOMEN AND CHILD AFFAIRS,Implementing Partner,Tier 1,85.6,ET,Ethiopia,General health sector,55831612.0,1,Prioritise,Open account plan for implementing partner route and map procurement stakeholders.,commercial
acct_6c4604a5e163,org_cd39fc1b2da8,AFAR REGIONAL BUREAU OF JUSTICE,Implementing Partner,Tier 1,85.6,ET,Ethiopia,General health sector,55831612.0,1,Prioritise,Open account plan for implementing partner route and map procurement stakeholders.,commercial
acct_3852671e9b00,org_b331d7a14430,SOMALI REGIONAL STATE BUREAU OF WOMEN AND CHILD AFFAIRS,Implementing Partner,Tier 1,85.6,ET,Ethiopia,General health sector,55831612.0,1,Prioritise,Open account plan for implementing partner route and map procurement stakeholders.,commercial
acct_fff8fbf2dbd7,org_89cb792307d4,SOMALI REGIONAL STATE BUREAU OF LABOUR AND SOCIAL AFFAIRS,Implementing Partner,Tier 1,85.6,ET,Ethiopia,General health sector,55831612.0,1,Prioritise,Open account plan for implementing partner route and map procurement stakeholders.,commercial
acct_982907cb68d5,org_50cc5535f9a3,OROMIA REGION BUREAU OF WOMEN AND CHILDREN AFFAIRS,Implementing Partner,Tier 1,85.6,ET,Ethiopia,General health sector,55831612.0,1,Prioritise,Open account plan for implementing partner route and map procurement stakeholders.,commercial
acct_87315ab4f63c,org_e5b95508a323,OROMIA REGION BUREAU OF LABOR AND SOCIAL AFFAIRS,Implementing Partner,Tier 1,85.6,ET,Ethiopia,General health sector,55831612.0,1,Prioritise,Open account plan for implementing partner route and map procurement stakeholders.,commercial
acct_2060d7afb60d,org_f8a04aeab317,GPNRS ATTORNEY GENERAL,Implementing Partner,Tier 1,85.6,ET,Ethiopia,General health sector,55831612.0,1,Prioritise,Open account plan for implementing partner route and map procurement stakeholders.,commercial
acct_a9c8ef13fa6e,org_bc31b68426aa,IRC INTERNATIONAL RESCUE COMMITTEE ETHIOPIA,Implementing Partner,Tier 1,85.6,ET,Ethiopia,General health sector,55831612.0,1,Prioritise,Open account plan for implementing partner route and map procurement stakeholders.,commercial
acct_e5695c5c814e,org_f122263383a4,PLAN INTERNATIONAL ETHIOPIA PIE,Implementing Partner,Tier 1,85.6,ET,Ethiopia,General health sector,55831612.0,1,Prioritise,Open account plan for implementing partner route and map procurement stakeholders.,commercial
acct_8993ae8788e3,org_322706ccf4d9,GPNRS BUREAU OF WOMEN CHILDREN AND YOUTH AFFAIRS,Implementing Partner,Tier 1,85.6,ET,Ethiopia,General health sector,55831612.0,1,Prioritise,Open account plan for implementing partner route and map procurement stakeholders.,commercial
acct_8329b88b4ab5,org_f383f24dace1,FEDERAL SUPREME COURT,Implementing Partner,Tier 1,85.6,ET,Ethiopia,General health sector,55831612.0,1,Prioritise,Open account plan for implementing partner route and map procurement stakeholders.,commercial
acct_a0aeb61b23cd,org_e2f8618e6159,AMHARA GENERAL ATTORNEY,Implementing Partner,Tier 1,85.6,ET,Ethiopia,General health sector,55831612.0,1,Prioritise,Open account plan for implementing partner route and map procurement stakeholders.,commercial
acct_f1ea5d9ebf52,org_8c98d08b395e,TIGRAY BUREAU OF SOCIAL AND REHABILITATION AFFAIRS,Implementing Partner,Tier 1,85.6,ET,Ethiopia,General health sector,55831612.0,1,Prioritise,Open account plan for implementing partner route and map procurement stakeholders.,commercial
acct_224f6d2262de,org_6bd4518813ed,OROMIA ATTORNEY GENERAL BUREAU,Implementing Partner,Tier 1,85.6,ET,Ethiopia,General health sector,55831612.0,1,Prioritise,Open account plan for implementing partner route and map procurement stakeholders.,commercial
acct_55ec237036f2,org_eee6335ea64f,WOMEN S ASSOCIATION OF TIGRAY,Implementing Partner,Tier 1,85.6,ET,Ethiopia,General health sector,55831612.0,1,Prioritise,Open account plan for implementing partner route and map procurement stakeholders.,commercial
acct_922a1ef7e259,org_75eee42bbc65,OROMIA REGION SUPREME COURT,Implementing Partner,Tier 1,85.6,ET,Ethiopia,General health sector,55831612.0,1,Prioritise,Open account plan for implementing partner route and map procurement stakeholders.,commercial
acct_7f30c51b9c33,org_59005863a9ae,IP not published,Implementing Partner,Tier 1,85.6,ET,Ethiopia,General health sector,55831612.0,1,Prioritise,Open account plan for implementing partner route and map procurement stakeholders.,commercial
acct_b75924eb1c0a,org_be145dd61c1a,SOMALI REGIONAL STATE ATTORNEY GENERAL,Implementing Partner,Tier 1,85.6,ET,Ethiopia,General health sector,55831612.0,1,Prioritise,Open account plan for implementing partner route and map procurement stakeholders.,commercial
acct_b0c67636ded0,org_ab2e688984a2,AMHARA VITAL EVENTS REGISTRATION AGENCY,Implementing Partner,Tier 1,85.6,ET,Ethiopia,General health sector,55831612.0,1,Prioritise,Open account plan for implementing partner route and map procurement stakeholders.,commercial
acct_0d16631f265a,org_da68677a4116,B GUMUZ REGIONAL ATTORNEY GENERAL RAG,Implementing Partner,Tier 1,85.6,ET,Ethiopia,General health sector,55831612.0,1,Prioritise,Open account plan for implementing partner route and map procurement stakeholders.,commercial
acct_00b8bba12972,org_abbc8a2458d9,TIGRAY BUREAU OF JUSTICE,Implementing Partner,Tier 1,85.6,ET,Ethiopia,General health sector,55831612.0,1,Prioritise,Open account plan for implementing partner route and map procurement stakeholders.,commercial
acct_04f8222ce0d7,org_137c5d75a375,OROMIA REGION VITAL EVENTS REGISTRATION,Implementing Partner,Tier 1,85.6,ET,Ethiopia,General health sector,55831612.0,1,Prioritise,Open account plan for implementing partner route and map procurement stakeholders.,commercial
acct_db53d6a222e4,org_c12beba1f124,ADDIS ABABA CIVIL REGISTRATION AND RESIDENCY SERVICE AGENCY,Implementing Partner,Tier 1,85.6,ET,Ethiopia,General health sector,55831612.0,1,Prioritise,Open account plan for implementing partner route and map procurement stakeholders.,commercial
acct_b9f298469a14,org_91b682d1f78c,IMAGINE 1 DAY INTERNATIONAL ORGANIZATION,Implementing Partner,Tier 1,85.6,ET,Ethiopia,General health sector,55831612.0,1,Prioritise,Open account plan for implementing partner route and map procurement stakeholders.,commercial
acct_04efa1fd7a95,org_c8a577e231f3,TIGRAY AGENCY STATISTICS AND VITAL EVENTS REGISTRATION,Implementing Partner,Tier 1,85.6,ET,Ethiopia,General health sector,55831612.0,1,Prioritise,Open account plan for implementing partner route and map procurement stakeholders.,commercial
acct_bb8ad3f93065,org_d10caef35eb7,GPNRS VITAL EVENT REGISTRATION AGENCY,Implementing Partner,Tier 1,85.6,ET,Ethiopia,General health sector,55831612.0,1,Prioritise,Open account plan for implementing partner route and map procurement stakeholders.,commercial
acct_49898b9753e2,org_8a634128df83,HOPE FOR JUSTICE,Implementing Partner,Tier 1,85.6,ET,Ethiopia,General health sector,55831612.0,1,Prioritise,Open account plan for implementing partner route and map procurement stakeholders.,commercial
acct_e290e1607da3,org_e111d7d85d4d,SNRS BUREAU OF WOMEN CHILDREN AND YOUTH AFFAIR,Implementing Partner,Tier 1,85.6,ET,Ethiopia,General health sector,55831612.0,1,Prioritise,Open account plan for implementing partner route and map procurement stakeholders.,commercial
acct_533fa66bca16,org_e6e4db952339,SNRS AGENCY OF VITAL EVENTS REGISTRATION,Implementing Partner,Tier 1,85.6,ET,Ethiopia,General health sector,55831612.0,1,Prioritise,Open account plan for implementing partner route and map procurement stakeholders.,commercial
acct_855311755741,org_57303ff933f9,SNRS ATTORNEY GENERAL,Implementing Partner,Tier 1,85.6,ET,Ethiopia,General health sector,55831612.0,1,Prioritise,Open account plan for implementing partner route and map procurement stakeholders.,commercial
acct_b8bacbe8e30f,org_b6d9579b1d82,ASDEPO ACTION FOR SOCIAL DEVELOPMENT AND,Implementing Partner,Tier 1,85.6,ET,Ethiopia,General health sector,55831612.0,1,Prioritise,Open account plan for implementing partner route and map procurement stakeholders.,commercial
acct_2da2b6a2a030,org_4cd54d447722,INNOVATIVE HUMANITARIAN SOLUTIONS ETHIOPIA,Implementing Partner,Tier 1,85.6,ET,Ethiopia,General health sector,55831612.0,1,Prioritise,Open account plan for implementing partner route and map procurement stakeholders.,commercial
acct_e1aeef27eb17,org_38d30e02bd23,MUMS FOR MUMS,Implementing Partner,Tier 1,85.6,ET,Ethiopia,General health sector,55831612.0,1,Prioritise,Open account plan for implementing partner route and map procurement stakeholders.,commercial
acct_65a7cc72ea3a,org_a3c84b8f8bf2,SOUTH WEST ETHIOPIAN REGION BUREAU OF JUSTICE,Implementing Partner,Tier 1,85.6,ET,Ethiopia,General health sector,55831612.0,1,Prioritise,Open account plan for implementing partner route and map procurement stakeholders.,commercial
acct_d1d941567eb3,org_1a8be803fa2b,SOUTH WEST ETHIOPIAN REGION BUREAU OF WOMEN CHILDREN AND YOUTH AFFAIR,Implementing Partner,Tier 1,85.6,ET,Ethiopia,General health sector,55831612.0,1,Prioritise,Open account plan for implementing partner route and map procurement stakeholders.,commercial
acct_d71dcd23192f,org_61f6d99dc51e,SOUTH WEST ETHIOPIAN REGION AGENCY VITAL EVENTS REGISTRATION,Implementing Partner,Tier 1,85.6,ET,Ethiopia,General health sector,55831612.0,1,Prioritise,Open account plan for implementing partner route and map procurement stakeholders.,commercial
acct_fbe9144cb7cd,org_0f4444ab5e9c,GURMUU DEVELOPMENT ASSOC,Implementing Partner,Tier 1,85.6,ET,Ethiopia,General health sector,55831612.0,1,Prioritise,Open account plan for implementing partner route and map procurement stakeholders.,commercial
acct_5bef91ddc0b1,org_315ebaeca64b,NATIONAL REHABILITATION COMMISSION,Implementing Partner,Tier 1,85.6,ET,Ethiopia,General health sector,55831612.0,1,Prioritise,Open account plan for implementing partner route and map procurement stakeholders.,commercial
acct_d830874a2eae,org_352bf6dcb78a,CENTRAL ETHIOPIA REGIONAL STATE BOWCA,Implementing Partner,Tier 1,85.6,ET,Ethiopia,General health sector,55831612.0,1,Prioritise,Open account plan for implementing partner route and map procurement stakeholders.,commercial
acct_6bbbf4b3ccb5,org_56d490d06a7f,CENTRAL ETHIOPIA REGIONAL STATE BUREAU OF JUSTICE,Implementing Partner,Tier 1,85.6,ET,Ethiopia,General health sector,55831612.0,1,Prioritise,Open account plan for implementing partner route and map procurement stakeholders.,commercial
acct_b7e9d4847b6f,org_7d8fd8f49a1d,CENTRAL ETHIOPIA REGIONAL STATE VERA,Implementing Partner,Tier 1,85.6,ET,Ethiopia,General health sector,55831612.0,1,Prioritise,Open account plan for implementing partner route and map procurement stakeholders.,commercial
acct_ffce7e8d4d69,org_31e12c34b2fb,SERS BUREAU OF JUSTICE,Implementing Partner,Tier 1,85.6,ET,Ethiopia,General health sector,55831612.0,1,Prioritise,Open account plan for implementing partner route and map procurement stakeholders.,commercial
acct_2f8698df23c6,org_8fc81568a6fb,WOMEN EMPOWERMENT ACTION,Implementing Partner,Tier 1,85.6,ET,Ethiopia,General health sector,55831612.0,1,Prioritise,Open account plan for implementing partner route and map procurement stakeholders.,commercial
acct_b0403f6196a0,org_3339f58adb4a,SERS BOWCA,Implementing Partner,Tier 1,85.6,ET,Ethiopia,General health sector,55831612.0,1,Prioritise,Open account plan for implementing partner route and map procurement stakeholders.,commercial
acct_89d6a1d50d63,org_81efcede01ed,SERS VERA,Implementing Partner,Tier 1,85.6,ET,Ethiopia,General health sector,55831612.0,1,Prioritise,Open account plan for implementing partner route and map procurement stakeholders.,commercial
acct_1eab26e8afb6,org_3a7b0d723e4b,SERS SUPREME COURT,Implementing Partner,Tier 1,85.6,ET,Ethiopia,General health sector,55831612.0,1,Prioritise,Open account plan for implementing partner route and map procurement stakeholders.,commercial
acct_e8e53fd45284,org_e6f625290b48,LIGHT FOR THE WORLD INTERNATIONAL,Implementing Partner,Tier 1,85.6,ET,Ethiopia,General health sector,55831612.0,1,Prioritise,Open account plan for implementing partner route and map procurement stakeholders.,commercial
acct_bf3ae1ce4a32,org_e688d17bc034,REFUGEES AND RETURNEES SERVICE,Implementing Partner,Tier 1,85.6,ET,Ethiopia,General health sector,55831612.0,1,Prioritise,Open account plan for implementing partner route and map procurement stakeholders.,commercial
acct_c0b87743c082,org_13332eb528d8,MSD,Implementing Partner,Tier 1,85.6,ET,Ethiopia,General health sector,55831612.0,1,Prioritise,Open account plan for implementing partner route and map procurement stakeholders.,commercial
acct_85a1f968845f,org_176e3f81ea16,AMHARA WOMENS ASSOCIATION,Implementing Partner,Tier 1,85.6,ET,Ethiopia,General health sector,55831612.0,1,Prioritise,Open account plan for implementing partner route and map procurement stakeholders.,commercial
acct_43650cc5de35,org_d35503467fd2,AFAR REGIONAL VITAL EVENTS REGISTRATION SERVICE,Implementing Partner,Tier 1,85.6,ET,Ethiopia,General health sector,55831612.0,1,Prioritise,Open account plan for implementing partner route and map procurement stakeholders.,commercial
acct_5fe10d408bc8,org_8b03a6db9a5c,IP not published,Implementing Partner,Tier 1,85.6,ET,Ethiopia,General health sector,55831612.0,1,Prioritise,Open account plan for implementing partner route and map procurement stakeholders.,commercial
acct_a08cf6dec07c,org_e0295a5fb291,SIIQQEE WOMENS DEVELOPMENT ASSOCIATION,Implementing Partner,Tier 1,85.6,ET,Ethiopia,General health sector,55831612.0,1,Prioritise,Open account plan for implementing partner route and map procurement stakeholders.,commercial
acct_d3c92ee6baa4,org_be7a211f8a17,AFAR COMMUNITY INITIATIVE SUSTAINABLE DEVELOPMENT,Implementing Partner,Tier 1,85.6,ET,Ethiopia,General health sector,55831612.0,1,Prioritise,Open account plan for implementing partner route and map procurement stakeholders.,commercial
acct_5172321eb54a,org_f2cd4d235494,IP not published,Implementing Partner,Tier 1,85.6,ET,Ethiopia,General health sector,55831612.0,1,Prioritise,Open account plan for implementing partner route and map procurement stakeholders.,commercial
acct_a40e18904152,org_b08ad63bd330,IP not published,Implementing Partner,Tier 1,85.6,ET,Ethiopia,General health sector,55831612.0,1,Prioritise,Open account plan for implementing partner route and map procurement stakeholders.,commercial
acct_9815ed750489,org_ec36795c50dd,Ministry of Foreign Affairs NL,Donor,Tier 1,85.5,ET,Ethiopia,General health sector,7666421.0,1,Prioritise,Open account plan for donor route and map procurement stakeholders.,commercial
acct_08eb3d1b8899,org_4fc25d30749a,DIVISION PROVINCIALE DE LA SANTE DU NORD KIVU,Implementing Partner,Tier 1,85.4,CD,Democratic Republic of the Congo,General health sector,477171130.0,3,Prioritise,Open account plan for implementing partner route and map procurement stakeholders.,commercial
acct_c9c8a6b54b10,org_95e8c68eda27,TERRE DES HOMMES FOUNDATION,Implementing Partner,Tier 1,85.4,KE,Kenya,General health sector,133010094.0,1,Prioritise,Open account plan for implementing partner route and map procurement stakeholders.,commercial
acct_04f34a058ab3,org_9133f9fb2266,TURKANA DEPARTMENT OF EDUCATION SPORTS AND SOCIAL PROTECTION,Implementing Partner,Tier 1,85.4,KE,Kenya,General health sector,133010094.0,1,Prioritise,Open account plan for implementing partner route and map procurement stakeholders.,commercial
acct_e4b0f7716a51,org_4e59ac52cd61,KEPI KAKAMEGA CENTRAL,Implementing Partner,Tier 1,85.2,KE,Kenya,General health sector,83715416.0,1,Prioritise,Open account plan for implementing partner route and map procurement stakeholders.,commercial
acct_f9942fb5bbe1,org_86f2a9394df6,IP not published,Implementing Partner,Tier 1,85.2,KE,Kenya,General health sector,83715416.0,1,Prioritise,Open account plan for implementing partner route and map procurement stakeholders.,commercial
acct_10289b01bafa,org_9fc57fa92470,IP not published,Implementing Partner,Tier 1,85.2,KE,Kenya,General health sector,83715416.0,1,Prioritise,Open account plan for implementing partner route and map procurement stakeholders.,commercial
acct_3abf85998f45,org_7fb213195e62,IP not published,Implementing Partner,Tier 1,85.2,KE,Kenya,General health sector,83715416.0,1,Prioritise,Open account plan for implementing partner route and map procurement stakeholders.,commercial
acct_7f356eaa2d42,org_79a464efe0b8,KITUI COUNTY HEALTH MANAGEMENT TEAM,Implementing Partner,Tier 1,85.2,KE,Kenya,General health sector,83715416.0,1,Prioritise,Open account plan for implementing partner route and map procurement stakeholders.,commercial
acct_1a77a181278c,org_37c4fa16a12c,IP not published,Implementing Partner,Tier 1,85.2,KE,Kenya,General health sector,83715416.0,1,Prioritise,Open account plan for implementing partner route and map procurement stakeholders.,commercial
acct_4e485d60f894,org_1446baecc0a1,IP not published,Implementing Partner,Tier 1,85.2,KE,Kenya,General health sector,83715416.0,1,Prioritise,Open account plan for implementing partner route and map procurement stakeholders.,commercial
acct_62913807ea95,org_01baf2e3dabb,IP not published,Implementing Partner,Tier 1,85.2,KE,Kenya,General health sector,83715416.0,1,Prioritise,Open account plan for implementing partner route and map procurement stakeholders.,commercial
acct_a17152785eea,org_0bf4f8af6eb6,GLOBAL ALLIANCE FOR IMPROVED NUTRITION,Implementing Partner,Tier 1,85.1,ET,Ethiopia,General health sector,41230490.0,1,Prioritise,Open account plan for implementing partner route and map procurement stakeholders.,commercial
acct_f86ccee2c426,org_7181971dc9bb,TIGRAY DEVELOPMENT ASSOCIATION TDA,Implementing Partner,Tier 1,85.1,ET,Ethiopia,General health sector,41230490.0,1,Prioritise,Open account plan for implementing partner route and map procurement stakeholders.,commercial
acct_1c886f4e66c0,org_cbbb35749f1e,CENTRAL ETHIOPIA REGION BUREAU OF AGRICULTURE,Implementing Partner,Tier 1,85.1,ET,Ethiopia,General health sector,41230490.0,1,Prioritise,Open account plan for implementing partner route and map procurement stakeholders.,commercial
acct_70f9ac02910f,org_5af4561bf15c,OROMIA REGION BUREAU OF EDUCATION,Implementing Partner,Tier 1,85.0,ET,Ethiopia,General health sector,37983166.0,1,Prioritise,Open account plan for implementing partner route and map procurement stakeholders.,commercial
acct_8f84b365c410,org_aa20136c4b85,MINISTRY OF AGRICULTURE,Implementing Partner,Tier 1,85.0,ET,Ethiopia,General health sector,37983166.0,1,Prioritise,Open account plan for implementing partner route and map procurement stakeholders.,commercial
acct_da12ede6a5e3,org_5beff8701acb,ETHIOPIA SCHOOL MEAL INITIATIVE,Implementing Partner,Tier 1,85.0,ET,Ethiopia,General health sector,37983166.0,1,Prioritise,Open account plan for implementing partner route and map procurement stakeholders.,commercial
acct_82a914b9312a,org_24900305529f,GPNRS AGRICULTURE AND NATURAL RESOURCES DEVELOPMENT BUREAU,Implementing Partner,Tier 1,85.0,ET,Ethiopia,General health sector,37983166.0,1,Prioritise,Open account plan for implementing partner route and map procurement stakeholders.,commercial
acct_74c542598c1d,org_cc1a5a3649d2,DIRE DAWA ADMINISTRATION AGRICULTURE WATER MINE AND ENERGY,Implementing Partner,Tier 1,85.0,ET,Ethiopia,General health sector,37983166.0,1,Prioritise,Open account plan for implementing partner route and map procurement stakeholders.,commercial
acct_e6a4b5a80055,org_7357e5469e55,HARARI BOFED FOOD SECURITY,Implementing Partner,Tier 1,85.0,ET,Ethiopia,General health sector,37983166.0,1,Prioritise,Open account plan for implementing partner route and map procurement stakeholders.,commercial
acct_87bc7f4cf224,org_bf4adb9f1ab4,IP not published,Implementing Partner,Tier 1,85.0,ET,Ethiopia,General health sector,37983166.0,1,Prioritise,Open account plan for implementing partner route and map procurement stakeholders.,commercial
acct_078636394a1c,org_ebcc0f0cc59c,MINISTRY OF CULTURE AND SPORT,Implementing Partner,Tier 1,85.0,ET,Ethiopia,General health sector,37983166.0,1,Prioritise,Open account plan for implementing partner route and map procurement stakeholders.,commercial
acct_5cf59345a65e,org_57d1ea5d6a4c,OROMIA REGION WATER RESOURCE BUREAU,Implementing Partner,Tier 1,84.9,ET,Ethiopia,General health sector,35477782.0,1,Prioritise,Open account plan for implementing partner route and map procurement stakeholders.,commercial
acct_a847f74aff68,org_32125a6af66d,ETHIOPIAN HEALTH INSURANCE AGENCY,Implementing Partner,Tier 1,84.9,ET,Ethiopia,General health sector,35477782.0,1,Prioritise,Open account plan for implementing partner route and map procurement stakeholders.,commercial
acct_e067f74575a1,org_04ebe06a6429,Johns Hopkins University Bloomberg School of Public Health,Implementing Partner,Tier 1,84.7,ET; GH; KE; RW; NG; PK; BD; CM; CF; TD; CD; GN; CI; LR; MG; MW; ML; MR; MZ; NE; ZW; SN; SL; SO; TZ; UG; BF; ZM; GT; HT; TJ; AF; MM; KH; ID; VN; BI; SS; SD; IN,Ethiopia; GH; Kenya; Rwanda; NG; PK; BD; CM; CF; TD; Democratic Republic of the Congo; GN; CI; LR; MG; MW; ML; MR; MZ; NE; ZW; SN; SL; Somalia; Tanzania; Uganda; BF; ZM; GT; HT; TJ; AF; MM; KH; ID; VN; BI; South Sudan; SD; IN,Diagnostic Equipment,101473753.0,3,Prioritise,Open account plan for implementing partner route and map procurement stakeholders.,commercial
acct_369487edc505,org_9eca44ef099f,"ICF Incorporated, L.L.C.",Implementing Partner,Tier 1,84.7,AO; CD; ET; KE; MW; ML; NE; NG; ZW; RW; SN; TZ; UG; BF; ZM; PK; ID,AO; Democratic Republic of the Congo; Ethiopia; Kenya; MW; ML; NE; NG; ZW; Rwanda; SN; Tanzania; Uganda; BF; ZM; PK; ID,General health sector,39379417.0,1,Prioritise,Open account plan for implementing partner route and map procurement stakeholders.,commercial
acct_7bd8581a57fa,org_b44a0de2b177,DEPT OF ENVIRONMENTAL HEALTH,Implementing Partner,Tier 1,84.6,KE,Kenya,General health sector,54727830.0,1,Prioritise,Open account plan for implementing partner route and map procurement stakeholders.,commercial
acct_8ea4271d6c17,org_3e3f930ddb62,"DEPARTMENT OF CHILDREN SERVICES, WEST POKOT",Implementing Partner,Tier 1,84.6,KE,Kenya,General health sector,54727830.0,1,Prioritise,Open account plan for implementing partner route and map procurement stakeholders.,commercial
acct_e214a0797f35,org_4da88f97bc3c,COUNTY DEPARTMENT OF HEALTH SERVICES TAITA TAVETA,Implementing Partner,Tier 1,84.6,KE,Kenya,General health sector,54727830.0,1,Prioritise,Open account plan for implementing partner route and map procurement stakeholders.,commercial
acct_ec38d78e9cdd,org_ffd0e95fa1f4,Ministry of Economy and Finance,Donor,Tier 1,84.5,RW; TZ; ET; SS,Rwanda; Tanzania; Ethiopia; South Sudan,Facility Infrastructure; Medical Devices & Equipment,0.0,7,Prioritise,Open account plan for donor route and map procurement stakeholders.,commercial
acct_c031e40bc820,org_fd3d05772bb4,NIHR,Donor,Tier 1,84.5,UG; KE; ET; GB; MW; BW; CD; GN; MZ; ZA; VN; RW; TZ; CM; GH; SL; NL; MG,Uganda; Kenya; Ethiopia; GB; MW; BW; Democratic Republic of the Congo; GN; MZ; ZA; VN; Rwanda; Tanzania; CM; GH; SL; NL; MG,Diagnostic Equipment; Facility Infrastructure; IT / Health Information Systems,24908570.06,2,Prioritise,Open account plan for donor route and map procurement stakeholders.,commercial
acct_3750198b72bd,org_68b2a4e49a05,TIGRAY COMMISSION OF DISASTER AND RISK MANAGEMENT,Implementing Partner,Tier 1,84.3,ET,Ethiopia,General health sector,25409718.0,1,Prioritise,Open account plan for implementing partner route and map procurement stakeholders.,commercial
acct_c2245316efc9,org_4cf85005900e,B GUMUZ DISASTER RISK AND MANAGEMENT OFFICE,Implementing Partner,Tier 1,84.3,ET,Ethiopia,General health sector,25409718.0,1,Prioritise,Open account plan for implementing partner route and map procurement stakeholders.,commercial
acct_efd6ad35db32,org_686278673783,AFAR REGIONAL DISASTER PREVENTION FOOD SECURITY AND PROGRAMME COORDINATION,Implementing Partner,Tier 1,84.3,ET,Ethiopia,General health sector,25409718.0,1,Prioritise,Open account plan for implementing partner route and map procurement stakeholders.,commercial
acct_c9097539b506,org_0b1e43577303,SOMALI REGIONAL STATE DISASTER RISK RISK MANAGEMENT BUREAU,Implementing Partner,Tier 1,84.3,ET,Ethiopia,General health sector,25409718.0,1,Prioritise,Open account plan for implementing partner route and map procurement stakeholders.,commercial
acct_6b933d8c4a4e,org_50f4b2847833,OROMIA REGION DISASTER RISK MANAGEMENT COMMISSION,Implementing Partner,Tier 1,84.3,ET,Ethiopia,General health sector,25409718.0,1,Prioritise,Open account plan for implementing partner route and map procurement stakeholders.,commercial
acct_b6e1ca38f4b5,org_9fce647a76a0,GPNRS DISASTER PREVENTION AND FOOD SECURITY AGENCY,Implementing Partner,Tier 1,84.3,ET,Ethiopia,General health sector,25409718.0,1,Prioritise,Open account plan for implementing partner route and map procurement stakeholders.,commercial
acct_dc042cc56675,org_9ff8322ce872,AMHARA DISASTER PREVENTION FOOD SECURITY COMMISSION OFFICE,Implementing Partner,Tier 1,84.3,ET,Ethiopia,General health sector,25409718.0,1,Prioritise,Open account plan for implementing partner route and map procurement stakeholders.,commercial
acct_694f31df73c6,org_a2fab98ce412,ACTION AGAINST HUNGER ETHIOPIA,Implementing Partner,Tier 1,84.3,ET,Ethiopia,General health sector,25409718.0,1,Prioritise,Open account plan for implementing partner route and map procurement stakeholders.,commercial
acct_f2e7420767cd,org_4cae9799fafb,REACH THE NEEDY ETHIOPIA RTN ETHIOPIA,Implementing Partner,Tier 1,84.3,ET,Ethiopia,General health sector,25409718.0,1,Prioritise,Open account plan for implementing partner route and map procurement stakeholders.,commercial
acct_3fdd8adb0670,org_e7945f9a4981,SNRS DISASTER RISK MANAGEMENT COMMISSION,Implementing Partner,Tier 1,84.3,ET,Ethiopia,General health sector,25409718.0,1,Prioritise,Open account plan for implementing partner route and map procurement stakeholders.,commercial
acct_b692e38f9a07,org_fa1bce90fc39,SOUTH WEST ETHIOPIAN REGION DISASTER RISK MANAGEMENT COMMISSION,Implementing Partner,Tier 1,84.3,ET,Ethiopia,General health sector,25409718.0,1,Prioritise,Open account plan for implementing partner route and map procurement stakeholders.,commercial
acct_a00fbff53090,org_302a05cfaccb,ETHIOPIAN PUBLIC HEALTH ASSOCIATION,Implementing Partner,Tier 1,84.3,ET,Ethiopia,General health sector,25409718.0,1,Prioritise,Open account plan for implementing partner route and map procurement stakeholders.,commercial
acct_5f20797ae76c,org_4299ba571223,CENTRAL ETHIOPIA REGIONAL STATE DRMC,Implementing Partner,Tier 1,84.3,ET,Ethiopia,General health sector,25409718.0,1,Prioritise,Open account plan for implementing partner route and map procurement stakeholders.,commercial
acct_47dc562f3944,org_d106c636e282,SERS DRMC,Implementing Partner,Tier 1,84.3,ET,Ethiopia,General health sector,25409718.0,1,Prioritise,Open account plan for implementing partner route and map procurement stakeholders.,commercial
acct_ce5b4718984b,org_777b547ddd26,UNIVERSITA DELLA SVIZZERA ITALIANA,Implementing Partner,Tier 1,84.3,ET,Ethiopia,General health sector,25409718.0,1,Prioritise,Open account plan for implementing partner route and map procurement stakeholders.,commercial
acct_cda006fb529b,org_cd2a37e07b0b,UNAIDS - Joint UN Programme,Donor,Tier 1,84.2,SS; CD; ET; RW; KE; TZ; UG,South Sudan; Democratic Republic of the Congo; Ethiopia; Rwanda; Kenya; Tanzania; Uganda,General health sector,1099480006.24,7,Prioritise,Open account plan for donor route and map procurement stakeholders.,commercial
acct_e02f14ebf085,org_2c4d41679def,European Commission / ECHO,Donor,Tier 1,84.1,CD; ET; SS; SO; KE; UG,Democratic Republic of the Congo; Ethiopia; South Sudan; Somalia; Kenya; Uganda,Facility Infrastructure; Diagnostic Equipment,3925948085.33,32,Prioritise,Open account plan for donor route and map procurement stakeholders.,commercial
acct_306da65e8e5f,org_4e3d6bbcaa69,FINN CHURCH AID KIRKON ULKOMAANAPU SR,Implementing Partner,Tier 1,84.1,KE,Kenya,General health sector,38387474.0,1,Prioritise,Open account plan for implementing partner route and map procurement stakeholders.,commercial
acct_1cb2e78d6838,org_888dac064567,MINISTRY OF EDUCATION,Implementing Partner,Tier 1,84.1,KE,Kenya,General health sector,38387474.0,1,Prioritise,Open account plan for implementing partner route and map procurement stakeholders.,commercial
acct_0dee42d0c697,org_6b7198f30b28,FILM AID KENYA,Implementing Partner,Tier 1,84.1,KE,Kenya,General health sector,38387474.0,1,Prioritise,Open account plan for implementing partner route and map procurement stakeholders.,commercial
acct_bdd31233293b,org_8190a8336b06,COUNTY DIRECTOR OF EDUCATION TURKANA,Implementing Partner,Tier 1,84.1,KE,Kenya,General health sector,38387474.0,1,Prioritise,Open account plan for implementing partner route and map procurement stakeholders.,commercial
acct_35623a35b002,org_440a305358b5,DEPT OF CHILDREN SERVICES TURKANA COUNTY,Implementing Partner,Tier 1,84.1,KE,Kenya,General health sector,38387474.0,1,Prioritise,Open account plan for implementing partner route and map procurement stakeholders.,commercial
acct_13fa594086f8,org_b08836c439a4,DEPARTMENT OF CHILDREN SERVICES SAMBURU COUNTY,Implementing Partner,Tier 1,84.1,KE,Kenya,General health sector,38387474.0,1,Prioritise,Open account plan for implementing partner route and map procurement stakeholders.,commercial
acct_49df685f1e9a,org_69fa7e9594c6,COUNTY DEPARTMENT OF HEALTH KAJIADO,Implementing Partner,Tier 1,84.1,KE,Kenya,General health sector,38387474.0,1,Prioritise,Open account plan for implementing partner route and map procurement stakeholders.,commercial
acct_911391312713,org_a34e6b03cbab,COUNTY COORDINATOR CHILDREN SERVICES KAJIADO COUNTY,Implementing Partner,Tier 1,84.1,KE,Kenya,General health sector,38387474.0,1,Prioritise,Open account plan for implementing partner route and map procurement stakeholders.,commercial
acct_c18a5e5ae4ac,org_dfa3b7099aea,COUNTY DIRECTOR OF EDUCATION WEST POKOT,Implementing Partner,Tier 1,84.1,KE,Kenya,General health sector,38387474.0,1,Prioritise,Open account plan for implementing partner route and map procurement stakeholders.,commercial
acct_863f898fd68e,org_9cd1cff44ebf,COUNTY DIRECTOR OF EDUCATION SAMBURU,Implementing Partner,Tier 1,84.1,KE,Kenya,General health sector,38387474.0,1,Prioritise,Open account plan for implementing partner route and map procurement stakeholders.,commercial
acct_4a2915ac4e95,org_3e7a75cad866,NATIONAL PARENTS ASSOCIATION,Implementing Partner,Tier 1,84.1,KE,Kenya,General health sector,38387474.0,1,Prioritise,Open account plan for implementing partner route and map procurement stakeholders.,commercial
acct_5f74988d8ac6,org_53f9d7df30c1,COUNTY DIRECTOR OF EDUCATION TANA RIVER COUNTY,Implementing Partner,Tier 1,84.1,KE,Kenya,General health sector,38387474.0,1,Prioritise,Open account plan for implementing partner route and map procurement stakeholders.,commercial
acct_b3356809f9e6,org_422f0b587477,HURU INTERNATIONAL KENYA,Implementing Partner,Tier 1,84.1,KE,Kenya,General health sector,38387474.0,1,Prioritise,Open account plan for implementing partner route and map procurement stakeholders.,commercial
acct_a316d8b95499,org_26310e7ef509,MINISTRY OF EDUCATION SCIENCE AND TECHNOLOGY STATE DEPT OF,Implementing Partner,Tier 1,84.1,KE,Kenya,General health sector,38387474.0,1,Prioritise,Open account plan for implementing partner route and map procurement stakeholders.,commercial
acct_6bfcc091d769,org_9587bc5904ca,MINISTRY OF EDUCATION STATE DEPARTMENT OF EARLY LEARNING AND,Implementing Partner,Tier 1,84.1,KE,Kenya,General health sector,38387474.0,1,Prioritise,Open account plan for implementing partner route and map procurement stakeholders.,commercial
acct_e8f9630eb6a8,org_9c29191d99a4,COUNTY DIRECTOR OF EDUCATION KWALE,Implementing Partner,Tier 1,84.1,KE,Kenya,General health sector,38387474.0,1,Prioritise,Open account plan for implementing partner route and map procurement stakeholders.,commercial
acct_b2f6d82b5814,org_f93f6752adfd,WOMEN EDUCATION AND HEALTH FOR DEVELOPMENT,Implementing Partner,Tier 1,84.1,KE,Kenya,General health sector,38387474.0,1,Prioritise,Open account plan for implementing partner route and map procurement stakeholders.,commercial
acct_0b30a9f5f909,org_9f8c9f75b72b,NETWORK FOR ADOLESCENT AND YOUTH OF AFRICA,Implementing Partner,Tier 1,84.1,KE,Kenya,General health sector,38387474.0,1,Prioritise,Open account plan for implementing partner route and map procurement stakeholders.,commercial
acct_d2e551e37252,org_6620c44e3fa0,IP not published,Implementing Partner,Tier 1,84.1,KE,Kenya,General health sector,38387474.0,1,Prioritise,Open account plan for implementing partner route and map procurement stakeholders.,commercial
acct_164971d0acba,org_1983101eaa97,IP not published,Implementing Partner,Tier 1,84.0,TZ,Tanzania,General health sector,27000000.0,1,Prioritise,Open account plan for implementing partner route and map procurement stakeholders.,commercial
acct_ff5c34fb68c0,org_39b01b658e89,REGISTERED TRUSTEES OF JAKAYA MRISHO KIKWETE FOUNDATION,Implementing Partner,Tier 1,84.0,TZ,Tanzania,General health sector,27000000.0,1,Prioritise,Open account plan for implementing partner route and map procurement stakeholders.,commercial
acct_83315de31d3e,org_b6f5a1117bc7,Norwegian Government,Donor,Tier 1,83.9,UG; TZ; ET; CD; KE; SS,Uganda; Tanzania; Ethiopia; Democratic Republic of the Congo; Kenya; South Sudan,Facility Infrastructure,171273494.0,6,Prioritise,Open account plan for donor route and map procurement stakeholders.,commercial
acct_ca9cc903c949,org_a3507ad21e48,NILE HOPE DEVELOPMENT FORUM,Implementing Partner,Tier 1,83.9,SS,South Sudan,General health sector,342214596.0,3,Prioritise,Open account plan for implementing partner route and map procurement stakeholders.,commercial
acct_13bc6b4bfdae,org_4607d4ad6674,KONETA,Implementing Partner,Tier 1,83.9,SS,South Sudan,General health sector,26323342.0,1,Prioritise,Open account plan for implementing partner route and map procurement stakeholders.,commercial
acct_be8d67682c13,org_4abf157f218e,WORLD CONCERN DEVELOPMENT ORGANIZATION,Implementing Partner,Tier 1,83.9,SS,South Sudan,General health sector,26323342.0,1,Prioritise,Open account plan for implementing partner route and map procurement stakeholders.,commercial
acct_a8c35b628a1d,org_d96f8fde4782,The United Kingdom,Donor,Tier 1,83.8,TZ; GH; KE; NG; ET; CM; CD; SN; BI; SO; SS; RW; UG; TD; CI; ML; NE; GB; MW; ZM; ZW; ZA; BW; MZ; SD; MG; PK; NP; KH; IN; ID; MM; VN; LR; SL; BD; AF; BG; LS; PH; SZ; TH; LA; SY; TL; IQ; EG; YE; MY; JO; TN; AO; CO; DZ; LB; LK; LY; MA; TR,Tanzania; GH; Kenya; NG; Ethiopia; CM; Democratic Republic of the Congo; SN; BI; Somalia; South Sudan; Rwanda; Uganda; TD; CI; ML; NE; GB; MW; ZM; ZW; ZA; BW; MZ; SD; MG; PK; NP; KH; IN; ID; MM; VN; LR; SL; BD; AF; BG; LS; PH; SZ; TH; LA; SY; TL; IQ; EG; YE; MY; JO; TN; AO; CO; DZ; LB; LK; LY; MA; TR,Facility Infrastructure; Diagnostic Equipment; IT / Health Information Systems; Medical Devices & Equipment,8444923693.28,56,Prioritise,Open account plan for donor route and map procurement stakeholders.,commercial
acct_e99c9883b2ab,org_362c561a73f0,GIRL EFFECT,Implementing Partner,Tier 1,83.8,ET,Ethiopia,General health sector,18083238.0,1,Prioritise,Open account plan for implementing partner route and map procurement stakeholders.,commercial
acct_1328628495c1,org_818d6371eca9,CESVI FOUNDATION ETS CESVI,Implementing Partner,Tier 1,83.8,SO,Somalia,General health sector,17440000.0,1,Prioritise,Open account plan for implementing partner route and map procurement stakeholders.,commercial
acct_7e9671192b9a,org_036c2657176f,COMITATO INTERNAZIONALE PER LO SVILUPPO DEI POPOLI SOMALIA,Implementing Partner,Tier 1,83.8,SO,Somalia,General health sector,17440000.0,1,Prioritise,Open account plan for implementing partner route and map procurement stakeholders.,commercial
acct_d9e7e92a6818,org_aaa1e871dd6c,HEALTH EDUCATION AGROPASTORALIST LIAISON HEAL,Implementing Partner,Tier 1,83.8,SO,Somalia,General health sector,17440000.0,1,Prioritise,Open account plan for implementing partner route and map procurement stakeholders.,commercial
acct_5d40be5b6192,org_f580adfa6bfb,WARDI RELIEF AND DEVELOPMENT INITIATIVES WARDI,Implementing Partner,Tier 1,83.8,SO,Somalia,General health sector,17440000.0,1,Prioritise,Open account plan for implementing partner route and map procurement stakeholders.,commercial
acct_4a423b273bbf,org_1d9908ea3eb0,AYUUB NGO,Implementing Partner,Tier 1,83.8,SO,Somalia,General health sector,17440000.0,1,Prioritise,Open account plan for implementing partner route and map procurement stakeholders.,commercial
acct_bdc172df4baf,org_5ac09d37f4b8,SOMALI RELIEF CENTER,Implementing Partner,Tier 1,83.8,SO,Somalia,General health sector,17440000.0,1,Prioritise,Open account plan for implementing partner route and map procurement stakeholders.,commercial
acct_80b902cf9c4b,org_24f5b801f5be,INTERNATIONAL MEDICAL CORPS UK,Implementing Partner,Tier 1,83.8,SO,Somalia,General health sector,17440000.0,1,Prioritise,Open account plan for implementing partner route and map procurement stakeholders.,commercial
acct_8319ada3866d,org_f336be3b8c41,NEW WAYS ORGANIZATION,Implementing Partner,Tier 1,83.8,SO,Somalia,General health sector,17440000.0,1,Prioritise,Open account plan for implementing partner route and map procurement stakeholders.,commercial
acct_290d7135b75e,org_a4d1936d9497,WOMEN ACTION FOR ADVOCACY AND PROGRESS ORGANIZATION,Implementing Partner,Tier 1,83.8,SO,Somalia,General health sector,17440000.0,1,Prioritise,Open account plan for implementing partner route and map procurement stakeholders.,commercial
acct_1a250a77e25e,org_ee6a08e6336b,SUN SECRETARIAT SOMALILAND,Implementing Partner,Tier 1,83.8,SO,Somalia,General health sector,17440000.0,1,Prioritise,Open account plan for implementing partner route and map procurement stakeholders.,commercial
acct_990abd9902ad,org_05583d362f80,ACTIVE IN DEVELOPMENT AID,Implementing Partner,Tier 1,83.8,SO,Somalia,General health sector,17440000.0,1,Prioritise,Open account plan for implementing partner route and map procurement stakeholders.,commercial
acct_1ea2d668b52f,org_49f58d0fc8bc,AFRICAN CHILDREN S RIGHTS FOUNDATION ACRIF,Implementing Partner,Tier 1,83.8,SO,Somalia,General health sector,17440000.0,1,Prioritise,Open account plan for implementing partner route and map procurement stakeholders.,commercial
acct_4a46a77c872f,org_10d2303f236a,UNICEF,Donor,Tier 1,83.7,SO; TZ; CD; SS; RW; UG; ET; KE; BD; CI; CO; GH; HT; JM; JO; MZ; NG; SN; BE; EG; IE; NP; CH; GB; US; AO; BF; BJ; CF; CM; GN; MG; MW; SL; TD; TG,Somalia; Tanzania; Democratic Republic of the Congo; South Sudan; Rwanda; Uganda; Ethiopia; Kenya; BD; CI; CO; GH; HT; JM; JO; MZ; NG; SN; BE; EG; IE; NP; CH; GB; US; AO; BF; BJ; CF; CM; GN; MG; MW; SL; TD; TG,Facility Infrastructure; Cold Chain / Storage; Diagnostic Equipment; IT / Health Information Systems,8363888205.21,84,Prioritise,Open account plan for donor route and map procurement stakeholders.,commercial
acct_dbf3dd2bf254,org_52ebda6614bb,GAVI The Vaccine Alliance,Donor,Tier 1,83.7,TZ; CD; RW; UG; SO; ET; SS; KE,Tanzania; Democratic Republic of the Congo; Rwanda; Uganda; Somalia; Ethiopia; South Sudan; Kenya,Facility Infrastructure; Cold Chain / Storage,2923021401.0,32,Prioritise,Open account plan for donor route and map procurement stakeholders.,commercial
acct_9a35b5c2e1a0,org_49c4670e46d2,Rice University,Implementing Partner,Tier 1,83.7,ET; KE; MW; NG; TZ,Ethiopia; Kenya; MW; NG; Tanzania,General health sector,20000000.0,1,Prioritise,Open account plan for implementing partner route and map procurement stakeholders.,commercial
acct_08c7eb1145cd,org_deb8b72683e4,KASESE DISTRICT UNICEF A C,Implementing Partner,Tier 1,83.7,UG,Uganda,General health sector,18571692.0,1,Prioritise,Open account plan for implementing partner route and map procurement stakeholders.,commercial
acct_a8a8bdb8d07d,org_e65cd668a0ee,NAKASONGOLA DISTRICT LOCAL GOVERNMENT,Implementing Partner,Tier 1,83.7,UG,Uganda,General health sector,18571692.0,1,Prioritise,Open account plan for implementing partner route and map procurement stakeholders.,commercial
acct_f0e1dc1fcb14,org_5933c41809a1,JINJA DISTRICT LOCAL GOVERNMENT,Implementing Partner,Tier 1,83.7,UG,Uganda,General health sector,18571692.0,1,Prioritise,Open account plan for implementing partner route and map procurement stakeholders.,commercial
acct_fc4dc8c76566,org_a570a7b3f6ba,IP not published,Implementing Partner,Tier 1,83.7,UG,Uganda,General health sector,18571692.0,1,Prioritise,Open account plan for implementing partner route and map procurement stakeholders.,commercial
acct_93dd1855e27a,org_75a7c94b30e2,BUVUMA DISTRICT LOCAL GOVERNMENT,Implementing Partner,Tier 1,83.7,UG,Uganda,General health sector,18571692.0,1,Prioritise,Open account plan for implementing partner route and map procurement stakeholders.,commercial
acct_a5a78612e58d,org_fbce07fddc58,KAMULI DISTRICT UNICEF,Implementing Partner,Tier 1,83.7,UG,Uganda,General health sector,18571692.0,1,Prioritise,Open account plan for implementing partner route and map procurement stakeholders.,commercial
acct_b1be52b78dac,org_225a63a601ca,BUIKWE DISTRICT LOCAL GOVERNMENT,Implementing Partner,Tier 1,83.7,UG,Uganda,General health sector,18571692.0,1,Prioritise,Open account plan for implementing partner route and map procurement stakeholders.,commercial
acct_17917cccd45d,org_e16becbb372a,KYEGEGWA DISTRICT UNICEF,Implementing Partner,Tier 1,83.7,UG,Uganda,General health sector,18571692.0,1,Prioritise,Open account plan for implementing partner route and map procurement stakeholders.,commercial
acct_9f5c919150ac,org_c7a08820c086,BUDAKA DISTRICT L G,Implementing Partner,Tier 1,83.7,UG,Uganda,General health sector,18571692.0,1,Prioritise,Open account plan for implementing partner route and map procurement stakeholders.,commercial
acct_506f03a78837,org_41106b01ed8c,FINN CHURCH AID,Implementing Partner,Tier 1,83.7,UG,Uganda,General health sector,18571692.0,1,Prioritise,Open account plan for implementing partner route and map procurement stakeholders.,commercial
acct_38ac215202f6,org_a72aa7571d2f,GULU CITY COUNCIL,Implementing Partner,Tier 1,83.7,UG,Uganda,General health sector,18571692.0,1,Prioritise,Open account plan for implementing partner route and map procurement stakeholders.,commercial
acct_07cb02a484b0,org_7ff4fd94b67d,MINISTRY OF HEALTH MOH,Implementing Partner,Tier 1,83.7,RW,Rwanda,General health sector,18271892.0,1,Prioritise,Open account plan for implementing partner route and map procurement stakeholders.,commercial
acct_2fd267c70a1c,org_ee2082e3bec2,IP not published,Implementing Partner,Tier 1,83.7,RW,Rwanda,General health sector,18271892.0,1,Prioritise,Open account plan for implementing partner route and map procurement stakeholders.,commercial
acct_dd3c4e871363,org_ec06aeb63f8f,UPHLS UMBRELLA OF ORGANIZATIONS OF PERSONS,Implementing Partner,Tier 1,83.7,RW,Rwanda,General health sector,18271892.0,1,Prioritise,Open account plan for implementing partner route and map procurement stakeholders.,commercial
acct_4552fcfd51e0,org_e02af2fbfaa7,RINDA UBUZIMA,Implementing Partner,Tier 1,83.7,RW,Rwanda,General health sector,18271892.0,1,Prioritise,Open account plan for implementing partner route and map procurement stakeholders.,commercial
acct_bbbcdee300ad,org_08f4480daa39,UNIVERSITY OF RWANDA UR SINGLE PROJECT IMPLEMENTATION UNIT,Implementing Partner,Tier 1,83.7,RW,Rwanda,General health sector,18271892.0,1,Prioritise,Open account plan for implementing partner route and map procurement stakeholders.,commercial
acct_e9cf3de9d344,org_a3ec33e6e0ff,HOPITAL DISTRICT MIBILIZI,Implementing Partner,Tier 1,83.7,RW,Rwanda,General health sector,16723092.0,1,Prioritise,Open account plan for implementing partner route and map procurement stakeholders.,commercial
acct_bec34af7b186,org_8387bbad088b,RUTSIRO DISTRICT,Implementing Partner,Tier 1,83.7,RW,Rwanda,General health sector,16723092.0,1,Prioritise,Open account plan for implementing partner route and map procurement stakeholders.,commercial
acct_b8e1ed3b5630,org_701d264a935d,WORLD VISION INTERNATIONAL RWANDA RWANDA,Implementing Partner,Tier 1,83.7,RW,Rwanda,General health sector,16723092.0,1,Prioritise,Open account plan for implementing partner route and map procurement stakeholders.,commercial
acct_5a4c030c129e,org_feb359fc4dce,Global - Thematic Humanitarian Resp,Donor,Tier 1,83.5,TZ; CD; SS; RW; UG; SO; ET; KE,Tanzania; Democratic Republic of the Congo; South Sudan; Rwanda; Uganda; Somalia; Ethiopia; Kenya,Facility Infrastructure; Diagnostic Equipment,5198283406.0,41,Prioritise,Open account plan for donor route and map procurement stakeholders.,commercial
acct_5bd491d36776,org_6e1a4e4a8d8d,Global - Water Sanitation & Hygiene,Donor,Tier 1,83.5,SS; RW; KE; UG; ET; SO; TZ,South Sudan; Rwanda; Kenya; Uganda; Ethiopia; Somalia; Tanzania,Facility Infrastructure,438656210.0,8,Prioritise,Open account plan for donor route and map procurement stakeholders.,commercial
acct_7870a1ee6bdd,org_d940f286616b,REGIONAL ADMINISTRATIVE SECRETARY DODOMA,Implementing Partner,Tier 1,83.5,TZ,Tanzania,General health sector,26581180.0,1,Prioritise,Open account plan for implementing partner route and map procurement stakeholders.,commercial
acct_c7bf2e900ca1,org_16b8f7068675,MINISTRY OF FINANCE AND PLANNING,Implementing Partner,Tier 1,83.5,TZ,Tanzania,General health sector,26581180.0,1,Prioritise,Open account plan for implementing partner route and map procurement stakeholders.,commercial
acct_636094acac74,org_0d88732c023d,MINISTRY OF HEALTH AND SOCIAL WELFARE HBF,Implementing Partner,Tier 1,83.5,TZ,Tanzania,General health sector,26581180.0,1,Prioritise,Open account plan for implementing partner route and map procurement stakeholders.,commercial
acct_7c635ae0c565,org_6cb2af7974da,REGIONAL ADMINISTRATIVE SECRETARY KAGERA,Implementing Partner,Tier 1,83.5,TZ,Tanzania,General health sector,26581180.0,1,Prioritise,Open account plan for implementing partner route and map procurement stakeholders.,commercial
acct_1a092e8afc22,org_85e91217e45f,PATHFINDER INTERNATIONAL TANZANIA OFFICE,Implementing Partner,Tier 1,83.5,TZ,Tanzania,General health sector,26581180.0,1,Prioritise,Open account plan for implementing partner route and map procurement stakeholders.,commercial
acct_9f5f2135b2c1,org_e6a74b08e335,CLINTON HEALTH ACCESS INITIATIVE,Implementing Partner,Tier 1,83.5,TZ,Tanzania,General health sector,26581180.0,1,Prioritise,Open account plan for implementing partner route and map procurement stakeholders.,commercial
acct_e00068dda201,org_b0e920602746,MBARALI DISTRICT COUNCIL,Implementing Partner,Tier 1,83.5,TZ,Tanzania,General health sector,20060000.0,1,Prioritise,Open account plan for implementing partner route and map procurement stakeholders.,commercial
acct_b9a6ea4ffa82,org_fd9473643319,RESTLESS DEVELOPMENT,Implementing Partner,Tier 1,83.5,TZ,Tanzania,General health sector,20060000.0,1,Prioritise,Open account plan for implementing partner route and map procurement stakeholders.,commercial
acct_caf6852060d6,org_ccaec044a64b,DED MBEYA WASH,Implementing Partner,Tier 1,83.5,TZ,Tanzania,General health sector,20060000.0,1,Prioritise,Open account plan for implementing partner route and map procurement stakeholders.,commercial
acct_eb26d6e0d997,org_355a42c2d5e4,KYELA DISTRICT COUNCIL,Implementing Partner,Tier 1,83.5,TZ,Tanzania,General health sector,20060000.0,1,Prioritise,Open account plan for implementing partner route and map procurement stakeholders.,commercial
acct_40157487cee7,org_9677dddcf543,MAKAMBAKO TOWN COUNCIL,Implementing Partner,Tier 1,83.5,TZ,Tanzania,General health sector,20060000.0,1,Prioritise,Open account plan for implementing partner route and map procurement stakeholders.,commercial
acct_2910c2d8cb03,org_a26cecac43ab,NJOMBE TOWN COUNCIL,Implementing Partner,Tier 1,83.5,TZ,Tanzania,General health sector,20060000.0,1,Prioritise,Open account plan for implementing partner route and map procurement stakeholders.,commercial
acct_7d8b8dc5296b,org_7b2af1032e3f,PEMBA NORTH REGION,Implementing Partner,Tier 1,83.5,TZ,Tanzania,General health sector,20060000.0,1,Prioritise,Open account plan for implementing partner route and map procurement stakeholders.,commercial
acct_34535c05a088,org_aba35b72b5ee,IP not published,Implementing Partner,Tier 1,83.5,TZ,Tanzania,General health sector,20060000.0,1,Prioritise,Open account plan for implementing partner route and map procurement stakeholders.,commercial
acct_ea7c6edab756,org_fed32af97c9c,FEDERAL MINISTRY OF HEALTH MDG POOL FUND,Implementing Partner,Tier 1,83.5,ET,Ethiopia,General health sector,15600834.0,1,Prioritise,Open account plan for implementing partner route and map procurement stakeholders.,commercial
acct_e926f8382831,org_79c3b21fcc11,ETHIOPIAN FOOD AND DRUG AUTHORITY,Implementing Partner,Tier 1,83.5,ET,Ethiopia,General health sector,15600834.0,1,Prioritise,Open account plan for implementing partner route and map procurement stakeholders.,commercial
acct_232650a44b0d,org_69d9a043b51b,MOTHER AND CHILD DEVELOPMENT ORG,Implementing Partner,Tier 1,83.5,ET,Ethiopia,General health sector,15600834.0,1,Prioritise,Open account plan for implementing partner route and map procurement stakeholders.,commercial
acct_63b2000fccee,org_f4974e087cdb,FOOD AND BEVERAGE INDUSTRY RESEARCH AND DEVELOPMENT CENTER,Implementing Partner,Tier 1,83.5,ET,Ethiopia,General health sector,15600834.0,1,Prioritise,Open account plan for implementing partner route and map procurement stakeholders.,commercial
acct_f20ad0fd8e4b,org_ecfb5d8ab3d6,MINISTRY OF INDUSTRY,Implementing Partner,Tier 1,83.5,ET,Ethiopia,General health sector,15600834.0,1,Prioritise,Open account plan for implementing partner route and map procurement stakeholders.,commercial
acct_ef01c535da7b,org_7ea02b08c5a6,ACTION POUR LE DEVELOPPEMENT DU PEUPLE ADEPE,Implementing Partner,Tier 1,83.4,RW,Rwanda,General health sector,14200144.0,1,Prioritise,Open account plan for implementing partner route and map procurement stakeholders.,commercial
acct_102b5bdd8683,org_77bf18ac5dc8,France,Donor,Tier 1,83.3,CD; SS; KE; SO; UG; ET,Democratic Republic of the Congo; South Sudan; Kenya; Somalia; Uganda; Ethiopia,Facility Infrastructure,844259528.0,11,Prioritise,Open account plan for donor route and map procurement stakeholders.,commercial
acct_7d3a992f2460,org_43b5dbe7a66e,MOROTO DISTRICT LOCAL GOVERNMENT,Implementing Partner,Tier 1,83.3,UG,Uganda,General health sector,13780988.0,1,Prioritise,Open account plan for implementing partner route and map procurement stakeholders.,commercial
acct_7e6930faa9dc,org_de9d9e0d0ced,KOTIDO DISTRICT LOCAL GOVERNMENT,Implementing Partner,Tier 1,83.3,UG,Uganda,General health sector,13780988.0,1,Prioritise,Open account plan for implementing partner route and map procurement stakeholders.,commercial
acct_eed9a4a1b190,org_a6d7ba22fffa,KAABONG DISTRICT UNICEF ACCOUNT,Implementing Partner,Tier 1,83.3,UG,Uganda,General health sector,13780988.0,1,Prioritise,Open account plan for implementing partner route and map procurement stakeholders.,commercial
acct_3581465b52eb,org_150f3106e43a,UNICEF Regular Resources,Donor,Tier 1,83.2,SO; TZ; CD; SS; RW; UG; ET; KE,Somalia; Tanzania; Democratic Republic of the Congo; South Sudan; Rwanda; Uganda; Ethiopia; Kenya,Facility Infrastructure; Cold Chain / Storage; Diagnostic Equipment,7407403961.0,77,Prioritise,Open account plan for donor route and map procurement stakeholders.,commercial
acct_b590d3bdec45,org_ad2a79e69f64,European Commission/EC,Donor,Tier 1,83.2,CD; UG; TZ; ET; SS; SO; KE,Democratic Republic of the Congo; Uganda; Tanzania; Ethiopia; South Sudan; Somalia; Kenya,Facility Infrastructure,2019930550.0,18,Prioritise,Open account plan for donor route and map procurement stakeholders.,commercial
acct_01ed70751084,org_a44964c58a64,French Committee for UNICEF,Donor,Tier 1,83.2,SS; ET; TZ; SO; KE; CD,South Sudan; Ethiopia; Tanzania; Somalia; Kenya; Democratic Republic of the Congo,Facility Infrastructure,1109471136.0,6,Prioritise,Open account plan for donor route and map procurement stakeholders.,commercial
acct_63b7a6668a2c,org_bdd5ceaea466,South Sudan,Donor,Tier 1,83.2,SS,South Sudan,Diagnostic Equipment; IT / Health Information Systems,9262778.7,2,Prioritise,Open account plan for donor route and map procurement stakeholders.,commercial
acct_8143a2bf53aa,org_bceec50a2a37,"EngenderHealth, Inc.",Implementing Partner,Tier 1,83.2,ET,Ethiopia,General health sector,13550000.0,1,Prioritise,Open account plan for implementing partner route and map procurement stakeholders.,commercial
acct_c74477ab19de,org_974536e03101,Health Systems Insight,Implementing Partner,Tier 1,83.1,KE; UG; BF; PK; ID; PH,Kenya; Uganda; BF; PK; ID; PH,General health sector,27348019.0,1,Prioritise,Open account plan for implementing partner route and map procurement stakeholders.,commercial
acct_37a1d96a0acb,org_438e628e03ab,KENYA SCOUTS ASSOCIATION,Implementing Partner,Tier 1,83.0,KE,Kenya,General health sector,13928596.0,1,Prioritise,Open account plan for implementing partner route and map procurement stakeholders.,commercial
acct_ea256b804521,org_3d56936f65c1,NATIONAL COUNCIL FOR NOMADIC EDUCATION IN KENYA,Implementing Partner,Tier 1,83.0,KE,Kenya,General health sector,13928596.0,1,Prioritise,Open account plan for implementing partner route and map procurement stakeholders.,commercial
acct_c210af347a53,org_69e148b3c52a,COUNTY GOVT KISUMU DEPT OF SPECIAL PROGRAMMES AND DISASTER MGT,Implementing Partner,Tier 1,83.0,KE,Kenya,General health sector,13928596.0,1,Prioritise,Open account plan for implementing partner route and map procurement stakeholders.,commercial
acct_9a89a24e254c,org_d3ae4ef5f777,ACTION DES VOLONTAIRES UNIS POUR LE DEVELOPPEMENT ET LA SANTE,Implementing Partner,Tier 1,82.9,CD,Democratic Republic of the Congo,General health sector,413222464.0,2,Prioritise,Open account plan for implementing partner route and map procurement stakeholders.,commercial
acct_0d845446ba25,org_1c965c215fba,APPUI MEDICAL INTEGRE AUX ACTIVITES DE LABORATOIRE,Implementing Partner,Tier 1,82.9,CD,Democratic Republic of the Congo,General health sector,408424174.0,2,Prioritise,Open account plan for implementing partner route and map procurement stakeholders.,commercial
acct_9a5e5d32071f,org_4dfe82054dbd,SAVE THE CHILDREN SWEDEN RWANDA,Implementing Partner,Tier 1,82.9,RW,Rwanda,General health sector,10339866.0,1,Prioritise,Open account plan for implementing partner route and map procurement stakeholders.,commercial
acct_d3f74a728666,org_9038c898801e,NATIONAL COUNCIL OF PERSONS WITH DISABILITIES,Implementing Partner,Tier 1,82.9,RW,Rwanda,General health sector,10339866.0,1,Prioritise,Open account plan for implementing partner route and map procurement stakeholders.,commercial
acct_40f09e8915fb,org_856e782a6f5a,PLAN INTERNATIONAL RWANDA,Implementing Partner,Tier 1,82.9,RW,Rwanda,General health sector,10339866.0,1,Prioritise,Open account plan for implementing partner route and map procurement stakeholders.,commercial
acct_69e7f5b4d556,org_f5345dbb47b1,KIGALI COLLABORATIVE RESEARCH CENTRE,Implementing Partner,Tier 1,82.9,RW,Rwanda,General health sector,10339866.0,1,Prioritise,Open account plan for implementing partner route and map procurement stakeholders.,commercial
acct_6ed6d3fbf117,org_61991ba80421,AICS - Italian Agency for Cooperation and Development,Donor,Tier 1,82.8,KE; SS; ET; UG; SO,Kenya; South Sudan; Ethiopia; Uganda; Somalia,Facility Infrastructure; Diagnostic Equipment; IT / Health Information Systems; Cold Chain / Storage,795238612.01,3,Prioritise,Open account plan for donor route and map procurement stakeholders.,commercial
acct_7b66e30f20cf,org_2fcd7bf4ade5,NATIONAL AIDS CONTROL COUNCIL,Implementing Partner,Tier 1,82.8,KE,Kenya,General health sector,13466202.0,1,Prioritise,Open account plan for implementing partner route and map procurement stakeholders.,commercial
acct_498988269bbb,org_0a84cad15bb0,PUMWANI MATERNITY HOSPITAL,Implementing Partner,Tier 1,82.8,KE,Kenya,General health sector,13466202.0,1,Prioritise,Open account plan for implementing partner route and map procurement stakeholders.,commercial
acct_f8b775e2ee2b,org_d519f4b3c443,Bureau for Humanitarian Assistance,Donor,Tier 1,82.7,TZ; SO; CD; SS; RW; ET; KE; UG,Tanzania; Somalia; Democratic Republic of the Congo; South Sudan; Rwanda; Ethiopia; Kenya; Uganda,Facility Infrastructure; Diagnostic Equipment,5687035522.44,45,Prioritise,Open account plan for donor route and map procurement stakeholders.,commercial
acct_2c8a35fb23d0,org_dd01d271b88a,UNFPA - UN Population Fund,Donor,Tier 1,82.7,UG; CD; ET; KE; RW; TZ; SS; SO,Uganda; Democratic Republic of the Congo; Ethiopia; Kenya; Rwanda; Tanzania; South Sudan; Somalia,Facility Infrastructure; Medical Devices & Equipment,1008188923.85,11,Prioritise,Open account plan for donor route and map procurement stakeholders.,commercial
acct_6d1738e941be,org_7a27e999ef54,Clinton Health Access Initiative,Implementing Partner,Tier 1,82.7,ET; KE; ZA; MW; MZ; NG; ZW; CN; ID; PH; VN; AO; CM; BJ; SL; UG; BF; DO; GT; HT; HN; NI; PA; MM; KH; LA; PG; CD; RW; IN; TZ; ZM; LR; BE; EG; IE; NP; CH; GB; US; TJ; JO; BR,Ethiopia; Kenya; ZA; MW; MZ; NG; ZW; CN; ID; PH; VN; AO; CM; BJ; SL; Uganda; BF; DO; GT; HT; HN; NI; PA; MM; KH; LA; PG; Democratic Republic of the Congo; Rwanda; IN; Tanzania; ZM; LR; BE; EG; IE; NP; CH; GB; US; TJ; JO; BR,Diagnostic Equipment; Facility Infrastructure,184662680.77,6,Prioritise,Open account plan for implementing partner route and map procurement stakeholders.,commercial
acct_a08dea0b9e52,org_c85997e8a5fe,The Rotary Foundation of Rotary International,Implementing Partner,Tier 1,82.6,CD; MZ; NG; ZM,Democratic Republic of the Congo; MZ; NG; ZM,General health sector,13000000.0,1,Prioritise,Open account plan for implementing partner route and map procurement stakeholders.,commercial
acct_c6d920341016,org_aa16e0a2122a,Global - HIV and AIDS,Donor,Tier 1,82.5,UG; ET; RW; KE; TZ; SS,Uganda; Ethiopia; Rwanda; Kenya; Tanzania; South Sudan,General health sector,462468670.0,8,Prioritise,Open account plan for donor route and map procurement stakeholders.,commercial
acct_7933c1f504f7,org_a3c56bc3164e,London School of Hygiene and Tropical Medicine,Implementing Partner,Tier 1,82.5,GB; GM; KE; MW; UG; ET; MG; BD; JO; AF; BE; FJ; ID; LK; IN; ZA; CH; GH; CI; NG; BW; CD; GN; MZ; VN; SO; TZ; SL; NL,GB; GM; Kenya; MW; Uganda; Ethiopia; MG; BD; JO; AF; BE; FJ; ID; LK; IN; ZA; CH; GH; CI; NG; BW; Democratic Republic of the Congo; GN; MZ; VN; Somalia; Tanzania; SL; NL,Diagnostic Equipment; Facility Infrastructure; IT / Health Information Systems,40852762.67,4,Prioritise,Open account plan for implementing partner route and map procurement stakeholders.,commercial
acct_12e2a1d342fc,org_cfdedca70e1c,African Capacity Building Foundation,Implementing Partner,Tier 1,82.5,ZA; CD; BJ; ET; GH; CI; KE; MR; NG; SN; UG; ZM,ZA; Democratic Republic of the Congo; BJ; Ethiopia; GH; CI; Kenya; MR; NG; SN; Uganda; ZM,General health sector,11999981.0,1,Prioritise,Open account plan for implementing partner route and map procurement stakeholders.,commercial
acct_912f13a2cdef,org_c3c61b7035d5,Campaign for Tobacco-Free Kids,Implementing Partner,Tier 1,82.4,ZA; ET; KE; NG; SN; TG; ZM,ZA; Ethiopia; Kenya; NG; SN; TG; ZM,General health sector,8000000.0,1,Prioritise,Open account plan for implementing partner route and map procurement stakeholders.,commercial
acct_ac9a98d450e2,org_77742aefdb9d,"Imperial College of Science, Technology and Medicine",Implementing Partner,Tier 1,82.3,ET; CD; MZ; TZ; BW; GN; MW; ZA; VN; GM; GH; BF; KE; SD; ZM; GB; LK; LB; RW; CM; NG; UG; NZ,Ethiopia; Democratic Republic of the Congo; MZ; Tanzania; BW; GN; MW; ZA; VN; GM; GH; BF; Kenya; SD; ZM; GB; LK; LB; Rwanda; CM; NG; Uganda; NZ,Diagnostic Equipment; Vehicles & Transport,27593729.0,2,Prioritise,Open account plan for implementing partner route and map procurement stakeholders.,commercial
acct_bebd23a32454,org_7967296d7267,IP not published,Implementing Partner,Tier 1,82.3,TZ,Tanzania,General health sector,10240000.0,1,Prioritise,Open account plan for implementing partner route and map procurement stakeholders.,commercial
acct_d0cefebc1f3f,org_d63b9f7058c5,MUFINDI DISTRICT COUNCIL,Implementing Partner,Tier 1,82.1,TZ,Tanzania,General health sector,8981730.0,1,Prioritise,Open account plan for implementing partner route and map procurement stakeholders.,commercial
acct_f0d2772c1f6c,org_0fe2df0005e6,MAKETE DISTRICT COUNCIL,Implementing Partner,Tier 1,82.1,TZ,Tanzania,General health sector,8981730.0,1,Prioritise,Open account plan for implementing partner route and map procurement stakeholders.,commercial
acct_d0fe695c6037,org_76c6f5313b02,IRINGA DISTRICT COUNCIL,Implementing Partner,Tier 1,82.1,TZ,Tanzania,General health sector,8981730.0,1,Prioritise,Open account plan for implementing partner route and map procurement stakeholders.,commercial
acct_9d8f76b2a830,org_2e07a4f9a8e7,SANITATION AND WATER ACTION SAWA,Implementing Partner,Tier 1,82.1,TZ,Tanzania,General health sector,8981730.0,1,Prioritise,Open account plan for implementing partner route and map procurement stakeholders.,commercial
acct_91279e44d81c,org_7f9b5b2aac11,ENVIRONMENTAL ENGINEERING AND POLLUTION CONTROL ORGANISATION EEPCO,Implementing Partner,Tier 1,82.1,TZ,Tanzania,General health sector,8981730.0,1,Prioritise,Open account plan for implementing partner route and map procurement stakeholders.,commercial
acct_0c6f4ce60a05,org_9274b84b60a0,DED MUFINDI WASH,Implementing Partner,Tier 1,82.1,TZ,Tanzania,General health sector,8981730.0,1,Prioritise,Open account plan for implementing partner route and map procurement stakeholders.,commercial
acct_dcd79e9576b5,org_e8496647e1ce,DED MAKETE WASH,Implementing Partner,Tier 1,82.1,TZ,Tanzania,General health sector,8981730.0,1,Prioritise,Open account plan for implementing partner route and map procurement stakeholders.,commercial
acct_e1ec9249d8e7,org_7361ad1bb203,DED NJOMBE WASH,Implementing Partner,Tier 1,82.1,TZ,Tanzania,General health sector,8981730.0,1,Prioritise,Open account plan for implementing partner route and map procurement stakeholders.,commercial
acct_7413501f8e9c,org_ba8622fc9a16,KILOLO DISTRICT COUNCIL,Implementing Partner,Tier 1,82.1,TZ,Tanzania,General health sector,8981730.0,1,Prioritise,Open account plan for implementing partner route and map procurement stakeholders.,commercial
acct_576872e788af,org_8932c5eb6d2b,MOMBA DISTRICT COUNCIL,Implementing Partner,Tier 1,82.1,TZ,Tanzania,General health sector,8981730.0,1,Prioritise,Open account plan for implementing partner route and map procurement stakeholders.,commercial
acct_fa66743746fa,org_b2f71cb9dcf2,TANZANIA COMMUNICATION AND DEVELOPMENT CENTER,Implementing Partner,Tier 1,82.1,TZ,Tanzania,General health sector,8981730.0,1,Prioritise,Open account plan for implementing partner route and map procurement stakeholders.,commercial
acct_1bdd2a0db26f,org_009b3049366d,MINISTRY OF WATER ENERGY AND MINERALS,Implementing Partner,Tier 1,82.1,TZ,Tanzania,General health sector,8981730.0,1,Prioritise,Open account plan for implementing partner route and map procurement stakeholders.,commercial
acct_8ffdb036d63c,org_be7606d8c304,IP not published,Implementing Partner,Tier 1,82.1,TZ,Tanzania,General health sector,8981730.0,1,Prioritise,Open account plan for implementing partner route and map procurement stakeholders.,commercial
acct_fc95343a6c36,org_e452f039651a,"Development Gateway, Inc.",Implementing Partner,Tier 1,81.5,ZA; CD; ET; KE; NG; ZM,ZA; Democratic Republic of the Congo; Ethiopia; Kenya; NG; ZM,General health sector,5259206.0,1,Prioritise,Open account plan for implementing partner route and map procurement stakeholders.,commercial
acct_14b28dd8b6a5,org_a7056e433b82,"Vital Strategies, Inc.",Implementing Partner,Tier 1,81.5,ET,Ethiopia,General health sector,4997038.0,1,Prioritise,Open account plan for implementing partner route and map procurement stakeholders.,commercial
acct_b33ff7ca66da,org_8b4dad7cea2d,Canada,Donor,Tier 1,81.4,TZ; CD; SS; RW; UG; SO; ET; KE,Tanzania; Democratic Republic of the Congo; South Sudan; Rwanda; Uganda; Somalia; Ethiopia; Kenya,Facility Infrastructure; Diagnostic Equipment,4463913964.0,35,Prioritise,Open account plan for donor route and map procurement stakeholders.,commercial
acct_6b6ad7984256,org_16afe6ac44e9,ACTION OF THE FUTURE,Implementing Partner,Tier 1,81.4,CD,Democratic Republic of the Congo,General health sector,492133024.0,2,Prioritise,Open account plan for implementing partner route and map procurement stakeholders.,commercial
acct_08b8b879b799,org_a08e1c94af54,Semafor,Implementing Partner,Tier 1,81.4,ZA; ET; NG,ZA; Ethiopia; NG,General health sector,4700000.0,1,Prioritise,Open account plan for implementing partner route and map procurement stakeholders.,commercial
acct_0bd68fe785d6,org_082ad75cc409,PROGRAMME DE PROMOTION DES SOINS DE SANTE PRIMAIRES,Implementing Partner,Tier 1,81.2,CD,Democratic Republic of the Congo,General health sector,435998394.0,2,Prioritise,Open account plan for implementing partner route and map procurement stakeholders.,commercial
acct_dd513e064016,org_4e176e3a3b71,BlueSquare,Implementing Partner,Tier 1,81.2,CD; GN; CI; NE; BF,Democratic Republic of the Congo; GN; CI; NE; BF,General health sector,3500883.0,1,Prioritise,Open account plan for implementing partner route and map procurement stakeholders.,commercial
acct_521f865367db,org_b2676c3405cd,15ème Communauté Baptiste du Congo ECC ASBL,Implementing Partner,Tier 1,81.2,CD,Democratic Republic of the Congo,Facility Infrastructure,14000.0,1,Prioritise,Open account plan for implementing partner route and map procurement stakeholders.,commercial
acct_db94a325a427,org_070e09b8a9b2,Partners in Expanding Health Quality and Access,Implementing Partner,Tier 1,81.1,CD; KE; NG; SN; BF; PK,Democratic Republic of the Congo; Kenya; NG; SN; BF; PK,General health sector,4799974.0,1,Prioritise,Open account plan for implementing partner route and map procurement stakeholders.,commercial
acct_e0bc98ada44e,org_2fdad4a8e791,Global Financing Facility,Donor,Tier 1,81.0,TZ; ET,Tanzania; Ethiopia,Facility Infrastructure,86783488.0,1,Prioritise,Open account plan for donor route and map procurement stakeholders.,commercial
acct_ddf92384ec31,org_fd753cbb10ba,UK - Department for Work and Pensions,Donor,Tier 1,81.0,SO,Somalia,IT / Health Information Systems; Medical Devices & Equipment,27000000.0,0,Prioritise,Open account plan for donor route and map procurement stakeholders.,commercial
acct_658f60792899,org_110c839bdcb6,Netherlands Enterprise Agency,Donor,Tier 1,80.9,BD; CI; CO; EG; ET; GH; ID; IN; KE; MA; NA; NG; SN; TZ; UA; UG; VN; ZA; AF; AO; BF; BR; BS; BZ; CD; CL; CM; CU; DO; DZ; EC; GQ; GT; GY; HN; HT; JM; KG; KM; KP; LB; LY; MG; MK; ML; MR; MW; MZ; NE; NI; PE; PK; PS; PY; SD; SO; SR; SS; SV; SY; SZ; TO; TR; VE; YE; ZW; AL; BO; BW; CF; DM; GR; LK; LR; PG; RW; SL; TD; ZM; AM; BA; BI; BJ; BT; CN; CR; CV; DJ; ER; GE; GM; GN; IQ; IR; JO; KH; LA; MD; MM; MN; NP; PA; PH; ST; TG; TH; TN; XK; MY; AE; BH; KW; OM; QA; SA; AZ; BG; CG; LT; RO; VU; AR; MX; BY; GA; HU; PL,BD; CI; CO; EG; Ethiopia; GH; ID; IN; Kenya; MA; NA; NG; SN; Tanzania; UA; Uganda; VN; ZA; AF; AO; BF; BR; BS; BZ; Democratic Republic of the Congo; CL; CM; CU; DO; DZ; EC; GQ; GT; GY; HN; HT; JM; KG; KM; KP; LB; LY; MG; MK; ML; MR; MW; MZ; NE; NI; PE; PK; PS; PY; SD; Somalia; SR; South Sudan; SV; SY; SZ; TO; TR; VE; YE; ZW; AL; BO; BW; CF; DM; GR; LK; LR; PG; Rwanda; SL; TD; ZM; AM; BA; BI; BJ; BT; CN; CR; CV; DJ; ER; GE; GM; GN; IQ; IR; JO; KH; LA; MD; MM; MN; NP; PA; PH; ST; TG; TH; TN; XK; MY; AE; BH; KW; OM; QA; SA; AZ; BG; CG; LT; RO; VU; AR; MX; BY; GA; HU; PL,Facility Infrastructure,1423514021.02,2,Prioritise,Open account plan for donor route and map procurement stakeholders.,commercial
acct_8a4111eff7e6,org_04e0002a9d2a,ADRA - Adventist Development and Relief Agency Canada,Implementing Partner,Tier 1,80.6,KE; KH; PH; UG,Kenya; KH; PH; Uganda,General health sector,27224260.0,1,Prioritise,Open account plan for implementing partner route and map procurement stakeholders.,commercial
acct_ae5c5d480e36,org_cb0ec54797d4,MINISTRY OF GENDER LABOUR AND SOCIAL DEVELOPMENT,Implementing Partner,Tier 1,80.6,UG,Uganda,General health sector,2533114.0,1,Prioritise,Open account plan for implementing partner route and map procurement stakeholders.,commercial
acct_72cdcef711fc,org_3ea2574d4de4,OFFICE OF PRIME MINISTER,Implementing Partner,Tier 1,80.6,UG,Uganda,General health sector,2533114.0,1,Prioritise,Open account plan for implementing partner route and map procurement stakeholders.,commercial
acct_0c2b4fbd6cae,org_1456c652e546,HOIMA REGIONAL REFERRAL HOSPITAL,Implementing Partner,Tier 1,80.6,UG,Uganda,General health sector,2533114.0,1,Prioritise,Open account plan for implementing partner route and map procurement stakeholders.,commercial
acct_e7b966c18230,org_d3e60f3d969c,MASAKA REGIONAL REFERRAL HOSPITAL,Implementing Partner,Tier 1,80.6,UG,Uganda,General health sector,2533114.0,1,Prioritise,Open account plan for implementing partner route and map procurement stakeholders.,commercial
acct_5629bf49f77b,org_1a5c829f6a88,"UK Foreign, Commonwealth & Development Office (FCDO)",Donor,Tier 1,80.6,IN; NG; ZA; UG; VN; CD; ET; ID; KE; LA; MM; RW; TZ; ZM; ZW,IN; NG; ZA; Uganda; VN; Democratic Republic of the Congo; Ethiopia; ID; Kenya; LA; MM; Rwanda; Tanzania; ZM; ZW,Diagnostic Equipment,17320245.0,0,Prioritise,Open account plan for donor route and map procurement stakeholders.,commercial
acct_0d023df1a094,org_eb571fae3b24,AMREF Health Africa,Implementing Partner,Tier 1,80.5,ET; KE; SN; TZ,Ethiopia; Kenya; SN; Tanzania,General health sector,44808816.0,3,Prioritise,Open account plan for implementing partner route and map procurement stakeholders.,commercial
acct_1e7a3dbfb322,org_6b40f25e9a1b,Japan,Donor,Tier 1,80.4,CD; SS; RW; TZ; ET; KE; SO; UG,Democratic Republic of the Congo; South Sudan; Rwanda; Tanzania; Ethiopia; Kenya; Somalia; Uganda,Facility Infrastructure; Cold Chain / Storage; Diagnostic Equipment; Medical Devices & Equipment,4265207550.0,31,Prioritise,Open account plan for donor route and map procurement stakeholders.,commercial
acct_2deb774788b2,org_ca7612b4759e,Access to Nutrition Initiative,Implementing Partner,Tier 1,80.4,KE; TZ; BD; ID,Kenya; Tanzania; BD; ID,General health sector,2350000.0,1,Prioritise,Open account plan for implementing partner route and map procurement stakeholders.,commercial
acct_4b0f9f9ae888,org_daa1751d7af3,Federal Ministry of Health of the Federal Democratic Republic of Ethiopia,Implementing Partner,Tier 1,80.3,ET,Ethiopia,Facility Infrastructure; Medical Devices & Equipment,389461168.69,1,Prioritise,Open account plan for implementing partner route and map procurement stakeholders.,commercial
acct_8e242b129a89,org_22743893ef10,"Brigham and Women's Hospital, Inc.",Implementing Partner,Tier 1,80.2,ZA; KE; RW,ZA; Kenya; Rwanda,General health sector,3055966.0,1,Prioritise,Open account plan for implementing partner route and map procurement stakeholders.,commercial
acct_6abe705592dd,org_579beb5630b7,"PeriGen, Inc",Implementing Partner,Tier 1,80.0,KE,Kenya,General health sector,3419973.0,1,Prioritise,Open account plan for implementing partner route and map procurement stakeholders.,commercial
acct_f4428fc8b036,org_7ab660e8c633,Last Mile Health,Implementing Partner,Tier 1,80.0,ET,Ethiopia,General health sector,2520000.0,1,Prioritise,Open account plan for implementing partner route and map procurement stakeholders.,commercial
acct_78653de2ec1e,org_16d31313c65c,JOHN DAU FOUNDATION,Implementing Partner,Tier 1,79.8,SS,South Sudan,General health sector,188913626.0,2,Prioritise,Open account plan for implementing partner route and map procurement stakeholders.,commercial
acct_517901861eb5,org_b9300736aa6f,ZANZIBAR AIDS COMMISSION,Implementing Partner,Tier 1,79.8,TZ,Tanzania,General health sector,3493682.0,1,Prioritise,Open account plan for implementing partner route and map procurement stakeholders.,commercial
acct_4b8a80487fd7,org_a95f11f0cca8,BAYLOR COLLEGE OF MEDICINE CHILDREN S FOUNDATION TANZANIA,Implementing Partner,Tier 1,79.8,TZ,Tanzania,General health sector,3493682.0,1,Prioritise,Open account plan for implementing partner route and map procurement stakeholders.,commercial
acct_b5de2edb4127,org_27a475e2a21d,IP not published,Implementing Partner,Tier 1,79.8,TZ,Tanzania,General health sector,3493682.0,1,Prioritise,Open account plan for implementing partner route and map procurement stakeholders.,commercial
acct_87bf30869a18,org_9f9a39a5a240,Federal Ministry for Economic Cooperation and Development (BMZ),Donor,Tier 1,79.7,RW; TZ; SS; KE; CD; SO; ET; UG,Rwanda; Tanzania; South Sudan; Kenya; Democratic Republic of the Congo; Somalia; Ethiopia; Uganda,Facility Infrastructure; Medical Devices & Equipment; Diagnostic Equipment; IT / Health Information Systems,3399915141.77,35,Prioritise,Open account plan for donor route and map procurement stakeholders.,commercial
acct_9498bf2c65c7,org_43c9dae7d836,Sweden,Donor,Tier 1,79.7,SO; CD; ET; UG; RW; SS; TZ; BW; KE; LS; MW; ZA; ZM; ZW; PK; UA; GB; BA; KH; LA; LK; RS; VN; NG; SZ; MM; LB; MZ; MD; BD; LR; PS; GH; ID; MA; PE; SN; TJ; BF; CG; CI; CM; GA; MG; ML; NA; NE; BI; CF; GN; GW; TD; CO; EG; GT; HN; HT; IN; IQ; JO; PH; AF; TH,Somalia; Democratic Republic of the Congo; Ethiopia; Uganda; Rwanda; South Sudan; Tanzania; BW; Kenya; LS; MW; ZA; ZM; ZW; PK; UA; GB; BA; KH; LA; LK; RS; VN; NG; SZ; MM; LB; MZ; MD; BD; LR; PS; GH; ID; MA; PE; SN; TJ; BF; CG; CI; CM; GA; MG; ML; NA; NE; BI; CF; GN; GW; TD; CO; EG; GT; HN; HT; IN; IQ; JO; PH; AF; TH,Facility Infrastructure; Diagnostic Equipment; IT / Health Information Systems; Medical Devices & Equipment,3248351287.7,14,Prioritise,Open account plan for donor route and map procurement stakeholders.,commercial
acct_3aeef1f7b51e,org_73fa80025ade,PATH,Implementing Partner,Tier 1,79.7,CF; CD; ET; GM; NG; SN; ZM; KE; NE; SO; PK; UG; ZA; RW,CF; Democratic Republic of the Congo; Ethiopia; GM; NG; SN; ZM; Kenya; NE; Somalia; PK; Uganda; ZA; Rwanda,General health sector,64931042.0,4,Prioritise,Open account plan for implementing partner route and map procurement stakeholders.,commercial
acct_073196e9d358,org_86ff8fd60111,Action Against Hunger,Implementing Partner,Tier 1,79.6,TZ; UG,Tanzania; Uganda,General health sector,10000000.0,1,Prioritise,Open account plan for implementing partner route and map procurement stakeholders.,commercial
acct_d293df5678e0,org_6d673f26a4c1,"Gavi, the Vaccine Alliance",Donor,Tier 1,79.5,KE; TZ; CD; SO; ET; RW; SS; UG,Kenya; Tanzania; Democratic Republic of the Congo; Somalia; Ethiopia; Rwanda; South Sudan; Uganda,Diagnostic Equipment,29463119.24,2,Prioritise,Open account plan for donor route and map procurement stakeholders.,commercial
acct_a0b622531de6,org_825cd9c899fb,Government of Tanzania - Ministry of Finance,Implementing Partner,Tier 1,79.3,TZ,Tanzania,Facility Infrastructure,75500000.0,0,Prioritise,Open account plan for implementing partner route and map procurement stakeholders.,commercial
acct_517cfbb82333,org_1b8c6d4e0012,COUNTY GOVERNMENT OF MARSABIT DEPARTMENT OF HEALTH SERVICES,Implementing Partner,Tier 1,79.2,KE,Kenya,Facility Infrastructure,774265202.0,9,Prioritise,Open account plan for implementing partner route and map procurement stakeholders.,commercial
acct_d4235a883b0c,org_151e2e7760da,UN Joint Programme,Donor,Tier 1,79.1,TZ; ET; UG; CD; SO; KE; SS; RW; ZW; ZA; NG; BW; GH; SL,Tanzania; Ethiopia; Uganda; Democratic Republic of the Congo; Somalia; Kenya; South Sudan; Rwanda; ZW; ZA; NG; BW; GH; SL,Facility Infrastructure; Diagnostic Equipment,2428146293.29,22,Prioritise,Open account plan for donor route and map procurement stakeholders.,commercial
acct_5a2eeaa57547,org_103f18d131e0,Cognition Studio Inc,Implementing Partner,Tier 1,79.0,UA; CM; CF; TD; CD; ET; GH; GN; CI; KE; LR; MG; MW; ML; MR; MZ; NE; NG; ZW; RW; SN; SL; SO; TZ; UG; BF; ZM; GT; HT; TJ; AF; PK; BD; KH; ID; VN,UA; CM; CF; TD; Democratic Republic of the Congo; Ethiopia; GH; GN; CI; Kenya; LR; MG; MW; ML; MR; MZ; NE; NG; ZW; Rwanda; SN; SL; Somalia; Tanzania; Uganda; BF; ZM; GT; HT; TJ; AF; PK; BD; KH; ID; VN,General health sector,2501803.0,1,Prioritise,Open account plan for implementing partner route and map procurement stakeholders.,commercial
acct_ef06da404cbc,org_401563c400ec,"Financial Sector Deepening, Kenya",Implementing Partner,Tier 1,79.0,KE,Kenya,General health sector,2100000.0,1,Prioritise,Open account plan for implementing partner route and map procurement stakeholders.,commercial
acct_f2271035f675,org_55a1a5779f01,"Foreign, Commonwealth & Development Office",Donor,Tier 1,78.8,KE,Kenya,IT / Health Information Systems,3906398.0,0,Prioritise,Open account plan for donor route and map procurement stakeholders.,commercial
acct_dfa6e8f2a86b,org_f78a2cb4b397,Zenysis Technologies Inc.,Implementing Partner,Tier 1,78.7,RW,Rwanda,General health sector,1200000.0,1,Prioritise,Open account plan for implementing partner route and map procurement stakeholders.,commercial
acct_829d90cfdfb3,org_066f588172bf,United Nations Children's Fund,Donor,Tier 1,78.6,SS; SO; TZ,South Sudan; Somalia; Tanzania,Facility Infrastructure,86548218.03,1,Prioritise,Open account plan for donor route and map procurement stakeholders.,commercial
acct_e9f7607887eb,org_d7467a19807d,World Bank Trust Funds,Implementing Partner,Tier 1,78.5,TZ; SO; ET; UG; RW; CD; KE,Tanzania; Somalia; Ethiopia; Uganda; Rwanda; Democratic Republic of the Congo; Kenya,Facility Infrastructure,876300804.53,2,Prioritise,Open account plan for implementing partner route and map procurement stakeholders.,commercial
acct_e28611a5ac60,org_d14a7e1beb3d,REPUBLIQUE DU RWANDA,Implementing Partner,Tier 1,78.4,RW,Rwanda,Facility Infrastructure,134999999.95,1,Prioritise,Open account plan for implementing partner route and map procurement stakeholders.,commercial
acct_b7f389d5bd76,org_4d5d6d241526,UNICEF-Saudi Arabia,Donor,Tier 1,78.1,SS; SO; ET,South Sudan; Somalia; Ethiopia,Facility Infrastructure,383595298.0,3,Prioritise,Open account plan for donor route and map procurement stakeholders.,commercial
acct_85c12095ab37,org_c2c1dd5c7b33,Institute of Tropical Medicine,Implementing Partner,Tier 1,78.1,CD,Democratic Republic of the Congo,Diagnostic Equipment,13014968.0,2,Prioritise,Open account plan for implementing partner route and map procurement stakeholders.,commercial
acct_b138578a25a3,org_0ae70a066e90,International Development Association,Donor,Tier 1,78.0,SS; KE; RW; CD; ET,South Sudan; Kenya; Rwanda; Democratic Republic of the Congo; Ethiopia,Facility Infrastructure,1102000015.0,1,Prioritise,Open account plan for donor route and map procurement stakeholders.,commercial
acct_a96d5027594d,org_5c090398f454,Family Health International,Implementing Partner,Tier 1,78.0,ET; KE; NG; SN; SL; TZ; ZM; VN; ZA; ID,Ethiopia; Kenya; NG; SN; SL; Tanzania; ZM; VN; ZA; ID,General health sector,3169986.0,1,Prioritise,Open account plan for implementing partner route and map procurement stakeholders.,commercial
acct_98398a5ae302,org_8ae9ad31e503,INFECTIOUS DISEASES INSTITUTE,Implementing Partner,Tier 1,77.9,UG; TZ,Uganda; Tanzania,Facility Infrastructure; Vehicles & Transport,5987852.84,1,Prioritise,Open account plan for implementing partner route and map procurement stakeholders.,commercial
acct_709edd2e7c1a,org_e1064810350d,National Institute for Health and Care Research,Donor,Tier 1,77.5,GB; GM; KE; UG; CM; ZA; MW,GB; GM; Kenya; Uganda; CM; ZA; MW,Facility Infrastructure; IT / Health Information Systems,10426335.5,1,Prioritise,Open account plan for donor route and map procurement stakeholders.,commercial
acct_69fc3c550591,org_1a04bec92649,STATE MINISTRY OF HEALTH UNITY,Implementing Partner,Tier 1,77.4,SS,South Sudan,Facility Infrastructure; Cold Chain / Storage,1582067484.0,9,Prioritise,Open account plan for implementing partner route and map procurement stakeholders.,commercial
acct_c89c8db01a66,org_f7fc61989d2a,Gesundes Afrika e.V.,Donor,Tier 1,77.0,UG,Uganda,Facility Infrastructure,872726.0,0,Prioritise,Open account plan for donor route and map procurement stakeholders.,commercial
acct_ab269409b489,org_16466d9a7ed7,World Health Orgaisation,Donor,Tier 1,77.0,KE,Kenya,Diagnostic Equipment,838311.0,0,Prioritise,Open account plan for donor route and map procurement stakeholders.,commercial
acct_47395672d6de,org_163cff0bb50f,DKT Ethiopia,Implementing Partner,Tier 1,76.9,ET,Ethiopia,Facility Infrastructure,9650000.0,0,Prioritise,Open account plan for implementing partner route and map procurement stakeholders.,commercial
acct_24ca5141a191,org_621f5f43b3e1,Hong Kong Committee for UNICEF,Donor,Tier 1,76.8,SS; SO; KE,South Sudan; Somalia; Kenya,General health sector,201682146.0,2,Prioritise,Open account plan for donor route and map procurement stakeholders.,commercial
acct_cf3ca6c6f874,org_42600280dab1,Canada - Department of Foreign Affairscomma Trade and Development,Donor,Tier 1,76.8,SO; ET; TZ; CD; RW; KE,Somalia; Ethiopia; Tanzania; Democratic Republic of the Congo; Rwanda; Kenya,Facility Infrastructure,457240644.78,1,Prioritise,Open account plan for donor route and map procurement stakeholders.,commercial
acct_0121cfc5b6cc,org_aade22f8ac33,University of Glasgow,Implementing Partner,Tier 1,76.8,GB; UG; KE; NG; IN,GB; Uganda; Kenya; NG; IN,Diagnostic Equipment,3663138.0,1,Prioritise,Open account plan for implementing partner route and map procurement stakeholders.,commercial
acct_84ce4afd5c1c,org_c28f18a2c9e6,REPUBLIQUE DEMOCRATIQUE DU CONGO,Implementing Partner,Tier 1,76.7,CD,Democratic Republic of the Congo,Facility Infrastructure,8999999.95,0,Prioritise,Open account plan for implementing partner route and map procurement stakeholders.,commercial
acct_ff30303b4e51,org_6ece9f87194e,Respiratory Society of Kenya,Implementing Partner,Tier 1,76.6,GB; KE; NG; MW; UG,GB; Kenya; NG; MW; Uganda,Diagnostic Equipment,7903833.58,0,Prioritise,Open account plan for implementing partner route and map procurement stakeholders.,commercial
acct_08caf5ea5a96,org_b99b03569e37,Zankli Research Centre,Implementing Partner,Tier 1,76.6,GB; KE; NG; MW; UG,GB; Kenya; NG; MW; Uganda,Diagnostic Equipment,7903833.58,0,Prioritise,Open account plan for implementing partner route and map procurement stakeholders.,commercial
acct_f1d486528a9e,org_3ac48966b591,International Organization for Migration,Donor,Tier 1,76.5,CD; SS; UG,Democratic Republic of the Congo; South Sudan; Uganda,Facility Infrastructure,1310200732.0,2,Prioritise,Open account plan for donor route and map procurement stakeholders.,commercial
acct_57db7de6ee75,org_8f33c902f1a4,STATE MINISTRY OF HEALTH WESTERN EQUATORIA,Implementing Partner,Tier 1,76.4,SS,South Sudan,Facility Infrastructure; Cold Chain / Storage,976266800.0,8,Prioritise,Open account plan for implementing partner route and map procurement stakeholders.,commercial
acct_54fa2cabe562,org_ae1b58ba3bfa,"The Global Fund to Fight AIDS, Tuberculosis and Malaria",Donor,Tier 1,76.4,ET; GH; LS; MW; MZ; UG; CM; TD; ML; MR; NE; TZ; BF; SS; CD; GN; KE; LR; MG; NG; ZW; SL; ZM; BD; ID,Ethiopia; GH; LS; MW; MZ; Uganda; CM; TD; ML; MR; NE; Tanzania; BF; South Sudan; Democratic Republic of the Congo; GN; Kenya; LR; MG; NG; ZW; SL; ZM; BD; ID,General health sector,21147145.0,2,Prioritise,Open account plan for donor route and map procurement stakeholders.,commercial
acct_8e0070ed9a2c,org_ee29b21a9493,Stichting Vluchteling,Donor,Tier 1,76.3,BI; CD,BI; Democratic Republic of the Congo,Facility Infrastructure,481685.0,0,Prioritise,Open account plan for donor route and map procurement stakeholders.,commercial
acct_d6319da66b25,org_de0287111667,Health Poverty Action,Implementing Partner,Tier 1,76.2,ET; KE; ZW; UG; CD; GH; MZ; NP; NG; RW; SL; TZ; ZM,Ethiopia; Kenya; ZW; Uganda; Democratic Republic of the Congo; GH; MZ; NP; NG; Rwanda; SL; Tanzania; ZM,Diagnostic Equipment,376651190.0,1,Prioritise,Open account plan for implementing partner route and map procurement stakeholders.,commercial
acct_4892127f5b5f,org_70ba48f302e7,ACAD - Christian Action for Aid and Development,Implementing Partner,Tier 1,76.2,CD,Democratic Republic of the Congo,Facility Infrastructure,5403557.0,0,Prioritise,Open account plan for implementing partner route and map procurement stakeholders.,commercial
acct_ce2ffa651a34,org_03f184fc4d50,World Health Organization,Implementing Partner,Tier 1,75.9,ET; NG; IN; PK; CD; SO; KE; UG; ZM; MZ; SN; BD; TZ; MX; IR; IQ; SY; AF; CN; RW; SS,Ethiopia; NG; IN; PK; Democratic Republic of the Congo; Somalia; Kenya; Uganda; ZM; MZ; SN; BD; Tanzania; MX; IR; IQ; SY; AF; CN; Rwanda; South Sudan,Facility Infrastructure,80308997.72,5,Prioritise,Open account plan for implementing partner route and map procurement stakeholders.,commercial
acct_ab772c440c22,org_052f5a45b6a5,Centre Suisse de Recherches Scientifiques en Côte d'Ivoire,Implementing Partner,Tier 1,75.8,GB; MW; KE; GH; CI; NG,GB; MW; Kenya; GH; CI; NG,Diagnostic Equipment,6052752.39,0,Prioritise,Open account plan for implementing partner route and map procurement stakeholders.,commercial
acct_adcd2cb23dc6,org_8004f426a74a,Kamuzu College of Health Sciences,Implementing Partner,Tier 1,75.8,GB; MW; KE; GH; CI; NG,GB; MW; Kenya; GH; CI; NG,Diagnostic Equipment,6052752.39,0,Prioritise,Open account plan for implementing partner route and map procurement stakeholders.,commercial
acct_e78683e2754d,org_76e59ca41007,Navrongo Health Research Centre,Implementing Partner,Tier 1,75.8,GB; MW; KE; GH; CI; NG,GB; MW; Kenya; GH; CI; NG,Diagnostic Equipment,6052752.39,0,Prioritise,Open account plan for implementing partner route and map procurement stakeholders.,commercial
acct_9f4069337ab5,org_a7e5c7fd9402,Nigeria Centre for Disease Control,Implementing Partner,Tier 1,75.8,GB; MW; KE; GH; CI; NG,GB; MW; Kenya; GH; CI; NG,Diagnostic Equipment,6052752.39,0,Prioritise,Open account plan for implementing partner route and map procurement stakeholders.,commercial
acct_b20ffbbea06f,org_5d321fbdb7b5,Nigeria Institute of Medical Research,Implementing Partner,Tier 1,75.8,GB; MW; KE; GH; CI; NG,GB; MW; Kenya; GH; CI; NG,Diagnostic Equipment,6052752.39,0,Prioritise,Open account plan for implementing partner route and map procurement stakeholders.,commercial
acct_90252f50f014,org_5c8c4205a844,Wellcome Connecting Science,Implementing Partner,Tier 1,75.8,GB; MW; KE; GH; CI; NG,GB; MW; Kenya; GH; CI; NG,Diagnostic Equipment,6052752.39,0,Prioritise,Open account plan for implementing partner route and map procurement stakeholders.,commercial
acct_d3e467536b86,org_a302be00eeaa,Adina Stiftelsen,Implementing Partner,Tier 1,75.6,UG,Uganda,Facility Infrastructure,3250000.0,0,Prioritise,Open account plan for implementing partner route and map procurement stakeholders.,commercial
acct_de4817c8fc14,org_06dab5ab119f,Adina Stiftelsen - Local Office,Implementing Partner,Tier 1,75.6,UG,Uganda,Facility Infrastructure,3250000.0,0,Prioritise,Open account plan for implementing partner route and map procurement stakeholders.,commercial
acct_6208a556ba63,org_1223eb0bfe26,CBM Christian Blind Mission,Implementing Partner,Tier 1,75.6,KE; BD; JO; UG; GB; AF; BE; FJ; ID; LK; IN; ZA; CH,Kenya; BD; JO; Uganda; GB; AF; BE; FJ; ID; LK; IN; ZA; CH,Diagnostic Equipment,3198511.4,0,Prioritise,Open account plan for implementing partner route and map procurement stakeholders.,commercial
acct_a1a0aa25b6d5,org_e08ee588cd1c,Centre for Disability in Development,Implementing Partner,Tier 1,75.6,KE; BD; JO; UG; GB; AF; BE; FJ; ID; LK; IN; ZA; CH,Kenya; BD; JO; Uganda; GB; AF; BE; FJ; ID; LK; IN; ZA; CH,Diagnostic Equipment,3198511.4,0,Prioritise,Open account plan for implementing partner route and map procurement stakeholders.,commercial
acct_8813f37c60d6,org_bd759540a46d,Global Alliance of Assistive Technology Organizations,Implementing Partner,Tier 1,75.6,KE; BD; JO; UG; GB; AF; BE; FJ; ID; LK; IN; ZA; CH,Kenya; BD; JO; Uganda; GB; AF; BE; FJ; ID; LK; IN; ZA; CH,Diagnostic Equipment,3198511.4,0,Prioritise,Open account plan for implementing partner route and map procurement stakeholders.,commercial
acct_275bc9df3030,org_5b11b4e0933d,Humanity & Inclusion,Implementing Partner,Tier 1,75.6,KE; BD; JO; UG; GB; AF; BE; FJ; ID; LK; IN; ZA; CH,Kenya; BD; JO; Uganda; GB; AF; BE; FJ; ID; LK; IN; ZA; CH,Diagnostic Equipment,3198511.4,0,Prioritise,Open account plan for implementing partner route and map procurement stakeholders.,commercial
acct_cbb87d7c283e,org_6cd3bc0a36f8,IIT Delhi,Implementing Partner,Tier 1,75.6,KE; BD; JO; UG; GB; AF; BE; FJ; ID; LK; IN; ZA; CH,Kenya; BD; JO; Uganda; GB; AF; BE; FJ; ID; LK; IN; ZA; CH,Diagnostic Equipment,3198511.4,0,Prioritise,Open account plan for implementing partner route and map procurement stakeholders.,commercial
acct_4506dd964a11,org_ca36d8daf91f,International Society for Prosthetics and Orthotics,Implementing Partner,Tier 1,75.6,KE; BD; JO; UG; GB; AF; BE; FJ; ID; LK; IN; ZA; CH,Kenya; BD; JO; Uganda; GB; AF; BE; FJ; ID; LK; IN; ZA; CH,Diagnostic Equipment,3198511.4,0,Prioritise,Open account plan for implementing partner route and map procurement stakeholders.,commercial
acct_9e4d9e543cfb,org_2bba57d10590,Mobility India,Implementing Partner,Tier 1,75.6,KE; BD; JO; UG; GB; AF; BE; FJ; ID; LK; IN; ZA; CH,Kenya; BD; JO; Uganda; GB; AF; BE; FJ; ID; LK; IN; ZA; CH,Diagnostic Equipment,3198511.4,0,Prioritise,Open account plan for implementing partner route and map procurement stakeholders.,commercial
acct_40d7c4c2c9e5,org_28ab60035e4d,Sheikh Zayed Eye Hospital,Implementing Partner,Tier 1,75.6,KE; BD; JO; UG; GB; AF; BE; FJ; ID; LK; IN; ZA; CH,Kenya; BD; JO; Uganda; GB; AF; BE; FJ; ID; LK; IN; ZA; CH,Diagnostic Equipment,3198511.4,0,Prioritise,Open account plan for implementing partner route and map procurement stakeholders.,commercial
acct_4b51b84d85bc,org_cd38292fead7,The Hong Kong Polytechnic University,Implementing Partner,Tier 1,75.6,KE; BD; JO; UG; GB; AF; BE; FJ; ID; LK; IN; ZA; CH,Kenya; BD; JO; Uganda; GB; AF; BE; FJ; ID; LK; IN; ZA; CH,Diagnostic Equipment,3198511.4,0,Prioritise,Open account plan for implementing partner route and map procurement stakeholders.,commercial
acct_01952a2d2080,org_a613ff7a3a11,Uganda Medical Research Council,Implementing Partner,Tier 1,75.6,KE; BD; JO; UG; GB; AF; BE; FJ; ID; LK; IN; ZA; CH,Kenya; BD; JO; Uganda; GB; AF; BE; FJ; ID; LK; IN; ZA; CH,Diagnostic Equipment,3198511.4,0,Prioritise,Open account plan for implementing partner route and map procurement stakeholders.,commercial
acct_565795763a2c,org_0540815a803b,Health Research Operations Kenya Limited,Implementing Partner,Tier 1,75.5,GB; MW; KE; GH; CI; NG,GB; MW; Kenya; GH; CI; NG,Diagnostic Equipment,3026376.39,0,Prioritise,Open account plan for implementing partner route and map procurement stakeholders.,commercial
acct_634c7e354174,org_e66180e77982,Malawi-Liverpool-Wellcome Trust Clinical Research Programme,Implementing Partner,Tier 1,75.5,GB; MW; KE; GH; CI; NG,GB; MW; Kenya; GH; CI; NG,Diagnostic Equipment,3026376.39,0,Prioritise,Open account plan for implementing partner route and map procurement stakeholders.,commercial
acct_203a71a8cdec,org_0b8166f09a3b,University College London,Accountable Agency,Tier 1,75.5,KE,Kenya,Diagnostic Equipment,3026376.0,0,Prioritise,Open account plan for accountable agency route and map procurement stakeholders.,commercial
acct_8ed9e47f5366,org_743a0de3ffeb,Botswana Harvard AIDS Institute Partnership,Implementing Partner,Tier 1,75.5,BW; CD; GN; MW; MZ; ZA; VN,BW; Democratic Republic of the Congo; GN; MW; MZ; ZA; VN,Diagnostic Equipment,2984340.0,0,Prioritise,Open account plan for implementing partner route and map procurement stakeholders.,commercial
acct_2317c9bf9f70,org_d94b211dac81,Hanoi Medical University,Implementing Partner,Tier 1,75.5,BW; CD; GN; MW; MZ; ZA; VN,BW; Democratic Republic of the Congo; GN; MW; MZ; ZA; VN,Diagnostic Equipment,2984340.0,0,Prioritise,Open account plan for implementing partner route and map procurement stakeholders.,commercial
acct_a2808182501a,org_baff44e1057d,Malawi Liverpool Wellcome Trust clinical Research Unit,Implementing Partner,Tier 1,75.5,BW; CD; GN; MW; MZ; ZA; VN,BW; Democratic Republic of the Congo; GN; MW; MZ; ZA; VN,Diagnostic Equipment,2984340.0,0,Prioritise,Open account plan for implementing partner route and map procurement stakeholders.,commercial
acct_16ba74e0849d,org_0bbb9aa246de,St. George's University of London (SGUL),Implementing Partner,Tier 1,75.5,BW; CD; GN; MW; MZ; ZA; VN,BW; Democratic Republic of the Congo; GN; MW; MZ; ZA; VN,Diagnostic Equipment,2984340.0,0,Prioritise,Open account plan for implementing partner route and map procurement stakeholders.,commercial
acct_a9884bbbf0ef,org_3d0b38a1b202,Wits Health Consortium,Implementing Partner,Tier 1,75.5,BW; CD; GN; MW; MZ; ZA; VN,BW; Democratic Republic of the Congo; GN; MW; MZ; ZA; VN,Diagnostic Equipment,2984340.0,0,Prioritise,Open account plan for implementing partner route and map procurement stakeholders.,commercial
acct_6a16b2059071,org_a6a52c35073e,Drugs for Neglected Diseases initiative,Implementing Partner,Tier 1,75.5,BW; CD; GN; MW; MZ; ZA; VN,BW; Democratic Republic of the Congo; GN; MW; MZ; ZA; VN,Diagnostic Equipment,2984340.0,0,Prioritise,Open account plan for implementing partner route and map procurement stakeholders.,commercial
acct_339d83d0d43c,org_824c6763cc56,Jomo Kenyatta University of Science and Technology,Implementing Partner,Tier 1,75.4,KE; GB,Kenya; GB,Diagnostic Equipment; Facility Infrastructure,2789607.0,0,Prioritise,Open account plan for implementing partner route and map procurement stakeholders.,commercial
acct_065c3ab9b121,org_4c4e5180f8cb,"Kenyatta University Teaching, Referral and Research Hospital",Implementing Partner,Tier 1,75.4,KE; GB,Kenya; GB,Diagnostic Equipment; Facility Infrastructure,2789607.0,0,Prioritise,Open account plan for implementing partner route and map procurement stakeholders.,commercial
acct_0e7736e3787e,org_9a7bd1ffa3c8,Manchester University NHS Foundation Trust,Implementing Partner,Tier 1,75.4,KE; GB,Kenya; GB,Diagnostic Equipment; Facility Infrastructure,2789607.0,0,Prioritise,Open account plan for implementing partner route and map procurement stakeholders.,commercial
acct_4414a3d4a560,org_dfd7ce4be0dc,Mount Kenya University,Implementing Partner,Tier 1,75.4,KE; GB,Kenya; GB,Diagnostic Equipment; Facility Infrastructure,2789607.0,0,Prioritise,Open account plan for implementing partner route and map procurement stakeholders.,commercial
acct_30a8e82f3fe7,org_4b0cb2bdb82c,National Cancer Institute of Kenya,Implementing Partner,Tier 1,75.4,KE; GB,Kenya; GB,Diagnostic Equipment; Facility Infrastructure,2789607.0,0,Prioritise,Open account plan for implementing partner route and map procurement stakeholders.,commercial
acct_587ee4ec9363,org_a50a5de5642b,Salford Royal NHS Foundation Trust,Implementing Partner,Tier 1,75.4,KE; GB,Kenya; GB,Diagnostic Equipment; Facility Infrastructure,2789607.0,0,Prioritise,Open account plan for implementing partner route and map procurement stakeholders.,commercial
acct_becd41035ee0,org_77913c1d4c93,Tenwek Hospital,Implementing Partner,Tier 1,75.4,KE; GB,Kenya; GB,Diagnostic Equipment; Facility Infrastructure,2789607.0,0,Prioritise,Open account plan for implementing partner route and map procurement stakeholders.,commercial
acct_953d3f876698,org_22455ebca194,The Christie NHS Foundation Trust,Implementing Partner,Tier 1,75.4,KE; GB,Kenya; GB,Diagnostic Equipment; Facility Infrastructure,2789607.0,0,Prioritise,Open account plan for implementing partner route and map procurement stakeholders.,commercial
acct_f52f9916e0f0,org_535a10c5e67f,Al-Ameen for Humanitarian Support,Implementing Partner,Tier 1,75.3,SO,Somalia,Facility Infrastructure,6548257.0,0,Prioritise,Open account plan for implementing partner route and map procurement stakeholders.,commercial
acct_a06640f07560,org_7c2147904355,Netherlands Committee for UNICEF,Donor,Tier 1,75.2,KE; SO; UG,Kenya; Somalia; Uganda,General health sector,416053978.0,4,Prioritise,Open account plan for donor route and map procurement stakeholders.,commercial
acct_c06d0916d311,org_5d22ba82a83c,The Pandemic Fund,Donor,Tier 1,75.1,TZ; CD; ET; SS; SO,Tanzania; Democratic Republic of the Congo; Ethiopia; South Sudan; Somalia,Diagnostic Equipment,36673218.33,1,Prioritise,Open account plan for donor route and map procurement stakeholders.,commercial
acct_c15025810af8,org_c7602a88dff4,Canterbury Christ Church University,Implementing Partner,Tier 1,75.1,GM; GH; BF; KE; SD; ZM,GM; GH; BF; Kenya; SD; ZM,Diagnostic Equipment,2153794.0,0,Prioritise,Open account plan for implementing partner route and map procurement stakeholders.,commercial
acct_0f8520f191e8,org_5d0c1c44ce34,"Institut de la Recherche en la Santé, Clinical Unit of Nanoro (IRSS-CRUN)",Implementing Partner,Tier 1,75.1,GM; GH; BF; KE; SD; ZM,GM; GH; BF; Kenya; SD; ZM,Diagnostic Equipment,2153794.0,0,Prioritise,Open account plan for implementing partner route and map procurement stakeholders.,commercial
acct_2d2f6d9ecf3a,org_6ab7694dabc1,Institute of Cancer Research,Implementing Partner,Tier 1,75.1,GM; GH; BF; KE; SD; ZM,GM; GH; BF; Kenya; SD; ZM,Diagnostic Equipment,2153794.0,0,Prioritise,Open account plan for implementing partner route and map procurement stakeholders.,commercial
acct_793d16f9328b,org_6b2f137dc7a1,Masinde Muliro University of Technology and Sciences,Implementing Partner,Tier 1,75.1,GM; GH; BF; KE; SD; ZM,GM; GH; BF; Kenya; SD; ZM,Diagnostic Equipment,2153794.0,0,Prioritise,Open account plan for implementing partner route and map procurement stakeholders.,commercial
acct_db2d1da9d8e1,org_dd9ab43043c6,Mino Health AI,Implementing Partner,Tier 1,75.1,GM; GH; BF; KE; SD; ZM,GM; GH; BF; Kenya; SD; ZM,Diagnostic Equipment,2153794.0,0,Prioritise,Open account plan for implementing partner route and map procurement stakeholders.,commercial
acct_bfcf857ad708,org_5173e823de58,MRC Unit The Gambia,Implementing Partner,Tier 1,75.1,GM; GH; BF; KE; SD; ZM,GM; GH; BF; Kenya; SD; ZM,Diagnostic Equipment,2153794.0,0,Prioritise,Open account plan for implementing partner route and map procurement stakeholders.,commercial
acct_b3c175e9e9cd,org_5fb976883cd1,Patient Helping Fund Organization,Implementing Partner,Tier 1,75.1,GM; GH; BF; KE; SD; ZM,GM; GH; BF; Kenya; SD; ZM,Diagnostic Equipment,2153794.0,0,Prioritise,Open account plan for implementing partner route and map procurement stakeholders.,commercial
acct_b1b4a8367e23,org_2bb241b816a2,The Hague University of Applied Sciences,Implementing Partner,Tier 1,75.1,GM; GH; BF; KE; SD; ZM,GM; GH; BF; Kenya; SD; ZM,Diagnostic Equipment,2153794.0,0,Prioritise,Open account plan for implementing partner route and map procurement stakeholders.,commercial
acct_0a20c2a7f6f0,org_c09b3535f8c2,Tropical Diseases Research Centre,Implementing Partner,Tier 1,75.1,GM; GH; BF; KE; SD; ZM,GM; GH; BF; Kenya; SD; ZM,Diagnostic Equipment,2153794.0,0,Prioritise,Open account plan for implementing partner route and map procurement stakeholders.,commercial
acct_faf173813116,org_2706368475cd,University of Ghana,Implementing Partner,Tier 1,75.1,GM; GH; BF; KE; SD; ZM,GM; GH; BF; Kenya; SD; ZM,Diagnostic Equipment,2153794.0,0,Prioritise,Open account plan for implementing partner route and map procurement stakeholders.,commercial
acct_8f78cd2cc553,org_6a6df2c66a09,University of Khartoum,Implementing Partner,Tier 1,75.1,GM; GH; BF; KE; SD; ZM,GM; GH; BF; Kenya; SD; ZM,Diagnostic Equipment,2153794.0,0,Prioritise,Open account plan for implementing partner route and map procurement stakeholders.,commercial
acct_9d079ec3d0fe,org_3e28a23fe013,EXPERTISE FRANCE,Implementing Partner,Tier 1,75.0,ET; RW,Ethiopia; Rwanda,Facility Infrastructure,0.0,1,Prioritise,Open account plan for implementing partner route and map procurement stakeholders.,commercial
acct_08415547faa2,org_8f881fd1d47b,Norway - Ministry of Foreign Affairs,Donor,Tier 2,74.9,SO; ET; TZ; CD; RW; KE,Somalia; Ethiopia; Tanzania; Democratic Republic of the Congo; Rwanda; Kenya,Facility Infrastructure,732311155.5,1,Qualify,Validate decision makers and connect top programmes to likely tender portals.,commercial
acct_7d7ea706b4f8,org_09417b67be5d,IP not published,Implementing Partner,Tier 1,74.8,KE,Kenya,Facility Infrastructure,464424388.0,5,Prioritise,Open account plan for implementing partner route and map procurement stakeholders.,commercial
acct_b4598de501d7,org_2a6a69d5a021,WASH ALLIANCE SOCIETY OF KENYA,Implementing Partner,Tier 1,74.8,KE,Kenya,Facility Infrastructure,464424388.0,5,Prioritise,Open account plan for implementing partner route and map procurement stakeholders.,commercial
acct_46de7bb7adda,org_43bac30df96b,DEPARTMENT OF FINANCE AND ECONOMIC PLANNING,Implementing Partner,Tier 1,74.8,KE,Kenya,Facility Infrastructure,464424388.0,5,Prioritise,Open account plan for implementing partner route and map procurement stakeholders.,commercial
acct_32b32c7b5ef1,org_1db9a333c7f8,Direction-Générale Coopération au Développement et Aide humanitaire,Donor,Tier 1,74.8,CD; UG; ET; RW; TZ; SO; SS; KE,Democratic Republic of the Congo; Uganda; Ethiopia; Rwanda; Tanzania; Somalia; South Sudan; Kenya,Diagnostic Equipment; Facility Infrastructure; IT / Health Information Systems,638239821.14,3,Prioritise,Open account plan for donor route and map procurement stakeholders.,commercial
acct_0ea126a21b89,org_449dbf74c47f,Bajeti Hub,Implementing Partner,Tier 2,74.8,ZA; CD; GH; KE; NG; SN; NA; ZM; ET,ZA; Democratic Republic of the Congo; GH; Kenya; NG; SN; NA; ZM; Ethiopia,General health sector,17180989.0,2,Qualify,Validate decision makers and connect top programmes to likely tender portals.,commercial
acct_84f1f6416189,org_9cb2022bf72f,Country Learn & Skilled for Work &,Donor,Tier 2,74.8,UG,Uganda,General health sector,754820.0,0,Qualify,Validate decision makers and connect top programmes to likely tender portals.,commercial
acct_9dcac60f5878,org_5fc2867663a4,United Arab Emirates,Donor,Tier 1,74.6,SS; SO; KE; ET,South Sudan; Somalia; Kenya; Ethiopia,General health sector,610313078.0,4,Prioritise,Open account plan for donor route and map procurement stakeholders.,commercial
acct_412402b8d56e,org_fceaccd7dfae,Makerere University School of Public Health,Implementing Partner,Tier 2,74.6,UG; GB; KE; NG; MW,Uganda; GB; Kenya; NG; MW,Diagnostic Equipment; Facility Infrastructure; IT / Health Information Systems,12668084.28,1,Qualify,Validate decision makers and connect top programmes to likely tender portals.,commercial
acct_92c0b1f4c21b,org_4469c4bae0f8,Special Relief Funds,Donor,Tier 2,74.6,CD; SS; UG,Democratic Republic of the Congo; South Sudan; Uganda,Facility Infrastructure,2988603.23,1,Qualify,Validate decision makers and connect top programmes to likely tender portals.,commercial
acct_6dee44fabe01,org_825d63548399,The University of Manchester,Accountable Agency,Tier 2,74.5,KE; GB; UG; TZ,Kenya; GB; Uganda; Tanzania,Facility Infrastructure; Diagnostic Equipment,2909402.0,0,Qualify,Validate decision makers and connect top programmes to likely tender portals.,commercial
acct_8d3ecd4fa8e9,org_cfa41c1533c3,STATE MINISTRY OF HEALTH UPPER NILE,Implementing Partner,Tier 2,74.4,SS,South Sudan,General health sector,295950388.0,2,Qualify,Validate decision makers and connect top programmes to likely tender portals.,commercial
acct_dcb29d009619,org_92266702d717,EU-Commission of the European Communities,Donor,Tier 2,74.3,SO; ET; UG; TZ; CD; RW,Somalia; Ethiopia; Uganda; Tanzania; Democratic Republic of the Congo; Rwanda,Facility Infrastructure,815897484.34,1,Qualify,Validate decision makers and connect top programmes to likely tender portals.,commercial
acct_dc3921b8531e,org_0613d5456816,MedAccess Guarantee Limited,Accountable Agency,Tier 2,74.3,CD; KE; NG; TZ; ZM; ZW,Democratic Republic of the Congo; Kenya; NG; Tanzania; ZM; ZW,Diagnostic Equipment,1099974.0,0,Qualify,Validate decision makers and connect top programmes to likely tender portals.,commercial
acct_5040951b9a62,org_37ad50ec2dfa,Bloomberg Family Foundation,Donor,Tier 2,74.2,KE; UG; ET; RW,Kenya; Uganda; Ethiopia; Rwanda,IT / Health Information Systems,858142.46,1,Qualify,Validate decision makers and connect top programmes to likely tender portals.,commercial
acct_e42d8802d94e,org_876fb498119e,Japan Committee for UNICEF,Donor,Tier 1,74.1,UG; SO; ET; KE; TZ; RW,Uganda; Somalia; Ethiopia; Kenya; Tanzania; Rwanda,Facility Infrastructure,618724812.0,3,Prioritise,Open account plan for donor route and map procurement stakeholders.,commercial
acct_9c7f98cd4e6c,org_fd4d14bd7f02,National Institute of Health Research (NIHR),Donor,Tier 2,74.1,GM; GH; BF; KE; SD; ZM; GB; LK; LB; RW,GM; GH; BF; Kenya; SD; ZM; GB; LK; LB; Rwanda,Diagnostic Equipment; Vehicles & Transport,3410610.0,0,Qualify,Validate decision makers and connect top programmes to likely tender portals.,commercial
acct_de32b09ba183,org_fca635e13216,OXFAM HONGKONG,Donor,Tier 2,74.1,UG,Uganda,Facility Infrastructure,73038.0,0,Qualify,Validate decision makers and connect top programmes to likely tender portals.,commercial
acct_7ef4bfb10ee1,org_b23c2b344be2,International Bank for Reconstruction and Development,Implementing Partner,Tier 1,74.0,SS; ET; KE; RW; UG,South Sudan; Ethiopia; Kenya; Rwanda; Uganda,IT / Health Information Systems,16300000.0,3,Prioritise,Open account plan for implementing partner route and map procurement stakeholders.,commercial
acct_3a36df4f70b0,org_3f4374cb1f38,MEWA,Implementing Partner,Tier 2,73.9,KE,Kenya,Diagnostic Equipment,791093.0,0,Qualify,Validate decision makers and connect top programmes to likely tender portals.,commercial
acct_14d2ace9cc5e,org_f77fbea7407e,MPTFO - UN Multi Partner,Donor,Tier 1,73.8,CD; SS; TZ; SO; RW; UG; KE; ET,Democratic Republic of the Congo; South Sudan; Tanzania; Somalia; Rwanda; Uganda; Kenya; Ethiopia,Facility Infrastructure,1900028420.0,19,Prioritise,Open account plan for donor route and map procurement stakeholders.,commercial
acct_27cceb445830,org_25b042975ef3,"Kumasi Centre for Collaboration and Research in Tropical Medicine, Kwame Nkrumah University of Science and Technology",Implementing Partner,Tier 2,73.7,GB; ET,GB; Ethiopia,Diagnostic Equipment; Facility Infrastructure,671273.0,0,Qualify,Validate decision makers and connect top programmes to likely tender portals.,commercial
acct_cf16b40747ab,org_45505f7316cd,RBC RWANDA BIOMEDICAL CENTER,Implementing Partner,Tier 1,73.0,RW,Rwanda,Facility Infrastructure,240459594.0,5,Prioritise,Open account plan for implementing partner route and map procurement stakeholders.,commercial
acct_312268ea8bf8,org_feae711e7220,Alinea International Ltd,Implementing Partner,Tier 2,72.9,ET; KE,Ethiopia; Kenya,General health sector,7155000.0,0,Qualify,Validate decision makers and connect top programmes to likely tender portals.,commercial
acct_41a599d6db80,org_78391a4aabd1,Spain,Donor,Tier 2,72.8,SS; SO,South Sudan; Somalia,Facility Infrastructure,250760834.0,2,Qualify,Validate decision makers and connect top programmes to likely tender portals.,commercial
acct_d0c1902482e6,org_4be4bb045e5b,KEMRI Wellcome Research Programme,Implementing Partner,Tier 2,72.8,GB; GM; KE,GB; GM; Kenya,Facility Infrastructure; IT / Health Information Systems,7407124.0,1,Qualify,Validate decision makers and connect top programmes to likely tender portals.,commercial
acct_750ee415f178,org_609048eb8d04,SI East Africa (Kenya),Implementing Partner,Tier 2,72.4,KE; UG,Kenya; Uganda,Diagnostic Equipment,222971.91,0,Qualify,Validate decision makers and connect top programmes to likely tender portals.,commercial
acct_a168f9b611b7,org_dc8bb9b69e91,Sense International,Accountable Agency,Tier 2,72.4,KE; UG,Kenya; Uganda,Diagnostic Equipment,222971.91,0,Qualify,Validate decision makers and connect top programmes to likely tender portals.,commercial
acct_aada6145829d,org_b54cd540cb9f,SI East Africa (Uganda),Implementing Partner,Tier 2,72.4,KE; UG,Kenya; Uganda,Diagnostic Equipment,222971.91,0,Qualify,Validate decision makers and connect top programmes to likely tender portals.,commercial
acct_a9a9f9586667,org_9bf5ac58ae66,Children Aid South Sudan,Implementing Partner,Tier 2,72.4,SS,South Sudan,Facility Infrastructure,200000.0,0,Qualify,Validate decision makers and connect top programmes to likely tender portals.,commercial
acct_74a020f9e699,org_5c1b932e7b70,"Ministry of Foreign Affairs, Denmark",Donor,Tier 1,72.3,SO; SS; ET; TZ; KE; CD; RW,Somalia; South Sudan; Ethiopia; Tanzania; Kenya; Democratic Republic of the Congo; Rwanda,Facility Infrastructure,1472025075.69,3,Prioritise,Open account plan for donor route and map procurement stakeholders.,commercial
acct_78609b6ff319,org_08f813d6ad5f,University Of Liverpool,Implementing Partner,Tier 2,72.3,UG; KE; ET; GB; RW; TZ; CM; MW; ZA,Uganda; Kenya; Ethiopia; GB; Rwanda; Tanzania; CM; MW; ZA,Diagnostic Equipment,13758350.63,1,Qualify,Validate decision makers and connect top programmes to likely tender portals.,commercial
acct_76f2a9fef195,org_73abc9c28abd,XM-DAC-41305,Donor,Tier 2,72.3,ET; TZ,Ethiopia; Tanzania,Facility Infrastructure,16537226.14,0,Qualify,Validate decision makers and connect top programmes to likely tender portals.,commercial
acct_7323897c3e39,org_8115a4cf873d,Malaria Consortium,Donor,Tier 1,72.2,SS; UG; GM; GH; BF; KE; SD; ZM; ET; NG; GW; TD; MZ; TG; GB; MW; TZ,South Sudan; Uganda; GM; GH; BF; Kenya; SD; ZM; Ethiopia; NG; GW; TD; MZ; TG; GB; MW; Tanzania,Facility Infrastructure; IT / Health Information Systems; Diagnostic Equipment,13639184153.0,4,Prioritise,Open account plan for donor route and map procurement stakeholders.,commercial
acct_b66cf3a309d6,org_1c4ab910232c,University of Geneva,Implementing Partner,Tier 2,72.2,ET; SO; CD,Ethiopia; Somalia; Democratic Republic of the Congo,IT / Health Information Systems,1458455.0,1,Qualify,Validate decision makers and connect top programmes to likely tender portals.,commercial
acct_ce9873cbc467,org_9ee31fdf3552,Uganda Virus Research Institute,Implementing Partner,Tier 2,72.1,GB; UG; KE,GB; Uganda; Kenya,Diagnostic Equipment,4957248.0,1,Qualify,Validate decision makers and connect top programmes to likely tender portals.,commercial
acct_07b86bbf8282,org_0f4f45afeeac,Carter Center,Donor,Tier 2,72.1,ET; NG; SS,Ethiopia; NG; South Sudan,General health sector,4885553.9,1,Qualify,Validate decision makers and connect top programmes to likely tender portals.,commercial
acct_3a4c66016a2d,org_148bf3413030,ADRA DR Congo,Implementing Partner,Tier 2,72.1,CD,Democratic Republic of the Congo,Facility Infrastructure,162750.0,0,Qualify,Validate decision makers and connect top programmes to likely tender portals.,commercial
acct_f5c8609ceda3,org_862b8f9fa859,University of SaskatchewanTreasury Department,Implementing Partner,Tier 2,72.0,ET; GH; UG,Ethiopia; GH; Uganda,General health sector,3999704.0,0,Qualify,Validate decision makers and connect top programmes to likely tender portals.,commercial
acct_ea3dac228079,org_7eecdb46db9c,"Université, institut d'education et autre institution d'enseignement, institut de recherche ou groupe de réflexion",Implementing Partner,Tier 1,71.9,UG; KE; NG; NP; PK; ZA; RW; TZ; MW; SN; ZM; ET; DJ; SD; CD; MZ; BI; SS; GM; BJ; GH; CM; CI; ML; CF; BF; NE; SL; TG; ZW; TN; BW,Uganda; Kenya; NG; NP; PK; ZA; Rwanda; Tanzania; MW; SN; ZM; Ethiopia; DJ; SD; Democratic Republic of the Congo; MZ; BI; South Sudan; GM; BJ; GH; CM; CI; ML; CF; BF; NE; SL; TG; ZW; TN; BW,Diagnostic Equipment; Medical Devices & Equipment; IT / Health Information Systems,332087549.59,18,Prioritise,Open account plan for implementing partner route and map procurement stakeholders.,commercial
acct_dd023a72fd6c,org_f8a30ff56dbf,CHANCE FOR CHILDHOOD CFC,Implementing Partner,Tier 1,71.9,RW,Rwanda,Facility Infrastructure,210200746.0,4,Prioritise,Open account plan for implementing partner route and map procurement stakeholders.,commercial
acct_3e188c27aa0d,org_409db938cd97,"Results for Development Institute, Inc.",Implementing Partner,Tier 2,71.9,ET; GH; TZ; ID; NG; BF; KE; MG; IN,Ethiopia; GH; Tanzania; ID; NG; BF; Kenya; MG; IN,General health sector,19368643.0,2,Qualify,Validate decision makers and connect top programmes to likely tender portals.,commercial
acct_3a2d9bc6a08e,org_b2f65ab50e19,Global Alliance for Improved Nutrition,Implementing Partner,Tier 2,71.8,ET; KE; NG; TZ; IN; BD,Ethiopia; Kenya; NG; Tanzania; IN; BD,General health sector,10596917.0,1,Qualify,Validate decision makers and connect top programmes to likely tender portals.,commercial
acct_04fe9d7e8bb4,org_29729a171d68,Centre for Emergency and Development Support (CEDS),Implementing Partner,Tier 2,71.7,SS,South Sudan,Facility Infrastructure,2357336.67,0,Qualify,Validate decision makers and connect top programmes to likely tender portals.,commercial
acct_ffdd883d55d3,org_5a0d5ef78d32,INTERNATIONAL NGO,Implementing Partner,Tier 1,71.6,KE; CM; CD; GH; NG; SN; TZ; ET; SO; SS,Kenya; CM; Democratic Republic of the Congo; GH; NG; SN; Tanzania; Ethiopia; Somalia; South Sudan,Facility Infrastructure; Diagnostic Equipment,28662707.0,3,Prioritise,Open account plan for implementing partner route and map procurement stakeholders.,commercial
acct_5468dda1f9d8,org_afb08b12140b,WHO Foundation,Donor,Tier 2,71.6,SO; ET; TZ; UG; RW; SS; KE,Somalia; Ethiopia; Tanzania; Uganda; Rwanda; South Sudan; Kenya,Diagnostic Equipment,21056375.33,1,Qualify,Validate decision makers and connect top programmes to likely tender portals.,commercial
acct_f6cd69462532,org_9b74727a0139,Kilpatrick Fraser Charitable Trust,Donor,Tier 2,71.6,KE,Kenya,Diagnostic Equipment,8590.0,0,Qualify,Validate decision makers and connect top programmes to likely tender portals.,commercial
acct_c516564e15ef,org_b0ebf33f1fa9,Veta Bailey Charitable Trust,Donor,Tier 2,71.6,KE,Kenya,Diagnostic Equipment,8590.0,0,Qualify,Validate decision makers and connect top programmes to likely tender portals.,commercial
acct_863ae2b09cd7,org_235f3aa315c1,The George Washington University,Implementing Partner,Tier 2,71.5,KE; NG; IN; PK; GH; ZM; TZ,Kenya; NG; IN; PK; GH; ZM; Tanzania,General health sector,17563596.0,1,Qualify,Validate decision makers and connect top programmes to likely tender portals.,commercial
acct_ad1d47c9e6c3,org_a28c124eaf7e,PS MINISTRY OF EDUCATION AND VOCATIONAL TRAINING ZNZ,Implementing Partner,Tier 1,71.4,TZ,Tanzania,General health sector,193036640.0,6,Prioritise,Open account plan for implementing partner route and map procurement stakeholders.,commercial
acct_24ef10ede5aa,org_6db4557db95c,MINISTRY OF DEVOLUTION AND PLANNING,Implementing Partner,Tier 2,71.4,KE,Kenya,General health sector,1137212.0,0,Qualify,Validate decision makers and connect top programmes to likely tender portals.,commercial
acct_c635bcd0146a,org_91cce8a84c09,PROGRAMME D ASSISSTANCE AUX POPULATIONS VULNERABLES EN AFRIQUE,Implementing Partner,Tier 2,71.3,CD,Democratic Republic of the Congo,General health sector,173564174.0,1,Qualify,Validate decision makers and connect top programmes to likely tender portals.,commercial
acct_e0f4e9a1c62a,org_bca1d4031a29,COLLECTIF DES ASSOCIATIONS FEMININES,Implementing Partner,Tier 2,71.3,CD,Democratic Republic of the Congo,General health sector,173564174.0,1,Qualify,Validate decision makers and connect top programmes to likely tender portals.,commercial
acct_91e751878d09,org_dd4fd3555e3d,MINISTRY OF HEALTH DEVELOPMENT SOMALILAND,Implementing Partner,Tier 1,71.2,SO,Somalia,Facility Infrastructure,1372745934.0,8,Prioritise,Open account plan for implementing partner route and map procurement stakeholders.,commercial
acct_dfd475139e01,org_691727bbc8e8,POPULATION MEDIA CENTER,Implementing Partner,Tier 1,71.2,ET,Ethiopia,Cold Chain / Storage; Diagnostic Equipment; Facility Infrastructure,859058078.0,5,Prioritise,Open account plan for implementing partner route and map procurement stakeholders.,commercial
acct_ec487042b0a7,org_bea0bd9cfce4,AMHARA BUREAU OF WATER IRRIGATION AND ENERGY DEVELOPMENT,Implementing Partner,Tier 1,71.2,ET,Ethiopia,Cold Chain / Storage; Diagnostic Equipment; Facility Infrastructure,859058078.0,5,Prioritise,Open account plan for implementing partner route and map procurement stakeholders.,commercial
acct_cb47597fa035,org_07138d46e8df,IP not published,Implementing Partner,Tier 1,71.2,ET,Ethiopia,Cold Chain / Storage; Diagnostic Equipment; Facility Infrastructure,859058078.0,5,Prioritise,Open account plan for implementing partner route and map procurement stakeholders.,commercial
acct_4d0daf461e0e,org_91fec0b493da,SAVE THE CHILDREN UK ETHIOPIA,Implementing Partner,Tier 1,71.2,ET,Ethiopia,Cold Chain / Storage; Diagnostic Equipment; Facility Infrastructure,859058078.0,5,Prioritise,Open account plan for implementing partner route and map procurement stakeholders.,commercial
acct_0c21b28988c8,org_3dfdda93bda8,Tropical Institute of Community Health and Development,Implementing Partner,Tier 2,71.2,KE,Kenya,IT / Health Information Systems,2402579.4,1,Qualify,Validate decision makers and connect top programmes to likely tender portals.,commercial
acct_4c076e319355,org_0462e5598faf,Wits Health Consortium (Pty) Ltd,Implementing Partner,Tier 2,70.9,GM; GH; KE; ZA; MW; ET; GB; NG; CM; CI,GM; GH; Kenya; ZA; MW; Ethiopia; GB; NG; CM; CI,General health sector,29185179.0,2,Qualify,Validate decision makers and connect top programmes to likely tender portals.,commercial
acct_cfc3365a00ea,org_fe2c372bb6e1,Kenya Medical Research Institute (KEMRI),Implementing Partner,Tier 2,70.9,KE; GB; RW; UG; TZ; CM,Kenya; GB; Rwanda; Uganda; Tanzania; CM,Diagnostic Equipment; Facility Infrastructure,9788900.0,0,Qualify,Validate decision makers and connect top programmes to likely tender portals.,commercial
acct_31ce246790e8,org_63036c312d2f,Biosurv International Ltd,Implementing Partner,Tier 2,70.9,CD,Democratic Republic of the Congo,General health sector,732849.0,0,Qualify,Validate decision makers and connect top programmes to likely tender portals.,commercial
acct_7427710ee3ea,org_da2ea093755f,Ministry for Foreign Affairs of Finland,Donor,Tier 1,70.7,KE; TZ; SO; ET; UG; SS; CD; RW,Kenya; Tanzania; Somalia; Ethiopia; Uganda; South Sudan; Democratic Republic of the Congo; Rwanda,Facility Infrastructure; Diagnostic Equipment; Medical Devices & Equipment; Vehicles & Transport,850855049.13,13,Prioritise,Open account plan for donor route and map procurement stakeholders.,commercial
acct_89f8032218b4,org_b560c2233d4a,MINISTRY OF HEALTH AND SOCIAL CARE HIRSHABELLE STATE OF SOMALIA,Implementing Partner,Tier 1,70.6,SO,Somalia,Facility Infrastructure,1330384524.0,7,Prioritise,Open account plan for implementing partner route and map procurement stakeholders.,commercial
acct_9196b0740a5f,org_cb5b31dc2796,Department of Health and Social Care (DHSC) Global Health Research,Reporting Organisation,Tier 2,70.4,KE; GB,Kenya; GB,Diagnostic Equipment; Facility Infrastructure,2789607.0,0,Qualify,Validate decision makers and connect top programmes to likely tender portals.,commercial
acct_db3e23197a09,org_d0b33487260a,WEEMA International Inc,Implementing Partner,Tier 2,70.4,ET,Ethiopia,General health sector,800000.0,0,Qualify,Validate decision makers and connect top programmes to likely tender portals.,commercial
acct_453f07b7d295,org_e83fca4f6bc3,University of California San Diego,Implementing Partner,Tier 2,70.4,UG; IN,Uganda; IN,General health sector,750000.0,0,Qualify,Validate decision makers and connect top programmes to likely tender portals.,commercial
acct_0d157d895ee9,org_820b189891ff,Iceland,Donor,Tier 2,70.3,KE; UG,Kenya; Uganda,General health sector,87716582.0,1,Qualify,Validate decision makers and connect top programmes to likely tender portals.,commercial
acct_96ff2aaf6572,org_c85ff86a40bc,Government of Kenya (Ministry of Health),Implementing Partner,Tier 2,70.3,KE,Kenya,Diagnostic Equipment,14000000.0,1,Qualify,Validate decision makers and connect top programmes to likely tender portals.,commercial
acct_2ece804e6b40,org_cddf81b274d3,Marie Stopes International,Donor,Tier 2,70.0,ET; KE; TD; ML; CD; SN; NE; MR; BI; MW; MZ; PK; RW; SS; SD; TZ; UG; ZM; AF; BG; MG; SO; ZW,Ethiopia; Kenya; TD; ML; Democratic Republic of the Congo; SN; NE; MR; BI; MW; MZ; PK; Rwanda; South Sudan; SD; Tanzania; Uganda; ZM; AF; BG; MG; Somalia; ZW,IT / Health Information Systems,186638314.37,1,Qualify,Validate decision makers and connect top programmes to likely tender portals.,commercial
acct_6588075f58dc,org_6abd0f3351de,International Food Policy Research Institute,Implementing Partner,Tier 2,70.0,ET; KE; NG; SN; IN; MG; ID,Ethiopia; Kenya; NG; SN; IN; MG; ID,General health sector,5661048.0,1,Qualify,Validate decision makers and connect top programmes to likely tender portals.,commercial
acct_79259366f599,org_7b1a57095347,AECID Agencia Española de Cooperación Internacional para el Desarrollo,Donor,Tier 2,69.8,ET; MA; UA; EG; JO; MR; MZ,Ethiopia; MA; UA; EG; JO; MR; MZ,Facility Infrastructure,2811929.02,0,Qualify,Validate decision makers and connect top programmes to likely tender portals.,commercial
acct_919808102ad3,org_9dfae294d0b7,SOS Children's Villages of Ethiopia,Implementing Partner,Tier 2,69.7,ET,Ethiopia,Facility Infrastructure,20140.0,0,Qualify,Validate decision makers and connect top programmes to likely tender portals.,commercial
acct_c671a526b2f0,org_0c21969bd0c0,Action Against Hunger USA,Implementing Partner,Tier 1,69.3,SO; SS; KE; UG; ET; YE,Somalia; South Sudan; Kenya; Uganda; Ethiopia; YE,General health sector,309170523.27,4,Prioritise,Open account plan for implementing partner route and map procurement stakeholders.,commercial
acct_00dff5c7720b,org_a22a45033975,European Commission,Donor,Tier 1,69.3,SS; ET; CD; RW; SO; KE; TZ; BD; GH; ID; MR; NP; LK; TH; UG,South Sudan; Ethiopia; Democratic Republic of the Congo; Rwanda; Somalia; Kenya; Tanzania; BD; GH; ID; MR; NP; LK; TH; Uganda,Facility Infrastructure; IT / Health Information Systems,42725000.0,3,Prioritise,Open account plan for donor route and map procurement stakeholders.,commercial
acct_02085ea34118,org_15c14c18d686,CENTRE D APPUI A LA PROMOTION NUTRITIONNELLE,Implementing Partner,Tier 2,69.3,CD,Democratic Republic of the Congo,General health sector,370124174.0,1,Qualify,Validate decision makers and connect top programmes to likely tender portals.,commercial
acct_f0cf8c0eafc6,org_1b578c5591ac,SANTE PLUS ASBL,Implementing Partner,Tier 2,69.3,CD,Democratic Republic of the Congo,General health sector,370124174.0,1,Qualify,Validate decision makers and connect top programmes to likely tender portals.,commercial
acct_bba7c56a9d97,org_1b928f92ba21,Amref Health Africa Uganda,Implementing Partner,Tier 2,69.3,UG,Uganda,Facility Infrastructure; Diagnostic Equipment,858071.0,1,Qualify,Validate decision makers and connect top programmes to likely tender portals.,commercial
acct_3730aec7bbf9,org_1ddeb09cb113,Netherlands - Ministry for Foreign Trade and Development Cooperation,Donor,Tier 2,69.3,ET; SO; UG,Ethiopia; Somalia; Uganda,General health sector,179570168.88,0,Qualify,Validate decision makers and connect top programmes to likely tender portals.,commercial
acct_1aa4bf08d37a,org_d6c9e1ad9414,Government of Austria,Donor,Tier 2,69.2,TZ; ET,Tanzania; Ethiopia,General health sector,44989884.0,1,Qualify,Validate decision makers and connect top programmes to likely tender portals.,commercial
acct_56b199b7e8ed,org_fe55c9d1706c,Australia,Donor,Tier 2,69.1,ET; SO; RW; SS; KE; TZ,Ethiopia; Somalia; Rwanda; South Sudan; Kenya; Tanzania,Diagnostic Equipment; Facility Infrastructure,386893303.28,2,Qualify,Validate decision makers and connect top programmes to likely tender portals.,commercial
acct_5f00c3aa3bdf,org_f8a8590ab59a,African Population Health Research Center,Implementing Partner,Tier 2,69.1,NG; KE; GB; US; GH; ZA,NG; Kenya; GB; US; GH; ZA,Facility Infrastructure,4030527.81,1,Qualify,Validate decision makers and connect top programmes to likely tender portals.,commercial
acct_0c2f21d8d8a6,org_afb497f679e3,Uganda National Council for Science and Technology,Implementing Partner,Tier 2,69.1,UG; KE; SL; TZ,Uganda; Kenya; SL; Tanzania,General health sector,1999900.0,0,Qualify,Validate decision makers and connect top programmes to likely tender portals.,commercial
acct_26751841bfa4,org_9f96e3b94492,Help for self-help to Disabled and Vulnerable Children (HDVC),Implementing Partner,Tier 2,69.1,RW,Rwanda,Facility Infrastructure,12662.25,0,Qualify,Validate decision makers and connect top programmes to likely tender portals.,commercial
acct_be15561425b0,org_b195a3365545,Health Action International,Implementing Partner,Tier 2,69.0,KE; UG; ZM; NL,Kenya; Uganda; ZM; NL,Facility Infrastructure,453916.0,0,Qualify,Validate decision makers and connect top programmes to likely tender portals.,commercial
acct_4f6747e4dc8e,org_d80f49350687,SAVE THE CHILDREN UK DRC,Implementing Partner,Tier 2,68.9,CD,Democratic Republic of the Congo,General health sector,229314974.0,1,Qualify,Validate decision makers and connect top programmes to likely tender portals.,commercial
acct_beea590bf478,org_7a1d2e8c6801,Harvard T.H. Chan School of Public Health,Implementing Partner,Tier 2,68.9,ET; TZ; MW; IN,Ethiopia; Tanzania; MW; IN,General health sector,25030480.0,1,Qualify,Validate decision makers and connect top programmes to likely tender portals.,commercial
acct_3d683b4146bf,org_7ff1e88a28da,CHRISTIAN RECOVERY AND DEVELOPMENT AGENCY,Implementing Partner,Tier 2,68.8,SS,South Sudan,General health sector,214524832.0,1,Qualify,Validate decision makers and connect top programmes to likely tender portals.,commercial
acct_fcca8e40c1d0,org_6ac0a5e16614,Jhpiego Corporation,Implementing Partner,Tier 2,68.8,KE,Kenya,General health sector,341500.0,0,Qualify,Validate decision makers and connect top programmes to likely tender portals.,commercial
acct_dcd895b0cf4a,org_4fe085172570,Kiyita Family Alliance for Development (KIFAD),Implementing Partner,Tier 2,68.8,UG,Uganda,Medical Devices & Equipment,9743.42,0,Qualify,Validate decision makers and connect top programmes to likely tender portals.,commercial
acct_80046ed83082,org_231964c5a956,Donor Pooled Fund (mixed donors),Donor,Tier 2,68.7,SS; RW; KE; ET; CD,South Sudan; Rwanda; Kenya; Ethiopia; Democratic Republic of the Congo,Facility Infrastructure,456514350.0,2,Qualify,Validate decision makers and connect top programmes to likely tender portals.,commercial
acct_cbc6deeb6edb,org_c4d0d79f474f,United Kingdom - Department of Energy and Climate Change,Donor,Tier 2,68.7,SO,Somalia,General health sector,30779234.85,0,Qualify,Validate decision makers and connect top programmes to likely tender portals.,commercial
acct_40a885376300,org_24ca576a479c,State Secretariat for Economic Affairscomma SECO,Donor,Tier 2,68.7,SO,Somalia,General health sector,30779234.85,0,Qualify,Validate decision makers and connect top programmes to likely tender portals.,commercial
acct_e2e62ebc743d,org_d2d86d2f4318,Spain - Ministry of Economycomma Industry and Competitiveness,Donor,Tier 2,68.7,SO,Somalia,General health sector,30779234.85,0,Qualify,Validate decision makers and connect top programmes to likely tender portals.,commercial
acct_28ef5b0c089f,org_456b035263d6,Luxembourg Ministry for Sustainable Development and Infrastructure,Donor,Tier 2,68.7,SO,Somalia,General health sector,30779234.85,0,Qualify,Validate decision makers and connect top programmes to likely tender portals.,commercial
acct_be63476ebb8a,org_1867e7624203,Austria - Ministry of Finance,Donor,Tier 2,68.7,SO,Somalia,General health sector,30779234.85,0,Qualify,Validate decision makers and connect top programmes to likely tender portals.,commercial
acct_d55564dac103,org_16412eb78be9,Iceland - Ministry for Foreign Affairs,Donor,Tier 2,68.7,SO,Somalia,General health sector,30779234.85,0,Qualify,Validate decision makers and connect top programmes to likely tender portals.,commercial
acct_bf38aa3dc54e,org_fe07dcb2be90,Germany - Ministry for the Environmentcomma Nature Conservation and Nuclear Safety,Donor,Tier 2,68.7,SO,Somalia,General health sector,30779234.85,0,Qualify,Validate decision makers and connect top programmes to likely tender portals.,commercial
acct_47a8aa1a6397,org_fbe94f708a08,Foreign Office,Donor,Tier 2,68.7,SO,Somalia,General health sector,30779234.85,0,Qualify,Validate decision makers and connect top programmes to likely tender portals.,commercial
acct_509313184379,org_01e7692c8119,ClimateWorks Foundation,Donor,Tier 2,68.7,SO,Somalia,General health sector,30779234.85,0,Qualify,Validate decision makers and connect top programmes to likely tender portals.,commercial
acct_9095d707c6a1,org_d052339a3b86,"Noguchi Memorial Institute for Medical Research, University of Ghana",Reporting Organisation,Tier 2,68.7,GB; ET,GB; Ethiopia,Diagnostic Equipment; Facility Infrastructure,671273.0,0,Qualify,Validate decision makers and connect top programmes to likely tender portals.,commercial
acct_5ab084be93cc,org_6c2376b6031f,Oxfam Novib,Donor,Tier 2,68.5,ET; UG; SO; CD,Ethiopia; Uganda; Somalia; Democratic Republic of the Congo,Facility Infrastructure,15881801.0,1,Qualify,Validate decision makers and connect top programmes to likely tender portals.,commercial
acct_e8364dc77a8d,org_42837c2299d6,THE ORGANIZATION FOR CHILDREN HARMONY,Implementing Partner,Tier 2,68.3,SS,South Sudan,General health sector,153300970.0,1,Qualify,Validate decision makers and connect top programmes to likely tender portals.,commercial
acct_2765f8222f2f,org_f45fca27c0e6,The END Fund,Implementing Partner,Tier 2,68.3,TD; ET; ML; NE; SN; SS; YE; KE; BF,TD; Ethiopia; ML; NE; SN; South Sudan; YE; Kenya; BF,General health sector,38232646.0,1,Qualify,Validate decision makers and connect top programmes to likely tender portals.,commercial
acct_b31cd2c67c76,org_0c010c79e58c,Centre for Affordable Water and Sanitation Technology,Implementing Partner,Tier 2,68.3,ET,Ethiopia,General health sector,1901439.0,0,Qualify,Validate decision makers and connect top programmes to likely tender portals.,commercial
acct_e979116dec77,org_e5102df9f36b,SWISS FOUNDATION FOR DEVELOPMENT COOPERATION (SWISS AID TANZANIA),Implementing Partner,Tier 2,68.1,TZ,Tanzania,General health sector,999400.0,0,Qualify,Validate decision makers and connect top programmes to likely tender portals.,commercial
acct_b4cd03537423,org_f664ba9efaa6,LIVEWELL SOUTH SUDAN ORGANIZATION,Implementing Partner,Tier 2,68.0,SS,South Sudan,Cold Chain / Storage,324760382.0,1,Qualify,Validate decision makers and connect top programmes to likely tender portals.,commercial
acct_1a18a6161aad,org_578e7470dc59,IP not published,Implementing Partner,Tier 1,67.9,SO,Somalia,Facility Infrastructure,990202760.0,3,Prioritise,Open account plan for implementing partner route and map procurement stakeholders.,commercial
acct_acda963a2c05,org_7a3d99dd3ace,IP not published,Implementing Partner,Tier 1,67.9,SO,Somalia,Facility Infrastructure,990202760.0,3,Prioritise,Open account plan for implementing partner route and map procurement stakeholders.,commercial
acct_ef5d6d9d514f,org_888a6cd184a0,Gouvernement du bénéficiaire,Implementing Partner,Tier 1,67.2,UG; ET; TZ; KE; RW; CD,Uganda; Ethiopia; Tanzania; Kenya; Rwanda; Democratic Republic of the Congo,Facility Infrastructure; IT / Health Information Systems,6525078535.0,4,Prioritise,Open account plan for implementing partner route and map procurement stakeholders.,commercial
acct_e696b2fe09f3,org_e38f5aebf3ac,Amref Health Africa - UK,Donor,Tier 2,67.2,UG; AO; BI; ET; LS; MG; MW; MZ; RW; SS; TZ; ZM; KE,Uganda; AO; BI; Ethiopia; LS; MG; MW; MZ; Rwanda; South Sudan; Tanzania; ZM; Kenya,Diagnostic Equipment; Facility Infrastructure; PPE,4727734.87,1,Qualify,Validate decision makers and connect top programmes to likely tender portals.,commercial
acct_a37c724e4c7e,org_962cbb2ace6e,YOUNG CHILD SURVIVAL & DEVELOPMENT,Donor,Tier 2,67.1,SO; KE; ET; UG; CD; SS; TZ; RW,Somalia; Kenya; Ethiopia; Uganda; Democratic Republic of the Congo; South Sudan; Tanzania; Rwanda,Facility Infrastructure,999623760.0,2,Qualify,Validate decision makers and connect top programmes to likely tender portals.,commercial
acct_7c58fa35622a,org_72235538e9bc,Ethiopian Ministry of Finance and Economic Development,Implementing Partner,Tier 2,67.1,ET,Ethiopia,General health sector,15373596.99,0,Qualify,Validate decision makers and connect top programmes to likely tender portals.,commercial
acct_5eb073267574,org_3e3dde171acf,ADRA Danmark,Reporting Organisation,Tier 2,67.1,CD,Democratic Republic of the Congo,Facility Infrastructure,162750.0,0,Qualify,Validate decision makers and connect top programmes to likely tender portals.,commercial
acct_1b6bf92859ae,org_1ffe2356dcd2,Drugs for Neglected Diseases Initiative,Implementing Partner,Tier 2,67.0,CD,Democratic Republic of the Congo,General health sector,14031712.0,1,Qualify,Validate decision makers and connect top programmes to likely tender portals.,commercial
acct_40e3575d3776,org_2914f015b359,Ethiopia Health Program for Results Multi-Donor Trust Fund,Implementing Partner,Tier 2,67.0,ET,Ethiopia,General health sector,68855518.35,0,Qualify,Validate decision makers and connect top programmes to likely tender portals.,commercial
acct_118b4a7c7812,org_f3cdafbe8b38,Estonia,Donor,Tier 2,66.9,SS,South Sudan,Facility Infrastructure,174325810.0,1,Qualify,Validate decision makers and connect top programmes to likely tender portals.,commercial
acct_908e68a32d66,org_e45e43f76acc,The Organisation of Islamic Cooperation (OIC),Implementing Partner,Tier 2,66.8,SO,Somalia,Diagnostic Equipment; Vehicles & Transport,1837646.0,0,Qualify,Validate decision makers and connect top programmes to likely tender portals.,commercial
acct_7a3442f62df5,org_d46d133dcdf4,Australian Centre for International Agricultural Research,Donor,Tier 2,66.7,UG; KE,Uganda; Kenya,General health sector,1595700.0,0,Qualify,Validate decision makers and connect top programmes to likely tender portals.,commercial
acct_1922efaf3884,org_bc5fa4d2025b,Crown Agents,Donor,Tier 2,66.4,SS,South Sudan,Facility Infrastructure,8373685.0,0,Qualify,Validate decision makers and connect top programmes to likely tender portals.,commercial
acct_e6ccf7f6b1da,org_5d6ebccbf194,American University of Beirut,Implementing Partner,Tier 2,66.4,GB; LK; LB; RW,GB; LK; LB; Rwanda,Vehicles & Transport,1256816.0,0,Qualify,Validate decision makers and connect top programmes to likely tender portals.,commercial
acct_138ee7f369d1,org_7ae0b3257388,Legacy of War Foundation,Implementing Partner,Tier 2,66.4,GB; LK; LB; RW,GB; LK; LB; Rwanda,Vehicles & Transport,1256816.0,0,Qualify,Validate decision makers and connect top programmes to likely tender portals.,commercial
acct_dfd3cbdcc2ba,org_7d1107839f87,University of Global Health Equity,Implementing Partner,Tier 2,66.4,GB; LK; LB; RW,GB; LK; LB; Rwanda,Vehicles & Transport,1256816.0,0,Qualify,Validate decision makers and connect top programmes to likely tender portals.,commercial
acct_7a9cb52d8685,org_37e976211d3b,University of Moratuwa,Implementing Partner,Tier 2,66.4,GB; LK; LB; RW,GB; LK; LB; Rwanda,Vehicles & Transport,1256816.0,0,Qualify,Validate decision makers and connect top programmes to likely tender portals.,commercial
acct_89b8edfe1a3c,org_85c5750b483f,Duke University,Implementing Partner,Tier 2,66.1,ZA; KE; SN,ZA; Kenya; SN,General health sector,13165310.0,1,Qualify,Validate decision makers and connect top programmes to likely tender portals.,commercial
acct_6a1a6fd0ce64,org_ebe02793a342,Germany,Donor,Tier 2,66.1,CD; RW; UG; CM; NE; SS; SO; NG; TZ,Democratic Republic of the Congo; Rwanda; Uganda; CM; NE; South Sudan; Somalia; NG; Tanzania,Facility Infrastructure; Medical Devices & Equipment,4219952.07,1,Qualify,Validate decision makers and connect top programmes to likely tender portals.,commercial
acct_7f383d6712ad,org_5df93cd5c706,Italian Committee for UNICEF,Donor,Tier 2,65.8,UG; KE; TZ; CD; SO,Uganda; Kenya; Tanzania; Democratic Republic of the Congo; Somalia,General health sector,125878068.0,2,Qualify,Validate decision makers and connect top programmes to likely tender portals.,commercial
acct_8703f8620b5e,org_f83c72b976c4,Policy Studies Institute,Implementing Partner,Tier 2,65.8,ET,Ethiopia,General health sector,430000.0,0,Qualify,Validate decision makers and connect top programmes to likely tender portals.,commercial
acct_fd0fb52a3305,org_afaccd6cce5f,Energy Sector Management Assistance Program Multi Donor Fund - Successor to TF071398,Implementing Partner,Tier 2,65.7,SO,Somalia,General health sector,30779234.85,0,Qualify,Validate decision makers and connect top programmes to likely tender portals.,commercial
acct_73f82d8b9044,org_f5b455bfece0,Green Climate Fund (GCF) - Cooling Facility Trust Fund,Implementing Partner,Tier 2,65.7,SO,Somalia,General health sector,30779234.85,0,Qualify,Validate decision makers and connect top programmes to likely tender portals.,commercial
acct_f6b60e4e1bc8,org_580156983bff,Malawi Epidemiology & Intervention Research Unit,Implementing Partner,Tier 2,65.7,GB; UG; CM; ZA; MW,GB; Uganda; CM; ZA; MW,General health sector,3019211.5,0,Qualify,Validate decision makers and connect top programmes to likely tender portals.,commercial
acct_9b0cc34b6319,org_664806886363,Royal Devon University Healthcare NHS Foundation Trust,Implementing Partner,Tier 2,65.7,GB; UG; CM; ZA; MW,GB; Uganda; CM; ZA; MW,General health sector,3019211.5,0,Qualify,Validate decision makers and connect top programmes to likely tender portals.,commercial
acct_b0e205499876,org_74bd3ba04c01,RSD Institute,Implementing Partner,Tier 2,65.7,GB; UG; CM; ZA; MW,GB; Uganda; CM; ZA; MW,General health sector,3019211.5,0,Qualify,Validate decision makers and connect top programmes to likely tender portals.,commercial
acct_c74e3cb1438b,org_db1c41f1082a,University of Yaoundé I,Implementing Partner,Tier 2,65.7,GB; UG; CM; ZA; MW,GB; Uganda; CM; ZA; MW,General health sector,3019211.5,0,Qualify,Validate decision makers and connect top programmes to likely tender portals.,commercial
acct_6c3697c7d449,org_137f4cc12412,GlaxoSmithKline (GSK),Donor,Tier 2,65.5,AO; BI; ET; LS; MG; MW; MZ; RW; SS; TZ; UG; ZM; KE,AO; BI; Ethiopia; LS; MG; MW; MZ; Rwanda; South Sudan; Tanzania; Uganda; ZM; Kenya,Facility Infrastructure; Diagnostic Equipment; PPE,3366309.0,0,Qualify,Validate decision makers and connect top programmes to likely tender portals.,commercial
acct_aeadc42d5079,org_d5269d7e1e09,AICS - Italian Agency for Cooperation and Development,Implementing Partner,Tier 2,65.5,ET,Ethiopia,Facility Infrastructure; Cold Chain / Storage; IT / Health Information Systems; Vehicles & Transport,500000.0,0,Qualify,Validate decision makers and connect top programmes to likely tender portals.,commercial
acct_4ddf587d941d,org_46755487b29c,EXPERTISE FRANCE AFETI,Implementing Partner,Tier 2,65.4,RW; CD,Rwanda; Democratic Republic of the Congo,Facility Infrastructure,21145012.13,1,Qualify,Validate decision makers and connect top programmes to likely tender portals.,commercial
acct_59cd7fbdda70,org_76af77f490d2,University of Washington Foundation,Implementing Partner,Tier 2,64.8,ZA; KE; UG; GM; MW; ML; PE; PK; BD,ZA; Kenya; Uganda; GM; MW; ML; PE; PK; BD,General health sector,4071295.0,1,Qualify,Validate decision makers and connect top programmes to likely tender portals.,commercial
acct_825db62d43fa,org_b801607cb002,Central Government,Implementing Partner,Tier 1,64.5,ET; RW; TZ; UG; CD,Ethiopia; Rwanda; Tanzania; Uganda; Democratic Republic of the Congo,Facility Infrastructure; IT / Health Information Systems,510005.0,3,Prioritise,Open account plan for implementing partner route and map procurement stakeholders.,commercial
acct_9c4cdf10ca9c,org_4ad89b300a5c,The Power of Nutrition,Donor,Tier 2,64.4,TZ; ET; RW,Tanzania; Ethiopia; Rwanda,Facility Infrastructure; IT / Health Information Systems,138220000.0,0,Qualify,Validate decision makers and connect top programmes to likely tender portals.,commercial
acct_4ab3a156c818,org_35a878acd30c,London School of Hygiene and Tropical Medicine,Implementing Partner,Tier 2,64.0,GB; GM; KE; BD; GH; KH; ZA; ET; MW; SN; UG; IN; ZW; PE; TH; SY; MM; AR; VN; ZM; BR; LA; PK; RW; CD; NG; SO; TL; IQ; EG; YE; MY; PH; JO; SS; ID; NP; TN; TZ,GB; GM; Kenya; BD; GH; KH; ZA; Ethiopia; MW; SN; Uganda; IN; ZW; PE; TH; SY; MM; AR; VN; ZM; BR; LA; PK; Rwanda; Democratic Republic of the Congo; NG; Somalia; TL; IQ; EG; YE; MY; PH; JO; South Sudan; ID; NP; TN; Tanzania,Diagnostic Equipment; Facility Infrastructure; IT / Health Information Systems,13633500.0,1,Qualify,Validate decision makers and connect top programmes to likely tender portals.,commercial
acct_fa5a08115d29,org_8bb364eae10a,Hamlin Fistula,Implementing Partner,Tier 2,64.0,ET,Ethiopia,Facility Infrastructure,0.0,0,Qualify,Validate decision makers and connect top programmes to likely tender portals.,commercial
acct_7d3a663b0238,org_bc0ed2ad0b17,Healthy Entrepreneurs B.V.,Implementing Partner,Tier 2,63.8,UG,Uganda,General health sector,5399999.98,0,Qualify,Validate decision makers and connect top programmes to likely tender portals.,commercial
acct_0407709eb7be,org_4680785ef2c7,Welthungerhilfe,Reporting Organisation,Tier 2,63.6,SS; CD; UG; SO; ET; KE,South Sudan; Democratic Republic of the Congo; Uganda; Somalia; Ethiopia; Kenya,Facility Infrastructure,33631882.0,1,Qualify,Validate decision makers and connect top programmes to likely tender portals.,commercial
acct_6db11bfe971a,org_b22eba63ac5b,Liverpool School of Tropical Medicine,Implementing Partner,Tier 2,63.4,SS; GB; KE; NG; MW; UG; GH; CI; AO; TD; GN; SL; IN; CM; ET; ZA; SD; TZ; NZ; ZW; KH,South Sudan; GB; Kenya; NG; MW; Uganda; GH; CI; AO; TD; GN; SL; IN; CM; Ethiopia; ZA; SD; Tanzania; NZ; ZW; KH,Diagnostic Equipment,635533867.97,1,Qualify,Validate decision makers and connect top programmes to likely tender portals.,commercial
acct_f446c4b22172,org_a6ce0653c5ac,Dorcas Aid International,Implementing Partner,Tier 2,63.2,SS; SO,South Sudan; Somalia,General health sector,57350478.0,1,Qualify,Validate decision makers and connect top programmes to likely tender portals.,commercial
acct_d1318fb2ed36,org_8fa9feefa2a5,HELP A CHILD RWANDA,Implementing Partner,Tier 2,62.9,RW,Rwanda,Facility Infrastructure,191162210.0,2,Qualify,Validate decision makers and connect top programmes to likely tender portals.,commercial
acct_4130c4f9743a,org_4c7dbd3d7ee7,GATONDE DISTRICT HOSPITAL,Implementing Partner,Tier 2,62.9,RW,Rwanda,Facility Infrastructure,191162210.0,2,Qualify,Validate decision makers and connect top programmes to likely tender portals.,commercial
acct_38b326bf4e47,org_28df713898ee,UNIVERSITY OF NOTTINGHAM,Implementing Partner,Tier 2,62.9,KE,Kenya,General health sector,764828.61,0,Qualify,Validate decision makers and connect top programmes to likely tender portals.,commercial
acct_101b6fdcc3bd,org_c07301493ef8,Alinea International Ltd,Implementing Partner,Tier 2,62.7,CD,Democratic Republic of the Congo,General health sector,8000000.0,0,Qualify,Validate decision makers and connect top programmes to likely tender portals.,commercial
acct_e4704dcf9a74,org_5c96f1eb96a9,IFPRI – International Food Policy Research Institute,Implementing Partner,Tier 2,62.6,BD; IN; PK; UG; ZW,BD; IN; PK; Uganda; ZW,General health sector,7500000.0,0,Qualify,Validate decision makers and connect top programmes to likely tender portals.,commercial
acct_2217ab0bc396,org_b9118bf33159,Programme alimentaire mondial,Donor,Tier 1,62.5,ET; CD; TZ; SO; SS; RW; KE; BF; NE; UG,Ethiopia; Democratic Republic of the Congo; Tanzania; Somalia; South Sudan; Rwanda; Kenya; BF; NE; Uganda,General health sector,1916003242.14,4,Prioritise,Open account plan for donor route and map procurement stakeholders.,commercial
acct_64ff55142902,org_95df6801612d,University of Cape Town,Implementing Partner,Tier 2,62.5,BW; CD; GN; MW; MZ; ZA; VN; BJ; KE; LS; NA; NG; UG; ZM; TZ,BW; Democratic Republic of the Congo; GN; MW; MZ; ZA; VN; BJ; Kenya; LS; NA; NG; Uganda; ZM; Tanzania,Diagnostic Equipment,32431694.0,0,Qualify,Validate decision makers and connect top programmes to likely tender portals.,commercial
acct_a63f1a3518b8,org_636febc03f95,GROUPE D APPUI CONSEILS AUX REALISATIONS POUR LE DEVELOPPEMENT ENDOGENE,Implementing Partner,Tier 2,62.2,CD,Democratic Republic of the Congo,General health sector,232187710.0,1,Qualify,Validate decision makers and connect top programmes to likely tender portals.,commercial
acct_fb8a05eee6d8,org_d94b1e2ddb52,Multi-Donor Trust Fund for the Global Financing Facility (GFF) in Support of Every Woman Every Child - Parallel Trust Fund,Implementing Partner,Tier 2,62.1,ET; SO; TZ; CD; RW,Ethiopia; Somalia; Tanzania; Democratic Republic of the Congo; Rwanda,General health sector,196411155.49,0,Qualify,Validate decision makers and connect top programmes to likely tender portals.,commercial
acct_11a2fd3e53e2,org_07e2cff35719,Nordic Development Fund,Donor,Tier 2,62.0,TZ,Tanzania,General health sector,34826360.27,0,Qualify,Validate decision makers and connect top programmes to likely tender portals.,commercial
acct_2211a8d32323,org_211bff12826d,Japanese Social Development Fund (JSDF) - Parallel to TF023779,Implementing Partner,Tier 2,62.0,RW,Rwanda,General health sector,3000000.0,0,Qualify,Validate decision makers and connect top programmes to likely tender portals.,commercial
acct_10506f9ba6f0,org_615b7943e64b,Options Consultancy Services,Implementing Partner,Tier 2,61.5,KE; SD; MG; SS; ZM; BI; ET; SO; TD; ML; CD; SN; NE; MR; MW; MZ; PK; RW; TZ; UG; AF; BG; ZW,Kenya; SD; MG; South Sudan; ZM; BI; Ethiopia; Somalia; TD; ML; Democratic Republic of the Congo; SN; NE; MR; MW; MZ; PK; Rwanda; Tanzania; Uganda; AF; BG; ZW,IT / Health Information Systems,256964124.37,0,Qualify,Validate decision makers and connect top programmes to likely tender portals.,commercial
acct_a5a3c7736387,org_5895e0d97c2a,The Susan Thompson Buffett Foundati,Donor,Tier 2,61.3,ET; SO; TZ; CD; RW; KE,Ethiopia; Somalia; Tanzania; Democratic Republic of the Congo; Rwanda; Kenya,General health sector,226936551.68,0,Qualify,Validate decision makers and connect top programmes to likely tender portals.,commercial
acct_3650dd278c08,org_4332b92a3578,Merck Sharp & Dohme Corp,Donor,Tier 2,61.3,ET; SO; TZ; CD; RW; KE,Ethiopia; Somalia; Tanzania; Democratic Republic of the Congo; Rwanda; Kenya,General health sector,226936551.68,0,Qualify,Validate decision makers and connect top programmes to likely tender portals.,commercial
acct_32b858d93c22,org_c47330ca88fa,United Kingdom - Children's Investment Fund Foundation (CIFF),Donor,Tier 2,61.3,ET; SO; TZ; KE,Ethiopia; Somalia; Tanzania; Kenya,General health sector,164986509.66,0,Qualify,Validate decision makers and connect top programmes to likely tender portals.,commercial
acct_5f33a35e6180,org_2d9e086441ac,Rockefeller Foundation,Donor,Tier 2,61.3,ET; SO; TZ; KE,Ethiopia; Somalia; Tanzania; Kenya,General health sector,164986509.66,0,Qualify,Validate decision makers and connect top programmes to likely tender portals.,commercial
acct_347bf7ee9941,org_620cd905c1f3,Qatar Fund for Development,Donor,Tier 2,61.3,ET; SO; TZ; KE,Ethiopia; Somalia; Tanzania; Kenya,General health sector,164986509.66,0,Qualify,Validate decision makers and connect top programmes to likely tender portals.,commercial
acct_728fb17c0a81,org_93e4e8d4eea1,Laerdal Global Health,Donor,Tier 2,61.3,ET; SO; TZ; KE,Ethiopia; Somalia; Tanzania; Kenya,General health sector,164986509.66,0,Qualify,Validate decision makers and connect top programmes to likely tender portals.,commercial
acct_0b043f4db1d2,org_860caeed6e6b,American International Health Alliance,Implementing Partner,Tier 2,61.3,ET,Ethiopia,General health sector,1848000.0,0,Qualify,Validate decision makers and connect top programmes to likely tender portals.,commercial
acct_eea0a9bec6ec,org_1288c5f3250f,Rotary International,Donor,Tier 2,61.2,ET; SO; SS; KE; CD; UG,Ethiopia; Somalia; South Sudan; Kenya; Democratic Republic of the Congo; Uganda,Cold Chain / Storage,507203280.0,1,Qualify,Validate decision makers and connect top programmes to likely tender portals.,commercial
acct_95136a72bebf,org_08f8bf86f195,Uganda National Health Research Organization,Implementing Partner,Tier 2,61.2,UG,Uganda,General health sector,4619400.0,0,Qualify,Validate decision makers and connect top programmes to likely tender portals.,commercial
acct_8e720ae7009d,org_54b657b60901,UNIVERSITY OF GLASGOW,Implementing Partner,Tier 2,61.2,TZ; UG,Tanzania; Uganda,General health sector,2558183.15,0,Qualify,Validate decision makers and connect top programmes to likely tender portals.,commercial
acct_4c9714ab2c99,org_2a0a5b2ad78e,New Zealand - Ministry of Foreign Affairs and Trade,Donor,Tier 2,61.1,CD,Democratic Republic of the Congo,General health sector,21683883.78,0,Qualify,Validate decision makers and connect top programmes to likely tender portals.,commercial
acct_7690ce6b77ff,org_c21e5bc9fac4,Ministry of Health,Implementing Partner,Tier 2,61.0,KE,Kenya,General health sector,215000000.0,0,Qualify,Validate decision makers and connect top programmes to likely tender portals.,commercial
acct_22bb2c5dc2e2,org_c134b17137f5,Ministry of Health,Implementing Partner,Tier 2,61.0,KE,Kenya,General health sector,215000000.0,0,Qualify,Validate decision makers and connect top programmes to likely tender portals.,commercial
acct_5e6e7c9f9128,org_d32834d72ccf,Republic of Kenya,Accountable Agency,Tier 2,61.0,KE,Kenya,General health sector,215000000.0,0,Qualify,Validate decision makers and connect top programmes to likely tender portals.,commercial
acct_d18aec65d258,org_c5c7498441eb,Ethiopiaid Ireland,Donor,Tier 2,61.0,ET,Ethiopia,Facility Infrastructure,0.0,0,Qualify,Validate decision makers and connect top programmes to likely tender portals.,commercial
acct_94dde155c456,org_67e47ab155e7,Hennecke Family Foundation,Donor,Tier 2,61.0,KE; NL,Kenya; NL,Facility Infrastructure,0.0,0,Qualify,Validate decision makers and connect top programmes to likely tender portals.,commercial
acct_eeb645764f93,org_a7bc4a30bfe4,Lillian Lincoln foundation,Donor,Tier 2,61.0,KE; NL,Kenya; NL,Facility Infrastructure,0.0,0,Qualify,Validate decision makers and connect top programmes to likely tender portals.,commercial
acct_3c8c97a313a0,org_07ad91d65995,SANRU Asbl,Implementing Partner,Tier 2,60.9,CD,Democratic Republic of the Congo,General health sector,227744073.99,0,Qualify,Validate decision makers and connect top programmes to likely tender portals.,commercial
acct_d592a4fac8f3,org_d20c0f8e0401,Douala General Hospital,Implementing Partner,Tier 2,60.6,KE; RW; UG; TZ; CM; GB,Kenya; Rwanda; Uganda; Tanzania; CM; GB,General health sector,6999293.0,0,Qualify,Validate decision makers and connect top programmes to likely tender portals.,commercial
acct_6f8ea141db61,org_f9668366708d,Makerere Lung Institute,Implementing Partner,Tier 2,60.6,KE; RW; UG; TZ; CM; GB,Kenya; Rwanda; Uganda; Tanzania; CM; GB,General health sector,6999293.0,0,Qualify,Validate decision makers and connect top programmes to likely tender portals.,commercial
acct_f266e66ef139,org_d5a16e08fd9e,Rwanda Biomedical Research Centre,Implementing Partner,Tier 2,60.6,KE; RW; UG; TZ; CM; GB,Kenya; Rwanda; Uganda; Tanzania; CM; GB,General health sector,6999293.0,0,Qualify,Validate decision makers and connect top programmes to likely tender portals.,commercial
acct_8dea3020fdd2,org_2767d466d1c5,University of Dar es Salaam,Implementing Partner,Tier 2,60.6,KE; RW; UG; TZ; CM; GB,Kenya; Rwanda; Uganda; Tanzania; CM; GB,General health sector,6999293.0,0,Qualify,Validate decision makers and connect top programmes to likely tender portals.,commercial
acct_1c76c52649ea,org_7026d258a55b,Delivery Associates Limited,Implementing Partner,Tier 2,60.4,TZ; CD; ET; KE,Tanzania; Democratic Republic of the Congo; Ethiopia; Kenya,General health sector,6255857.0,1,Qualify,Validate decision makers and connect top programmes to likely tender portals.,commercial
acct_fa8b08883a62,org_848c9c3243cc,Democratic Republic of the Congo,Accountable Agency,Tier 2,60.4,CD,Democratic Republic of the Congo,General health sector,250000000.0,0,Qualify,Validate decision makers and connect top programmes to likely tender portals.,commercial
acct_470ce9374f7c,org_78dce6104742,"Ministry of Public Health, Hygiene and Prevention",Implementing Partner,Tier 2,60.4,CD,Democratic Republic of the Congo,General health sector,250000000.0,0,Qualify,Validate decision makers and connect top programmes to likely tender portals.,commercial
acct_7717475c5abc,org_e18efbe13947,Population Service International,Implementing Partner,Tier 2,60.2,SO,Somalia,IT / Health Information Systems; Medical Devices & Equipment,43000001.0,0,Qualify,Validate decision makers and connect top programmes to likely tender portals.,commercial
acct_d5da2e19a0e1,org_d1945101f049,DAHW Deutsche Lepra- und Tuberkulosehilfe e.V.,Implementing Partner,Tier 2,60.2,ET,Ethiopia,Facility Infrastructure,418028.8,0,Qualify,Validate decision makers and connect top programmes to likely tender portals.,commercial
acct_26964e1c771b,org_57eecf563e39,The University of Oxford,Implementing Partner,Tier 2,60.1,KE; ET; GB; UG; MW; ZA; TZ,Kenya; Ethiopia; GB; Uganda; MW; ZA; Tanzania,Facility Infrastructure,15332051.0,1,Qualify,Validate decision makers and connect top programmes to likely tender portals.,commercial
acct_f9c19cad50bd,org_8d5e85da00ea,The Republic of Rwanda,Accountable Agency,Tier 2,60.1,RW,Rwanda,General health sector,120000000.0,0,Qualify,Validate decision makers and connect top programmes to likely tender portals.,commercial
acct_d9c52fb14f18,org_c6cbf9ec284d,Rwanda Biomedical Centre,Implementing Partner,Tier 2,60.1,RW,Rwanda,General health sector,120000000.0,0,Qualify,Validate decision makers and connect top programmes to likely tender portals.,commercial
acct_d72951a536b0,org_31027570b193,Ministry of Health of the Republic of Kenya,Implementing Partner,Tier 2,59.9,KE,Kenya,General health sector,251205968.69,0,Qualify,Validate decision makers and connect top programmes to likely tender portals.,commercial
acct_caa0a05951f7,org_0ab368c7fb5d,The National Treasury & Economic Planning of the Government of Kenya,Accountable Agency,Tier 2,59.9,KE,Kenya,General health sector,251205968.69,0,Qualify,Validate decision makers and connect top programmes to likely tender portals.,commercial
acct_d56e83466655,org_355b1ad7ae9b,Amref Health Africa in Kenya,Implementing Partner,Tier 2,59.9,ZA; TZ; KE; ET; UG; MW; BW; MZ,ZA; Tanzania; Kenya; Ethiopia; Uganda; MW; BW; MZ,General health sector,58270180.45,0,Qualify,Validate decision makers and connect top programmes to likely tender portals.,commercial
acct_b69f633715bf,org_05745c99f62a,XM-DAC-302,Donor,Tier 2,59.9,TZ,Tanzania,General health sector,16537226.14,0,Qualify,Validate decision makers and connect top programmes to likely tender portals.,commercial
acct_b03c12a980c2,org_6a7aeded5089,XM-DAC-966,Donor,Tier 2,59.9,TZ,Tanzania,General health sector,16537226.14,0,Qualify,Validate decision makers and connect top programmes to likely tender portals.,commercial
acct_622ff4bf11d2,org_08488ae5c1bf,Liverpool School of Tropical Medicine,Implementing Partner,Tier 2,59.8,KE; MW; ZA; TZ,Kenya; MW; ZA; Tanzania,Diagnostic Equipment,3040240.0,0,Qualify,Validate decision makers and connect top programmes to likely tender portals.,commercial
acct_59e17beffcd2,org_112106da2972,Japan - Ministry of Finance,Donor,Tier 2,59.6,ET; SO; RW; TZ; CD; KE,Ethiopia; Somalia; Rwanda; Tanzania; Democratic Republic of the Congo; Kenya,General health sector,233061146.29,0,Qualify,Validate decision makers and connect top programmes to likely tender portals.,commercial
acct_bb68881314c5,org_91738ca12877,Clean Air Fund (CAF),Donor,Tier 2,59.4,KE; KR; MN; KH; LA; TH; IN; KG; MK; TJ; UZ; RS; KW; PS; SA,Kenya; KR; MN; KH; LA; TH; IN; KG; MK; TJ; UZ; RS; KW; PS; SA,General health sector,11322313.0,0,Qualify,Validate decision makers and connect top programmes to likely tender portals.,commercial
acct_d30ab9e0b2f4,org_f4a533b61c27,GIZ,Donor,Tier 2,59.4,KE; KR; MN; KH; LA; TH; IN; KG; MK; TJ; UZ; RS; KW; PS; SA,Kenya; KR; MN; KH; LA; TH; IN; KG; MK; TJ; UZ; RS; KW; PS; SA,General health sector,11322313.0,0,Qualify,Validate decision makers and connect top programmes to likely tender portals.,commercial
acct_3601c186e924,org_0c1c1e4902b1,PayTM Foundation,Donor,Tier 2,59.4,KE; KR; MN; KH; LA; TH; IN; KG; MK; TJ; UZ; RS; KW; PS; SA,Kenya; KR; MN; KH; LA; TH; IN; KG; MK; TJ; UZ; RS; KW; PS; SA,General health sector,11322313.0,0,Qualify,Validate decision makers and connect top programmes to likely tender portals.,commercial
acct_5ffbff3e9461,org_149ef48398da,UN Children's Fund (UNICEF),Donor,Tier 2,59.4,KE; KR; MN; KH; LA; TH; IN; KG; MK; TJ; UZ; RS; KW; PS; SA,Kenya; KR; MN; KH; LA; TH; IN; KG; MK; TJ; UZ; RS; KW; PS; SA,General health sector,11322313.0,0,Qualify,Validate decision makers and connect top programmes to likely tender portals.,commercial
acct_396a1eb9f3bd,org_9d57c708398a,International Center for Tropical Agriculture,Implementing Partner,Tier 2,59.3,UG; KE,Uganda; Kenya,General health sector,797100.0,0,Qualify,Validate decision makers and connect top programmes to likely tender portals.,commercial
acct_4a6613767d3c,org_9ed5deed5f74,"University of California, Los Angeles",Implementing Partner,Tier 2,59.1,CD,Democratic Republic of the Congo,General health sector,2936171.91,1,Qualify,Validate decision makers and connect top programmes to likely tender portals.,commercial
acct_8cd60b9a910f,org_d21ee6c7bae2,CAFIN / Power of nutrition,Donor,Tier 2,59.1,RW,Rwanda,General health sector,40266158.24,0,Qualify,Validate decision makers and connect top programmes to likely tender portals.,commercial
acct_5fe888b91cc0,org_1b18641c882d,"Ministry of Public Health, Hygiene and Social Security",Implementing Partner,Tier 2,59.0,CD,Democratic Republic of the Congo,General health sector,101075973.2,0,Qualify,Validate decision makers and connect top programmes to likely tender portals.,commercial
acct_0873cec6ea59,org_6c7fdbeb260f,Africa Nordic Development Fund (NDF) Climate Change Program Parallel Trust Fund of TF071810,Implementing Partner,Tier 2,59.0,TZ,Tanzania,General health sector,34826360.27,0,Qualify,Validate decision makers and connect top programmes to likely tender portals.,commercial
acct_bcf89ca4c3fc,org_b28b48762c75,Kenya Red Cross Society,Implementing Partner,Tier 2,58.9,KE,Kenya,General health sector,49656622.19,0,Qualify,Validate decision makers and connect top programmes to likely tender portals.,commercial
acct_5eefa791969c,org_02a5445a5121,IOGT-NTO Movement,Donor,Tier 2,58.9,UG; TZ; KE,Uganda; Tanzania; Kenya,General health sector,18654950.0,0,Qualify,Validate decision makers and connect top programmes to likely tender portals.,commercial
acct_ce0372807fb7,org_e102fe3291ce,Centre for Humanitarian Change Trust Registered Trustees,Implementing Partner,Tier 2,58.9,KE,Kenya,General health sector,1027700.0,0,Qualify,Validate decision makers and connect top programmes to likely tender portals.,commercial
acct_2de24d04ac6b,org_ff249e4b90fc,Food and Agriculture Organization (FAO),Donor,Tier 2,58.8,TZ; CD; ET; SS; SO; KE; RW,Tanzania; Democratic Republic of the Congo; Ethiopia; South Sudan; Somalia; Kenya; Rwanda,Diagnostic Equipment,98312520.34,1,Qualify,Validate decision makers and connect top programmes to likely tender portals.,commercial
acct_590eaa4d7911,org_2e14222a2144,Primary Health Care Transformation Trust Fund,Implementing Partner,Tier 2,58.8,ET; TZ; CD; KE,Ethiopia; Tanzania; Democratic Republic of the Congo; Kenya,General health sector,148469112.4,0,Qualify,Validate decision makers and connect top programmes to likely tender portals.,commercial
acct_396ae9720a37,org_5f529196238d,EngenderHealth Ethiopia,Implementing Partner,Tier 2,58.8,ET,Ethiopia,Facility Infrastructure,13598600.0,0,Qualify,Validate decision makers and connect top programmes to likely tender portals.,commercial
acct_4cc6073cf2a2,org_cce1ecabbcac,Swiss Agency for Development and Cooperation (SDC),Donor,Tier 1,58.4,SO; CD; TZ; KE; RW; ET; SS,Somalia; Democratic Republic of the Congo; Tanzania; Kenya; Rwanda; Ethiopia; South Sudan,Facility Infrastructure; IT / Health Information Systems; Diagnostic Equipment; Medical Devices & Equipment,829835358.38,6,Prioritise,Open account plan for donor route and map procurement stakeholders.,commercial
acct_27df5abd22e1,org_a567ffce84ff,Multi-Donor Trust Fund for the Global Financing Facility (GFF) in Support of Every Woman Every Child,Implementing Partner,Tier 2,58.4,ET; TZ; RW; KE,Ethiopia; Tanzania; Rwanda; Kenya,General health sector,167051386.86,0,Qualify,Validate decision makers and connect top programmes to likely tender portals.,commercial
acct_fdd451f34cac,org_9fe231023e1b,Centre de Recherche et de Formation en Infectiologie de Guinée,Implementing Partner,Tier 2,58.4,GN; CD,GN; Democratic Republic of the Congo,General health sector,501136.0,0,Qualify,Validate decision makers and connect top programmes to likely tender portals.,commercial
acct_23c49057ff5a,org_96632dee2df1,Global Financing Facility for Womencomma Children and Adolescents Multi-Donor Trust Fund,Implementing Partner,Tier 2,58.3,ET; SO; TZ; KE,Ethiopia; Somalia; Tanzania; Kenya,General health sector,164986509.66,0,Qualify,Validate decision makers and connect top programmes to likely tender portals.,commercial
acct_089601fcd974,org_06db9e65ea8c,University of Nairobi,Implementing Partner,Tier 2,58.2,KE; BD; JO; UG; GB; AF; BE; FJ; ID; LK; IN; ZA; CH; GM; GH; BF; SD; ZM; SL; NP; BR,Kenya; BD; JO; Uganda; GB; AF; BE; FJ; ID; LK; IN; ZA; CH; GM; GH; BF; SD; ZM; SL; NP; BR,Diagnostic Equipment,12252854.05,0,Qualify,Validate decision makers and connect top programmes to likely tender portals.,commercial
acct_28962f589491,org_1fb0d4889bb5,"African Institute for Development Policy (AFIDEP), Kenya",Implementing Partner,Tier 2,58.2,GB; KE; NG; MW; UG; CM; ET; GH; ZA; SD; TZ; NZ,GB; Kenya; NG; MW; Uganda; CM; Ethiopia; GH; ZA; SD; Tanzania; NZ,Diagnostic Equipment,9265348.58,0,Qualify,Validate decision makers and connect top programmes to likely tender portals.,commercial
acct_67e6b3a28e4a,org_88df13c90ef0,"Malawi Liverpool Wellcome Trust Programme, Malawi",Implementing Partner,Tier 2,58.2,GB; KE; NG; MW; UG; CM; ET; GH; ZA; SD; TZ; NZ,GB; Kenya; NG; MW; Uganda; CM; Ethiopia; GH; ZA; SD; Tanzania; NZ,Diagnostic Equipment,9265348.58,0,Qualify,Validate decision makers and connect top programmes to likely tender portals.,commercial
acct_ff0667862ac0,org_5334252d7a56,Rockefeller Foundation,Donor,Tier 2,58.2,ET; UG; KE; TZ; GH; ZA,Ethiopia; Uganda; Kenya; Tanzania; GH; ZA,General health sector,2170900.0,0,Qualify,Validate decision makers and connect top programmes to likely tender portals.,commercial
acct_26e6309c2b25,org_896140535264,Mainline,Donor,Tier 2,58.2,KE; TZ,Kenya; Tanzania,Diagnostic Equipment,891093.0,0,Qualify,Validate decision makers and connect top programmes to likely tender portals.,commercial
acct_f881ab57a2d6,org_a8fdb3469218,Global Agriculture and Food Security Program (GAFSP) - World Bank as Supervising Entity,Implementing Partner,Tier 2,58.1,CD,Democratic Republic of the Congo,General health sector,21683883.78,0,Qualify,Validate decision makers and connect top programmes to likely tender portals.,commercial
acct_bdd9a3ee1058,org_3099d455be0e,Second Phase of the Scaling Up of Nutrition Investments - Parallel Trust Fund of TF072449,Implementing Partner,Tier 2,58.1,CD,Democratic Republic of the Congo,General health sector,21683883.78,0,Qualify,Validate decision makers and connect top programmes to likely tender portals.,commercial
acct_c7240d6ebb52,org_a087a257abba,Food Systems 2030 Multi-Donor Trust Fund,Implementing Partner,Tier 2,58.1,CD,Democratic Republic of the Congo,General health sector,21683883.78,0,Qualify,Validate decision makers and connect top programmes to likely tender portals.,commercial
acct_78ba8cddc7cc,org_a5ba5775610d,African Population and Health Research Centre,Implementing Partner,Tier 2,58.1,UG; KE; TZ,Uganda; Kenya; Tanzania,General health sector,899500.0,0,Qualify,Validate decision makers and connect top programmes to likely tender portals.,commercial
acct_6c4148433fef,org_0d564c1095d0,IIT Madras,Implementing Partner,Tier 2,58.0,KE; BD; JO; UG; GB; AF; BE; FJ; ID; LK; IN; ZA; CH; SL; NP; GH; BR,Kenya; BD; JO; Uganda; GB; AF; BE; FJ; ID; LK; IN; ZA; CH; SL; NP; GH; BR,Diagnostic Equipment,6284049.56,0,Qualify,Validate decision makers and connect top programmes to likely tender portals.,commercial
acct_7332cfd05806,org_6ca766dc5463,Maynooth University,Implementing Partner,Tier 2,58.0,KE; BD; JO; UG; GB; AF; BE; FJ; ID; LK; IN; ZA; CH; SL; NP; GH; BR,Kenya; BD; JO; Uganda; GB; AF; BE; FJ; ID; LK; IN; ZA; CH; SL; NP; GH; BR,Diagnostic Equipment,6284049.56,0,Qualify,Validate decision makers and connect top programmes to likely tender portals.,commercial
acct_fd725a3d0bb4,org_69d94162db3c,Universidade de Sao Paulo,Implementing Partner,Tier 2,58.0,KE; BD; JO; UG; GB; AF; BE; FJ; ID; LK; IN; ZA; CH; SL; NP; GH; BR,Kenya; BD; JO; Uganda; GB; AF; BE; FJ; ID; LK; IN; ZA; CH; SL; NP; GH; BR,Diagnostic Equipment,6284049.56,0,Qualify,Validate decision makers and connect top programmes to likely tender portals.,commercial
acct_26477e8cee5c,org_76a19cd6393d,CBM Christoffel-Blindenmission Christian Blind Mission e.V.,Implementing Partner,Tier 2,58.0,TZ; UG; ET; KE,Tanzania; Uganda; Ethiopia; Kenya,Facility Infrastructure,0.0,0,Qualify,Validate decision makers and connect top programmes to likely tender portals.,commercial
acct_858eaaf4b58a,org_a6ca1d952bf4,Comprehensive Community Based Rehabilitation in Tanzania,Accountable Agency,Tier 2,58.0,TZ,Tanzania,Facility Infrastructure,0.0,0,Qualify,Validate decision makers and connect top programmes to likely tender portals.,commercial
acct_f1e24f32e3c6,org_d70ae0ab8b52,humedica e.V.,Implementing Partner,Tier 2,58.0,ET; SS,Ethiopia; South Sudan,Facility Infrastructure,0.0,0,Qualify,Validate decision makers and connect top programmes to likely tender portals.,commercial
acct_7d2e4e07f437,org_1b2d011f110d,MINISTERO DELLA SALUTE ETIOPICO ALT,Implementing Partner,Tier 2,58.0,ET,Ethiopia,Facility Infrastructure; Medical Devices & Equipment,0.0,0,Qualify,Validate decision makers and connect top programmes to likely tender portals.,commercial
acct_87d4c23c0744,org_67d788db98d2,Aero Medical Services,Implementing Partner,Tier 2,58.0,UG,Uganda,Facility Infrastructure,0.0,0,Qualify,Validate decision makers and connect top programmes to likely tender portals.,commercial
acct_0a0b29da98cf,org_2b8d3bc91880,Aisha Charity Association,Implementing Partner,Tier 2,58.0,ET,Ethiopia,Facility Infrastructure,0.0,0,Qualify,Validate decision makers and connect top programmes to likely tender portals.,commercial
acct_7491c81ce23c,org_db5fa944b561,AMREF HEALTH AFRICA ONG/ON,Implementing Partner,Tier 2,58.0,SS,South Sudan,Diagnostic Equipment; Facility Infrastructure,0.0,0,Qualify,Validate decision makers and connect top programmes to likely tender portals.,commercial
acct_a381fa19fb80,org_910832b3cc40,Atsede & Indie's Women's Clinic,Implementing Partner,Tier 2,58.0,ET,Ethiopia,Facility Infrastructure,0.0,0,Qualify,Validate decision makers and connect top programmes to likely tender portals.,commercial
acct_aa85a2f2c744,org_f98152613679,Bright Life Foundation Uganda,Implementing Partner,Tier 2,58.0,UG,Uganda,Facility Infrastructure,0.0,0,Qualify,Validate decision makers and connect top programmes to likely tender portals.,commercial
acct_3d61d8ed2db6,org_355ada79e277,Children of the World Foundation,Implementing Partner,Tier 2,58.0,UG,Uganda,Facility Infrastructure,0.0,0,Qualify,Validate decision makers and connect top programmes to likely tender portals.,commercial
acct_800b09cc952e,org_fb6a19044a69,Gud Kwo Foundation,Implementing Partner,Tier 2,58.0,UG,Uganda,Facility Infrastructure,0.0,0,Qualify,Validate decision makers and connect top programmes to likely tender portals.,commercial
acct_dbc0a4a54940,org_94c3f921d21f,Konvoi der Hoffnung Oberhausen-Rheinhausen e. V.,Implementing Partner,Tier 2,58.0,UG,Uganda,Facility Infrastructure,0.0,0,Qualify,Validate decision makers and connect top programmes to likely tender portals.,commercial
acct_b211dac21100,org_5e2eddc791af,Northern Uganda Hiphop Culture,Implementing Partner,Tier 2,58.0,UG,Uganda,Facility Infrastructure,0.0,0,Qualify,Validate decision makers and connect top programmes to likely tender portals.,commercial
acct_f356730b20ca,org_1a8514332c5f,Northern Uganda Youth Empowerement Network (NUYEN),Implementing Partner,Tier 2,58.0,UG,Uganda,Facility Infrastructure,0.0,0,Qualify,Validate decision makers and connect top programmes to likely tender portals.,commercial
acct_3e48bc350ca7,org_2c963051b2d3,Oyam Woman and Girls Champions of Change (OYWG),Implementing Partner,Tier 2,58.0,UG,Uganda,Facility Infrastructure,0.0,0,Qualify,Validate decision makers and connect top programmes to likely tender portals.,commercial
acct_b3ce7802635a,org_079a12b99b50,Palabek Development Forum,Implementing Partner,Tier 2,58.0,UG,Uganda,Facility Infrastructure,0.0,0,Qualify,Validate decision makers and connect top programmes to likely tender portals.,commercial
acct_a1479a50aa97,org_7050264a8e58,Peace and Shammah Foundation (PSF),Implementing Partner,Tier 2,58.0,UG,Uganda,Facility Infrastructure,0.0,0,Qualify,Validate decision makers and connect top programmes to likely tender portals.,commercial
acct_139b31509a8d,org_881829a26d29,Peace Together Uganda,Implementing Partner,Tier 2,58.0,UG,Uganda,Facility Infrastructure,0.0,0,Qualify,Validate decision makers and connect top programmes to likely tender portals.,commercial
acct_8f2a8e100260,org_54af01659713,Step By Step Womens Mental Health,Implementing Partner,Tier 2,58.0,UG,Uganda,Facility Infrastructure,0.0,0,Qualify,Validate decision makers and connect top programmes to likely tender portals.,commercial
acct_02c443adc95c,org_eec56735ef9c,Stiftung Menschen für Menschen - Karlheinz Böhms Äthiopienhilfe -,Implementing Partner,Tier 2,58.0,ET,Ethiopia,Facility Infrastructure,0.0,0,Qualify,Validate decision makers and connect top programmes to likely tender portals.,commercial
acct_8df01233905d,org_ce736a648958,Tadamun Social Society,Implementing Partner,Tier 2,58.0,SO,Somalia,Facility Infrastructure,0.0,0,Qualify,Validate decision makers and connect top programmes to likely tender portals.,commercial
acct_c2b32856186e,org_7904c2797405,Terra Tech Förderprojekte,Implementing Partner,Tier 2,58.0,ET,Ethiopia,IT / Health Information Systems; Medical Devices & Equipment,0.0,0,Qualify,Validate decision makers and connect top programmes to likely tender portals.,commercial
acct_2a7621bf2833,org_74c13608bdf6,time2help e.V.,Implementing Partner,Tier 2,58.0,TZ,Tanzania,Facility Infrastructure,0.0,0,Qualify,Validate decision makers and connect top programmes to likely tender portals.,commercial
acct_3c34add93a82,org_043bdba4c3be,Visions for Children e.V.,Implementing Partner,Tier 2,58.0,UG,Uganda,Facility Infrastructure,0.0,0,Qualify,Validate decision makers and connect top programmes to likely tender portals.,commercial
acct_40bf4b6dbc6b,org_379e4d7f0814,Watye Ki Gen,Implementing Partner,Tier 2,58.0,UG,Uganda,Facility Infrastructure,0.0,0,Qualify,Validate decision makers and connect top programmes to likely tender portals.,commercial
acct_7bf2ab93fa73,org_fe08de4a684f,Wholistic Development Initiative For All (WODIFA),Implementing Partner,Tier 2,58.0,UG,Uganda,Facility Infrastructure,0.0,0,Qualify,Validate decision makers and connect top programmes to likely tender portals.,commercial
acct_b96e0dc7a889,org_b624a7b3d8a4,World Vision Somalia,Implementing Partner,Tier 2,58.0,SO,Somalia,Diagnostic Equipment,0.0,0,Qualify,Validate decision makers and connect top programmes to likely tender portals.,commercial
acct_e1353794985f,org_f7d35936eff8,Ärzte der Welt e.V.,Implementing Partner,Tier 2,58.0,ET,Ethiopia,Facility Infrastructure,0.0,0,Qualify,Validate decision makers and connect top programmes to likely tender portals.,commercial
acct_41bae475d442,org_68063c798ea1,UNIVERSITÀ DEGLI STUDI DI PISA,Implementing Partner,Tier 2,58.0,SS,South Sudan,Diagnostic Equipment; Facility Infrastructure; IT / Health Information Systems,0.0,0,Qualify,Validate decision makers and connect top programmes to likely tender portals.,commercial
acct_4296173afb84,org_40f3022c6c92,MEDICUS MUNDI ITALIA ONG/ON,Implementing Partner,Tier 2,58.0,KE,Kenya,Diagnostic Equipment,0.0,0,Qualify,Validate decision makers and connect top programmes to likely tender portals.,commercial
acct_b2c0eecd6513,org_f63ba05dad0b,"United Nations agency, fund or commission (UN)",Implementing Partner,Tier 2,58.0,ET,Ethiopia,Facility Infrastructure,0.0,0,Qualify,Validate decision makers and connect top programmes to likely tender portals.,commercial
acct_7bcfe5f30b86,org_66a51cfb648a,World Vision International,Implementing Partner,Tier 2,57.9,SO,Somalia,General health sector,26966767.02,0,Qualify,Validate decision makers and connect top programmes to likely tender portals.,commercial
acct_51e644db3d3b,org_db16edc19982,Democratic Republic of the Congo,Donor,Tier 2,57.9,CD,Democratic Republic of the Congo,General health sector,11464336.91,0,Qualify,Validate decision makers and connect top programmes to likely tender portals.,commercial
acct_e32fe50a1947,org_312d69ff8efd,Digni,Implementing Partner,Tier 2,57.8,CD; ET; KE; UG,Democratic Republic of the Congo; Ethiopia; Kenya; Uganda,Facility Infrastructure,25099103.0,0,Qualify,Validate decision makers and connect top programmes to likely tender portals.,commercial
acct_cacef24e0e40,org_d11c3a5ccf18,Children&apos;s Investment Fund Foundation (UK),Donor,Tier 2,57.7,KE; RW; ET; UG; CD,Kenya; Rwanda; Ethiopia; Uganda; Democratic Republic of the Congo,General health sector,14906445.6,0,Qualify,Validate decision makers and connect top programmes to likely tender portals.,commercial
acct_8329d7991431,org_05d4b49f0d92,International Rescue Committee Inc.,Implementing Partner,Tier 2,57.6,ET; SS; BI; CD; TZ; MW; MZ; PK; RW; SD; UG; ZM; AF; BG; MG; SO; ZW,Ethiopia; South Sudan; BI; Democratic Republic of the Congo; Tanzania; MW; MZ; PK; Rwanda; SD; Uganda; ZM; AF; BG; MG; Somalia; ZW,Facility Infrastructure; Cold Chain / Storage,210606124.02,1,Qualify,Validate decision makers and connect top programmes to likely tender portals.,commercial
acct_a5b501386548,org_45a5663e3a7f,OneSight EssilorLuxottica Foundation,Donor,Tier 2,57.6,KE,Kenya,General health sector,2542109.43,0,Qualify,Validate decision makers and connect top programmes to likely tender portals.,commercial
acct_7be599ae8e25,org_c1b3d7baee6a,"RF Catalytic Capital, Inc.",Implementing Partner,Tier 2,57.6,SN; UG,SN; Uganda,General health sector,974000.0,0,Qualify,Validate decision makers and connect top programmes to likely tender portals.,commercial
acct_1620524b8a1f,org_f8745630db84,ONG basée dans un pays en développement,Implementing Partner,Tier 1,57.5,RW; ET; KE; TZ; UG; ZW; BD; NG; ZA; CD; CM; MZ; SN; SS; SO,Rwanda; Ethiopia; Kenya; Tanzania; Uganda; ZW; BD; NG; ZA; Democratic Republic of the Congo; CM; MZ; SN; South Sudan; Somalia,Facility Infrastructure; IT / Health Information Systems,83943843.32,10,Prioritise,Open account plan for implementing partner route and map procurement stakeholders.,commercial
acct_be629fa231a9,org_c75fd38ff124,Armauer Hansen Research Institute,Implementing Partner,Tier 2,57.5,GB; ET; GH,GB; Ethiopia; GH,Diagnostic Equipment; Facility Infrastructure,5670455.0,0,Qualify,Validate decision makers and connect top programmes to likely tender portals.,commercial
acct_445bd8177330,org_fb85a1d9d4df,University of Dundee,Implementing Partner,Tier 2,57.5,ET,Ethiopia,Facility Infrastructure,4448364.0,0,Qualify,Validate decision makers and connect top programmes to likely tender portals.,commercial
acct_f7d95b65bba4,org_0b4a78988605,Stichting Healthy Entrepreneurs Foundation,Implementing Partner,Tier 2,57.5,ET,Ethiopia,General health sector,100000.0,0,Qualify,Validate decision makers and connect top programmes to likely tender portals.,commercial
acct_e6d7f820a3e3,org_112787e8c4b6,GRID3 Inc,Implementing Partner,Tier 2,57.4,CD; NG,Democratic Republic of the Congo; NG,General health sector,20300000.0,0,Qualify,Validate decision makers and connect top programmes to likely tender portals.,commercial
acct_828cb48fec01,org_702dcd85ff55,"Myriad USA, Inc (Previously King Baudouin Foundation United States ? KBFUS)",Donor,Tier 2,57.3,KE; TZ,Kenya; Tanzania,General health sector,4780817.23,0,Qualify,Validate decision makers and connect top programmes to likely tender portals.,commercial
acct_84b8ef5fa21c,org_1c758e660940,Sasakawa Health Foundation,Donor,Tier 2,57.2,TZ; CD; SO; ET; SS,Tanzania; Democratic Republic of the Congo; Somalia; Ethiopia; South Sudan,General health sector,6651403.37,0,Qualify,Validate decision makers and connect top programmes to likely tender portals.,commercial
acct_32c6b2eaa340,org_4234330edd16,Helmsley Charitable Trust,Donor,Tier 2,57.2,KE; RW; TZ,Kenya; Rwanda; Tanzania,General health sector,4990360.93,0,Qualify,Validate decision makers and connect top programmes to likely tender portals.,commercial
acct_375af5603284,org_dfe5f38b615b,Drugs for Neglected Diseases initiative,Implementing Partner,Tier 2,57.2,BR; KE; CO,BR; Kenya; CO,General health sector,839300.0,0,Qualify,Validate decision makers and connect top programmes to likely tender portals.,commercial
acct_9aad55e8065e,org_55e5fdd3063e,Engagement Global gGmbH,Accountable Agency,Tier 2,57.1,KE; TZ; ET; UG; SS; CD; RW,Kenya; Tanzania; Ethiopia; Uganda; South Sudan; Democratic Republic of the Congo; Rwanda,Facility Infrastructure; Diagnostic Equipment; IT / Health Information Systems; Medical Devices & Equipment,17602820.39,1,Qualify,Validate decision makers and connect top programmes to likely tender portals.,commercial
acct_e4d27bc462e0,org_3c1ffd59292c,"Directorate-General for International Partnerships (INTPA), European Commission",Donor,Tier 2,57.1,CD; TZ; UG; RW; SO; SS; ET,Democratic Republic of the Congo; Tanzania; Uganda; Rwanda; Somalia; South Sudan; Ethiopia,General health sector,17553882.47,0,Qualify,Validate decision makers and connect top programmes to likely tender portals.,commercial
acct_5fd321b52822,org_0e77a5c5d9a5,UN Environment Programme,Donor,Tier 2,57.1,KE; KR; MN; KH; LA; TH; IN; KG; MK; TJ; UZ; RS; KW; PS; SA; UG,Kenya; KR; MN; KH; LA; TH; IN; KG; MK; TJ; UZ; RS; KW; PS; SA; Uganda,General health sector,11422313.0,0,Qualify,Validate decision makers and connect top programmes to likely tender portals.,commercial
acct_67e6e7823523,org_f27563172112,International Medical Corps UK,Implementing Partner,Tier 2,57.1,SO,Somalia,Facility Infrastructure; Medical Devices & Equipment,4198084.0,0,Qualify,Validate decision makers and connect top programmes to likely tender portals.,commercial
acct_5f0b9172c024,org_1afbb7107bd6,Uganda,Donor,Tier 2,57.1,UG,Uganda,General health sector,2961042.24,0,Qualify,Validate decision makers and connect top programmes to likely tender portals.,commercial
acct_9ea0b0359b07,org_2df7d7450758,Bayer AG,Donor,Tier 2,57.1,CD,Democratic Republic of the Congo,General health sector,1864130.0,0,Qualify,Validate decision makers and connect top programmes to likely tender portals.,commercial
acct_8ebabaa952f7,org_57869db186b5,Hospital for Sick Children,Implementing Partner,Tier 2,57.1,KE; PK,Kenya; PK,General health sector,750000.0,0,Qualify,Validate decision makers and connect top programmes to likely tender portals.,commercial
acct_03a45b9b3a50,org_e37e8aa736d2,Fianakaviana Sambatra (FISA),Implementing Partner,Tier 2,57.0,BI; ET; MG; SO; SS; SD; ZM,BI; Ethiopia; MG; Somalia; South Sudan; SD; ZM,General health sector,75125000.0,0,Qualify,Validate decision makers and connect top programmes to likely tender portals.,commercial
acct_1fc24b3d274a,org_ef8371a4d246,Ipas,Implementing Partner,Tier 2,57.0,BI; ET; MG; SO; SS; SD; ZM,BI; Ethiopia; MG; Somalia; South Sudan; SD; ZM,General health sector,75125000.0,0,Qualify,Validate decision makers and connect top programmes to likely tender portals.,commercial
acct_4bd4a6f07bd4,org_b9424b6183db,CROIX ROUGE FRANCAISE,Implementing Partner,Tier 2,57.0,MH; SB; TZ; KM; MG; VC; VU; FJ; KI; AG; FM; SC; WS; MU; MZ; TV; LC; TO,MH; SB; Tanzania; KM; MG; VC; VU; FJ; KI; AG; FM; SC; WS; MU; MZ; TV; LC; TO,General health sector,12000000.01,0,Qualify,Validate decision makers and connect top programmes to likely tender portals.,commercial
acct_71fd00d63538,org_e4832a1557f2,UNIVERSITÀ DEGLI STUDI MILANO-BICOCCA EPE,Implementing Partner,Tier 2,56.9,UG,Uganda,General health sector,9750000.0,0,Qualify,Validate decision makers and connect top programmes to likely tender portals.,commercial
acct_089181d5c880,org_c95883c4b651,Sanofi-Aventis,Donor,Tier 2,56.8,RW; UG; ET; KE; SS,Rwanda; Uganda; Ethiopia; Kenya; South Sudan,General health sector,5256916.02,0,Qualify,Validate decision makers and connect top programmes to likely tender portals.,commercial
acct_bae3bca052ce,org_9aabe2594c03,World Diabetes Foundation,Donor,Tier 2,56.8,UG; SO,Uganda; Somalia,General health sector,3491407.91,0,Qualify,Validate decision makers and connect top programmes to likely tender portals.,commercial
acct_580b05039144,org_af053d6af566,Roche Kenya Limited,Donor,Tier 2,56.8,KE; TZ,Kenya; Tanzania,General health sector,3102418.43,0,Qualify,Validate decision makers and connect top programmes to likely tender portals.,commercial
acct_325273ab457b,org_97fd3e0570c8,"University of Maryland, Baltimore",Implementing Partner,Tier 2,56.7,CD; GH; KE; MG; MW; NE; BF; ZM; NP; PK; BD,Democratic Republic of the Congo; GH; Kenya; MG; MW; NE; BF; ZM; NP; PK; BD,General health sector,17255627.0,0,Qualify,Validate decision makers and connect top programmes to likely tender portals.,commercial
acct_564324894b24,org_f246abcb1cb9,"TechnoServe, Inc.",Implementing Partner,Tier 2,56.7,ET; KE; NG; TZ; IN; PK; BD; ID,Ethiopia; Kenya; NG; Tanzania; IN; PK; BD; ID,General health sector,15261706.0,0,Qualify,Validate decision makers and connect top programmes to likely tender portals.,commercial
acct_43c285edd836,org_59e1382c722f,Susan Thompson Buffett Foundation,Donor,Tier 2,56.7,RW; ET; KE; TZ; SS; CD,Rwanda; Ethiopia; Kenya; Tanzania; South Sudan; Democratic Republic of the Congo,General health sector,10335451.89,0,Qualify,Validate decision makers and connect top programmes to likely tender portals.,commercial
acct_4afecdae6486,org_4d7a14563f44,"Government of Wallonia, Belgium",Donor,Tier 2,56.7,CD,Democratic Republic of the Congo,General health sector,1451934.94,0,Qualify,Validate decision makers and connect top programmes to likely tender portals.,commercial
acct_05f785a2ad9a,org_dbd44629ef64,GSK plc,Donor,Tier 2,56.7,UG,Uganda,General health sector,1428786.03,0,Qualify,Validate decision makers and connect top programmes to likely tender portals.,commercial
acct_4a2edb940aa4,org_64ad9407340a,Ministry of Foreign and European Affairs of the Slovak Republic,Donor,Tier 2,56.6,KE; SS; RW; UG; ET; TZ,Kenya; South Sudan; Rwanda; Uganda; Ethiopia; Tanzania,Facility Infrastructure; Diagnostic Equipment; Medical Devices & Equipment; Vehicles & Transport,85846338.0,0,Qualify,Validate decision makers and connect top programmes to likely tender portals.,commercial
acct_93f08a58faa7,org_238b08f8fdc8,"Department of Health and Social Care, United Kingdom",Donor,Tier 2,56.6,KE; ET,Kenya; Ethiopia,General health sector,2381572.66,0,Qualify,Validate decision makers and connect top programmes to likely tender portals.,commercial
acct_dae7cf1c9637,org_849ec9611918,Swiss Development Cooperation Agency (SDC/DDC),Donor,Tier 2,56.6,TZ,Tanzania,General health sector,1409069.42,0,Qualify,Validate decision makers and connect top programmes to likely tender portals.,commercial
acct_b86380492bfb,org_6153e4c7a3e8,"Merck Sharp and Dohme Corp.,",Donor,Tier 2,56.6,KE,Kenya,General health sector,1346992.63,0,Qualify,Validate decision makers and connect top programmes to likely tender portals.,commercial
acct_3cefbb54f276,org_64434bfc5632,War Child Holland,Implementing Partner,Tier 2,56.5,SS; UG,South Sudan; Uganda,General health sector,110890088.0,1,Qualify,Validate decision makers and connect top programmes to likely tender portals.,commercial
acct_02390181364a,org_79620da9f812,Malaria Consortium US Inc,Donor,Tier 2,56.5,SS; UG; ET,South Sudan; Uganda; Ethiopia,IT / Health Information Systems,8237744.0,0,Qualify,Validate decision makers and connect top programmes to likely tender portals.,commercial
acct_d64af0bdf1f2,org_634496bea700,American University of Beirut (AUB),Implementing Partner,Tier 2,56.4,KE; KR; MN; KH; LA; TH; IN; KG; MK; TJ; UZ; RS; KW; PS; SA,Kenya; KR; MN; KH; LA; TH; IN; KG; MK; TJ; UZ; RS; KW; PS; SA,General health sector,11322313.0,0,Qualify,Validate decision makers and connect top programmes to likely tender portals.,commercial
acct_78c755c3d8a5,org_41c31080e43e,Asia Center for Air Pollution Research (ACAP),Accountable Agency,Tier 2,56.4,KE; KR; MN; KH; LA; TH; IN; KG; MK; TJ; UZ; RS; KW; PS; SA,Kenya; KR; MN; KH; LA; TH; IN; KG; MK; TJ; UZ; RS; KW; PS; SA,General health sector,11322313.0,0,Qualify,Validate decision makers and connect top programmes to likely tender portals.,commercial
acct_9f93ccb6ec6a,org_daba1ea0b889,Asian Institute of Technology,Implementing Partner,Tier 2,56.4,KE; KR; MN; KH; LA; TH; IN; KG; MK; TJ; UZ; RS; KW; PS; SA,Kenya; KR; MN; KH; LA; TH; IN; KG; MK; TJ; UZ; RS; KW; PS; SA,General health sector,11322313.0,0,Qualify,Validate decision makers and connect top programmes to likely tender portals.,commercial
acct_4a0d1d07c7bb,org_8d8aa5dc43f2,Center of Live and Learn for Environment and Community (CLEC,Implementing Partner,Tier 2,56.4,KE; KR; MN; KH; LA; TH; IN; KG; MK; TJ; UZ; RS; KW; PS; SA,Kenya; KR; MN; KH; LA; TH; IN; KG; MK; TJ; UZ; RS; KW; PS; SA,General health sector,11322313.0,0,Qualify,Validate decision makers and connect top programmes to likely tender portals.,commercial
acct_5cf0a5604faf,org_0e191e8c2a5b,Clean Air Asia,Implementing Partner,Tier 2,56.4,KE; KR; MN; KH; LA; TH; IN; KG; MK; TJ; UZ; RS; KW; PS; SA,Kenya; KR; MN; KH; LA; TH; IN; KG; MK; TJ; UZ; RS; KW; PS; SA,General health sector,11322313.0,0,Qualify,Validate decision makers and connect top programmes to likely tender portals.,commercial
acct_4627990f3e9d,org_3ec7a55384d5,Clean Air Institute (CAI),Implementing Partner,Tier 2,56.4,KE; KR; MN; KH; LA; TH; IN; KG; MK; TJ; UZ; RS; KW; PS; SA,Kenya; KR; MN; KH; LA; TH; IN; KG; MK; TJ; UZ; RS; KW; PS; SA,General health sector,11322313.0,0,Qualify,Validate decision makers and connect top programmes to likely tender portals.,commercial
acct_b83b151db536,org_534ec365b6ae,Environmental Compliance Institute (ECI),Implementing Partner,Tier 2,56.4,KE; KR; MN; KH; LA; TH; IN; KG; MK; TJ; UZ; RS; KW; PS; SA,Kenya; KR; MN; KH; LA; TH; IN; KG; MK; TJ; UZ; RS; KW; PS; SA,General health sector,11322313.0,0,Qualify,Validate decision makers and connect top programmes to likely tender portals.,commercial
acct_da3eb33e76d4,org_94f47972ca2a,Environmental Defense Fund (EDF),Implementing Partner,Tier 2,56.4,KE; KR; MN; KH; LA; TH; IN; KG; MK; TJ; UZ; RS; KW; PS; SA,Kenya; KR; MN; KH; LA; TH; IN; KG; MK; TJ; UZ; RS; KW; PS; SA,General health sector,11322313.0,0,Qualify,Validate decision makers and connect top programmes to likely tender portals.,commercial
acct_7656df378c45,org_bc5bb2adcf21,Finnish Meteorological Institute (FMI),Implementing Partner,Tier 2,56.4,KE; KR; MN; KH; LA; TH; IN; KG; MK; TJ; UZ; RS; KW; PS; SA,Kenya; KR; MN; KH; LA; TH; IN; KG; MK; TJ; UZ; RS; KW; PS; SA,General health sector,11322313.0,0,Qualify,Validate decision makers and connect top programmes to likely tender portals.,commercial
acct_31f343f20263,org_b8096ad25c96,Gyeonggi Research Institute,Implementing Partner,Tier 2,56.4,KE; KR; MN; KH; LA; TH; IN; KG; MK; TJ; UZ; RS; KW; PS; SA,Kenya; KR; MN; KH; LA; TH; IN; KG; MK; TJ; UZ; RS; KW; PS; SA,General health sector,11322313.0,0,Qualify,Validate decision makers and connect top programmes to likely tender portals.,commercial
acct_a2221a75b97e,org_4ee64fe1cca1,Incheon Institute,Implementing Partner,Tier 2,56.4,KE; KR; MN; KH; LA; TH; IN; KG; MK; TJ; UZ; RS; KW; PS; SA,Kenya; KR; MN; KH; LA; TH; IN; KG; MK; TJ; UZ; RS; KW; PS; SA,General health sector,11322313.0,0,Qualify,Validate decision makers and connect top programmes to likely tender portals.,commercial
acct_0fb0da48b291,org_4226030a20e6,Kazakhstan’s Association of Practicing Ecologists (APE,Implementing Partner,Tier 2,56.4,KE; KR; MN; KH; LA; TH; IN; KG; MK; TJ; UZ; RS; KW; PS; SA,Kenya; KR; MN; KH; LA; TH; IN; KG; MK; TJ; UZ; RS; KW; PS; SA,General health sector,11322313.0,0,Qualify,Validate decision makers and connect top programmes to likely tender portals.,commercial
acct_a781311fd670,org_0b655da62b5c,King Abdullah University of Science abd Technology (KAUST),Implementing Partner,Tier 2,56.4,KE; KR; MN; KH; LA; TH; IN; KG; MK; TJ; UZ; RS; KW; PS; SA,Kenya; KR; MN; KH; LA; TH; IN; KG; MK; TJ; UZ; RS; KW; PS; SA,General health sector,11322313.0,0,Qualify,Validate decision makers and connect top programmes to likely tender portals.,commercial
acct_18e32ca3d266,org_e0940fb14a42,Kuwait Institute for Scientific Research (KISR),Implementing Partner,Tier 2,56.4,KE; KR; MN; KH; LA; TH; IN; KG; MK; TJ; UZ; RS; KW; PS; SA,Kenya; KR; MN; KH; LA; TH; IN; KG; MK; TJ; UZ; RS; KW; PS; SA,General health sector,11322313.0,0,Qualify,Validate decision makers and connect top programmes to likely tender portals.,commercial
acct_fe45c2da22b2,org_f6fd81d8ef4c,Mario Molina Centre Chile,Implementing Partner,Tier 2,56.4,KE; KR; MN; KH; LA; TH; IN; KG; MK; TJ; UZ; RS; KW; PS; SA,Kenya; KR; MN; KH; LA; TH; IN; KG; MK; TJ; UZ; RS; KW; PS; SA,General health sector,11322313.0,0,Qualify,Validate decision makers and connect top programmes to likely tender portals.,commercial
acct_05f70843a0e8,org_bcb048e23dd5,Massive Earth Foundation (MEF),Implementing Partner,Tier 2,56.4,KE; KR; MN; KH; LA; TH; IN; KG; MK; TJ; UZ; RS; KW; PS; SA,Kenya; KR; MN; KH; LA; TH; IN; KG; MK; TJ; UZ; RS; KW; PS; SA,General health sector,11322313.0,0,Qualify,Validate decision makers and connect top programmes to likely tender portals.,commercial
acct_660fe1d5a819,org_bead7ae61d6c,Public Association “MoveGreen”,Implementing Partner,Tier 2,56.4,KE; KR; MN; KH; LA; TH; IN; KG; MK; TJ; UZ; RS; KW; PS; SA,Kenya; KR; MN; KH; LA; TH; IN; KG; MK; TJ; UZ; RS; KW; PS; SA,General health sector,11322313.0,0,Qualify,Validate decision makers and connect top programmes to likely tender portals.,commercial
acct_50902c12e29c,org_2e186941e806,Royal University of Phnom Penh,Implementing Partner,Tier 2,56.4,KE; KR; MN; KH; LA; TH; IN; KG; MK; TJ; UZ; RS; KW; PS; SA,Kenya; KR; MN; KH; LA; TH; IN; KG; MK; TJ; UZ; RS; KW; PS; SA,General health sector,11322313.0,0,Qualify,Validate decision makers and connect top programmes to likely tender portals.,commercial
acct_a54c2cc51a27,org_e89ffe39d164,Seoul Institute,Implementing Partner,Tier 2,56.4,KE; KR; MN; KH; LA; TH; IN; KG; MK; TJ; UZ; RS; KW; PS; SA,Kenya; KR; MN; KH; LA; TH; IN; KG; MK; TJ; UZ; RS; KW; PS; SA,General health sector,11322313.0,0,Qualify,Validate decision makers and connect top programmes to likely tender portals.,commercial
acct_59ede3b7f79c,org_430b4e840bef,Stockholm Environment Institute (SEI),Implementing Partner,Tier 2,56.4,KE; KR; MN; KH; LA; TH; IN; KG; MK; TJ; UZ; RS; KW; PS; SA,Kenya; KR; MN; KH; LA; TH; IN; KG; MK; TJ; UZ; RS; KW; PS; SA,General health sector,11322313.0,0,Qualify,Validate decision makers and connect top programmes to likely tender portals.,commercial
acct_8867273b4189,org_3103bf349caa,Thailand Environment Institute Foundation (TEI),Implementing Partner,Tier 2,56.4,KE; KR; MN; KH; LA; TH; IN; KG; MK; TJ; UZ; RS; KW; PS; SA,Kenya; KR; MN; KH; LA; TH; IN; KG; MK; TJ; UZ; RS; KW; PS; SA,General health sector,11322313.0,0,Qualify,Validate decision makers and connect top programmes to likely tender portals.,commercial
acct_73a6bf897140,org_27b826641137,United Nations Economic Commission forEurope (UNECE),Accountable Agency,Tier 2,56.4,KE; KR; MN; KH; LA; TH; IN; KG; MK; TJ; UZ; RS; KW; PS; SA,Kenya; KR; MN; KH; LA; TH; IN; KG; MK; TJ; UZ; RS; KW; PS; SA,General health sector,11322313.0,0,Qualify,Validate decision makers and connect top programmes to likely tender portals.,commercial
acct_ff26eb644730,org_98232e34b49b,World Bank (WB),Implementing Partner,Tier 2,56.4,KE; KR; MN; KH; LA; TH; IN; KG; MK; TJ; UZ; RS; KW; PS; SA,Kenya; KR; MN; KH; LA; TH; IN; KG; MK; TJ; UZ; RS; KW; PS; SA,General health sector,11322313.0,0,Qualify,Validate decision makers and connect top programmes to likely tender portals.,commercial
acct_1bbe6a862dc4,org_0f3755eaa208,World Economic Forum (WEF),Implementing Partner,Tier 2,56.4,KE; KR; MN; KH; LA; TH; IN; KG; MK; TJ; UZ; RS; KW; PS; SA,Kenya; KR; MN; KH; LA; TH; IN; KG; MK; TJ; UZ; RS; KW; PS; SA,General health sector,11322313.0,0,Qualify,Validate decision makers and connect top programmes to likely tender portals.,commercial
acct_5f94c8a9a120,org_6be307eb79f1,World Health Organization (WHO,Accountable Agency,Tier 2,56.4,KE; KR; MN; KH; LA; TH; IN; KG; MK; TJ; UZ; RS; KW; PS; SA,Kenya; KR; MN; KH; LA; TH; IN; KG; MK; TJ; UZ; RS; KW; PS; SA,General health sector,11322313.0,0,Qualify,Validate decision makers and connect top programmes to likely tender portals.,commercial
acct_c627dbb4f24c,org_8f0ae8261eaa,World Meteorological Organization (WMO),Accountable Agency,Tier 2,56.4,KE; KR; MN; KH; LA; TH; IN; KG; MK; TJ; UZ; RS; KW; PS; SA,Kenya; KR; MN; KH; LA; TH; IN; KG; MK; TJ; UZ; RS; KW; PS; SA,General health sector,11322313.0,0,Qualify,Validate decision makers and connect top programmes to likely tender portals.,commercial
acct_099de09972ca,org_e7dfb9321cf0,"Ministry of Foreign Affairs, Denmark",Donor,Tier 2,56.4,KE,Kenya,General health sector,2909859.96,0,Qualify,Validate decision makers and connect top programmes to likely tender portals.,commercial
acct_9d6d53b6c1cf,org_64129eabd7a5,LEGO Foundation,Donor,Tier 2,56.4,TZ,Tanzania,General health sector,2401550.98,0,Qualify,Validate decision makers and connect top programmes to likely tender portals.,commercial
acct_0e2ccda63234,org_8742beae82b1,Spanish Agency for International Cooperation (AECID),Donor,Tier 2,56.4,RW; ET,Rwanda; Ethiopia,General health sector,2348648.72,0,Qualify,Validate decision makers and connect top programmes to likely tender portals.,commercial
acct_5e035db1a782,org_f3904a17b82e,CONCERN WORLDWIDE,Implementing Partner,Tier 2,56.3,SO; ET,Somalia; Ethiopia,General health sector,33600046.18,1,Qualify,Validate decision makers and connect top programmes to likely tender portals.,commercial
acct_7794e0842d44,org_24eb561d9a78,entfällt,Implementing Partner,Tier 2,56.3,SS,South Sudan,General health sector,10482969.5,0,Qualify,Validate decision makers and connect top programmes to likely tender portals.,commercial
acct_6d959ae9774e,org_72eefd18b86c,United Republic of Tanzania,Donor,Tier 2,56.2,TZ,Tanzania,General health sector,2976390.09,0,Qualify,Validate decision makers and connect top programmes to likely tender portals.,commercial
acct_a7e60d145410,org_303e8dd0a06a,Japan Social Development Fund (JSDF),Implementing Partner,Tier 2,56.1,RW,Rwanda,General health sector,40266158.24,0,Qualify,Validate decision makers and connect top programmes to likely tender portals.,commercial
acct_c54338c4202f,org_c113d65e9af7,Multi Donor Trust Fund for Achieving Nutrition Impact at Scale,Implementing Partner,Tier 2,56.1,RW,Rwanda,General health sector,40266158.24,0,Qualify,Validate decision makers and connect top programmes to likely tender portals.,commercial
acct_64fd5b780d05,org_4c0c2f74aa54,Multi Donor Trust Fund for Achieving Nutrition Impact at Scale - Parallel Trust Fund of TF072405,Implementing Partner,Tier 2,56.1,RW,Rwanda,General health sector,40266158.24,0,Qualify,Validate decision makers and connect top programmes to likely tender portals.,commercial
acct_a2ed25988b8e,org_90a12222b090,Nutrition Multi-Donor Trust Fund,Implementing Partner,Tier 2,56.1,RW,Rwanda,General health sector,40266158.24,0,Qualify,Validate decision makers and connect top programmes to likely tender portals.,commercial
acct_09a6f373462b,org_7948d9b819d4,HelpAge International,Donor,Tier 2,56.1,KE; BD; JO; UG; GB; AF; BE; FJ; ID; LK; IN; ZA; CH; TZ; ET; PK; UA; MM; LB; MZ; MD,Kenya; BD; JO; Uganda; GB; AF; BE; FJ; ID; LK; IN; ZA; CH; Tanzania; Ethiopia; PK; UA; MM; LB; MZ; MD,Diagnostic Equipment,3580854.4,0,Qualify,Validate decision makers and connect top programmes to likely tender portals.,commercial
acct_d88433596f10,org_f8a8ce253abc,Italy - Ministry of Foreign Affairs International Cooperation,Donor,Tier 2,56.0,SO; RW; ET,Somalia; Rwanda; Ethiopia,General health sector,360959996.19,0,Qualify,Validate decision makers and connect top programmes to likely tender portals.,commercial
acct_fe280be7b56f,org_3e13bf0140fa,SAfA Stiftungsallianz für Afrika gGmbH,Implementing Partner,Tier 2,56.0,TZ,Tanzania,General health sector,8000000.0,0,Qualify,Validate decision makers and connect top programmes to likely tender portals.,commercial
acct_2730f3d52f9d,org_c2babf898397,Stichting Task Force Health Care,Implementing Partner,Tier 2,56.0,KE,Kenya,General health sector,500000.0,0,Qualify,Validate decision makers and connect top programmes to likely tender portals.,commercial
acct_441e739f1dde,org_39901faead2a,Fundaci?n Anesvad,Donor,Tier 2,55.7,ET,Ethiopia,General health sector,791591.02,0,Qualify,Validate decision makers and connect top programmes to likely tender portals.,commercial
acct_c12e26387806,org_858e0013502a,Hilfsaktion Noma e.V.,Donor,Tier 2,55.7,ET,Ethiopia,General health sector,791591.02,0,Qualify,Validate decision makers and connect top programmes to likely tender portals.,commercial
acct_921f5339295f,org_eb35e75f4e77,Plan Nederland,Donor,Tier 2,55.6,ET; PK; ID; KE; MW; ZM; MZ; SS,Ethiopia; PK; ID; Kenya; MW; ZM; MZ; South Sudan,General health sector,15284387.0,1,Qualify,Validate decision makers and connect top programmes to likely tender portals.,commercial
acct_16c0bb5f36e4,org_6969a145351b,BroadReach Group LLC,Implementing Partner,Tier 2,55.6,EG; ZA; GH; KE; NG; ZW,EG; ZA; GH; Kenya; NG; ZW,General health sector,7489338.0,0,Qualify,Validate decision makers and connect top programmes to likely tender portals.,commercial
acct_18a41a622923,org_7ac30b6b75f5,ETHIOPIAN RED CROSS SOCIETY,Implementing Partner,Tier 2,55.5,ET,Ethiopia,Facility Infrastructure,8004456.0,0,Qualify,Validate decision makers and connect top programmes to likely tender portals.,commercial
acct_c2ec2171d709,org_709d4d61a847,EECMY - Ethiopian Evangelical Church Mekane Yesus,Implementing Partner,Tier 2,55.5,ET,Ethiopia,General health sector,6746642.0,0,Qualify,Validate decision makers and connect top programmes to likely tender portals.,commercial
acct_7a7d44038883,org_6d18a5076c2b,"Foreign, Commonwealth & Development Office",Donor,Tier 2,55.5,TD; ML; CD; SN; NE; MR,TD; ML; Democratic Republic of the Congo; SN; NE; MR,General health sector,4801997.0,0,Qualify,Validate decision makers and connect top programmes to likely tender portals.,commercial
acct_86242d68b34d,org_a4095e0b87fa,FPFK - Free Pentecostal Fellowship Kenya,Implementing Partner,Tier 2,55.4,KE,Kenya,General health sector,6603223.0,0,Qualify,Validate decision makers and connect top programmes to likely tender portals.,commercial
acct_0d183b257c5b,org_76d042230155,Alliance for Health Policy and Systems Research (AHPSR),Donor,Tier 2,55.4,ET,Ethiopia,General health sector,647738.0,0,Qualify,Validate decision makers and connect top programmes to likely tender portals.,commercial
acct_f7ff5f44f19c,org_4c634ce895ae,World Federation of Neurology,Donor,Tier 2,55.4,ET,Ethiopia,General health sector,623663.96,0,Qualify,Validate decision makers and connect top programmes to likely tender portals.,commercial
acct_0290c9dbefc8,org_ac9f939f2808,Norwegian Refugee Council,Donor,Tier 2,55.2,SS; SO,South Sudan; Somalia,General health sector,142309224.1,1,Qualify,Validate decision makers and connect top programmes to likely tender portals.,commercial
acct_586ea4e4f38d,org_094f83fd4379,Population Services International,Reporting Organisation,Tier 2,55.2,SO,Somalia,IT / Health Information Systems; Medical Devices & Equipment,43000001.0,0,Qualify,Validate decision makers and connect top programmes to likely tender portals.,commercial
acct_c6c00a230d5a,org_00cd8b3904c2,"Aga Khan Health Service, Tanzania",Implementing Partner,Tier 2,55.2,TZ,Tanzania,General health sector,5999999.99,0,Qualify,Validate decision makers and connect top programmes to likely tender portals.,commercial
acct_d6290615f3e3,org_403853a4b232,Novo Nordisk Foundation,Donor,Tier 2,55.2,KE; SS; SO,Kenya; South Sudan; Somalia,General health sector,3072413.14,0,Qualify,Validate decision makers and connect top programmes to likely tender portals.,commercial
acct_2605414cb5e3,org_2af6d1c2e416,Crown Agents Bank,Donor,Tier 2,55.1,SS; BD; NP; KE; UG; MW; MZ; TZ; ZM; ET; MY; PH; TH,South Sudan; BD; NP; Kenya; Uganda; MW; MZ; Tanzania; ZM; Ethiopia; MY; PH; TH,Facility Infrastructure,116974717.8,0,Qualify,Validate decision makers and connect top programmes to likely tender portals.,commercial
acct_fc37119f1d46,org_32f84a938f0a,PREMIERE URGENCE INTERNATIONALE,Implementing Partner,Tier 2,55.1,PS; ET; NG; BF; CD; SY; VE; FR,PS; Ethiopia; NG; BF; Democratic Republic of the Congo; SY; VE; FR,General health sector,20000000.0,0,Qualify,Validate decision makers and connect top programmes to likely tender portals.,commercial
acct_3d34ef1c70c0,org_8a5b155e1829,Medair,Implementing Partner,Tier 2,55.1,SO,Somalia,General health sector,4339317.0,0,Qualify,Validate decision makers and connect top programmes to likely tender portals.,commercial
acct_2e5dd891a8b3,org_1b855d3fb8cc,"Gilead Sciences, Inc.",Donor,Tier 2,55.1,ET; KE; SS,Ethiopia; Kenya; South Sudan,General health sector,2123953.58,0,Qualify,Validate decision makers and connect top programmes to likely tender portals.,commercial
acct_5961afe59d07,org_44301971a065,Pre-Qualification Fees (PQF),Donor,Tier 2,55.1,RW,Rwanda,General health sector,550086.42,0,Qualify,Validate decision makers and connect top programmes to likely tender portals.,commercial
acct_b87831b2e2c0,org_95b9616fde87,AWYAD,Implementing Partner,Tier 2,55.0,UG,Uganda,General health sector,3297634.0,0,Qualify,Validate decision makers and connect top programmes to likely tender portals.,commercial
acct_db073c979b6d,org_cb0a130c8fbf,Hopelink Action Foundation Uganda,Implementing Partner,Tier 2,55.0,UG,Uganda,General health sector,3297634.0,0,Qualify,Validate decision makers and connect top programmes to likely tender portals.,commercial
acct_134450a078bb,org_4caa1e89079d,RICE West Nile,Implementing Partner,Tier 2,55.0,UG,Uganda,General health sector,3297634.0,0,Qualify,Validate decision makers and connect top programmes to likely tender portals.,commercial
acct_828e79ea0958,org_e905113e01a6,Similar Ground Uganda,Implementing Partner,Tier 2,55.0,UG,Uganda,General health sector,3297634.0,0,Qualify,Validate decision makers and connect top programmes to likely tender portals.,commercial
acct_194dcc9174b8,org_598d865225b8,Youth Social Advocacy Team Uganda,Implementing Partner,Tier 2,55.0,UG,Uganda,General health sector,3297634.0,0,Qualify,Validate decision makers and connect top programmes to likely tender portals.,commercial
acct_b96f2e0aa5d5,org_127248dabef6,War Child Alliance Foundation,Accountable Agency,Tier 2,55.0,UG,Uganda,General health sector,3297634.0,0,Qualify,Validate decision makers and connect top programmes to likely tender portals.,commercial
acct_f924c87a1a8f,org_f5ade9d56837,"Ministry of Health, Community Development, Gender, Elderly and Children",Implementing Partner,Tier 2,55.0,TZ,Tanzania,General health sector,2997264.62,0,Qualify,Validate decision makers and connect top programmes to likely tender portals.,commercial
acct_fcb6db9241d8,org_8d51fd5e02ae,Rockefeller Philanthropy Advisors,Donor,Tier 3,54.8,RW; ET,Rwanda; Ethiopia,General health sector,47688204.43,0,Research,Monitor programme updates and collect procurement contact evidence.,commercial
acct_5beb138f637c,org_9095e8a0a82d,The William and Flora Hewlett Foundation,Donor,Tier 3,54.8,RW; ET,Rwanda; Ethiopia,General health sector,47688204.43,0,Research,Monitor programme updates and collect procurement contact evidence.,commercial
acct_c2b89f367603,org_e6f46119215b,Conrad N. Hilton Foundation,Donor,Tier 3,54.8,RW; ET,Rwanda; Ethiopia,General health sector,47688204.43,0,Research,Monitor programme updates and collect procurement contact evidence.,commercial
acct_c20ca63c4bba,org_e89be5c84429,LEGO Fonden,Donor,Tier 3,54.8,RW; ET,Rwanda; Ethiopia,General health sector,47688204.43,0,Research,Monitor programme updates and collect procurement contact evidence.,commercial
acct_2032b7b5b03e,org_de68a6d37408,Resolve To Save Lives,Donor,Tier 3,54.8,ET,Ethiopia,General health sector,460706.22,0,Research,Monitor programme updates and collect procurement contact evidence.,commercial
acct_4d036b2dc9ff,org_c29e2b3d3222,International Federation of Red Cross and Red Crescent Societies,Implementing Partner,Tier 2,54.7,BI; CM; CD; MW; MZ; NG; ZW; ZM; NP; BD; PK,BI; CM; Democratic Republic of the Congo; MW; MZ; NG; ZW; ZM; NP; BD; PK,General health sector,7521464.0,1,Qualify,Validate decision makers and connect top programmes to likely tender portals.,commercial
acct_674b293a364f,org_1285a77f699e,University College London,Implementing Partner,Tier 3,54.7,KE; BD; JO; UG; GB; AF; BE; FJ; ID; LK; IN; ZA; CH; MW; GH; CI; NG; CO; SL; FR; MN; US; NP; BR; TZ; TJ; RW; ZW; LR; EG,Kenya; BD; JO; Uganda; GB; AF; BE; FJ; ID; LK; IN; ZA; CH; MW; GH; CI; NG; CO; SL; FR; MN; US; NP; BR; Tanzania; TJ; Rwanda; ZW; LR; EG,Diagnostic Equipment,14177624.34,0,Research,Monitor programme updates and collect procurement contact evidence.,commercial
acct_9ec2542a560a,org_6b0cbce5c428,Deutsches Medikamentenhilfswerk – action medeor e.V.,Accountable Agency,Tier 3,54.7,CD,Democratic Republic of the Congo,General health sector,4600000.0,0,Research,Monitor programme updates and collect procurement contact evidence.,commercial
acct_71f12d25aa04,org_b9e2749b2742,International Organization for Migration,Implementing Partner,Tier 3,54.7,CD,Democratic Republic of the Congo,General health sector,3500000.0,0,Research,Monitor programme updates and collect procurement contact evidence.,commercial
acct_b8f82fe59b8e,org_b7f76d7c8337,Première Urgence Internationale,Implementing Partner,Tier 3,54.6,CD; ET,Democratic Republic of the Congo; Ethiopia,General health sector,25000000.0,0,Research,Monitor programme updates and collect procurement contact evidence.,commercial
acct_651612289374,org_55b97553fec7,Kreditanstalt für Wiederaufbau (KfW) (Reconstruction Credit Institute),Donor,Tier 3,54.5,UG; SO; ET,Uganda; Somalia; Ethiopia,General health sector,369850018.78,0,Research,Monitor programme updates and collect procurement contact evidence.,commercial
acct_5e4c80b44873,org_5246223cb6fb,DJF,Implementing Partner,Tier 3,54.5,CD,Democratic Republic of the Congo,General health sector,15000000.0,0,Research,Monitor programme updates and collect procurement contact evidence.,commercial
acct_940490102766,org_cf0f7c03c509,Pathfinder International,Implementing Partner,Tier 3,54.4,ET,Ethiopia,General health sector,4100000.0,0,Research,Monitor programme updates and collect procurement contact evidence.,commercial
acct_31e5e7b4e5c7,org_9c25c6e3a564,International Bank for Reconstruction and Development,Implementing Partner,Tier 3,54.3,SS; KE,South Sudan; Kenya,Facility Infrastructure,22900000.0,0,Research,Monitor programme updates and collect procurement contact evidence.,commercial
acct_abc70527578c,org_fc55478287cf,Federation Internationale de Football Association (FIFA),Donor,Tier 3,54.3,TZ,Tanzania,General health sector,326261.0,0,Research,Monitor programme updates and collect procurement contact evidence.,commercial
acct_98900eaccc90,org_7d60a7d47348,University of North Carolina at Chapel Hill,Implementing Partner,Tier 3,54.1,CD,Democratic Republic of the Congo,General health sector,2982588.0,0,Research,Monitor programme updates and collect procurement contact evidence.,commercial
acct_4e711c4bcc9d,org_a498844d5075,J.C. Flowers Foundation,Implementing Partner,Tier 3,54.1,AO; CD; MW; MZ; ZW; NA; ZM,AO; Democratic Republic of the Congo; MW; MZ; ZW; NA; ZM,General health sector,2520000.0,0,Research,Monitor programme updates and collect procurement contact evidence.,commercial
acct_7c17b7ca1a00,org_2bb988a792ee,"Ministry of Foreign Affairs, Netherlands",Donor,Tier 3,54.1,ET,Ethiopia,General health sector,291706.44,0,Research,Monitor programme updates and collect procurement contact evidence.,commercial
acct_9c12904f535e,org_9fd3d8ba6667,Oxfam Novib,Donor,Tier 3,54.0,CD,Democratic Republic of the Congo,General health sector,250000.0,0,Research,Monitor programme updates and collect procurement contact evidence.,commercial
acct_2d270cde5107,org_c8e5cc01208d,Nexus Ethiopia,Implementing Partner,Tier 3,53.9,ET,Ethiopia,General health sector,10000000.0,0,Research,Monitor programme updates and collect procurement contact evidence.,commercial
acct_c1d9873ee139,org_b6d0ac78b856,"FCSAI - Fundación Estatal Salud, Infancia y Bienestar Social",Implementing Partner,Tier 3,53.9,MA; UA; ET; EG; JO; MR; MZ,MA; UA; Ethiopia; EG; JO; MR; MZ,General health sector,1634249.0,0,Research,Monitor programme updates and collect procurement contact evidence.,commercial
acct_e7f71322c45d,org_2a8280e20d98,Japan,Donor,Tier 3,53.9,KE,Kenya,General health sector,261613.46,0,Research,Monitor programme updates and collect procurement contact evidence.,commercial
acct_c5cc2b93c090,org_0eecaaddf4c8,VLIR-UOS,Donor,Tier 3,53.8,RW; UG; CD; ET; TZ; KE,Rwanda; Uganda; Democratic Republic of the Congo; Ethiopia; Tanzania; Kenya,Diagnostic Equipment; Facility Infrastructure; IT / Health Information Systems,25988606.14,0,Research,Monitor programme updates and collect procurement contact evidence.,commercial
acct_aefb4dcb9dd8,org_338a5319263b,UK - Foreign & Commonwealth Office,Donor,Tier 3,53.8,KE; BD; JO; UG; GB; AF; BE; FJ; ID; LK; IN; ZA; CH; EG; IE; NP; RW; US; MW; GH; CO; SL; FR; MN; BR; TZ; TJ; NG; ZW; LR; DZ; IQ; LB; LY; MA; MM; PH; PK; SD; SO; SS; SY; TN; TR; YE,Kenya; BD; JO; Uganda; GB; AF; BE; FJ; ID; LK; IN; ZA; CH; EG; IE; NP; Rwanda; US; MW; GH; CO; SL; FR; MN; BR; Tanzania; TJ; NG; ZW; LR; DZ; IQ; LB; LY; MA; MM; PH; PK; SD; Somalia; South Sudan; SY; TN; TR; YE,Diagnostic Equipment,13089710.96,0,Research,Monitor programme updates and collect procurement contact evidence.,commercial
acct_b5a3ef70bc0a,org_69e6d3b45e75,WRTHY,Implementing Partner,Tier 3,53.8,KE; NG,Kenya; NG,General health sector,2249568.0,0,Research,Monitor programme updates and collect procurement contact evidence.,commercial
acct_760ad18c4e14,org_5156d89dc7a1,KFUK-KFUM Global,Implementing Partner,Tier 3,53.7,UG; ET; SS,Uganda; Ethiopia; South Sudan,General health sector,4745863.0,0,Research,Monitor programme updates and collect procurement contact evidence.,commercial
acct_2579e8cc60bc,org_4239dc50ff68,"Save the Children Federation, Inc.",Implementing Partner,Tier 3,53.7,ET,Ethiopia,General health sector,2000000.0,0,Research,Monitor programme updates and collect procurement contact evidence.,commercial
acct_ddf5881155ff,org_f041adb202ba,Emory University,Implementing Partner,Tier 3,53.6,ZA; ET; KE; MZ; SL,ZA; Ethiopia; Kenya; MZ; SL,General health sector,1999698.0,0,Research,Monitor programme updates and collect procurement contact evidence.,commercial
acct_aa1a3eb944b0,org_45ca029eef66,Hatch Technologies,Implementing Partner,Tier 3,53.5,ET; KE; NG; RW; TZ; UG,Ethiopia; Kenya; NG; Rwanda; Tanzania; Uganda,General health sector,7012414.0,0,Research,Monitor programme updates and collect procurement contact evidence.,commercial
acct_a8a2a29213e6,org_c73c62e815dc,Deutsches Medikamenten-Hilfswerk action medeor e.V.,Implementing Partner,Tier 3,53.5,CD; TZ,Democratic Republic of the Congo; Tanzania,General health sector,2788785.23,0,Research,Monitor programme updates and collect procurement contact evidence.,commercial
acct_dd90c59e4e68,org_199567bdb918,Malaria Partners International,Implementing Partner,Tier 3,53.4,ZW; UG; ZM,ZW; Uganda; ZM,General health sector,1500000.0,0,Research,Monitor programme updates and collect procurement contact evidence.,commercial
acct_bf2f25ef5c88,org_9b765c7af6e2,MANI TESE 76 ONG,Implementing Partner,Tier 3,53.3,KE,Kenya,General health sector,1079851.01,0,Research,Monitor programme updates and collect procurement contact evidence.,commercial
acct_8e1bfe9202c3,org_3b3d55a1351c,International Planned Parenthood Federation,Donor,Tier 3,53.1,BI; ET; MG; SO; SS; SD; ZM; MW; MZ; PK; RW; TZ; UG; AF; BG; ZW; CD,BI; Ethiopia; MG; Somalia; South Sudan; SD; ZM; MW; MZ; PK; Rwanda; Tanzania; Uganda; AF; BG; ZW; Democratic Republic of the Congo,General health sector,261041011.37,0,Research,Monitor programme updates and collect procurement contact evidence.,commercial
acct_46f122513f63,org_98fe75833f9c,The Infectious Disease Institute Limited,Implementing Partner,Tier 3,53.1,PK; UG; KE; NG; NP,PK; Uganda; Kenya; NG; NP,General health sector,95100.0,0,Research,Monitor programme updates and collect procurement contact evidence.,commercial
acct_afd8e448a9b2,org_ec17cbd2c7ad,The Power of Nutrition,Reporting Organisation,Tier 3,52.8,TZ; ET; RW,Tanzania; Ethiopia; Rwanda,Facility Infrastructure; IT / Health Information Systems,168220000.0,0,Research,Monitor programme updates and collect procurement contact evidence.,commercial
acct_c549b6b51e6d,org_ea9cb6b52b4c,Resolve to Save Lives,Implementing Partner,Tier 3,52.8,ET; NG; ZM; KE; UG; RW; MZ,Ethiopia; NG; ZM; Kenya; Uganda; Rwanda; MZ,General health sector,20535476.0,0,Research,Monitor programme updates and collect procurement contact evidence.,commercial
acct_eebf2a3b192e,org_3305b6e1f74a,CENTRE CONGOLAIS DE CULTURE DE FORMATION ET DE DEV,Implementing Partner,Tier 3,52.8,CD,Democratic Republic of the Congo,General health sector,750000.03,0,Research,Monitor programme updates and collect procurement contact evidence.,commercial
acct_93b82a7a46fb,org_588c8b9e9d64,TradeMark Africa,Implementing Partner,Tier 3,52.7,RW; KE,Rwanda; Kenya,Facility Infrastructure,3252663.75,0,Research,Monitor programme updates and collect procurement contact evidence.,commercial
acct_63829e8dc523,org_4bf58d4693fb,SOLIDARITES INTERNATIONAL,Implementing Partner,Tier 3,52.7,CD,Democratic Republic of the Congo,General health sector,750000.03,0,Research,Monitor programme updates and collect procurement contact evidence.,commercial
acct_79c13148179d,org_571a417e53bd,IntraHealth International Inc.,Implementing Partner,Tier 3,52.6,TZ,Tanzania,General health sector,1253706.0,0,Research,Monitor programme updates and collect procurement contact evidence.,commercial
acct_0cd184b483a2,org_f44c15bd1de0,"HumanTruths, Inc.",Implementing Partner,Tier 3,52.5,KE,Kenya,General health sector,738919.0,0,Research,Monitor programme updates and collect procurement contact evidence.,commercial
acct_589afe63ebd0,org_f5adfc903c14,University of Rwanda,Implementing Partner,Tier 3,52.3,GB; LK; LB; RW,GB; LK; LB; Rwanda,Vehicles & Transport,1714380.0,0,Research,Monitor programme updates and collect procurement contact evidence.,commercial
acct_f4632a36a742,org_56f9fec3a606,EMERGENCY - LIFE SUPPORT FOR CIVILIAN WAR VICTIMS ONG/ON,Implementing Partner,Tier 3,52.3,UG,Uganda,General health sector,600000.0,0,Research,Monitor programme updates and collect procurement contact evidence.,commercial
acct_42a604d25859,org_f47d5ee29a19,COMUNE DI RIMINI,Implementing Partner,Tier 3,52.3,KE,Kenya,General health sector,599925.0,0,Research,Monitor programme updates and collect procurement contact evidence.,commercial
acct_366d3d90a5bd,org_37318ac74a25,Faculty of Nursing and Midwifery ? Royal College of Surgeons in Ireland (RCSI),Donor,Tier 3,52.3,KE,Kenya,General health sector,97524.12,0,Research,Monitor programme updates and collect procurement contact evidence.,commercial
acct_fb8ecf9f8534,org_854872bc829d,Institut National de Recherche Biomédicale,Implementing Partner,Tier 3,52.2,SL; GH; RW; KE; LR; UG; CM; NG; CD,SL; GH; Rwanda; Kenya; LR; Uganda; CM; NG; Democratic Republic of the Congo,General health sector,8295258.0,0,Research,Monitor programme updates and collect procurement contact evidence.,commercial
acct_58bbdb244e51,org_fb404e289a0f,Centre for health Human Rights and,Implementing Partner,Tier 3,52.2,UG,Uganda,General health sector,820692.0,0,Research,Monitor programme updates and collect procurement contact evidence.,commercial
acct_5d6501e22d37,org_cdc7d5643f34,International Rescue Committee UK,Donor,Tier 3,51.8,SS; BI; ET; MG; SO; SD; ZM; TZ; NP; KE; PK; SL; MW; GH; ZW; UG; CD,South Sudan; BI; Ethiopia; MG; Somalia; SD; ZM; Tanzania; NP; Kenya; PK; SL; MW; GH; ZW; Uganda; Democratic Republic of the Congo,Facility Infrastructure,210877281.94,0,Research,Monitor programme updates and collect procurement contact evidence.,commercial
acct_96ffba194b75,org_249aa4a41aba,Early Learning Partnership Multi Donor Trust Fund - Parallel Trust Fund of TF072402,Implementing Partner,Tier 3,51.8,RW; ET,Rwanda; Ethiopia,General health sector,47688204.43,0,Research,Monitor programme updates and collect procurement contact evidence.,commercial
acct_39c18b610f31,org_4b8b267685c0,National Institute for Health and Care Research (NIHR),Donor,Tier 3,51.8,UG,Uganda,General health sector,2749920.0,0,Research,Monitor programme updates and collect procurement contact evidence.,commercial
acct_643df56e5df8,org_b8095bae1525,Ministry of Finance Planning and Economic Development of Uganda,Implementing Partner,Tier 3,51.8,UG,Uganda,General health sector,650000.0,0,Research,Monitor programme updates and collect procurement contact evidence.,commercial
acct_bcc700e46411,org_2063ec306189,Project HOPE,Implementing Partner,Tier 3,51.6,ET,Ethiopia,General health sector,9000000.0,0,Research,Monitor programme updates and collect procurement contact evidence.,commercial
acct_e70db4b527ec,org_57f100aa9945,GARDP Foundation,Implementing Partner,Tier 3,51.5,BD; GH; IN; KE; PK; TH; UG; VN; ZA; ZM,BD; GH; IN; Kenya; PK; TH; Uganda; VN; ZA; ZM,General health sector,14350000.0,0,Research,Monitor programme updates and collect procurement contact evidence.,commercial
acct_655c59141e92,org_cf167f9bcf65,Drugs for Neglected Diseases initiative (DNDi),Implementing Partner,Tier 3,51.5,AR; BO; BR; CD; CO; ET; GH; GN; IN; KE; MW; PA; PE; SD; UG; ZA,AR; BO; BR; Democratic Republic of the Congo; CO; Ethiopia; GH; GN; IN; Kenya; MW; PA; PE; SD; Uganda; ZA,General health sector,14000000.0,0,Research,Monitor programme updates and collect procurement contact evidence.,commercial
acct_4b04962f31e5,org_3b8bb9bc1159,University of Edinburgh,Implementing Partner,Tier 2,51.4,NG; KE; GB; US; BD; GH; KH; ZA; ET; MW; SN; UG; IN; ZW; PE; TH; SY; MM; AR; VN; ZM; BR; LA; PK; RW; CD; CM; CI,NG; Kenya; GB; US; BD; GH; KH; ZA; Ethiopia; MW; SN; Uganda; IN; ZW; PE; TH; SY; MM; AR; VN; ZM; BR; LA; PK; Rwanda; Democratic Republic of the Congo; CM; CI,Facility Infrastructure,7230527.81,1,Qualify,Validate decision makers and connect top programmes to likely tender portals.,commercial
acct_662e9379555e,org_5f0a9cd071e4,Kenyatta University,Implementing Partner,Tier 3,51.4,KE; GB; KH; NG; SO; ZA; VN; ZW; IN; RW; GH; SY; TL; IQ; EG; YE; TH; MW; MY; PH; PK; JO; BD; ET; MM; SS; CD; ID; NP; TN; TZ,Kenya; GB; KH; NG; Somalia; ZA; VN; ZW; IN; Rwanda; GH; SY; TL; IQ; EG; YE; TH; MW; MY; PH; PK; JO; BD; Ethiopia; MM; South Sudan; Democratic Republic of the Congo; ID; NP; TN; Tanzania,Diagnostic Equipment; Facility Infrastructure,6604617.49,0,Research,Monitor programme updates and collect procurement contact evidence.,commercial
acct_b0d359d4ac72,org_3a106371fddc,Stiftung der Deutschen Lions,Implementing Partner,Tier 3,51.4,RW,Rwanda,General health sector,471758.0,0,Research,Monitor programme updates and collect procurement contact evidence.,commercial
acct_f9c0e18a4490,org_8211c70e26a7,United Nations Population Fund,Implementing Partner,Tier 3,51.2,KE; BD; JO; UG; GB; AF; BE; FJ; ID; LK; IN; ZA; CH; EG; IE; NP; RW; US,Kenya; BD; JO; Uganda; GB; AF; BE; FJ; ID; LK; IN; ZA; CH; EG; IE; NP; Rwanda; US,Diagnostic Equipment,5136974.41,0,Research,Monitor programme updates and collect procurement contact evidence.,commercial
acct_39dddf0be24f,org_b79a201a2b6e,Ministerio Federal de Salud de Etiopía,Implementing Partner,Tier 3,50.9,ET,Ethiopia,General health sector,1177680.02,0,Research,Monitor programme updates and collect procurement contact evidence.,commercial
acct_9c6d99c17acc,org_404442f44097,International Aid Services Germany (IAS) e.V. c/o Rainer Gessler,Implementing Partner,Tier 3,50.9,SS,South Sudan,General health sector,324881.86,0,Research,Monitor programme updates and collect procurement contact evidence.,commercial
acct_3721d4b116df,org_416ffd11369b,Amref Flying Doctors,Donor,Tier 3,50.8,KE; UG; ZM; ET,Kenya; Uganda; ZM; Ethiopia,Facility Infrastructure,3289206.0,0,Research,Monitor programme updates and collect procurement contact evidence.,commercial
acct_a5c2427771aa,org_d44ddb469cd2,Hoffnungszeichen | Sign of Hope e.V.,Implementing Partner,Tier 3,50.8,ET,Ethiopia,General health sector,400500.0,0,Research,Monitor programme updates and collect procurement contact evidence.,commercial
acct_9ede789d90b3,org_6df9b2522652,Makerere University,Implementing Partner,Tier 3,50.7,UG; GB; TZ,Uganda; GB; Tanzania,General health sector,11211482.7,0,Research,Monitor programme updates and collect procurement contact evidence.,commercial
acct_5d6ce009915d,org_8235d6e07960,HelpAge International - Tanzania Country Office,Implementing Partner,Tier 3,50.7,TZ,Tanzania,General health sector,382343.0,0,Research,Monitor programme updates and collect procurement contact evidence.,commercial
acct_b9afcfca888b,org_d4456045b5e9,Jumuia ya Wazee na Wastaafu Zanzibar(JUWAZA 2),Implementing Partner,Tier 3,50.7,TZ,Tanzania,General health sector,382343.0,0,Research,Monitor programme updates and collect procurement contact evidence.,commercial
acct_9b5d81f9f34e,org_21e5033e893c,Reproductive Health Association of South Sudan (RHASS),Implementing Partner,Tier 3,50.5,BI; ET; MG; SO; SS; SD; ZM; MW; MZ; PK; RW; TZ; UG; AF; BG; ZW,BI; Ethiopia; MG; Somalia; South Sudan; SD; ZM; MW; MZ; PK; Rwanda; Tanzania; Uganda; AF; BG; ZW,General health sector,246174996.37,0,Research,Monitor programme updates and collect procurement contact evidence.,commercial
acct_6ac86ed89b96,org_0faddfecffcc,Family Guidance Association of Ethiopia (FGAE),Implementing Partner,Tier 3,50.3,BI; ET; MG; SO; SS; SD; ZM; MW; MZ; PK; RW; TZ; UG; AF; BG; ZW,BI; Ethiopia; MG; Somalia; South Sudan; SD; ZM; MW; MZ; PK; Rwanda; Tanzania; Uganda; AF; BG; ZW,General health sector,243584915.37,0,Research,Monitor programme updates and collect procurement contact evidence.,commercial
acct_13398c6b9502,org_c29c5dc85213,VillageReach,Implementing Partner,Tier 3,50.3,CD; AO; GN; NE,Democratic Republic of the Congo; AO; GN; NE,General health sector,12863463.0,0,Research,Monitor programme updates and collect procurement contact evidence.,commercial
acct_24133ecd7787,org_8e6e3e86afa8,International Centre of Insect Physiology and Ecology (icipe),Donor,Tier 3,50.3,KE,Kenya,Diagnostic Equipment,6755387.4,0,Research,Monitor programme updates and collect procurement contact evidence.,commercial
acct_93629a7f0fcc,org_b2c345b043cd,CDC Foundation,Implementing Partner,Tier 3,50.2,UA; KE; NG; ZW; UG; HT,UA; Kenya; NG; ZW; Uganda; HT,General health sector,9713469.0,0,Research,Monitor programme updates and collect procurement contact evidence.,commercial
acct_ed1d54d17449,org_4d6b25ad8870,African Medicines Agency,Implementing Partner,Tier 3,50.2,EG; ZA; CD; ET; GH; KE; MZ; NG; RW; SN; TZ; UG,EG; ZA; Democratic Republic of the Congo; Ethiopia; GH; Kenya; MZ; NG; Rwanda; SN; Tanzania; Uganda,General health sector,8000000.0,0,Research,Monitor programme updates and collect procurement contact evidence.,commercial
acct_ee4c22d014bb,org_15eae19fcb51,Mainline Foundation,Reporting Organisation,Tier 3,50.2,KE; TZ,Kenya; Tanzania,Diagnostic Equipment,891093.0,0,Research,Monitor programme updates and collect procurement contact evidence.,commercial
acct_a0a5dfb20229,org_402c92a77e1c,Première Urgence Internationale,Reporting Organisation,Tier 3,50.1,PS; ET; NG; BF; CD; SY; VE; FR,PS; Ethiopia; NG; BF; Democratic Republic of the Congo; SY; VE; FR,General health sector,45000000.0,0,Research,Monitor programme updates and collect procurement contact evidence.,commercial
acct_94e55d61e76d,org_0831c5e2d087,UNIVERSITÀ DEGLI STUDI DI PALERMO,Implementing Partner,Tier 3,50.1,SO,Somalia,General health sector,150000.0,0,Research,Monitor programme updates and collect procurement contact evidence.,commercial
acct_a5e227cbe7fa,org_aa4d6c2d942a,Wellcome Trust,Donor,Tier 3,50.0,RW; ET; UG; KE,Rwanda; Ethiopia; Uganda; Kenya,General health sector,6426995.72,0,Research,Monitor programme updates and collect procurement contact evidence.,commercial
acct_82a7f6bb9542,org_ab4590b9454c,Other public entities in recipient country,Implementing Partner,Tier 2,49.8,RW; CD,Rwanda; Democratic Republic of the Congo,General health sector,27042156.0,1,Qualify,Validate decision makers and connect top programmes to likely tender portals.,commercial
acct_b295157864bd,org_92308f73aeac,UNITAID,Donor,Tier 3,49.6,TZ; CD; ET; KE; UG,Tanzania; Democratic Republic of the Congo; Ethiopia; Kenya; Uganda,General health sector,356133779.72,0,Research,Monitor programme updates and collect procurement contact evidence.,commercial
acct_3f7301d753e0,org_c4088348b03b,Ministry of Finance,Implementing Partner,Tier 3,49.3,ET,Ethiopia,General health sector,400000000.0,0,Research,Monitor programme updates and collect procurement contact evidence.,commercial
acct_432578960023,org_c2c424a07419,Federal Democratic Republic of Ethiopia,Accountable Agency,Tier 3,49.3,ET,Ethiopia,General health sector,400000000.0,0,Research,Monitor programme updates and collect procurement contact evidence.,commercial
acct_e5831b72b111,org_87fd8afceaa2,Third Country Government (Delegated co-operation),Implementing Partner,Tier 2,49.2,ET; TZ; CD; RW,Ethiopia; Tanzania; Democratic Republic of the Congo; Rwanda,Facility Infrastructure; IT / Health Information Systems,0.0,1,Qualify,Validate decision makers and connect top programmes to likely tender portals.,commercial
acct_e10531b81e64,org_8c19c37a0453,Palladium International Ltd (UK),Reporting Organisation,Tier 3,49.2,GH; UG; CD; MW; KE,GH; Uganda; Democratic Republic of the Congo; MW; Kenya,General health sector,11850000.0,0,Research,Monitor programme updates and collect procurement contact evidence.,commercial
acct_f3789c8d461f,org_dc67edb59ac2,"CausalFoundry, Inc.",Implementing Partner,Tier 3,49.1,KE; RW,Kenya; Rwanda,General health sector,3657928.0,0,Research,Monitor programme updates and collect procurement contact evidence.,commercial
acct_f0a6d9bdfcf9,org_eca78cd74e4d,Ethiopiaid Ireland,Donor,Tier 3,49.0,ET,Ethiopia,Facility Infrastructure,0.0,0,Research,Monitor programme updates and collect procurement contact evidence.,commercial
acct_33727572601d,org_9d56378d344b,World Health Organisation - assessed contributions,Implementing Partner,Tier 3,49.0,ET; RW,Ethiopia; Rwanda,IT / Health Information Systems,0.0,0,Research,Monitor programme updates and collect procurement contact evidence.,commercial
acct_b1ac86439602,org_3ae1ebed193a,Global Disability Innovation Hub,Implementing Partner,Tier 3,48.9,KE; BD; JO; UG; GB; AF; BE; FJ; ID; LK; IN; ZA; CH; EG; IE; NP; RW; US; MW; GH; CO; SL; FR; MN; BR; TZ; TJ; NG; ZW; LR,Kenya; BD; JO; Uganda; GB; AF; BE; FJ; ID; LK; IN; ZA; CH; EG; IE; NP; Rwanda; US; MW; GH; CO; SL; FR; MN; BR; Tanzania; TJ; NG; ZW; LR,Diagnostic Equipment,13089710.96,0,Research,Monitor programme updates and collect procurement contact evidence.,commercial
acct_4e0594008868,org_a9b75dc6ea70,Autres institutions multilatérales,Implementing Partner,Tier 2,48.5,KE; LS; MW; MU; ZW; SZ; TZ; UG; ZM; ET; CD,Kenya; LS; MW; MU; ZW; SZ; Tanzania; Uganda; ZM; Ethiopia; Democratic Republic of the Congo,Facility Infrastructure,900000.0,1,Qualify,Validate decision makers and connect top programmes to likely tender portals.,commercial
acct_8d1a74569b77,org_04a64e63360b,GiveWell,Donor,Tier 3,48.5,KE; SS; BF; NG; GW; TD; MZ; TG; UG; GB; CD,Kenya; South Sudan; BF; NG; GW; TD; MZ; TG; Uganda; GB; Democratic Republic of the Congo,General health sector,188159345.45,0,Research,Monitor programme updates and collect procurement contact evidence.,commercial
acct_fb6ad766e456,org_c71499b9c44f,Amref Health Africa in Ethiopia,Implementing Partner,Tier 3,48.5,ET,Ethiopia,Facility Infrastructure; Diagnostic Equipment; PPE,14893910.24,0,Research,Monitor programme updates and collect procurement contact evidence.,commercial
acct_92568de7ff9e,org_1aaa3157dcec,Gouvernement local (SUD/EST),Implementing Partner,Tier 2,48.4,ET; TZ; CD; KE,Ethiopia; Tanzania; Democratic Republic of the Congo; Kenya,IT / Health Information Systems,42091447.0,2,Qualify,Validate decision makers and connect top programmes to likely tender portals.,commercial
acct_9d113d9e013f,org_fbd166968502,World Vision United Kingdom,Implementing Partner,Tier 3,48.3,SO; KE; ZW; UG; CD; ET; GH; MZ; NP; NG; RW; SL; TZ; ZM; SS,Somalia; Kenya; ZW; Uganda; Democratic Republic of the Congo; Ethiopia; GH; MZ; NP; NG; Rwanda; SL; Tanzania; ZM; South Sudan,Diagnostic Equipment,376051171.0,0,Research,Monitor programme updates and collect procurement contact evidence.,commercial
acct_fc819a4b7cb5,org_8ca87188905f,Association Burundaise pour le Bien-Etre Familial (ABUBEF),Implementing Partner,Tier 3,48.3,BI; ET; MG; SO; SS; SD; ZM; MW; MZ; PK; RW; TZ; UG; AF; BG; ZW,BI; Ethiopia; MG; Somalia; South Sudan; SD; ZM; MW; MZ; PK; Rwanda; Tanzania; Uganda; AF; BG; ZW,General health sector,240754919.37,0,Research,Monitor programme updates and collect procurement contact evidence.,commercial
acct_55f55b69a96e,org_9f4aac332862,Planned Parenthood Association of Zambia (PPAZ),Implementing Partner,Tier 3,48.3,BI; ET; MG; SO; SS; SD; ZM; MW; MZ; PK; RW; TZ; UG; AF; BG; ZW,BI; Ethiopia; MG; Somalia; South Sudan; SD; ZM; MW; MZ; PK; Rwanda; Tanzania; Uganda; AF; BG; ZW,General health sector,240754919.37,0,Research,Monitor programme updates and collect procurement contact evidence.,commercial
acct_51a0ecbe3092,org_d12a02350bfc,Sudan Family Planning Association (SFPA),Implementing Partner,Tier 3,48.3,BI; ET; MG; SO; SS; SD; ZM; MW; MZ; PK; RW; TZ; UG; AF; BG; ZW,BI; Ethiopia; MG; Somalia; South Sudan; SD; ZM; MW; MZ; PK; Rwanda; Tanzania; Uganda; AF; BG; ZW,General health sector,240754919.37,0,Research,Monitor programme updates and collect procurement contact evidence.,commercial
acct_c579ec82965f,org_e236ce5b8765,OXFAM GB,Donor,Tier 3,48.3,CD; SO,Democratic Republic of the Congo; Somalia,General health sector,259424.0,0,Research,Monitor programme updates and collect procurement contact evidence.,commercial
acct_63d129b27e2e,org_073756fc1d9e,Incision Group B.V.,Implementing Partner,Tier 3,48.3,KE,Kenya,General health sector,47250.0,0,Research,Monitor programme updates and collect procurement contact evidence.,commercial
acct_7c85ea96ff3a,org_39d2bd506239,International Vaccine Institute,Implementing Partner,Tier 3,48.2,CD,Democratic Republic of the Congo,General health sector,2127685.0,0,Research,Monitor programme updates and collect procurement contact evidence.,commercial
acct_72c0be0f83f2,org_62b82d39435e,Temple University - Of The Commonwealth System of Higher Education,Implementing Partner,Tier 3,48.1,KE; RW; UG; BF; CD; ZM; LB; BD,Kenya; Rwanda; Uganda; BF; Democratic Republic of the Congo; ZM; LB; BD,General health sector,2324550.0,0,Research,Monitor programme updates and collect procurement contact evidence.,commercial
acct_b0c0237694f1,org_6461e7e12e60,Moi University,Implementing Partner,Tier 3,48.0,KE; RW; UG; TZ; CM; GB,Kenya; Rwanda; Uganda; Tanzania; CM; GB,General health sector,10814303.49,0,Research,Monitor programme updates and collect procurement contact evidence.,commercial
acct_03ac52bd49f1,org_a443711c0f18,Andalucia,Donor,Tier 3,47.9,SO,Somalia,General health sector,247337152.0,0,Research,Monitor programme updates and collect procurement contact evidence.,commercial
acct_2d4fb49fe27b,org_242211a2103c,IP not published,Implementing Partner,Tier 3,47.6,UG,Uganda,General health sector,249529954.0,0,Research,Monitor programme updates and collect procurement contact evidence.,commercial
acct_907211a543b4,org_6bfd26cc1358,BUDUDA DISTRICT LOCAL GOVERNMENT,Implementing Partner,Tier 3,47.6,UG,Uganda,General health sector,249529954.0,0,Research,Monitor programme updates and collect procurement contact evidence.,commercial
acct_bb2816460cd9,org_242ad20e55d0,IP not published,Implementing Partner,Tier 3,47.6,UG,Uganda,General health sector,249529954.0,0,Research,Monitor programme updates and collect procurement contact evidence.,commercial
acct_eaf7f10f15b9,org_aca86def8e26,UGANDA YOUTH DEVELOPMENT LINK,Implementing Partner,Tier 3,47.6,UG,Uganda,General health sector,249529954.0,0,Research,Monitor programme updates and collect procurement contact evidence.,commercial
acct_284b4c7a9733,org_35b884c2f631,Belgian agency for international cooperation (Enabel),Donor,Tier 3,47.6,RW; UG; CD,Rwanda; Uganda; Democratic Republic of the Congo,Facility Infrastructure; IT / Health Information Systems,3252663.75,0,Research,Monitor programme updates and collect procurement contact evidence.,commercial
acct_8ec553fc4e28,org_9684cc0eed04,UNICEF-Mexico,Donor,Tier 3,47.5,SO; KE; SS; UG,Somalia; Kenya; South Sudan; Uganda,General health sector,222634456.0,0,Research,Monitor programme updates and collect procurement contact evidence.,commercial
acct_928a947a3f21,org_ad0cda642a20,Health Insurance Fund,Accountable Agency,Tier 3,47.5,GH; KE; TZ; NG; NL,GH; Kenya; Tanzania; NG; NL,General health sector,108600000.0,0,Research,Monitor programme updates and collect procurement contact evidence.,commercial
acct_c8ce18807148,org_c76478877539,United Nations Foundation Inc.,Donor,Tier 3,47.4,SS; KE; CD; TZ; ET; UG; SO,South Sudan; Kenya; Democratic Republic of the Congo; Tanzania; Ethiopia; Uganda; Somalia,General health sector,354164774.0,0,Research,Monitor programme updates and collect procurement contact evidence.,commercial
acct_3c1e646e6020,org_b25a6e688e07,KZE - Katholische Zentralstelle für Entwicklungshilfe e.V.,Accountable Agency,Tier 3,47.4,CD; KE; UG; ET; SS,Democratic Republic of the Congo; Kenya; Uganda; Ethiopia; South Sudan,Facility Infrastructure; Medical Devices & Equipment,4891000.0,0,Research,Monitor programme updates and collect procurement contact evidence.,commercial
acct_d98fc22a85aa,org_0c47842d162a,DFID,Donor,Tier 3,47.3,KE; UG; SS; ET; RW; GB,Kenya; Uganda; South Sudan; Ethiopia; Rwanda; GB,Diagnostic Equipment,12725052.38,0,Research,Monitor programme updates and collect procurement contact evidence.,commercial
acct_9b11e4641130,org_b46c2d40ee7a,HIV-AIDS AND CHILDREN,Donor,Tier 3,47.0,SS; KE; TZ; CD; RW,South Sudan; Kenya; Tanzania; Democratic Republic of the Congo; Rwanda,General health sector,270355014.0,0,Research,Monitor programme updates and collect procurement contact evidence.,commercial
acct_951ae07b6620,org_936fc426e37c,Belgian Committee for UNICEF,Donor,Tier 3,47.0,CD; SS; SO,Democratic Republic of the Congo; South Sudan; Somalia,General health sector,238440870.0,0,Research,Monitor programme updates and collect procurement contact evidence.,commercial
acct_d6df6db4fc95,org_ba2673e3148d,Global - Child Protection,Donor,Tier 3,47.0,SS; UG; RW,South Sudan; Uganda; Rwanda,General health sector,184831418.0,0,Research,Monitor programme updates and collect procurement contact evidence.,commercial
acct_91f6e77a980e,org_b937e7da3569,UN Office - Geneva,Donor,Tier 3,46.9,ET,Ethiopia,General health sector,57492350.0,0,Research,Monitor programme updates and collect procurement contact evidence.,commercial
acct_5cd2fea7c8af,org_ddf48d607aa7,Qatar,Donor,Tier 3,46.8,SS,South Sudan,General health sector,116314732.0,0,Research,Monitor programme updates and collect procurement contact evidence.,commercial
acct_d08ffd0e3d10,org_1ae6ab7dc229,Swedish Committee for UNICEF,Donor,Tier 3,46.7,SO; UG; RW; KE; TZ,Somalia; Uganda; Rwanda; Kenya; Tanzania,General health sector,237968022.0,0,Research,Monitor programme updates and collect procurement contact evidence.,commercial
acct_c5ae895c0abd,org_1cc78ddec226,Luxembourg Committee for UNICEF,Donor,Tier 3,46.7,ET; SO; CD; KE,Ethiopia; Somalia; Democratic Republic of the Congo; Kenya,General health sector,227279938.0,0,Research,Monitor programme updates and collect procurement contact evidence.,commercial
acct_9cad3329678d,org_6846966737c9,Slovak Committee for UNICEF,Donor,Tier 3,46.7,UG,Uganda,General health sector,49329108.0,0,Research,Monitor programme updates and collect procurement contact evidence.,commercial
acct_0153e72341a3,org_babe0fb9b6c9,Deutsche Welthungerhilfe e.V.,Implementing Partner,Tier 3,46.6,ET; KE; UG,Ethiopia; Kenya; Uganda,General health sector,4888764.0,0,Research,Monitor programme updates and collect procurement contact evidence.,commercial
acct_e93ffcd959de,org_cf4786783322,OTC Etiopia,Implementing Partner,Tier 3,46.6,ET,Ethiopia,General health sector,27680.02,0,Research,Monitor programme updates and collect procurement contact evidence.,commercial
acct_55200abdfd04,org_6899c8c67dcd,Czech Republic (The),Donor,Tier 3,46.5,SS,South Sudan,General health sector,40746100.0,0,Research,Monitor programme updates and collect procurement contact evidence.,commercial
acct_28c8e848c60f,org_894118a2a9f8,INFECTIOUS DISEASES INSTITUTE LTD,Implementing Partner,Tier 3,46.5,UG; CD; AO; RW,Uganda; Democratic Republic of the Congo; AO; Rwanda,Diagnostic Equipment,8637878.0,0,Research,Monitor programme updates and collect procurement contact evidence.,commercial
acct_95d623320481,org_e9b5fbd12cbf,UNICEF Kenya,Donor,Tier 3,46.4,KE,Kenya,General health sector,78142848.0,0,Research,Monitor programme updates and collect procurement contact evidence.,commercial
acct_a5fc6e8ceb00,org_4e8c98c06dc1,Finnish Committee for UNICEF,Donor,Tier 3,46.4,KE; ET,Kenya; Ethiopia,General health sector,77552610.0,0,Research,Monitor programme updates and collect procurement contact evidence.,commercial
acct_cdcbf60f42bd,org_c153f5644b8d,Polish National Comm for UNICEF,Donor,Tier 3,46.4,ET,Ethiopia,General health sector,36008154.0,0,Research,Monitor programme updates and collect procurement contact evidence.,commercial
acct_2d1aae9a23cc,org_0f2b8f812936,Haydom Lutheran Hospital,Implementing Partner,Tier 3,46.4,TZ,Tanzania,General health sector,16086678.0,0,Research,Monitor programme updates and collect procurement contact evidence.,commercial
acct_5ad9462a4784,org_62d864c13e82,Ethiopia Reform Support Multi-Donor Trust Fund,Implementing Partner,Tier 3,46.4,ET,Ethiopia,General health sector,7422046.19,0,Research,Monitor programme updates and collect procurement contact evidence.,commercial
acct_ffde4793dbe6,org_24235c323287,Advancing Human Capital Outcomes Globally Multi-Donor Trust Fund,Implementing Partner,Tier 3,46.4,ET,Ethiopia,General health sector,7422046.19,0,Research,Monitor programme updates and collect procurement contact evidence.,commercial
acct_dca154a37a5f,org_22186f9d7f4c,INTERNATIONAL ORGANIZATION FOR MIGRATION,Implementing Partner,Tier 3,46.3,CD,Democratic Republic of the Congo,General health sector,5320000.0,0,Research,Monitor programme updates and collect procurement contact evidence.,commercial
acct_0f8e16ecad25,org_723ed160e99e,Spanish Committee for UNICEF,Donor,Tier 3,46.2,ET; CD,Ethiopia; Democratic Republic of the Congo,General health sector,105946710.0,0,Research,Monitor programme updates and collect procurement contact evidence.,commercial
acct_6610826cd588,org_a32e6a7db5f2,Georgia,Donor,Tier 3,46.2,SO,Somalia,General health sector,67399376.0,0,Research,Monitor programme updates and collect procurement contact evidence.,commercial
acct_e90e82460198,org_a267489dff10,UNICEF-Argentina,Donor,Tier 3,46.2,KE,Kenya,General health sector,30616302.0,0,Research,Monitor programme updates and collect procurement contact evidence.,commercial
acct_77f3fd8c0780,org_a22504ac1cb9,Health Pooled Fund South Sudan,Donor,Tier 3,46.2,SS,South Sudan,General health sector,2079860.0,0,Research,Monitor programme updates and collect procurement contact evidence.,commercial
acct_57e911ad14d8,org_7a1235911394,Red Barnet,Donor,Tier 3,46.1,SO; SS,Somalia; South Sudan,General health sector,135121005.43,0,Research,Monitor programme updates and collect procurement contact evidence.,commercial
acct_548314bbbb0e,org_8605c781992e,Action Against Hunger UK,Donor,Tier 3,46.1,SO; ET; CD; YE; SS,Somalia; Ethiopia; Democratic Republic of the Congo; YE; South Sudan,General health sector,78318455.6,0,Research,Monitor programme updates and collect procurement contact evidence.,commercial
acct_eed74ec03ab0,org_762f9e6676fc,Brazil,Donor,Tier 3,46.1,SO,Somalia,General health sector,67002184.0,0,Research,Monitor programme updates and collect procurement contact evidence.,commercial
acct_9dbe1a3ec698,org_4fe9aca01c42,ULB-Coopération,Donor,Tier 3,46.1,CD,Democratic Republic of the Congo,General health sector,16576189.0,0,Research,Monitor programme updates and collect procurement contact evidence.,commercial
acct_42f3d7ee8885,org_b08cded70727,Ministry of Commerce - MOFCOM,Donor,Tier 3,46.0,ET,Ethiopia,General health sector,53914668.0,0,Research,Monitor programme updates and collect procurement contact evidence.,commercial
acct_d31fb3df7342,org_a2dacb604035,UNICEF South Sudan,Donor,Tier 3,46.0,SS,South Sudan,General health sector,26477978.0,0,Research,Monitor programme updates and collect procurement contact evidence.,commercial
acct_5756144ef29d,org_12aca3f635cc,Korean Committee for UNICEF,Donor,Tier 3,46.0,SO,Somalia,General health sector,26317518.0,0,Research,Monitor programme updates and collect procurement contact evidence.,commercial
acct_dabfd7de1f5b,org_eba83d0f0bb9,International Development Association,Implementing Partner,Tier 3,46.0,SS,South Sudan,IT / Health Information Systems,0.0,0,Research,Monitor programme updates and collect procurement contact evidence.,commercial
acct_9d10e81f1155,org_7a7337f50512,Children's Aid South Sudan (CASS),Implementing Partner,Tier 3,46.0,SS,South Sudan,Facility Infrastructure,0.0,0,Research,Monitor programme updates and collect procurement contact evidence.,commercial
acct_13f66dc0e25e,org_5b0bcaeee6a6,Universal Intervention and Development Organization (UNIDO),Implementing Partner,Tier 3,46.0,SS,South Sudan,Facility Infrastructure,0.0,0,Research,Monitor programme updates and collect procurement contact evidence.,commercial
acct_d6b161809d95,org_f6ca27a0c94c,Individual donors to Ethiopiaid,Donor,Tier 3,46.0,ET,Ethiopia,Facility Infrastructure,0.0,0,Research,Monitor programme updates and collect procurement contact evidence.,commercial
acct_127fec322fc9,org_abdb978cf115,Australian Committee for UNICEF,Donor,Tier 3,45.9,SO; ET,Somalia; Ethiopia,General health sector,124938292.0,0,Research,Monitor programme updates and collect procurement contact evidence.,commercial
acct_64e049249c45,org_a171c75c0643,BASIC EDUCATION AND GENDER EQUALITY,Donor,Tier 3,45.8,ET; UG; RW; SO,Ethiopia; Uganda; Rwanda; Somalia,General health sector,84239596.0,0,Research,Monitor programme updates and collect procurement contact evidence.,commercial
acct_4ca559f87868,org_b534bbf394de,Kuwait,Donor,Tier 3,45.8,SS,South Sudan,General health sector,22257678.0,0,Research,Monitor programme updates and collect procurement contact evidence.,commercial
acct_9a13b6ef6b78,org_d4e4c55719ed,University of Cape Town,Implementing Partner,Tier 3,45.8,GB; UG; CM; ZA; MW; TZ; KE; KH; NG; SO; VN; ZW; IN; RW; GH; SY; TL; IQ; EG; YE; TH; MY; PH; PK; JO; BD; ET; MM; SS; CD; ID; NP; TN,GB; Uganda; CM; ZA; MW; Tanzania; Kenya; KH; NG; Somalia; VN; ZW; IN; Rwanda; GH; SY; TL; IQ; EG; YE; TH; MY; PH; PK; JO; BD; Ethiopia; MM; South Sudan; Democratic Republic of the Congo; ID; NP; TN,General health sector,3033075.5,0,Research,Monitor programme updates and collect procurement contact evidence.,commercial
acct_97ecb0862726,org_0ff2d05725ed,Save the Children,Accountable Agency,Tier 3,45.8,CD,Democratic Republic of the Congo,General health sector,0.0,0,Research,Monitor programme updates and collect procurement contact evidence.,commercial
acct_c0a843a62ef4,org_a205cdb01244,UNICEF-Uganda,Donor,Tier 3,45.6,UG,Uganda,General health sector,17447362.0,0,Research,Monitor programme updates and collect procurement contact evidence.,commercial
acct_066032950147,org_8f1536b484de,THET,Accountable Agency,Tier 3,45.6,UG; GH; KE; TZ; MM; ZM,Uganda; GH; Kenya; Tanzania; MM; ZM,Medical Devices & Equipment; Facility Infrastructure,3053147.05,0,Research,Monitor programme updates and collect procurement contact evidence.,commercial
acct_02db37a55dbc,org_3e177397f026,OXFAM CANADA,Donor,Tier 3,45.6,UG,Uganda,General health sector,2459307.0,0,Research,Monitor programme updates and collect procurement contact evidence.,commercial
acct_97b9cac27d55,org_af21f62f696e,GOAL,Donor,Tier 3,45.6,SS,South Sudan,General health sector,592118.0,0,Research,Monitor programme updates and collect procurement contact evidence.,commercial
acct_ef0d45bea4d2,org_b7cc38719275,Rods&Cones Sales B.V.,Implementing Partner,Tier 3,45.6,KE,Kenya,General health sector,57888.0,0,Research,Monitor programme updates and collect procurement contact evidence.,commercial
acct_ce179a254e22,org_8375b3e577fe,Stichting Simavi,Donor,Tier 3,45.5,UG; KE; GH; ID; MW,Uganda; Kenya; GH; ID; MW,General health sector,704572380.0,0,Research,Monitor programme updates and collect procurement contact evidence.,commercial
acct_3dd758507515,org_380bdb92c1ed,Russian Federation,Donor,Tier 3,45.5,KE; SO,Kenya; Somalia,General health sector,23892704.0,0,Research,Monitor programme updates and collect procurement contact evidence.,commercial
acct_6e24ec1ec673,org_7cfaada84783,Hungarian National Comm for UNICEF,Donor,Tier 3,45.5,SO,Somalia,General health sector,17046842.0,0,Research,Monitor programme updates and collect procurement contact evidence.,commercial
acct_de038cbb5b31,org_c4497912a6b8,Luxembourg,Donor,Tier 3,45.4,KE,Kenya,General health sector,22532396.0,0,Research,Monitor programme updates and collect procurement contact evidence.,commercial
acct_09f425fa2dd0,org_97d6da0caff8,World Food Program USA,Implementing Partner,Tier 3,45.4,ET; NG; IN,Ethiopia; NG; IN,General health sector,6260160.31,0,Research,Monitor programme updates and collect procurement contact evidence.,commercial
acct_422b982ac58e,org_553043916913,KfW Bankengruppe (KfW),Accountable Agency,Tier 3,45.4,CD; TZ,Democratic Republic of the Congo; Tanzania,General health sector,5799467.14,0,Research,Monitor programme updates and collect procurement contact evidence.,commercial
acct_7b6c47a988b3,org_0beaef46c308,OPEC Fund,Donor,Tier 3,45.3,KE; TZ,Kenya; Tanzania,General health sector,28705880.0,0,Research,Monitor programme updates and collect procurement contact evidence.,commercial
acct_b2f96379d9fa,org_518461cc7319,Danish Refugee Council / Danish Demining Group (DRC/DDG),Donor,Tier 3,45.3,TZ; UG,Tanzania; Uganda,General health sector,2600000.01,0,Research,Monitor programme updates and collect procurement contact evidence.,commercial
acct_ef89ea8e6cde,org_108a198835bb,DT Global International Development UK Ltd,Implementing Partner,Tier 3,45.2,IN; KE; UG; NG; TZ,IN; Kenya; Uganda; NG; Tanzania,General health sector,5245572.0,0,Research,Monitor programme updates and collect procurement contact evidence.,commercial
acct_162677921eb2,org_64ae1eb9beb2,HelpAge Deutschland e.V.,Donor,Tier 3,45.2,TZ,Tanzania,General health sector,382343.0,0,Research,Monitor programme updates and collect procurement contact evidence.,commercial
acct_b491321d07c4,org_8ec93730c424,MEDICOS DEL MUNDO,Implementing Partner,Tier 3,45.1,SS,South Sudan,General health sector,285329866.0,0,Research,Monitor programme updates and collect procurement contact evidence.,commercial
acct_78fc3579d550,org_353c566f69fb,JHPIEGO,Implementing Partner,Tier 3,45.1,SS,South Sudan,General health sector,285329866.0,0,Research,Monitor programme updates and collect procurement contact evidence.,commercial
acct_bb9d08248a64,org_42733c140236,UNICEF-United Republic of Tanzania,Donor,Tier 3,45.1,TZ,Tanzania,General health sector,11679086.0,0,Research,Monitor programme updates and collect procurement contact evidence.,commercial
acct_0e470efb2487,org_e93b63ad7617,Jimma University,Implementing Partner,Tier 3,44.9,ET,Ethiopia,General health sector,7202864.95,0,Research,Monitor programme updates and collect procurement contact evidence.,commercial
acct_68a7c46cf8c0,org_c0ccd7ab2fc1,SOLIDARITE DES ASSOCIATIONS FEMININES POUR LES DROITS DE LA,Implementing Partner,Tier 3,44.8,CD,Democratic Republic of the Congo,General health sector,135264174.0,0,Research,Monitor programme updates and collect procurement contact evidence.,commercial
acct_bebd4a9b3603,org_edb5655fa2bb,IP not published,Implementing Partner,Tier 3,44.8,CD,Democratic Republic of the Congo,General health sector,135264174.0,0,Research,Monitor programme updates and collect procurement contact evidence.,commercial
acct_ee44d559711d,org_ec858d8c0180,FONDAZIONE AVSI ASSOCIAZONE VOLONTARI PER IL SERVI,Implementing Partner,Tier 3,44.8,CD,Democratic Republic of the Congo,General health sector,135264174.0,0,Research,Monitor programme updates and collect procurement contact evidence.,commercial
acct_602c3bc12053,org_d584d5a00c19,CROIX ROUGE DE LA RDC NORD KIVU,Implementing Partner,Tier 3,44.8,CD,Democratic Republic of the Congo,General health sector,135264174.0,0,Research,Monitor programme updates and collect procurement contact evidence.,commercial
acct_ca8a95b59e06,org_ba3fd13612f8,IP not published,Implementing Partner,Tier 3,44.8,CD,Democratic Republic of the Congo,General health sector,135264174.0,0,Research,Monitor programme updates and collect procurement contact evidence.,commercial
acct_2c35833ce998,org_c57cf22469da,MERCY CORPS,Implementing Partner,Tier 3,44.8,CD,Democratic Republic of the Congo,General health sector,135264174.0,0,Research,Monitor programme updates and collect procurement contact evidence.,commercial
acct_34bc66f8d507,org_b902261b1296,ACTIONS CONCRETES POUR LA PROTECTION DE L ENFANCE,Implementing Partner,Tier 3,44.8,CD,Democratic Republic of the Congo,General health sector,135264174.0,0,Research,Monitor programme updates and collect procurement contact evidence.,commercial
acct_fb28629ecb0f,org_bda3a29ed4dd,IP not published,Implementing Partner,Tier 3,44.8,CD,Democratic Republic of the Congo,General health sector,135264174.0,0,Research,Monitor programme updates and collect procurement contact evidence.,commercial
acct_dfecc9173a58,org_b8db23512d7c,OXFAM KINSHASA GRANDE BRETAGNE DR OF THE CONGO,Implementing Partner,Tier 3,44.8,CD,Democratic Republic of the Congo,General health sector,135264174.0,0,Research,Monitor programme updates and collect procurement contact evidence.,commercial
acct_d3da4bfa88b9,org_a391dd5f3b7d,IP not published,Implementing Partner,Tier 3,44.8,CD,Democratic Republic of the Congo,General health sector,135264174.0,0,Research,Monitor programme updates and collect procurement contact evidence.,commercial
acct_1fe52d424d17,org_6d686889d7d5,IP not published,Implementing Partner,Tier 3,44.8,CD,Democratic Republic of the Congo,General health sector,135264174.0,0,Research,Monitor programme updates and collect procurement contact evidence.,commercial
acct_8490e581e693,org_d4a78ee57404,MOUVEMENT INTERNATIONAL DES DROITS DE L ENFANTDE LA FEMME DE L HOMME VEUF ET,Implementing Partner,Tier 3,44.8,CD,Democratic Republic of the Congo,General health sector,135264174.0,0,Research,Monitor programme updates and collect procurement contact evidence.,commercial
acct_996ebe29f00c,org_4cd11dd7dcd0,IP not published,Implementing Partner,Tier 3,44.8,CD,Democratic Republic of the Congo,General health sector,135264174.0,0,Research,Monitor programme updates and collect procurement contact evidence.,commercial
acct_782c7781262e,org_0d09f704e673,IP not published,Implementing Partner,Tier 3,44.8,CD,Democratic Republic of the Congo,General health sector,135264174.0,0,Research,Monitor programme updates and collect procurement contact evidence.,commercial
acct_8e0b4fd867e4,org_56b5aa95504d,IP not published,Implementing Partner,Tier 3,44.8,CD,Democratic Republic of the Congo,General health sector,135264174.0,0,Research,Monitor programme updates and collect procurement contact evidence.,commercial
acct_e3fefe07de45,org_9545a3089d94,IP not published,Implementing Partner,Tier 3,44.8,CD,Democratic Republic of the Congo,General health sector,135264174.0,0,Research,Monitor programme updates and collect procurement contact evidence.,commercial
acct_591a86ab2922,org_fe08706a8cbb,IP not published,Implementing Partner,Tier 3,44.8,CD,Democratic Republic of the Congo,General health sector,135264174.0,0,Research,Monitor programme updates and collect procurement contact evidence.,commercial
acct_2ce1a1073006,org_907579a8fc51,IP not published,Implementing Partner,Tier 3,44.8,CD,Democratic Republic of the Congo,General health sector,135264174.0,0,Research,Monitor programme updates and collect procurement contact evidence.,commercial
acct_ede19ff6b611,org_30e892425f37,BUREAU D ETUDE DHYDRALIQUE ET DES CONSTRUCTIONS,Implementing Partner,Tier 3,44.8,CD,Democratic Republic of the Congo,General health sector,135264174.0,0,Research,Monitor programme updates and collect procurement contact evidence.,commercial
acct_fdd536e4791f,org_212f8603d9d7,CONSORTIUM DE L AGRICULTURE URBAINE DE BUTEMBO,Implementing Partner,Tier 3,44.8,CD,Democratic Republic of the Congo,General health sector,135264174.0,0,Research,Monitor programme updates and collect procurement contact evidence.,commercial
acct_577a85ee1add,org_77e9012aded8,HYDRAULIQUE SANS FRONTIERES,Implementing Partner,Tier 3,44.8,CD,Democratic Republic of the Congo,General health sector,135264174.0,0,Research,Monitor programme updates and collect procurement contact evidence.,commercial
acct_0ad3e9e2b199,org_0ea84395192b,BUREAU DIOCESAIN DES OEUVRES MEDICALES BUTEMBO BENI,Implementing Partner,Tier 3,44.8,CD,Democratic Republic of the Congo,General health sector,135264174.0,0,Research,Monitor programme updates and collect procurement contact evidence.,commercial
acct_8fabb5bfebd5,org_d237f725ded7,ACTION JUSTICE ET PAIX,Implementing Partner,Tier 3,44.8,CD,Democratic Republic of the Congo,General health sector,135264174.0,0,Research,Monitor programme updates and collect procurement contact evidence.,commercial
acct_628da6033c7b,org_cfc4aabb9e21,IP not published,Implementing Partner,Tier 3,44.8,CD,Democratic Republic of the Congo,General health sector,135264174.0,0,Research,Monitor programme updates and collect procurement contact evidence.,commercial
acct_7c1e65247e76,org_5546d97439d4,REGIE DE DISTRIBUTION DEAU DE LA REPUBLIQUE DEMOCRATIQUE DU CONGO,Implementing Partner,Tier 3,44.8,CD,Democratic Republic of the Congo,General health sector,135264174.0,0,Research,Monitor programme updates and collect procurement contact evidence.,commercial
acct_8898c9fc4723,org_3c5d33fbdbc3,IP not published,Implementing Partner,Tier 3,44.8,CD,Democratic Republic of the Congo,General health sector,135264174.0,0,Research,Monitor programme updates and collect procurement contact evidence.,commercial
acct_1a1524ffa0ea,org_915ca8803c31,IP not published,Implementing Partner,Tier 3,44.8,CD,Democratic Republic of the Congo,General health sector,135264174.0,0,Research,Monitor programme updates and collect procurement contact evidence.,commercial
acct_06ba6e2f33ea,org_96f232600e99,IP not published,Implementing Partner,Tier 3,44.8,CD,Democratic Republic of the Congo,General health sector,135264174.0,0,Research,Monitor programme updates and collect procurement contact evidence.,commercial
acct_b6315ab3c0c4,org_c597b1b8eb92,IP not published,Implementing Partner,Tier 3,44.8,CD,Democratic Republic of the Congo,General health sector,135264174.0,0,Research,Monitor programme updates and collect procurement contact evidence.,commercial
acct_4ad775e51961,org_e554ecccb948,IP not published,Implementing Partner,Tier 3,44.8,CD,Democratic Republic of the Congo,General health sector,135264174.0,0,Research,Monitor programme updates and collect procurement contact evidence.,commercial
acct_01e981091c10,org_ff7635ca2105,IP not published,Implementing Partner,Tier 3,44.8,CD,Democratic Republic of the Congo,General health sector,135264174.0,0,Research,Monitor programme updates and collect procurement contact evidence.,commercial
acct_3b2025245900,org_291e2f7d5773,IP not published,Implementing Partner,Tier 3,44.8,CD,Democratic Republic of the Congo,General health sector,135264174.0,0,Research,Monitor programme updates and collect procurement contact evidence.,commercial
acct_ab0a748554bc,org_6387a03ec814,IP not published,Implementing Partner,Tier 3,44.8,CD,Democratic Republic of the Congo,General health sector,135264174.0,0,Research,Monitor programme updates and collect procurement contact evidence.,commercial
acct_c9dff4e96776,org_af917c8d446b,IP not published,Implementing Partner,Tier 3,44.8,CD,Democratic Republic of the Congo,General health sector,135264174.0,0,Research,Monitor programme updates and collect procurement contact evidence.,commercial
acct_e1917e38d3ac,org_4371b812f2b7,ACTIONS HUMANITAIRES ET DAIDE AU DEVELOPPEMENT INTEGRE AHADI,Implementing Partner,Tier 3,44.8,CD,Democratic Republic of the Congo,General health sector,135264174.0,0,Research,Monitor programme updates and collect procurement contact evidence.,commercial
acct_3ab2670a7214,org_0ba5f936657e,IP not published,Implementing Partner,Tier 3,44.8,CD,Democratic Republic of the Congo,General health sector,135264174.0,0,Research,Monitor programme updates and collect procurement contact evidence.,commercial
acct_37d9fdf002fe,org_08f0daf92b22,IP not published,Implementing Partner,Tier 3,44.8,CD,Democratic Republic of the Congo,General health sector,135264174.0,0,Research,Monitor programme updates and collect procurement contact evidence.,commercial
acct_adc0410305a7,org_a9a4beeb91de,IP not published,Implementing Partner,Tier 3,44.8,CD,Democratic Republic of the Congo,General health sector,135264174.0,0,Research,Monitor programme updates and collect procurement contact evidence.,commercial
acct_d21a62cdbc49,org_986a62f2d21a,ARES,Donor,Tier 3,44.8,CD,Democratic Republic of the Congo,General health sector,7712988.0,0,Research,Monitor programme updates and collect procurement contact evidence.,commercial
acct_3048cc7f7f17,org_681566346f53,Help a Child,Implementing Partner,Tier 3,44.8,SO,Somalia,General health sector,5807659.84,0,Research,Monitor programme updates and collect procurement contact evidence.,commercial
acct_de3ab6ae5753,org_83c41c25a102,USAID,Donor,Tier 3,44.8,KE,Kenya,General health sector,304038.0,0,Research,Monitor programme updates and collect procurement contact evidence.,commercial
acct_d52b1142f319,org_fc4444c3019e,UNTFHS - UN Trust Fund for,Donor,Tier 3,44.7,RW,Rwanda,General health sector,9031442.0,0,Research,Monitor programme updates and collect procurement contact evidence.,commercial
acct_a4231d95dbab,org_d8660eb7dcf8,HealthNet TPO,Donor,Tier 3,44.7,SS,South Sudan,General health sector,1198887.0,0,Research,Monitor programme updates and collect procurement contact evidence.,commercial
acct_85b90e4c2719,org_4fdcb7f49408,IP not published,Implementing Partner,Tier 3,44.6,SS,South Sudan,General health sector,106324100.0,0,Research,Monitor programme updates and collect procurement contact evidence.,commercial
acct_83760ac02d5d,org_418cf09823c9,IP not published,Implementing Partner,Tier 3,44.6,SS,South Sudan,General health sector,106324100.0,0,Research,Monitor programme updates and collect procurement contact evidence.,commercial
acct_ff0af6361f57,org_5848d8d7d71c,NILE INITIATIVE DEVELOPMENT ORGANIZATION NIDO,Implementing Partner,Tier 3,44.6,SS,South Sudan,General health sector,106324100.0,0,Research,Monitor programme updates and collect procurement contact evidence.,commercial
acct_2c62297308aa,org_b4bb98197b90,UNOPS - UFFICIO DELLE NAZIONI UNITE PER L'ASSISTENZA E GESTIONE,Implementing Partner,Tier 3,44.6,ET,Ethiopia,General health sector,3000000.0,0,Research,Monitor programme updates and collect procurement contact evidence.,commercial
acct_2a8643b587ff,org_839cd73be018,ONG basée dans un pays donneur,Implementing Partner,Tier 2,44.5,TZ; SO; RW; UG; KE; CD; NG; SS; ET,Tanzania; Somalia; Rwanda; Uganda; Kenya; Democratic Republic of the Congo; NG; South Sudan; Ethiopia,Facility Infrastructure; Diagnostic Equipment; Medical Devices & Equipment,1219843328.0,1,Qualify,Validate decision makers and connect top programmes to likely tender portals.,commercial
acct_f398bd2820cb,org_541d1376bab0,Save The Children UK,Donor,Tier 3,44.5,ET; KE; ZW; UG; CD; GH; MZ; NP; NG; RW; SL; TZ; ZM; SO,Ethiopia; Kenya; ZW; Uganda; Democratic Republic of the Congo; GH; MZ; NP; NG; Rwanda; SL; Tanzania; ZM; Somalia,General health sector,413979067.0,0,Research,Monitor programme updates and collect procurement contact evidence.,commercial
acct_a7eb1b7331d5,org_9903d4716bc6,Financing Alliance for Health,Implementing Partner,Tier 3,44.4,ET; KE; ML; SN; TZ,Ethiopia; Kenya; ML; SN; Tanzania,General health sector,4306670.0,0,Research,Monitor programme updates and collect procurement contact evidence.,commercial
acct_80a8737dc977,org_a9a38d8b87a3,Brown University,Implementing Partner,Tier 3,44.4,ET,Ethiopia,General health sector,2769572.0,0,Research,Monitor programme updates and collect procurement contact evidence.,commercial
acct_a9a7e4087753,org_ba6c33d3c438,PSFR - consolidated pool funding,Donor,Tier 3,44.3,SS,South Sudan,General health sector,6140000.0,0,Research,Monitor programme updates and collect procurement contact evidence.,commercial
acct_72fa99527433,org_5914cdad1d78,Management Sciences for Health,Implementing Partner,Tier 3,44.3,GH; RW; ET,GH; Rwanda; Ethiopia,General health sector,4349520.0,0,Research,Monitor programme updates and collect procurement contact evidence.,commercial
acct_aaa5d8f7d8ce,org_1aaaabf6710b,CHILD PROTECTION: PREVENTING/ R,Donor,Tier 3,44.2,KE,Kenya,General health sector,5197092.0,0,Research,Monitor programme updates and collect procurement contact evidence.,commercial
acct_c68205aa3d39,org_130c8f522053,Epicentre,Implementing Partner,Tier 3,44.1,CD,Democratic Republic of the Congo,General health sector,2106868.0,0,Research,Monitor programme updates and collect procurement contact evidence.,commercial
acct_927dcfda2434,org_0643a73b757b,The University of Alabama at Birmingham,Implementing Partner,Tier 3,43.9,KE; PK; CD; ET; NG; IN; BD; ID,Kenya; PK; Democratic Republic of the Congo; Ethiopia; NG; IN; BD; ID,General health sector,2642708.0,0,Research,Monitor programme updates and collect procurement contact evidence.,commercial
acct_83ba6d3092ca,org_3990a5e82c32,BKP Economic Advisors,Implementing Partner,Tier 3,43.9,ET,Ethiopia,General health sector,1844280.0,0,Research,Monitor programme updates and collect procurement contact evidence.,commercial
acct_84ef588e1aea,org_a3aac5bdcb15,Stanford University,Implementing Partner,Tier 3,43.9,ET; NP,Ethiopia; NP,General health sector,1833597.0,0,Research,Monitor programme updates and collect procurement contact evidence.,commercial
acct_103d36917d54,org_62c37ddfb2ed,CARE UGANDA CO,Implementing Partner,Tier 3,43.8,UG,Uganda,General health sector,9156475.0,0,Research,Monitor programme updates and collect procurement contact evidence.,commercial
acct_3c1226020d64,org_3f232c6ebd7c,International Finance Corporation,Implementing Partner,Tier 3,43.8,AO; GN; KE; UG; ZM; IN; BD; KH; ET,AO; GN; Kenya; Uganda; ZM; IN; BD; KH; Ethiopia,General health sector,2500000.0,0,Research,Monitor programme updates and collect procurement contact evidence.,commercial
acct_ac1e171e29cb,org_b59633084190,-,Donor,Tier 3,43.8,KE,Kenya,General health sector,687733.0,0,Research,Monitor programme updates and collect procurement contact evidence.,commercial
acct_4e36bfad326b,org_b6e82197bf34,Kirkens Nødhjelp,Implementing Partner,Tier 3,43.7,TZ; CD,Tanzania; Democratic Republic of the Congo,General health sector,53061660.0,0,Research,Monitor programme updates and collect procurement contact evidence.,commercial
acct_b08c5308e430,org_f1de6566195f,IP not published,Implementing Partner,Tier 3,43.7,SS,South Sudan,General health sector,45100238.0,0,Research,Monitor programme updates and collect procurement contact evidence.,commercial
acct_908c30a96f08,org_c57db5ca13fd,MOBILE THEATRE TEAM,Implementing Partner,Tier 3,43.7,SS,South Sudan,General health sector,45100238.0,0,Research,Monitor programme updates and collect procurement contact evidence.,commercial
acct_bbf671882aac,org_06affb576040,EYE MEDIA,Implementing Partner,Tier 3,43.7,SS,South Sudan,General health sector,45100238.0,0,Research,Monitor programme updates and collect procurement contact evidence.,commercial
acct_497d1615f2fd,org_cdff6464c423,IP not published,Implementing Partner,Tier 3,43.7,SS,South Sudan,General health sector,45100238.0,0,Research,Monitor programme updates and collect procurement contact evidence.,commercial
acct_518cf3bd51e3,org_81f8ed456f15,IP not published,Implementing Partner,Tier 3,43.7,SS,South Sudan,General health sector,45100238.0,0,Research,Monitor programme updates and collect procurement contact evidence.,commercial
acct_43dafaddb152,org_232bbb8a8e61,THE RESCUE INITIATIVE SOUTH SUDAN,Implementing Partner,Tier 3,43.7,SS,South Sudan,General health sector,45100238.0,0,Research,Monitor programme updates and collect procurement contact evidence.,commercial
acct_af907257cd33,org_6477966d8b5f,ECSSS EDUCATION AND TRAINING,Implementing Partner,Tier 3,43.7,SS,South Sudan,General health sector,45100238.0,0,Research,Monitor programme updates and collect procurement contact evidence.,commercial
acct_ec41106eefdf,org_33c76b9f2844,SOUTH SUDAN COUNCIL OF CHURCHES,Implementing Partner,Tier 3,43.7,SS,South Sudan,General health sector,45100238.0,0,Research,Monitor programme updates and collect procurement contact evidence.,commercial
acct_5b650f89fa6f,org_89fa8ca5645b,Institute for Healthcare Improvement,Implementing Partner,Tier 3,43.7,ET; KE; BD,Ethiopia; Kenya; BD,General health sector,1499238.0,0,Research,Monitor programme updates and collect procurement contact evidence.,commercial
acct_13caca1f9260,org_df54a76c2dc2,BRITISH RED CROSS,Implementing Partner,Tier 3,43.6,ET; CD; AO; RW,Ethiopia; Democratic Republic of the Congo; AO; Rwanda,Facility Infrastructure,4241000.0,0,Research,Monitor programme updates and collect procurement contact evidence.,commercial
acct_0c4f860626e0,org_0753c01c8117,University of Cape Town,Accountable Agency,Tier 3,43.2,ZA; BJ; BW; KE; LS; MW; NA; NG; UG; ZM; TZ,ZA; BJ; BW; Kenya; LS; MW; NA; NG; Uganda; ZM; Tanzania,General health sector,29447354.0,0,Research,Monitor programme updates and collect procurement contact evidence.,commercial
acct_5ed7f042b097,org_8aaba877e0e0,University of Manitoba,Implementing Partner,Tier 3,43.2,KE; NG,Kenya; NG,General health sector,936963.0,0,Research,Monitor programme updates and collect procurement contact evidence.,commercial
acct_e3c4002ac5e0,org_26650ad07dd6,VEREINIGTE REPUBLIK TANSANIA,Implementing Partner,Tier 3,43.2,TZ,Tanzania,General health sector,479467.14,0,Research,Monitor programme updates and collect procurement contact evidence.,commercial
acct_64d3a17e705b,org_a2789e84b210,Infectious Diseases Research Collaboration (IDRC),Donor,Tier 3,43.2,SS; UG,South Sudan; Uganda,General health sector,153000.0,0,Research,Monitor programme updates and collect procurement contact evidence.,commercial
acct_ea400cfd9783,org_6a30dd272c2b,Abt Britain Ltd,Implementing Partner,Tier 3,43.1,BD; NP; KE; UG; MW; MZ; TZ; ZM; ET; SS,BD; NP; Kenya; Uganda; MW; MZ; Tanzania; ZM; Ethiopia; South Sudan,General health sector,5079334.81,0,Research,Monitor programme updates and collect procurement contact evidence.,commercial
acct_fd3fa2bea067,org_75a060ca80ed,ATScale,Donor,Tier 3,43.0,MW; ID; CH; GH; CO; GB; SL; BE; FR; IN; KE; MN; US; NP; BR; ZA,MW; ID; CH; GH; CO; GB; SL; BE; FR; IN; Kenya; MN; US; NP; BR; ZA,General health sector,6384207.77,0,Research,Monitor programme updates and collect procurement contact evidence.,commercial
acct_44f9ca6e5e6f,org_367f759758bd,Ghent University,Implementing Partner,Tier 3,43.0,ET,Ethiopia,General health sector,832989.0,0,Research,Monitor programme updates and collect procurement contact evidence.,commercial
acct_f41a84a330b6,org_1daf5aa393a8,Hospital for Sick Children,Implementing Partner,Tier 3,43.0,RW; PE; BD,Rwanda; PE; BD,General health sector,796593.0,0,Research,Monitor programme updates and collect procurement contact evidence.,commercial
acct_fed17208b595,org_93b1bad634dc,Sightsavers,Donor,Tier 3,42.9,KE; MW; MZ; NG; UG; TZ; ZM; CD,Kenya; MW; MZ; NG; Uganda; Tanzania; ZM; Democratic Republic of the Congo,General health sector,43406263.0,0,Research,Monitor programme updates and collect procurement contact evidence.,commercial
acct_74fb3a5c63fc,org_c1aadddd318e,IP not published,Implementing Partner,Tier 3,42.8,SS,South Sudan,General health sector,22257678.0,0,Research,Monitor programme updates and collect procurement contact evidence.,commercial
acct_48bfdebf6e5c,org_adc8deda2486,UNICEF,Donor,Tier 3,42.7,UG; SO; SS; TZ; ET,Uganda; Somalia; South Sudan; Tanzania; Ethiopia,General health sector,1707089810.37,0,Research,Monitor programme updates and collect procurement contact evidence.,commercial
acct_c438b0afddf1,org_0401788342c2,PATHFINDER INTERNATIONAL,Implementing Partner,Tier 3,42.7,UG,Uganda,General health sector,1180210.0,0,Research,Monitor programme updates and collect procurement contact evidence.,commercial
acct_6387ca2e7591,org_1524f9fdca14,IP not published,Implementing Partner,Tier 3,42.3,TZ,Tanzania,General health sector,113785908.0,0,Research,Monitor programme updates and collect procurement contact evidence.,commercial
acct_1be6a663425e,org_7e6cd4be5385,IP not published,Implementing Partner,Tier 3,42.3,TZ,Tanzania,General health sector,113785908.0,0,Research,Monitor programme updates and collect procurement contact evidence.,commercial
acct_4f0f8cd1da25,org_3444c1003ec6,NATIONAL COUNCIL FOR PERSONS WITH DISABILITIES,Implementing Partner,Tier 3,42.3,TZ,Tanzania,General health sector,113785908.0,0,Research,Monitor programme updates and collect procurement contact evidence.,commercial
acct_cda636f93481,org_746a1da6ee89,NYU Langone Health,Implementing Partner,Tier 3,42.3,EG; ET; KE; LS; MW; ZW; SL; UG; ZM; IN; PK; BD,EG; Ethiopia; Kenya; LS; MW; ZW; SL; Uganda; ZM; IN; PK; BD,General health sector,499431.0,0,Research,Monitor programme updates and collect procurement contact evidence.,commercial
acct_66c67843bb32,org_6395c2769f1c,ADVENTIST DEVELOPEMENT AND RELIEF AGENCY DRC CONGO,Implementing Partner,Tier 3,42.2,CD,Democratic Republic of the Congo,General health sector,224301576.0,0,Research,Monitor programme updates and collect procurement contact evidence.,commercial
acct_3436bc63c277,org_a0a3e9f8ad71,IP not published,Implementing Partner,Tier 3,42.2,CD,Democratic Republic of the Congo,General health sector,221428840.0,0,Research,Monitor programme updates and collect procurement contact evidence.,commercial
acct_43eacffaa053,org_9c72d04b03bd,IP not published,Implementing Partner,Tier 3,42.2,CD,Democratic Republic of the Congo,General health sector,221428840.0,0,Research,Monitor programme updates and collect procurement contact evidence.,commercial
acct_a2892b48bcdc,org_0f0fedbf2960,IP not published,Implementing Partner,Tier 3,42.2,CD,Democratic Republic of the Congo,General health sector,221428840.0,0,Research,Monitor programme updates and collect procurement contact evidence.,commercial
acct_f55a30fdab7b,org_726a56e51bdf,Rutgers,Donor,Tier 3,42.2,GH; ID; KE; MW; UG; PK; ET; ZM,GH; ID; Kenya; MW; Uganda; PK; Ethiopia; ZM,General health sector,9321651.0,0,Research,Monitor programme updates and collect procurement contact evidence.,commercial
acct_1da770591c2e,org_de78bf2fb1d2,Louvain Coopération,Donor,Tier 3,42.2,CD,Democratic Republic of the Congo,General health sector,2354424.0,0,Research,Monitor programme updates and collect procurement contact evidence.,commercial
acct_92e40b8a2698,org_4ef1dbecb2ea,Murdoch Childrens Research Institute,Implementing Partner,Tier 3,42.1,GM; KE; SL; LA; MN,GM; Kenya; SL; LA; MN,General health sector,377850.0,0,Research,Monitor programme updates and collect procurement contact evidence.,commercial
acct_e5e69110cd93,org_966132dd87da,Tony Blair Institute for Global Change,Implementing Partner,Tier 3,42.0,ET,Ethiopia,General health sector,350000.0,0,Research,Monitor programme updates and collect procurement contact evidence.,commercial
acct_cceaa0940d3a,org_bc26a5e49f0e,Effective Altruism Foundation,Donor,Tier 3,41.9,BF; NG; GW; TD; MZ; TG; UG; GB; SS,BF; NG; GW; TD; MZ; TG; Uganda; GB; South Sudan,General health sector,180837765.0,0,Research,Monitor programme updates and collect procurement contact evidence.,commercial
acct_36cc69aa07a4,org_19754a2ec844,Good Ventures,Donor,Tier 3,41.9,BF; NG; GW; TD; MZ; TG; UG; GB; SS,BF; NG; GW; TD; MZ; TG; Uganda; GB; South Sudan,General health sector,180837765.0,0,Research,Monitor programme updates and collect procurement contact evidence.,commercial
acct_758566f10f4f,org_b42650f246f2,Three Graces Foundation Inc,Donor,Tier 3,41.9,BF; NG; GW; TD; MZ; TG; UG; GB; SS,BF; NG; GW; TD; MZ; TG; Uganda; GB; South Sudan,General health sector,180837765.0,0,Research,Monitor programme updates and collect procurement contact evidence.,commercial
acct_6848e35d107a,org_116865354680,UNITAID,Donor,Tier 3,41.9,BF; NG; GW; TD; MZ; TG; UG; GB; SS,BF; NG; GW; TD; MZ; TG; Uganda; GB; South Sudan,General health sector,180837765.0,0,Research,Monitor programme updates and collect procurement contact evidence.,commercial
acct_764f31a082a5,org_e68d69d85fab,Green Pastures hospital,Implementing Partner,Tier 3,41.9,BE; EG; IE; NP; RW; CH; GB; US,BE; EG; IE; NP; Rwanda; CH; GB; US,General health sector,1938463.01,0,Research,Monitor programme updates and collect procurement contact evidence.,commercial
acct_81123ece3265,org_f2d63a30c1ca,International Nepal Fellowship Nepal,Implementing Partner,Tier 3,41.9,BE; EG; IE; NP; RW; CH; GB; US,BE; EG; IE; NP; Rwanda; CH; GB; US,General health sector,1938463.01,0,Research,Monitor programme updates and collect procurement contact evidence.,commercial
acct_11fab949cffe,org_b059b4b9267d,National Institutes of Health,Donor,Tier 3,41.7,KE,Kenya,General health sector,676425.0,0,Research,Monitor programme updates and collect procurement contact evidence.,commercial
acct_befde0c6ae59,org_bd00df1591c6,DAI Europe,Implementing Partner,Tier 3,41.6,CM; TD; CI; ML; NE; UG; KE; KH; NG; SO; ZA; VN; ZW; IN; RW; GH; SY; TL; IQ; EG; YE; TH; MW; MY; PH; PK; JO; BD; ET; MM; SS; CD; ID; NP; TN; TZ; AO,CM; TD; CI; ML; NE; Uganda; Kenya; KH; NG; Somalia; ZA; VN; ZW; IN; Rwanda; GH; SY; TL; IQ; EG; YE; TH; MW; MY; PH; PK; JO; BD; Ethiopia; MM; South Sudan; Democratic Republic of the Congo; ID; NP; TN; Tanzania; AO,Facility Infrastructure,36288807.42,0,Research,Monitor programme updates and collect procurement contact evidence.,commercial
acct_9edcace2fe8b,org_051cc1c4980e,World Vision Netherlands,Donor,Tier 3,41.6,UG,Uganda,General health sector,1430231.64,0,Research,Monitor programme updates and collect procurement contact evidence.,commercial
acct_23c7ac717980,org_3cc34a926749,Global Health Strategies LLC,Implementing Partner,Tier 3,41.6,ZA; KE; MZ; NG; IN; ID,ZA; Kenya; MZ; NG; IN; ID,General health sector,249679.0,0,Research,Monitor programme updates and collect procurement contact evidence.,commercial
acct_a2169fdc9ab3,org_b5504492c36d,Care Nederland,Donor,Tier 3,41.4,UG; KE; ET,Uganda; Kenya; Ethiopia,General health sector,16623943.0,0,Research,Monitor programme updates and collect procurement contact evidence.,commercial
acct_a9ae1973c8e6,org_47b5405213fc,Dutch Ministry of Foreign Affairs,Donor,Tier 3,41.4,UG; KE; ET,Uganda; Kenya; Ethiopia,General health sector,16623943.0,0,Research,Monitor programme updates and collect procurement contact evidence.,commercial
acct_c17e683ff839,org_cf4ef8515109,ACTION AGAINST HUNGER SPAIN,Donor,Tier 3,41.4,KE; UG; ET; SS,Kenya; Uganda; Ethiopia; South Sudan,General health sector,3038044.79,0,Research,Monitor programme updates and collect procurement contact evidence.,commercial
acct_aefa4fead7a0,org_cd7ea0ea7f0a,"Touch Health, Inc.",Implementing Partner,Tier 3,41.4,TZ,Tanzania,General health sector,204689.0,0,Research,Monitor programme updates and collect procurement contact evidence.,commercial
acct_f01cd06e37c5,org_a3da1c709a60,EZE - Evangelische Zentralstelle für globale Entwicklung e.V.,Accountable Agency,Tier 3,41.2,CD; KE; UG; ET; TZ,Democratic Republic of the Congo; Kenya; Uganda; Ethiopia; Tanzania,Facility Infrastructure; Medical Devices & Equipment,3503000.0,0,Research,Monitor programme updates and collect procurement contact evidence.,commercial
acct_410fdda52156,org_6c162be7fadd,The Hunger Project Netherlands,Donor,Tier 3,41.2,UG; ET; SS,Uganda; Ethiopia; South Sudan,General health sector,3008889.24,0,Research,Monitor programme updates and collect procurement contact evidence.,commercial
acct_669fc66facf1,org_787769ec2355,Metrics for Management,Implementing Partner,Tier 3,41.1,KE; NG; IN,Kenya; NG; IN,General health sector,171119.0,0,Research,Monitor programme updates and collect procurement contact evidence.,commercial
acct_c164604a8dd1,org_d97da42d3471,Mott MacDonald Group Limited,Implementing Partner,Tier 3,41.0,UG; KE; KH; NG; SO; ZA; VN; ZW; IN; RW; GH; SY; TL; IQ; EG; YE; TH; MW; MY; PH; PK; JO; BD; ET; MM; SS; CD; ID; NP; TN; TZ,Uganda; Kenya; KH; NG; Somalia; ZA; VN; ZW; IN; Rwanda; GH; SY; TL; IQ; EG; YE; TH; MW; MY; PH; PK; JO; BD; Ethiopia; MM; South Sudan; Democratic Republic of the Congo; ID; NP; TN; Tanzania,General health sector,198837728.7,0,Research,Monitor programme updates and collect procurement contact evidence.,commercial
acct_6d716fb14706,org_0847926b0e73,Christian Blind Mission (UK) Ltd.,Donor,Tier 3,41.0,RW,Rwanda,General health sector,901802.87,0,Research,Monitor programme updates and collect procurement contact evidence.,commercial
acct_4690be67f65e,org_489549848e41,MALTESER HILFSDIENST EV,Implementing Partner,Tier 3,41.0,CD,Democratic Republic of the Congo,General health sector,0.0,0,Research,Monitor programme updates and collect procurement contact evidence.,commercial
acct_5bb29b19d6d9,org_8e1a50230ace,Commission of the European Communities,Donor,Tier 3,41.0,RW; CD,Rwanda; Democratic Republic of the Congo,IT / Health Information Systems,0.0,0,Research,Monitor programme updates and collect procurement contact evidence.,commercial
acct_e14d77644865,org_87591d205a4c,SOMALI REGIONAL STATE BUREAU OF FINANCE AND ECONOMIC DEVELOPMENT,Implementing Partner,Tier 3,40.6,ET,Ethiopia,General health sector,3342240.0,0,Research,Monitor programme updates and collect procurement contact evidence.,commercial
acct_31da89e6c503,org_60d50a37b8e5,Solution Seeker AS,Implementing Partner,Tier 3,40.6,UG,Uganda,General health sector,109327.0,0,Research,Monitor programme updates and collect procurement contact evidence.,commercial
acct_d2f008f33ac8,org_8b5d2efe3aa1,The Queen Elizabeth Diamond Jubilee Trust,Donor,Tier 3,40.5,KE; MW; MZ; NG; UG; TZ; ZM,Kenya; MW; MZ; NG; Uganda; Tanzania; ZM,General health sector,40100000.0,0,Research,Monitor programme updates and collect procurement contact evidence.,commercial
acct_5d2d6efd8a43,org_412f8ccd9c8b,IP not published,Implementing Partner,Tier 3,40.4,CD,Democratic Republic of the Congo,General health sector,2872736.0,0,Research,Monitor programme updates and collect procurement contact evidence.,commercial
acct_399f28e7b17e,org_a5c757ce36b8,JP-2,Donor,Tier 3,40.3,KE; UG; CD,Kenya; Uganda; Democratic Republic of the Congo,Medical Devices & Equipment,0.0,0,Research,Monitor programme updates and collect procurement contact evidence.,commercial
acct_fcfc356129c6,org_788863bbcba5,George Institute for Global Health,Implementing Partner,Tier 3,40.1,IN; SL; KE; GB,IN; SL; Kenya; GB,General health sector,2065977.0,0,Research,Monitor programme updates and collect procurement contact evidence.,commercial
acct_978403b146a9,org_0760f7e68340,Shack Dwellers International - Kenya,Implementing Partner,Tier 3,40.1,IN; SL; KE; GB,IN; SL; Kenya; GB,General health sector,2065977.0,0,Research,Monitor programme updates and collect procurement contact evidence.,commercial
acct_f54f1bc4500f,org_476152203f94,Institute of Gender and Children's Health Research,Implementing Partner,Tier 3,40.1,IN; SL; KE; GB,IN; SL; Kenya; GB,General health sector,2065977.0,0,Research,Monitor programme updates and collect procurement contact evidence.,commercial
acct_bc685c17d0ac,org_f202ce7007f1,Sierra Leone Urban Research Centre (SLURC),Implementing Partner,Tier 3,40.1,IN; SL; KE; GB,IN; SL; Kenya; GB,General health sector,2065977.0,0,Research,Monitor programme updates and collect procurement contact evidence.,commercial
acct_0208c1608ec9,org_80e47c5221de,Centre of Dialogue on Human Settlement and Poverty Alleviation (CODOHSAPA),Implementing Partner,Tier 3,40.1,IN; SL; KE; GB,IN; SL; Kenya; GB,General health sector,2065977.0,0,Research,Monitor programme updates and collect procurement contact evidence.,commercial
acct_6078fde6b9ff,org_9d7e564edbd3,Austrian Development Agency GmbH,Donor,Tier 3,40.0,ET,Ethiopia,General health sector,26754263.16,0,Research,Monitor programme updates and collect procurement contact evidence.,commercial
acct_03e38915b342,org_098a0d88efe5,Wits Health Consortium (Proprietary) Ltd.,Implementing Partner,Tier 3,40.0,GH; KE; ZA,GH; Kenya; ZA,General health sector,841400.0,0,Research,Monitor programme updates and collect procurement contact evidence.,commercial
acct_047d5b3d9daf,org_e303b6bdc44b,Ministry of Finance,Accountable Agency,Tier 3,40.0,KE,Kenya,Facility Infrastructure,0.0,0,Research,Monitor programme updates and collect procurement contact evidence.,commercial
acct_fafa41494343,org_12f5f9a7ed74,University of Ottawa,Implementing Partner,Tier 3,39.9,CD; GN,Democratic Republic of the Congo; GN,General health sector,778557.0,0,Research,Monitor programme updates and collect procurement contact evidence.,commercial
acct_d3a2b55732da,org_56b32fc07590,Embassy of the Kingdome of the Netherlands in Rwanda,Donor,Tier 3,39.8,RW,Rwanda,General health sector,33130654.0,0,Research,Monitor programme updates and collect procurement contact evidence.,commercial
acct_370f0b7dca34,org_08f9668061e0,Vysoká škola zdravotníctva a sociálnej práce sv. Alžbety,Accountable Agency,Tier 3,39.8,KE; SS; RW; UG; ET,Kenya; South Sudan; Rwanda; Uganda; Ethiopia,Facility Infrastructure; Diagnostic Equipment; Medical Devices & Equipment; Vehicles & Transport,0.0,0,Research,Monitor programme updates and collect procurement contact evidence.,commercial
acct_55648bbf6112,org_9ba14c363b13,Link Community Development,Implementing Partner,Tier 3,39.4,KE; ZW; UG; CD; ET; GH; MZ; NP; NG; RW; SL; TZ; ZM; PK; MW,Kenya; ZW; Uganda; Democratic Republic of the Congo; Ethiopia; GH; MZ; NP; NG; Rwanda; SL; Tanzania; ZM; PK; MW,General health sector,482514151.0,0,Research,Monitor programme updates and collect procurement contact evidence.,commercial
acct_3ff42abe24d2,org_1de1651f1927,Girls’ Education Challenge – Fund Manager PwC,Accountable Agency,Tier 3,39.4,KE; ZW; UG; CD; ET; GH; MZ; NP; NG; RW; SL; TZ; ZM; PK; MW,Kenya; ZW; Uganda; Democratic Republic of the Congo; Ethiopia; GH; MZ; NP; NG; Rwanda; SL; Tanzania; ZM; PK; MW,General health sector,482514151.0,0,Research,Monitor programme updates and collect procurement contact evidence.,commercial
acct_02ec6ca246c8,org_30eb77e3dd46,Plan International UK,Implementing Partner,Tier 3,39.4,KE; ZW; UG; CD; ET; GH; MZ; NP; NG; RW; SL; TZ; ZM; PK; MW,Kenya; ZW; Uganda; Democratic Republic of the Congo; Ethiopia; GH; MZ; NP; NG; Rwanda; SL; Tanzania; ZM; PK; MW,General health sector,482514151.0,0,Research,Monitor programme updates and collect procurement contact evidence.,commercial
acct_2fe58f3e590f,org_0561dbef409f,World University Service of Canada,Implementing Partner,Tier 3,39.3,KE; ZW; UG; CD; ET; GH; MZ; NP; NG; RW; SL; TZ; ZM,Kenya; ZW; Uganda; Democratic Republic of the Congo; Ethiopia; GH; MZ; NP; NG; Rwanda; SL; Tanzania; ZM,General health sector,376051171.0,0,Research,Monitor programme updates and collect procurement contact evidence.,commercial
acct_340219873717,org_c244204adec5,Camfed International,Implementing Partner,Tier 3,39.3,KE; ZW; UG; CD; ET; GH; MZ; NP; NG; RW; SL; TZ; ZM,Kenya; ZW; Uganda; Democratic Republic of the Congo; Ethiopia; GH; MZ; NP; NG; Rwanda; SL; Tanzania; ZM,General health sector,376051171.0,0,Research,Monitor programme updates and collect procurement contact evidence.,commercial
acct_263e44b642af,org_b3a86f2f402d,Viva,Implementing Partner,Tier 3,39.3,KE; ZW; UG; CD; ET; GH; MZ; NP; NG; RW; SL; TZ; ZM,Kenya; ZW; Uganda; Democratic Republic of the Congo; Ethiopia; GH; MZ; NP; NG; Rwanda; SL; Tanzania; ZM,General health sector,376051171.0,0,Research,Monitor programme updates and collect procurement contact evidence.,commercial
acct_b8360c64885a,org_0568a94fa2fe,Promoting Equality in African Schools,Implementing Partner,Tier 3,39.3,KE; ZW; UG; CD; ET; GH; MZ; NP; NG; RW; SL; TZ; ZM,Kenya; ZW; Uganda; Democratic Republic of the Congo; Ethiopia; GH; MZ; NP; NG; Rwanda; SL; Tanzania; ZM,General health sector,376051171.0,0,Research,Monitor programme updates and collect procurement contact evidence.,commercial
acct_ff0b920ba6a6,org_fb3377ccaf01,Varkey Foundation,Implementing Partner,Tier 3,39.3,KE; ZW; UG; CD; ET; GH; MZ; NP; NG; RW; SL; TZ; ZM,Kenya; ZW; Uganda; Democratic Republic of the Congo; Ethiopia; GH; MZ; NP; NG; Rwanda; SL; Tanzania; ZM,General health sector,376051171.0,0,Research,Monitor programme updates and collect procurement contact evidence.,commercial
acct_00e7df16794c,org_8644851ba601,Leonard Cheshire Disability,Implementing Partner,Tier 3,39.3,KE; ZW; UG; CD; ET; GH; MZ; NP; NG; RW; SL; TZ; ZM,Kenya; ZW; Uganda; Democratic Republic of the Congo; Ethiopia; GH; MZ; NP; NG; Rwanda; SL; Tanzania; ZM,General health sector,376051171.0,0,Research,Monitor programme updates and collect procurement contact evidence.,commercial
acct_a5965481e047,org_13602cf68cea,ChildHope UK,Implementing Partner,Tier 3,39.3,KE; ZW; UG; CD; ET; GH; MZ; NP; NG; RW; SL; TZ; ZM,Kenya; ZW; Uganda; Democratic Republic of the Congo; Ethiopia; GH; MZ; NP; NG; Rwanda; SL; Tanzania; ZM,General health sector,376051171.0,0,Research,Monitor programme updates and collect procurement contact evidence.,commercial
acct_6ec1db58a92b,org_e3660f07d315,Opportunity International UK,Implementing Partner,Tier 3,39.3,KE; ZW; UG; CD; ET; GH; MZ; NP; NG; RW; SL; TZ; ZM,Kenya; ZW; Uganda; Democratic Republic of the Congo; Ethiopia; GH; MZ; NP; NG; Rwanda; SL; Tanzania; ZM,General health sector,376051171.0,0,Research,Monitor programme updates and collect procurement contact evidence.,commercial
acct_cadf0ca78e27,org_252ad76d1bee,Avanti Communications Ltd,Implementing Partner,Tier 3,39.3,KE; ZW; UG; CD; ET; GH; MZ; NP; NG; RW; SL; TZ; ZM,Kenya; ZW; Uganda; Democratic Republic of the Congo; Ethiopia; GH; MZ; NP; NG; Rwanda; SL; Tanzania; ZM,General health sector,376051171.0,0,Research,Monitor programme updates and collect procurement contact evidence.,commercial
acct_aea44542c92a,org_ca988b7ecc2d,Mercy Corps Europe,Implementing Partner,Tier 3,39.3,KE; ZW; UG; CD; ET; GH; MZ; NP; NG; RW; SL; TZ; ZM,Kenya; ZW; Uganda; Democratic Republic of the Congo; Ethiopia; GH; MZ; NP; NG; Rwanda; SL; Tanzania; ZM,General health sector,376051171.0,0,Research,Monitor programme updates and collect procurement contact evidence.,commercial
acct_ccfcf4d5d404,org_1e359c7e945b,I Choose Life - Africa,Implementing Partner,Tier 3,39.3,KE; ZW; UG; CD; ET; GH; MZ; NP; NG; RW; SL; TZ; ZM,Kenya; ZW; Uganda; Democratic Republic of the Congo; Ethiopia; GH; MZ; NP; NG; Rwanda; SL; Tanzania; ZM,General health sector,376051171.0,0,Research,Monitor programme updates and collect procurement contact evidence.,commercial
acct_870af4fe8d2c,org_4f940a292e8d,Education Development Trust,Implementing Partner,Tier 3,39.3,KE; ZW; UG; CD; ET; GH; MZ; NP; NG; RW; SL; TZ; ZM,Kenya; ZW; Uganda; Democratic Republic of the Congo; Ethiopia; GH; MZ; NP; NG; Rwanda; SL; Tanzania; ZM,General health sector,376051171.0,0,Research,Monitor programme updates and collect procurement contact evidence.,commercial
acct_571ba36a8248,org_4287f92e8b9c,Cheshire Services Uganda,Implementing Partner,Tier 3,39.3,KE; ZW; UG; CD; ET; GH; MZ; NP; NG; RW; SL; TZ; ZM,Kenya; ZW; Uganda; Democratic Republic of the Congo; Ethiopia; GH; MZ; NP; NG; Rwanda; SL; Tanzania; ZM,General health sector,376051171.0,0,Research,Monitor programme updates and collect procurement contact evidence.,commercial
acct_d8caf0fd3d45,org_f60b04fe4196,Discovery Learning Alliance,Implementing Partner,Tier 3,39.3,KE; ZW; UG; CD; ET; GH; MZ; NP; NG; RW; SL; TZ; ZM,Kenya; ZW; Uganda; Democratic Republic of the Congo; Ethiopia; GH; MZ; NP; NG; Rwanda; SL; Tanzania; ZM,General health sector,376051171.0,0,Research,Monitor programme updates and collect procurement contact evidence.,commercial
acct_090299556d8c,org_fff817ae599a,Univeristy of Oxford,Donor,Tier 3,39.2,MW; ZA; TZ,MW; ZA; Tanzania,General health sector,13864.0,0,Research,Monitor programme updates and collect procurement contact evidence.,commercial
acct_bd9629769b05,org_3ffcb40e6b89,Norwegian Church Aid - local office,Implementing Partner,Tier 3,39.1,CD; TZ,Democratic Republic of the Congo; Tanzania,General health sector,8974982.0,0,Research,Monitor programme updates and collect procurement contact evidence.,commercial
acct_9ff5c5780216,org_56868d2a0fad,donor country based NGO,Accountable Agency,Tier 3,39.1,SO,Somalia,General health sector,8949536.0,0,Research,Monitor programme updates and collect procurement contact evidence.,commercial
acct_a91da85910e8,org_41370340b23b,Charity Projects Ltd (Comic Relief),Donor,Tier 3,39.1,UG; KE,Uganda; Kenya,General health sector,3535302.01,0,Research,Monitor programme updates and collect procurement contact evidence.,commercial
acct_4403cc478789,org_2d2cc5a8f5d0,Associação Moçambicana para Desenvolvimento da Família (AMODEFA),Implementing Partner,Tier 3,38.9,BI; ET; MW; MZ; PK; RW; SS; SD; TZ; UG; ZM; AF; BG; MG; SO; ZW,BI; Ethiopia; MW; MZ; PK; Rwanda; South Sudan; SD; Tanzania; Uganda; ZM; AF; BG; MG; Somalia; ZW,General health sector,165629919.37,0,Research,Monitor programme updates and collect procurement contact evidence.,commercial
acct_875f2fd3858b,org_99bc3a746579,Chama cha Uzazi na Malezi Bora Tanzania (UMATI),Implementing Partner,Tier 3,38.9,BI; ET; MW; MZ; PK; RW; SS; SD; TZ; UG; ZM; AF; BG; MG; SO; ZW,BI; Ethiopia; MW; MZ; PK; Rwanda; South Sudan; SD; Tanzania; Uganda; ZM; AF; BG; MG; Somalia; ZW,General health sector,165629919.37,0,Research,Monitor programme updates and collect procurement contact evidence.,commercial
acct_6acf881edaee,org_6a42dde88e39,Family Planning Association of Malawi (FPAM),Implementing Partner,Tier 3,38.9,BI; ET; MW; MZ; PK; RW; SS; SD; TZ; UG; ZM; AF; BG; MG; SO; ZW,BI; Ethiopia; MW; MZ; PK; Rwanda; South Sudan; SD; Tanzania; Uganda; ZM; AF; BG; MG; Somalia; ZW,General health sector,165629919.37,0,Research,Monitor programme updates and collect procurement contact evidence.,commercial
acct_5c3b9a7978ed,org_f2e2481fca7a,Rahnuma - Family Planning Association of Pakistan (Rahnuma-FPAP),Implementing Partner,Tier 3,38.9,BI; ET; MW; MZ; PK; RW; SS; SD; TZ; UG; ZM; AF; BG; MG; SO; ZW,BI; Ethiopia; MW; MZ; PK; Rwanda; South Sudan; SD; Tanzania; Uganda; ZM; AF; BG; MG; Somalia; ZW,General health sector,165629919.37,0,Research,Monitor programme updates and collect procurement contact evidence.,commercial
acct_735dfc162c33,org_a66196f82023,Reproductive Health Uganda (RHU),Implementing Partner,Tier 3,38.9,BI; ET; MW; MZ; PK; RW; SS; SD; TZ; UG; ZM; AF; BG; MG; SO; ZW,BI; Ethiopia; MW; MZ; PK; Rwanda; South Sudan; SD; Tanzania; Uganda; ZM; AF; BG; MG; Somalia; ZW,General health sector,165629919.37,0,Research,Monitor programme updates and collect procurement contact evidence.,commercial
acct_1b7f0264e6b6,org_ab175b9d1d5a,Development Media International Associates CIC,Implementing Partner,Tier 3,38.9,BI; ET; MW; MZ; PK; RW; SS; SD; TZ; UG; ZM; AF; BG; MG; SO; ZW,BI; Ethiopia; MW; MZ; PK; Rwanda; South Sudan; SD; Tanzania; Uganda; ZM; AF; BG; MG; Somalia; ZW,General health sector,165629919.37,0,Research,Monitor programme updates and collect procurement contact evidence.,commercial
acct_face13ac4e0c,org_1bf9799c8fd2,Kota Kita,Implementing Partner,Tier 3,38.7,BE; EG; IE; NP; RW; CH; GB; US; MW; ID; GH; CO; SL; FR; IN; KE; MN,BE; EG; IE; NP; Rwanda; CH; GB; US; MW; ID; GH; CO; SL; FR; IN; Kenya; MN,General health sector,5237132.62,0,Research,Monitor programme updates and collect procurement contact evidence.,commercial
acct_7d0e4cddc176,org_81f04260a4c3,Voluntary Service Overseas,Implementing Partner,Tier 3,38.6,KE; ZW; UG; CD; ET; GH; MZ; NP; NG; RW; SL; TZ; ZM; PK; MW; GB; BD; KH; LS; MM; PH; SZ; TH; ZA,Kenya; ZW; Uganda; Democratic Republic of the Congo; Ethiopia; GH; MZ; NP; NG; Rwanda; SL; Tanzania; ZM; PK; MW; GB; BD; KH; LS; MM; PH; SZ; TH; ZA,General health sector,571812060.0,0,Research,Monitor programme updates and collect procurement contact evidence.,commercial
acct_39a5e363460a,org_71c055792cfe,ACTED,Implementing Partner,Tier 3,38.6,NP; KE; PK; SL; MW; GH; ZW; ET,NP; Kenya; PK; SL; MW; GH; ZW; Ethiopia,General health sector,106462980.0,0,Research,Monitor programme updates and collect procurement contact evidence.,commercial
acct_6f80db1306f2,org_06289b25de8c,Street Child,Implementing Partner,Tier 3,38.6,NP; KE; PK; SL; MW; GH; ZW; ET,NP; Kenya; PK; SL; MW; GH; ZW; Ethiopia,General health sector,106462980.0,0,Research,Monitor programme updates and collect procurement contact evidence.,commercial
acct_e562bd1e865b,org_8619674377e4,ActionAid International Kenya,Implementing Partner,Tier 3,38.6,NP; KE; PK; SL; MW; GH; ZW; ET,NP; Kenya; PK; SL; MW; GH; ZW; Ethiopia,General health sector,106462980.0,0,Research,Monitor programme updates and collect procurement contact evidence.,commercial
acct_85d90e753304,org_bdc032957bcf,Population Council,Implementing Partner,Tier 3,38.6,NP; KE; PK; SL; MW; GH; ZW; ET,NP; Kenya; PK; SL; MW; GH; ZW; Ethiopia,General health sector,106462980.0,0,Research,Monitor programme updates and collect procurement contact evidence.,commercial
acct_67cdb9359454,org_79ed971e4001,World Education Inc,Implementing Partner,Tier 3,38.6,NP; KE; PK; SL; MW; GH; ZW; ET,NP; Kenya; PK; SL; MW; GH; ZW; Ethiopia,General health sector,106462980.0,0,Research,Monitor programme updates and collect procurement contact evidence.,commercial
acct_be6e7fbe1a92,org_1b9fb5150683,Bernhard-Nocht-Institut (BNITM),Implementing Partner,Tier 3,38.6,UG,Uganda,General health sector,597555.44,0,Research,Monitor programme updates and collect procurement contact evidence.,commercial
acct_e17ea1836959,org_9f801c9771a7,UNOCHA - United Nations Office for the Coordination of Humanitarian Affairs,Donor,Tier 3,38.5,ET,Ethiopia,General health sector,5337230.0,0,Research,Monitor programme updates and collect procurement contact evidence.,commercial
acct_f23149e4dcf3,org_313b8a01eea2,Operation Namaste,Implementing Partner,Tier 3,38.5,BE; EG; IE; NP; RW; CH; GB; US; KE; IN; SL; GH; BR; ZA,BE; EG; IE; NP; Rwanda; CH; GB; US; Kenya; IN; SL; GH; BR; ZA,General health sector,5024001.17,0,Research,Monitor programme updates and collect procurement contact evidence.,commercial
acct_894bfcf2b9be,org_7a832889b97b,AMREF Ethiopia,Implementing Partner,Tier 3,38.3,ET,Ethiopia,General health sector,430000.0,0,Research,Monitor programme updates and collect procurement contact evidence.,commercial
acct_467fbd9cfefd,org_6af584150d53,People in Need,Implementing Partner,Tier 3,37.8,NP; KE; PK; SL; MW; GH; ZW; ET,NP; Kenya; PK; SL; MW; GH; ZW; Ethiopia,General health sector,113913573.18,0,Research,Monitor programme updates and collect procurement contact evidence.,commercial
acct_fad5d7524eda,org_247a8d364ad7,Ethiopiaid,Donor,Tier 3,37.8,ET,Ethiopia,Facility Infrastructure,0.0,0,Research,Monitor programme updates and collect procurement contact evidence.,commercial
acct_b9fdfe965f6b,org_aa6b944b676a,AHRI - Armauer Hansen Research Institute,Implementing Partner,Tier 3,37.7,ET,Ethiopia,General health sector,48300000.0,0,Research,Monitor programme updates and collect procurement contact evidence.,commercial
acct_240e15d9a980,org_c7888dc29747,Care Nederland,Implementing Partner,Tier 3,37.7,UG; KE; SO; ET,Uganda; Kenya; Somalia; Ethiopia,General health sector,16623943.0,0,Research,Monitor programme updates and collect procurement contact evidence.,commercial
acct_cb063a9050ea,org_1cb7b09f6b01,DFID,Donor,Tier 3,37.6,CD; ET; KE,Democratic Republic of the Congo; Ethiopia; Kenya,General health sector,11788227.0,0,Research,Monitor programme updates and collect procurement contact evidence.,commercial
acct_3b51b500d74f,org_67b7a219a516,European Commission - Development and Cooperation - EuropeAid,Donor,Tier 3,37.6,CD,Democratic Republic of the Congo,General health sector,3191599.0,0,Research,Monitor programme updates and collect procurement contact evidence.,commercial
acct_07d280bdf8f3,org_c918302deddc,"Netherlands embassy in Nairobi, Kenya",Implementing Partner,Tier 3,37.6,KE,Kenya,General health sector,75000.0,0,Research,Monitor programme updates and collect procurement contact evidence.,commercial
acct_305414ae27a1,org_4f5cc5377dfd,British Council,Donor,Tier 3,37.5,SO,Somalia,General health sector,3139366.0,0,Research,Monitor programme updates and collect procurement contact evidence.,commercial
acct_d6ca2cebfd7a,org_ad10cadc960d,Department for International Development,Donor,Tier 3,37.5,SO,Somalia,General health sector,3139366.0,0,Research,Monitor programme updates and collect procurement contact evidence.,commercial
acct_c3d24192d6f5,org_acb2a0d8c88d,PricewaterhouseCoopers,Donor,Tier 3,37.5,SO,Somalia,General health sector,3139366.0,0,Research,Monitor programme updates and collect procurement contact evidence.,commercial
acct_6b699cfa3509,org_ab18b87ab005,UniversitiesUK International,Donor,Tier 3,37.5,SO,Somalia,General health sector,3139366.0,0,Research,Monitor programme updates and collect procurement contact evidence.,commercial
acct_4e587fd11763,org_159a50f634a4,Google Inc.,Donor,Tier 3,37.5,KE; IN; SL; NP; GH; BR; GB; ZA,Kenya; IN; SL; NP; GH; BR; GB; ZA,General health sector,3085538.16,0,Research,Monitor programme updates and collect procurement contact evidence.,commercial
acct_acad02bd8ba7,org_4e8a91a6c7a1,AFLAM,Donor,Tier 3,37.2,CD,Democratic Republic of the Congo,General health sector,2354424.0,0,Research,Monitor programme updates and collect procurement contact evidence.,commercial
acct_707a0d4e251d,org_991264bb23f6,Fondation NIF,Donor,Tier 3,37.2,CD,Democratic Republic of the Congo,General health sector,2354424.0,0,Research,Monitor programme updates and collect procurement contact evidence.,commercial
acct_b43eefbca448,org_229e176b7527,Mangrove Foundation,Donor,Tier 3,37.2,CD,Democratic Republic of the Congo,General health sector,2354424.0,0,Research,Monitor programme updates and collect procurement contact evidence.,commercial
acct_381e0b9ee102,org_92d6a8fb82a9,Orval,Donor,Tier 3,37.2,CD,Democratic Republic of the Congo,General health sector,2354424.0,0,Research,Monitor programme updates and collect procurement contact evidence.,commercial
acct_60cadaefddb0,org_3d8997fe9a0c,World Health Organization,Implementing Partner,Tier 3,37.2,UG; TZ; RW; MW; ID; TJ; JO; SL; NG; ZW; LR; BR; NP; EG; CH; US,Uganda; Tanzania; Rwanda; MW; ID; TJ; JO; SL; NG; ZW; LR; BR; NP; EG; CH; US,General health sector,2269128.78,0,Research,Monitor programme updates and collect procurement contact evidence.,commercial
acct_e51b2256cb89,org_2adc66bcd186,Population Services International,Implementing Partner,Tier 3,37.2,KE,Kenya,General health sector,645614.0,0,Research,Monitor programme updates and collect procurement contact evidence.,commercial
acct_0a2961af0cf5,org_d09e228b52e4,Family Life Education Program,Implementing Partner,Tier 3,37.1,UG,Uganda,General health sector,665742043.0,0,Research,Monitor programme updates and collect procurement contact evidence.,commercial
acct_cfddc711d926,org_64dd637d4a5f,Save The Children International,Implementing Partner,Tier 3,37.1,ET; SO; SS; UG; TZ,Ethiopia; Somalia; South Sudan; Uganda; Tanzania,General health sector,192866819.41,0,Research,Monitor programme updates and collect procurement contact evidence.,commercial
acct_af4178a10139,org_1d408c880f2b,Muhimbili University of Health and Allied Sciences,Implementing Partner,Tier 3,37.1,MW; ZA; TZ,MW; ZA; Tanzania,General health sector,4717130.63,0,Research,Monitor programme updates and collect procurement contact evidence.,commercial
acct_aded3847ccf5,org_a9cbd3d4eb85,Education Cannot Wait,Donor,Tier 3,37.1,UG,Uganda,General health sector,2036105.0,0,Research,Monitor programme updates and collect procurement contact evidence.,commercial
acct_81581e424603,org_a0a1faee7c27,Save the Children Netherlands,Donor,Tier 3,37.0,SS,South Sudan,General health sector,6093305.0,0,Research,Monitor programme updates and collect procurement contact evidence.,commercial
acct_2f2d59bb5643,org_e99b07e4e50b,DFID,Donor,Tier 3,36.9,UG,Uganda,General health sector,1732675.0,0,Research,Monitor programme updates and collect procurement contact evidence.,commercial
acct_850e0f5088e4,org_9a3ee149c47b,Biological Sciences Research Council BBSRC,Donor,Tier 3,36.9,KE,Kenya,General health sector,200734.4,0,Research,Monitor programme updates and collect procurement contact evidence.,commercial
acct_c19d9d000624,org_4dce09f9feee,Agriterra,Implementing Partner,Tier 3,36.8,RW,Rwanda,General health sector,33130654.0,0,Research,Monitor programme updates and collect procurement contact evidence.,commercial
acct_1d8d2162fdae,org_e60ea0fe4427,Holland Greentech / MACAMPO,Implementing Partner,Tier 3,36.8,RW,Rwanda,General health sector,33130654.0,0,Research,Monitor programme updates and collect procurement contact evidence.,commercial
acct_7fed557322dd,org_7ab2b50cfe9c,IDH Sustainable Trade Initiative,Implementing Partner,Tier 3,36.8,RW,Rwanda,General health sector,33130654.0,0,Research,Monitor programme updates and collect procurement contact evidence.,commercial
acct_778731835c03,org_0c6b28f0c5c7,SNV Rwanda,Implementing Partner,Tier 3,36.8,RW,Rwanda,General health sector,33130654.0,0,Research,Monitor programme updates and collect procurement contact evidence.,commercial
acct_cfed2a5c5b22,org_5c1e10208472,Abt Associates Inc.,Donor,Tier 3,36.8,GB; MW; TZ; ZM,GB; MW; Tanzania; ZM,General health sector,1663360.0,0,Research,Monitor programme updates and collect procurement contact evidence.,commercial
acct_2fc9789e96a9,org_8496fef95b22,Heifer Nederland,Donor,Tier 3,36.8,ET,Ethiopia,General health sector,1625111.0,0,Research,Monitor programme updates and collect procurement contact evidence.,commercial
acct_d4d29998e6d4,org_a0025f952056,Dutch Relief Alliance,Donor,Tier 3,36.7,SO,Somalia,General health sector,1468342.84,0,Research,Monitor programme updates and collect procurement contact evidence.,commercial
acct_dd9ee3522351,org_09844e11ed8b,CARE,Implementing Partner,Tier 3,36.7,UG; NP; CD,Uganda; NP; Democratic Republic of the Congo,General health sector,122118.0,0,Research,Monitor programme updates and collect procurement contact evidence.,commercial
acct_860018909005,org_33eeba8f5882,Women's Refugee Commission,Accountable Agency,Tier 3,36.7,UG; NP; CD,Uganda; NP; Democratic Republic of the Congo,General health sector,122118.0,0,Research,Monitor programme updates and collect procurement contact evidence.,commercial
acct_ad3e06f8f690,org_4e3d0608e83c,Loterie Nationale,Donor,Tier 3,36.6,CD,Democratic Republic of the Congo,General health sector,1384590.0,0,Research,Monitor programme updates and collect procurement contact evidence.,commercial
acct_34e2ec9e4824,org_a357398c8b20,Wageningen University & Research,Implementing Partner,Tier 3,36.5,RW,Rwanda,General health sector,16565327.0,0,Research,Monitor programme updates and collect procurement contact evidence.,commercial
acct_0950a4c38bf9,org_98a046386f66,AGY Ambala Group Ghana Limited,Implementing Partner,Tier 3,36.4,BD; GH; KI; SL; TZ,BD; GH; KI; SL; Tanzania,General health sector,15724357.0,0,Research,Monitor programme updates and collect procurement contact evidence.,commercial
acct_71426fb3f2a7,org_870402eb40ca,Bangor university,Implementing Partner,Tier 3,36.4,BD; GH; KI; SL; TZ,BD; GH; KI; SL; Tanzania,General health sector,15724357.0,0,Research,Monitor programme updates and collect procurement contact evidence.,commercial
acct_4290fa5f8d87,org_763209c69506,Boston College,Implementing Partner,Tier 3,36.4,BD; GH; KI; SL; TZ,BD; GH; KI; SL; Tanzania,General health sector,15724357.0,0,Research,Monitor programme updates and collect procurement contact evidence.,commercial
acct_7576db1ed969,org_0fefc2356c7a,Cambridge University Technical Services Limited,Implementing Partner,Tier 3,36.4,BD; GH; KI; SL; TZ,BD; GH; KI; SL; Tanzania,General health sector,15724357.0,0,Research,Monitor programme updates and collect procurement contact evidence.,commercial
acct_b2481587321a,org_f8d9ffab798b,Caritas,Implementing Partner,Tier 3,36.4,BD; GH; KI; SL; TZ,BD; GH; KI; SL; Tanzania,General health sector,15724357.0,0,Research,Monitor programme updates and collect procurement contact evidence.,commercial
acct_39d03b1859f0,org_c0ea2a78f55d,Childhood Education International,Implementing Partner,Tier 3,36.4,BD; GH; KI; SL; TZ,BD; GH; KI; SL; Tanzania,General health sector,15724357.0,0,Research,Monitor programme updates and collect procurement contact evidence.,commercial
acct_9beecc1782d1,org_b757bb7b3c7f,Christian Michelsen Institute,Implementing Partner,Tier 3,36.4,BD; GH; KI; SL; TZ,BD; GH; KI; SL; Tanzania,General health sector,15724357.0,0,Research,Monitor programme updates and collect procurement contact evidence.,commercial
acct_8284b8bd50a3,org_c4e35aa67c27,CMI,Implementing Partner,Tier 3,36.4,BD; GH; KI; SL; TZ,BD; GH; KI; SL; Tanzania,General health sector,15724357.0,0,Research,Monitor programme updates and collect procurement contact evidence.,commercial
acct_9a01ccf081b8,org_c773452d7402,Dalan Development Consultant,Implementing Partner,Tier 3,36.4,BD; GH; KI; SL; TZ,BD; GH; KI; SL; Tanzania,General health sector,15724357.0,0,Research,Monitor programme updates and collect procurement contact evidence.,commercial
acct_c9c0e0537fd0,org_8182205228fd,Data Analysis and Technical Assistance Ltd,Implementing Partner,Tier 3,36.4,BD; GH; KI; SL; TZ,BD; GH; KI; SL; Tanzania,General health sector,15724357.0,0,Research,Monitor programme updates and collect procurement contact evidence.,commercial
acct_14ebc5e8176d,org_5a94fda7f71a,Data Pivot Ghana Ltd,Implementing Partner,Tier 3,36.4,BD; GH; KI; SL; TZ,BD; GH; KI; SL; Tanzania,General health sector,15724357.0,0,Research,Monitor programme updates and collect procurement contact evidence.,commercial
acct_5928b98a106f,org_e566e050aa60,ECD Measure,Implementing Partner,Tier 3,36.4,BD; GH; KI; SL; TZ,BD; GH; KI; SL; Tanzania,General health sector,15724357.0,0,Research,Monitor programme updates and collect procurement contact evidence.,commercial
acct_e3885c5760f6,org_70a80317ca9c,Econ Films Ltd.,Implementing Partner,Tier 3,36.4,BD; GH; KI; SL; TZ,BD; GH; KI; SL; Tanzania,General health sector,15724357.0,0,Research,Monitor programme updates and collect procurement contact evidence.,commercial
acct_d33182a8caad,org_884d7b286015,Ifakara Health Institute,Implementing Partner,Tier 3,36.4,BD; GH; KI; SL; TZ,BD; GH; KI; SL; Tanzania,General health sector,15724357.0,0,Research,Monitor programme updates and collect procurement contact evidence.,commercial
acct_7869341c1cad,org_2695c1034a5b,Innovation Poverty Action,Implementing Partner,Tier 3,36.4,BD; GH; KI; SL; TZ,BD; GH; KI; SL; Tanzania,General health sector,15724357.0,0,Research,Monitor programme updates and collect procurement contact evidence.,commercial
acct_d39a2878e582,org_f06d6323091c,Institute for Development,Implementing Partner,Tier 3,36.4,BD; GH; KI; SL; TZ,BD; GH; KI; SL; Tanzania,General health sector,15724357.0,0,Research,Monitor programme updates and collect procurement contact evidence.,commercial
acct_a395017ed3fa,org_1b7c1af693e5,Institute for Fiscal Studies,Implementing Partner,Tier 3,36.4,BD; GH; KI; SL; TZ,BD; GH; KI; SL; Tanzania,General health sector,15724357.0,0,Research,Monitor programme updates and collect procurement contact evidence.,commercial
acct_a7e1e5dd8772,org_212b1675dbb2,IReview Limited,Implementing Partner,Tier 3,36.4,BD; GH; KI; SL; TZ,BD; GH; KI; SL; Tanzania,General health sector,15724357.0,0,Research,Monitor programme updates and collect procurement contact evidence.,commercial
acct_fc673ef82900,org_a37ac57a41b7,Julian King Associates Limited,Implementing Partner,Tier 3,36.4,BD; GH; KI; SL; TZ,BD; GH; KI; SL; Tanzania,General health sector,15724357.0,0,Research,Monitor programme updates and collect procurement contact evidence.,commercial
acct_0559d34d98e3,org_d32ea00561ef,Kybele,Implementing Partner,Tier 3,36.4,BD; GH; KI; SL; TZ,BD; GH; KI; SL; Tanzania,General health sector,15724357.0,0,Research,Monitor programme updates and collect procurement contact evidence.,commercial
acct_8e42f044a3be,org_62c4ae0d38d6,Orpington Group,Implementing Partner,Tier 3,36.4,BD; GH; KI; SL; TZ,BD; GH; KI; SL; Tanzania,General health sector,15724357.0,0,Research,Monitor programme updates and collect procurement contact evidence.,commercial
acct_c068158f6142,org_5d546cf2a5f5,Participatory Development Associates,Implementing Partner,Tier 3,36.4,BD; GH; KI; SL; TZ,BD; GH; KI; SL; Tanzania,General health sector,15724357.0,0,Research,Monitor programme updates and collect procurement contact evidence.,commercial
acct_408770d0819a,org_830a68c3185e,Research Insights international,Implementing Partner,Tier 3,36.4,BD; GH; KI; SL; TZ,BD; GH; KI; SL; Tanzania,General health sector,15724357.0,0,Research,Monitor programme updates and collect procurement contact evidence.,commercial
acct_f4dd9a89534d,org_2f22145f80f7,SightSavers (Royal Commonwealth Society for the Blind),Implementing Partner,Tier 3,36.4,BD; GH; KI; SL; TZ,BD; GH; KI; SL; Tanzania,General health sector,15724357.0,0,Research,Monitor programme updates and collect procurement contact evidence.,commercial
acct_1ca9c2dca9f6,org_b7706e46b496,Sonder Communications Ltd,Implementing Partner,Tier 3,36.4,BD; GH; KI; SL; TZ,BD; GH; KI; SL; Tanzania,General health sector,15724357.0,0,Research,Monitor programme updates and collect procurement contact evidence.,commercial
acct_2efb30e41299,org_787c5948d169,Spearfish Security Ltd,Implementing Partner,Tier 3,36.4,BD; GH; KI; SL; TZ,BD; GH; KI; SL; Tanzania,General health sector,15724357.0,0,Research,Monitor programme updates and collect procurement contact evidence.,commercial
acct_a29b82f86c4c,org_a53f0ed14271,Stockholm University,Implementing Partner,Tier 3,36.4,BD; GH; KI; SL; TZ,BD; GH; KI; SL; Tanzania,General health sector,15724357.0,0,Research,Monitor programme updates and collect procurement contact evidence.,commercial
acct_64b8b9a9262d,org_4967f3bb8799,University of Cape Coast,Implementing Partner,Tier 3,36.4,BD; GH; KI; SL; TZ,BD; GH; KI; SL; Tanzania,General health sector,15724357.0,0,Research,Monitor programme updates and collect procurement contact evidence.,commercial
acct_0997437490ad,org_d8f0978af4ae,University of Makeni,Implementing Partner,Tier 3,36.4,BD; GH; KI; SL; TZ,BD; GH; KI; SL; Tanzania,General health sector,15724357.0,0,Research,Monitor programme updates and collect procurement contact evidence.,commercial
acct_891502dde160,org_ef3febfbcb07,University of South Australia,Implementing Partner,Tier 3,36.4,BD; GH; KI; SL; TZ,BD; GH; KI; SL; Tanzania,General health sector,15724357.0,0,Research,Monitor programme updates and collect procurement contact evidence.,commercial
acct_1a6c3ade7b15,org_b5948f6708cc,"International Centre for Diarrhoeal Disease Research, Bangladesh (icddr,b)",Implementing Partner,Tier 3,36.4,BD; GH; KI; SL; TZ,BD; GH; KI; SL; Tanzania,General health sector,15724357.0,0,Research,Monitor programme updates and collect procurement contact evidence.,commercial
acct_9f51254cd53c,org_861afd8fe5a7,Open Philanthropy,Donor,Tier 3,36.4,CD,Democratic Republic of the Congo,General health sector,1139087.0,0,Research,Monitor programme updates and collect procurement contact evidence.,commercial
acct_24cd3086a9ac,org_59eb7916bbea,RADDA BARNENS RIKSFORBUND,Implementing Partner,Tier 3,36.4,CD,Democratic Republic of the Congo,General health sector,0.0,0,Research,Monitor programme updates and collect procurement contact evidence.,commercial
acct_9473292c5b0f,org_8e37f4e17e23,CarePay Internatonal BV,Implementing Partner,Tier 3,36.3,NL; KE; NG; TZ; GH,NL; Kenya; NG; Tanzania; GH,General health sector,19600000.0,0,Research,Monitor programme updates and collect procurement contact evidence.,commercial
acct_86867c7b4329,org_38e3c80abf77,Handicap International UK,Implementing Partner,Tier 3,36.2,BI; ET; MW; MZ; PK; RW; SS; SD; TZ; UG; ZM; AF; BG; MG; SO; ZW,BI; Ethiopia; MW; MZ; PK; Rwanda; South Sudan; SD; Tanzania; Uganda; ZM; AF; BG; MG; Somalia; ZW,General health sector,166299510.38,0,Research,Monitor programme updates and collect procurement contact evidence.,commercial
acct_ed031ab502e7,org_8c43246a782e,IPA,Reporting Organisation,Tier 3,36.2,SS,South Sudan,General health sector,935733.73,0,Research,Monitor programme updates and collect procurement contact evidence.,commercial
acct_6ec2b21a136c,org_5ce35081846f,Malawi University of Science & Technology,Implementing Partner,Tier 3,36.2,MW; ZA; TZ,MW; ZA; Tanzania,General health sector,13864.0,0,Research,Monitor programme updates and collect procurement contact evidence.,commercial
acct_b6fe3d6012b6,org_7cbf08339330,Queen Elizabeth Central Hospital,Implementing Partner,Tier 3,36.2,MW; ZA; TZ,MW; ZA; Tanzania,General health sector,13864.0,0,Research,Monitor programme updates and collect procurement contact evidence.,commercial
acct_73c6c43906a1,org_7718d56d5108,The Lilongwe Institute of Orthopaedics and Neurosurgery,Implementing Partner,Tier 3,36.2,MW; ZA; TZ,MW; ZA; Tanzania,General health sector,13864.0,0,Research,Monitor programme updates and collect procurement contact evidence.,commercial
acct_56d659e5f5a0,org_1b64075994bc,The Malawi Liverpool Wellcome Trust Clinical Research Programme,Implementing Partner,Tier 3,36.2,MW; ZA; TZ,MW; ZA; Tanzania,General health sector,13864.0,0,Research,Monitor programme updates and collect procurement contact evidence.,commercial
acct_6f69cb58e4e5,org_fa1512cb90aa,University of Bristol,Implementing Partner,Tier 3,36.2,MW; ZA; TZ,MW; ZA; Tanzania,General health sector,13864.0,0,Research,Monitor programme updates and collect procurement contact evidence.,commercial
acct_d0f8dd929062,org_d3a3ae15d996,University of Liverpool,Implementing Partner,Tier 3,36.2,MW; ZA; TZ,MW; ZA; Tanzania,General health sector,13864.0,0,Research,Monitor programme updates and collect procurement contact evidence.,commercial
acct_07cb7e6016bf,org_bfba3253145c,Ministry of Health - Ethiopia,Implementing Partner,Tier 3,36.1,ET,Ethiopia,General health sector,44702443.0,0,Research,Monitor programme updates and collect procurement contact evidence.,commercial
acct_ef4c4ad8f971,org_fbd35bb0e0a9,HADNET GENERAL TRADING COMPANY LIMITED,Implementing Partner,Tier 3,36.1,SS,South Sudan,General health sector,17325486.0,0,Research,Monitor programme updates and collect procurement contact evidence.,commercial
acct_9ea0e013f23b,org_13876e926c16,LUGOR AND CO ADVOCATES,Implementing Partner,Tier 3,36.1,SS,South Sudan,General health sector,17325486.0,0,Research,Monitor programme updates and collect procurement contact evidence.,commercial
acct_5a4b1e378fa6,org_ae0d7adeec3c,SHIMAHR CONSULTANTS LTD,Implementing Partner,Tier 3,36.1,SS,South Sudan,General health sector,17325486.0,0,Research,Monitor programme updates and collect procurement contact evidence.,commercial
acct_2f5d71557222,org_0764cac2dbef,WS INSIGHT LIMITED,Implementing Partner,Tier 3,36.1,SS,South Sudan,General health sector,17325486.0,0,Research,Monitor programme updates and collect procurement contact evidence.,commercial
acct_f0c7771224f9,org_1c86febf5b04,University of Antwerp,Implementing Partner,Tier 3,36.0,ET; CD; TZ; KE; UG,Ethiopia; Democratic Republic of the Congo; Tanzania; Kenya; Uganda,General health sector,25531042.14,0,Research,Monitor programme updates and collect procurement contact evidence.,commercial
acct_1f6773ca9160,org_d26ab604c63b,Grand Challenges Canada,Donor,Tier 3,36.0,UG,Uganda,General health sector,896427.0,0,Research,Monitor programme updates and collect procurement contact evidence.,commercial
acct_f8e78b77e2c5,org_6e67260c7179,KE-NCB-21805113043590,Donor,Tier 3,36.0,KE,Kenya,General health sector,797909.0,0,Research,Monitor programme updates and collect procurement contact evidence.,commercial
acct_990607f9698e,org_1094860b968e,Hasselt University,Implementing Partner,Tier 3,35.9,ET; CD; TZ; KE,Ethiopia; Democratic Republic of the Congo; Tanzania; Kenya,General health sector,21801800.07,0,Research,Monitor programme updates and collect procurement contact evidence.,commercial
acct_c13cbaef4c31,org_65f816fd5774,Addis Ababa University,Implementing Partner,Tier 3,35.9,ET; KE,Ethiopia; Kenya,General health sector,18210465.44,0,Research,Monitor programme updates and collect procurement contact evidence.,commercial
acct_b80d8f50a15d,org_48ed6619dc19,UNOPS,Donor,Tier 3,35.9,KE; ET,Kenya; Ethiopia,General health sector,400000.0,0,Research,Monitor programme updates and collect procurement contact evidence.,commercial
acct_95d70acfc791,org_2d9e17269bf6,Japan International Cooperation Agency,Reporting Organisation,Tier 3,35.8,UG; KE; ET,Uganda; Kenya; Ethiopia,General health sector,6518000000.0,0,Research,Monitor programme updates and collect procurement contact evidence.,commercial
acct_cc6166a69713,org_778d61e613d6,Johns Hopkins University,Implementing Partner,Tier 3,35.8,BD; MZ; TZ,BD; MZ; Tanzania,General health sector,9182885.0,0,Research,Monitor programme updates and collect procurement contact evidence.,commercial
acct_9f5456343d8c,org_1d62c3eef12a,Biovision Foundation,Donor,Tier 3,35.8,KE,Kenya,General health sector,689965.0,0,Research,Monitor programme updates and collect procurement contact evidence.,commercial
acct_30411168c9db,org_9001fc95008b,Ghent University,Implementing Partner,Tier 3,35.7,ET; CD; TZ; KE; UG; RW,Ethiopia; Democratic Republic of the Congo; Tanzania; Kenya; Uganda; Rwanda,General health sector,25988606.14,0,Research,Monitor programme updates and collect procurement contact evidence.,commercial
acct_47a88fd01f62,org_5293b2e13867,KU Leuven,Implementing Partner,Tier 3,35.7,ET; CD; TZ; KE; UG; RW,Ethiopia; Democratic Republic of the Congo; Tanzania; Kenya; Uganda; Rwanda,General health sector,25988606.14,0,Research,Monitor programme updates and collect procurement contact evidence.,commercial
acct_e43c15a716c9,org_3423797bd804,Vrije Universiteit Brussel,Implementing Partner,Tier 3,35.7,ET; CD; TZ; KE; UG; RW,Ethiopia; Democratic Republic of the Congo; Tanzania; Kenya; Uganda; Rwanda,General health sector,25988606.14,0,Research,Monitor programme updates and collect procurement contact evidence.,commercial
acct_b99c894569fc,org_10ca5fe68bd4,Action Contre la Faim,Implementing Partner,Tier 3,35.7,CD; SO; YE; SS,Democratic Republic of the Congo; Somalia; YE; South Sudan,General health sector,20888979.0,0,Research,Monitor programme updates and collect procurement contact evidence.,commercial
acct_42e4d3b49935,org_5fe056f46b14,Institute for Tropical Medicine,Implementing Partner,Tier 3,35.7,ET; CD,Ethiopia; Democratic Republic of the Congo,General health sector,13283522.95,0,Research,Monitor programme updates and collect procurement contact evidence.,commercial
acct_7152de7ce537,org_6e5d2e83ff1c,Cesvi,Implementing Partner,Tier 3,35.7,SO,Somalia,General health sector,8709453.0,0,Research,Monitor programme updates and collect procurement contact evidence.,commercial
acct_f550dc3ac76b,org_f0dc091112d5,The Task Force for Global Health,Donor,Tier 3,35.7,TZ,Tanzania,General health sector,1097730.0,0,Research,Monitor programme updates and collect procurement contact evidence.,commercial
acct_bbdca04fed02,org_e7a10bebb1d2,UK Department of Health and Social Care (DHSC),Donor,Tier 3,35.7,IN; KE; MW; VN; LA,IN; Kenya; MW; VN; LA,General health sector,645407.56,0,Research,Monitor programme updates and collect procurement contact evidence.,commercial
acct_57ffef385adb,org_ebc637bcf149,GLOBALFUND,Donor,Tier 3,35.7,KE,Kenya,General health sector,633592.0,0,Research,Monitor programme updates and collect procurement contact evidence.,commercial
acct_5d757fb2e2f8,org_b61293e759c1,Bahir Dar University,Implementing Partner,Tier 3,35.6,ET; TZ,Ethiopia; Tanzania,General health sector,11856131.58,0,Research,Monitor programme updates and collect procurement contact evidence.,commercial
acct_4cb1da5c7f40,org_761914925422,Global Alliance for Improved Nutrition,Implementing Partner,Tier 3,35.6,BD; BJ; ET; ID; IN; KE; MZ; NG; PK; TZ,BD; BJ; Ethiopia; ID; IN; Kenya; MZ; NG; PK; Tanzania,General health sector,7600000.0,0,Research,Monitor programme updates and collect procurement contact evidence.,commercial
acct_59a719b023a4,org_6c5f14b4fe88,Global Fund,Donor,Tier 3,35.6,KE,Kenya,General health sector,613682.0,0,Research,Monitor programme updates and collect procurement contact evidence.,commercial
acct_c4e30a03690f,org_aaacd59e4aa0,Kisumu Medical Education Trust - KMET,Implementing Partner,Tier 3,35.5,KE,Kenya,General health sector,14642950.0,0,Research,Monitor programme updates and collect procurement contact evidence.,commercial
acct_42399b66eab6,org_7c7370a8f6ff,Arba Minch University,Implementing Partner,Tier 3,35.5,ET; KE,Ethiopia; Kenya,General health sector,10967875.44,0,Research,Monitor programme updates and collect procurement contact evidence.,commercial
acct_9cbee2158154,org_80bacd1f7fff,Helvetas Swiss intercooperation,Implementing Partner,Tier 3,35.5,ET,Ethiopia,General health sector,7450593.18,0,Research,Monitor programme updates and collect procurement contact evidence.,commercial
acct_23828ac9c786,org_c55b35941ff0,Deutsche Welthungerhilfe e.v (WHH),Implementing Partner,Tier 3,35.5,ET,Ethiopia,General health sector,7450593.18,0,Research,Monitor programme updates and collect procurement contact evidence.,commercial
acct_e960cf3ecd5e,org_d74d5a989735,Italian Association for Aid to Children (CIAI),Implementing Partner,Tier 3,35.5,ET,Ethiopia,General health sector,7450593.18,0,Research,Monitor programme updates and collect procurement contact evidence.,commercial
acct_ff742c9f8d7e,org_2df3e426b3f9,Aga Khan University,Implementing Partner,Tier 3,35.5,ET; KE,Ethiopia; Kenya,General health sector,7242590.0,0,Research,Monitor programme updates and collect procurement contact evidence.,commercial
acct_ec5afaf6419e,org_cfeac51c00ca,KEMRI Wellcome Trust Partnership,Implementing Partner,Tier 3,35.5,ET; KE,Ethiopia; Kenya,General health sector,7242590.0,0,Research,Monitor programme updates and collect procurement contact evidence.,commercial
acct_bec5b4e753fd,org_97b37ba8009b,Aksum University,Implementing Partner,Tier 3,35.5,ET,Ethiopia,General health sector,7152864.95,0,Research,Monitor programme updates and collect procurement contact evidence.,commercial
acct_b24470c65b03,org_71eb390b79e0,Ambo University,Implementing Partner,Tier 3,35.5,ET,Ethiopia,General health sector,7152864.95,0,Research,Monitor programme updates and collect procurement contact evidence.,commercial
acct_afc5eb9b5a27,org_969e14c44ed0,PXL University College,Implementing Partner,Tier 3,35.5,ET,Ethiopia,General health sector,7152864.95,0,Research,Monitor programme updates and collect procurement contact evidence.,commercial
acct_94aeaca9ecf1,org_3ce9aa55caf6,Stellenbosch University,Implementing Partner,Tier 3,35.5,ET,Ethiopia,General health sector,7152864.95,0,Research,Monitor programme updates and collect procurement contact evidence.,commercial
acct_28d079159b6d,org_a049b95c5a9c,University of Gondar,Implementing Partner,Tier 3,35.5,ET,Ethiopia,General health sector,7152864.95,0,Research,Monitor programme updates and collect procurement contact evidence.,commercial
acct_0e5426b3adca,org_324a5d982004,Wolaita Sodo University,Implementing Partner,Tier 3,35.5,ET,Ethiopia,General health sector,7152864.95,0,Research,Monitor programme updates and collect procurement contact evidence.,commercial
acct_a2f19083adee,org_689bee950548,Disasters Emergency Committee,Donor,Tier 3,35.5,SO; YE; SS,Somalia; YE; South Sudan,General health sector,570000.0,0,Research,Monitor programme updates and collect procurement contact evidence.,commercial
acct_0ba43963f80e,org_c9e4e7c8e8cd,ACK Development Services (ADS) - Nyanza,Implementing Partner,Tier 3,35.4,KE,Kenya,General health sector,11942950.0,0,Research,Monitor programme updates and collect procurement contact evidence.,commercial
acct_7f774d3a8e85,org_98831247fb3a,KING'S COLLEGE LONDON,Implementing Partner,Tier 3,35.4,ET; KE; SO,Ethiopia; Kenya; Somalia,General health sector,10381956.0,0,Research,Monitor programme updates and collect procurement contact evidence.,commercial
acct_66b76a0b7ca5,org_8b088455b574,Undefined,Implementing Partner,Tier 3,35.4,UG,Uganda,General health sector,6236354.0,0,Research,Monitor programme updates and collect procurement contact evidence.,commercial
acct_0fa199723c59,org_f187df78fe8f,Government of Uganda (Ministry of Health),Implementing Partner,Tier 3,35.4,UG,Uganda,General health sector,749271.33,0,Research,Monitor programme updates and collect procurement contact evidence.,commercial
acct_3a4b0d682e4a,org_2ef70d4bbadd,Africapacity,Implementing Partner,Tier 3,35.3,CD,Democratic Republic of the Congo,General health sector,6130658.0,0,Research,Monitor programme updates and collect procurement contact evidence.,commercial
acct_4ac9ff0cc615,org_7a528dc3bbe3,Centre de Recherche en Hydrobiologie,Implementing Partner,Tier 3,35.3,CD,Democratic Republic of the Congo,General health sector,6130658.0,0,Research,Monitor programme updates and collect procurement contact evidence.,commercial
acct_3da1c7ad2892,org_2e114dfa9e5e,Hôpital du Cinquantenaire de Kisangani,Implementing Partner,Tier 3,35.3,CD,Democratic Republic of the Congo,General health sector,6130658.0,0,Research,Monitor programme updates and collect procurement contact evidence.,commercial
acct_4e7e0ac0f613,org_660c76731326,Hôpital Saint-Luc de Kisantu,Implementing Partner,Tier 3,35.3,CD,Democratic Republic of the Congo,General health sector,6130658.0,0,Research,Monitor programme updates and collect procurement contact evidence.,commercial
acct_e2c67e9a71f3,org_cd47973d1a9b,Institut Supérieur d'Informatique et de Gestion,Implementing Partner,Tier 3,35.3,CD,Democratic Republic of the Congo,General health sector,6130658.0,0,Research,Monitor programme updates and collect procurement contact evidence.,commercial
acct_18dd7bce08c8,org_599ce777b2ed,Institut Supérieur de Développement Rural de Bukavu,Implementing Partner,Tier 3,35.3,CD,Democratic Republic of the Congo,General health sector,6130658.0,0,Research,Monitor programme updates and collect procurement contact evidence.,commercial
acct_d19ac2a49aaf,org_a50239e2dae9,Institut Supérieur des Techniques Appliquées,Implementing Partner,Tier 3,35.3,CD,Democratic Republic of the Congo,General health sector,6130658.0,0,Research,Monitor programme updates and collect procurement contact evidence.,commercial
acct_91260cd2fb32,org_68071209c9ac,Karel De Grote University College,Implementing Partner,Tier 3,35.3,CD,Democratic Republic of the Congo,General health sector,6130658.0,0,Research,Monitor programme updates and collect procurement contact evidence.,commercial
acct_709d47a860be,org_10d2c654e3a3,Koninklijk Belgisch Instituut voor Natuurwetenschappen,Implementing Partner,Tier 3,35.3,CD,Democratic Republic of the Congo,General health sector,6130658.0,0,Research,Monitor programme updates and collect procurement contact evidence.,commercial
acct_d25395769be9,org_7eee91f70eda,Koninklijk Museum voor Midden-Afrika,Implementing Partner,Tier 3,35.3,CD,Democratic Republic of the Congo,General health sector,6130658.0,0,Research,Monitor programme updates and collect procurement contact evidence.,commercial
acct_856a00fe7b49,org_512009d4a4fa,Universidad Agraria de La Habana,Implementing Partner,Tier 3,35.3,CD,Democratic Republic of the Congo,General health sector,6130658.0,0,Research,Monitor programme updates and collect procurement contact evidence.,commercial
acct_c92c32cfa2c8,org_155796ea007a,Université Catholique de Bukavu,Implementing Partner,Tier 3,35.3,CD,Democratic Republic of the Congo,General health sector,6130658.0,0,Research,Monitor programme updates and collect procurement contact evidence.,commercial
acct_1fd1fb859d16,org_23df4654da50,Université Catholique du Congo,Implementing Partner,Tier 3,35.3,CD,Democratic Republic of the Congo,General health sector,6130658.0,0,Research,Monitor programme updates and collect procurement contact evidence.,commercial
acct_afa5dcb70909,org_e600e87e1e22,Université de Kamina,Implementing Partner,Tier 3,35.3,CD,Democratic Republic of the Congo,General health sector,6130658.0,0,Research,Monitor programme updates and collect procurement contact evidence.,commercial
acct_9cb93ff3e3e7,org_59ce154e595f,Université de Kindu,Implementing Partner,Tier 3,35.3,CD,Democratic Republic of the Congo,General health sector,6130658.0,0,Research,Monitor programme updates and collect procurement contact evidence.,commercial
acct_aa6deb2ffe38,org_a161461a2647,Université de Kinshasa,Implementing Partner,Tier 3,35.3,CD,Democratic Republic of the Congo,General health sector,6130658.0,0,Research,Monitor programme updates and collect procurement contact evidence.,commercial
acct_f1958ddc9f85,org_563de69a6eaf,Université de Kisangani,Implementing Partner,Tier 3,35.3,CD,Democratic Republic of the Congo,General health sector,6130658.0,0,Research,Monitor programme updates and collect procurement contact evidence.,commercial
acct_200011019895,org_54dcbce57b2f,Université de Liège,Implementing Partner,Tier 3,35.3,CD,Democratic Republic of the Congo,General health sector,6130658.0,0,Research,Monitor programme updates and collect procurement contact evidence.,commercial
acct_9dbb45d69991,org_c594cf6e804b,Université de Lubumbashi,Implementing Partner,Tier 3,35.3,CD,Democratic Republic of the Congo,General health sector,6130658.0,0,Research,Monitor programme updates and collect procurement contact evidence.,commercial
acct_3fecb88bc358,org_7e70a50f882f,Université de Mons,Implementing Partner,Tier 3,35.3,CD,Democratic Republic of the Congo,General health sector,6130658.0,0,Research,Monitor programme updates and collect procurement contact evidence.,commercial
acct_30833b417200,org_f7358618cdfa,Université Pédagogique Nationale,Implementing Partner,Tier 3,35.3,CD,Democratic Republic of the Congo,General health sector,6130658.0,0,Research,Monitor programme updates and collect procurement contact evidence.,commercial
acct_35c2a95a4458,org_0a4e5f830604,Stichting Beheer Subsidiegelden DRA,Donor,Tier 3,35.3,UG,Uganda,General health sector,455000.0,0,Research,Monitor programme updates and collect procurement contact evidence.,commercial
acct_6bf801f420ce,org_168850665dad,Centre for the Study of Adolescence,Implementing Partner,Tier 3,35.2,KE,Kenya,General health sector,10157950.0,0,Research,Monitor programme updates and collect procurement contact evidence.,commercial
acct_a18b98f3e58e,org_9b79a62af441,Busitema University,Implementing Partner,Tier 3,35.2,TZ; UG,Tanzania; Uganda,General health sector,8432508.7,0,Research,Monitor programme updates and collect procurement contact evidence.,commercial
acct_6e1942cf330d,org_7ac8ce140505,Gulu University,Implementing Partner,Tier 3,35.2,TZ; UG,Tanzania; Uganda,General health sector,8432508.7,0,Research,Monitor programme updates and collect procurement contact evidence.,commercial
acct_cfb447b4b798,org_570b3ee4c1c0,DFID GPAF,Donor,Tier 3,35.1,ET,Ethiopia,General health sector,420004.09,0,Research,Monitor programme updates and collect procurement contact evidence.,commercial
acct_d0470d50bf09,org_4b7c3387a6b1,Cesvi,Implementing Partner,Tier 3,35.0,SO,Somalia,General health sector,8531235.98,0,Research,Monitor programme updates and collect procurement contact evidence.,commercial
acct_ade93dfd96d6,org_84596ddf9174,Jomo Kenyatta University of Agriculture and Technology,Implementing Partner,Tier 3,35.0,KE; IN; SL; NP; GH; BR; GB; ZA,Kenya; IN; SL; NP; GH; BR; GB; ZA,General health sector,6900548.65,0,Research,Monitor programme updates and collect procurement contact evidence.,commercial
acct_06a7c8d65441,org_fc48a4beb2c2,London School of Hygiene and Tropical Medicine,Accountable Agency,Tier 3,35.0,ET; GH; GB,Ethiopia; GH; GB,General health sector,4999182.0,0,Research,Monitor programme updates and collect procurement contact evidence.,commercial
acct_4a620702d881,org_1cf59eea766e,"Noguchi Memorial Institute for Medical Research, University of Ghana",Implementing Partner,Tier 3,35.0,ET; GH; GB,Ethiopia; GH; GB,General health sector,4999182.0,0,Research,Monitor programme updates and collect procurement contact evidence.,commercial
acct_d6c1af9f1236,org_44ba0c53a774,"Kumasi Centre for Collaboration and Research in Tropical Medicine, Kwame Nkrumah University of Science and Technology",Implementing Partner,Tier 3,35.0,ET; GH; GB,Ethiopia; GH; GB,General health sector,4999182.0,0,Research,Monitor programme updates and collect procurement contact evidence.,commercial
acct_15bbe5bc950c,org_1891aab38b34,Ardhi University,Implementing Partner,Tier 3,35.0,TZ,Tanzania,General health sector,4703266.63,0,Research,Monitor programme updates and collect procurement contact evidence.,commercial
acct_f3a21cfa8d5a,org_316d2721f9e9,Catholic University of Health and Allied Sciences,Implementing Partner,Tier 3,35.0,TZ,Tanzania,General health sector,4703266.63,0,Research,Monitor programme updates and collect procurement contact evidence.,commercial
acct_3c66b46f9bfb,org_52db4c897779,Escuela Politécnica Nacional,Implementing Partner,Tier 3,35.0,TZ,Tanzania,General health sector,4703266.63,0,Research,Monitor programme updates and collect procurement contact evidence.,commercial
acct_86f6298f330f,org_a4f5169ed545,Institute of Adult Education Tanzania,Implementing Partner,Tier 3,35.0,TZ,Tanzania,General health sector,4703266.63,0,Research,Monitor programme updates and collect procurement contact evidence.,commercial
acct_64a8f53da32a,org_fd625193dee1,Kabanga Nurses and Midwives Training School,Implementing Partner,Tier 3,35.0,TZ,Tanzania,General health sector,4703266.63,0,Research,Monitor programme updates and collect procurement contact evidence.,commercial
acct_b99cea9005f0,org_97091ed024af,Kigoma Training College,Implementing Partner,Tier 3,35.0,TZ,Tanzania,General health sector,4703266.63,0,Research,Monitor programme updates and collect procurement contact evidence.,commercial
acct_1fd8dc0d8f86,org_5b8c9b4bb97d,Kilimanjaro Christian Medical Centre,Implementing Partner,Tier 3,35.0,TZ,Tanzania,General health sector,4703266.63,0,Research,Monitor programme updates and collect procurement contact evidence.,commercial
acct_540d166d2c0b,org_fe4525a180b0,Mwenge Catholic University,Implementing Partner,Tier 3,35.0,TZ,Tanzania,General health sector,4703266.63,0,Research,Monitor programme updates and collect procurement contact evidence.,commercial
acct_8e2920c54afe,org_328da2bf88d7,Mzumbe University,Implementing Partner,Tier 3,35.0,TZ,Tanzania,General health sector,4703266.63,0,Research,Monitor programme updates and collect procurement contact evidence.,commercial
acct_6cea6921be7e,org_429d0734c103,National Institute for Medical Research,Implementing Partner,Tier 3,35.0,TZ,Tanzania,General health sector,4703266.63,0,Research,Monitor programme updates and collect procurement contact evidence.,commercial
acct_e2d9698371ea,org_7e256b7d1e0f,Nelson Mandela African Institute of Science and Technology,Implementing Partner,Tier 3,35.0,TZ,Tanzania,General health sector,4703266.63,0,Research,Monitor programme updates and collect procurement contact evidence.,commercial
acct_103b7842bb98,org_6164f60b9431,Open University of Tanzania,Implementing Partner,Tier 3,35.0,TZ,Tanzania,General health sector,4703266.63,0,Research,Monitor programme updates and collect procurement contact evidence.,commercial
acct_fd1e2114dc78,org_664244a2c7fa,Provincial Ministry of Health Ituri,Implementing Partner,Tier 3,35.0,TZ,Tanzania,General health sector,4703266.63,0,Research,Monitor programme updates and collect procurement contact evidence.,commercial
acct_0b0913fecd40,org_cda7f9964677,Saint Augustine University of Tanzania,Implementing Partner,Tier 3,35.0,TZ,Tanzania,General health sector,4703266.63,0,Research,Monitor programme updates and collect procurement contact evidence.,commercial
acct_846906f7a521,org_39bfeae9213f,Sokoine University of Agriculture,Implementing Partner,Tier 3,35.0,TZ,Tanzania,General health sector,4703266.63,0,Research,Monitor programme updates and collect procurement contact evidence.,commercial
acct_cb110d3c4e1a,org_abb0e8d91eff,Thomas More University College Kempen,Implementing Partner,Tier 3,35.0,TZ,Tanzania,General health sector,4703266.63,0,Research,Monitor programme updates and collect procurement contact evidence.,commercial
acct_b2b21d632a60,org_17aafcd26f7f,Universidad de Cuenca,Implementing Partner,Tier 3,35.0,TZ,Tanzania,General health sector,4703266.63,0,Research,Monitor programme updates and collect procurement contact evidence.,commercial
acct_08712dc2c737,org_c092129f5caf,University of Dar es Salaam,Implementing Partner,Tier 3,35.0,TZ,Tanzania,General health sector,4703266.63,0,Research,Monitor programme updates and collect procurement contact evidence.,commercial
acct_6e557a7df468,org_0438a1cdc5f3,University of Dodoma,Implementing Partner,Tier 3,35.0,TZ,Tanzania,General health sector,4703266.63,0,Research,Monitor programme updates and collect procurement contact evidence.,commercial
acct_a2cb34119f08,org_78392e1ab0be,Federal University of Bahia,Implementing Partner,Tier 3,35.0,GB; BR; LK; ET,GB; BR; LK; Ethiopia,General health sector,4576819.0,0,Research,Monitor programme updates and collect procurement contact evidence.,commercial
acct_8d1c5f4b9c38,org_56c7bb5fd8ef,Kent and Medway Medical School,Implementing Partner,Tier 3,35.0,GB; BR; LK; ET,GB; BR; LK; Ethiopia,General health sector,4576819.0,0,Research,Monitor programme updates and collect procurement contact evidence.,commercial
acct_a602e88c4a84,org_de2a009c15ef,Rajarata University,Implementing Partner,Tier 3,35.0,GB; BR; LK; ET,GB; BR; LK; Ethiopia,General health sector,4576819.0,0,Research,Monitor programme updates and collect procurement contact evidence.,commercial
acct_e71e5e4cd8a4,org_ef9dfff334c8,Keele University,Accountable Agency,Tier 3,35.0,GB; BR; LK; ET,GB; BR; LK; Ethiopia,General health sector,4576819.0,0,Research,Monitor programme updates and collect procurement contact evidence.,commercial
acct_6530687974bf,org_56ef4b36f4c7,CARE INTERNATIONAL in Kenya,Implementing Partner,Tier 3,35.0,KE,Kenya,General health sector,4445965.0,0,Research,Monitor programme updates and collect procurement contact evidence.,commercial
acct_5db93e631b88,org_f9ecfa7f9d79,UNILEVER,Donor,Monitor,34.9,KE,Kenya,General health sector,341576.0,0,Monitor,Keep account on market watch until stronger funding or equipment signals appear.,commercial
acct_40c905e03eb8,org_e8747e13811c,HKI - Helen Keller International,Implementing Partner,Monitor,34.8,KE; KH; SN,Kenya; KH; SN,General health sector,4000000.0,0,Monitor,Keep account on market watch until stronger funding or equipment signals appear.,commercial
acct_82d135699cfe,org_b3a04aae92b2,Triggerise Ethiopia,Implementing Partner,Monitor,34.8,ET,Ethiopia,General health sector,3948600.0,0,Monitor,Keep account on market watch until stronger funding or equipment signals appear.,commercial
acct_345eb471f8de,org_bc618150d8bf,Institute of Primate Research,Implementing Partner,Monitor,34.8,KE,Kenya,General health sector,3815010.49,0,Monitor,Keep account on market watch until stronger funding or equipment signals appear.,commercial
acct_370981ac85fe,org_1d17cb4b26f7,International Livestock Research Institute,Implementing Partner,Monitor,34.8,KE,Kenya,General health sector,3815010.49,0,Monitor,Keep account on market watch until stronger funding or equipment signals appear.,commercial
acct_0662b5668102,org_6b0fc635ef41,Jaramogi Oginga Odinga University of Science and Technology,Implementing Partner,Monitor,34.8,KE,Kenya,General health sector,3815010.49,0,Monitor,Keep account on market watch until stronger funding or equipment signals appear.,commercial
acct_a0bbf0c97716,org_2a1fa795f56b,Karatina University,Implementing Partner,Monitor,34.8,KE,Kenya,General health sector,3815010.49,0,Monitor,Keep account on market watch until stronger funding or equipment signals appear.,commercial
acct_4a7cd7beca3f,org_421f62db9af6,Kenya Forestry Research Institute,Implementing Partner,Monitor,34.8,KE,Kenya,General health sector,3815010.49,0,Monitor,Keep account on market watch until stronger funding or equipment signals appear.,commercial
acct_a2aa3b7c3b84,org_b87d850a6a05,Kenya Marine and Fisheries Research Institute,Implementing Partner,Monitor,34.8,KE,Kenya,General health sector,3815010.49,0,Monitor,Keep account on market watch until stronger funding or equipment signals appear.,commercial
acct_6e102774ad72,org_816ea9dc8736,Kenya Methodist University,Implementing Partner,Monitor,34.8,KE,Kenya,General health sector,3815010.49,0,Monitor,Keep account on market watch until stronger funding or equipment signals appear.,commercial
acct_355010cb53ea,org_c56e534071b2,Kenya Wildlife Service,Implementing Partner,Monitor,34.8,KE,Kenya,General health sector,3815010.49,0,Monitor,Keep account on market watch until stronger funding or equipment signals appear.,commercial
acct_ac403683d8b8,org_99024eb2012e,Maseno University,Implementing Partner,Monitor,34.8,KE,Kenya,General health sector,3815010.49,0,Monitor,Keep account on market watch until stronger funding or equipment signals appear.,commercial
acct_ef9a86faf016,org_4cc1116d362e,Meru University of Science and Technology,Implementing Partner,Monitor,34.8,KE,Kenya,General health sector,3815010.49,0,Monitor,Keep account on market watch until stronger funding or equipment signals appear.,commercial
acct_0522f569e5f3,org_155d42153a9d,South Eastern Kenya University,Implementing Partner,Monitor,34.8,KE,Kenya,General health sector,3815010.49,0,Monitor,Keep account on market watch until stronger funding or equipment signals appear.,commercial
acct_a50d7b558961,org_718ab2a1c3d1,Technical University of Kenya,Implementing Partner,Monitor,34.8,KE,Kenya,General health sector,3815010.49,0,Monitor,Keep account on market watch until stronger funding or equipment signals appear.,commercial
acct_36ff5e9762c4,org_7ffccaa45a05,Technical University of Mombasa,Implementing Partner,Monitor,34.8,KE,Kenya,General health sector,3815010.49,0,Monitor,Keep account on market watch until stronger funding or equipment signals appear.,commercial
acct_20116d9f8910,org_8a1a1c87607a,University of Eldoret,Implementing Partner,Monitor,34.8,KE,Kenya,General health sector,3815010.49,0,Monitor,Keep account on market watch until stronger funding or equipment signals appear.,commercial
acct_db152b9ea58b,org_455f68448283,University of Embu,Implementing Partner,Monitor,34.8,KE,Kenya,General health sector,3815010.49,0,Monitor,Keep account on market watch until stronger funding or equipment signals appear.,commercial
acct_80308909cfc2,org_de20b5af0d0c,Save the Children Netherlands,Accountable Agency,Monitor,34.8,SS,South Sudan,General health sector,3777269.0,0,Monitor,Keep account on market watch until stronger funding or equipment signals appear.,commercial
acct_7a29a93ec5b0,org_5a327a44dbfd,Butabika National Referral and Teaching Mental Hospital,Implementing Partner,Monitor,34.8,UG,Uganda,General health sector,3729242.07,0,Monitor,Keep account on market watch until stronger funding or equipment signals appear.,commercial
acct_d6e79b75ae2b,org_589dc9e62cb8,Kyambogo University,Implementing Partner,Monitor,34.8,UG,Uganda,General health sector,3729242.07,0,Monitor,Keep account on market watch until stronger funding or equipment signals appear.,commercial
acct_d5622e5b914a,org_6c8ad9fd71a8,Mbarara University of Science and Technology,Implementing Partner,Monitor,34.8,UG,Uganda,General health sector,3729242.07,0,Monitor,Keep account on market watch until stronger funding or equipment signals appear.,commercial
acct_4e6f68aafd73,org_f9d3ba8eae3b,Medical Research Council Uganda,Implementing Partner,Monitor,34.8,UG,Uganda,General health sector,3729242.07,0,Monitor,Keep account on market watch until stronger funding or equipment signals appear.,commercial
acct_db2b6dd89daa,org_bd709728e806,Mountains of the Moon University,Implementing Partner,Monitor,34.8,UG,Uganda,General health sector,3729242.07,0,Monitor,Keep account on market watch until stronger funding or equipment signals appear.,commercial
acct_5e2f54c42d14,org_0019b256c70e,Muni University,Implementing Partner,Monitor,34.8,UG,Uganda,General health sector,3729242.07,0,Monitor,Keep account on market watch until stronger funding or equipment signals appear.,commercial
acct_86ccd64c7a5e,org_5bf4fa17c7ed,Uganda Christian University,Implementing Partner,Monitor,34.8,UG,Uganda,General health sector,3729242.07,0,Monitor,Keep account on market watch until stronger funding or equipment signals appear.,commercial
acct_98264107c0bb,org_619333233e04,Uganda Martyrs University,Implementing Partner,Monitor,34.8,UG,Uganda,General health sector,3729242.07,0,Monitor,Keep account on market watch until stronger funding or equipment signals appear.,commercial
acct_b1bfa70b827f,org_3637a8ce4e07,University College of West Flanders,Implementing Partner,Monitor,34.8,UG,Uganda,General health sector,3729242.07,0,Monitor,Keep account on market watch until stronger funding or equipment signals appear.,commercial
acct_84f0dfd23c37,org_e32065124cf5,Expertise France,Donor,Monitor,34.8,ET,Ethiopia,General health sector,290744.0,0,Monitor,Keep account on market watch until stronger funding or equipment signals appear.,commercial
acct_c44ef8c54bec,org_b06eb711dca7,Melhus Kommune,Implementing Partner,Monitor,34.7,KE,Kenya,General health sector,3652498.0,0,Monitor,Keep account on market watch until stronger funding or equipment signals appear.,commercial
acct_260b26331c6d,org_4ef213367e78,Handicap International e.V.,Implementing Partner,Monitor,34.7,CM; UG; NE; SS; SO; NG,CM; Uganda; NE; South Sudan; Somalia; NG,General health sector,3579990.96,0,Monitor,Keep account on market watch until stronger funding or equipment signals appear.,commercial
acct_710cd04ff436,org_b8cb1663ce27,El Comite,Implementing Partner,Monitor,34.6,MW; ID; CH; GH; CO; GB; SL; BE; FR; IN; KE; MN; US,MW; ID; CH; GH; CO; GB; SL; BE; FR; IN; Kenya; MN; US,General health sector,3298669.61,0,Monitor,Keep account on market watch until stronger funding or equipment signals appear.,commercial
acct_259d39c406b8,org_ef873dd76588,International Paralympic Committee,Implementing Partner,Monitor,34.6,MW; ID; CH; GH; CO; GB; SL; BE; FR; IN; KE; MN; US,MW; ID; CH; GH; CO; GB; SL; BE; FR; IN; Kenya; MN; US,General health sector,3298669.61,0,Monitor,Keep account on market watch until stronger funding or equipment signals appear.,commercial
acct_14f0ddba3f02,org_9888170d1ae4,Kilimanjaro Blind Trust Africa,Implementing Partner,Monitor,34.6,MW; ID; CH; GH; CO; GB; SL; BE; FR; IN; KE; MN; US,MW; ID; CH; GH; CO; GB; SL; BE; FR; IN; Kenya; MN; US,General health sector,3298669.61,0,Monitor,Keep account on market watch until stronger funding or equipment signals appear.,commercial
acct_5b4caed060af,org_0500d3c8edb2,Kounkuey Design Initiative,Implementing Partner,Monitor,34.6,MW; ID; CH; GH; CO; GB; SL; BE; FR; IN; KE; MN; US,MW; ID; CH; GH; CO; GB; SL; BE; FR; IN; Kenya; MN; US,General health sector,3298669.61,0,Monitor,Keep account on market watch until stronger funding or equipment signals appear.,commercial
acct_a9aae1d77601,org_96356b4b3a26,Kwame Nkrumah University,Implementing Partner,Monitor,34.6,MW; ID; CH; GH; CO; GB; SL; BE; FR; IN; KE; MN; US,MW; ID; CH; GH; CO; GB; SL; BE; FR; IN; Kenya; MN; US,General health sector,3298669.61,0,Monitor,Keep account on market watch until stronger funding or equipment signals appear.,commercial
acct_ccfb5cf82547,org_a1859639b42b,Loughborough University,Implementing Partner,Monitor,34.6,MW; ID; CH; GH; CO; GB; SL; BE; FR; IN; KE; MN; US,MW; ID; CH; GH; CO; GB; SL; BE; FR; IN; Kenya; MN; US,General health sector,3298669.61,0,Monitor,Keep account on market watch until stronger funding or equipment signals appear.,commercial
acct_2244a785cac0,org_94cbc3c3fdb4,National Institute of Urban Affairs,Implementing Partner,Monitor,34.6,MW; ID; CH; GH; CO; GB; SL; BE; FR; IN; KE; MN; US,MW; ID; CH; GH; CO; GB; SL; BE; FR; IN; Kenya; MN; US,General health sector,3298669.61,0,Monitor,Keep account on market watch until stronger funding or equipment signals appear.,commercial
acct_59f5719dce31,org_94c6e557012c,National Paralympic Committee,Implementing Partner,Monitor,34.6,MW; ID; CH; GH; CO; GB; SL; BE; FR; IN; KE; MN; US,MW; ID; CH; GH; CO; GB; SL; BE; FR; IN; Kenya; MN; US,General health sector,3298669.61,0,Monitor,Keep account on market watch until stronger funding or equipment signals appear.,commercial
acct_f81f021b5608,org_f91d470858e0,Sierra Leone Urban Institute for Urban Affairs,Implementing Partner,Monitor,34.6,MW; ID; CH; GH; CO; GB; SL; BE; FR; IN; KE; MN; US,MW; ID; CH; GH; CO; GB; SL; BE; FR; IN; Kenya; MN; US,General health sector,3298669.61,0,Monitor,Keep account on market watch until stronger funding or equipment signals appear.,commercial
acct_79011dae4360,org_66982b250ca8,Universal Progress ILC,Implementing Partner,Monitor,34.6,MW; ID; CH; GH; CO; GB; SL; BE; FR; IN; KE; MN; US,MW; ID; CH; GH; CO; GB; SL; BE; FR; IN; Kenya; MN; US,General health sector,3298669.61,0,Monitor,Keep account on market watch until stronger funding or equipment signals appear.,commercial
acct_75735a8ca6c7,org_c40f45e7f6f4,University of Malawi,Implementing Partner,Monitor,34.6,MW; ID; CH; GH; CO; GB; SL; BE; FR; IN; KE; MN; US,MW; ID; CH; GH; CO; GB; SL; BE; FR; IN; Kenya; MN; US,General health sector,3298669.61,0,Monitor,Keep account on market watch until stronger funding or equipment signals appear.,commercial
acct_fed1ab06090c,org_f431830ac4b0,UN-Habitat,Implementing Partner,Monitor,34.6,MW; ID; CH; GH; CO; GB; SL; BE; FR; IN; KE; MN; US,MW; ID; CH; GH; CO; GB; SL; BE; FR; IN; Kenya; MN; US,General health sector,3298669.61,0,Monitor,Keep account on market watch until stronger funding or equipment signals appear.,commercial
acct_ad62f43bce09,org_313240fa63fe,INTERNATIONAL DISABILITY ALLIANCE,Implementing Partner,Monitor,34.6,MW; ID; CH; GH; CO; GB; SL; BE; FR; IN; KE; MN; US,MW; ID; CH; GH; CO; GB; SL; BE; FR; IN; Kenya; MN; US,General health sector,3298669.61,0,Monitor,Keep account on market watch until stronger funding or equipment signals appear.,commercial
acct_f061e09c4b3d,org_3fbb77ebfbef,Analyzing Development Issues Centre,Implementing Partner,Monitor,34.6,BD; GH; KH; ZA; ET; MW; SN; UG; IN; ZW; PE; TH; SY; MM; AR; VN; ZM; BR; LA; PK; RW; CD; KE,BD; GH; KH; ZA; Ethiopia; MW; SN; Uganda; IN; ZW; PE; TH; SY; MM; AR; VN; ZM; BR; LA; PK; Rwanda; Democratic Republic of the Congo; Kenya,General health sector,3200000.0,0,Monitor,Keep account on market watch until stronger funding or equipment signals appear.,commercial
acct_71f26d0149bd,org_22f0a64f19b0,Associação Saúde Sem Limites,Implementing Partner,Monitor,34.6,BD; GH; KH; ZA; ET; MW; SN; UG; IN; ZW; PE; TH; SY; MM; AR; VN; ZM; BR; LA; PK; RW; CD; KE,BD; GH; KH; ZA; Ethiopia; MW; SN; Uganda; IN; ZW; PE; TH; SY; MM; AR; VN; ZM; BR; LA; PK; Rwanda; Democratic Republic of the Congo; Kenya,General health sector,3200000.0,0,Monitor,Keep account on market watch until stronger funding or equipment signals appear.,commercial
acct_00a98677e7aa,org_7dba84e5e23e,BRAC Institute of Governance and Development,Implementing Partner,Monitor,34.6,BD; GH; KH; ZA; ET; MW; SN; UG; IN; ZW; PE; TH; SY; MM; AR; VN; ZM; BR; LA; PK; RW; CD; KE,BD; GH; KH; ZA; Ethiopia; MW; SN; Uganda; IN; ZW; PE; TH; SY; MM; AR; VN; ZM; BR; LA; PK; Rwanda; Democratic Republic of the Congo; Kenya,General health sector,3200000.0,0,Monitor,Keep account on market watch until stronger funding or equipment signals appear.,commercial
acct_541b0ea7adcd,org_a1e716a43eab,Cambodia Development Resource Institute,Implementing Partner,Monitor,34.6,BD; GH; KH; ZA; ET; MW; SN; UG; IN; ZW; PE; TH; SY; MM; AR; VN; ZM; BR; LA; PK; RW; CD; KE,BD; GH; KH; ZA; Ethiopia; MW; SN; Uganda; IN; ZW; PE; TH; SY; MM; AR; VN; ZM; BR; LA; PK; Rwanda; Democratic Republic of the Congo; Kenya,General health sector,3200000.0,0,Monitor,Keep account on market watch until stronger funding or equipment signals appear.,commercial
acct_3b149517daa7,org_e87d80a50096,Centre for Global Development,Implementing Partner,Monitor,34.6,BD; GH; KH; ZA; ET; MW; SN; UG; IN; ZW; PE; TH; SY; MM; AR; VN; ZM; BR; LA; PK; RW; CD; KE,BD; GH; KH; ZA; Ethiopia; MW; SN; Uganda; IN; ZW; PE; TH; SY; MM; AR; VN; ZM; BR; LA; PK; Rwanda; Democratic Republic of the Congo; Kenya,General health sector,3200000.0,0,Monitor,Keep account on market watch until stronger funding or equipment signals appear.,commercial
acct_d0473166bb5d,org_587893601320,IMPACT Trust Kenya,Implementing Partner,Monitor,34.6,BD; GH; KH; ZA; ET; MW; SN; UG; IN; ZW; PE; TH; SY; MM; AR; VN; ZM; BR; LA; PK; RW; CD; KE,BD; GH; KH; ZA; Ethiopia; MW; SN; Uganda; IN; ZW; PE; TH; SY; MM; AR; VN; ZM; BR; LA; PK; Rwanda; Democratic Republic of the Congo; Kenya,General health sector,3200000.0,0,Monitor,Keep account on market watch until stronger funding or equipment signals appear.,commercial
acct_9df734a3469a,org_0375c3bdd31a,Institute of Development Studies,Implementing Partner,Monitor,34.6,BD; GH; KH; ZA; ET; MW; SN; UG; IN; ZW; PE; TH; SY; MM; AR; VN; ZM; BR; LA; PK; RW; CD; KE,BD; GH; KH; ZA; Ethiopia; MW; SN; Uganda; IN; ZW; PE; TH; SY; MM; AR; VN; ZM; BR; LA; PK; Rwanda; Democratic Republic of the Congo; Kenya,General health sector,3200000.0,0,Monitor,Keep account on market watch until stronger funding or equipment signals appear.,commercial
acct_ff82cd22f6ff,org_7596c81a8a05,International Institute for Environment and Development,Implementing Partner,Monitor,34.6,BD; GH; KH; ZA; ET; MW; SN; UG; IN; ZW; PE; TH; SY; MM; AR; VN; ZM; BR; LA; PK; RW; CD; KE,BD; GH; KH; ZA; Ethiopia; MW; SN; Uganda; IN; ZW; PE; TH; SY; MM; AR; VN; ZM; BR; LA; PK; Rwanda; Democratic Republic of the Congo; Kenya,General health sector,3200000.0,0,Monitor,Keep account on market watch until stronger funding or equipment signals appear.,commercial
acct_d468954691d1,org_29934e9377c9,South African Medical Research Council,Implementing Partner,Monitor,34.6,BD; GH; KH; ZA; ET; MW; SN; UG; IN; ZW; PE; TH; SY; MM; AR; VN; ZM; BR; LA; PK; RW; CD; KE,BD; GH; KH; ZA; Ethiopia; MW; SN; Uganda; IN; ZW; PE; TH; SY; MM; AR; VN; ZM; BR; LA; PK; Rwanda; Democratic Republic of the Congo; Kenya,General health sector,3200000.0,0,Monitor,Keep account on market watch until stronger funding or equipment signals appear.,commercial
acct_227192d66fe3,org_3362fd438d75,Southern Voice,Implementing Partner,Monitor,34.6,BD; GH; KH; ZA; ET; MW; SN; UG; IN; ZW; PE; TH; SY; MM; AR; VN; ZM; BR; LA; PK; RW; CD; KE,BD; GH; KH; ZA; Ethiopia; MW; SN; Uganda; IN; ZW; PE; TH; SY; MM; AR; VN; ZM; BR; LA; PK; Rwanda; Democratic Republic of the Congo; Kenya,General health sector,3200000.0,0,Monitor,Keep account on market watch until stronger funding or equipment signals appear.,commercial
acct_954e1861c45f,org_81ef6f2ff83a,University of Manchester,Implementing Partner,Monitor,34.6,BD; GH; KH; ZA; ET; MW; SN; UG; IN; ZW; PE; TH; SY; MM; AR; VN; ZM; BR; LA; PK; RW; CD; KE,BD; GH; KH; ZA; Ethiopia; MW; SN; Uganda; IN; ZW; PE; TH; SY; MM; AR; VN; ZM; BR; LA; PK; Rwanda; Democratic Republic of the Congo; Kenya,General health sector,3200000.0,0,Monitor,Keep account on market watch until stronger funding or equipment signals appear.,commercial
acct_348aaff27682,org_9264413acb44,Vietnam National University of Agriculture,Implementing Partner,Monitor,34.6,BD; GH; KH; ZA; ET; MW; SN; UG; IN; ZW; PE; TH; SY; MM; AR; VN; ZM; BR; LA; PK; RW; CD; KE,BD; GH; KH; ZA; Ethiopia; MW; SN; Uganda; IN; ZW; PE; TH; SY; MM; AR; VN; ZM; BR; LA; PK; Rwanda; Democratic Republic of the Congo; Kenya,General health sector,3200000.0,0,Monitor,Keep account on market watch until stronger funding or equipment signals appear.,commercial
acct_38051cc039f0,org_5c4099aa115d,Division provinciale de la santé du Nord-Kivu,Implementing Partner,Monitor,34.6,CD,Democratic Republic of the Congo,General health sector,3191599.0,0,Monitor,Keep account on market watch until stronger funding or equipment signals appear.,commercial
acct_88541827ed4e,org_f845f418d13e,Hopital provincial de Goma,Implementing Partner,Monitor,34.6,CD,Democratic Republic of the Congo,General health sector,3191599.0,0,Monitor,Keep account on market watch until stronger funding or equipment signals appear.,commercial
acct_b3ac8c7ca598,org_6a0f8b7422d9,Zone de santé de Goma,Implementing Partner,Monitor,34.6,CD,Democratic Republic of the Congo,General health sector,3191599.0,0,Monitor,Keep account on market watch until stronger funding or equipment signals appear.,commercial
acct_607fd1e4fb9e,org_db3c9825895b,Send a Cow,Donor,Monitor,34.6,UG; ET; KE,Uganda; Ethiopia; Kenya,General health sector,1314472.92,0,Monitor,Keep account on market watch until stronger funding or equipment signals appear.,commercial
acct_dd1536e27068,org_f65b100b0de8,King's College London,Implementing Partner,Monitor,34.5,SO,Somalia,General health sector,3139366.0,0,Monitor,Keep account on market watch until stronger funding or equipment signals appear.,commercial
acct_c372713f6625,org_11d3b0b19bf9,Somalia Multi-Partner Fund - Parallel Trust Fund of TF072283,Implementing Partner,Monitor,34.5,SO,Somalia,General health sector,3124594.61,0,Monitor,Keep account on market watch until stronger funding or equipment signals appear.,commercial
acct_f216773627f5,org_84ff6237a19a,Health Emergency Preparedness and Response Multi-Donor Trust Fund,Implementing Partner,Monitor,34.5,SO,Somalia,General health sector,3124594.61,0,Monitor,Keep account on market watch until stronger funding or equipment signals appear.,commercial
acct_fc583f06138d,org_7bd75df6fece,The HALO Trust,Implementing Partner,Monitor,34.5,SO,Somalia,General health sector,3117548.0,0,Monitor,Keep account on market watch until stronger funding or equipment signals appear.,commercial
acct_b2c22b3e6163,org_d3fca421f0dc,60 Decibels,Implementing Partner,Monitor,34.5,KE; IN; SL; NP; GH; BR; GB; ZA,Kenya; IN; SL; NP; GH; BR; GB; ZA,General health sector,3085538.16,0,Monitor,Keep account on market watch until stronger funding or equipment signals appear.,commercial
acct_59976d49766e,org_8a333b5a0747,IIT Bangalore,Implementing Partner,Monitor,34.5,KE; IN; SL; NP; GH; BR; GB; ZA,Kenya; IN; SL; NP; GH; BR; GB; ZA,General health sector,3085538.16,0,Monitor,Keep account on market watch until stronger funding or equipment signals appear.,commercial
acct_7d10f3ffe242,org_fe8c3b5f583f,Kathmandu University,Implementing Partner,Monitor,34.5,KE; IN; SL; NP; GH; BR; GB; ZA,Kenya; IN; SL; NP; GH; BR; GB; ZA,General health sector,3085538.16,0,Monitor,Keep account on market watch until stronger funding or equipment signals appear.,commercial
acct_61a06b32a737,org_3c3d4621bbef,Koalaa,Implementing Partner,Monitor,34.5,KE; IN; SL; NP; GH; BR; GB; ZA,Kenya; IN; SL; NP; GH; BR; GB; ZA,General health sector,3085538.16,0,Monitor,Keep account on market watch until stronger funding or equipment signals appear.,commercial
acct_be02c7c69c32,org_49f388a300aa,Microsoft Research Lab,Implementing Partner,Monitor,34.5,KE; IN; SL; NP; GH; BR; GB; ZA,Kenya; IN; SL; NP; GH; BR; GB; ZA,General health sector,3085538.16,0,Monitor,Keep account on market watch until stronger funding or equipment signals appear.,commercial
acct_f7ddb3d69025,org_7cc65fab596b,Talking Tipps,Implementing Partner,Monitor,34.5,KE; IN; SL; NP; GH; BR; GB; ZA,Kenya; IN; SL; NP; GH; BR; GB; ZA,General health sector,3085538.16,0,Monitor,Keep account on market watch until stronger funding or equipment signals appear.,commercial
acct_28ea17414670,org_bbacab93f90d,Motivation,Implementing Partner,Monitor,34.5,KE; IN; SL; NP; GH; BR; GB; ZA,Kenya; IN; SL; NP; GH; BR; GB; ZA,General health sector,3085538.16,0,Monitor,Keep account on market watch until stronger funding or equipment signals appear.,commercial
acct_29119bdcca0e,org_b32a5f08a97b,CARE ETHIOPIA CO,Implementing Partner,Monitor,34.5,ET,Ethiopia,General health sector,3021503.0,0,Monitor,Keep account on market watch until stronger funding or equipment signals appear.,commercial
acct_344d8fe942e8,org_b6dac30feafa,KEMRI Wellcome Trust Research Programme,Implementing Partner,Monitor,34.5,GB; UG; KE,GB; Uganda; Kenya,General health sector,2984447.0,0,Monitor,Keep account on market watch until stronger funding or equipment signals appear.,commercial
acct_576a2ec4eb2d,org_c795a34d9ce6,MRC/UVRI and LSHTM Uganda Research Unit,Implementing Partner,Monitor,34.5,GB; UG; KE,GB; Uganda; Kenya,General health sector,2984447.0,0,Monitor,Keep account on market watch until stronger funding or equipment signals appear.,commercial
acct_4efef78c5a19,org_56eb25ccb699,University of Cambrige,Implementing Partner,Monitor,34.5,GB; UG; KE,GB; Uganda; Kenya,General health sector,2984447.0,0,Monitor,Keep account on market watch until stronger funding or equipment signals appear.,commercial
acct_59bfccf7a74d,org_b8084912682a,DAI Global Health,Implementing Partner,Monitor,34.5,SS,South Sudan,General health sector,2952566.0,0,Monitor,Keep account on market watch until stronger funding or equipment signals appear.,commercial
acct_f6805f8235e0,org_cde19bd63f49,TRIPLE LINE CONSULTING,Implementing Partner,Monitor,34.4,CD; KE; KH; NG; SO; ZA; VN; ZW; IN; RW; GH; SY; TL; IQ; EG; YE; TH; MW; MY; PH; PK; JO; BD; ET; MM; SS; ID; NP; TN; TZ; UG; ZM; AO,Democratic Republic of the Congo; Kenya; KH; NG; Somalia; ZA; VN; ZW; IN; Rwanda; GH; SY; TL; IQ; EG; YE; TH; MW; MY; PH; PK; JO; BD; Ethiopia; MM; South Sudan; ID; NP; TN; Tanzania; Uganda; ZM; AO,General health sector,8287878.0,0,Monitor,Keep account on market watch until stronger funding or equipment signals appear.,commercial
acct_e196528ac343,org_d828b06d1b31,"Medical Research Council Unit, the Gambia @LSHTM",Implementing Partner,Monitor,34.4,GB; KE; GM,GB; Kenya; GM,General health sector,2752708.0,0,Monitor,Keep account on market watch until stronger funding or equipment signals appear.,commercial
acct_d82835bdc3ba,org_cc1d1db06699,University College Limburg,Implementing Partner,Monitor,34.3,TZ; RW,Tanzania; Rwanda,General health sector,5160830.63,0,Monitor,Keep account on market watch until stronger funding or equipment signals appear.,commercial
acct_60219131e603,org_85847f244263,"Makerere University, Uganda",Implementing Partner,Monitor,34.3,GB; SL; ET; UG; NL; MG; CM; GH; KE; MW; NG; ZA; SD; TZ; NZ,GB; SL; Ethiopia; Uganda; NL; MG; CM; GH; Kenya; MW; NG; ZA; SD; Tanzania; NZ,General health sector,3901311.0,0,Monitor,Keep account on market watch until stronger funding or equipment signals appear.,commercial
acct_db290a25db13,org_a58c4d046991,Population Services Kenya,Implementing Partner,Monitor,34.3,KE,Kenya,General health sector,2543633.0,0,Monitor,Keep account on market watch until stronger funding or equipment signals appear.,commercial
acct_6c4e70a07f99,org_5995fd95da52,"Blue Ventures, Madagascar",Implementing Partner,Monitor,34.3,GB; SL; ET; UG; NL; MG,GB; SL; Ethiopia; Uganda; NL; MG,General health sector,2539796.0,0,Monitor,Keep account on market watch until stronger funding or equipment signals appear.,commercial
acct_3bf53bef7156,org_0ba6583559c8,"Eastern Polytechnic Education Center, Sierra Leone",Implementing Partner,Monitor,34.3,GB; SL; ET; UG; NL; MG,GB; SL; Ethiopia; Uganda; NL; MG,General health sector,2539796.0,0,Monitor,Keep account on market watch until stronger funding or equipment signals appear.,commercial
acct_7576830439dd,org_e0dba7ba4239,"Jimma University, Ethiopia",Implementing Partner,Monitor,34.3,GB; SL; ET; UG; NL; MG,GB; SL; Ethiopia; Uganda; NL; MG,General health sector,2539796.0,0,Monitor,Keep account on market watch until stronger funding or equipment signals appear.,commercial
acct_8492ba1836df,org_a08987a2ac16,LSHTM,Implementing Partner,Monitor,34.3,GB; SL; ET; UG; NL; MG,GB; SL; Ethiopia; Uganda; NL; MG,General health sector,2539796.0,0,Monitor,Keep account on market watch until stronger funding or equipment signals appear.,commercial
acct_73ce279203fc,org_c532e754af3d,"Wageningen University & Research, Netherlands",Implementing Partner,Monitor,34.3,GB; SL; ET; UG; NL; MG,GB; SL; Ethiopia; Uganda; NL; MG,General health sector,2539796.0,0,Monitor,Keep account on market watch until stronger funding or equipment signals appear.,commercial
acct_ba4740ec24cd,org_57d0c3e2b261,CHOICE for Youth and Sexuality,Implementing Partner,Monitor,34.2,ID; ET; KE; MW; MZ; ZM,ID; Ethiopia; Kenya; MW; MZ; ZM,General health sector,2366150.0,0,Monitor,Keep account on market watch until stronger funding or equipment signals appear.,commercial
acct_b21b07dd5132,org_9df4791b4ec9,Archidiocèse Bukavu,Implementing Partner,Monitor,34.2,CD,Democratic Republic of the Congo,General health sector,2354424.0,0,Monitor,Keep account on market watch until stronger funding or equipment signals appear.,commercial
acct_ae4ca2a0b0fa,org_d29e8f61c99e,CAMPS,Implementing Partner,Monitor,34.2,CD,Democratic Republic of the Congo,General health sector,2354424.0,0,Monitor,Keep account on market watch until stronger funding or equipment signals appear.,commercial
acct_33ecb2994610,org_50656ba1c4bc,Direction Provinciale de la Santé du Sud Kivu,Implementing Partner,Monitor,34.2,CD,Democratic Republic of the Congo,General health sector,2354424.0,0,Monitor,Keep account on market watch until stronger funding or equipment signals appear.,commercial
acct_670d9be01b36,org_e8e744262600,Fond Social Kivu,Implementing Partner,Monitor,34.2,CD,Democratic Republic of the Congo,General health sector,2354424.0,0,Monitor,Keep account on market watch until stronger funding or equipment signals appear.,commercial
acct_f8872e2b03de,org_e57ff18d0237,Fondation PANZI,Implementing Partner,Monitor,34.2,CD,Democratic Republic of the Congo,General health sector,2354424.0,0,Monitor,Keep account on market watch until stronger funding or equipment signals appear.,commercial
acct_ea66bba4b2be,org_bdd360363c78,Médecins Sans Vacances,Implementing Partner,Monitor,34.2,CD,Democratic Republic of the Congo,General health sector,2354424.0,0,Monitor,Keep account on market watch until stronger funding or equipment signals appear.,commercial
acct_31762f4bc5b0,org_a0ee49953695,ARES,Implementing Partner,Monitor,34.2,CD,Democratic Republic of the Congo,General health sector,2354424.0,0,Monitor,Keep account on market watch until stronger funding or equipment signals appear.,commercial
acct_fc14866421b2,org_e57e81d62169,Fred Hollows Foundation,Donor,Monitor,34.2,KE,Kenya,General health sector,184835.0,0,Monitor,Keep account on market watch until stronger funding or equipment signals appear.,commercial
acct_c48d3a4472e3,org_d5fadba083de,University College Ghent,Implementing Partner,Monitor,34.1,UG; RW,Uganda; Rwanda,General health sector,4186806.07,0,Monitor,Keep account on market watch until stronger funding or equipment signals appear.,commercial
acct_f410380c6631,org_9f480c8fcebc,Mary Help Association (MHA),Implementing Partner,Monitor,34.1,SS,South Sudan,General health sector,2234356.0,0,Monitor,Keep account on market watch until stronger funding or equipment signals appear.,commercial
acct_56c83a312725,org_bda2e027e22a,Smile Again Africa Development Organisation (SAADO),Implementing Partner,Monitor,34.1,SS,South Sudan,General health sector,2234356.0,0,Monitor,Keep account on market watch until stronger funding or equipment signals appear.,commercial
acct_83013cc371d4,org_898e8ad6f8c7,Universal Intervention and Development Organisation,Implementing Partner,Monitor,34.1,SS,South Sudan,General health sector,2234356.0,0,Monitor,Keep account on market watch until stronger funding or equipment signals appear.,commercial
acct_21a94bd8de2c,org_4adb4be36c9b,Widows and Orphans Charity Organization (WOCO),Implementing Partner,Monitor,34.1,SS,South Sudan,General health sector,2234356.0,0,Monitor,Keep account on market watch until stronger funding or equipment signals appear.,commercial
acct_79d54fefd7e8,org_48c6dd7bca07,Ethiopian Public Health Association,Accountable Agency,Monitor,34.1,ET,Ethiopia,General health sector,2224182.0,0,Monitor,Keep account on market watch until stronger funding or equipment signals appear.,commercial
acct_2155bcac8580,org_121de692f887,"The University of the West of England, Bristol",Accountable Agency,Monitor,34.1,ET,Ethiopia,General health sector,2224182.0,0,Monitor,Keep account on market watch until stronger funding or equipment signals appear.,commercial
acct_a02355caf4fa,org_de8c98789748,Water & Land Resource Center - Addis Ababa University,Accountable Agency,Monitor,34.1,ET,Ethiopia,General health sector,2224182.0,0,Monitor,Keep account on market watch until stronger funding or equipment signals appear.,commercial
acct_1f094433c761,org_248314932b34,Amref Health Africa in Kenya,Implementing Partner,Monitor,34.1,KE,Kenya,General health sector,2143002.0,0,Monitor,Keep account on market watch until stronger funding or equipment signals appear.,commercial
acct_6985cdc57866,org_4d2c1b993a49,CIFF,Donor,Monitor,34.1,KE,Kenya,General health sector,167972.0,0,Monitor,Keep account on market watch until stronger funding or equipment signals appear.,commercial
acct_c3d4966fd7f5,org_627c772b6e66,AYUUB,Implementing Partner,Monitor,34.0,SO,Somalia,General health sector,1200040.0,0,Monitor,Keep account on market watch until stronger funding or equipment signals appear.,commercial
acct_de188991471d,org_48ba571a9d8c,GSK,Donor,Monitor,34.0,KE,Kenya,General health sector,150000.0,0,Monitor,Keep account on market watch until stronger funding or equipment signals appear.,commercial
acct_7c7188ab79f0,org_267c6a9d12cd,Other public entities in donor country,Implementing Partner,Monitor,34.0,RW; CD,Rwanda; Democratic Republic of the Congo,General health sector,0.0,0,Monitor,Keep account on market watch until stronger funding or equipment signals appear.,commercial
acct_bdcaf9de752d,org_cd20d7ed8185,Medair,Implementing Partner,Monitor,33.9,SO,Somalia,General health sector,2552636.84,0,Monitor,Keep account on market watch until stronger funding or equipment signals appear.,commercial
acct_51ae9414f901,org_aa8fd4f029de,Haukeland Universitetssykehus,Implementing Partner,Monitor,33.8,TZ,Tanzania,General health sector,1710474.0,0,Monitor,Keep account on market watch until stronger funding or equipment signals appear.,commercial
acct_bd1b83d88a24,org_24a5ce9dd41a,National Institutes Health,Donor,Monitor,33.8,KE,Kenya,General health sector,132413.0,0,Monitor,Keep account on market watch until stronger funding or equipment signals appear.,commercial
acct_baaf1445ae7f,org_d39eaaf76792,Support Activities in Poverty Eradication and Health,Implementing Partner,Monitor,33.6,KE,Kenya,General health sector,1392950.0,0,Monitor,Keep account on market watch until stronger funding or equipment signals appear.,commercial
acct_2153585ce292,org_5267c4999f44,"Tropical Institute of Community Health and Development (TICH), Great Lakes University of Kisumu (GLUK)",Implementing Partner,Monitor,33.6,KE,Kenya,General health sector,1392950.0,0,Monitor,Keep account on market watch until stronger funding or equipment signals appear.,commercial
acct_efa5bd589f4d,org_6b9de6ffac88,Etoile du Sud,Implementing Partner,Monitor,33.6,CD,Democratic Republic of the Congo,General health sector,1384590.0,0,Monitor,Keep account on market watch until stronger funding or equipment signals appear.,commercial
acct_f8c2d2c13c93,org_a625f1085d50,HGR Kintambo,Implementing Partner,Monitor,33.6,CD,Democratic Republic of the Congo,General health sector,1384590.0,0,Monitor,Keep account on market watch until stronger funding or equipment signals appear.,commercial
acct_4207ae513a39,org_3c155d8b6a47,Plateforme Hospitalière RDC,Implementing Partner,Monitor,33.6,CD,Democratic Republic of the Congo,General health sector,1384590.0,0,Monitor,Keep account on market watch until stronger funding or equipment signals appear.,commercial
acct_d6251f989757,org_569ed039715e,Zone de santé Kintambo,Implementing Partner,Monitor,33.6,CD,Democratic Republic of the Congo,General health sector,1384590.0,0,Monitor,Keep account on market watch until stronger funding or equipment signals appear.,commercial
acct_6f8770a272a9,org_a634b92330ae,"Addis Ababa University, Ethiopia",Implementing Partner,Monitor,33.6,CM; ET; GH; KE; MW; NG; ZA; SD; TZ; UG; NZ; GB,CM; Ethiopia; GH; Kenya; MW; NG; ZA; SD; Tanzania; Uganda; NZ; GB,General health sector,1361515.0,0,Monitor,Keep account on market watch until stronger funding or equipment signals appear.,commercial
acct_d98fdcb0d50d,org_5c9b7ae2b59e,"Douala General Hospital, Cameroon",Implementing Partner,Monitor,33.6,CM; ET; GH; KE; MW; NG; ZA; SD; TZ; UG; NZ; GB,CM; Ethiopia; GH; Kenya; MW; NG; ZA; SD; Tanzania; Uganda; NZ; GB,General health sector,1361515.0,0,Monitor,Keep account on market watch until stronger funding or equipment signals appear.,commercial
acct_04bb4a85ccdd,org_f0603ed51c1c,Education for Health Africa (EFHA),Implementing Partner,Monitor,33.6,CM; ET; GH; KE; MW; NG; ZA; SD; TZ; UG; NZ; GB,CM; Ethiopia; GH; Kenya; MW; NG; ZA; SD; Tanzania; Uganda; NZ; GB,General health sector,1361515.0,0,Monitor,Keep account on market watch until stronger funding or equipment signals appear.,commercial
acct_b71b68e21aa7,org_2f9c875f8d84,"Epidemiological Laboratory (EPILAB), Sudan",Implementing Partner,Monitor,33.6,CM; ET; GH; KE; MW; NG; ZA; SD; TZ; UG; NZ; GB,CM; Ethiopia; GH; Kenya; MW; NG; ZA; SD; Tanzania; Uganda; NZ; GB,General health sector,1361515.0,0,Monitor,Keep account on market watch until stronger funding or equipment signals appear.,commercial
acct_3407e3410d63,org_76d85a647906,"Global Asthma Network, New Zealand",Implementing Partner,Monitor,33.6,CM; ET; GH; KE; MW; NG; ZA; SD; TZ; UG; NZ; GB,CM; Ethiopia; GH; Kenya; MW; NG; ZA; SD; Tanzania; Uganda; NZ; GB,General health sector,1361515.0,0,Monitor,Keep account on market watch until stronger funding or equipment signals appear.,commercial
acct_a7cebf4df5f0,org_77010a186e29,"Kenya Medical Research Institute (KEMRI), Kenya",Implementing Partner,Monitor,33.6,CM; ET; GH; KE; MW; NG; ZA; SD; TZ; UG; NZ; GB,CM; Ethiopia; GH; Kenya; MW; NG; ZA; SD; Tanzania; Uganda; NZ; GB,General health sector,1361515.0,0,Monitor,Keep account on market watch until stronger funding or equipment signals appear.,commercial
acct_a51eb84d2e37,org_4256f40f01f2,"Kwame Nkrumah University of Science & Technology (KNUST), Ghana",Implementing Partner,Monitor,33.6,CM; ET; GH; KE; MW; NG; ZA; SD; TZ; UG; NZ; GB,CM; Ethiopia; GH; Kenya; MW; NG; ZA; SD; Tanzania; Uganda; NZ; GB,General health sector,1361515.0,0,Monitor,Keep account on market watch until stronger funding or equipment signals appear.,commercial
acct_9575c4631d06,org_d184456ac0e4,Lancaster University,Implementing Partner,Monitor,33.6,CM; ET; GH; KE; MW; NG; ZA; SD; TZ; UG; NZ; GB,CM; Ethiopia; GH; Kenya; MW; NG; ZA; SD; Tanzania; Uganda; NZ; GB,General health sector,1361515.0,0,Monitor,Keep account on market watch until stronger funding or equipment signals appear.,commercial
acct_95e51f49da57,org_64b04de496bd,"National Institute of Medical Research (NIMR, TB Programme), Tanzania",Implementing Partner,Monitor,33.6,CM; ET; GH; KE; MW; NG; ZA; SD; TZ; UG; NZ; GB,CM; Ethiopia; GH; Kenya; MW; NG; ZA; SD; Tanzania; Uganda; NZ; GB,General health sector,1361515.0,0,Monitor,Keep account on market watch until stronger funding or equipment signals appear.,commercial
acct_2f77d023c138,org_81ca74652804,National Tuberculosis and Leprosy Programme (NTLP),Implementing Partner,Monitor,33.6,CM; ET; GH; KE; MW; NG; ZA; SD; TZ; UG; NZ; GB,CM; Ethiopia; GH; Kenya; MW; NG; ZA; SD; Tanzania; Uganda; NZ; GB,General health sector,1361515.0,0,Monitor,Keep account on market watch until stronger funding or equipment signals appear.,commercial
acct_b2f5cdfab22b,org_b6b500aa7c7c,"Pan-African Thoracic Society (PATS), South Africa",Implementing Partner,Monitor,33.6,CM; ET; GH; KE; MW; NG; ZA; SD; TZ; UG; NZ; GB,CM; Ethiopia; GH; Kenya; MW; NG; ZA; SD; Tanzania; Uganda; NZ; GB,General health sector,1361515.0,0,Monitor,Keep account on market watch until stronger funding or equipment signals appear.,commercial
acct_c945e9f1d3d7,org_73bbce52fa6f,"REACH Trust, Malawi",Implementing Partner,Monitor,33.6,CM; ET; GH; KE; MW; NG; ZA; SD; TZ; UG; NZ; GB,CM; Ethiopia; GH; Kenya; MW; NG; ZA; SD; Tanzania; Uganda; NZ; GB,General health sector,1361515.0,0,Monitor,Keep account on market watch until stronger funding or equipment signals appear.,commercial
acct_52e2bc3abb05,org_3cb13db7391f,"Stellenbosch University, South Africa",Implementing Partner,Monitor,33.6,CM; ET; GH; KE; MW; NG; ZA; SD; TZ; UG; NZ; GB,CM; Ethiopia; GH; Kenya; MW; NG; ZA; SD; Tanzania; Uganda; NZ; GB,General health sector,1361515.0,0,Monitor,Keep account on market watch until stronger funding or equipment signals appear.,commercial
acct_02451d48f727,org_8c1f0b1e2310,"University of Cape Town, South Africa",Implementing Partner,Monitor,33.6,CM; ET; GH; KE; MW; NG; ZA; SD; TZ; UG; NZ; GB,CM; Ethiopia; GH; Kenya; MW; NG; ZA; SD; Tanzania; Uganda; NZ; GB,General health sector,1361515.0,0,Monitor,Keep account on market watch until stronger funding or equipment signals appear.,commercial
acct_8d0da4afb90b,org_6a9340f3b28d,"University of Ibadan, Nigeria",Implementing Partner,Monitor,33.6,CM; ET; GH; KE; MW; NG; ZA; SD; TZ; UG; NZ; GB,CM; Ethiopia; GH; Kenya; MW; NG; ZA; SD; Tanzania; Uganda; NZ; GB,General health sector,1361515.0,0,Monitor,Keep account on market watch until stronger funding or equipment signals appear.,commercial
acct_445fb13630a7,org_1881dd93db93,Tusk,Implementing Partner,Monitor,33.5,UG,Uganda,General health sector,1314472.92,0,Monitor,Keep account on market watch until stronger funding or equipment signals appear.,commercial
acct_0f48f66bebd3,org_01b2096e891e,Waterloo Foudation,Donor,Monitor,33.5,ET,Ethiopia,General health sector,100000.0,0,Monitor,Keep account on market watch until stronger funding or equipment signals appear.,commercial
acct_2b44a2835c88,org_ed3135735f0d,National Institute of Health (NIH),Donor,Monitor,33.5,KE,Kenya,General health sector,92856.0,0,Monitor,Keep account on market watch until stronger funding or equipment signals appear.,commercial
acct_e7495c3daeb0,org_088575b72514,Geitmyra matkultursenter for barn,Implementing Partner,Monitor,33.4,TZ,Tanzania,General health sector,1250000.0,0,Monitor,Keep account on market watch until stronger funding or equipment signals appear.,commercial
acct_aec565631f34,org_09c268e5547f,Gargaar Relief and Development Organization,Implementing Partner,Monitor,33.4,SO,Somalia,General health sector,1200040.0,0,Monitor,Keep account on market watch until stronger funding or equipment signals appear.,commercial
acct_a04a4fe8abc4,org_d2800c472ae7,Save the Children Fund,Implementing Partner,Monitor,33.4,SO,Somalia,General health sector,1200040.0,0,Monitor,Keep account on market watch until stronger funding or equipment signals appear.,commercial
acct_e5e31016bd77,org_fc959539b61a,Ministry of Health - DRC,Implementing Partner,Monitor,33.4,CD,Democratic Republic of the Congo,General health sector,1139087.0,0,Monitor,Keep account on market watch until stronger funding or equipment signals appear.,commercial
acct_c057c68becff,org_f6d9506ad588,United Front Against River Blindness (UFAR),Implementing Partner,Monitor,33.4,CD,Democratic Republic of the Congo,General health sector,1139087.0,0,Monitor,Keep account on market watch until stronger funding or equipment signals appear.,commercial
acct_06d85bfb3842,org_3bd42816d102,Send a Cow UK,Donor,Monitor,33.3,ET; UG,Ethiopia; Uganda,General health sector,1825111.0,0,Monitor,Keep account on market watch until stronger funding or equipment signals appear.,commercial
acct_92bccdf413cb,org_fe311fcc85b6,Audere,Donor,Monitor,33.3,KE,Kenya,General health sector,82773.0,0,Monitor,Keep account on market watch until stronger funding or equipment signals appear.,commercial
acct_c2c35c3aeeaa,org_5ea1a8d8e415,KOICA,Donor,Monitor,33.3,TZ,Tanzania,General health sector,81990.5,0,Monitor,Keep account on market watch until stronger funding or equipment signals appear.,commercial
acct_20cd34ad6462,org_be5c9aa8cb32,IAVI,Implementing Partner,Monitor,33.2,UG,Uganda,General health sector,1000000.0,0,Monitor,Keep account on market watch until stronger funding or equipment signals appear.,commercial
acct_b0feb2ededf6,org_736f63110f07,WHO-Assessed,Implementing Partner,Monitor,33.2,UG,Uganda,General health sector,1000000.0,0,Monitor,Keep account on market watch until stronger funding or equipment signals appear.,commercial
acct_b8f1c7406da5,org_83ee795346a0,Amref Health Africa in Kenya,Implementing Partner,Monitor,33.2,KE,Kenya,General health sector,972182.0,0,Monitor,Keep account on market watch until stronger funding or equipment signals appear.,commercial
acct_f3eafbfafa1b,org_fa9cad3d367c,Private sector in recipient country,Implementing Partner,Monitor,33.2,TZ; KE; SO,Tanzania; Kenya; Somalia,IT / Health Information Systems; Facility Infrastructure,0.0,0,Monitor,Keep account on market watch until stronger funding or equipment signals appear.,commercial
acct_cc6fd9eb80e5,org_775f278552bb,Send a Cow Ethiopia,Implementing Partner,Monitor,33.1,ET,Ethiopia,General health sector,1825111.0,0,Monitor,Keep account on market watch until stronger funding or equipment signals appear.,commercial
acct_4bd61fb94039,org_6256451c9026,Countess of Chester Hospital NHS Foundation Trust,Implementing Partner,Monitor,33.1,MW; ZA; TZ; GB,MW; ZA; Tanzania; GB,General health sector,13864.0,0,Monitor,Keep account on market watch until stronger funding or equipment signals appear.,commercial
acct_c3668998b254,org_41e71fb18319,Kamuzu University of Health Sciences,Implementing Partner,Monitor,33.1,MW; ZA; TZ; GB,MW; ZA; Tanzania; GB,General health sector,13864.0,0,Monitor,Keep account on market watch until stronger funding or equipment signals appear.,commercial
acct_5cadd4c1423a,org_dda739480919,Chirurgie Pédiatrique en Afrique ASBL,Implementing Partner,Monitor,33.0,CD,Democratic Republic of the Congo,General health sector,837704.75,0,Monitor,Keep account on market watch until stronger funding or equipment signals appear.,commercial
acct_64d2a95491e4,org_e8652b3a86ed,United Nations Population Fund (UNFPA),Implementing Partner,Monitor,33.0,SO; TZ,Somalia; Tanzania,General health sector,600000.0,0,Monitor,Keep account on market watch until stronger funding or equipment signals appear.,commercial
acct_dcf6d0d6b852,org_5262e3c23a33,"European Investment Bank (Trust fund via EIB like FEMIP, NIF, Interest subsidies...)",Implementing Partner,Monitor,33.0,ET,Ethiopia,General health sector,0.0,0,Monitor,Keep account on market watch until stronger funding or equipment signals appear.,commercial
acct_bf7beffbd263,org_ee030814aba7,Stichting Iplussolutions,Implementing Partner,Monitor,32.9,KE,Kenya,General health sector,750000.0,0,Monitor,Keep account on market watch until stronger funding or equipment signals appear.,commercial
acct_25df2206de70,org_abcf58c83c5c,UC Berkeley on behalf of the Pickering Lab,Implementing Partner,Monitor,32.9,KE,Kenya,General health sector,750000.0,0,Monitor,Keep account on market watch until stronger funding or equipment signals appear.,commercial
acct_9d8f26d4b200,org_a2e8505a04c5,Humanity&Inclusion,Implementing Partner,Monitor,32.8,CD,Democratic Republic of the Congo,General health sector,737536.0,0,Monitor,Keep account on market watch until stronger funding or equipment signals appear.,commercial
acct_9b8f66469e82,org_42629f2eeb11,Handicap International Belgique,Accountable Agency,Monitor,32.8,CD,Democratic Republic of the Congo,General health sector,737536.0,0,Monitor,Keep account on market watch until stronger funding or equipment signals appear.,commercial
acct_d7dcd358df04,org_df833d38e66d,Ministry of Finance and Economic Planning of Rwanda,Implementing Partner,Monitor,32.8,RW,Rwanda,General health sector,729999.99,0,Monitor,Keep account on market watch until stronger funding or equipment signals appear.,commercial
acct_d68ed4f20ce1,org_57ca5f0b1b74,Malsen Medical AS,Implementing Partner,Monitor,32.8,KE,Kenya,General health sector,701472.0,0,Monitor,Keep account on market watch until stronger funding or equipment signals appear.,commercial
acct_b26f49ca0a58,org_5a3f582cf005,CAFOD,Donor,Monitor,32.8,CD,Democratic Republic of the Congo,General health sector,85534.35,0,Monitor,Keep account on market watch until stronger funding or equipment signals appear.,commercial
acct_375c52237302,org_9dd0cccf1b5f,Helen Keller International,Implementing Partner,Monitor,32.7,TZ,Tanzania,General health sector,1097730.0,0,Monitor,Keep account on market watch until stronger funding or equipment signals appear.,commercial
acct_d5b6c1078e0d,org_56dd0d2564a0,Interchurch Medical Assistance Inc (IMA),Implementing Partner,Monitor,32.7,TZ,Tanzania,General health sector,1097730.0,0,Monitor,Keep account on market watch until stronger funding or equipment signals appear.,commercial
acct_c108435cc796,org_0594747a7f93,Kilimanjaro Centre for Community Ophthalmology (KCCO),Implementing Partner,Monitor,32.7,TZ,Tanzania,General health sector,1097730.0,0,Monitor,Keep account on market watch until stronger funding or equipment signals appear.,commercial
acct_6ab75328ac9e,org_62e70f2908a4,Basic Needs Basic Rights Kenya,Accountable Agency,Monitor,32.7,KE,Kenya,General health sector,679932.0,0,Monitor,Keep account on market watch until stronger funding or equipment signals appear.,commercial
acct_814d8526574c,org_2cfb71ee2626,Kongwa Trachoma Project (KTP),Implementing Partner,Monitor,32.7,TZ,Tanzania,General health sector,676167.0,0,Monitor,Keep account on market watch until stronger funding or equipment signals appear.,commercial
acct_b3c0e78faa83,org_6a194aa624fe,Sightsavers,Accountable Agency,Monitor,32.7,TZ,Tanzania,General health sector,676167.0,0,Monitor,Keep account on market watch until stronger funding or equipment signals appear.,commercial
acct_4f2991d723cd,org_ee0fbd8f1fb0,Femme Forte Uganda,Implementing Partner,Monitor,32.7,UG,Uganda,General health sector,621585.0,0,Monitor,Keep account on market watch until stronger funding or equipment signals appear.,commercial
acct_457063962ea1,org_a205ed81896b,SRHR Alliance Uganda,Implementing Partner,Monitor,32.6,UG,Uganda,General health sector,600983.0,0,Monitor,Keep account on market watch until stronger funding or equipment signals appear.,commercial
acct_321e6b85a480,org_fafe7616e794,University of Oxford,Implementing Partner,Monitor,32.5,KE; KH; NG; SO; ZA; VN; ZW; IN; RW; GH; SY; TL; IQ; EG; YE; TH; MW; MY; PH; PK; JO; BD; ET; MM; SS; CD; ID; NP; TN; TZ,Kenya; KH; NG; Somalia; ZA; VN; ZW; IN; Rwanda; GH; SY; TL; IQ; EG; YE; TH; MW; MY; PH; PK; JO; BD; Ethiopia; MM; South Sudan; Democratic Republic of the Congo; ID; NP; TN; Tanzania,General health sector,808183.0,0,Monitor,Keep account on market watch until stronger funding or equipment signals appear.,commercial
acct_cb89b45707db,org_193196ff2b42,Juba Foundation,Implementing Partner,Monitor,32.5,SO; YE; SS,Somalia; YE; South Sudan,General health sector,570000.0,0,Monitor,Keep account on market watch until stronger funding or equipment signals appear.,commercial
acct_d68dab522de9,org_be2f716935ab,HealthRight Kenya,Accountable Agency,Monitor,32.5,KE,Kenya,General health sector,525000.0,0,Monitor,Keep account on market watch until stronger funding or equipment signals appear.,commercial
acct_a51609516919,org_6bc81c26a63d,Mekelle University,Implementing Partner,Monitor,32.3,ET; GB; BR; LK,Ethiopia; GB; BR; LK,General health sector,11729683.95,0,Monitor,Keep account on market watch until stronger funding or equipment signals appear.,commercial
acct_1f45fd37a1d5,org_38f964055cdb,Dodoma Regional Authority,Implementing Partner,Monitor,32.3,TZ,Tanzania,General health sector,495758.0,0,Monitor,Keep account on market watch until stronger funding or equipment signals appear.,commercial
acct_3ee31e0b5e18,org_f3c2233ecfad,Morogoro Regional Authority,Implementing Partner,Monitor,32.3,TZ,Tanzania,General health sector,495758.0,0,Monitor,Keep account on market watch until stronger funding or equipment signals appear.,commercial
acct_5df5d431ae81,org_a27e9af1ac44,Singida Regional Authority,Implementing Partner,Monitor,32.3,TZ,Tanzania,General health sector,495758.0,0,Monitor,Keep account on market watch until stronger funding or equipment signals appear.,commercial
acct_73d42292ca0f,org_af1cd17cb15b,Tanzania Gender Networking Programme,Implementing Partner,Monitor,32.3,TZ,Tanzania,General health sector,495758.0,0,Monitor,Keep account on market watch until stronger funding or equipment signals appear.,commercial
acct_3302d45a44b6,org_2a42006cfa85,Sightsavers,Accountable Agency,Monitor,32.3,TZ,Tanzania,General health sector,495758.0,0,Monitor,Keep account on market watch until stronger funding or equipment signals appear.,commercial
acct_e8badb69d5ad,org_60b21db11c62,Health Rights Advocacy Forum,Accountable Agency,Monitor,32.3,KE,Kenya,General health sector,492080.0,0,Monitor,Keep account on market watch until stronger funding or equipment signals appear.,commercial
acct_89571df00579,org_52031e9c42b6,Artevelde University College,Implementing Partner,Monitor,32.3,RW,Rwanda,General health sector,457564.0,0,Monitor,Keep account on market watch until stronger funding or equipment signals appear.,commercial
acct_ac7b98c8c817,org_d52a1fc0405c,Network of International NGOs-Rwanda,Implementing Partner,Monitor,32.3,RW,Rwanda,General health sector,457564.0,0,Monitor,Keep account on market watch until stronger funding or equipment signals appear.,commercial
acct_088fed70d4e5,org_70083d07526d,University College Leuven,Implementing Partner,Monitor,32.3,RW,Rwanda,General health sector,457564.0,0,Monitor,Keep account on market watch until stronger funding or equipment signals appear.,commercial
acct_b99056f8cf6f,org_be987446048a,University Teaching Hospital of Kigali,Implementing Partner,Monitor,32.3,RW,Rwanda,General health sector,457564.0,0,Monitor,Keep account on market watch until stronger funding or equipment signals appear.,commercial
acct_ac1173366196,org_4a2f037cae2e,Center for Conflict Resolution,Implementing Partner,Monitor,32.3,UG,Uganda,General health sector,455000.0,0,Monitor,Keep account on market watch until stronger funding or equipment signals appear.,commercial
acct_df9afb8161e6,org_b37dd5176395,Community Empowerment for Rural Development,Implementing Partner,Monitor,32.3,UG,Uganda,General health sector,455000.0,0,Monitor,Keep account on market watch until stronger funding or equipment signals appear.,commercial
acct_bed6497cd32b,org_acd664dde7ab,thinkIT Limited,Implementing Partner,Monitor,32.3,UG,Uganda,General health sector,455000.0,0,Monitor,Keep account on market watch until stronger funding or equipment signals appear.,commercial
acct_122707d03dd3,org_71a3ab13b6bb,Right to Play Netherlands Foundation,Implementing Partner,Monitor,32.3,UG,Uganda,General health sector,455000.0,0,Monitor,Keep account on market watch until stronger funding or equipment signals appear.,commercial
acct_7ea66a905878,org_5e3b3deb3d93,Sightsavers,Accountable Agency,Monitor,32.1,TZ,Tanzania,General health sector,421563.0,0,Monitor,Keep account on market watch until stronger funding or equipment signals appear.,commercial
acct_af77e7c4a9fa,org_2a1da416d846,Digital Campus,Accountable Agency,Monitor,32.1,ET,Ethiopia,General health sector,420004.09,0,Monitor,Keep account on market watch until stronger funding or equipment signals appear.,commercial
acct_379da54f84f5,org_7e08e62ca245,Grabet Tehadiso Mahber,Implementing Partner,Monitor,32.1,ET,Ethiopia,General health sector,417437.0,0,Monitor,Keep account on market watch until stronger funding or equipment signals appear.,commercial
acct_58cc78b5562c,org_6dfc74c342e5,Physicians for Human Rights,Accountable Agency,Monitor,32.1,KE,Kenya,General health sector,381055.0,0,Monitor,Keep account on market watch until stronger funding or equipment signals appear.,commercial
acct_a464f4987b81,org_fc6fd70258c8,Max Foundation,Implementing Partner,Monitor,32.1,ET,Ethiopia,General health sector,379212.55,0,Monitor,Keep account on market watch until stronger funding or equipment signals appear.,commercial
acct_c426460d713e,org_d5be80851165,Centre for Economic Governance and Accountability in Africa,Implementing Partner,Monitor,31.9,ET; UG; SS,Ethiopia; Uganda; South Sudan,General health sector,651727.24,0,Monitor,Keep account on market watch until stronger funding or equipment signals appear.,commercial
acct_752210e09134,org_36e63676e746,Tinada Youth Organization,Accountable Agency,Monitor,31.9,KE,Kenya,General health sector,328023.0,0,Monitor,Keep account on market watch until stronger funding or equipment signals appear.,commercial
acct_3f097abcbeeb,org_9f61e69e530b,SNV Netherlands Development Organisation,Reporting Organisation,Monitor,31.8,RW,Rwanda,General health sector,33130654.0,0,Monitor,Keep account on market watch until stronger funding or equipment signals appear.,commercial
acct_a41fe61a6e9b,org_313402a6e5b0,United Nations Entity for Gender Equality and the Empowerment of Women,Implementing Partner,Monitor,31.8,ET; UG; CD,Ethiopia; Uganda; Democratic Republic of the Congo,General health sector,2080000.0,0,Monitor,Keep account on market watch until stronger funding or equipment signals appear.,commercial
acct_b5b422611555,org_c3978a6dccc8,IsraAID Kenya,Accountable Agency,Monitor,31.8,KE,Kenya,General health sector,314513.0,0,Monitor,Keep account on market watch until stronger funding or equipment signals appear.,commercial
acct_07c633af519e,org_3d13e251e78a,hospice africa ltd,Implementing Partner,Monitor,31.8,UG,Uganda,General health sector,302462.0,0,Monitor,Keep account on market watch until stronger funding or equipment signals appear.,commercial
acct_ea79e92340b4,org_57d64dcf5c9c,Rutgers,Implementing Partner,Monitor,31.8,ET,Ethiopia,General health sector,295258.0,0,Monitor,Keep account on market watch until stronger funding or equipment signals appear.,commercial
acct_35a4e8ef9234,org_29657316aa8d,Innovations_for_Poverty_Action,Implementing Partner,Monitor,31.7,KE; UG,Kenya; Uganda,General health sector,24508393.98,0,Monitor,Keep account on market watch until stronger funding or equipment signals appear.,commercial
acct_50ad3bff5933,org_ac8d7e0ca88a,Amref Health Africa Headquarters,Implementing Partner,Monitor,31.7,ET; KE,Ethiopia; Kenya,General health sector,780000.0,0,Monitor,Keep account on market watch until stronger funding or equipment signals appear.,commercial
acct_e092161b8987,org_450a923b22fa,Women's Refugee Commission,Reporting Organisation,Monitor,31.7,UG; NP; CD,Uganda; NP; Democratic Republic of the Congo,General health sector,122118.0,0,Monitor,Keep account on market watch until stronger funding or equipment signals appear.,commercial
acct_e765d0874f10,org_d26b18683c65,"Taysha Consulting, Ltd",Donor,Monitor,31.7,SS,South Sudan,General health sector,21000.0,0,Monitor,Keep account on market watch until stronger funding or equipment signals appear.,commercial
acct_d31e251b8573,org_7ed14f710922,Kamili Organisation,Accountable Agency,Monitor,31.6,KE,Kenya,General health sector,255394.01,0,Monitor,Keep account on market watch until stronger funding or equipment signals appear.,commercial
acct_b4e092b64c55,org_75f7b46ca21a,Vision for a Nation Foundation,Implementing Partner,Monitor,31.6,RW,Rwanda,General health sector,250000.0,0,Monitor,Keep account on market watch until stronger funding or equipment signals appear.,commercial
acct_81a2f9a085fd,org_fd80b1dfb4b9,MSE Auditors Partnership,Implementing Partner,Monitor,31.6,ET,Ethiopia,General health sector,237329.0,0,Monitor,Keep account on market watch until stronger funding or equipment signals appear.,commercial
acct_d617a4ca43c3,org_02b69672064e,NIRAS GROUP UK LTD,Implementing Partner,Monitor,31.6,ET,Ethiopia,General health sector,237329.0,0,Monitor,Keep account on market watch until stronger funding or equipment signals appear.,commercial
acct_d7d3edd2b888,org_6e42dcd9c1b5,LTS International Ltd,Implementing Partner,Monitor,31.5,ET; KE; KH; NG; SO; ZA; VN; ZW; IN; RW; GH; SY; TL; IQ; EG; YE; TH; MW; MY; PH; PK; JO; BD; MM; SS; CD; ID; NP; TN; TZ,Ethiopia; Kenya; KH; NG; Somalia; ZA; VN; ZW; IN; Rwanda; GH; SY; TL; IQ; EG; YE; TH; MW; MY; PH; PK; JO; BD; MM; South Sudan; Democratic Republic of the Congo; ID; NP; TN; Tanzania,General health sector,237329.0,0,Monitor,Keep account on market watch until stronger funding or equipment signals appear.,commercial
acct_ec1b6ccdb3e1,org_448dcc6a8263,Kenya Association for the Intellectually Handicapped,Accountable Agency,Monitor,31.5,KE,Kenya,General health sector,237092.0,0,Monitor,Keep account on market watch until stronger funding or equipment signals appear.,commercial
acct_22c6b98270d5,org_792471a271ff,In2Care BV,Donor,Monitor,31.5,KE,Kenya,General health sector,18151.0,0,Monitor,Keep account on market watch until stronger funding or equipment signals appear.,commercial
acct_45ea45b78acd,org_f3dcf7d4c0cd,Oxford Policy Management,Reporting Organisation,Monitor,31.4,BD; GH; KI; SL; TZ,BD; GH; KI; SL; Tanzania,General health sector,15724357.0,0,Monitor,Keep account on market watch until stronger funding or equipment signals appear.,commercial
acct_5a34af7c7843,org_464312ed0190,AKAM,Implementing Partner,Monitor,31.4,ET,Ethiopia,General health sector,200000.0,0,Monitor,Keep account on market watch until stronger funding or equipment signals appear.,commercial
acct_e900fd161799,org_d6efba06b1ba,Ministry of Health - Kenya,Implementing Partner,Monitor,31.2,KE,Kenya,General health sector,184835.0,0,Monitor,Keep account on market watch until stronger funding or equipment signals appear.,commercial
acct_c3c8dbfb9062,org_9efd2e8c0aa8,Sightsavers,Accountable Agency,Monitor,31.2,KE,Kenya,General health sector,184835.0,0,Monitor,Keep account on market watch until stronger funding or equipment signals appear.,commercial
acct_1b69ec6b86b9,org_7447e7fca3d1,Project Harar (Ethiopia),Implementing Partner,Monitor,31.2,ET,Ethiopia,General health sector,184628.0,0,Monitor,Keep account on market watch until stronger funding or equipment signals appear.,commercial
acct_4072d5550ddd,org_16d57f6b2409,Project Harar,Accountable Agency,Monitor,31.2,ET,Ethiopia,General health sector,184628.0,0,Monitor,Keep account on market watch until stronger funding or equipment signals appear.,commercial
acct_a1e5b54b4122,org_37491e6fb984,Send a Cow Uganda,Implementing Partner,Monitor,31.2,UG,Uganda,General health sector,175680.0,0,Monitor,Keep account on market watch until stronger funding or equipment signals appear.,commercial
acct_04ea57299e8e,org_db5c2d34f162,Stichting Wageningen University and Research,Implementing Partner,Monitor,31.1,RW; BD; GH; ID; KE; MR; NP; LK; TZ; TH; UG,Rwanda; BD; GH; ID; Kenya; MR; NP; LK; Tanzania; TH; Uganda,General health sector,16565327.0,0,Monitor,Keep account on market watch until stronger funding or equipment signals appear.,commercial
acct_4caed91016a3,org_70035025f458,Institute of Development Studies,Implementing Partner,Monitor,31.1,BD; GH; KH; ZA; ET; MW; SN; UG; IN; ZW; PE; TH; SY; MM; AR; VN; ZM; BR; LA; PK; RW; CD; KE; NG; SO; TL; IQ; EG; YE; MY; PH; JO; SS; ID; NP; TN; TZ; CM; TD; CI; ML; NE,BD; GH; KH; ZA; Ethiopia; MW; SN; Uganda; IN; ZW; PE; TH; SY; MM; AR; VN; ZM; BR; LA; PK; Rwanda; Democratic Republic of the Congo; Kenya; NG; Somalia; TL; IQ; EG; YE; MY; PH; JO; South Sudan; ID; NP; TN; Tanzania; CM; TD; CI; ML; NE,General health sector,3296188.42,0,Monitor,Keep account on market watch until stronger funding or equipment signals appear.,commercial
acct_916d7dbbe419,org_447b25113dd1,UNIVERSITY OF SOUTHAMPTON,Implementing Partner,Monitor,31.0,BD; GH; KI; SL; TZ; CD; ZM; MW; SD,BD; GH; KI; SL; Tanzania; Democratic Republic of the Congo; ZM; MW; SD,General health sector,15724357.0,0,Monitor,Keep account on market watch until stronger funding or equipment signals appear.,commercial
acct_27fe5d80b0ca,org_6f246426026f,DataDrivenFinance Kenya Ltd,Implementing Partner,Monitor,31.0,KE,Kenya,General health sector,150000.0,0,Monitor,Keep account on market watch until stronger funding or equipment signals appear.,commercial
acct_c9ea05b3182d,org_136a6a77e595,FSD Africa,Accountable Agency,Monitor,31.0,KE,Kenya,General health sector,150000.0,0,Monitor,Keep account on market watch until stronger funding or equipment signals appear.,commercial
acct_cfda2ef79e4c,org_f2c192337bbb,WORLD HEALTH ORGANISATION,Implementing Partner,Monitor,31.0,TZ; CD; AO; RW,Tanzania; Democratic Republic of the Congo; AO; Rwanda,General health sector,113662.0,0,Monitor,Keep account on market watch until stronger funding or equipment signals appear.,commercial
acct_1bf4e5b1ae6c,org_8e5af25e6303,Mercury Phoenx Trust,Donor,Monitor,31.0,KE,Kenya,General health sector,11738.87,0,Monitor,Keep account on market watch until stronger funding or equipment signals appear.,commercial
acct_93964e9ac0f2,org_5084d4aa3619,McKinsey and Company,Reporting Organisation,Monitor,30.9,ET,Ethiopia,General health sector,10462600.5,0,Monitor,Keep account on market watch until stronger funding or equipment signals appear.,commercial
acct_b8afad4066dc,org_18571b67f513,Psychiatric Disability Organization,Accountable Agency,Monitor,30.9,KE,Kenya,General health sector,134713.0,0,Monitor,Keep account on market watch until stronger funding or equipment signals appear.,commercial
acct_fe8b37f1d906,org_ea30acc623e1,"Queen Margaret University, UK",Implementing Partner,Monitor,30.8,SL; ZW; UG; KH; GB,SL; ZW; Uganda; KH; GB,General health sector,128721.0,0,Monitor,Keep account on market watch until stronger funding or equipment signals appear.,commercial
acct_5c8ec72cf04c,org_5a1fe33502c8,CABI,Donor,Monitor,30.8,KE,Kenya,General health sector,10000.0,0,Monitor,Keep account on market watch until stronger funding or equipment signals appear.,commercial
acct_5674c79526d7,org_3f4cf80cd479,National Execution,Implementing Partner,Monitor,30.3,CD,Democratic Republic of the Congo,General health sector,7322029.0,0,Monitor,Keep account on market watch until stronger funding or equipment signals appear.,commercial
acct_cbfcec2d7508,org_61ea9d3edfc1,MOTT MACDONALD LTD,Implementing Partner,Monitor,30.3,SS,South Sudan,General health sector,6791555.0,0,Monitor,Keep account on market watch until stronger funding or equipment signals appear.,commercial
acct_7dfba59c8e0d,org_055aa8b96cff,Act4Africa,Accountable Agency,Monitor,30.3,UG,Uganda,General health sector,83662.0,0,Monitor,Keep account on market watch until stronger funding or equipment signals appear.,commercial
acct_430d39b1c617,org_f000951e4d31,Act4Africa UG,Implementing Partner,Monitor,30.3,UG,Uganda,General health sector,83662.0,0,Monitor,Keep account on market watch until stronger funding or equipment signals appear.,commercial
acct_f5359df8d6b0,org_916659affece,Concern Worldwide UK,Implementing Partner,Monitor,30.2,SO; ET,Somalia; Ethiopia,General health sector,8531235.98,0,Monitor,Keep account on market watch until stronger funding or equipment signals appear.,commercial
acct_8f06a405f269,org_fc34aded73cb,Handicap International Federation,Implementing Partner,Monitor,30.1,UG,Uganda,General health sector,69591.0,0,Monitor,Keep account on market watch until stronger funding or equipment signals appear.,commercial
acct_307201144311,org_b6f0d1be87ac,Survivors Fund (SURF),Accountable Agency,Monitor,29.8,RW; GB,Rwanda; GB,General health sector,55434.0,0,Monitor,Keep account on market watch until stronger funding or equipment signals appear.,commercial
acct_6fa71aee147f,org_166c60742f8a,StartHub Africa Ltd.,Implementing Partner,Monitor,29.8,UG,Uganda,General health sector,52028.0,0,Monitor,Keep account on market watch until stronger funding or equipment signals appear.,commercial
acct_56695591d973,org_b14f3e884d9d,management4health GmbH,Implementing Partner,Monitor,29.8,SO,Somalia,General health sector,31400.0,0,Monitor,Keep account on market watch until stronger funding or equipment signals appear.,commercial
acct_f8e5be9ba417,org_9a181e8730eb,HECTA LIMITED,Implementing Partner,Monitor,29.8,KE; KH; NG; SO; ZA; VN; ZW; IN; RW; GH; SY; TL; IQ; EG; YE; TH; MW; MY; PH; PK; JO; BD; ET; MM; SS; CD; ID; NP; TN; TZ,Kenya; KH; NG; Somalia; ZA; VN; ZW; IN; Rwanda; GH; SY; TL; IQ; EG; YE; TH; MW; MY; PH; PK; JO; BD; Ethiopia; MM; South Sudan; Democratic Republic of the Congo; ID; NP; TN; Tanzania,General health sector,29895.0,0,Monitor,Keep account on market watch until stronger funding or equipment signals appear.,commercial
acct_2db276a22177,org_4834510cf00d,UNIVERSITY OF OXFORD,Implementing Partner,Monitor,29.7,KE; KH; NG; SO; ZA; VN; ZW; IN; RW; GH; SY; TL; IQ; EG; YE; TH; MW; MY; PH; PK; JO; BD; ET; MM; SS; CD; ID; NP; TN; TZ,Kenya; KH; NG; Somalia; ZA; VN; ZW; IN; Rwanda; GH; SY; TL; IQ; EG; YE; TH; MW; MY; PH; PK; JO; BD; Ethiopia; MM; South Sudan; Democratic Republic of the Congo; ID; NP; TN; Tanzania,General health sector,808183.0,0,Monitor,Keep account on market watch until stronger funding or equipment signals appear.,commercial
acct_a7ed8b6c3cf7,org_b278ea9fcc34,Irish Aid,Donor,Monitor,29.6,ET,Ethiopia,General health sector,444202.0,0,Monitor,Keep account on market watch until stronger funding or equipment signals appear.,commercial
acct_21d473e1dcb3,org_bb9cbfc88994,Province de l'Eglise Anglicane du Congo (PEAC),Implementing Partner,Monitor,29.6,CD,Democratic Republic of the Congo,General health sector,45534.35,0,Monitor,Keep account on market watch until stronger funding or equipment signals appear.,commercial
acct_174469b05981,org_085603d93432,Centre Olame,Implementing Partner,Monitor,29.4,CD,Democratic Republic of the Congo,General health sector,40000.0,0,Monitor,Keep account on market watch until stronger funding or equipment signals appear.,commercial
acct_c20b3f8bbd0c,org_4e4d782a05cd,University of Oxford - Wolfson College,Donor,Monitor,29.4,KE,Kenya,General health sector,3000.0,0,Monitor,Keep account on market watch until stronger funding or equipment signals appear.,commercial
acct_1b59775ad0ea,org_0abb2da21cb3,Population Services Kenya,Reporting Organisation,Monitor,29.3,KE,Kenya,General health sector,2543633.0,0,Monitor,Keep account on market watch until stronger funding or equipment signals appear.,commercial
acct_092983e43306,org_631c86c7c610,ACTION D'ESPOIR,Implementing Partner,Monitor,29.2,CD,Democratic Republic of the Congo,General health sector,1755830.0,0,Monitor,Keep account on market watch until stronger funding or equipment signals appear.,commercial
acct_0e22711642cf,org_798e809abfc9,Secteur privé d'un pays tiers,Implementing Partner,Monitor,29.2,SO; RW; TZ,Somalia; Rwanda; Tanzania,Facility Infrastructure,0.0,0,Monitor,Keep account on market watch until stronger funding or equipment signals appear.,commercial
acct_f23dbce7d226,org_67a1cff9b0f5,International Centre for Insect Physiology and Ecology,Implementing Partner,Monitor,29.1,KE,Kenya,General health sector,30405.6,0,Monitor,Keep account on market watch until stronger funding or equipment signals appear.,commercial
acct_36ebe9f48a40,org_019c6db10721,"European Investment Bank (Trust fund via EIB like FEMIP, NIF, Interest subsidies...)",Implementing Partner,Monitor,29.0,RW; CD; KE,Rwanda; Democratic Republic of the Congo; Kenya,General health sector,0.0,0,Monitor,Keep account on market watch until stronger funding or equipment signals appear.,commercial
acct_1a4ef5050ac1,org_4d3481bd1656,Palladium International Ltd (UK),Implementing Partner,Monitor,28.9,CD; RW; SS; AO; ET; ZM; MW; SD; KE; SO; UG; MY; PH; TH,Democratic Republic of the Congo; Rwanda; South Sudan; AO; Ethiopia; ZM; MW; SD; Kenya; Somalia; Uganda; MY; PH; TH,General health sector,9946633.0,0,Monitor,Keep account on market watch until stronger funding or equipment signals appear.,commercial
acct_1713af8530a7,org_259df8a4c011,AECOM Limited,Reporting Organisation,Monitor,28.9,UG,Uganda,General health sector,1732675.0,0,Monitor,Keep account on market watch until stronger funding or equipment signals appear.,commercial
acct_167b74840544,org_406792915c1c,Send a Cow Uganda,Implementing Partner,Monitor,28.9,UG,Uganda,General health sector,1314472.92,0,Monitor,Keep account on market watch until stronger funding or equipment signals appear.,commercial
acct_0f566b41e7fd,org_f41cb87217cc,Reproductive Health Uganda,Implementing Partner,Monitor,28.9,UG,Uganda,General health sector,24081.0,0,Monitor,Keep account on market watch until stronger funding or equipment signals appear.,commercial
acct_a4b594e12fcb,org_10ca4f226557,UNICEF GLOBAL SHARED SERVICE CENTRE,Implementing Partner,Monitor,28.7,KE; CD; AO; RW; UG,Kenya; Democratic Republic of the Congo; AO; Rwanda; Uganda,General health sector,4900000.0,0,Monitor,Keep account on market watch until stronger funding or equipment signals appear.,commercial
acct_5fe5d66d844c,org_ba6462d7f0c2,Oxford Policy Management,Implementing Partner,Monitor,28.6,SS; TZ; KE; KH; NG; SO; ZA; VN; ZW; IN; RW; GH; SY; TL; IQ; EG; YE; TH; MW; MY; PH; PK; JO; BD; ET; MM; CD; ID; NP; TN; ZM; SD,South Sudan; Tanzania; Kenya; KH; NG; Somalia; ZA; VN; ZW; IN; Rwanda; GH; SY; TL; IQ; EG; YE; TH; MW; MY; PH; PK; JO; BD; Ethiopia; MM; Democratic Republic of the Congo; ID; NP; TN; ZM; SD,General health sector,598724.0,0,Monitor,Keep account on market watch until stronger funding or equipment signals appear.,commercial
acct_17fef3d262f1,org_67a8eca476b8,Innovations For Poverty Action,Reporting Organisation,Monitor,28.5,KE; UG,Kenya; Uganda,General health sector,24508393.98,0,Monitor,Keep account on market watch until stronger funding or equipment signals appear.,commercial
acct_9069dcb4c784,org_a5b4aecbd52f,UNITED NATIONS CHILDREN FUND,Implementing Partner,Monitor,28.5,RW; CD; AO,Rwanda; Democratic Republic of the Congo; AO,General health sector,848022.0,0,Monitor,Keep account on market watch until stronger funding or equipment signals appear.,commercial
acct_c2b6eedf4e37,org_9bbafe12d7d0,UK-Med,Implementing Partner,Monitor,28.4,RW; ET; CD; AO,Rwanda; Ethiopia; Democratic Republic of the Congo; AO,General health sector,1053346.0,0,Monitor,Keep account on market watch until stronger funding or equipment signals appear.,commercial
acct_76e69bafa1cc,org_a6cc95b2a0fe,Heifer Netherlands,Reporting Organisation,Monitor,28.0,ET; UG,Ethiopia; Uganda,General health sector,2000791.0,0,Monitor,Keep account on market watch until stronger funding or equipment signals appear.,commercial
acct_39fef6461049,org_6e13a7764419,Chaîne de l'Espoir Belgique / Keten van Hoop België / Chain of Hope Belgium,Reporting Organisation,Monitor,28.0,CD,Democratic Republic of the Congo,General health sector,837704.75,0,Monitor,Keep account on market watch until stronger funding or equipment signals appear.,commercial
acct_ef50967e7285,org_421a12106374,WORLD HEALTH ORGANISATION (WHO),Implementing Partner,Monitor,28.0,SS,South Sudan,General health sector,481953.0,0,Monitor,Keep account on market watch until stronger funding or equipment signals appear.,commercial
acct_18869be13f66,org_c47aa3d0cadb,Ministry of Public Health and Sanitation,Accountable Agency,Monitor,28.0,KE,Kenya,Facility Infrastructure,0.0,0,Monitor,Keep account on market watch until stronger funding or equipment signals appear.,commercial
acct_c0b8ede36962,org_2f502169e0bb,"Minsitry Of Employment,Social Affa",Implementing Partner,Monitor,27.8,SO,Somalia,General health sector,9424.0,0,Monitor,Keep account on market watch until stronger funding or equipment signals appear.,commercial
acct_052711d6043d,org_6de9b9e7d6d9,London School of Hygiene and Tropical Medicine,Implementing Partner,Monitor,27.4,CD; KE; KH; NG; SO; ZA; VN; ZW; IN; RW; GH; SY; TL; IQ; EG; YE; TH; MW; MY; PH; PK; JO; BD; ET; MM; SS; ID; NP; TN; TZ; UG,Democratic Republic of the Congo; Kenya; KH; NG; Somalia; ZA; VN; ZW; IN; Rwanda; GH; SY; TL; IQ; EG; YE; TH; MW; MY; PH; PK; JO; BD; Ethiopia; MM; South Sudan; ID; NP; TN; Tanzania; Uganda,General health sector,231600.0,0,Monitor,Keep account on market watch until stronger funding or equipment signals appear.,commercial
acct_3a29eeddce99,org_fef7f277167c,ShikaNdoto,Implementing Partner,Monitor,27.2,TZ,Tanzania,General health sector,6000.0,0,Monitor,Keep account on market watch until stronger funding or equipment signals appear.,commercial
acct_e9997b495c71,org_1247ae1ff31f,Vision Aid Overseas,Reporting Organisation,Monitor,27.1,ET,Ethiopia,General health sector,417437.0,0,Monitor,Keep account on market watch until stronger funding or equipment signals appear.,commercial
acct_1b4cab533be4,org_1f8df5043bec,"ENABEL, BELGISCH ONTWIKKELINGSAGENT SCHAP",Implementing Partner,Monitor,27.0,RW; CD,Rwanda; Democratic Republic of the Congo,General health sector,0.0,0,Monitor,Keep account on market watch until stronger funding or equipment signals appear.,commercial
acct_601af0f843e7,org_a0fd9d2a58b6,Private sector in provider country,Implementing Partner,Monitor,27.0,CD,Democratic Republic of the Congo,General health sector,0.0,0,Monitor,Keep account on market watch until stronger funding or equipment signals appear.,commercial
acct_a763e8442d87,org_1395d37aaf9a,APDA,Implementing Partner,Monitor,27.0,ET,Ethiopia,General health sector,0.0,0,Monitor,Keep account on market watch until stronger funding or equipment signals appear.,commercial
acct_5af2f8773add,org_0745247aad14,government partner country: financial coop. - DGCD partner,Implementing Partner,Monitor,27.0,KE,Kenya,General health sector,0.0,0,Monitor,Keep account on market watch until stronger funding or equipment signals appear.,commercial
acct_61a57714b500,org_942f9a20bbd4,Impact Health Organisation (IHO),Implementing Partner,Monitor,27.0,SS,South Sudan,General health sector,0.0,0,Monitor,Keep account on market watch until stronger funding or equipment signals appear.,commercial
acct_a9f68e8c0e4e,org_736ee6be6640,ADRA DEUTSCHLAND EV,Implementing Partner,Monitor,27.0,SO,Somalia,General health sector,0.0,0,Monitor,Keep account on market watch until stronger funding or equipment signals appear.,commercial
acct_9c3e9dfa6251,org_c41c54b8b05d,TROCAIRE,Implementing Partner,Monitor,27.0,ET,Ethiopia,General health sector,0.0,0,Monitor,Keep account on market watch until stronger funding or equipment signals appear.,commercial
acct_c8041b0c85a5,org_ccdc98494e16,The Centre for Economic Governance and Accountability in Africa (CEGAA),Reporting Organisation,Monitor,26.9,ET; UG; SS,Ethiopia; Uganda; South Sudan,General health sector,651727.24,0,Monitor,Keep account on market watch until stronger funding or equipment signals appear.,commercial
acct_3df66deafdba,org_a5303046de26,Aga Khan University Tanzania,Implementing Partner,Monitor,26.9,TZ,Tanzania,General health sector,4326.17,0,Monitor,Keep account on market watch until stronger funding or equipment signals appear.,commercial
acct_83d790e793bc,org_3be99e0054cd,Hospice Africa Ltd,Reporting Organisation,Monitor,26.8,UG,Uganda,General health sector,302462.0,0,Monitor,Keep account on market watch until stronger funding or equipment signals appear.,commercial
acct_7acfd921516c,org_673c181c09c9,WHO (GENEVA),Implementing Partner,Monitor,26.6,SO; UG,Somalia; Uganda,General health sector,500000.0,0,Monitor,Keep account on market watch until stronger funding or equipment signals appear.,commercial
acct_7082f7e3d04a,org_591492b72197,CANADEM,Implementing Partner,Monitor,26.3,RW; CD; AO; ET; SO,Rwanda; Democratic Republic of the Congo; AO; Ethiopia; Somalia,General health sector,848022.0,0,Monitor,Keep account on market watch until stronger funding or equipment signals appear.,commercial
acct_e11473bb16d7,org_cee9cc6cf860,BBC Media Action,Reporting Organisation,Monitor,25.6,TZ; ET,Tanzania; Ethiopia,General health sector,151845.37,0,Monitor,Keep account on market watch until stronger funding or equipment signals appear.,commercial
acct_bdd7349638cd,org_5ff7d62a5491,SOS ITALIA,Reporting Organisation,Monitor,25.3,SS,South Sudan,General health sector,81680.0,0,Monitor,Keep account on market watch until stronger funding or equipment signals appear.,commercial
acct_6c042fa81045,org_8bd872952dda,Danish Family Planning Association,Donor,Monitor,25.0,UG; KE,Uganda; Kenya,General health sector,0.0,0,Monitor,Keep account on market watch until stronger funding or equipment signals appear.,commercial
acct_0a2f202a38cf,org_55533cc58015,Ethiopiaid UK,Donor,Monitor,25.0,ET,Ethiopia,General health sector,0.0,0,Monitor,Keep account on market watch until stronger funding or equipment signals appear.,commercial
acct_c6076b71bb5f,org_20d5eb90f825,UN HIGH COMMISSIONER FOR REFUGEES (UNHCR),Donor,Monitor,25.0,UG,Uganda,General health sector,0.0,0,Monitor,Keep account on market watch until stronger funding or equipment signals appear.,commercial
acct_2bdb0eefdd73,org_c2ad8b72d0cb,3ie International Initiative for Impact Evaluation,Implementing Partner,Monitor,25.0,KE; KH; NG; SO; ZA; VN; ZW; IN; RW; GH; SY; TL; IQ; EG; YE; TH; MW; MY; PH; PK; JO; BD; ET; MM; SS; CD; ID; NP; TN; TZ,Kenya; KH; NG; Somalia; ZA; VN; ZW; IN; Rwanda; GH; SY; TL; IQ; EG; YE; TH; MW; MY; PH; PK; JO; BD; Ethiopia; MM; South Sudan; Democratic Republic of the Congo; ID; NP; TN; Tanzania,General health sector,0.0,0,Monitor,Keep account on market watch until stronger funding or equipment signals appear.,commercial
acct_6a332cd96f8f,org_006e1780999c,Abt Britain Ltd,Implementing Partner,Monitor,25.0,KE; KH; NG; SO; ZA; VN; ZW; IN; RW; GH; SY; TL; IQ; EG; YE; TH; MW; MY; PH; PK; JO; BD; ET; MM; SS; CD; ID; NP; TN; TZ,Kenya; KH; NG; Somalia; ZA; VN; ZW; IN; Rwanda; GH; SY; TL; IQ; EG; YE; TH; MW; MY; PH; PK; JO; BD; Ethiopia; MM; South Sudan; Democratic Republic of the Congo; ID; NP; TN; Tanzania,General health sector,0.0,0,Monitor,Keep account on market watch until stronger funding or equipment signals appear.,commercial
acct_8a823858492b,org_55ab6fe9e59f,Africa Research and Impact Network,Implementing Partner,Monitor,25.0,KE; KH; NG; SO; ZA; VN; ZW; IN; RW; GH; SY; TL; IQ; EG; YE; TH; MW; MY; PH; PK; JO; BD; ET; MM; SS; CD; ID; NP; TN; TZ,Kenya; KH; NG; Somalia; ZA; VN; ZW; IN; Rwanda; GH; SY; TL; IQ; EG; YE; TH; MW; MY; PH; PK; JO; BD; Ethiopia; MM; South Sudan; Democratic Republic of the Congo; ID; NP; TN; Tanzania,General health sector,0.0,0,Monitor,Keep account on market watch until stronger funding or equipment signals appear.,commercial
acct_c4b81664f4c7,org_9e466a0b4af8,ARUP AUSTRALIA PTY LTD,Implementing Partner,Monitor,25.0,KE; KH; NG; SO; ZA; VN; ZW; IN; RW; GH; SY; TL; IQ; EG; YE; TH; MW; MY; PH; PK; JO; BD; ET; MM; SS; CD; ID; NP; TN; TZ,Kenya; KH; NG; Somalia; ZA; VN; ZW; IN; Rwanda; GH; SY; TL; IQ; EG; YE; TH; MW; MY; PH; PK; JO; BD; Ethiopia; MM; South Sudan; Democratic Republic of the Congo; ID; NP; TN; Tanzania,General health sector,0.0,0,Monitor,Keep account on market watch until stronger funding or equipment signals appear.,commercial
acct_9a93f0dc3c31,org_2a96dd2b89cc,ARUP SINGAPORE PTE LTD,Implementing Partner,Monitor,25.0,KE; KH; NG; SO; ZA; VN; ZW; IN; RW; GH; SY; TL; IQ; EG; YE; TH; MW; MY; PH; PK; JO; BD; ET; MM; SS; CD; ID; NP; TN; TZ,Kenya; KH; NG; Somalia; ZA; VN; ZW; IN; Rwanda; GH; SY; TL; IQ; EG; YE; TH; MW; MY; PH; PK; JO; BD; Ethiopia; MM; South Sudan; Democratic Republic of the Congo; ID; NP; TN; Tanzania,General health sector,0.0,0,Monitor,Keep account on market watch until stronger funding or equipment signals appear.,commercial
acct_2b545fc48b2b,org_6122a5db8c8e,Bi Valve Shelfish Association of SA (Pty) Ltd,Implementing Partner,Monitor,25.0,KE; KH; NG; SO; ZA; VN; ZW; IN; RW; GH; SY; TL; IQ; EG; YE; TH; MW; MY; PH; PK; JO; BD; ET; MM; SS; CD; ID; NP; TN; TZ,Kenya; KH; NG; Somalia; ZA; VN; ZW; IN; Rwanda; GH; SY; TL; IQ; EG; YE; TH; MW; MY; PH; PK; JO; BD; Ethiopia; MM; South Sudan; Democratic Republic of the Congo; ID; NP; TN; Tanzania,General health sector,0.0,0,Monitor,Keep account on market watch until stronger funding or equipment signals appear.,commercial
acct_de9b178c2bcf,org_ac0443b27e4c,BURGES SALMON LLP,Implementing Partner,Monitor,25.0,KE; KH; NG; SO; ZA; VN; ZW; IN; RW; GH; SY; TL; IQ; EG; YE; TH; MW; MY; PH; PK; JO; BD; ET; MM; SS; CD; ID; NP; TN; TZ,Kenya; KH; NG; Somalia; ZA; VN; ZW; IN; Rwanda; GH; SY; TL; IQ; EG; YE; TH; MW; MY; PH; PK; JO; BD; Ethiopia; MM; South Sudan; Democratic Republic of the Congo; ID; NP; TN; Tanzania,General health sector,0.0,0,Monitor,Keep account on market watch until stronger funding or equipment signals appear.,commercial
acct_161f8e120f4c,org_69102cc00318,Center for Global Development Europe,Implementing Partner,Monitor,25.0,KE; KH; NG; SO; ZA; VN; ZW; IN; RW; GH; SY; TL; IQ; EG; YE; TH; MW; MY; PH; PK; JO; BD; ET; MM; SS; CD; ID; NP; TN; TZ,Kenya; KH; NG; Somalia; ZA; VN; ZW; IN; Rwanda; GH; SY; TL; IQ; EG; YE; TH; MW; MY; PH; PK; JO; BD; Ethiopia; MM; South Sudan; Democratic Republic of the Congo; ID; NP; TN; Tanzania,General health sector,0.0,0,Monitor,Keep account on market watch until stronger funding or equipment signals appear.,commercial
acct_55a6c9f3be25,org_7bb0343db9e4,Centre for Democracy and Development,Implementing Partner,Monitor,25.0,KE; KH; NG; SO; ZA; VN; ZW; IN; RW; GH; SY; TL; IQ; EG; YE; TH; MW; MY; PH; PK; JO; BD; ET; MM; SS; CD; ID; NP; TN; TZ,Kenya; KH; NG; Somalia; ZA; VN; ZW; IN; Rwanda; GH; SY; TL; IQ; EG; YE; TH; MW; MY; PH; PK; JO; BD; Ethiopia; MM; South Sudan; Democratic Republic of the Congo; ID; NP; TN; Tanzania,General health sector,0.0,0,Monitor,Keep account on market watch until stronger funding or equipment signals appear.,commercial
acct_c3b97f4dab11,org_56e81bb8eabf,EngenderHealth,Implementing Partner,Monitor,25.0,TZ,Tanzania,General health sector,0.0,0,Monitor,Keep account on market watch until stronger funding or equipment signals appear.,commercial
acct_bbda749cc707,org_f0a1fe36b501,Fab Inc.,Implementing Partner,Monitor,25.0,KE; KH; NG; SO; ZA; VN; ZW; IN; RW; GH; SY; TL; IQ; EG; YE; TH; MW; MY; PH; PK; JO; BD; ET; MM; SS; CD; ID; NP; TN; TZ,Kenya; KH; NG; Somalia; ZA; VN; ZW; IN; Rwanda; GH; SY; TL; IQ; EG; YE; TH; MW; MY; PH; PK; JO; BD; Ethiopia; MM; South Sudan; Democratic Republic of the Congo; ID; NP; TN; Tanzania,General health sector,0.0,0,Monitor,Keep account on market watch until stronger funding or equipment signals appear.,commercial
acct_35086e1d00ec,org_553328aa32f4,FOUNDATION FOR AFRICAN INNOVATION ECOSYSTEMS,Implementing Partner,Monitor,25.0,KE; KH; NG; SO; ZA; VN; ZW; IN; RW; GH; SY; TL; IQ; EG; YE; TH; MW; MY; PH; PK; JO; BD; ET; MM; SS; CD; ID; NP; TN; TZ,Kenya; KH; NG; Somalia; ZA; VN; ZW; IN; Rwanda; GH; SY; TL; IQ; EG; YE; TH; MW; MY; PH; PK; JO; BD; Ethiopia; MM; South Sudan; Democratic Republic of the Congo; ID; NP; TN; Tanzania,General health sector,0.0,0,Monitor,Keep account on market watch until stronger funding or equipment signals appear.,commercial
acct_d24723d71969,org_fc89933a6a36,Frontieri Consult PLC,Implementing Partner,Monitor,25.0,KE; KH; NG; SO; ZA; VN; ZW; IN; RW; GH; SY; TL; IQ; EG; YE; TH; MW; MY; PH; PK; JO; BD; ET; MM; SS; CD; ID; NP; TN; TZ,Kenya; KH; NG; Somalia; ZA; VN; ZW; IN; Rwanda; GH; SY; TL; IQ; EG; YE; TH; MW; MY; PH; PK; JO; BD; Ethiopia; MM; South Sudan; Democratic Republic of the Congo; ID; NP; TN; Tanzania,General health sector,0.0,0,Monitor,Keep account on market watch until stronger funding or equipment signals appear.,commercial
acct_3ea209a19660,org_b447a8ecbc8a,GLOBAL DEVELOPMENT NETWORK,Implementing Partner,Monitor,25.0,KE; KH; NG; SO; ZA; VN; ZW; IN; RW; GH; SY; TL; IQ; EG; YE; TH; MW; MY; PH; PK; JO; BD; ET; MM; SS; CD; ID; NP; TN; TZ,Kenya; KH; NG; Somalia; ZA; VN; ZW; IN; Rwanda; GH; SY; TL; IQ; EG; YE; TH; MW; MY; PH; PK; JO; BD; Ethiopia; MM; South Sudan; Democratic Republic of the Congo; ID; NP; TN; Tanzania,General health sector,0.0,0,Monitor,Keep account on market watch until stronger funding or equipment signals appear.,commercial
acct_c316f728452d,org_45ddf78c503f,GREG SHAPLAND,Implementing Partner,Monitor,25.0,KE; KH; NG; SO; ZA; VN; ZW; IN; RW; GH; SY; TL; IQ; EG; YE; TH; MW; MY; PH; PK; JO; BD; ET; MM; SS; CD; ID; NP; TN; TZ,Kenya; KH; NG; Somalia; ZA; VN; ZW; IN; Rwanda; GH; SY; TL; IQ; EG; YE; TH; MW; MY; PH; PK; JO; BD; Ethiopia; MM; South Sudan; Democratic Republic of the Congo; ID; NP; TN; Tanzania,General health sector,0.0,0,Monitor,Keep account on market watch until stronger funding or equipment signals appear.,commercial
acct_784e074a9665,org_498d9bf6f140,Grow Desk Consulting Ltd,Implementing Partner,Monitor,25.0,KE; KH; NG; SO; ZA; VN; ZW; IN; RW; GH; SY; TL; IQ; EG; YE; TH; MW; MY; PH; PK; JO; BD; ET; MM; SS; CD; ID; NP; TN; TZ,Kenya; KH; NG; Somalia; ZA; VN; ZW; IN; Rwanda; GH; SY; TL; IQ; EG; YE; TH; MW; MY; PH; PK; JO; BD; Ethiopia; MM; South Sudan; Democratic Republic of the Congo; ID; NP; TN; Tanzania,General health sector,0.0,0,Monitor,Keep account on market watch until stronger funding or equipment signals appear.,commercial
acct_2b4549e560c3,org_bd94f40c55b1,International Health Policy Program Foundation,Implementing Partner,Monitor,25.0,KE; KH; NG; SO; ZA; VN; ZW; IN; RW; GH; SY; TL; IQ; EG; YE; TH; MW; MY; PH; PK; JO; BD; ET; MM; SS; CD; ID; NP; TN; TZ,Kenya; KH; NG; Somalia; ZA; VN; ZW; IN; Rwanda; GH; SY; TL; IQ; EG; YE; TH; MW; MY; PH; PK; JO; BD; Ethiopia; MM; South Sudan; Democratic Republic of the Congo; ID; NP; TN; Tanzania,General health sector,0.0,0,Monitor,Keep account on market watch until stronger funding or equipment signals appear.,commercial
acct_6ff4cd86add4,org_f9e005abfb35,IORA Ecological Solutions Pvt. Ltd,Implementing Partner,Monitor,25.0,KE; KH; NG; SO; ZA; VN; ZW; IN; RW; GH; SY; TL; IQ; EG; YE; TH; MW; MY; PH; PK; JO; BD; ET; MM; SS; CD; ID; NP; TN; TZ,Kenya; KH; NG; Somalia; ZA; VN; ZW; IN; Rwanda; GH; SY; TL; IQ; EG; YE; TH; MW; MY; PH; PK; JO; BD; Ethiopia; MM; South Sudan; Democratic Republic of the Congo; ID; NP; TN; Tanzania,General health sector,0.0,0,Monitor,Keep account on market watch until stronger funding or equipment signals appear.,commercial
acct_c3b8d9ecebc3,org_c876908698d8,Isandla Institute,Implementing Partner,Monitor,25.0,KE; KH; NG; SO; ZA; VN; ZW; IN; RW; GH; SY; TL; IQ; EG; YE; TH; MW; MY; PH; PK; JO; BD; ET; MM; SS; CD; ID; NP; TN; TZ,Kenya; KH; NG; Somalia; ZA; VN; ZW; IN; Rwanda; GH; SY; TL; IQ; EG; YE; TH; MW; MY; PH; PK; JO; BD; Ethiopia; MM; South Sudan; Democratic Republic of the Congo; ID; NP; TN; Tanzania,General health sector,0.0,0,Monitor,Keep account on market watch until stronger funding or equipment signals appear.,commercial
acct_1f76c7fdb716,org_960ceea58c05,JHU Bloomberg School Of Public Health,Implementing Partner,Monitor,25.0,KE; KH; NG; SO; ZA; VN; ZW; IN; RW; GH; SY; TL; IQ; EG; YE; TH; MW; MY; PH; PK; JO; BD; ET; MM; SS; CD; ID; NP; TN; TZ,Kenya; KH; NG; Somalia; ZA; VN; ZW; IN; Rwanda; GH; SY; TL; IQ; EG; YE; TH; MW; MY; PH; PK; JO; BD; Ethiopia; MM; South Sudan; Democratic Republic of the Congo; ID; NP; TN; Tanzania,General health sector,0.0,0,Monitor,Keep account on market watch until stronger funding or equipment signals appear.,commercial
acct_fe10b0b4409d,org_612389e5bd28,KPMG India,Implementing Partner,Monitor,25.0,KE; KH; NG; SO; ZA; VN; ZW; IN; RW; GH; SY; TL; IQ; EG; YE; TH; MW; MY; PH; PK; JO; BD; ET; MM; SS; CD; ID; NP; TN; TZ,Kenya; KH; NG; Somalia; ZA; VN; ZW; IN; Rwanda; GH; SY; TL; IQ; EG; YE; TH; MW; MY; PH; PK; JO; BD; Ethiopia; MM; South Sudan; Democratic Republic of the Congo; ID; NP; TN; Tanzania,General health sector,0.0,0,Monitor,Keep account on market watch until stronger funding or equipment signals appear.,commercial
acct_bb91faf7b79b,org_73790c02115b,LE Costs,Implementing Partner,Monitor,25.0,KE; KH; NG; SO; ZA; VN; ZW; IN; RW; GH; SY; TL; IQ; EG; YE; TH; MW; MY; PH; PK; JO; BD; ET; MM; SS; CD; ID; NP; TN; TZ,Kenya; KH; NG; Somalia; ZA; VN; ZW; IN; Rwanda; GH; SY; TL; IQ; EG; YE; TH; MW; MY; PH; PK; JO; BD; Ethiopia; MM; South Sudan; Democratic Republic of the Congo; ID; NP; TN; Tanzania,General health sector,0.0,0,Monitor,Keep account on market watch until stronger funding or equipment signals appear.,commercial
acct_82c27297b463,org_4e94f7f78a60,NATIONAL SCIENCE AND TECHNOLOGY DEVELOPMENT AGENCY,Implementing Partner,Monitor,25.0,KE; KH; NG; SO; ZA; VN; ZW; IN; RW; GH; SY; TL; IQ; EG; YE; TH; MW; MY; PH; PK; JO; BD; ET; MM; SS; CD; ID; NP; TN; TZ,Kenya; KH; NG; Somalia; ZA; VN; ZW; IN; Rwanda; GH; SY; TL; IQ; EG; YE; TH; MW; MY; PH; PK; JO; BD; Ethiopia; MM; South Sudan; Democratic Republic of the Congo; ID; NP; TN; Tanzania,General health sector,0.0,0,Monitor,Keep account on market watch until stronger funding or equipment signals appear.,commercial
acct_3522af674dd8,org_232b5dacf32d,NEOTREE,Implementing Partner,Monitor,25.0,KE; KH; NG; SO; ZA; VN; ZW; IN; RW; GH; SY; TL; IQ; EG; YE; TH; MW; MY; PH; PK; JO; BD; ET; MM; SS; CD; ID; NP; TN; TZ,Kenya; KH; NG; Somalia; ZA; VN; ZW; IN; Rwanda; GH; SY; TL; IQ; EG; YE; TH; MW; MY; PH; PK; JO; BD; Ethiopia; MM; South Sudan; Democratic Republic of the Congo; ID; NP; TN; Tanzania,General health sector,0.0,0,Monitor,Keep account on market watch until stronger funding or equipment signals appear.,commercial
acct_777a3540a51c,org_28c2451b66c6,North coast medical training college Kenya,Donor,Monitor,25.0,KE,Kenya,General health sector,0.0,0,Monitor,Keep account on market watch until stronger funding or equipment signals appear.,commercial
acct_a2bbadbf59eb,org_8c6b7598eaa8,OBSALYTICS,Implementing Partner,Monitor,25.0,KE; KH; NG; SO; ZA; VN; ZW; IN; RW; GH; SY; TL; IQ; EG; YE; TH; MW; MY; PH; PK; JO; BD; ET; MM; SS; CD; ID; NP; TN; TZ,Kenya; KH; NG; Somalia; ZA; VN; ZW; IN; Rwanda; GH; SY; TL; IQ; EG; YE; TH; MW; MY; PH; PK; JO; BD; Ethiopia; MM; South Sudan; Democratic Republic of the Congo; ID; NP; TN; Tanzania,General health sector,0.0,0,Monitor,Keep account on market watch until stronger funding or equipment signals appear.,commercial
acct_f35e2dcf9283,org_a6484dec7a46,ODI GLOBAL ADVISORY LIMITED,Implementing Partner,Monitor,25.0,KE; KH; NG; SO; ZA; VN; ZW; IN; RW; GH; SY; TL; IQ; EG; YE; TH; MW; MY; PH; PK; JO; BD; ET; MM; SS; CD; ID; NP; TN; TZ,Kenya; KH; NG; Somalia; ZA; VN; ZW; IN; Rwanda; GH; SY; TL; IQ; EG; YE; TH; MW; MY; PH; PK; JO; BD; Ethiopia; MM; South Sudan; Democratic Republic of the Congo; ID; NP; TN; Tanzania,General health sector,0.0,0,Monitor,Keep account on market watch until stronger funding or equipment signals appear.,commercial
acct_b952d8e21769,org_f2deb4871275,Open Development and Education Limited,Implementing Partner,Monitor,25.0,KE; KH; NG; SO; ZA; VN; ZW; IN; RW; GH; SY; TL; IQ; EG; YE; TH; MW; MY; PH; PK; JO; BD; ET; MM; SS; CD; ID; NP; TN; TZ,Kenya; KH; NG; Somalia; ZA; VN; ZW; IN; Rwanda; GH; SY; TL; IQ; EG; YE; TH; MW; MY; PH; PK; JO; BD; Ethiopia; MM; South Sudan; Democratic Republic of the Congo; ID; NP; TN; Tanzania,General health sector,0.0,0,Monitor,Keep account on market watch until stronger funding or equipment signals appear.,commercial
acct_400f401c77fc,org_5ad9b4a53101,Orient Integrated Development Consultants Inc,Implementing Partner,Monitor,25.0,KE; KH; NG; SO; ZA; VN; ZW; IN; RW; GH; SY; TL; IQ; EG; YE; TH; MW; MY; PH; PK; JO; BD; ET; MM; SS; CD; ID; NP; TN; TZ,Kenya; KH; NG; Somalia; ZA; VN; ZW; IN; Rwanda; GH; SY; TL; IQ; EG; YE; TH; MW; MY; PH; PK; JO; BD; Ethiopia; MM; South Sudan; Democratic Republic of the Congo; ID; NP; TN; Tanzania,General health sector,0.0,0,Monitor,Keep account on market watch until stronger funding or equipment signals appear.,commercial
acct_47759ffebd54,org_787701ff6f1a,Oxford Policy Management India Private Limited,Implementing Partner,Monitor,25.0,KE; KH; NG; SO; ZA; VN; ZW; IN; RW; GH; SY; TL; IQ; EG; YE; TH; MW; MY; PH; PK; JO; BD; ET; MM; SS; CD; ID; NP; TN; TZ,Kenya; KH; NG; Somalia; ZA; VN; ZW; IN; Rwanda; GH; SY; TL; IQ; EG; YE; TH; MW; MY; PH; PK; JO; BD; Ethiopia; MM; South Sudan; Democratic Republic of the Congo; ID; NP; TN; Tanzania,General health sector,0.0,0,Monitor,Keep account on market watch until stronger funding or equipment signals appear.,commercial
acct_4e4fe1614930,org_395043d6fdb2,PRICEWATERHOUSECOOPERS LLP,Implementing Partner,Monitor,25.0,KE; KH; NG; SO; ZA; VN; ZW; IN; RW; GH; SY; TL; IQ; EG; YE; TH; MW; MY; PH; PK; JO; BD; ET; MM; SS; CD; ID; NP; TN; TZ,Kenya; KH; NG; Somalia; ZA; VN; ZW; IN; Rwanda; GH; SY; TL; IQ; EG; YE; TH; MW; MY; PH; PK; JO; BD; Ethiopia; MM; South Sudan; Democratic Republic of the Congo; ID; NP; TN; Tanzania,General health sector,0.0,0,Monitor,Keep account on market watch until stronger funding or equipment signals appear.,commercial
acct_dc736b1adc82,org_3178c2e75d88,PT PricewaterhouseCoopers Indonesia Advisory,Implementing Partner,Monitor,25.0,KE; KH; NG; SO; ZA; VN; ZW; IN; RW; GH; SY; TL; IQ; EG; YE; TH; MW; MY; PH; PK; JO; BD; ET; MM; SS; CD; ID; NP; TN; TZ,Kenya; KH; NG; Somalia; ZA; VN; ZW; IN; Rwanda; GH; SY; TL; IQ; EG; YE; TH; MW; MY; PH; PK; JO; BD; Ethiopia; MM; South Sudan; Democratic Republic of the Congo; ID; NP; TN; Tanzania,General health sector,0.0,0,Monitor,Keep account on market watch until stronger funding or equipment signals appear.,commercial
acct_b53ca3c4059e,org_d868f3abfdac,PwC Kenya,Implementing Partner,Monitor,25.0,KE; KH; NG; SO; ZA; VN; ZW; IN; RW; GH; SY; TL; IQ; EG; YE; TH; MW; MY; PH; PK; JO; BD; ET; MM; SS; CD; ID; NP; TN; TZ,Kenya; KH; NG; Somalia; ZA; VN; ZW; IN; Rwanda; GH; SY; TL; IQ; EG; YE; TH; MW; MY; PH; PK; JO; BD; Ethiopia; MM; South Sudan; Democratic Republic of the Congo; ID; NP; TN; Tanzania,General health sector,0.0,0,Monitor,Keep account on market watch until stronger funding or equipment signals appear.,commercial
acct_5fc837fcbc67,org_30e5e1c3cce3,Resource Stewardship Consultants Sdn Bhd,Implementing Partner,Monitor,25.0,KE; KH; NG; SO; ZA; VN; ZW; IN; RW; GH; SY; TL; IQ; EG; YE; TH; MW; MY; PH; PK; JO; BD; ET; MM; SS; CD; ID; NP; TN; TZ,Kenya; KH; NG; Somalia; ZA; VN; ZW; IN; Rwanda; GH; SY; TL; IQ; EG; YE; TH; MW; MY; PH; PK; JO; BD; Ethiopia; MM; South Sudan; Democratic Republic of the Congo; ID; NP; TN; Tanzania,General health sector,0.0,0,Monitor,Keep account on market watch until stronger funding or equipment signals appear.,commercial
acct_cdf84dc30c8b,org_15f594e40dfb,RIFT VALLEY INSTITUTE (D),Implementing Partner,Monitor,25.0,KE; KH; NG; SO; ZA; VN; ZW; IN; RW; GH; SY; TL; IQ; EG; YE; TH; MW; MY; PH; PK; JO; BD; ET; MM; SS; CD; ID; NP; TN; TZ,Kenya; KH; NG; Somalia; ZA; VN; ZW; IN; Rwanda; GH; SY; TL; IQ; EG; YE; TH; MW; MY; PH; PK; JO; BD; Ethiopia; MM; South Sudan; Democratic Republic of the Congo; ID; NP; TN; Tanzania,General health sector,0.0,0,Monitor,Keep account on market watch until stronger funding or equipment signals appear.,commercial
acct_30bda96d4ad4,org_bbd38439a132,Skills Meducation BV,Donor,Monitor,25.0,KE,Kenya,General health sector,0.0,0,Monitor,Keep account on market watch until stronger funding or equipment signals appear.,commercial
acct_392535b538ef,org_5291038384d3,South Consulting Africa Ltd,Implementing Partner,Monitor,25.0,KE; KH; NG; SO; ZA; VN; ZW; IN; RW; GH; SY; TL; IQ; EG; YE; TH; MW; MY; PH; PK; JO; BD; ET; MM; SS; CD; ID; NP; TN; TZ,Kenya; KH; NG; Somalia; ZA; VN; ZW; IN; Rwanda; GH; SY; TL; IQ; EG; YE; TH; MW; MY; PH; PK; JO; BD; Ethiopia; MM; South Sudan; Democratic Republic of the Congo; ID; NP; TN; Tanzania,General health sector,0.0,0,Monitor,Keep account on market watch until stronger funding or equipment signals appear.,commercial
acct_95f767d8a9be,org_218dc641a9af,TECHNOPOLIS LIMITED,Implementing Partner,Monitor,25.0,KE; KH; NG; SO; ZA; VN; ZW; IN; RW; GH; SY; TL; IQ; EG; YE; TH; MW; MY; PH; PK; JO; BD; ET; MM; SS; CD; ID; NP; TN; TZ,Kenya; KH; NG; Somalia; ZA; VN; ZW; IN; Rwanda; GH; SY; TL; IQ; EG; YE; TH; MW; MY; PH; PK; JO; BD; Ethiopia; MM; South Sudan; Democratic Republic of the Congo; ID; NP; TN; Tanzania,General health sector,0.0,0,Monitor,Keep account on market watch until stronger funding or equipment signals appear.,commercial
acct_3bfa26080e5e,org_199d30029293,TETRA TECH INTERNATIONAL DEVELOPMENT,Implementing Partner,Monitor,25.0,KE; KH; NG; SO; ZA; VN; ZW; IN; RW; GH; SY; TL; IQ; EG; YE; TH; MW; MY; PH; PK; JO; BD; ET; MM; SS; CD; ID; NP; TN; TZ,Kenya; KH; NG; Somalia; ZA; VN; ZW; IN; Rwanda; GH; SY; TL; IQ; EG; YE; TH; MW; MY; PH; PK; JO; BD; Ethiopia; MM; South Sudan; Democratic Republic of the Congo; ID; NP; TN; Tanzania,General health sector,0.0,0,Monitor,Keep account on market watch until stronger funding or equipment signals appear.,commercial
acct_fe100fd173eb,org_475781de046d,THE ENERGY AND RESOURCES INSTITUTE (TERI),Implementing Partner,Monitor,25.0,KE; KH; NG; SO; ZA; VN; ZW; IN; RW; GH; SY; TL; IQ; EG; YE; TH; MW; MY; PH; PK; JO; BD; ET; MM; SS; CD; ID; NP; TN; TZ,Kenya; KH; NG; Somalia; ZA; VN; ZW; IN; Rwanda; GH; SY; TL; IQ; EG; YE; TH; MW; MY; PH; PK; JO; BD; Ethiopia; MM; South Sudan; Democratic Republic of the Congo; ID; NP; TN; Tanzania,General health sector,0.0,0,Monitor,Keep account on market watch until stronger funding or equipment signals appear.,commercial
acct_6fed0cb29e42,org_324566d28ea3,THE METEOROLOGICAL OFFICE,Implementing Partner,Monitor,25.0,KE; KH; NG; SO; ZA; VN; ZW; IN; RW; GH; SY; TL; IQ; EG; YE; TH; MW; MY; PH; PK; JO; BD; ET; MM; SS; CD; ID; NP; TN; TZ,Kenya; KH; NG; Somalia; ZA; VN; ZW; IN; Rwanda; GH; SY; TL; IQ; EG; YE; TH; MW; MY; PH; PK; JO; BD; Ethiopia; MM; South Sudan; Democratic Republic of the Congo; ID; NP; TN; Tanzania,General health sector,0.0,0,Monitor,Keep account on market watch until stronger funding or equipment signals appear.,commercial
acct_1ef502a2c51d,org_fba5dfaddbfb,The Somali Institute for Environmental Peace,Implementing Partner,Monitor,25.0,KE; KH; NG; SO; ZA; VN; ZW; IN; RW; GH; SY; TL; IQ; EG; YE; TH; MW; MY; PH; PK; JO; BD; ET; MM; SS; CD; ID; NP; TN; TZ,Kenya; KH; NG; Somalia; ZA; VN; ZW; IN; Rwanda; GH; SY; TL; IQ; EG; YE; TH; MW; MY; PH; PK; JO; BD; Ethiopia; MM; South Sudan; Democratic Republic of the Congo; ID; NP; TN; Tanzania,General health sector,0.0,0,Monitor,Keep account on market watch until stronger funding or equipment signals appear.,commercial
acct_082ad77ebef6,org_4b7734eed06c,TROPICAL HEALTH CONSULTING LLP,Implementing Partner,Monitor,25.0,KE; KH; NG; SO; ZA; VN; ZW; IN; RW; GH; SY; TL; IQ; EG; YE; TH; MW; MY; PH; PK; JO; BD; ET; MM; SS; CD; ID; NP; TN; TZ,Kenya; KH; NG; Somalia; ZA; VN; ZW; IN; Rwanda; GH; SY; TL; IQ; EG; YE; TH; MW; MY; PH; PK; JO; BD; Ethiopia; MM; South Sudan; Democratic Republic of the Congo; ID; NP; TN; Tanzania,General health sector,0.0,0,Monitor,Keep account on market watch until stronger funding or equipment signals appear.,commercial
acct_3ac945305661,org_5b34407bcbb3,Tufts University,Implementing Partner,Monitor,25.0,KE; KH; NG; SO; ZA; VN; ZW; IN; RW; GH; SY; TL; IQ; EG; YE; TH; MW; MY; PH; PK; JO; BD; ET; MM; SS; CD; ID; NP; TN; TZ,Kenya; KH; NG; Somalia; ZA; VN; ZW; IN; Rwanda; GH; SY; TL; IQ; EG; YE; TH; MW; MY; PH; PK; JO; BD; Ethiopia; MM; South Sudan; Democratic Republic of the Congo; ID; NP; TN; Tanzania,General health sector,0.0,0,Monitor,Keep account on market watch until stronger funding or equipment signals appear.,commercial
acct_b323c23fd089,org_a0d32ab293e3,UNITED NATIONS,Implementing Partner,Monitor,25.0,TZ,Tanzania,General health sector,0.0,0,Monitor,Keep account on market watch until stronger funding or equipment signals appear.,commercial
acct_15b9f7b734b5,org_6b66435dc440,UNIVERSITY OF BIRMINGHAM,Implementing Partner,Monitor,25.0,KE; KH; NG; SO; ZA; VN; ZW; IN; RW; GH; SY; TL; IQ; EG; YE; TH; MW; MY; PH; PK; JO; BD; ET; MM; SS; CD; ID; NP; TN; TZ,Kenya; KH; NG; Somalia; ZA; VN; ZW; IN; Rwanda; GH; SY; TL; IQ; EG; YE; TH; MW; MY; PH; PK; JO; BD; Ethiopia; MM; South Sudan; Democratic Republic of the Congo; ID; NP; TN; Tanzania,General health sector,0.0,0,Monitor,Keep account on market watch until stronger funding or equipment signals appear.,commercial
acct_e99c44114cf1,org_7303208afcf0,TASKBRIDGE LIMITED,Implementing Partner,Monitor,25.0,KE; KH; NG; SO; ZA; VN; ZW; IN; RW; GH; SY; TL; IQ; EG; YE; TH; MW; MY; PH; PK; JO; BD; ET; MM; SS; CD; ID; NP; TN; TZ,Kenya; KH; NG; Somalia; ZA; VN; ZW; IN; Rwanda; GH; SY; TL; IQ; EG; YE; TH; MW; MY; PH; PK; JO; BD; Ethiopia; MM; South Sudan; Democratic Republic of the Congo; ID; NP; TN; Tanzania,General health sector,0.0,0,Monitor,Keep account on market watch until stronger funding or equipment signals appear.,commercial
acct_ba6f04969dc5,org_d7c4bc80cda6,EDSB STARTUP INSIGHTS LTD,Implementing Partner,Monitor,25.0,KE; KH; NG; SO; ZA; VN; ZW; IN; RW; GH; SY; TL; IQ; EG; YE; TH; MW; MY; PH; PK; JO; BD; ET; MM; SS; CD; ID; NP; TN; TZ,Kenya; KH; NG; Somalia; ZA; VN; ZW; IN; Rwanda; GH; SY; TL; IQ; EG; YE; TH; MW; MY; PH; PK; JO; BD; Ethiopia; MM; South Sudan; Democratic Republic of the Congo; ID; NP; TN; Tanzania,General health sector,0.0,0,Monitor,Keep account on market watch until stronger funding or equipment signals appear.,commercial
acct_f50b79fd277f,org_109e34dfeb83,CENTRE FOR HUMANITARIAN CHANGE,Implementing Partner,Monitor,25.0,KE; KH; NG; SO; ZA; VN; ZW; IN; RW; GH; SY; TL; IQ; EG; YE; TH; MW; MY; PH; PK; JO; BD; ET; MM; SS; CD; ID; NP; TN; TZ,Kenya; KH; NG; Somalia; ZA; VN; ZW; IN; Rwanda; GH; SY; TL; IQ; EG; YE; TH; MW; MY; PH; PK; JO; BD; Ethiopia; MM; South Sudan; Democratic Republic of the Congo; ID; NP; TN; Tanzania,General health sector,0.0,0,Monitor,Keep account on market watch until stronger funding or equipment signals appear.,commercial
acct_65c984903e50,org_4e805d107ff3,POLICY ENTREPRENEURS INCORPORATED P LTD,Implementing Partner,Monitor,25.0,KE; BD; ID; SO; KH; ZA; UG; MY; NP; ZM; VN; RW,Kenya; BD; ID; Somalia; KH; ZA; Uganda; MY; NP; ZM; VN; Rwanda,General health sector,0.0,0,Monitor,Keep account on market watch until stronger funding or equipment signals appear.,commercial
acct_97d21be83a83,org_4c9ce2cb9875,EUROPEAN FUTURE INNOVATION CENTRE,Implementing Partner,Monitor,25.0,KE; BD; ID; SO; KH; ZA; UG; MY; NP; ZM; VN; RW,Kenya; BD; ID; Somalia; KH; ZA; Uganda; MY; NP; ZM; VN; Rwanda,General health sector,0.0,0,Monitor,Keep account on market watch until stronger funding or equipment signals appear.,commercial
acct_253f7e52e510,org_8823f110ad23,KATONTE DEVELOPMENT PERSPECTIVES LTD,Implementing Partner,Monitor,25.0,KE; KH; NG; SO; ZA; VN; ZW; IN; RW; GH; SY; TL; IQ; EG; YE; TH; MW; MY; PH; PK; JO; BD; ET; MM; SS; CD; ID; NP; TN; TZ,Kenya; KH; NG; Somalia; ZA; VN; ZW; IN; Rwanda; GH; SY; TL; IQ; EG; YE; TH; MW; MY; PH; PK; JO; BD; Ethiopia; MM; South Sudan; Democratic Republic of the Congo; ID; NP; TN; Tanzania,General health sector,0.0,0,Monitor,Keep account on market watch until stronger funding or equipment signals appear.,commercial
acct_1e7d865c667d,org_6e88ddb53e52,CTCP CENERGY VIET NAM,Implementing Partner,Monitor,25.0,KE; BD; ID; SO; KH; ZA; UG; MY; NP; ZM; VN; RW,Kenya; BD; ID; Somalia; KH; ZA; Uganda; MY; NP; ZM; VN; Rwanda,General health sector,0.0,0,Monitor,Keep account on market watch until stronger funding or equipment signals appear.,commercial
acct_05c67a50d239,org_28b3edd2c7b2,CHINA GLOBAL SOUTH PROJECT,Implementing Partner,Monitor,25.0,KE; KH; NG; SO; ZA; VN; ZW; IN; RW; GH; SY; TL; IQ; EG; YE; TH; MW; MY; PH; PK; JO; BD; ET; MM; SS; CD; ID; NP; TN; TZ,Kenya; KH; NG; Somalia; ZA; VN; ZW; IN; Rwanda; GH; SY; TL; IQ; EG; YE; TH; MW; MY; PH; PK; JO; BD; Ethiopia; MM; South Sudan; Democratic Republic of the Congo; ID; NP; TN; Tanzania,General health sector,0.0,0,Monitor,Keep account on market watch until stronger funding or equipment signals appear.,commercial
acct_6b6363102075,org_71f0e51ac29b,ARTICLE 33 INDONESIA,Implementing Partner,Monitor,25.0,KE; BD; ID; SO; KH; ZA; UG; MY; NP; ZM; VN; RW,Kenya; BD; ID; Somalia; KH; ZA; Uganda; MY; NP; ZM; VN; Rwanda,General health sector,0.0,0,Monitor,Keep account on market watch until stronger funding or equipment signals appear.,commercial
acct_e0e73b39637f,org_df807604eddb,PT SVARA RESEARCH INDONESIA,Implementing Partner,Monitor,25.0,KE; BD; ID; SO; KH; ZA; UG; MY; NP; ZM; VN; RW,Kenya; BD; ID; Somalia; KH; ZA; Uganda; MY; NP; ZM; VN; Rwanda,General health sector,0.0,0,Monitor,Keep account on market watch until stronger funding or equipment signals appear.,commercial
acct_cdfdee19d05e,org_eb48754483ae,BLUE SNOW CONSULTING AND ENGINEERING,Implementing Partner,Monitor,25.0,KE; BD; ID; SO; KH; ZA; UG; MY; NP; ZM; VN; RW,Kenya; BD; ID; Somalia; KH; ZA; Uganda; MY; NP; ZM; VN; Rwanda,General health sector,0.0,0,Monitor,Keep account on market watch until stronger funding or equipment signals appear.,commercial
acct_f4f9b657663b,org_3dc1c7fd910f,SPIRIT DIGITAL LTD,Implementing Partner,Monitor,25.0,KE; BD; ID; SO; KH; ZA; UG; MY; NP; ZM; VN; RW,Kenya; BD; ID; Somalia; KH; ZA; Uganda; MY; NP; ZM; VN; Rwanda,General health sector,0.0,0,Monitor,Keep account on market watch until stronger funding or equipment signals appear.,commercial
acct_aa4089c36beb,org_9b76e3ddee70,UPM CONSULTANCY AND SERVICES,Implementing Partner,Monitor,25.0,KE; BD; ID; SO; KH; ZA; UG; MY; NP; ZM; VN; RW,Kenya; BD; ID; Somalia; KH; ZA; Uganda; MY; NP; ZM; VN; Rwanda,General health sector,0.0,0,Monitor,Keep account on market watch until stronger funding or equipment signals appear.,commercial
acct_aae349856f25,org_4e336570e292,RESEARCH AND POLICY INTEGRATION FOR DEVELOPMENT,Implementing Partner,Monitor,25.0,KE; BD; ID; SO; KH; ZA; UG; MY; NP; ZM; VN; RW,Kenya; BD; ID; Somalia; KH; ZA; Uganda; MY; NP; ZM; VN; Rwanda,General health sector,0.0,0,Monitor,Keep account on market watch until stronger funding or equipment signals appear.,commercial
acct_7c620591b94c,org_24db0533f00c,ORG QUEST RESEARCH LIMITED,Implementing Partner,Monitor,25.0,KE; BD; ID; SO; KH; ZA; UG; MY; NP; ZM; VN; RW,Kenya; BD; ID; Somalia; KH; ZA; Uganda; MY; NP; ZM; VN; Rwanda,General health sector,0.0,0,Monitor,Keep account on market watch until stronger funding or equipment signals appear.,commercial
acct_ca14bb0da1e9,org_35b89e5b7a69,TRADE AND INDUSTRIAL POLICY STRATEGIES NPC,Implementing Partner,Monitor,25.0,KE; BD; ID; SO; KH; ZA; UG; MY; NP; ZM; VN; RW,Kenya; BD; ID; Somalia; KH; ZA; Uganda; MY; NP; ZM; VN; Rwanda,General health sector,0.0,0,Monitor,Keep account on market watch until stronger funding or equipment signals appear.,commercial
acct_51949ab7e6c7,org_b3ffc66f2d09,DOTASIA ORGANISATION LIMITED,Implementing Partner,Monitor,25.0,KE; BD; ID; SO; KH; ZA; UG; MY; NP; ZM; VN; RW,Kenya; BD; ID; Somalia; KH; ZA; Uganda; MY; NP; ZM; VN; Rwanda,General health sector,0.0,0,Monitor,Keep account on market watch until stronger funding or equipment signals appear.,commercial
acct_d1da6ba03df1,org_1fc92b81ec17,CENTRE FOR URBAN PLANNING STUDIES,Implementing Partner,Monitor,25.0,KE; BD; ID; SO; KH; ZA; UG; MY; NP; ZM; VN; RW,Kenya; BD; ID; Somalia; KH; ZA; Uganda; MY; NP; ZM; VN; Rwanda,General health sector,0.0,0,Monitor,Keep account on market watch until stronger funding or equipment signals appear.,commercial
acct_f64404f6d93d,org_7bf78de787c6,BRAC INSTITUTE OF GOVERNANCE AND DEVELOPMENT BRAC UNIVERSITY,Implementing Partner,Monitor,25.0,KE; BD; ID; SO; KH; ZA; UG; MY; NP; ZM; VN; RW,Kenya; BD; ID; Somalia; KH; ZA; Uganda; MY; NP; ZM; VN; Rwanda,General health sector,0.0,0,Monitor,Keep account on market watch until stronger funding or equipment signals appear.,commercial
acct_5c251837706b,org_1cd30fc72e67,UNI LINK SMART VENTURE SDN BHD,Implementing Partner,Monitor,25.0,KE; BD; ID; SO; KH; ZA; UG; MY; NP; ZM; VN; RW,Kenya; BD; ID; Somalia; KH; ZA; Uganda; MY; NP; ZM; VN; Rwanda,General health sector,0.0,0,Monitor,Keep account on market watch until stronger funding or equipment signals appear.,commercial
acct_5d456057987d,org_92a5b9395a88,Met Office,Implementing Partner,Monitor,25.0,KE; KH; NG; SO; ZA; VN; ZW; IN; RW; GH; SY; TL; IQ; EG; YE; TH; MW; MY; PH; PK; JO; BD; ET; MM; SS; CD; ID; NP; TN; TZ,Kenya; KH; NG; Somalia; ZA; VN; ZW; IN; Rwanda; GH; SY; TL; IQ; EG; YE; TH; MW; MY; PH; PK; JO; BD; Ethiopia; MM; South Sudan; Democratic Republic of the Congo; ID; NP; TN; Tanzania,General health sector,0.0,0,Monitor,Keep account on market watch until stronger funding or equipment signals appear.,commercial
acct_bf9e4ab79e50,org_67db64a4b26d,International Institute for Environment and Development,Implementing Partner,Monitor,25.0,KE; KH; NG; SO; ZA; VN; ZW; IN; RW; GH; SY; TL; IQ; EG; YE; TH; MW; MY; PH; PK; JO; BD; ET; MM; SS; CD; ID; NP; TN; TZ,Kenya; KH; NG; Somalia; ZA; VN; ZW; IN; Rwanda; GH; SY; TL; IQ; EG; YE; TH; MW; MY; PH; PK; JO; BD; Ethiopia; MM; South Sudan; Democratic Republic of the Congo; ID; NP; TN; Tanzania,General health sector,0.0,0,Monitor,Keep account on market watch until stronger funding or equipment signals appear.,commercial
acct_4fc2a6539881,org_81620b81250c,OXENTIA LTD,Implementing Partner,Monitor,25.0,KE; BD; ID; SO; KH; ZA; UG; MY; NP; ZM; VN; RW,Kenya; BD; ID; Somalia; KH; ZA; Uganda; MY; NP; ZM; VN; Rwanda,General health sector,0.0,0,Monitor,Keep account on market watch until stronger funding or equipment signals appear.,commercial
acct_268a746d931d,org_caa32254d982,IPE Global Africa Limited,Implementing Partner,Monitor,25.0,KE; BD; ID; SO; KH; ZA; UG; MY; NP; ZM; VN; RW,Kenya; BD; ID; Somalia; KH; ZA; Uganda; MY; NP; ZM; VN; Rwanda,General health sector,0.0,0,Monitor,Keep account on market watch until stronger funding or equipment signals appear.,commercial
acct_fbd877df9090,org_e116a1747efe,UNIVERSITY OF NOTTINGHAM,Implementing Partner,Monitor,25.0,KE; BD; ID; SO; KH; ZA; UG; MY; NP; ZM; VN; RW,Kenya; BD; ID; Somalia; KH; ZA; Uganda; MY; NP; ZM; VN; Rwanda,General health sector,0.0,0,Monitor,Keep account on market watch until stronger funding or equipment signals appear.,commercial
acct_d7ef89b27966,org_a30aa01b32d5,Centre for Economic Policy Research,Implementing Partner,Monitor,25.0,KE; KH; NG; SO; ZA; VN; ZW; IN; RW; GH; SY; TL; IQ; EG; YE; TH; MW; MY; PH; PK; JO; BD; ET; MM; SS; CD; ID; NP; TN; TZ,Kenya; KH; NG; Somalia; ZA; VN; ZW; IN; Rwanda; GH; SY; TL; IQ; EG; YE; TH; MW; MY; PH; PK; JO; BD; Ethiopia; MM; South Sudan; Democratic Republic of the Congo; ID; NP; TN; Tanzania,General health sector,0.0,0,Monitor,Keep account on market watch until stronger funding or equipment signals appear.,commercial
acct_02c85b461731,org_b9a11a2df9a6,Social Development Direct Limited,Implementing Partner,Monitor,25.0,KE; KH; NG; SO; ZA; VN; ZW; IN; RW; GH; SY; TL; IQ; EG; YE; TH; MW; MY; PH; PK; JO; BD; ET; MM; SS; CD; ID; NP; TN; TZ,Kenya; KH; NG; Somalia; ZA; VN; ZW; IN; Rwanda; GH; SY; TL; IQ; EG; YE; TH; MW; MY; PH; PK; JO; BD; Ethiopia; MM; South Sudan; Democratic Republic of the Congo; ID; NP; TN; Tanzania,General health sector,0.0,0,Monitor,Keep account on market watch until stronger funding or equipment signals appear.,commercial
acct_d0cfe3310e1e,org_69ad54ea2feb,Development Initiatives Poverty Research,Implementing Partner,Monitor,25.0,KE; KH; NG; SO; ZA; VN; ZW; IN; RW; GH; SY; TL; IQ; EG; YE; TH; MW; MY; PH; PK; JO; BD; ET; MM; SS; CD; ID; NP; TN; TZ,Kenya; KH; NG; Somalia; ZA; VN; ZW; IN; Rwanda; GH; SY; TL; IQ; EG; YE; TH; MW; MY; PH; PK; JO; BD; Ethiopia; MM; South Sudan; Democratic Republic of the Congo; ID; NP; TN; Tanzania,General health sector,0.0,0,Monitor,Keep account on market watch until stronger funding or equipment signals appear.,commercial
acct_a2f6f6158cb4,org_7845b3ba5915,Loughborough University,Implementing Partner,Monitor,25.0,KE; KH; NG; SO; ZA; VN; ZW; IN; RW; GH; SY; TL; IQ; EG; YE; TH; MW; MY; PH; PK; JO; BD; ET; MM; SS; CD; ID; NP; TN; TZ,Kenya; KH; NG; Somalia; ZA; VN; ZW; IN; Rwanda; GH; SY; TL; IQ; EG; YE; TH; MW; MY; PH; PK; JO; BD; Ethiopia; MM; South Sudan; Democratic Republic of the Congo; ID; NP; TN; Tanzania,General health sector,0.0,0,Monitor,Keep account on market watch until stronger funding or equipment signals appear.,commercial
acct_31cd6b868e2b,org_5582e1f1b7c8,London School of Economics and Political Science,Implementing Partner,Monitor,25.0,KE; KH; NG; SO; ZA; VN; ZW; IN; RW; GH; SY; TL; IQ; EG; YE; TH; MW; MY; PH; PK; JO; BD; ET; MM; SS; CD; ID; NP; TN; TZ,Kenya; KH; NG; Somalia; ZA; VN; ZW; IN; Rwanda; GH; SY; TL; IQ; EG; YE; TH; MW; MY; PH; PK; JO; BD; Ethiopia; MM; South Sudan; Democratic Republic of the Congo; ID; NP; TN; Tanzania,General health sector,0.0,0,Monitor,Keep account on market watch until stronger funding or equipment signals appear.,commercial
acct_612113d1c8c8,org_452c0a204e38,University of Bristol,Implementing Partner,Monitor,25.0,MW; ZA; TZ; GB,MW; ZA; Tanzania; GB,General health sector,0.0,0,Monitor,Keep account on market watch until stronger funding or equipment signals appear.,commercial
acct_420aa88e56e7,org_7ea80a2079ee,Deloitte Touche Tohmatsu India LLP,Implementing Partner,Monitor,25.0,KE; KH; NG; SO; ZA; VN; ZW; IN; RW; GH; SY; TL; IQ; EG; YE; TH; MW; MY; PH; PK; JO; BD; ET; MM; SS; CD; ID; NP; TN; TZ,Kenya; KH; NG; Somalia; ZA; VN; ZW; IN; Rwanda; GH; SY; TL; IQ; EG; YE; TH; MW; MY; PH; PK; JO; BD; Ethiopia; MM; South Sudan; Democratic Republic of the Congo; ID; NP; TN; Tanzania,General health sector,0.0,0,Monitor,Keep account on market watch until stronger funding or equipment signals appear.,commercial
acct_78d53b0ddb9f,org_23c5198431c7,PwC India,Implementing Partner,Monitor,25.0,KE; KH; NG; SO; ZA; VN; ZW; IN; RW; GH; SY; TL; IQ; EG; YE; TH; MW; MY; PH; PK; JO; BD; ET; MM; SS; CD; ID; NP; TN; TZ,Kenya; KH; NG; Somalia; ZA; VN; ZW; IN; Rwanda; GH; SY; TL; IQ; EG; YE; TH; MW; MY; PH; PK; JO; BD; Ethiopia; MM; South Sudan; Democratic Republic of the Congo; ID; NP; TN; Tanzania,General health sector,0.0,0,Monitor,Keep account on market watch until stronger funding or equipment signals appear.,commercial
acct_848e22d52eac,org_bac6dc075817,Centre for Employment Initiatives,Implementing Partner,Monitor,25.0,KE; BD; ID; SO; KH; ZA; UG; MY; NP; ZM; VN; RW,Kenya; BD; ID; Somalia; KH; ZA; Uganda; MY; NP; ZM; VN; Rwanda,General health sector,0.0,0,Monitor,Keep account on market watch until stronger funding or equipment signals appear.,commercial
acct_891da6afc8e1,org_aaac840a11ed,National University of Singapore,Implementing Partner,Monitor,25.0,KE; KH; NG; SO; ZA; VN; ZW; IN; RW; GH; SY; TL; IQ; EG; YE; TH; MW; MY; PH; PK; JO; BD; ET; MM; SS; CD; ID; NP; TN; TZ,Kenya; KH; NG; Somalia; ZA; VN; ZW; IN; Rwanda; GH; SY; TL; IQ; EG; YE; TH; MW; MY; PH; PK; JO; BD; Ethiopia; MM; South Sudan; Democratic Republic of the Congo; ID; NP; TN; Tanzania,General health sector,0.0,0,Monitor,Keep account on market watch until stronger funding or equipment signals appear.,commercial
acct_8c0d84e12fd9,org_5348277a250a,Economic Research Forum,Implementing Partner,Monitor,25.0,KE; KH; NG; SO; ZA; VN; ZW; IN; RW; GH; SY; TL; IQ; EG; YE; TH; MW; MY; PH; PK; JO; BD; ET; MM; SS; CD; ID; NP; TN; TZ,Kenya; KH; NG; Somalia; ZA; VN; ZW; IN; Rwanda; GH; SY; TL; IQ; EG; YE; TH; MW; MY; PH; PK; JO; BD; Ethiopia; MM; South Sudan; Democratic Republic of the Congo; ID; NP; TN; Tanzania,General health sector,0.0,0,Monitor,Keep account on market watch until stronger funding or equipment signals appear.,commercial
acct_ff6e818ed349,org_1e0fd9397028,Global Innovation Fund,Reporting Organisation,Monitor,23.5,KE; UG,Kenya; Uganda,General health sector,750000.0,0,Monitor,Keep account on market watch until stronger funding or equipment signals appear.,commercial
acct_a2a21900b650,org_6bb6bd1f95b1,Erasmus University Medical Center (Erasmus MC),Implementing Partner,Monitor,22.0,UG,Uganda,General health sector,0.0,0,Monitor,Keep account on market watch until stronger funding or equipment signals appear.,commercial
acct_576e69133fd2,org_11f52ee1cdb9,German Doctors e.V.,Implementing Partner,Monitor,22.0,UG; KE,Uganda; Kenya,General health sector,0.0,0,Monitor,Keep account on market watch until stronger funding or equipment signals appear.,commercial
acct_e2b4fc70bbbf,org_e5d5b8a57197,"Gesundes Afrika, Gesellschaft für Medizin und Forschung in Afrika e.V.",Implementing Partner,Monitor,22.0,CD; RW,Democratic Republic of the Congo; Rwanda,General health sector,0.0,0,Monitor,Keep account on market watch until stronger funding or equipment signals appear.,commercial
acct_b5a772b60f0c,org_c634a8aaeb45,THE WORLD BANK,Implementing Partner,Monitor,22.0,SS; SO,South Sudan; Somalia,General health sector,0.0,0,Monitor,Keep account on market watch until stronger funding or equipment signals appear.,commercial
acct_9310e5a8e1d3,org_7bccaff854eb,"Aga Khan University, Tanzania",Reporting Organisation,Monitor,21.9,TZ,Tanzania,General health sector,4326.17,0,Monitor,Keep account on market watch until stronger funding or equipment signals appear.,commercial
acct_e1a4fe6e30f6,org_0a13acbf8a25,GROUPE URGENCE REHABILITATION DEVELOPPEMENT,Implementing Partner,Monitor,21.0,KE; KH; NG; SO; ZA; VN; ZW; IN; RW; GH; SY; TL; IQ; EG; YE; TH; MW; MY; PH; PK; JO; BD; ET; MM; SS; CD; ID; NP; TN; TZ; BW; SL,Kenya; KH; NG; Somalia; ZA; VN; ZW; IN; Rwanda; GH; SY; TL; IQ; EG; YE; TH; MW; MY; PH; PK; JO; BD; Ethiopia; MM; South Sudan; Democratic Republic of the Congo; ID; NP; TN; Tanzania; BW; SL,General health sector,0.0,0,Monitor,Keep account on market watch until stronger funding or equipment signals appear.,commercial
acct_0c1853d27b99,org_307a87ab7ab9,"Science, Technology, Innovation, Research and Sustainability Collaboration (STIRS Collaboration)",Implementing Partner,Monitor,21.0,KE; KH; NG; SO; ZA; VN; ZW; IN; RW; GH; SY; TL; IQ; EG; YE; TH; MW; MY; PH; PK; JO; BD; ET; MM; SS; CD; ID; NP; TN; TZ; BW; SL,Kenya; KH; NG; Somalia; ZA; VN; ZW; IN; Rwanda; GH; SY; TL; IQ; EG; YE; TH; MW; MY; PH; PK; JO; BD; Ethiopia; MM; South Sudan; Democratic Republic of the Congo; ID; NP; TN; Tanzania; BW; SL,General health sector,0.0,0,Monitor,Keep account on market watch until stronger funding or equipment signals appear.,commercial
acct_a22de7c3b2e3,org_344cb03ee566,Technology for Social Change and Development Initiative,Implementing Partner,Monitor,21.0,KE; KH; NG; SO; ZA; VN; ZW; IN; RW; GH; SY; TL; IQ; EG; YE; TH; MW; MY; PH; PK; JO; BD; ET; MM; SS; CD; ID; NP; TN; TZ; BW; SL,Kenya; KH; NG; Somalia; ZA; VN; ZW; IN; Rwanda; GH; SY; TL; IQ; EG; YE; TH; MW; MY; PH; PK; JO; BD; Ethiopia; MM; South Sudan; Democratic Republic of the Congo; ID; NP; TN; Tanzania; BW; SL,General health sector,0.0,0,Monitor,Keep account on market watch until stronger funding or equipment signals appear.,commercial
acct_8d86ae7a86ba,org_93672506ba25,WILTON PARK EXECUTIVE AGENCY,Implementing Partner,Monitor,21.0,KE; KH; NG; SO; ZA; VN; ZW; IN; RW; GH; SY; TL; IQ; EG; YE; TH; MW; MY; PH; PK; JO; BD; ET; MM; SS; CD; ID; NP; TN; TZ; ZM; SD,Kenya; KH; NG; Somalia; ZA; VN; ZW; IN; Rwanda; GH; SY; TL; IQ; EG; YE; TH; MW; MY; PH; PK; JO; BD; Ethiopia; MM; South Sudan; Democratic Republic of the Congo; ID; NP; TN; Tanzania; ZM; SD,General health sector,0.0,0,Monitor,Keep account on market watch until stronger funding or equipment signals appear.,commercial
acct_f845c1f0d57b,org_10974d8012f5,Mercy Corps Europe,Implementing Partner,Monitor,21.0,KE; KH; NG; SO; ZA; VN; ZW; IN; RW; GH; SY; TL; IQ; EG; YE; TH; MW; MY; PH; PK; JO; BD; ET; MM; SS; CD; ID; NP; TN; TZ; UG,Kenya; KH; NG; Somalia; ZA; VN; ZW; IN; Rwanda; GH; SY; TL; IQ; EG; YE; TH; MW; MY; PH; PK; JO; BD; Ethiopia; MM; South Sudan; Democratic Republic of the Congo; ID; NP; TN; Tanzania; Uganda,General health sector,0.0,0,Monitor,Keep account on market watch until stronger funding or equipment signals appear.,commercial
acct_531dfcc3febb,org_add0b4d338c4,PwC,Implementing Partner,Monitor,21.0,KE; KH; NG; SO; ZA; VN; ZW; IN; RW; GH; SY; TL; IQ; EG; YE; TH; MW; MY; PH; PK; JO; BD; ET; MM; SS; CD; ID; NP; TN; TZ,Kenya; KH; NG; Somalia; ZA; VN; ZW; IN; Rwanda; GH; SY; TL; IQ; EG; YE; TH; MW; MY; PH; PK; JO; BD; Ethiopia; MM; South Sudan; Democratic Republic of the Congo; ID; NP; TN; Tanzania,General health sector,0.0,0,Monitor,Keep account on market watch until stronger funding or equipment signals appear.,commercial
acct_1cdce009750c,org_9c1ad2417240,Uganda Virus Research Institute (UVRI),Implementing Partner,Monitor,20.3,UG,Uganda,General health sector,0.0,0,Monitor,Keep account on market watch until stronger funding or equipment signals appear.,commercial
acct_82e9eb5414f9,org_344829dafa4a,CHPF,Donor,Monitor,20.0,KE,Kenya,General health sector,0.0,0,Monitor,Keep account on market watch until stronger funding or equipment signals appear.,commercial
acct_49534d0399ef,org_60e4b7b69278,Population Services International (PSI),Donor,Monitor,20.0,SS,South Sudan,General health sector,0.0,0,Monitor,Keep account on market watch until stronger funding or equipment signals appear.,commercial
acct_bae280865e8b,org_3962aa3ef40d,Undefined,Donor,Monitor,20.0,UG,Uganda,General health sector,0.0,0,Monitor,Keep account on market watch until stronger funding or equipment signals appear.,commercial
acct_d7110984be6f,org_888216c6607a,NOR - MINISTRY OF FOREIGN AFFAIRS,Donor,Monitor,20.0,UG,Uganda,General health sector,0.0,0,Monitor,Keep account on market watch until stronger funding or equipment signals appear.,commercial
acct_a9ad3e170937,org_f6ef57ca0563,KOREA INTERN. COOPERATION AGENCY,Donor,Monitor,20.0,UG,Uganda,General health sector,0.0,0,Monitor,Keep account on market watch until stronger funding or equipment signals appear.,commercial
acct_52e625a41bbf,org_2b56065e29ac,HALYK BANK KAZAKHSTAN,Donor,Monitor,20.0,UG,Uganda,General health sector,0.0,0,Monitor,Keep account on market watch until stronger funding or equipment signals appear.,commercial
acct_63f45d053ca9,org_39e6939552b3,COMESA,Donor,Monitor,20.0,UG,Uganda,General health sector,0.0,0,Monitor,Keep account on market watch until stronger funding or equipment signals appear.,commercial
acct_8e5cf0f68911,org_45a11a82dded,"Conflict, Stability and Security Fund (CSSF)",Donor,Monitor,20.0,AF; CO; DZ; EG; IQ; JO; LB; LK; LY; MA; MM; NG; NP; PH; PK; SD; SO; SS; SY; TN; TR; YE,AF; CO; DZ; EG; IQ; JO; LB; LK; LY; MA; MM; NG; NP; PH; PK; SD; Somalia; South Sudan; SY; TN; TR; YE,General health sector,0.0,0,Monitor,Keep account on market watch until stronger funding or equipment signals appear.,commercial
acct_0fdde1603f98,org_b1156dd30c71,JP-8,Donor,Monitor,20.0,KE,Kenya,General health sector,0.0,0,Monitor,Keep account on market watch until stronger funding or equipment signals appear.,commercial
acct_94c08e59eb7c,org_ff667f76de55,Nuffic,Donor,Monitor,20.0,KE,Kenya,General health sector,0.0,0,Monitor,Keep account on market watch until stronger funding or equipment signals appear.,commercial
acct_06a51a786a4a,org_7f6698d8a418,Austrian Development Agency,Donor,Monitor,20.0,UG,Uganda,General health sector,0.0,0,Monitor,Keep account on market watch until stronger funding or equipment signals appear.,commercial
acct_7b343a652c17,org_e2b547c28a30,INTERNATIONAL TELECOMMUNICATIONS UNION,Donor,Monitor,20.0,UG,Uganda,General health sector,0.0,0,Monitor,Keep account on market watch until stronger funding or equipment signals appear.,commercial
acct_f547583edbf7,org_35a578db02ef,GREEN CLIMATE FUND,Donor,Monitor,20.0,UG,Uganda,General health sector,0.0,0,Monitor,Keep account on market watch until stronger funding or equipment signals appear.,commercial
acct_7543890f2abe,org_4bf25948f37b,Gouvernment central (CH),Implementing Partner,Monitor,17.0,TZ; RW; CD,Tanzania; Rwanda; Democratic Republic of the Congo,General health sector,0.0,0,Monitor,Keep account on market watch until stronger funding or equipment signals appear.,commercial
acct_c3b95e7ce2aa,org_0580c75b417c,"Ministry of Health, Elderly, Gender and Children",Implementing Partner,Monitor,17.0,TZ,Tanzania,General health sector,0.0,0,Monitor,Keep account on market watch until stronger funding or equipment signals appear.,commercial
acct_0b8a2b3caf8f,org_a86eafeb4ee5,GAVI,Accountable Agency,Monitor,17.0,RW; KE; TZ,Rwanda; Kenya; Tanzania,General health sector,0.0,0,Monitor,Keep account on market watch until stronger funding or equipment signals appear.,commercial
acct_b0738ed29f71,org_a56edc391015,Danish Refugee Council,Implementing Partner,Monitor,17.0,CD; AO; RW; ET; UG,Democratic Republic of the Congo; AO; Rwanda; Ethiopia; Uganda,General health sector,0.0,0,Monitor,Keep account on market watch until stronger funding or equipment signals appear.,commercial
acct_8b374e0fdb6e,org_c8c76ca4f84e,International Committee of the Red Cross,Implementing Partner,Monitor,17.0,SO; ET,Somalia; Ethiopia,General health sector,0.0,0,Monitor,Keep account on market watch until stronger funding or equipment signals appear.,commercial
acct_18fb48656171,org_a9ddea67277d,arche noVa - Initiative für Menschen in Not e.V.,Implementing Partner,Monitor,17.0,KE; UG,Kenya; Uganda,General health sector,0.0,0,Monitor,Keep account on market watch until stronger funding or equipment signals appear.,commercial
acct_82952ed84ce7,org_ce16b89f4dea,Association of Private Health Providers in Tanzania,Accountable Agency,Monitor,17.0,TZ,Tanzania,General health sector,0.0,0,Monitor,Keep account on market watch until stronger funding or equipment signals appear.,commercial
acct_df1122ef327b,org_ddcc4c679fdb,AVSI FOUNDATION,Implementing Partner,Monitor,17.0,UG,Uganda,General health sector,0.0,0,Monitor,Keep account on market watch until stronger funding or equipment signals appear.,commercial
acct_488ab3462418,org_8ea826fc3415,Christian Social Services Commission,Accountable Agency,Monitor,17.0,TZ,Tanzania,General health sector,0.0,0,Monitor,Keep account on market watch until stronger funding or equipment signals appear.,commercial
acct_32b0cdeb4bcc,org_f0492cacf4bf,OIE,Implementing Partner,Monitor,17.0,KE; ET,Kenya; Ethiopia,General health sector,0.0,0,Monitor,Keep account on market watch until stronger funding or equipment signals appear.,commercial
acct_97f7eb91b08e,org_e0f58c7871ff,REDR AUSTRALIA,Implementing Partner,Monitor,17.0,CD; AO; RW; SO,Democratic Republic of the Congo; AO; Rwanda; Somalia,General health sector,0.0,0,Monitor,Keep account on market watch until stronger funding or equipment signals appear.,commercial
acct_695325caffae,org_e018a5beb090,Stichting ZOA,Implementing Partner,Monitor,17.0,ET,Ethiopia,General health sector,0.0,0,Monitor,Keep account on market watch until stronger funding or equipment signals appear.,commercial
acct_868d64dae0d3,org_78c57f9769ec,Tetra Tech International Development Limited,Implementing Partner,Monitor,17.0,SO,Somalia,General health sector,0.0,0,Monitor,Keep account on market watch until stronger funding or equipment signals appear.,commercial
acct_75595b3f039f,org_3dbe1c6bdd51,"TSDA was established in 2000 in Ethiopia to improve the lives of marginalised groups in the country, in particular vulnerable children, women, and older people living in poverty. TSDA designs and implements participatory projects that aim to prevent the spread of HIV/AIDS, and facilitate income generation and employment opportunities. TSDA has implemented various projects providing care and support for older people, community-based healthcare, education and learning, combating gender-based violence, and providing guidance to older people on how they can earn an income. It also provides food, shelter, and psychosocial and legal support, and is involved in fundraising, campaigning and advocacy. TSDA became a HelpAge global network member in 2018.",Implementing Partner,Monitor,17.0,TZ; ET; PK; UA; GB; MM; LB; UG; MZ; MD,Tanzania; Ethiopia; PK; UA; GB; MM; LB; Uganda; MZ; MD,General health sector,0.0,0,Monitor,Keep account on market watch until stronger funding or equipment signals appear.,commercial
acct_8b3414623e29,org_dc88520ee908,World Organisation for Animal Health (WOAH),Implementing Partner,Monitor,17.0,ET; KE,Ethiopia; Kenya,General health sector,0.0,0,Monitor,Keep account on market watch until stronger funding or equipment signals appear.,commercial
acct_8c33205b2f6e,org_3862c19bfde8,International Development Research Centre,Implementing Partner,Monitor,17.0,UG; ZW; ZA; NG; BW; RW; GH; KE; SL,Uganda; ZW; ZA; NG; BW; Rwanda; GH; Kenya; SL,General health sector,0.0,0,Monitor,Keep account on market watch until stronger funding or equipment signals appear.,commercial
acct_2f8c77169fb0,org_61a36a2d4d9c,Send a Cow Ethiopia,Implementing Partner,Monitor,17.0,ET,Ethiopia,General health sector,0.0,0,Monitor,Keep account on market watch until stronger funding or equipment signals appear.,commercial
acct_a3c16b25ca1a,org_17796d21b28c,World Vision Ethiopia,Implementing Partner,Monitor,17.0,ET,Ethiopia,General health sector,0.0,0,Monitor,Keep account on market watch until stronger funding or equipment signals appear.,commercial
acct_d286ff4969cf,org_04ddabfcb40a,DAWURO DEVELOPMENT ASSOCIATION,Implementing Partner,Monitor,17.0,ET,Ethiopia,General health sector,0.0,0,Monitor,Keep account on market watch until stronger funding or equipment signals appear.,commercial
acct_58d252af7e48,org_0590181734ca,"HelpAge Ethiopia is a network member of HelpAge International, a global network of organizations working towards a fairer world for older people so they can live safe, healthy, and dignified lives. In addition to working with more than 170 network members in 91 countries, HelpAge International operates country program offices in 13 countries across Asia, Africa, the Middle East, and Eastern Europe. Over the years, the HelpAge International Ethiopia office has been engaging in various service provision activities including humanitarian and development assistance. HelpAge International has also played a key role in promoting the rights of older people and building the capacity of partners and stakeholders for sustainable change. These include setting up of advocacy framework and coordinating higher-level policy dialogues; strengthening the capacity of age- inclusive organizations and older people groups to own and demonstrate actions on and supporting consultative process between OPAs and CSO partners on a list of priority issues and agendas, facilitating them to take lead on the day-to-day implementation of project activities at local, district and regional levels. HelpAge International Ethiopia country program enjoys excellent rapport with the National and Local Government Authorities in Ethiopia including the Ministry of Health, Ministry of Women and Social Affairs, The Refugees and Returnees Service, Authority for Civil Society Organizations, and Regional Administration and Local Government structures. The country program also works with Government Institutions, Research/Academic Institutions, UN agencies, Network members, and Local partners based in Ethiopia. HelpAge International Ethiopia country program’s current focus areas are Income security, Healthy Ageing, and Inclusive Humanitarian Action. More specifically, our sectoral interventions address social protection, health and wellbeing, nutrition,voice/advocacy, livelihoods, protection, and inclusion in both humanitarian and development contexts. In line with its organizational commitment to the Charter for Change, a key element of the HelpAge International Global Strategy 2030, HelpAge International has been transitioning all country programs to be locally led and managed by national 2024/25. To this end, HelpAge International`s country office in Ethiopia has been undergoing a series of consultations for the past 3 years with stakeholders` including target beneficiaries to figure out the best option to embrace localization ambition.",Implementing Partner,Monitor,17.0,TZ; ET; PK; UA; GB; MM; LB; UG; MZ; MD,Tanzania; Ethiopia; PK; UA; GB; MM; LB; Uganda; MZ; MD,General health sector,0.0,0,Monitor,Keep account on market watch until stronger funding or equipment signals appear.,commercial
acct_3d6c07428ec4,org_40c7e78ab376,Ministry of Finance,Accountable Agency,Monitor,17.0,KE,Kenya,General health sector,0.0,0,Monitor,Keep account on market watch until stronger funding or equipment signals appear.,commercial
acct_9e18ea4a8637,org_9ae5d7290fea,"FAID is an initiative of a group of volunteers with many years of experience in the field of ageing. The objective of this initiative is to work for the wellbeing of older people in Pakistan and to raises awareness about ageing and support the government, private sector, civil society, academia, and families to get prepared as a country with appropriate age-friendly policies, programs, services, systems and environments to cater for the needs of the old people of now as well those in of future.",Implementing Partner,Monitor,17.0,TZ; ET; PK; UA; GB; MM; LB; UG; MZ; MD,Tanzania; Ethiopia; PK; UA; GB; MM; LB; Uganda; MZ; MD,General health sector,0.0,0,Monitor,Keep account on market watch until stronger funding or equipment signals appear.,commercial
acct_49f994f558d5,org_d5cf9a20c5db,"Ensure older people in Tanzania have equal access to resources and services. Seeking the mainstreaming of ageing issues into the development agenda of the country, thereby alleviating intergenerational poverty that affects older people and their dependants.",Implementing Partner,Monitor,17.0,TZ; ET; PK; UA; GB; MM; LB; UG; MZ; MD,Tanzania; Ethiopia; PK; UA; GB; MM; LB; Uganda; MZ; MD,General health sector,0.0,0,Monitor,Keep account on market watch until stronger funding or equipment signals appear.,commercial
acct_cfaadb8ff4b1,org_031675917896,Marie Stopes International,Accountable Agency,Monitor,17.0,TZ,Tanzania,General health sector,0.0,0,Monitor,Keep account on market watch until stronger funding or equipment signals appear.,commercial
acct_42b920ce2686,org_8ef0db369406,Gouvernement du donneur,Implementing Partner,Monitor,17.0,SO,Somalia,General health sector,0.0,0,Monitor,Keep account on market watch until stronger funding or equipment signals appear.,commercial
acct_e4aaf89db0e0,org_eebcbbbbb99b,Action Against Hunger,Implementing Partner,Monitor,17.0,UG,Uganda,General health sector,0.0,0,Monitor,Keep account on market watch until stronger funding or equipment signals appear.,commercial
acct_e94c052ebf94,org_9e11dc4cdf4e,Action for Social Development and Environmental Protection Organization,Implementing Partner,Monitor,17.0,ET,Ethiopia,General health sector,0.0,0,Monitor,Keep account on market watch until stronger funding or equipment signals appear.,commercial
acct_b62dbd27d012,org_12a925f90839,AFRICAN ADVANCED LEVEL TELECOM INSTITUTE,Implementing Partner,Monitor,17.0,ZW; ZA; NG; BW; RW; GH; KE; SL,ZW; ZA; NG; BW; Rwanda; GH; Kenya; SL,General health sector,0.0,0,Monitor,Keep account on market watch until stronger funding or equipment signals appear.,commercial
acct_b056697a3af9,org_2c99f45860e7,AFRICAN CENTRE FOR TECHNOLOGY STUDIES,Implementing Partner,Monitor,17.0,ZW; ZA; NG; BW; RW; GH; KE; SL,ZW; ZA; NG; BW; Rwanda; GH; Kenya; SL,General health sector,0.0,0,Monitor,Keep account on market watch until stronger funding or equipment signals appear.,commercial
acct_30419c3f3c12,org_18d34e0e72f9,Alisa Hotel North Ridge,Implementing Partner,Monitor,17.0,ZW; ZA; NG; BW; RW; GH; KE; SL,ZW; ZA; NG; BW; Rwanda; GH; Kenya; SL,General health sector,0.0,0,Monitor,Keep account on market watch until stronger funding or equipment signals appear.,commercial
acct_6d0430a8f939,org_cad318f7b51f,"ARMOR Organization is an indigenous, non-governmental, humanitarian organization registered with the FDRE Authority for Civil Society Organizations (ACSO) in 2016 and renewed in 2022. Founded and led by Alemtsehay Sahle Makonnen, ARMOR operates across all regional states of Ethiopia to assist Ethiopian people in fighting poverty and living a satisfactory life through its 8 integrated projects: ARMOR-CUP, ARMOR-Elderly, ARMOR-Women, ARMOR-Water, ARMOR-Health, ARMOREducation, ARMOR-Children, and ARMOR-Agriculture",Implementing Partner,Monitor,17.0,PK; MM; LB; UG; MZ; TZ; ET; MD; GB,PK; MM; LB; Uganda; MZ; Tanzania; Ethiopia; MD; GB,General health sector,0.0,0,Monitor,Keep account on market watch until stronger funding or equipment signals appear.,commercial
acct_b35c40149412,org_3dbb366b0cc9,BAYFRONT INFRASTRUCTURE CAPITAL IV,Implementing Partner,Monitor,17.0,MY; PH; KE; TH,MY; PH; Kenya; TH,General health sector,0.0,0,Monitor,Keep account on market watch until stronger funding or equipment signals appear.,commercial
acct_61114b7e0081,org_603893156cbf,"Blue Veins envisions a world free from violence and discrimination and where every individual lives with dignity and is equally empowered to reach their fullest potential. Our mission is to work together in harmony with a higher spirit to improve the quality of life of women, children, and transgender to establish a people-centered framework for empowerment, sustainable health, and a social development to guide and build up a culture of cooperation and partnership and to respond to the immediate needs of those who are vulnerable. More info in the website: https://blueveins.org/",Implementing Partner,Monitor,17.0,PK; MM; LB; UG; MZ; TZ; ET; MD; GB,PK; MM; LB; Uganda; MZ; Tanzania; Ethiopia; MD; GB,General health sector,0.0,0,Monitor,Keep account on market watch until stronger funding or equipment signals appear.,commercial
acct_d55564043719,org_d98ad834e7ed,CBM - Christoffel-Blindenmission Deutschland e.V.,Accountable Agency,Monitor,17.0,CD,Democratic Republic of the Congo,General health sector,0.0,0,Monitor,Keep account on market watch until stronger funding or equipment signals appear.,commercial
acct_64ccc6b7c5fb,org_cc3dceb8ee9d,Cellule de Recherche en Santé de la Reproduction de Côte d'Ivoire (CRESAR-CI),Implementing Partner,Monitor,17.0,GB; NG; CM; KE; CI; ZA,GB; NG; CM; Kenya; CI; ZA,General health sector,0.0,0,Monitor,Keep account on market watch until stronger funding or equipment signals appear.,commercial
acct_c2971109aa13,org_4abe7068c1e2,Center for Food and Adequate Living Rights (CEFROHT),Implementing Partner,Monitor,17.0,BD; GH; ID; KE; MR; NP; LK; TZ; TH; UG,BD; GH; ID; Kenya; MR; NP; LK; Tanzania; TH; Uganda,General health sector,0.0,0,Monitor,Keep account on market watch until stronger funding or equipment signals appear.,commercial
acct_fa35973ec0d5,org_4267adb49a6b,Center for Indonesia's Strategic Development Initiatives (CISDI),Implementing Partner,Monitor,17.0,BD; GH; ID; KE; MR; NP; LK; TZ; TH; UG,BD; GH; ID; Kenya; MR; NP; LK; Tanzania; TH; Uganda,General health sector,0.0,0,Monitor,Keep account on market watch until stronger funding or equipment signals appear.,commercial
acct_bc72f0277889,org_711e30de5f9e,Center for Law and Policy Affairs (CLPA),Implementing Partner,Monitor,17.0,BD; GH; ID; KE; MR; NP; LK; TZ; TH; UG,BD; GH; ID; Kenya; MR; NP; LK; Tanzania; TH; Uganda,General health sector,0.0,0,Monitor,Keep account on market watch until stronger funding or equipment signals appear.,commercial
acct_7e976a3f0964,org_432bd48d7246,CHASP ADVISORY LTD,Implementing Partner,Monitor,17.0,KE,Kenya,General health sector,0.0,0,Monitor,Keep account on market watch until stronger funding or equipment signals appear.,commercial
acct_265969b00d76,org_3c17574bad2b,ChildFund Deutschland e.V.,Implementing Partner,Monitor,17.0,ET,Ethiopia,General health sector,0.0,0,Monitor,Keep account on market watch until stronger funding or equipment signals appear.,commercial
acct_1fba9fdd5e60,org_af8281a3b49f,Chirurgie solidaire,Implementing Partner,Monitor,17.0,ET,Ethiopia,General health sector,0.0,0,Monitor,Keep account on market watch until stronger funding or equipment signals appear.,commercial
acct_c3b49660daec,org_2c9a80689356,CISP (Comitato Internazionale per lo Sviluppo dei Popoli-International Committee for the Development of Peoples),Implementing Partner,Monitor,17.0,ET,Ethiopia,General health sector,0.0,0,Monitor,Keep account on market watch until stronger funding or equipment signals appear.,commercial
acct_fc109ef7c426,org_584eaa92001a,Clinton Health Access Initiative (CHAI),Implementing Partner,Monitor,17.0,GB; NG; CM; KE; CI; ZA,GB; NG; CM; Kenya; CI; ZA,General health sector,0.0,0,Monitor,Keep account on market watch until stronger funding or equipment signals appear.,commercial
acct_3d6b91620170,org_237e12021b26,Coalition of Actors for Public Health Advocacy LBG (CAPHA),Implementing Partner,Monitor,17.0,BD; GH; ID; KE; MR; NP; LK; TZ; TH; UG,BD; GH; ID; Kenya; MR; NP; LK; Tanzania; TH; Uganda,General health sector,0.0,0,Monitor,Keep account on market watch until stronger funding or equipment signals appear.,commercial
acct_9e710d95502b,org_af08f743a3b0,Comitato Internazionale per Lo Sviluppo dei Popoli (CISP),Implementing Partner,Monitor,17.0,ET,Ethiopia,General health sector,0.0,0,Monitor,Keep account on market watch until stronger funding or equipment signals appear.,commercial
acct_3672f653751c,org_72abef57034d,Commission Diocésaine Justice et Paix,Implementing Partner,Monitor,17.0,CD,Democratic Republic of the Congo,General health sector,0.0,0,Monitor,Keep account on market watch until stronger funding or equipment signals appear.,commercial
acct_a6f4e027cbea,org_016332a1ce1e,Commission for Imp. of Constitution,Accountable Agency,Monitor,17.0,KE,Kenya,General health sector,0.0,0,Monitor,Keep account on market watch until stronger funding or equipment signals appear.,commercial
acct_1be7346f6f0a,org_6e45a16b9d7d,CONSTELLIA PUBLIC LTD,Implementing Partner,Monitor,17.0,MY; PH; KE; TH,MY; PH; Kenya; TH,General health sector,0.0,0,Monitor,Keep account on market watch until stronger funding or equipment signals appear.,commercial
acct_6bccae5b1259,org_332ce5735d32,COWATER INTERNATIONAL INC,Implementing Partner,Monitor,17.0,RW,Rwanda,General health sector,0.0,0,Monitor,Keep account on market watch until stronger funding or equipment signals appear.,commercial
acct_d24959523ff6,org_5b36fc5730f4,DAI DEVELOPMENT ACTIVITIES INT L LTD,Implementing Partner,Monitor,17.0,ZW; ZA; NG; BW; RW; GH; KE; SL,ZW; ZA; NG; BW; Rwanda; GH; Kenya; SL,General health sector,0.0,0,Monitor,Keep account on market watch until stronger funding or equipment signals appear.,commercial
acct_2e0ba9691835,org_3a3a77eabbf9,David Umahi Federal University of Health Sciences (DUFUHS),Implementing Partner,Monitor,17.0,GB; NG; CM; KE; CI; ZA,GB; NG; CM; Kenya; CI; ZA,General health sector,0.0,0,Monitor,Keep account on market watch until stronger funding or equipment signals appear.,commercial
acct_7141ace59187,org_80724a960426,Dentons UK and Middle East LLP,Implementing Partner,Monitor,17.0,MY; PH; KE; TH,MY; PH; Kenya; TH,General health sector,0.0,0,Monitor,Keep account on market watch until stronger funding or equipment signals appear.,commercial
acct_58e9d4648e1d,org_d9d26e6530ad,Dignity Period,Implementing Partner,Monitor,17.0,ET,Ethiopia,General health sector,0.0,0,Monitor,Keep account on market watch until stronger funding or equipment signals appear.,commercial
acct_e02621a5a480,org_08355e10553f,"EIKOS Verein für Entwicklung, Inklusion und Kommunikation mit Ost und Süd",Implementing Partner,Monitor,17.0,UG,Uganda,General health sector,0.0,0,Monitor,Keep account on market watch until stronger funding or equipment signals appear.,commercial
acct_fc957fef36ef,org_67569d6541ee,ELDOHUB INNOVATIONS AND TECHNOLOGIES LTD,Implementing Partner,Monitor,17.0,ZW; ZA; NG; BW; RW; GH; KE; SL,ZW; ZA; NG; BW; Rwanda; GH; Kenya; SL,General health sector,0.0,0,Monitor,Keep account on market watch until stronger funding or equipment signals appear.,commercial
acct_c013da3fd477,org_e73fe28c3227,"Established in 2003, “HELP IN NEED” (HIN) is working to assist and improve the lives of deprived communities of Pakistan irrespective of race, gender, color or religion discrimination. HIN is non-political, & not for profit social organization duly registered with Securities & Exchange Commission of Pakistan (SECP) under section 42 of the companies, ordinance 1984 under the company Registration no of 0065549. The organization is also certified by Pakistan Centre for Philanthropy (PCP) meeting its certification standards in the areas of internal governance, financial management & program delivery. It also has tax exemption certificate (under section 2(36) of the income tax from Federal Board of Revenue (FBR) government of Pakistan.",Implementing Partner,Monitor,17.0,PK; MM; LB; UG; MZ; TZ; ET; MD; GB,PK; MM; LB; Uganda; MZ; Tanzania; Ethiopia; MD; GB,General health sector,0.0,0,Monitor,Keep account on market watch until stronger funding or equipment signals appear.,commercial
acct_9fc523a0c95b,org_d0aca448626f,Federation of Uganda Employers,Implementing Partner,Monitor,17.0,UG,Uganda,General health sector,0.0,0,Monitor,Keep account on market watch until stronger funding or equipment signals appear.,commercial
acct_de23d0e814c4,org_d1a51f08b185,FOOD AND AGRICULTURE ORGANISATION OF THE UNITED NATIONS,Implementing Partner,Monitor,17.0,SO,Somalia,General health sector,0.0,0,Monitor,Keep account on market watch until stronger funding or equipment signals appear.,commercial
acct_e7f2d77d583b,org_56dbb43a6fdb,Forum for Protection of Consumer Rights Nepal (FPCRN),Implementing Partner,Monitor,17.0,BD; GH; ID; KE; MR; NP; LK; TZ; TH; UG,BD; GH; ID; Kenya; MR; NP; LK; Tanzania; TH; Uganda,General health sector,0.0,0,Monitor,Keep account on market watch until stronger funding or equipment signals appear.,commercial
acct_155e88b5a324,org_097f41dd45e3,Government of South Sudan (Ministry of Health),Implementing Partner,Monitor,17.0,SS,South Sudan,General health sector,0.0,0,Monitor,Keep account on market watch until stronger funding or equipment signals appear.,commercial
acct_396268e563d1,org_f7b9490a0e5f,GREEN GUARANTEE COMPANY LTD,Implementing Partner,Monitor,17.0,MY; PH; KE; TH,MY; PH; Kenya; TH,General health sector,0.0,0,Monitor,Keep account on market watch until stronger funding or equipment signals appear.,commercial
acct_0f022a61ee35,org_dc59c9f52b02,GROWTHPAD DIGITAL MEDIA GROUP,Implementing Partner,Monitor,17.0,ZW; ZA; NG; BW; RW; GH; KE; SL,ZW; ZA; NG; BW; Rwanda; GH; Kenya; SL,General health sector,0.0,0,Monitor,Keep account on market watch until stronger funding or equipment signals appear.,commercial
acct_043136188290,org_6519a74b579f,Habitat for Humanity Deutschland e.V.,Implementing Partner,Monitor,17.0,UG,Uganda,General health sector,0.0,0,Monitor,Keep account on market watch until stronger funding or equipment signals appear.,commercial
acct_968f441f9089,org_dae3314f4059,Hanze University of Applied Sciences,Implementing Partner,Monitor,17.0,KE,Kenya,General health sector,0.0,0,Monitor,Keep account on market watch until stronger funding or equipment signals appear.,commercial
acct_d8186c8d6704,org_f9ecce25b261,HELIOS CLEAR FUND SCSP,Implementing Partner,Monitor,17.0,MY; PH; KE; TH,MY; PH; Kenya; TH,General health sector,0.0,0,Monitor,Keep account on market watch until stronger funding or equipment signals appear.,commercial
acct_0836fb475d8c,org_b696739ac45e,HHOJ,Implementing Partner,Monitor,17.0,ET,Ethiopia,General health sector,0.0,0,Monitor,Keep account on market watch until stronger funding or equipment signals appear.,commercial
acct_813b2cc63a38,org_b6b149e95a2a,Hospice Ethiopia,Implementing Partner,Monitor,17.0,ET,Ethiopia,General health sector,0.0,0,Monitor,Keep account on market watch until stronger funding or equipment signals appear.,commercial
acct_54bc6400e479,org_1f922b225ebf,IBRD - INTERNATIONAL BANK FOR RECONSTRUCTION AND DEVELOPMENT,Implementing Partner,Monitor,17.0,ET,Ethiopia,General health sector,0.0,0,Monitor,Keep account on market watch until stronger funding or equipment signals appear.,commercial
acct_f7e74c7c75f7,org_22b0db5a6b41,IMPACT Initiatives,Implementing Partner,Monitor,17.0,ET,Ethiopia,General health sector,0.0,0,Monitor,Keep account on market watch until stronger funding or equipment signals appear.,commercial
acct_05264b34c9b9,org_b210b8ad5f7b,Infinity Foundation,Implementing Partner,Monitor,17.0,BD; GH; ID; KE; MR; NP; LK; TZ; TH; UG,BD; GH; ID; Kenya; MR; NP; LK; Tanzania; TH; Uganda,General health sector,0.0,0,Monitor,Keep account on market watch until stronger funding or equipment signals appear.,commercial
acct_29dc9bf132b5,org_05bb4a0778c3,INTERPLAST - Germany e.V.,Implementing Partner,Monitor,17.0,TZ,Tanzania,General health sector,0.0,0,Monitor,Keep account on market watch until stronger funding or equipment signals appear.,commercial
acct_85f68cf43373,org_e76cffea1b13,"INVEA - IMMIGRATION, NATIONALITY AND VITAL EVENTS AGENCY ALT",Implementing Partner,Monitor,17.0,ET,Ethiopia,General health sector,0.0,0,Monitor,Keep account on market watch until stronger funding or equipment signals appear.,commercial
acct_ff4e6fce123d,org_36a21e6689e6,IOM,Implementing Partner,Monitor,17.0,SO,Somalia,General health sector,0.0,0,Monitor,Keep account on market watch until stronger funding or equipment signals appear.,commercial
acct_392d7666b4e7,org_62ac35b56509,"Is a non-profit, non-governmental organisation (NGO) based in Magu, Mwanza Region. MAPERECE was established in 1993.In 1994 MAPERECE was registered as a Non-Governmental Organization (NGO) under the cooperative ordinance of 1954. In 2005 MAPERECE was registered again as a non-governmental organization to operate nationally (Tanzania main land) under the Non-Government Organizations Act of 2002. Magu Poverty focus on Older People's Rehabilitation Center",Implementing Partner,Monitor,17.0,PK; MM; LB; UG; MZ; TZ; ET; MD; GB,PK; MM; LB; Uganda; MZ; Tanzania; Ethiopia; MD; GB,General health sector,0.0,0,Monitor,Keep account on market watch until stronger funding or equipment signals appear.,commercial
acct_dab78e45815d,org_107177c61b83,ITAD LTD,Implementing Partner,Monitor,17.0,CD; AO; RW,Democratic Republic of the Congo; AO; Rwanda,General health sector,0.0,0,Monitor,Keep account on market watch until stronger funding or equipment signals appear.,commercial
acct_0776aeeed6db,org_2f276fdd8345,JASPER SEMU AND ASSOCIATES CPAS,Implementing Partner,Monitor,17.0,UG,Uganda,General health sector,0.0,0,Monitor,Keep account on market watch until stronger funding or equipment signals appear.,commercial
acct_f694f45008f4,org_efba86226696,Kayah Phu Social Service and Development Association (KPSSDA),Implementing Partner,Monitor,17.0,SS,South Sudan,General health sector,0.0,0,Monitor,Keep account on market watch until stronger funding or equipment signals appear.,commercial
acct_3a77690574e8,org_1c0812150f0b,KEMRI Centre for Global Health Research,Implementing Partner,Monitor,17.0,GB; NG; CM; KE; CI; ZA,GB; NG; CM; Kenya; CI; ZA,General health sector,0.0,0,Monitor,Keep account on market watch until stronger funding or equipment signals appear.,commercial
acct_172aad64d401,org_21d83f975092,Kenya Legal and Ethical Issues Network on HIV & AIDS (KELIN),Implementing Partner,Monitor,17.0,BD; GH; ID; KE; MR; NP; LK; TZ; TH; UG,BD; GH; ID; Kenya; MR; NP; LK; Tanzania; TH; Uganda,General health sector,0.0,0,Monitor,Keep account on market watch until stronger funding or equipment signals appear.,commercial
acct_94e80afe7b3f,org_30bd86165089,Kindernothilfe e.V.,Implementing Partner,Monitor,17.0,ET,Ethiopia,General health sector,0.0,0,Monitor,Keep account on market watch until stronger funding or equipment signals appear.,commercial
acct_49c1b081fc77,org_7e298048ca4a,KPMG LLP,Implementing Partner,Monitor,17.0,CD; AO; RW,Democratic Republic of the Congo; AO; Rwanda,General health sector,0.0,0,Monitor,Keep account on market watch until stronger funding or equipment signals appear.,commercial
acct_d8c4afe4d301,org_70247eace3fa,LIONS HEAD GLOBAL PARTNERS,Implementing Partner,Monitor,17.0,MY; PH; KE; TH,MY; PH; Kenya; TH,General health sector,0.0,0,Monitor,Keep account on market watch until stronger funding or equipment signals appear.,commercial
acct_f4309f2eb6d7,org_3aaa7c1fd7b4,Local Administrative Entities Development Agency,Implementing Partner,Monitor,17.0,RW,Rwanda,General health sector,0.0,0,Monitor,Keep account on market watch until stronger funding or equipment signals appear.,commercial
acct_f3b02793a4af,org_67ca6ebd37c6,LONDON STOCK EXCHANGE PLC,Implementing Partner,Monitor,17.0,MY; PH; KE; TH,MY; PH; Kenya; TH,General health sector,0.0,0,Monitor,Keep account on market watch until stronger funding or equipment signals appear.,commercial
acct_f610ef845b60,org_d745678846f5,Lutheran World Federation,Implementing Partner,Monitor,17.0,ET,Ethiopia,General health sector,0.0,0,Monitor,Keep account on market watch until stronger funding or equipment signals appear.,commercial
acct_7f45220216e0,org_06f7ff6af0f7,Lutheran World Federation (LWF),Implementing Partner,Monitor,17.0,ET,Ethiopia,General health sector,0.0,0,Monitor,Keep account on market watch until stronger funding or equipment signals appear.,commercial
acct_37a10fb64405,org_56f6706f5e90,Maastricht University,Implementing Partner,Monitor,17.0,KE,Kenya,General health sector,0.0,0,Monitor,Keep account on market watch until stronger funding or equipment signals appear.,commercial
acct_19a42f42b285,org_5e81ad6b94f4,Maastricht University School of Health Professions Education SHE Collaborates (SHEC),Accountable Agency,Monitor,17.0,KE,Kenya,General health sector,0.0,0,Monitor,Keep account on market watch until stronger funding or equipment signals appear.,commercial
acct_9529c33f1509,org_505f53c508b6,Mariam Seba Sanitary Products Factory,Implementing Partner,Monitor,17.0,ET,Ethiopia,General health sector,0.0,0,Monitor,Keep account on market watch until stronger funding or equipment signals appear.,commercial
acct_ea0ce7f80b83,org_a4cc042da644,MAYBANK SECURITIES THAILAND PLC,Implementing Partner,Monitor,17.0,MY; PH; KE; TH,MY; PH; Kenya; TH,General health sector,0.0,0,Monitor,Keep account on market watch until stronger funding or equipment signals appear.,commercial
acct_ff57caa4740f,org_e5f960f49337,Ministry of Finance (Account 2),Implementing Partner,Monitor,17.0,ET,Ethiopia,General health sector,0.0,0,Monitor,Keep account on market watch until stronger funding or equipment signals appear.,commercial
acct_b6178887cac7,org_ef4c555b1aab,MINISTRY OF FINANCE ETHIOPIA ALT,Implementing Partner,Monitor,17.0,ET,Ethiopia,General health sector,0.0,0,Monitor,Keep account on market watch until stronger funding or equipment signals appear.,commercial
acct_88651fb79ccf,org_5aaf4eccd9f6,Ministry of Health and Social Welfare,Accountable Agency,Monitor,17.0,TZ,Tanzania,General health sector,0.0,0,Monitor,Keep account on market watch until stronger funding or equipment signals appear.,commercial
acct_c450eaabe6ec,org_24224f41bb60,Missionszentrale der Franziskaner e.V.,Implementing Partner,Monitor,17.0,KE,Kenya,General health sector,0.0,0,Monitor,Keep account on market watch until stronger funding or equipment signals appear.,commercial
acct_4ec50de44821,org_3f1ccc999e9c,NAWAD,Implementing Partner,Monitor,17.0,UG,Uganda,General health sector,0.0,0,Monitor,Keep account on market watch until stronger funding or equipment signals appear.,commercial
acct_924f6b629b0f,org_34ab13f1426a,NCD Alliance Association of Thailand,Implementing Partner,Monitor,17.0,BD; GH; ID; KE; MR; NP; LK; TZ; TH; UG,BD; GH; ID; Kenya; MR; NP; LK; Tanzania; TH; Uganda,General health sector,0.0,0,Monitor,Keep account on market watch until stronger funding or equipment signals appear.,commercial
acct_4d8678f10dda,org_b7968ff5628d,Netherlands Red Cross Society (NLRC),Implementing Partner,Monitor,17.0,UG,Uganda,General health sector,0.0,0,Monitor,Keep account on market watch until stronger funding or equipment signals appear.,commercial
acct_e740e04e0fc6,org_cee01591fcff,NORWEGIAN REFUGEE COUNCIL,Implementing Partner,Monitor,17.0,SO,Somalia,General health sector,0.0,0,Monitor,Keep account on market watch until stronger funding or equipment signals appear.,commercial
acct_3f2234c250d4,org_c27825e7162d,OFFICE FOR NATIONAL STATISTICS (HMPG),Implementing Partner,Monitor,17.0,CD; ZM; MW; SD,Democratic Republic of the Congo; ZM; MW; SD,General health sector,0.0,0,Monitor,Keep account on market watch until stronger funding or equipment signals appear.,commercial
acct_673d921638b2,org_852dbf8d2cdd,ora Kinderhilfe International e.V.,Implementing Partner,Monitor,17.0,RW,Rwanda,General health sector,0.0,0,Monitor,Keep account on market watch until stronger funding or equipment signals appear.,commercial
acct_d3033d9df00f,org_d24d1a2ec780,OUR MISSION is to create an environment where GRANDMOTHERS’ RIGHTS AND NEEDS are prioritized and integrated in all national programs in Uganda.,Implementing Partner,Monitor,17.0,PK; MM; LB; UG; MZ; TZ; ET; MD; GB,PK; MM; LB; Uganda; MZ; Tanzania; Ethiopia; MD; GB,General health sector,0.0,0,Monitor,Keep account on market watch until stronger funding or equipment signals appear.,commercial
acct_0b6e2661c2d9,org_218d253698fc,"Our vision is a just, equitable, and empowered society where youth, women, and elders actively contribute to sustainable social and economic progress. Our mission is to empower youth, women, and elders with skills, opportunities, and networks that promote entrepreneurship, social impact, and community leadership, fostering inclusive and sustainable development. Our objectives and goals focus on strengthening economic empowerment, social inclusion and intergenerational collaboration, and environmental sustainability by equipping communities with practical skills, expanding access to opportunities, and promoting leadership, innovation, and resilient livelihoods.",Implementing Partner,Monitor,17.0,PK; MM; LB; UG; MZ; TZ; ET; MD; GB,PK; MM; LB; Uganda; MZ; Tanzania; Ethiopia; MD; GB,General health sector,0.0,0,Monitor,Keep account on market watch until stronger funding or equipment signals appear.,commercial
acct_3ce2ffe94e85,org_20e568649058,Oxfam Deutschland e.V.,Accountable Agency,Monitor,17.0,CD,Democratic Republic of the Congo,General health sector,0.0,0,Monitor,Keep account on market watch until stronger funding or equipment signals appear.,commercial
acct_cdfd6b300243,org_e7dc106a3367,PAN ATLANTIC UNIVERSITY FOUNDATION,Implementing Partner,Monitor,17.0,ZW; ZA; NG; BW; RW; GH; KE; SL,ZW; ZA; NG; BW; Rwanda; GH; Kenya; SL,General health sector,0.0,0,Monitor,Keep account on market watch until stronger funding or equipment signals appear.,commercial
acct_e629235bd39a,org_46ac0e53634e,Partnership for Pastoralists Development Association,Implementing Partner,Monitor,17.0,ET,Ethiopia,General health sector,0.0,0,Monitor,Keep account on market watch until stronger funding or equipment signals appear.,commercial
acct_49d7c8f3217c,org_99b0ea91c0b3,"PCAU was established in 1999 and registered in 2003. It works to accelerate the integration of palliative care in the health care system in Uganda through capacity building, research, and resource mobilization. Additionally, it works in capacity building of health workers and the health care system strengthening on issues of pain management and palliative care.",Implementing Partner,Monitor,17.0,PK; MM; LB; UG; MZ; TZ; ET; MD; GB,PK; MM; LB; Uganda; MZ; Tanzania; Ethiopia; MD; GB,General health sector,0.0,0,Monitor,Keep account on market watch until stronger funding or equipment signals appear.,commercial
acct_60fc4e262938,org_48dc1f028311,PKF UGANDA,Implementing Partner,Monitor,17.0,UG,Uganda,General health sector,0.0,0,Monitor,Keep account on market watch until stronger funding or equipment signals appear.,commercial
acct_646da64ecfd7,org_19b2abc5c429,Please add,Implementing Partner,Monitor,17.0,PK; MM; LB; UG; MZ; TZ; ET; MD; GB,PK; MM; LB; Uganda; MZ; Tanzania; Ethiopia; MD; GB,General health sector,0.0,0,Monitor,Keep account on market watch until stronger funding or equipment signals appear.,commercial
acct_14bd9aef46ce,org_7219fb3be65c,POLICY AND LEGAL ADVOCACY CENTRE,Implementing Partner,Monitor,17.0,ZW; ZA; NG; BW; RW; GH; KE; SL,ZW; ZA; NG; BW; Rwanda; GH; Kenya; SL,General health sector,0.0,0,Monitor,Keep account on market watch until stronger funding or equipment signals appear.,commercial
acct_2a66bd85ea64,org_b31d3973c199,Reach One Touch One Ministries (ROTOM) is a non-denominational Christian organization reaching out to older persons and children in their care.,Implementing Partner,Monitor,17.0,PK; MM; LB; UG; MZ; TZ; ET; MD; GB,PK; MM; LB; Uganda; MZ; Tanzania; Ethiopia; MD; GB,General health sector,0.0,0,Monitor,Keep account on market watch until stronger funding or equipment signals appear.,commercial
acct_f7882d812ca9,org_3d096b248d19,Reproductive Health Network Kenya,Implementing Partner,Monitor,17.0,KE,Kenya,General health sector,0.0,0,Monitor,Keep account on market watch until stronger funding or equipment signals appear.,commercial
acct_694636f1b851,org_050d17da50af,SaferWorld,Implementing Partner,Monitor,17.0,SS,South Sudan,General health sector,0.0,0,Monitor,Keep account on market watch until stronger funding or equipment signals appear.,commercial
acct_3a46d7c25664,org_ad63b99fa6f4,Shore Capital Stockbrokers Limited,Implementing Partner,Monitor,17.0,MY; PH; KE; TH,MY; PH; Kenya; TH,General health sector,0.0,0,Monitor,Keep account on market watch until stronger funding or equipment signals appear.,commercial
acct_20d8feaa55b9,org_124bae7ca778,Sikika,Accountable Agency,Monitor,17.0,TZ,Tanzania,General health sector,0.0,0,Monitor,Keep account on market watch until stronger funding or equipment signals appear.,commercial
acct_cd1d8dd06ad7,org_26fb0e85c7cf,SOS-Kinderdörfer weltweit Hermann-Gmeiner-Fonds Deutschland e.V.,Implementing Partner,Monitor,17.0,ET,Ethiopia,General health sector,0.0,0,Monitor,Keep account on market watch until stronger funding or equipment signals appear.,commercial
acct_c753d190a374,org_7d823aca1ef5,Strathmore University Business School,Implementing Partner,Monitor,17.0,SS,South Sudan,General health sector,0.0,0,Monitor,Keep account on market watch until stronger funding or equipment signals appear.,commercial
acct_9a3f1d146f95,org_9c99e76cc99c,StrongMinds,Implementing Partner,Monitor,17.0,UG,Uganda,General health sector,0.0,0,Monitor,Keep account on market watch until stronger funding or equipment signals appear.,commercial
acct_5066cfa61c0c,org_59056027c583,Tanzania NCD Alliance (TANCDA),Implementing Partner,Monitor,17.0,BD; GH; ID; KE; MR; NP; LK; TZ; TH; UG,BD; GH; ID; Kenya; MR; NP; LK; Tanzania; TH; Uganda,General health sector,0.0,0,Monitor,Keep account on market watch until stronger funding or equipment signals appear.,commercial
acct_64c492abaa01,org_093a26a06d95,Tanzania Women Lawyers Association (TAWLA),Implementing Partner,Monitor,17.0,BD; GH; ID; KE; MR; NP; LK; TZ; TH; UG,BD; GH; ID; Kenya; MR; NP; LK; Tanzania; TH; Uganda,General health sector,0.0,0,Monitor,Keep account on market watch until stronger funding or equipment signals appear.,commercial
acct_17812e12fe7a,org_eab1ad0e7de2,Terre des Hommes Deutschland e.V. Hilfe für Kinder in Not,Implementing Partner,Monitor,17.0,SS,South Sudan,General health sector,0.0,0,Monitor,Keep account on market watch until stronger funding or equipment signals appear.,commercial
acct_fc62ced7abbb,org_91a7cb155373,THE BOMA PROJECT,Implementing Partner,Monitor,17.0,KE,Kenya,General health sector,0.0,0,Monitor,Keep account on market watch until stronger funding or equipment signals appear.,commercial
acct_1c632dbc2c90,org_85bcd86a92b6,THE BRITISH COUNCIL,Implementing Partner,Monitor,17.0,ZW; ZA; NG; BW; RW; GH; KE; SL,ZW; ZA; NG; BW; Rwanda; GH; Kenya; SL,General health sector,0.0,0,Monitor,Keep account on market watch until stronger funding or equipment signals appear.,commercial
acct_c4b1c2a4b817,org_4741b92eb9ba,The Federation of Kenya Employers,Implementing Partner,Monitor,17.0,KE,Kenya,General health sector,0.0,0,Monitor,Keep account on market watch until stronger funding or equipment signals appear.,commercial
acct_9eb7f63fcd31,org_ae107568cbea,"The purpose of ASA is to support communities in finding sustainable solutions to their social problems, focusing on the areas of agriculture, water and sanitation, education, health, advocacy and communication, and spirituality. The objectives of ASA are to: a) Stimulate the integral development of communities; b) Promote the sustainable development of communities, in cooperation with other similar and/or religious and humanitarian institutions; c) Encourage the strengthening of the organizational and institutional capacity of communities, with a view to the self-satisfaction of their basic needs and the development of a participatory community life; d) Promote actions that contribute to human development, as well as to harmony and dignity among people. ASA's MISSION is to Promote the pursuit of peace and sustainable solutions that contribute to holistic development aimed at the well-being of the human being and the preservation of God's creation.. ASA's VISION communities with integral and abundant life.",Implementing Partner,Monitor,17.0,PK; MM; LB; UG; MZ; TZ; ET; MD; GB,PK; MM; LB; Uganda; MZ; Tanzania; Ethiopia; MD; GB,General health sector,0.0,0,Monitor,Keep account on market watch until stronger funding or equipment signals appear.,commercial
acct_7e1b80cfe0c2,org_c8053b2f9f31,Uganda National Meteorological Authority,Implementing Partner,Monitor,17.0,UG,Uganda,General health sector,0.0,0,Monitor,Keep account on market watch until stronger funding or equipment signals appear.,commercial
acct_44b87cf6f328,org_11592fb7674d,Uganda Red Cross Society,Implementing Partner,Monitor,17.0,UG,Uganda,General health sector,0.0,0,Monitor,Keep account on market watch until stronger funding or equipment signals appear.,commercial
acct_6aa394d02532,org_43db9142aadb,UNITED KINGDOM SECURITY HEALTH AGENCY,Implementing Partner,Monitor,17.0,CD; AO; RW,Democratic Republic of the Congo; AO; Rwanda,General health sector,0.0,0,Monitor,Keep account on market watch until stronger funding or equipment signals appear.,commercial
acct_83bc7406c448,org_03de2a915903,Universitas Indonesia - University of Indonesia,Implementing Partner,Monitor,17.0,BD; GH; ID; KE; MR; NP; LK; TZ; TH; UG,BD; GH; ID; Kenya; MR; NP; LK; Tanzania; TH; Uganda,General health sector,0.0,0,Monitor,Keep account on market watch until stronger funding or equipment signals appear.,commercial
acct_7bfc8a5fb439,org_1ec240f9223f,University of Lagos (UoL),Implementing Partner,Monitor,17.0,GB; NG; CM; KE; CI; ZA,GB; NG; CM; Kenya; CI; ZA,General health sector,0.0,0,Monitor,Keep account on market watch until stronger funding or equipment signals appear.,commercial
acct_030b8e8c8737,org_c871c83101d2,University of Witwatersrand,Implementing Partner,Monitor,17.0,GB; GH; KE; ZA,GB; GH; Kenya; ZA,General health sector,0.0,0,Monitor,Keep account on market watch until stronger funding or equipment signals appear.,commercial
acct_763bef878c32,org_f1a6cb67cfc6,"University Research Co., LLC. (URC)",Implementing Partner,Monitor,17.0,UG,Uganda,General health sector,0.0,0,Monitor,Keep account on market watch until stronger funding or equipment signals appear.,commercial
acct_701afbfde39e,org_c6f8cf7c46e2,"Vision A future where Ethiopian women and girls fully exercise their rights, experience gender justice, and thrive in an equitable society. Mission To advance gender equality and build an equitable society for Ethiopian women and girls by delivering multi-dimensional programs in education, SRHR, skills development, community engagement, and advocacy, while leveraging strategic partnerships and innovative solutions in digitalization, science, and technology. EWDO Goal To contribute to an equitable, inclusive, and resilient society where women and girls, including vulnerable and older women, fully exercise their rights, live free from violence and discrimination, and actively participate in social and economic development with dignity and equal opportunity. EWDO Objectives 1. Digital Inclusion and Empowerment for Women and Girls: - EWDO works to close the digital gender gap by increasing women’s and girls’ access to technology, digital skills, and online opportunities. The pillar also promotes online safety and addresses technology-facilitated violence; ensuring digital spaces support education, livelihoods, and empowerment. 2. Specialized GBV Prevention, Response, and Access to Justice: To prevent and respond to gender-based violence (GBV) and harmful practices by strengthening survivor-centered services, protection systems, access to justice, and community awareness. 3. Access to Comprehensive Sexual and Reproductive Health and Rights (SRHR): To improve equitable access to comprehensive sexual and reproductive health and rights (SRHR) information and services, particularly for marginalized and underserved women and girls. 4. Socio-Economic Empowerment and Leadership: EWDO strengthens women’s economic independence through skills development, entrepreneurship, and digital inclusion including elder people, marginalized and underserved groups. The pillar also promotes women’s leadership across sectors, enabling them to influence economic and social decision-making. 5. Peace, Governance, and Humanitarian Action: EWDO supports active participation of women and vulnerable groups in peace building, governance, and humanitarian response. The organization advocates for gender-responsive systems and uses innovative and digital approaches to ensure women’s voices and needs are central in crisis and recovery efforts. 6. Organizational Excellence and Sustainable Impact: To strengthen institutional capacity, partnerships, innovation, and evidence-based programming to ensure sustainable impact and organizational excellence.",Implementing Partner,Monitor,17.0,PK; MM; LB; UG; MZ; TZ; ET; MD; GB,PK; MM; LB; Uganda; MZ; Tanzania; Ethiopia; MD; GB,General health sector,0.0,0,Monitor,Keep account on market watch until stronger funding or equipment signals appear.,commercial
acct_75d7a62fba67,org_2eecd40711b8,"Vision To be a mission organisation reflecting Christ's love and light through the practical service of churches, while nurturing the body, mind and soul of the community through the holistic mission. Mission To build Christ’s love through the collaborative ministry of member churches, engaging in a holistic mission dedicated to the care and preservation of humanity and the environment. Objectives 1. To serve practically through member churches in order to manifest Christ's love and light, establishing and strengthening robust networks within our church communities to act as primary mobilisation units. 2. To build a holistic ministry centered on integrated development, driving sustainable programs that address multi-sectoral community needs. 3. To support and uplift 'the least of these' in the community who are weak in body, mind and spirit by delivering structured care frameworks to fragile populations. 4. To foster deep community fellowship, sustainable friendships, mutual trust and holistic social integration across all target regions. 5. To assist in rebuilding, repairing and restoring damaged infrastructure and community structures across church communities and their adjacent environment to ensure long-term stability and resilience.",Implementing Partner,Monitor,17.0,PK; MM; LB; UG; MZ; TZ; ET; MD; GB,PK; MM; LB; Uganda; MZ; Tanzania; Ethiopia; MD; GB,General health sector,0.0,0,Monitor,Keep account on market watch until stronger funding or equipment signals appear.,commercial
acct_ed5841e01468,org_1a54ac798ffe,"Vision: A just, inclusive, and resilient society where all people, particularly those facing poverty, exclusion, or vulnerability, have equal opportunities to access essential services, participate in decision-making, and live with dignity. Mission: Friends Foundation works to improve the well-being of underserved communities by facilitating access to quality healthcare, education, water and sanitation services, humanitarian assistance, and opportunities for social and economic development. Through community engagement, capacity building, and partnerships with public and private sector stakeholders, the organization promotes sustainable solutions that strengthen resilience and improve quality of life. Objectives and Goals: The Foundation seeks to improve access to primary healthcare, maternal and child health, nutrition, and preventive health services for disadvantaged populations. It promotes safe water, sanitation, and hygiene practices to improve public health outcomes and community well-being. The organization supports women, youth, older persons, persons with disabilities, and other marginalized groups by creating opportunities for participation, capacity development, and social inclusion. It works to strengthen community resilience to disasters and emergencies through preparedness, risk reduction, relief, and recovery initiatives. Friends Foundation also contributes to improved governance, civic engagement, and community participation by strengthening local institutions and promoting accountability and inclusion. Across all programmes, the organization focuses on building local capacities, encouraging community ownership, and supporting sustainable development that delivers long-term benefits for vulnerable populations. Website: www.ffpak.org.pk Strategic Focus Areas: Integrated Health, WASH, Women Empowerment, Climate Resilience, Education, Governance, and Humanitarian Response & Rehabilitation.",Implementing Partner,Monitor,17.0,PK; MM; LB; UG; MZ; TZ; ET; MD; GB,PK; MM; LB; Uganda; MZ; Tanzania; Ethiopia; MD; GB,General health sector,0.0,0,Monitor,Keep account on market watch until stronger funding or equipment signals appear.,commercial
acct_e1bf31fba404,org_80e92af60e72,WEST AND CENTRAL AFRICAN RESEARCH AND EDUCATION NETWORK,Implementing Partner,Monitor,17.0,ZW; ZA; NG; BW; RW; GH; KE; SL,ZW; ZA; NG; BW; Rwanda; GH; Kenya; SL,General health sector,0.0,0,Monitor,Keep account on market watch until stronger funding or equipment signals appear.,commercial
acct_d2332457ae21,org_43acd285291a,World Vision South Sudan,Implementing Partner,Monitor,17.0,SS,South Sudan,General health sector,0.0,0,Monitor,Keep account on market watch until stronger funding or equipment signals appear.,commercial
acct_21db26607c8c,org_8957d27d449b,THE PHILIPPINE STOCK EXCHANGE,Implementing Partner,Monitor,17.0,MY; PH; KE; TH,MY; PH; Kenya; TH,General health sector,0.0,0,Monitor,Keep account on market watch until stronger funding or equipment signals appear.,commercial
acct_6ff7b7536fd8,org_a3c0f6e5f05b,BAYLOR UGANDA,Implementing Partner,Monitor,17.0,UG,Uganda,General health sector,0.0,0,Monitor,Keep account on market watch until stronger funding or equipment signals appear.,commercial
acct_306ead97050a,org_5a4f3f454095,INTERNATIONAL CONFEDERATION OF MIDWIVES,Implementing Partner,Monitor,17.0,KE,Kenya,General health sector,0.0,0,Monitor,Keep account on market watch until stronger funding or equipment signals appear.,commercial
acct_952711c24fef,org_2e70e4e94f32,GIVEDIRECTLY,Implementing Partner,Monitor,17.0,UG,Uganda,General health sector,0.0,0,Monitor,Keep account on market watch until stronger funding or equipment signals appear.,commercial
acct_dc1d3ba1e0a5,org_33299952d173,AON UK LIMITED,Implementing Partner,Monitor,17.0,CD; ZM; MW; SD,Democratic Republic of the Congo; ZM; MW; SD,General health sector,0.0,0,Monitor,Keep account on market watch until stronger funding or equipment signals appear.,commercial
acct_73672f89b193,org_c057ca9442d9,KNUST KUMASI,Implementing Partner,Monitor,17.0,ZW; ZA; NG; BW; RW; GH; KE; SL,ZW; ZA; NG; BW; Rwanda; GH; Kenya; SL,General health sector,0.0,0,Monitor,Keep account on market watch until stronger funding or equipment signals appear.,commercial
acct_6f0a6e4075d5,org_33facf0cf154,CHARIS UNMANNED AERIAL SOLUTIONS LTD,Implementing Partner,Monitor,17.0,ZW; ZA; NG; BW; RW; GH; KE; SL,ZW; ZA; NG; BW; Rwanda; GH; Kenya; SL,General health sector,0.0,0,Monitor,Keep account on market watch until stronger funding or equipment signals appear.,commercial
acct_35df74c81d79,org_0d80e1628db7,GLOBAL FUND FOR WOMEN,Implementing Partner,Monitor,17.0,KE,Kenya,General health sector,0.0,0,Monitor,Keep account on market watch until stronger funding or equipment signals appear.,commercial
acct_379384523ad8,org_4e1b64771307,INFRASTRUCTURE CREDIT GUARANTEE COMPANY PLC,Implementing Partner,Monitor,17.0,MY; PH; KE; TH,MY; PH; Kenya; TH,General health sector,0.0,0,Monitor,Keep account on market watch until stronger funding or equipment signals appear.,commercial
acct_3609a3dcf9d4,org_8ace011f9715,IMPACTA GLOBAL PARTNERS SCSP,Implementing Partner,Monitor,17.0,MY; PH; KE; TH,MY; PH; Kenya; TH,General health sector,0.0,0,Monitor,Keep account on market watch until stronger funding or equipment signals appear.,commercial
acct_27d336061466,org_677f0407776b,THE SHARE TRUST INC,Implementing Partner,Monitor,17.0,UG,Uganda,General health sector,0.0,0,Monitor,Keep account on market watch until stronger funding or equipment signals appear.,commercial
acct_2c565eb95d99,org_fd35ee158b10,ECONOMIC POLICY RESEARCH INSTITUTE LLC,Implementing Partner,Monitor,17.0,KE,Kenya,General health sector,0.0,0,Monitor,Keep account on market watch until stronger funding or equipment signals appear.,commercial
acct_cded14c01687,org_395d09ca56ac,IFC EMERGING MARKETS SECURITIZATION 2025 1,Implementing Partner,Monitor,17.0,MY; PH; KE; TH,MY; PH; Kenya; TH,General health sector,0.0,0,Monitor,Keep account on market watch until stronger funding or equipment signals appear.,commercial
acct_2db318066eeb,org_d2700a23fc83,VILLAGE ENTERPRISE,Implementing Partner,Monitor,17.0,KE,Kenya,General health sector,0.0,0,Monitor,Keep account on market watch until stronger funding or equipment signals appear.,commercial
acct_575470bb28ef,org_d42f52d38a65,VODAFONE FOUNDATION,Implementing Partner,Monitor,17.0,KE,Kenya,General health sector,0.0,0,Monitor,Keep account on market watch until stronger funding or equipment signals appear.,commercial
acct_42b976fa0c56,org_2ba71a69dc54,AFRICA CENTRES FOR DISEASE CONTROL,Implementing Partner,Monitor,17.0,CD; AO; RW,Democratic Republic of the Congo; AO; Rwanda,General health sector,0.0,0,Monitor,Keep account on market watch until stronger funding or equipment signals appear.,commercial
acct_cbf3301ad520,org_647be24d6e7d,RESEARCH INSTITUTE FOR INNOVATION AND SUSTAINABILITY PTY LTD,Implementing Partner,Monitor,17.0,ZW; ZA; NG; BW; RW; GH; KE; SL,ZW; ZA; NG; BW; Rwanda; GH; Kenya; SL,General health sector,0.0,0,Monitor,Keep account on market watch until stronger funding or equipment signals appear.,commercial
acct_caa9ae28c5d4,org_38db7b8e0003,CERRIUM ADVISORY LTD,Implementing Partner,Monitor,17.0,RW,Rwanda,General health sector,0.0,0,Monitor,Keep account on market watch until stronger funding or equipment signals appear.,commercial
acct_8dd8877e91bb,org_7af6235fefb7,IMPERIAL EDUCATIONAL TECHNLOGY LTD,Implementing Partner,Monitor,17.0,ZW; ZA; NG; BW; RW; GH; KE; SL,ZW; ZA; NG; BW; Rwanda; GH; Kenya; SL,General health sector,0.0,0,Monitor,Keep account on market watch until stronger funding or equipment signals appear.,commercial
acct_9856b6f7da55,org_ed704d309679,PLANE TALKING,Implementing Partner,Monitor,17.0,ZW; ZA; NG; BW; RW; GH; KE; SL,ZW; ZA; NG; BW; Rwanda; GH; Kenya; SL,General health sector,0.0,0,Monitor,Keep account on market watch until stronger funding or equipment signals appear.,commercial
acct_e1c5271d66c4,org_4b3ccba3d696,SAIF,Implementing Partner,Monitor,17.0,MY; PH; KE; TH,MY; PH; Kenya; TH,General health sector,0.0,0,Monitor,Keep account on market watch until stronger funding or equipment signals appear.,commercial
acct_7103488c6bb7,org_a90d6d7cf8d3,DYER AND BLAIR INVESTMENT BANK,Implementing Partner,Monitor,17.0,MY; PH; KE; TH,MY; PH; Kenya; TH,General health sector,0.0,0,Monitor,Keep account on market watch until stronger funding or equipment signals appear.,commercial
acct_d506cdd7d76f,org_b1a7c67c0ac5,RISK CONTROL LIMITED,Implementing Partner,Monitor,17.0,MY; PH; KE; TH,MY; PH; Kenya; TH,General health sector,0.0,0,Monitor,Keep account on market watch until stronger funding or equipment signals appear.,commercial
acct_73e96da5f4eb,org_8d9b809357c2,Bill & Melinda Gates Foundation,Implementing Partner,Monitor,17.0,KE; ET; NG,Kenya; Ethiopia; NG,General health sector,0.0,0,Monitor,Keep account on market watch until stronger funding or equipment signals appear.,commercial
acct_faead20d50ff,org_95f94c05452e,UBS AG,Implementing Partner,Monitor,17.0,MY; PH; KE; TH,MY; PH; Kenya; TH,General health sector,0.0,0,Monitor,Keep account on market watch until stronger funding or equipment signals appear.,commercial
acct_d9c1c9cb59a1,org_448fcfbdd96f,International Committee of the Red Cross,Implementing Partner,Monitor,17.0,SO,Somalia,General health sector,0.0,0,Monitor,Keep account on market watch until stronger funding or equipment signals appear.,commercial
acct_aabf324692c6,org_7eac85e0f90b,Guttmacher Institute,Implementing Partner,Monitor,17.0,CD; ZM; MW; SD,Democratic Republic of the Congo; ZM; MW; SD,General health sector,0.0,0,Monitor,Keep account on market watch until stronger funding or equipment signals appear.,commercial
acct_2331d6f6a773,org_fce100a80a96,Kenya ICT Action Network,Implementing Partner,Monitor,17.0,KE,Kenya,General health sector,0.0,0,Monitor,Keep account on market watch until stronger funding or equipment signals appear.,commercial
acct_fbae295890ba,org_a06f01de83d2,RADA in Business Limited,Implementing Partner,Monitor,17.0,CD; ZM; MW; SD,Democratic Republic of the Congo; ZM; MW; SD,General health sector,0.0,0,Monitor,Keep account on market watch until stronger funding or equipment signals appear.,commercial
acct_ba612fbac9d3,org_d3b917603742,Cowatersogema International Inc,Implementing Partner,Monitor,17.0,RW,Rwanda,General health sector,0.0,0,Monitor,Keep account on market watch until stronger funding or equipment signals appear.,commercial
acct_28d61ec3692b,org_5b16b11c9130,CANADEM,Implementing Partner,Monitor,17.0,UG,Uganda,General health sector,0.0,0,Monitor,Keep account on market watch until stronger funding or equipment signals appear.,commercial
acct_3049f499c810,org_5b453f85f36a,"Government of Congo (the Democratic Republic of the) (Ministry of Public Health, Hygiene and Prevention)",Implementing Partner,Monitor,17.0,CD,Democratic Republic of the Congo,General health sector,0.0,0,Monitor,Keep account on market watch until stronger funding or equipment signals appear.,commercial
acct_b8f924362a5c,org_211a57275732,Impact Fund Denmark,Accountable Agency,Monitor,17.0,SO,Somalia,General health sector,0.0,0,Monitor,Keep account on market watch until stronger funding or equipment signals appear.,commercial
acct_110df36aef5d,org_5b1126f5ac37,Ernst & Young,Implementing Partner,Monitor,17.0,UG,Uganda,General health sector,0.0,0,Monitor,Keep account on market watch until stronger funding or equipment signals appear.,commercial
acct_11a2466b55ca,org_cbb3163e85b1,Coffey International Development,Implementing Partner,Monitor,17.0,SO,Somalia,General health sector,0.0,0,Monitor,Keep account on market watch until stronger funding or equipment signals appear.,commercial
acct_08422c568f16,org_c92dc38ed562,Joint Funds Unit (JFU),Implementing Partner,Monitor,17.0,AF; CO; DZ; EG; IQ; JO; LB; LK; LY; MA; MM; NG; NP; PH; PK; SD; SO; SS; SY; TN; TR; YE,AF; CO; DZ; EG; IQ; JO; LB; LK; LY; MA; MM; NG; NP; PH; PK; SD; Somalia; South Sudan; SY; TN; TR; YE,General health sector,0.0,0,Monitor,Keep account on market watch until stronger funding or equipment signals appear.,commercial
acct_4d6abdaeb9e8,org_9d87fe912b64,EMMS International,Implementing Partner,Monitor,17.0,RW,Rwanda,General health sector,0.0,0,Monitor,Keep account on market watch until stronger funding or equipment signals appear.,commercial
acct_03dfc1a236cf,org_b1a15d7d7cd4,Gender Violence Recovery Centre,Accountable Agency,Monitor,17.0,KE,Kenya,General health sector,0.0,0,Monitor,Keep account on market watch until stronger funding or equipment signals appear.,commercial
acct_3595c60ddab1,org_ee5fcfc42b7d,Send a Cow Kenya,Implementing Partner,Monitor,17.0,KE,Kenya,General health sector,0.0,0,Monitor,Keep account on market watch until stronger funding or equipment signals appear.,commercial
acct_45252b794eb9,org_e3598dc83fbb,"Amel Association International believes that Human Rights and Dignity must be ensured and protected for eachhuman being regardless of religious, ethnic, nationalities, economic, political and ideological differences.",Implementing Partner,Monitor,17.0,PK; MM; LB; UG; MZ; TZ; ET; MD; GB,PK; MM; LB; Uganda; MZ; Tanzania; Ethiopia; MD; GB,General health sector,0.0,0,Monitor,Keep account on market watch until stronger funding or equipment signals appear.,commercial
acct_11d6685b59a2,org_61af33d5c990,"HelpAge Moldova provides support to women who have been victims of domestic violence and gives older people access to home-based care staff and volunteers, provide humanitarian assistance to older people of Ukraine both within the country and abroad. They bring food, medicine, and hygiene supplies for older people, their families, and communities.",Implementing Partner,Monitor,17.0,PK; MM; LB; UG; MZ; TZ; ET; MD; GB,PK; MM; LB; Uganda; MZ; Tanzania; Ethiopia; MD; GB,General health sector,0.0,0,Monitor,Keep account on market watch until stronger funding or equipment signals appear.,commercial
acct_ed376b9258a7,org_4f65bc715cfa,"AGE Myanmar (Alliance for Generations and Empowerment in Myanmar) is a national NGO working with a network of partners throughout the country to transform the lives of older people, people with disabilities, and their families across the generations. Formerly under HelpAge International, our team has a proven track record of successfully leading community-level programming, local capacity development, policy advocacy, and research. We deliver assistance in partnership with over 300 community-led Inclusive Self-Help Groups (ISHGs), who are supported by a representative structure from township to state/region and up to national level. AGE Myanmar is governed by a dedicated board of directors and supported by visionary advisors with diverse expertise.",Implementing Partner,Monitor,17.0,PK; MM; LB; UG; MZ; TZ; ET; MD; GB,PK; MM; LB; Uganda; MZ; Tanzania; Ethiopia; MD; GB,General health sector,0.0,0,Monitor,Keep account on market watch until stronger funding or equipment signals appear.,commercial
acct_4f3f9db4580c,org_d538be21668f,HelpAge Mozambique,Implementing Partner,Monitor,17.0,PK; MM; LB; UG; MZ; TZ; ET; MD; GB,PK; MM; LB; Uganda; MZ; Tanzania; Ethiopia; MD; GB,General health sector,0.0,0,Monitor,Keep account on market watch until stronger funding or equipment signals appear.,commercial
acct_9f7b17556b51,org_9be169fb728f,Stichting International NGO Safety Organisation,Implementing Partner,Monitor,17.0,SO,Somalia,General health sector,0.0,0,Monitor,Keep account on market watch until stronger funding or equipment signals appear.,commercial
acct_bbc5b24efbc3,org_80ec279416fb,"SHIFA Welfare Association (SHIFA) is a youth-based, women-led non-profit organization committed to empowering marginalized communities through sustainable and community-driven development interventions. SHIFA works in health, education, gender equality, climate resilience, humanitarian response, WASH, disaster risk reduction, peacebuilding, governance, inclusion, and protection of vulnerable groups including older people, women, children, persons with disabilities, minorities, and transgender communities",Implementing Partner,Monitor,17.0,PK; MM; LB; UG; MZ; TZ; ET; MD; GB,PK; MM; LB; Uganda; MZ; Tanzania; Ethiopia; MD; GB,General health sector,0.0,0,Monitor,Keep account on market watch until stronger funding or equipment signals appear.,commercial
acct_bee598793337,org_accbbd9562e4,Government of Rwanda (MINISTRY OF HEALTH (MOH)),Implementing Partner,Monitor,17.0,RW,Rwanda,General health sector,0.0,0,Monitor,Keep account on market watch until stronger funding or equipment signals appear.,commercial
acct_17057efd0db9,org_c4d6e7c07312,Government of Somalia (Ministry of Health),Implementing Partner,Monitor,17.0,SO,Somalia,General health sector,0.0,0,Monitor,Keep account on market watch until stronger funding or equipment signals appear.,commercial
acct_9bd7cf664d61,org_f16502220b0e,"Key areas of work are ; • Advocacy and lobbying for the rights of older people • Income, livelihood and climate resilience initiatives • Health and care support • Intergenerational linkage projects. • Cross-cutting issues (Gender mainstreaming and disability inclusion).",Implementing Partner,Monitor,17.0,PK; MM; LB; UG; MZ; TZ; ET; MD; GB,PK; MM; LB; Uganda; MZ; Tanzania; Ethiopia; MD; GB,General health sector,0.0,0,Monitor,Keep account on market watch until stronger funding or equipment signals appear.,commercial
acct_ca2a1ea0cade,org_10285fa32dd1,UGA Office of the Prime Mster,Implementing Partner,Monitor,17.0,UG,Uganda,General health sector,0.0,0,Monitor,Keep account on market watch until stronger funding or equipment signals appear.,commercial
acct_287536c51363,org_8035b5e375e9,"HelpAge Advocacy Network Uganda (HANU) was officially founded in 2023 following the localisation of HelpAge International’s Uganda operations. The formation of HANU was necessary to fill the gap left behind by HelpAge International, which had been a key player in advocating for the rights and welfare of older persons in Uganda. The decision to establish a national network was made to ensure the continuity of advocacy, support, and services for older people, especially as the aging population continues to grow and face challenges in accessing essential services. OUR MISSION A Uganda where older persons enjoy their rights, dignity, and well-being, living without discrimination and receiving the support and services they need to thrive. OUR VISION To champion the rights and needs of older persons in Uganda by working with a network of organizations and partners, advocating for policy reforms, improving service delivery, and empowering older persons and their communities. HENU - Health Nest Uganda - is the secretariat of the network.",Implementing Partner,Monitor,17.0,PK; MM; LB; UG; MZ; TZ; ET; MD; GB,PK; MM; LB; Uganda; MZ; Tanzania; Ethiopia; MD; GB,General health sector,0.0,0,Monitor,Keep account on market watch until stronger funding or equipment signals appear.,commercial
acct_5e5344f15bc7,org_633ac2247ebe,GiveDirectly,Implementing Partner,Monitor,17.0,KE,Kenya,General health sector,0.0,0,Monitor,Keep account on market watch until stronger funding or equipment signals appear.,commercial
acct_0861a8ac8085,org_59f5beed75f7,Chemonics International Inc.,Implementing Partner,Monitor,17.0,MY; PH; KE; TH,MY; PH; Kenya; TH,General health sector,0.0,0,Monitor,Keep account on market watch until stronger funding or equipment signals appear.,commercial
acct_7e09c2b32ad9,org_9995052e1bc1,BRAC University,Implementing Partner,Monitor,17.0,BD; GH; ID; KE; MR; NP; LK; TZ; TH; UG,BD; GH; ID; Kenya; MR; NP; LK; Tanzania; TH; Uganda,General health sector,0.0,0,Monitor,Keep account on market watch until stronger funding or equipment signals appear.,commercial
acct_91c719620ad2,org_1851a5ed9caa,Kwame Nkrumah University of Science and Technology,Implementing Partner,Monitor,17.0,GB; GH; KE; ZA,GB; GH; Kenya; ZA,General health sector,0.0,0,Monitor,Keep account on market watch until stronger funding or equipment signals appear.,commercial
acct_217b03f5b308,org_681c7d398eea,MULTILATERAL ORGANISATIONS,Implementing Partner,Monitor,17.0,CD,Democratic Republic of the Congo,General health sector,0.0,0,Monitor,Keep account on market watch until stronger funding or equipment signals appear.,commercial
acct_96ee89e7c654,org_ed0bd9c10f06,United Nations Human Settlement Programme,Implementing Partner,Monitor,17.0,SO,Somalia,General health sector,0.0,0,Monitor,Keep account on market watch until stronger funding or equipment signals appear.,commercial
acct_9ad4eb0514c0,org_260775a8ea8b,United Nations University,Implementing Partner,Monitor,17.0,ZW; ZA; NG; BW; RW; GH; KE; SL,ZW; ZA; NG; BW; Rwanda; GH; Kenya; SL,General health sector,0.0,0,Monitor,Keep account on market watch until stronger funding or equipment signals appear.,commercial
acct_59ebad5c6d5b,org_f8e06493684a,International Development Law Organization (IDLO),Implementing Partner,Monitor,17.0,BD; GH; ID; KE; MR; NP; LK; TZ; TH; UG,BD; GH; ID; Kenya; MR; NP; LK; Tanzania; TH; Uganda,General health sector,0.0,0,Monitor,Keep account on market watch until stronger funding or equipment signals appear.,commercial
acct_d9255946e9a7,org_cf03d3e44917,Innovations for Poverty Action,Reporting Organisation,Monitor,12.0,UG; KE,Uganda; Kenya,General health sector,0.0,0,Monitor,Keep account on market watch until stronger funding or equipment signals appear.,commercial
acct_777022aada1c,org_e41caf1c2ae4,Send a Cow Ethiopia,Reporting Organisation,Monitor,12.0,ET,Ethiopia,General health sector,0.0,0,Monitor,Keep account on market watch until stronger funding or equipment signals appear.,commercial
acct_e9e7a8e92dcb,org_08b0bf4d7b86,UK - Scottish Government,Reporting Organisation,Monitor,12.0,RW,Rwanda,General health sector,0.0,0,Monitor,Keep account on market watch until stronger funding or equipment signals appear.,commercial
acct_fd79f5f9fa17,org_06d9e9f91426,Pact,Reporting Organisation,Monitor,12.0,TZ,Tanzania,General health sector,0.0,0,Monitor,Keep account on market watch until stronger funding or equipment signals appear.,commercial
acct_f8037229ff10,org_9c11803bf7bc,GCC,Donor,Monitor,8.0,,,General health sector,0.0,0,Monitor,Keep account on market watch until stronger funding or equipment signals appear.,commercial
acct_8fb36e5b6d7b,org_6073a8e52537,HEALTHRIGHT INTERNATIONAL-KENYA,Implementing Partner,Monitor,5.0,,,General health sector,0.0,0,Monitor,Keep account on market watch until stronger funding or equipment signals appear.,commercial
acct_fbf05fb7d6bc,org_e30bb15e4182,HEALTHRIGHT INTERNATIONAL-KENYA,Reporting Organisation,Monitor,0.0,,,General health sector,0.0,0,Monitor,Keep account on market watch until stronger funding or equipment signals appear.,commercial
