iati_identifier,project_title,country_codes,country_names,funding_agencies,implementing_partners,equipment_target_summary,equipment_evidence,tender_probability,tender_stage,tender_horizon,tender_window,tender_basis,tender_confidence,tender_evidence,opportunity_score,priority_band,future_disbursement_usd,future_budget_usd,recommended_action
XM-DAC-41122-Somalia-3920/A0/09/001/003,"This activity will contribute to achieving results for the RESILIENT, RESPONSIVE AND SUSTAINABLE HEALTH SYSTEMS output",SO,Somalia,UNICEF Regular Resources; Danish Committee for UNICEF; The Global Fund to Fight AIDS,MINISTRY OF HEALTH JUBALAND STATE OF SOMALIA; MINISTRY OF HEALTH GALMUDUG STATE; MINISTRY OF HEALTH AND SOCIAL CARE HIRSHABELLE STATE OF SOMALIA; MINISTRY OF HEALTH AND HUMAN SERVICES FEDERAL GOVERNMENT OF; MINISTRY OF ENERGY AND WATER RESOURCE FEDERAL GOVERNMENT OF SOMALIA; MINISTRY OF HEALTH SOUTH WEST STATE SOMALIA; MINISTRY OF HEALTH DEVELOPMENT SOMALILAND; SOMALILAND NATIONAL AIDS COMMISSION; MUNICIPALITY OF MOGADISHU MOM BENAADIR REGIONAL ADMINISTRATION; UNICEF; MINISTRY OF HEALTH PUNTLAND,Facility Infrastructure,direct_keyword,93.2,Likely procurement,0-6 months,Q1 2027,next planned disbursement,86,direct equipment language; procurement language; funding window within 90 days; future planned disbursement; future budget period; active implementation; named implementing buyer,100.0,Strategic Priority,16443917.0,31241967.5,"Map buyer, lot structure, and national/UN procurement channels before the funding window."
XM-DAC-41122-United Rep. of Tanzania-4550/A0/06/001/003,This activity will contribute to achieving results for the QUALITY OF CARE output,TZ,Tanzania,Ireland; Global Financing Facility; Republic of Korea; United Republic of Tanzania; USA USAID; United States of America; UN Joint Programme; European Investment Bank; UNICEF Regular Resources; British Government (DFID); Consolidated Funds from NatComs; Canada; United States Fund for UNICEF; Global - Thematic Humanitarian Resp; GAVI The Vaccine Alliance; United Kingdom Committee for UNICEF,PS PRIME MINISTERS OFFICE REGIONAL ADMINISTRATION AND LOCAL; MTWARA REGIONAL SECRETARIAT; RAS KATAVI; UNICEF; REGIONAL ADMINISTRATIVE SECRETARY; REGIONAL ADMINISTRATIVE SECRETARY DAR ES SALAAM; PS MINISTRY OF HEALTH AND SOCIAL WELFARE MATERNAL AND CHILD; PS MINISTRY OF HEALTH AND SOCIAL WELFARE HEALTH PROMOTION; D TREE INTERNATIONAL; BENJAMIN WILLIAM MKAPA FOUNDATION; MUHIMBILI UNIVERSITY OF HEALTH AND ALLIED SCIENCES; PS MINISTRY OF HEALTH AND SOCIAL WELFARE ENVIRONMENTAL HEALTH; REGIONAL ADMINISTRATIVE SECRETARY TABORA; REGIONAL ADMINISTRATIVE SECRETARY SONGWE; NATIONAL BUREAU OF STATISTICS; PS MINISTRY OF HEALTH ZNZ; HAYDOM LUTHERAN HOSPITAL; AFYA PAMOJA; RAS KIGOMA,Facility Infrastructure,direct_keyword,92.7,Likely procurement,0-6 months,Q1 2027,next planned disbursement,86,direct equipment language; procurement language; funding window within 90 days; future planned disbursement; future budget period; active implementation; named implementing buyer,100.0,Strategic Priority,4525269.0,7550538.0,"Map buyer, lot structure, and national/UN procurement channels before the funding window."
DAC-1601-INV-089064,Rwanda AI Scaling Hub Implementation,RW,Rwanda,Gates Foundation,Centre for the Fourth Industrial Revolution,Facility Infrastructure,direct_keyword,92.7,Likely procurement,0-6 months,Q4 2026,next planned disbursement,86,direct equipment language; procurement language; funding window within 90 days; future planned disbursement; future budget period; active implementation; named implementing buyer,98.5,Strategic Priority,4765805.0,3267818.0,"Map buyer, lot structure, and national/UN procurement channels before the funding window."
XM-DAC-41122-United Rep. of Tanzania-4550/A0/06/003/002,This activity will contribute to achieving results for the QUALITY NUTRITION SERVICES output,TZ,Tanzania,Global - Thematic Humanitarian Resp; German Committee for UNICEF; United States Fund for UNICEF; Global - Nutrition; Consolidated Funds from NatComs; UNICEF-United Arab Emirates; UNICEF Regular Resources; Ireland; French Committee for UNICEF; MPTFO - UN Multi Partner; UN Joint Programme; USA USAID; Nutrition International; Japan; Cyprus,REGIONAL ADMINISTRATIVE SECRETARY MBEYA; INTERCHURCH MEDICAL ASSISTANCE INC; MAKAMBAKO TOWN COUNCIL; RESTLESS DEVELOPMENT; UVINZA DISTRICT COUNCIL; TANZANIA RED CROSS SOCIETIES; OFFICE OF CHIEF GOVERNMENT STATISTICIAN; MBARALI DISTRICT COUNCIL; PS MINISTRY OF HEALTH ZNZ; KASULU TOWN COUNCIL DEVELOPMENT; KIBONDO DISTRICT COUNCIL; DED KAKONKO DISTRICT COUNCIL; PS MINISTRY OF HEALTH AND SOCIAL WELFARE HEALTH PROMOTION; CHUNYA DISTRICT COUNCIL; REGIONAL ADMINISTRATIVE SECRETARY IRINGA; KYELA DISTRICT COUNCIL; PS PRIME MINISTERS OFFICE REGIONAL ADMINISTRATION AND LOCAL; DED MBEYA WASH; UNICEF; IP not published; MINISTRY OF LIVESTOCK AND FISHERIES LIVESTOCK; BUHIGWE DISTRICT COUNCIL; PEMBA NORTH REGION; KASULU DISTRICT COUNCIL; PS MINISTRY OF EDUCATION AND VOCATIONAL TRAINING ZNZ; MINISTRY OF COMMUNITY DEV GENDER ELDERS AND CHILDREN; TANZANIA FOOD AND NUTRITION CENTRE; CATHOLIC RELIEF SERVICES; NJOMBE TOWN COUNCIL; RAS KIGOMA; KIGOMA DISTRICT COUNCIL; KIGOMA UJIJI MUNICIPAL COUNCIL; PS MINISTRY OF HEALTH AND SOCIAL WELFARE MATERNAL AND CHILD; REGIONAL ADMINISTRATIVE SECRETARY NJOMBE; PS MINISTRY OF HEALTH COMMUNITY DEVELOPMENT GENDER ELDERLY AND,Power & Utilities,direct_keyword,92.6,Likely procurement,0-6 months,Q1 2027,next planned disbursement,86,direct equipment language; procurement language; funding window within 90 days; future planned disbursement; future budget period; active implementation; named implementing buyer,91.7,Strategic Priority,3550919.0,5986838.0,"Map buyer, lot structure, and national/UN procurement channels before the funding window."
DAC-1601-INV-055726,Nimble Mechanism to Increase Supply Chain Support to NTD Programs,CG; ET; KE; MG; MZ; NG; TZ; UG,CG; Ethiopia; Kenya; MG; MZ; NG; Tanzania; Uganda,Gates Foundation,"JSI Research & Training Institute, Inc.",Facility Infrastructure,direct_keyword,92.4,Likely procurement,0-6 months,Q4 2026,next planned disbursement,86,direct equipment language; procurement language; funding window within 90 days; future planned disbursement; future budget period; active implementation; named implementing buyer,99.2,Strategic Priority,2466145.0,5009311.0,"Map buyer, lot structure, and national/UN procurement channels before the funding window."
DAC-1601-INV-067080,Laboratory Infrastructure and Procurement Strengthening,ZA; AO; CM; CD; ET; GH; CI; KE; MG; NG; ZW; SN; UG; ZM,ZA; AO; CM; Democratic Republic of the Congo; Ethiopia; GH; CI; Kenya; MG; NG; ZW; SN; Uganda; ZM,Gates Foundation,eHealth Africa,Facility Infrastructure,direct_keyword,92.3,Likely procurement,0-6 months,Q4 2026,next planned disbursement,86,direct equipment language; procurement language; funding window within 90 days; future planned disbursement; future budget period; active implementation; named implementing buyer,99.7,Strategic Priority,2000000.0,7000000.0,"Map buyer, lot structure, and national/UN procurement channels before the funding window."
DAC-1601-INV-074084,Supporting Rwanda's AI-first national telemedicine service,RW,Rwanda,Gates Foundation,Irembo Limited,IT / Health Information Systems,direct_keyword,92.3,Likely procurement,0-6 months,Q4 2026,next planned disbursement,86,direct equipment language; procurement language; funding window within 90 days; future planned disbursement; future budget period; active implementation; named implementing buyer,97.6,Strategic Priority,1833675.0,1222450.0,"Map buyer, lot structure, and national/UN procurement channels before the funding window."
XM-DAC-41122-United Rep. of Tanzania-4550/A0/06/003/003,This activity will contribute to achieving results for the ADOPTION OF APPROPIATE NUTRITION PRACTICES output,TZ,Tanzania,UN Joint Programme; MPTFO - UN Multi Partner; UNICEF Regular Resources; UNICEF-United Arab Emirates; Global - Nutrition; German Committee for UNICEF; United States Fund for UNICEF,REGIONAL ADMINISTRATIVE SECRETARY MBEYA; PS MINISTRY OF HEALTH AND SOCIAL WELFARE ENVIRONMENTAL HEALTH; OFFICE OF CHIEF GOVERNMENT STATISTICIAN; PS MINISTRY OF HEALTH AND SOCIAL WELFARE MATERNAL AND CHILD; MINISTRY OF COMMUNITY DEV GENDER ELDERS AND CHILDREN; PS PRIME MINISTERS OFFICE REGIONAL ADMINISTRATION AND LOCAL; PS MINISTRY OF HEALTH AND SOCIAL WELFARE HEALTH PROMOTION; IP not published; D TREE INTERNATIONAL; PS MINISTRY OF HEALTH ZNZ; UNICEF; PS MINISTRY OF EDUCATION AND VOCATIONAL TRAINING ZNZ; REGIONAL ADMINISTRATIVE SECRETARY IRINGA; ZANZIBAR ASSOCIATION OF PEOPLE LIVING WITH HIV AND AIDS ZAPHA; REGIONAL ADMINISTRATIVE SECRETARY NJOMBE; INTERCHURCH MEDICAL ASSISTANCE INC; TANZANIA SOCIAL ACTION FUND; PS MINISTRY OF HEALTH COMMUNITY DEVELOPMENT GENDER ELDERLY AND; CATHOLIC RELIEF SERVICES; TANZANIA FOOD AND NUTRITION CENTRE,Power & Utilities,direct_keyword,92.2,Likely procurement,0-6 months,Q1 2027,next planned disbursement,86,direct equipment language; procurement language; funding window within 90 days; future planned disbursement; future budget period; active implementation; named implementing buyer,90.9,Strategic Priority,1572204.0,2644408.0,"Map buyer, lot structure, and national/UN procurement channels before the funding window."
DAC-1601-INV-074789,Integrated lung health & TB screening using new tools in Kenya,KE,Kenya,Gates Foundation,Clinton Health Access Initiative (Kenya),Diagnostic Equipment,direct_keyword,92.1,Likely procurement,0-6 months,Q4 2026,next planned disbursement,86,direct equipment language; procurement language; funding window within 90 days; future planned disbursement; future budget period; active implementation; named implementing buyer,97.6,Strategic Priority,1399974.0,1000000.0,"Map buyer, lot structure, and national/UN procurement channels before the funding window."
XM-DAC-41122-United Rep. of Tanzania-4550/A0/06/004/004,"This activity will contribute to achieving results for the SBCC FOR POSITIVE Water, Sanitation, and Hygiene (WASH) PRACTICES output",TZ,Tanzania,UNICEF Regular Resources; Netherlands; Japan; Government of Austria; Republic of Korea; United States of America; UN Joint Programme,MAKETE DISTRICT COUNCIL; IP not published; ENVIRONMENTAL ENGINEERING AND POLLUTION CONTROL ORGANISATION EEPCO; REGIONAL ADMINISTRATIVE SECRETARY SONGWE; PS MINISTRY OF HEALTH ZNZ; PS MINISTRY OF HEALTH AND SOCIAL WELFARE ENVIRONMENTAL HEALTH; MINISTRY OF WATER ENERGY AND MINERALS; PS MINISTRY OF HEALTH AND SOCIAL WELFARE MATERNAL AND CHILD; SANITATION AND WATER ACTION SAWA; UNICEF; TAI TANZANIA; D TREE INTERNATIONAL; MUFINDI DISTRICT COUNCIL; DED MAKETE WASH; REGIONAL ADMINISTRATIVE SECRETARY MBEYA; MOMBA DISTRICT COUNCIL; IRINGA DISTRICT COUNCIL; DED MUFINDI WASH; KILOLO DISTRICT COUNCIL; TANZANIA COMMUNICATION AND DEVELOPMENT CENTER; DED NJOMBE WASH; PS MINISTRY OF EDUCATION AND VOCATIONAL TRAINING ZNZ,Power & Utilities,direct_keyword,92.1,Likely procurement,0-6 months,Q1 2027,next planned disbursement,86,direct equipment language; procurement language; funding window within 90 days; future planned disbursement; future budget period; active implementation; named implementing buyer,90.8,Strategic Priority,1401678.0,2403356.0,"Map buyer, lot structure, and national/UN procurement channels before the funding window."
DAC-1601-INV-067565,CEORT - Multiple Use Case for AI enabled Ultrasound in Rural Kenya,KE,Kenya,Gates Foundation,Panorama Global,Diagnostic Equipment; Medical Devices & Equipment; Imaging,direct_keyword,92.0,Likely procurement,0-6 months,Q4 2026,next planned disbursement,86,direct equipment language; procurement language; funding window within 90 days; future planned disbursement; future budget period; active implementation; named implementing buyer,98.1,Strategic Priority,959303.0,959303.0,"Map buyer, lot structure, and national/UN procurement channels before the funding window."
DAC-1601-INV-072417,Health Finance Information Systems - Proof of Concept,ET,Ethiopia,Gates Foundation,Clinton Health Access Initiative Inc,Facility Infrastructure,direct_keyword,91.9,Likely procurement,0-6 months,Q4 2026,next planned disbursement,86,direct equipment language; procurement language; funding window within 90 days; future planned disbursement; future budget period; active implementation; named implementing buyer,97.6,Strategic Priority,725000.0,1575000.0,"Map buyer, lot structure, and national/UN procurement channels before the funding window."
DAC-1601-INV-046277,DUP 2.0 Workstream 2.2: Digital tools and data use capabilities localized,ET,Ethiopia,Gates Foundation,HABTech Solutions PLC,IT / Health Information Systems,direct_keyword,91.8,Likely procurement,0-6 months,Q4 2026,next planned disbursement,86,direct equipment language; procurement language; funding window within 90 days; future planned disbursement; future budget period; active implementation; named implementing buyer,97.7,Strategic Priority,798306.0,798306.0,"Map buyer, lot structure, and national/UN procurement channels before the funding window."
DAC-1601-INV-061041,Expanding validated nucleic acid assays in malaria clinical trials,ZA; KE; UG,ZA; Kenya; Uganda,Gates Foundation,University of Washington Foundation,Diagnostic Equipment,direct_keyword,91.8,Likely procurement,0-6 months,Q4 2026,next planned disbursement,86,direct equipment language; procurement language; funding window within 90 days; future planned disbursement; future budget period; active implementation; named implementing buyer,97.5,Strategic Priority,631668.0,1431668.0,"Map buyer, lot structure, and national/UN procurement channels before the funding window."
DAC-1601-INV-096040,Serologic Evaluation for Diarrheal Pathogens and Vaccine Research,GM; KE; MW; ML; PE; PK; BD,GM; Kenya; MW; ML; PE; PK; BD,Gates Foundation,University of Virginia,Diagnostic Equipment,direct_keyword,91.7,Likely procurement,0-6 months,Q4 2026,next planned disbursement,86,direct equipment language; procurement language; funding window within 90 days; future planned disbursement; future budget period; active implementation; named implementing buyer,96.9,Strategic Priority,554450.0,1520381.0,"Map buyer, lot structure, and national/UN procurement channels before the funding window."
DAC-1601-INV-094011,Preclinical Research Support for New Diagnostic Tools,UG,Uganda,Gates Foundation,World Alliance for Lung and Intensive Care Medicine in Uganda LTD,Diagnostic Equipment,direct_keyword,91.4,Likely procurement,0-6 months,Q4 2026,next planned disbursement,86,direct equipment language; procurement language; funding window within 90 days; future planned disbursement; future budget period; active implementation; named implementing buyer,96.1,Strategic Priority,400000.0,600000.0,"Map buyer, lot structure, and national/UN procurement channels before the funding window."
DAC-1601-INV-075238,Optimizing Forecasting and Supply Planning for Health Commodities,ET,Ethiopia,Gates Foundation,Opian Information Communication Technology PLC,Facility Infrastructure,direct_keyword,91.1,Likely procurement,0-6 months,Q4 2026,next planned disbursement,86,direct equipment language; procurement language; funding window within 90 days; future planned disbursement; future budget period; active implementation; named implementing buyer,95.8,Strategic Priority,357298.0,357298.0,"Map buyer, lot structure, and national/UN procurement channels before the funding window."
DAC-1601-INV-093612,Rapid Point-of-Care (POC) TB Molecular Diagnostic Kit Development,ZA; NG; UG; IN; ID; VN,ZA; NG; Uganda; IN; ID; VN,Gates Foundation,"Suzhou GenDx Biotech Co., Ltd.",Diagnostic Equipment,direct_keyword,91.1,Likely procurement,0-6 months,Q4 2026,next planned disbursement,86,direct equipment language; procurement language; funding window within 90 days; future planned disbursement; future budget period; active implementation; named implementing buyer,95.6,Strategic Priority,350594.0,350594.0,"Map buyer, lot structure, and national/UN procurement channels before the funding window."
DAC-1601-INV-090032,Supporting Indigo innovation introduction,ET,Ethiopia,Gates Foundation,International Rescue Committee,Cold Chain / Storage,direct_keyword,91.0,Likely procurement,0-6 months,Q4 2026,next planned disbursement,86,direct equipment language; procurement language; funding window within 90 days; future planned disbursement; future budget period; active implementation; named implementing buyer,95.8,Strategic Priority,300000.0,300000.0,"Map buyer, lot structure, and national/UN procurement channels before the funding window."
DAC-1601-INV-094679,Community Engagement for Equitable Access to Services,ET,Ethiopia,Gates Foundation,Gudina Tumsa Foundation,Facility Infrastructure,direct_keyword,90.6,Likely procurement,0-6 months,Q4 2026,next planned disbursement,86,direct equipment language; procurement language; funding window within 90 days; future planned disbursement; future budget period; active implementation; named implementing buyer,95.1,Strategic Priority,200000.0,200000.0,"Map buyer, lot structure, and national/UN procurement channels before the funding window."
DAC-1601-INV-085851,Far-Reaching Integrated Delivery Data System transition support,SO,Somalia,Gates Foundation,HISP Tanzania Limited,IT / Health Information Systems,direct_keyword,90.5,Likely procurement,0-6 months,Q4 2026,next planned disbursement,86,direct equipment language; procurement language; funding window within 90 days; future planned disbursement; future budget period; active implementation; named implementing buyer,94.0,Strategic Priority,119155.0,285244.0,"Map buyer, lot structure, and national/UN procurement channels before the funding window."
DAC-1601-INV-071789,Introducing and scaling Vayu CPAP across newborn use cases in Africa,TZ,Tanzania,Gates Foundation,Muhimbili University of Health and Allied Sciences,Oxygen & Respiratory,direct_keyword,90.4,Likely procurement,0-6 months,Q4 2026,next planned disbursement,86,direct equipment language; procurement language; funding window within 90 days; future planned disbursement; future budget period; active implementation; named implementing buyer,86.5,Strategic Priority,154438.0,154438.0,"Map buyer, lot structure, and national/UN procurement channels before the funding window."
KR-GOV-010-KR-GOV-051-2024010100089,"Enhancing Surveillance Capacity and Preparedness for Epidemics and Health Emergencies in Kinshasa/Upper Katanga, DRC",CD,Democratic Republic of the Congo,Ministry of Foreign Affairs,KOICA,Diagnostic Equipment,direct_keyword,88.0,Likely procurement,0-6 months,Q4 2026,next planned disbursement,86,direct equipment language; procurement language; funding window within 6 months; future planned disbursement; future budget period; active implementation; named implementing buyer,100.0,Strategic Priority,750632000.0,0.0,"Map buyer, lot structure, and national/UN procurement channels before the funding window."
KR-GOV-010-KR-GOV-051-2026070100927,Prevention of Blindness through Strengthening the Comprehensive Eye Health System in Tanzania (Phase3),TZ,Tanzania,Ministry of Foreign Affairs,Vision Care,Diagnostic Equipment; Medical Devices & Equipment; Facility Infrastructure,direct_keyword,88.0,Likely procurement,0-6 months,Q4 2026,next planned disbursement,86,direct equipment language; procurement language; funding window within 6 months; future planned disbursement; future budget period; active implementation; named implementing buyer,100.0,Strategic Priority,1025447920.0,0.0,"Map buyer, lot structure, and national/UN procurement channels before the funding window."
KR-GOV-010-KR-GOV-051-2021010100126,"Improving Maternal and Newborn Health(MNH) through Health System Strengthening in Kajiado County, Kenya",KE,Kenya,Ministry of Foreign Affairs,KOICA,Diagnostic Equipment; Vehicles & Transport,direct_keyword,88.0,Likely procurement,0-6 months,Q4 2026,next planned disbursement,86,direct equipment language; procurement language; funding window within 6 months; future planned disbursement; future budget period; active implementation; named implementing buyer,100.0,Strategic Priority,957466210.0,0.0,"Map buyer, lot structure, and national/UN procurement channels before the funding window."
KR-GOV-010-KR-GOV-051-2024010100041,Project for Implement Digital Transformation through Establishing an Integrated Health Information System(HIS) at Mulago National Referral Hospital in Uganda,UG,Uganda,Ministry of Foreign Affairs,KOICA,IT / Health Information Systems,direct_keyword,88.0,Likely procurement,0-6 months,Q4 2026,next planned disbursement,86,direct equipment language; procurement language; funding window within 6 months; future planned disbursement; future budget period; active implementation; named implementing buyer,100.0,Strategic Priority,1917556223.0,0.0,"Map buyer, lot structure, and national/UN procurement channels before the funding window."
KR-GOV-010-KR-GOV-051-2025010100029,Project for Strengthening high-risk maternal and neonatal care services in Dar es salaam,TZ,Tanzania,Ministry of Foreign Affairs,KOICA,Facility Infrastructure,direct_keyword,88.0,Likely procurement,0-6 months,Q4 2026,next planned disbursement,86,direct equipment language; procurement language; funding window within 6 months; future planned disbursement; future budget period; active implementation; named implementing buyer,100.0,Strategic Priority,1274797907.0,0.0,"Map buyer, lot structure, and national/UN procurement channels before the funding window."
KR-GOV-010-KR-GOV-051-2026010100020,"Enhancing Community Based Surveillance in Mobile Population and Cross Borders Population in the Tanganyika Province (IOM, 2026-2032/ USD 8.9 million)",CD,Democratic Republic of the Congo,Ministry of Foreign Affairs,International Organisation for Migration,Facility Infrastructure,direct_keyword,88.0,Likely procurement,0-6 months,Q4 2026,next planned disbursement,86,direct equipment language; procurement language; funding window within 6 months; future planned disbursement; future budget period; active implementation; named implementing buyer,100.0,Strategic Priority,12282000000.0,0.0,"Map buyer, lot structure, and national/UN procurement channels before the funding window."
KR-GOV-010-KR-GOV-051-2025010100006,"Improving Maternal and Newborn  Health Service through Specialized  Medical Center of Kajiado County,  Kenya",KE,Kenya,Ministry of Foreign Affairs,KOICA,Power & Utilities,direct_keyword,88.0,Likely procurement,0-6 months,Q4 2026,next planned disbursement,86,direct equipment language; procurement language; funding window within 6 months; future planned disbursement; future budget period; active implementation; named implementing buyer,94.0,Strategic Priority,999761344.0,0.0,"Map buyer, lot structure, and national/UN procurement channels before the funding window."
XI-IATI-EC_INTPA-2023-PC-28428,EU contribution to the Health Sector Transformation Multi-donor Trust Fund,SS,South Sudan,European Commission,INTERNATIONAL BANK FOR RECONSTRUCTI ON AND DEVELOPMENT,IT / Health Information Systems,direct_keyword,84.9,Likely procurement,0-6 months,Q4 2026,next planned disbursement,78,direct equipment language; procurement language; funding window within 90 days; future planned disbursement; active implementation; named implementing buyer,78.0,Strategic Priority,8658000.0,0.0,"Map buyer, lot structure, and national/UN procurement channels before the funding window."
XI-IATI-EC_INTPA-2024-PC-37015,Promoting the resumption of essential service provision for conflict-affected communities in Ethiopia,ET,Ethiopia,European Commission,EXPERTISE FRANCE,Facility Infrastructure,direct_keyword,83.9,Likely procurement,0-6 months,Q4 2026,next planned disbursement,78,direct equipment language; procurement language; funding window within 90 days; future planned disbursement; active implementation; named implementing buyer,77.7,Strategic Priority,731250.0,0.0,"Map buyer, lot structure, and national/UN procurement channels before the funding window."
GB-GOV-26-ISPF-MRC-8BZDF48-9L3AM9N-DUVXRZT,Use of Unmanned Aerial vehicles (Medical Drones) to Support Differentiated Service Delivery Models for Elimination of HIV in Uganda,UG,Uganda,"DEPARTMENT FOR SCIENCE, INNOVATION AND TECHNOLOGY",INFECTIOUS DISEASES INSTITUTE,Vehicles & Transport; Facility Infrastructure,direct_keyword,83.7,Likely procurement,0-6 months,Q4 2026,next planned disbursement,78,direct equipment language; procurement language; funding window within 90 days; future planned disbursement; active implementation; named implementing buyer,86.7,Strategic Priority,465944.29,0.0,"Map buyer, lot structure, and national/UN procurement channels before the funding window."
KR-GOV-110-1352000_2022_010,Project for strenghen medical equipment management governance in Ethiopia,ET,Ethiopia,Ministry of Health and Welfare,,Medical Devices & Equipment,direct_keyword,83.0,Likely procurement,0-6 months,Q4 2026,next planned disbursement,78,direct equipment language; procurement language; funding window within 6 months; future planned disbursement; future budget period; active implementation,100.0,Strategic Priority,0.0,0.0,"Map buyer, lot structure, and national/UN procurement channels before the funding window."
CA-3-P011791001,"Realizing Gender Equality, Attitudinal Change & Transformative Systems in Nutrition",BD; KE; KH; SO; TZ,BD; Kenya; KH; Somalia; Tanzania,Canada,World Vision Canada,Facility Infrastructure,direct_keyword,82.2,Likely procurement,6-12 months,Q2 2027,next planned disbursement,86,direct equipment language; procurement language; funding window within 12 months; future planned disbursement; future budget period; active implementation; named implementing buyer,97.4,Strategic Priority,14183367.83,14429666.91,"Map buyer, lot structure, and national/UN procurement channels before the funding window."
CA-3-P013173001,Strengthening health system resilience in the DRC and Chad,CD; TD,Democratic Republic of the Congo; TD,Canada,Oxfam Quebec,Facility Infrastructure; Power & Utilities,direct_keyword,82.1,Likely procurement,6-12 months,Q2 2027,next planned disbursement,86,direct equipment language; procurement language; funding window within 12 months; future planned disbursement; future budget period; active implementation; named implementing buyer,97.3,Strategic Priority,11587474.69,18615000.0,"Map buyer, lot structure, and national/UN procurement channels before the funding window."
FR-3-CRW107101,Financement de la reconstruction et de l'équipement de l'hôpital de Musanze,RW,Rwanda,France,REPUBLIQUE DU RWANDA,Facility Infrastructure,direct_keyword,82.0,Likely procurement,0-6 months,Q3 2026,next budget period,78,direct equipment language; procurement language; funding window within 90 days; future budget period; active implementation; named implementing buyer,81.6,Strategic Priority,0.0,50220271.96,"Map buyer, lot structure, and national/UN procurement channels before the funding window."
46002-P-KE-IB0-002,Kenya - East Africa’s Centres of Excellence For Skills and Tertiary Education In Biomedical Sciences – Phase I,KE,Kenya,African Development Fund,Ministry of Health,Diagnostic Equipment,direct_keyword,82.0,Likely procurement,0-6 months,Q4 2026,next budget period,78,direct equipment language; procurement language; funding window within 90 days; future budget period; active implementation; named implementing buyer,79.4,Strategic Priority,0.0,0.0,"Map buyer, lot structure, and national/UN procurement channels before the funding window."
XM-DAC-928-CD-2026-27-13.003.AF01.COD01,"WHO strengthens surveillance and alert systems, including diagnostics and laboratory capacities, for the effective monitoring of public health threats and the rapid detection, verification, risk assessment and grading of public health events",CD,Democratic Republic of the Congo,"Foreign, Commonwealth &amp; Development Office (FCDO), United Kingdom; Ministry of Foreign Affairs, Greece; Ministry for Europe and Foreign Affairs (MEAE), France; Directorate-General for European Civil Protection and Humanitarian Aid Operations (ECHO), European Commission; Pandemic Fund; United Nations Children&apos;s Fund (UNICEF); United Nations Central Emergency Response Fund (CERF); WHO Contingency Fund for Emergencies",World Health Organization,Diagnostic Equipment,direct_keyword,82.0,Likely procurement,0-6 months,Q4 2026,next budget period,78,direct equipment language; procurement language; funding window within 90 days; future budget period; active implementation; named implementing buyer,79.3,Strategic Priority,0.0,7171786.85,"Map buyer, lot structure, and national/UN procurement channels before the funding window."
46002-P-ET-IBZ-001,Ethiopia - Multi-Sectoral Approach for Stunting Reduction Project (MASReP),ET,Ethiopia,African Development Fund,Ministry of finance,Facility Infrastructure,direct_keyword,82.0,Likely procurement,0-6 months,Q4 2026,next budget period,78,direct equipment language; procurement language; funding window within 90 days; future budget period; active implementation; named implementing buyer,79.3,Strategic Priority,0.0,0.0,"Map buyer, lot structure, and national/UN procurement channels before the funding window."
XM-DAC-928-SO-2026-27-10.001.EM01.SOM01,"WHO strengthens surveillance and alert systems, including diagnostics and laboratory capacities, for the effective monitoring of public health threats and the rapid detection, verification, risk assessment and grading of public health events",SO,Somalia,"Department of Foreign Affairs, Trade and Development (DFATD), Canada; Federal Ministry for Economic Cooperation and Development (BMZ), Germany; European Investment Bank; Bill &amp; Melinda Gates Foundation",World Health Organization,Diagnostic Equipment,direct_keyword,82.0,Likely procurement,0-6 months,Q4 2026,next budget period,78,direct equipment language; procurement language; funding window within 90 days; future budget period; active implementation; named implementing buyer,79.2,Strategic Priority,0.0,6558351.49,"Map buyer, lot structure, and national/UN procurement channels before the funding window."
XM-DAC-928-TZ-2026-27-06.001.AF01.TZA01,"WHO strengthens surveillance and alert systems, including diagnostics and laboratory capacities, for the effective monitoring of public health threats and the rapid detection, verification, risk assessment and grading of public health events",TZ,Tanzania,"Foreign, Commonwealth &amp; Development Office (FCDO), United Kingdom; Ministry of Foreign Affairs, Ireland; Pandemic Fund; United Nations Multi-Partner Trust Fund Office (MPTFO); World Health Organization",World Health Organization,Diagnostic Equipment,direct_keyword,82.0,Likely procurement,0-6 months,Q4 2026,next budget period,78,direct equipment language; procurement language; funding window within 90 days; future budget period; active implementation; named implementing buyer,79.2,Strategic Priority,0.0,6182713.41,"Map buyer, lot structure, and national/UN procurement channels before the funding window."
XM-DAC-928-CD-2026-27-06.001.AF01.COD01,"WHO strengthens surveillance and alert systems, including diagnostics and laboratory capacities, for the effective monitoring of public health threats and the rapid detection, verification, risk assessment and grading of public health events",CD,Democratic Republic of the Congo,"Deutsche Gesellschaft f?r Internationale Zusammenarbeit (GIZ), Germany; Bill &amp; Melinda Gates Foundation; World Health Organization",World Health Organization,Diagnostic Equipment,direct_keyword,82.0,Likely procurement,0-6 months,Q4 2026,next budget period,78,direct equipment language; procurement language; funding window within 90 days; future budget period; active implementation; named implementing buyer,79.1,Strategic Priority,0.0,5853221.28,"Map buyer, lot structure, and national/UN procurement channels before the funding window."
NL-KVK-41160054-201319,Health Systems Strengthening through PBF in Borana Zone Phase III,ET,Ethiopia,Embassy of the Kingdom of the Netherlands Ethiopia,Cordaid Ethiopia,Facility Infrastructure,direct_keyword,82.0,Likely procurement,0-6 months,Q3 2026,next budget period,78,direct equipment language; procurement language; funding window within 90 days; future budget period; active implementation; named implementing buyer,79.1,Strategic Priority,0.0,6964293.96,"Map buyer, lot structure, and national/UN procurement channels before the funding window."
XM-DAC-928-ET-2026-27-13.003.AF01.ETH01,"WHO strengthens surveillance and alert systems, including diagnostics and laboratory capacities, for the effective monitoring of public health threats and the rapid detection, verification, risk assessment and grading of public health events",ET,Ethiopia,"Ministry of Foreign Affairs, Japan; Directorate-General for European Civil Protection and Humanitarian Aid Operations (ECHO), European Commission; United Nations Central Emergency Response Fund (CERF); Pandemic Fund",World Health Organization,Diagnostic Equipment,direct_keyword,82.0,Likely procurement,0-6 months,Q4 2026,next budget period,78,direct equipment language; procurement language; funding window within 90 days; future budget period; active implementation; named implementing buyer,79.0,Strategic Priority,0.0,5531421.39,"Map buyer, lot structure, and national/UN procurement channels before the funding window."
NL-KVK-41160054-201318,PBF-MoH Project,ET,Ethiopia,Embassy of the Kingdom of the Netherlands Ethiopia,Cordaid Ethiopia,Facility Infrastructure; IT / Health Information Systems,direct_keyword,82.0,Likely procurement,0-6 months,Q3 2026,next budget period,78,direct equipment language; procurement language; funding window within 90 days; future budget period; active implementation; named implementing buyer,79.0,Strategic Priority,0.0,6604029.9,"Map buyer, lot structure, and national/UN procurement channels before the funding window."
XM-DAC-928-SO-2026-27-08.001.EM01.SOM05,"Working environments, infrastructure, support services, supply chains and asset management are fit-for-purpose, accountable, cost-effective, innovative and secure for optimized operations",SO,Somalia,World Health Organization,World Health Organization,Facility Infrastructure,direct_keyword,82.0,Likely procurement,0-6 months,Q4 2026,next budget period,78,direct equipment language; procurement language; funding window within 90 days; future budget period; active implementation; named implementing buyer,78.9,Strategic Priority,0.0,5017368.95,"Map buyer, lot structure, and national/UN procurement channels before the funding window."
GB-EDU-133784-158242,NIHR Reducing delays in cancer care in sub-Saharan Africa,NG; KE; GB; US,NG; Kenya; GB; US,,University of Ibadan; Bayero University; African Population Health Research Center; University of Warwick; University of Edinburgh; University of Exeter; Health Research Operations Kenya Limited - The Operating Vehicle for the KEMRI-Wellcome Trust Research Programme,Facility Infrastructure,direct_keyword,82.0,Likely procurement,0-6 months,Q4 2026,next budget period,78,direct equipment language; procurement language; funding window within 90 days; future budget period; active implementation; named implementing buyer,78.8,Strategic Priority,0.0,4678772.41,"Map buyer, lot structure, and national/UN procurement channels before the funding window."
XM-DAC-928-SO-2026-27-06.001.EM01.SOM01,"WHO strengthens surveillance and alert systems, including diagnostics and laboratory capacities, for the effective monitoring of public health threats and the rapid detection, verification, risk assessment and grading of public health events",SO,Somalia,Bill &amp; Melinda Gates Foundation; WHO Foundation; World Health Organization,World Health Organization,Diagnostic Equipment,direct_keyword,82.0,Likely procurement,0-6 months,Q4 2026,next budget period,78,direct equipment language; procurement language; funding window within 90 days; future budget period; active implementation; named implementing buyer,78.6,Strategic Priority,0.0,3520157.91,"Map buyer, lot structure, and national/UN procurement channels before the funding window."
XM-DAC-928-SS-2026-27-08.001.AF01.SSD05,"Working environments, infrastructure, support services, supply chains and asset management are fit-for-purpose, accountable, cost-effective, innovative and secure for optimized operations",SS,South Sudan,South Sudan; World Health Organization,World Health Organization,Facility Infrastructure,direct_keyword,82.0,Likely procurement,0-6 months,Q4 2026,next budget period,78,direct equipment language; procurement language; funding window within 90 days; future budget period; active implementation; named implementing buyer,78.5,Strategic Priority,0.0,3394379.2,"Map buyer, lot structure, and national/UN procurement channels before the funding window."
XM-DAC-928-SS-2026-27-10.001.AF01.SSD01,"WHO strengthens surveillance and alert systems, including diagnostics and laboratory capacities, for the effective monitoring of public health threats and the rapid detection, verification, risk assessment and grading of public health events",SS,South Sudan,"Mohamed bin Zayed Foundation for Humanity; Federal Ministry for Economic Cooperation and Development (BMZ), Germany; Rotary International; Gates Philanthropy Partners",World Health Organization,Diagnostic Equipment,direct_keyword,82.0,Likely procurement,0-6 months,Q4 2026,next budget period,78,direct equipment language; procurement language; funding window within 90 days; future budget period; active implementation; named implementing buyer,78.5,Strategic Priority,0.0,3295779.1,"Map buyer, lot structure, and national/UN procurement channels before the funding window."
XM-DAC-928-ET-2026-27-10.001.AF01.ETH01,"WHO strengthens surveillance and alert systems, including diagnostics and laboratory capacities, for the effective monitoring of public health threats and the rapid detection, verification, risk assessment and grading of public health events",ET,Ethiopia,"Ministry of Foreign Affairs, Monaco; Department of Foreign Affairs, Trade and Development (DFATD), Canada; Mohamed bin Zayed Foundation for Humanity; Federal Ministry for Economic Cooperation and Development (BMZ), Germany; Gates Philanthropy Partners",World Health Organization,Diagnostic Equipment,direct_keyword,82.0,Likely procurement,0-6 months,Q4 2026,next budget period,78,direct equipment language; procurement language; funding window within 90 days; future budget period; active implementation; named implementing buyer,78.3,Strategic Priority,0.0,2838346.71,"Map buyer, lot structure, and national/UN procurement channels before the funding window."
XM-DAC-928-UG-2026-27-08.001.AF01.UGA05,"Working environments, infrastructure, support services, supply chains and asset management are fit-for-purpose, accountable, cost-effective, innovative and secure for optimized operations",UG,Uganda,"Ministry of Foreign Affairs, Ireland; Bill &amp; Melinda Gates Foundation; World Health Organization",World Health Organization,Facility Infrastructure,direct_keyword,82.0,Likely procurement,0-6 months,Q4 2026,next budget period,78,direct equipment language; procurement language; funding window within 90 days; future budget period; active implementation; named implementing buyer,78.3,Strategic Priority,0.0,2705751.63,"Map buyer, lot structure, and national/UN procurement channels before the funding window."
FR-3-CRW107106,Financement de la reconstruction et de l'équipement de l'hôpital de Musanze,RW,Rwanda,France,AGENCE FRANCAISE DE DEVELOPPEMENT,Facility Infrastructure,direct_keyword,82.0,Likely procurement,0-6 months,Q4 2026,next budget period,78,direct equipment language; procurement language; funding window within 90 days; future budget period; active implementation; named implementing buyer,78.3,Strategic Priority,0.0,3340335.96,"Map buyer, lot structure, and national/UN procurement channels before the funding window."
XM-DAC-928-SS-2026-27-06.001.AF01.SSD01,"WHO strengthens surveillance and alert systems, including diagnostics and laboratory capacities, for the effective monitoring of public health threats and the rapid detection, verification, risk assessment and grading of public health events",SS,South Sudan,"Ministry of Development Cooperation and Humanitarian Affairs, Luxembourg; Foreign, Commonwealth &amp; Development Office (FCDO), United Kingdom; United Nations Children&apos;s Fund (UNICEF); South Sudan; World Health Organization",World Health Organization,Diagnostic Equipment,direct_keyword,82.0,Likely procurement,0-6 months,Q4 2026,next budget period,78,direct equipment language; procurement language; funding window within 90 days; future budget period; active implementation; named implementing buyer,78.1,Strategic Priority,0.0,2372897.06,"Map buyer, lot structure, and national/UN procurement channels before the funding window."
XM-DAC-928-CD-2026-27-08.001.AF01.COD05,"Working environments, infrastructure, support services, supply chains and asset management are fit-for-purpose, accountable, cost-effective, innovative and secure for optimized operations",CD,Democratic Republic of the Congo,World Health Organization,World Health Organization,Facility Infrastructure,direct_keyword,82.0,Likely procurement,0-6 months,Q4 2026,next budget period,78,direct equipment language; procurement language; funding window within 90 days; future budget period; active implementation; named implementing buyer,77.9,Strategic Priority,0.0,2015248.32,"Map buyer, lot structure, and national/UN procurement channels before the funding window."
XM-DAC-928-SS-2026-27-13.003.AF01.SSD01,"WHO strengthens surveillance and alert systems, including diagnostics and laboratory capacities, for the effective monitoring of public health threats and the rapid detection, verification, risk assessment and grading of public health events",SS,South Sudan,"Foreign, Commonwealth &amp; Development Office (FCDO), United Kingdom; Directorate-General for European Civil Protection and Humanitarian Aid Operations (ECHO), European Commission; United Nations Office for the Coordination of Humanitarian Affairs (UNOCHA); WHO Contingency Fund for Emergencies",World Health Organization,Diagnostic Equipment,direct_keyword,82.0,Likely procurement,0-6 months,Q4 2026,next budget period,78,direct equipment language; procurement language; funding window within 90 days; future budget period; active implementation; named implementing buyer,77.9,Strategic Priority,0.0,1955595.44,"Map buyer, lot structure, and national/UN procurement channels before the funding window."
XM-DAC-928-ET-2026-27-08.001.AF01.ETH05,"Working environments, infrastructure, support services, supply chains and asset management are fit-for-purpose, accountable, cost-effective, innovative and secure for optimized operations",ET,Ethiopia,"Ministry of Foreign Affairs, Japan; World Health Organization",World Health Organization,Facility Infrastructure,direct_keyword,82.0,Likely procurement,0-6 months,Q4 2026,next budget period,78,direct equipment language; procurement language; funding window within 90 days; future budget period; active implementation; named implementing buyer,77.9,Strategic Priority,0.0,1896523.27,"Map buyer, lot structure, and national/UN procurement channels before the funding window."
FR-3-CZZ385101,Projet d'appui à la lutte contre la drépanocytose au Kenya et en Tanzanie,KE; TZ,Kenya; Tanzania,France,FONDATION PIERRE FABRE,Diagnostic Equipment,direct_keyword,82.0,Likely procurement,0-6 months,Q3 2026,next budget period,78,direct equipment language; procurement language; funding window within 90 days; future budget period; active implementation; named implementing buyer,77.9,Strategic Priority,0.0,1598261.51,"Map buyer, lot structure, and national/UN procurement channels before the funding window."
XM-DAC-928-KE-2026-27-08.001.AF01.KEN05,"Working environments, infrastructure, support services, supply chains and asset management are fit-for-purpose, accountable, cost-effective, innovative and secure for optimized operations",KE,Kenya,World Health Organization,World Health Organization,Facility Infrastructure,direct_keyword,82.0,Likely procurement,0-6 months,Q4 2026,next budget period,78,direct equipment language; procurement language; funding window within 90 days; future budget period; active implementation; named implementing buyer,77.8,Strategic Priority,0.0,1838198.38,"Map buyer, lot structure, and national/UN procurement channels before the funding window."
NL-KVK-41160054-201317,Strengthening the health system through PBF in Amhara Region,ET,Ethiopia,Embassy of the Kingdom of the Netherlands Ethiopia,Cordaid Ethiopia,Facility Infrastructure,direct_keyword,82.0,Likely procurement,0-6 months,Q3 2026,next budget period,78,direct equipment language; procurement language; funding window within 90 days; future budget period; active implementation; named implementing buyer,77.8,Strategic Priority,0.0,2057829.93,"Map buyer, lot structure, and national/UN procurement channels before the funding window."
XM-DAC-928-UG-2026-27-13.003.AF01.UGA01,"WHO strengthens surveillance and alert systems, including diagnostics and laboratory capacities, for the effective monitoring of public health threats and the rapid detection, verification, risk assessment and grading of public health events",UG,Uganda,"Ministry of Foreign Affairs, Ireland; Foreign, Commonwealth &amp; Development Office (FCDO), United Kingdom; Bill &amp; Melinda Gates Foundation; WHO Contingency Fund for Emergencies; Children&apos;s Investment Fund Foundation (UK)",World Health Organization,Diagnostic Equipment,direct_keyword,82.0,Likely procurement,0-6 months,Q4 2026,next budget period,78,direct equipment language; procurement language; funding window within 90 days; future budget period; active implementation; named implementing buyer,77.6,Strategic Priority,0.0,1479306.46,"Map buyer, lot structure, and national/UN procurement channels before the funding window."
XM-DAC-928-TZ-2026-27-03.003.AF01.TZA01,"WHO builds country capacity and develops tools and platforms to support countries in developing and improving their national digital health and health information systems to improve resilience, coverage, equity and impact",TZ,Tanzania,United Nations Multi-Partner Trust Fund Office (MPTFO); World Health Organization,World Health Organization,IT / Health Information Systems,direct_keyword,82.0,Likely procurement,0-6 months,Q4 2026,next budget period,78,direct equipment language; procurement language; funding window within 90 days; future budget period; active implementation; named implementing buyer,77.5,Strategic Priority,0.0,1333901.25,"Map buyer, lot structure, and national/UN procurement channels before the funding window."
XM-DAC-928-SO-2026-27-13.003.EM01.SOM01,"WHO strengthens surveillance and alert systems, including diagnostics and laboratory capacities, for the effective monitoring of public health threats and the rapid detection, verification, risk assessment and grading of public health events",SO,Somalia,United Nations Central Emergency Response Fund (CERF); WHO Contingency Fund for Emergencies,World Health Organization,Diagnostic Equipment,direct_keyword,82.0,Likely procurement,0-6 months,Q4 2026,next budget period,78,direct equipment language; procurement language; funding window within 90 days; future budget period; active implementation; named implementing buyer,77.3,Strategic Priority,0.0,1109540.74,"Map buyer, lot structure, and national/UN procurement channels before the funding window."
XM-DAC-928-RW-2026-27-06.001.AF01.RWA01,"WHO strengthens surveillance and alert systems, including diagnostics and laboratory capacities, for the effective monitoring of public health threats and the rapid detection, verification, risk assessment and grading of public health events",RW,Rwanda,Pandemic Fund; World Health Organization,World Health Organization,Diagnostic Equipment,direct_keyword,82.0,Likely procurement,0-6 months,Q4 2026,next budget period,78,direct equipment language; procurement language; funding window within 90 days; future budget period; active implementation; named implementing buyer,77.3,Strategic Priority,0.0,1068682.13,"Map buyer, lot structure, and national/UN procurement channels before the funding window."
XM-DAC-928-RW-2026-27-03.003.AF01.RWA01,"WHO builds country capacity and develops tools and platforms to support countries in developing and improving their national digital health and health information systems to improve resilience, coverage, equity and impact",RW,Rwanda,United Nations Multi-Partner Trust Fund Office (MPTFO); World Health Organization,World Health Organization,IT / Health Information Systems,direct_keyword,82.0,Likely procurement,0-6 months,Q4 2026,next budget period,78,direct equipment language; procurement language; funding window within 90 days; future budget period; active implementation; named implementing buyer,77.2,Strategic Priority,0.0,1010625.0,"Map buyer, lot structure, and national/UN procurement channels before the funding window."
XM-DAC-928-CD-2026-27-10.001.AF01.COD01,"WHO strengthens surveillance and alert systems, including diagnostics and laboratory capacities, for the effective monitoring of public health threats and the rapid detection, verification, risk assessment and grading of public health events",CD,Democratic Republic of the Congo,Rotary International,World Health Organization,Diagnostic Equipment,direct_keyword,82.0,Likely procurement,0-6 months,Q4 2026,next budget period,78,direct equipment language; procurement language; funding window within 90 days; future budget period; active implementation; named implementing buyer,77.1,Strategic Priority,0.0,904143.33,"Map buyer, lot structure, and national/UN procurement channels before the funding window."
XM-DAC-928-CD-2026-27-10.001.AF01.ORD01,"WHO strengthens surveillance and alert systems, including diagnostics and laboratory capacities, for the effective monitoring of public health threats and the rapid detection, verification, risk assessment and grading of public health events",CD; KE,Democratic Republic of the Congo; Kenya,Bill &amp; Melinda Gates Foundation; Bill &amp; Melinda Gates Foundation,World Health Organization,Diagnostic Equipment,direct_keyword,82.0,Likely procurement,0-6 months,Q4 2026,next budget period,78,direct equipment language; procurement language; funding window within 90 days; future budget period; active implementation; named implementing buyer,76.7,Strategic Priority,0.0,996092.23,"Map buyer, lot structure, and national/UN procurement channels before the funding window."
FR-3-CCD119601,Appui à l'Institut National de Recherche Biomédicale en RDC,CD,Democratic Republic of the Congo,France,FONDATION MÉRIEUX,Diagnostic Equipment,direct_keyword,81.9,Likely procurement,0-6 months,Q4 2026,next budget period,78,direct equipment language; procurement language; funding window within 90 days; future budget period; active implementation; named implementing buyer,78.0,Strategic Priority,0.0,751807.23,"Map buyer, lot structure, and national/UN procurement channels before the funding window."
FR-3-CRW107102,Financement de la reconstruction et de l'équipement de l'hôpital de Musanze,RW,Rwanda,France,EXPERTISE FRANCE AFETI,Facility Infrastructure,direct_keyword,81.9,Likely procurement,0-6 months,Q4 2026,next budget period,78,direct equipment language; procurement language; funding window within 90 days; future budget period; active implementation; named implementing buyer,77.1,Strategic Priority,0.0,737370.38,"Map buyer, lot structure, and national/UN procurement channels before the funding window."
FR-3-CZZ395201,Programme DREPACCI ¿ Appui à la lutte contre la drépanocytose,CD; CM; CI,Democratic Republic of the Congo; CM; CI,France,FONDATION PIERRE FABRE,Diagnostic Equipment,direct_keyword,81.9,Likely procurement,0-6 months,Q3 2026,next budget period,78,direct equipment language; procurement language; funding window within 90 days; future budget period; active implementation; named implementing buyer,77.0,Strategic Priority,0.0,843733.11,"Map buyer, lot structure, and national/UN procurement channels before the funding window."
XM-DAC-928-KE-2026-27-10.001.AF01.KEN01,"WHO strengthens surveillance and alert systems, including diagnostics and laboratory capacities, for the effective monitoring of public health threats and the rapid detection, verification, risk assessment and grading of public health events",KE,Kenya,"Department of Foreign Affairs, Trade and Development (DFATD), Canada; Mohamed bin Zayed Foundation for Humanity; Federal Ministry for Economic Cooperation and Development (BMZ), Germany; Gates Philanthropy Partners",World Health Organization,Diagnostic Equipment,direct_keyword,81.9,Likely procurement,0-6 months,Q4 2026,next budget period,78,direct equipment language; procurement language; funding window within 90 days; future budget period; active implementation; named implementing buyer,77.0,Strategic Priority,0.0,847103.27,"Map buyer, lot structure, and national/UN procurement channels before the funding window."
CA-3-P012704001,Improving equitable access to quality sexual and reproductive health and rights for adolescents,TZ,Tanzania,Canada,UNICEF - United Nations Children's Fund,Facility Infrastructure,direct_keyword,81.8,Likely procurement,6-12 months,Q2 2027,next planned disbursement,86,direct equipment language; procurement language; funding window within 12 months; future planned disbursement; future budget period; active implementation; named implementing buyer,96.4,Strategic Priority,6040750.0,6186750.0,"Map buyer, lot structure, and national/UN procurement channels before the funding window."
GB-GOV-1-400034-405,Programme Assets and Equipment,UG,Uganda,"Foreign, Commonwealth and Development Office (FCDO)",PATHFINDER INTERNATIONAL,Facility Infrastructure,direct_keyword,81.8,Likely procurement,0-6 months,Q4 2026,next budget period,78,direct equipment language; procurement language; funding window within 90 days; future budget period; active implementation; named implementing buyer,77.1,Strategic Priority,0.0,699447.15,"Map buyer, lot structure, and national/UN procurement channels before the funding window."
CA-3-P013192001,East African Resilient Health Systems,ET; SS,Ethiopia; South Sudan,Canada,Islamic Relief Canada,Diagnostic Equipment; Facility Infrastructure; Power & Utilities,direct_keyword,81.7,Likely procurement,6-12 months,Q2 2027,next planned disbursement,86,direct equipment language; procurement language; funding window within 12 months; future planned disbursement; future budget period; active implementation; named implementing buyer,96.4,Strategic Priority,5109999.27,8005665.45,"Map buyer, lot structure, and national/UN procurement channels before the funding window."
CA-3-P011788001,Championing Nutrition and Gender Equality (CHANGE),ET; GH,Ethiopia; GH,Canada,CHILDREN BELIEVE FUND,Facility Infrastructure; Power & Utilities,direct_keyword,81.7,Likely procurement,6-12 months,Q2 2027,next planned disbursement,86,direct equipment language; procurement language; funding window within 12 months; future planned disbursement; future budget period; active implementation; named implementing buyer,96.3,Strategic Priority,4680157.75,5330679.0,"Map buyer, lot structure, and national/UN procurement channels before the funding window."
CA-3-P009725001,Building Rights for Improved Girls' Health in Tanzania,TZ,Tanzania,Canada,Micronutrient Initiative,Facility Infrastructure,direct_keyword,81.7,Likely procurement,6-12 months,Q2 2027,next planned disbursement,86,direct equipment language; procurement language; funding window within 12 months; future planned disbursement; future budget period; active implementation; named implementing buyer,95.9,Strategic Priority,4488894.83,2135250.0,"Map buyer, lot structure, and national/UN procurement channels before the funding window."
XM-DAC-928-TZ-2026-27-08.001.AF01.TZA05,"Working environments, infrastructure, support services, supply chains and asset management are fit-for-purpose, accountable, cost-effective, innovative and secure for optimized operations",TZ,Tanzania,United Nations Multi-Partner Trust Fund Office (MPTFO); World Health Organization,World Health Organization,Facility Infrastructure,direct_keyword,81.7,Likely procurement,0-6 months,Q4 2026,next budget period,78,direct equipment language; procurement language; funding window within 90 days; future budget period; active implementation; named implementing buyer,76.5,Strategic Priority,0.0,534750.23,"Map buyer, lot structure, and national/UN procurement channels before the funding window."
XM-DAC-928-KE-2026-27-06.001.AF01.KEN01,"WHO strengthens surveillance and alert systems, including diagnostics and laboratory capacities, for the effective monitoring of public health threats and the rapid detection, verification, risk assessment and grading of public health events",KE,Kenya,"Foreign, Commonwealth &amp; Development Office (FCDO), United Kingdom; Gavi, the Vaccine Alliance; World Health Organization",World Health Organization,Diagnostic Equipment,direct_keyword,81.7,Likely procurement,0-6 months,Q4 2026,next budget period,78,direct equipment language; procurement language; funding window within 90 days; future budget period; active implementation; named implementing buyer,76.4,Strategic Priority,0.0,469984.02,"Map buyer, lot structure, and national/UN procurement channels before the funding window."
CA-3-P008434002,Power to Choose,BO; CD; GH; HN; JO; LB; PS,BO; Democratic Republic of the Congo; GH; HN; JO; LB; PS,Canada,Oxfam Quebec,Facility Infrastructure,direct_keyword,81.6,Likely procurement,6-12 months,Q2 2027,next planned disbursement,86,direct equipment language; procurement language; funding window within 12 months; future planned disbursement; future budget period; active implementation; named implementing buyer,96.9,Strategic Priority,3759913.91,8045376.72,"Map buyer, lot structure, and national/UN procurement channels before the funding window."
XM-DAC-928-TZ-2026-27-13.003.AF01.TZA01,"WHO strengthens surveillance and alert systems, including diagnostics and laboratory capacities, for the effective monitoring of public health threats and the rapid detection, verification, risk assessment and grading of public health events",TZ,Tanzania,"Gavi, the Vaccine Alliance",World Health Organization,Diagnostic Equipment,direct_keyword,81.6,Likely procurement,0-6 months,Q4 2026,next budget period,78,direct equipment language; procurement language; funding window within 90 days; future budget period; active implementation; named implementing buyer,76.3,Strategic Priority,0.0,423426.62,"Map buyer, lot structure, and national/UN procurement channels before the funding window."
XM-DAC-928-SS-2026-27-03.003.AF01.SSD01,"WHO builds country capacity and develops tools and platforms to support countries in developing and improving their national digital health and health information systems to improve resilience, coverage, equity and impact",SS,South Sudan,South Sudan,World Health Organization,IT / Health Information Systems,direct_keyword,81.6,Likely procurement,0-6 months,Q4 2026,next budget period,78,direct equipment language; procurement language; funding window within 90 days; future budget period; active implementation; named implementing buyer,76.1,Strategic Priority,0.0,378750.0,"Map buyer, lot structure, and national/UN procurement channels before the funding window."
NL-KVK-27108436-A-07837-02:CD,CO DRC,CD,Democratic Republic of the Congo,Oxfam Novib,Oxfam GB,Power & Utilities,direct_keyword,81.5,Likely procurement,0-6 months,Q4 2026,next budget period,78,direct equipment language; procurement language; funding window within 90 days; future budget period; active implementation; named implementing buyer,67.7,Qualified Lead,0.0,292500.0,"Map buyer, lot structure, and national/UN procurement channels before the funding window."
XM-DAC-928-SO-2026-27-03.003.EM01.SOM01,"WHO builds country capacity and develops tools and platforms to support countries in developing and improving their national digital health and health information systems to improve resilience, coverage, equity and impact",SO,Somalia,Bill &amp; Melinda Gates Foundation,World Health Organization,IT / Health Information Systems,direct_keyword,81.4,Likely procurement,0-6 months,Q4 2026,next budget period,78,direct equipment language; procurement language; funding window within 90 days; future budget period; active implementation; named implementing buyer,75.8,Strategic Priority,0.0,281250.0,"Map buyer, lot structure, and national/UN procurement channels before the funding window."
XM-DAC-928-ET-2026-27-06.001.AF01.ETH01,"WHO strengthens surveillance and alert systems, including diagnostics and laboratory capacities, for the effective monitoring of public health threats and the rapid detection, verification, risk assessment and grading of public health events",ET,Ethiopia,United Nations Central Emergency Response Fund (CERF); World Health Organization,World Health Organization,Diagnostic Equipment,direct_keyword,81.4,Likely procurement,0-6 months,Q4 2026,next budget period,78,direct equipment language; procurement language; funding window within 90 days; future budget period; active implementation; named implementing buyer,75.8,Strategic Priority,0.0,274249.52,"Map buyer, lot structure, and national/UN procurement channels before the funding window."
XM-DAC-928-TZ-2026-27-07.002.AF01.TZA02,"Strengthening national and regional science ecosystems to improve health and provide opportunities and equity, active support for the digital health transformation, research, development and innovation, including manufacturing capacities of countries",TZ,Tanzania,World Health Organization,World Health Organization,IT / Health Information Systems,direct_keyword,81.3,Likely procurement,0-6 months,Q4 2026,next budget period,78,direct equipment language; procurement language; funding window within 90 days; future budget period; active implementation; named implementing buyer,75.5,Strategic Priority,0.0,217688.09,"Map buyer, lot structure, and national/UN procurement channels before the funding window."
XM-DAC-928-ET-2026-27-03.003.AF01.ETH01,"WHO builds country capacity and develops tools and platforms to support countries in developing and improving their national digital health and health information systems to improve resilience, coverage, equity and impact",ET,Ethiopia,"Global Fund to Fight AIDS, Tuberculosis and Malaria (GFATM); World Health Organization",World Health Organization,IT / Health Information Systems,direct_keyword,81.3,Likely procurement,0-6 months,Q4 2026,next budget period,78,direct equipment language; procurement language; funding window within 90 days; future budget period; active implementation; named implementing buyer,75.5,Strategic Priority,0.0,206730.0,"Map buyer, lot structure, and national/UN procurement channels before the funding window."
XM-DAC-928-RW-2026-27-08.001.AF01.RWA05,"Working environments, infrastructure, support services, supply chains and asset management are fit-for-purpose, accountable, cost-effective, innovative and secure for optimized operations",RW,Rwanda,World Health Organization,World Health Organization,Facility Infrastructure,direct_keyword,81.3,Likely procurement,0-6 months,Q4 2026,next budget period,78,direct equipment language; procurement language; funding window within 90 days; future budget period; active implementation; named implementing buyer,75.4,Strategic Priority,0.0,186870.69,"Map buyer, lot structure, and national/UN procurement channels before the funding window."
CA-3-P008372001,Uniting Towards Gender Equality for the Total Health and Rights of Women and Girls,KE; KH; PH; UG,Kenya; KH; PH; Uganda,Canada,ADRA - Adventist Development and Relief Agency Canada,Facility Infrastructure,direct_keyword,81.2,Likely procurement,6-12 months,Q2 2027,next planned disbursement,86,direct equipment language; procurement language; funding window within 12 months; future planned disbursement; future budget period; active implementation; named implementing buyer,96.4,Strategic Priority,1453700.1,2798711.23,"Map buyer, lot structure, and national/UN procurement channels before the funding window."
XM-DAC-928-KE-2026-27-03.003.AF01.KEN01,"WHO builds country capacity and develops tools and platforms to support countries in developing and improving their national digital health and health information systems to improve resilience, coverage, equity and impact",KE,Kenya,Bloomberg Family Foundation; World Health Organization,World Health Organization,IT / Health Information Systems,direct_keyword,81.2,Likely procurement,0-6 months,Q4 2026,next budget period,78,direct equipment language; procurement language; funding window within 90 days; future budget period; active implementation; named implementing buyer,75.2,Strategic Priority,0.0,156750.0,"Map buyer, lot structure, and national/UN procurement channels before the funding window."
XM-DAC-928-UG-2026-27-06.001.AF01.UGA01,"WHO strengthens surveillance and alert systems, including diagnostics and laboratory capacities, for the effective monitoring of public health threats and the rapid detection, verification, risk assessment and grading of public health events",UG,Uganda,,World Health Organization,Diagnostic Equipment,direct_keyword,81.2,Likely procurement,0-6 months,Q4 2026,next budget period,78,direct equipment language; procurement language; funding window within 90 days; future budget period; active implementation; named implementing buyer,75.1,Strategic Priority,0.0,150000.0,"Map buyer, lot structure, and national/UN procurement channels before the funding window."
CA-3-P007310001,Veterinarians without Borders - Volunteer Cooperation 2020-2028,GH; KE; KH; LA; SN; VN,GH; Kenya; KH; LA; SN; VN,Canada,Veterinarians Without Borders,IT / Health Information Systems,direct_keyword,81.1,Likely procurement,6-12 months,Q2 2027,next planned disbursement,86,direct equipment language; procurement language; funding window within 12 months; future planned disbursement; future budget period; active implementation; named implementing buyer,95.2,Strategic Priority,1270524.12,938923.81,"Map buyer, lot structure, and national/UN procurement channels before the funding window."
DAC-1601-INV-085947,Measles RDT use case / applicability study for outbreaks in Ethiopia,ET,Ethiopia,Gates Foundation,Health Poverty Action,Diagnostic Equipment,direct_keyword,81.0,Likely procurement,0-6 months,Q4 2026,next planned disbursement,78,direct equipment language; procurement language; funding window within 90 days; future budget period; active implementation; named implementing buyer,75.7,Strategic Priority,0.0,100019.0,"Map buyer, lot structure, and national/UN procurement channels before the funding window."
CA-3-P011372001,Community One Health Empowerment in Rwanda and Senegal,RW; SN,Rwanda; SN,Canada,Veterinarians Without Borders,Facility Infrastructure,direct_keyword,80.9,Likely procurement,6-12 months,Q2 2027,next planned disbursement,86,direct equipment language; procurement language; funding window within 12 months; future planned disbursement; future budget period; active implementation; named implementing buyer,94.7,Strategic Priority,921825.75,884212.5,"Map buyer, lot structure, and national/UN procurement channels before the funding window."
CA-3-P008369001,SRHR – Rwanda,RW,Rwanda,Canada,L'AMIE,Facility Infrastructure,direct_keyword,80.9,Likely procurement,6-12 months,Q2 2027,next planned disbursement,86,direct equipment language; procurement language; funding window within 12 months; future planned disbursement; future budget period; active implementation; named implementing buyer,94.6,Strategic Priority,1613982.55,489350.39,"Map buyer, lot structure, and national/UN procurement channels before the funding window."
XM-DAC-301-2-110955-001,Strengthening the Eastern Africa Regional Evidence Synthesis Initiative,ET; MW; TZ; UG,Ethiopia; MW; Tanzania; Uganda,William and Flora Hewlett Foundation; Canada. Parliament,Center for Rapid Evidence Synthesis,Facility Infrastructure,direct_keyword,80.9,Likely procurement,6-12 months,Q2 2027,next planned disbursement,86,direct equipment language; procurement language; funding window within 12 months; future planned disbursement; future budget period; active implementation; named implementing buyer,93.9,Strategic Priority,0.0,909872.0,"Map buyer, lot structure, and national/UN procurement channels before the funding window."
XM-DAC-928-KE-2026-27-13.003.AF01.KEN01,"WHO strengthens surveillance and alert systems, including diagnostics and laboratory capacities, for the effective monitoring of public health threats and the rapid detection, verification, risk assessment and grading of public health events",KE,Kenya,Novo Nordisk Foundation,World Health Organization,Diagnostic Equipment,direct_keyword,80.9,Likely procurement,0-6 months,Q4 2026,next budget period,78,direct equipment language; procurement language; funding window within 90 days; future budget period; active implementation; named implementing buyer,74.4,Qualified Lead,0.0,73770.38,"Map buyer, lot structure, and national/UN procurement channels before the funding window."
XM-DAC-928-CD-2026-27-03.003.AF01.COD01,"WHO builds country capacity and develops tools and platforms to support countries in developing and improving their national digital health and health information systems to improve resilience, coverage, equity and impact",CD,Democratic Republic of the Congo,,World Health Organization,IT / Health Information Systems,direct_keyword,80.9,Likely procurement,0-6 months,Q4 2026,next budget period,78,direct equipment language; procurement language; funding window within 90 days; future budget period; active implementation; named implementing buyer,74.4,Qualified Lead,0.0,73500.0,"Map buyer, lot structure, and national/UN procurement channels before the funding window."
46002-P-SS-IB0-001,South Sudan – Emergency Assistance Project for Epidemic Response,SS,South Sudan,Special Relief Funds,,Diagnostic Equipment,direct_keyword,79.9,Likely procurement,0-6 months,Q4 2026,next budget period,70,direct equipment language; procurement language; funding window within 90 days; future budget period; pipeline activity,82.7,Strategic Priority,0.0,0.0,"Map buyer, lot structure, and national/UN procurement channels before the funding window."
46002-P-UG-IB0-009,Uganda – Emergency Assistance Project for Epidemic Response,UG,Uganda,Special Relief Funds,,Diagnostic Equipment,direct_keyword,79.9,Likely procurement,0-6 months,Q4 2026,next budget period,70,direct equipment language; procurement language; funding window within 90 days; future budget period; pipeline activity,82.7,Strategic Priority,0.0,0.0,"Map buyer, lot structure, and national/UN procurement channels before the funding window."
XM-DAC-928-CD-2026-27-07.002.AF01.COD02,"Strengthening national and regional science ecosystems to improve health and provide opportunities and equity, active support for the digital health transformation, research, development and innovation, including manufacturing capacities of countries",CD,Democratic Republic of the Congo,,World Health Organization,IT / Health Information Systems,direct_keyword,79.7,Likely procurement,0-6 months,Q4 2026,next budget period,78,direct equipment language; procurement language; funding window within 90 days; future budget period; active implementation; named implementing buyer,71.5,Qualified Lead,0.0,5130.09,"Map buyer, lot structure, and national/UN procurement channels before the funding window."
XM-DAC-928-SO-2026-27-07.002.EM01.SOM02,"Strengthening national and regional science ecosystems to improve health and provide opportunities and equity, active support for the digital health transformation, research, development and innovation, including manufacturing capacities of countries",SO,Somalia,,World Health Organization,IT / Health Information Systems,direct_keyword,79.2,Likely procurement,0-6 months,Q4 2026,next budget period,78,direct equipment language; procurement language; funding window within 90 days; future budget period; active implementation; named implementing buyer,70.2,Qualified Lead,0.0,1575.42,"Map buyer, lot structure, and national/UN procurement channels before the funding window."
CA-3-P007987001,"Improving Women-Led Water, Sanitation and Hygiene for Healthy Homes",ET,Ethiopia,Canada,Centre for Affordable Water and Sanitation Technology,Power & Utilities,direct_keyword,78.8,Likely procurement,6-12 months,Q1 2027,next planned disbursement,86,direct equipment language; procurement language; funding window within 12 months; future planned disbursement; future budget period; active implementation; named implementing buyer,83.2,Strategic Priority,148205.33,41641.39,"Map buyer, lot structure, and national/UN procurement channels before the funding window."
FR-3-CRW1071,Financement de la reconstruction et de l'équipement de l'hôpital de Musanze,RW,Rwanda,France,,Facility Infrastructure,direct_keyword,77.0,Likely procurement,0-6 months,Q3 2026,next budget period,70,direct equipment language; procurement language; funding window within 90 days; future budget period; active implementation,81.6,Strategic Priority,0.0,50220272.01,"Map buyer, lot structure, and national/UN procurement channels before the funding window."
GB-GOV-1-301474-416,Ethiopian Red Cross Society (ERCS)-CDEL-ICF,ET,Ethiopia,"Foreign, Commonwealth and Development Office (FCDO)",,Facility Infrastructure; Power & Utilities,direct_keyword,77.0,Likely procurement,0-6 months,Q4 2026,next budget period,70,direct equipment language; procurement language; funding window within 90 days; future budget period; active implementation,78.9,Strategic Priority,0.0,5988874.05,"Map buyer, lot structure, and national/UN procurement channels before the funding window."
FR-3-CZZ3851,Projet d'appui à la lutte contre la drépanocytose au Kenya et en Tanzanie,KE; TZ,Kenya; Tanzania,France,,Diagnostic Equipment,direct_keyword,77.0,Likely procurement,0-6 months,Q3 2026,next budget period,70,direct equipment language; procurement language; funding window within 90 days; future budget period; active implementation,77.9,Strategic Priority,0.0,1598261.56,"Map buyer, lot structure, and national/UN procurement channels before the funding window."
FR-3-CCD1196,Appui à l'Institut National de Recherche Biomédicale en RDC,CD,Democratic Republic of the Congo,France,,Diagnostic Equipment,direct_keyword,76.9,Likely procurement,0-6 months,Q4 2026,next budget period,70,direct equipment language; procurement language; funding window within 90 days; future budget period; active implementation,78.0,Strategic Priority,0.0,751807.23,"Map buyer, lot structure, and national/UN procurement channels before the funding window."
FR-3-CZZ3952,Programme DREPACCI ¿ Appui à la lutte contre la drépanocytose,CD; CM; CI,Democratic Republic of the Congo; CM; CI,France,,Diagnostic Equipment,direct_keyword,76.9,Likely procurement,0-6 months,Q3 2026,next budget period,70,direct equipment language; procurement language; funding window within 90 days; future budget period; active implementation,77.0,Strategic Priority,0.0,843733.14,"Map buyer, lot structure, and national/UN procurement channels before the funding window."
KR-GOV-010-KR-GOV-051-2024070100563,"Community-Based Child Nutrition Enhancement Program in Kati district, Zanzibar, Tanzania",TZ,Tanzania,Ministry of Foreign Affairs,Good People International,Facility Infrastructure,direct_keyword,76.0,Likely procurement,0-6 months,Q4 2026,next planned disbursement,78,direct equipment language; procurement language; funding window within 6 months; future budget period; active implementation; named implementing buyer,82.0,Strategic Priority,0.0,0.0,"Map buyer, lot structure, and national/UN procurement channels before the funding window."
47045-TZA-H-MOF-4,"To reduce HIV infections by 85%, new HIV infections among children by less than 4%, AIDS related deaths by 80% and HIV related stigma to 5%, all from 2010 baseline by 2025. - Tanzania (United Republic) (01-Jan-2024-31-Dec-2026)",TZ,Tanzania,"The Global Fund to Fight AIDS, Tuberculosis and Malaria; The Global Fund to Fight AIDS, Tuberculosis and Malaria","Ministry of Health, Community Development, Gender, Elderly and Children of the United Republic of Tanzania",Facility Infrastructure,direct_keyword,76.0,Likely procurement,0-6 months,Q4 2026,next budget period,78,direct equipment language; procurement language; funding window within 6 months; future budget period; active implementation; named implementing buyer,82.0,Strategic Priority,0.0,109256492.0,"Map buyer, lot structure, and national/UN procurement channels before the funding window."
47045-UGA-M-MoFPED-4,Supporting Uganda's Strategy for Acceleration Towards Elimination of Malaria - Uganda (01-Jan-2024-31-Dec-2026),UG,Uganda,"The Global Fund to Fight AIDS, Tuberculosis and Malaria; The Global Fund to Fight AIDS, Tuberculosis and Malaria","Ministry of Finance, Planning and Economic Development of the Republic of Uganda",Facility Infrastructure,direct_keyword,76.0,Likely procurement,0-6 months,Q4 2026,next budget period,78,direct equipment language; procurement language; funding window within 6 months; future budget period; active implementation; named implementing buyer,81.8,Strategic Priority,0.0,61056591.87,"Map buyer, lot structure, and national/UN procurement channels before the funding window."
47045-TZA-M-MOF-6,Reduce the average malaria prevalence in children aged less than 5 years from 7% in 2017 to less than 3.5% in 2025. Achieve Universal Health Coverage and reaching targets for health related Sustainable Development Goals by 2030 - Tanzania (United Republic) (01-Jan-2024-31-Dec-2026),TZ,Tanzania,"The Global Fund to Fight AIDS, Tuberculosis and Malaria; The Global Fund to Fight AIDS, Tuberculosis and Malaria","Ministry of Health, Community Development, Gender, Elderly and Children of the United Republic of Tanzania",Laboratory Systems; Facility Infrastructure,direct_keyword,76.0,Likely procurement,0-6 months,Q4 2026,next budget period,78,direct equipment language; procurement language; funding window within 6 months; future budget period; active implementation; named implementing buyer,81.7,Strategic Priority,0.0,50874086.69,"Map buyer, lot structure, and national/UN procurement channels before the funding window."
47045-RWA-C-MOH-2,Supporting Rwanda Towards Reducing TB and HIV-related Morbidity and Mortality - Rwanda (01-Jul-2024-30-Jun-2027),RW,Rwanda,"The Global Fund to Fight AIDS, Tuberculosis and Malaria; The Global Fund to Fight AIDS, Tuberculosis and Malaria",Ministry of Health of the Republic of Rwanda,Diagnostic Equipment,direct_keyword,76.0,Likely procurement,0-6 months,Q4 2026,next budget period,78,direct equipment language; procurement language; funding window within 6 months; future budget period; active implementation; named implementing buyer,81.6,Strategic Priority,0.0,37311654.0,"Map buyer, lot structure, and national/UN procurement channels before the funding window."
47045-SSD-C-UNDP-2,Integrating Services for Maximum Impact - South Sudan (01-Jan-2024-31-Dec-2026),SS,South Sudan,"The Global Fund to Fight AIDS, Tuberculosis and Malaria; The Global Fund to Fight AIDS, Tuberculosis and Malaria",United Nations Development Programme,Facility Infrastructure,direct_keyword,76.0,Likely procurement,0-6 months,Q4 2026,next budget period,78,direct equipment language; procurement language; funding window within 6 months; future budget period; active implementation; named implementing buyer,81.4,Strategic Priority,0.0,35769482.55,"Map buyer, lot structure, and national/UN procurement channels before the funding window."
NL-KVK-27378529-4000006398,Combi Approach Toolkit (CATK),BD; CI; CO; EG; ET; GH; ID; IN; KE; MA; NA; NG; SN; TZ; UA; UG; VN; ZA,BD; CI; CO; EG; Ethiopia; GH; ID; IN; Kenya; MA; NA; NG; SN; Tanzania; UA; Uganda; VN; ZA,Netherlands Ministry of Foreign Affairs,Netherlands Enterprise Agency,Facility Infrastructure,direct_keyword,76.0,Likely procurement,0-6 months,Q4 2026,next budget period,78,direct equipment language; procurement language; funding window within 6 months; future budget period; active implementation; named implementing buyer,81.2,Strategic Priority,0.0,27940185.0,"Map buyer, lot structure, and national/UN procurement channels before the funding window."
47045-UGA-T-MoFPED-6,Supporting Uganda's Response to TB - Uganda (01-Jan-2024-31-Dec-2026),UG,Uganda,"The Global Fund to Fight AIDS, Tuberculosis and Malaria; The Global Fund to Fight AIDS, Tuberculosis and Malaria","Ministry of Finance, Planning and Economic Development of the Republic of Uganda",Diagnostic Equipment; Laboratory Systems; Facility Infrastructure,direct_keyword,76.0,Likely procurement,0-6 months,Q4 2026,next budget period,78,direct equipment language; procurement language; funding window within 6 months; future budget period; active implementation; named implementing buyer,80.9,Strategic Priority,0.0,19462264.3,"Map buyer, lot structure, and national/UN procurement channels before the funding window."
47045-TZA-T-MOF-4,Support the TB prevention and treatment response in Tanzania - Tanzania (United Republic) (01-Jan-2024-31-Dec-2026),TZ,Tanzania,"The Global Fund to Fight AIDS, Tuberculosis and Malaria; The Global Fund to Fight AIDS, Tuberculosis and Malaria","Ministry of Health, Community Development, Gender, Elderly and Children of the United Republic of Tanzania",Diagnostic Equipment,direct_keyword,76.0,Likely procurement,0-6 months,Q4 2026,next budget period,78,direct equipment language; procurement language; funding window within 6 months; future budget period; active implementation; named implementing buyer,80.8,Strategic Priority,0.0,24434607.84,"Map buyer, lot structure, and national/UN procurement channels before the funding window."
47045-SSD-M-UNICEF-2,Scaling Up for Universal Coverage and Impact - South Sudan (01-Jan-2024-31-Dec-2026),SS,South Sudan,"The Global Fund to Fight AIDS, Tuberculosis and Malaria; The Global Fund to Fight AIDS, Tuberculosis and Malaria",United Nations Children's Fund,Facility Infrastructure,direct_keyword,76.0,Likely procurement,0-6 months,Q4 2026,next budget period,78,direct equipment language; procurement language; funding window within 6 months; future budget period; active implementation; named implementing buyer,80.6,Strategic Priority,0.0,23905589.33,"Map buyer, lot structure, and national/UN procurement channels before the funding window."
47045-UGA-M-TASO-4,Supporting Uganda's Malaria Reduction Strategy - Uganda (01-Jan-2024-31-Dec-2026),UG,Uganda,"The Global Fund to Fight AIDS, Tuberculosis and Malaria; The Global Fund to Fight AIDS, Tuberculosis and Malaria",The AIDS Support Organisation (Uganda) Limited,Facility Infrastructure,direct_keyword,76.0,Likely procurement,0-6 months,Q4 2026,next budget period,78,direct equipment language; procurement language; funding window within 6 months; future budget period; active implementation; named implementing buyer,80.2,Strategic Priority,0.0,7299933.42,"Map buyer, lot structure, and national/UN procurement channels before the funding window."
47045-ETH-S-FMOH-4,"Strengthening Health Systems capacity to provide equitable, effective and efficient package of comprehensive and quality health services to Ethiopians - Ethiopia (01-Jul-2024-30-Jun-2027)",ET,Ethiopia,"The Global Fund to Fight AIDS, Tuberculosis and Malaria; The Global Fund to Fight AIDS, Tuberculosis and Malaria",Federal Ministry of Health of the Federal Democratic Republic of Ethiopia,Medical Devices & Equipment; Facility Infrastructure,direct_keyword,76.0,Likely procurement,0-6 months,Q4 2026,next budget period,78,direct equipment language; procurement language; funding window within 6 months; future budget period; active implementation; named implementing buyer,80.1,Strategic Priority,0.0,8353637.03,"Map buyer, lot structure, and national/UN procurement channels before the funding window."
DE-1-202123073,Support to establishing the Rwandan pharma and biotechnology sector,RW,Rwanda,Federal Ministry for Economic Cooperation and Development (BMZ); Europäische Union (EU),Ministry of Trade and Industry,Facility Infrastructure,direct_keyword,76.0,Likely procurement,0-6 months,Q1 2027,next budget period,78,direct equipment language; procurement language; funding window within 6 months; future budget period; active implementation; named implementing buyer,79.9,Strategic Priority,0.0,8453662.17,"Map buyer, lot structure, and national/UN procurement channels before the funding window."
NL-KVK-41160054-201367,GLOBAL FUND GRANT CYCLE 7,SS,South Sudan,UNDP South Sudan,Cordaid South Sudan,Diagnostic Equipment; Laboratory Systems; Facility Infrastructure; IT / Health Information Systems,direct_keyword,76.0,Likely procurement,0-6 months,Q4 2026,next budget period,78,direct equipment language; procurement language; funding window within 6 months; future budget period; active implementation; named implementing buyer,79.6,Strategic Priority,0.0,10669096.62,"Map buyer, lot structure, and national/UN procurement channels before the funding window."
NL-KVK-83517626-ORI09TZ05,Extension of rehabilitation diagnostic services,TZ,Tanzania,Invest International B.V.,"Ministry of Finance Tanzania,",Diagnostic Equipment; Medical Devices & Equipment; Facility Infrastructure,direct_keyword,76.0,Likely procurement,0-6 months,Q1 2027,next budget period,78,direct equipment language; procurement language; funding window within 6 months; future budget period; active implementation; named implementing buyer,79.3,Strategic Priority,0.0,3432675.43,"Map buyer, lot structure, and national/UN procurement channels before the funding window."
XM-DAC-2-10-5215,"Contribuer à l'amélioration du niveau de santé et de bien-être de la population de façon équitable, dans le respect de son environnement quotidien et en renforçant son pouvoir d'agir sur sa santé.",CD,Democratic Republic of the Congo,Directorate-general Development Cooperation and Humanitarian Aid,Enabel - the Belgian development agency,Facility Infrastructure,direct_keyword,76.0,Likely procurement,0-6 months,Q1 2027,next budget period,78,direct equipment language; procurement language; funding window within 6 months; future budget period; active implementation; named implementing buyer,79.2,Strategic Priority,0.0,7622919.72,"Map buyer, lot structure, and national/UN procurement channels before the funding window."
DE-1-202220291,Improvement Health Care Provision in Tanzania,TZ,Tanzania,Federal Ministry for Economic Cooperation and Development (BMZ); Direktion für Entwicklung und Zusammenarbeit (DEZA/engl. SDC),Ministry of Health,Medical Devices & Equipment; Facility Infrastructure,direct_keyword,76.0,Likely procurement,0-6 months,Q4 2026,next budget period,78,direct equipment language; procurement language; funding window within 6 months; future budget period; active implementation; named implementing buyer,79.0,Strategic Priority,0.0,1340851.81,"Map buyer, lot structure, and national/UN procurement channels before the funding window."
GB-EDU-133903-104325EC,NIHR RIGHT 7: Cardiovascular disease risk reduction in sub–Saharan Africa (CARisSA),GB; GM; KE,GB; GM; Kenya,National Institute for Health and Care Research,KEMRI Wellcome Research Programme; Medical Research Council Unit The Gambia @LSHTM,Facility Infrastructure; IT / Health Information Systems,direct_keyword,76.0,Likely procurement,0-6 months,Q1 2027,next budget period,78,direct equipment language; procurement language; funding window within 6 months; future budget period; active implementation; named implementing buyer,78.9,Strategic Priority,0.0,4909805.55,"Map buyer, lot structure, and national/UN procurement channels before the funding window."
41AAA-23875-001,Construction of Health Centers in Kwango in Democratic Republic of the Congo,CD,Democratic Republic of the Congo,,United Nations Office for Project Services,Facility Infrastructure,direct_keyword,76.0,Likely procurement,0-6 months,Q4 2026,next budget period,78,direct equipment language; procurement language; funding window within 6 months; future budget period; active implementation; named implementing buyer,78.7,Strategic Priority,0.0,4820463.0,"Map buyer, lot structure, and national/UN procurement channels before the funding window."
41AAA-23907-001,Design and Construction of the Mahonda Health Center in Zanzibar,TZ,Tanzania,,United Nations Office for Project Services,Diagnostic Equipment; Medical Devices & Equipment; Imaging; Facility Infrastructure,direct_keyword,76.0,Likely procurement,0-6 months,Q1 2027,next budget period,78,direct equipment language; procurement language; funding window within 6 months; future budget period; active implementation; named implementing buyer,78.4,Strategic Priority,0.0,3586012.0,"Map buyer, lot structure, and national/UN procurement channels before the funding window."
XM-DAC-2-10-4655,Training for Excellent Health Care (WeTrain4Health),UG,Uganda,Directorate-general Development Cooperation and Humanitarian Aid,Enabel - the Belgian development agency,Facility Infrastructure,direct_keyword,76.0,Likely procurement,0-6 months,Q1 2027,next budget period,78,direct equipment language; procurement language; funding window within 6 months; future budget period; active implementation; named implementing buyer,78.3,Strategic Priority,0.0,3196490.31,"Map buyer, lot structure, and national/UN procurement channels before the funding window."
GB-EDU-133903-10001892,NIHR304257: Testing on the frontline: empowering health engagement through `rational use’ of diagnostics for infectious and non-communicable disease (TIYENI Dx),MW; UG,MW; Uganda,NIHR,Malawi-Liverpool Wellcome Programme; Uganda Society for Health Scientists; London School of Hygiene & Tropical Medicine,Diagnostic Equipment; IT / Health Information Systems,direct_keyword,76.0,Likely procurement,0-6 months,Q1 2027,next budget period,78,direct equipment language; procurement language; funding window within 6 months; future budget period; active implementation; named implementing buyer,78.0,Strategic Priority,0.0,2263652.23,"Map buyer, lot structure, and national/UN procurement channels before the funding window."
DE-1-202306009-7403,"Scaling good practices and strengthening local systems for sustainable WASH and food and nutrition security in Mille and Dubti, Ethiopia",ET,Ethiopia,Federal Ministry for Economic Cooperation and Development (BMZ),Deutsche Welthungerhilfe e.V.,Power & Utilities,direct_keyword,75.9,Likely procurement,0-6 months,Q1 2027,next budget period,78,direct equipment language; procurement language; funding window within 6 months; future budget period; active implementation; named implementing buyer,69.4,Qualified Lead,0.0,760500.0,"Map buyer, lot structure, and national/UN procurement channels before the funding window."
NL-KVK-83517626-IA25KE01,PharmAccess – maternal and child health feasibility,KE,Kenya,Invest International B.V.,Stichting Pharmaccess International,IT / Health Information Systems,direct_keyword,75.8,Likely procurement,0-6 months,Q1 2027,next budget period,78,direct equipment language; procurement language; funding window within 6 months; future budget period; active implementation; named implementing buyer,76.6,Strategic Priority,0.0,624694.44,"Map buyer, lot structure, and national/UN procurement channels before the funding window."
XM-DAC-6-4-013244-01-5,MedGov: Improvement and Efficiency Of GOVernance Of Basic Social and Health Services,KE,Kenya,AICS - Italian Agency for Cooperation and Development,COMUNE DI NOVARA EPE,Facility Infrastructure,direct_keyword,75.7,Likely procurement,0-6 months,Q1 2027,next budget period,78,direct equipment language; procurement language; funding window within 6 months; future budget period; active implementation; named implementing buyer,76.3,Strategic Priority,0.0,541242.0,"Map buyer, lot structure, and national/UN procurement channels before the funding window."
NO-BRC-971277882-QZA-24/0180-81,Collective Action for Disability Rights (CADiR),UG,Uganda,Norwegian Government,Atlas-alliansen; Mental Helse Ungdom,Facility Infrastructure,direct_keyword,75.4,Likely procurement,0-6 months,Q4 2026,next budget period,78,direct equipment language; procurement language; funding window within 6 months; future budget period; active implementation; named implementing buyer,76.3,Strategic Priority,0.0,232286.49,"Map buyer, lot structure, and national/UN procurement channels before the funding window."
NO-BRC-971277882-QZA-24/0180-27,Collective Action for Disability Rights (CADiR),UG,Uganda,Norwegian Government,Atlas-alliansen; Ryggmargsbrokk- og Hydrocephalusforeningen,Facility Infrastructure,direct_keyword,75.1,Likely procurement,0-6 months,Q4 2026,next budget period,78,direct equipment language; procurement language; funding window within 6 months; future budget period; active implementation; named implementing buyer,75.7,Strategic Priority,0.0,138750.07,"Map buyer, lot structure, and national/UN procurement channels before the funding window."
NO-BRC-971277882-QZA-24/0180-53,Collective Action for Disability Rights (CADiR),TZ,Tanzania,Norwegian Government,Atlas-alliansen; Norges Blindeforbund,Facility Infrastructure,direct_keyword,75.0,Likely procurement,0-6 months,Q4 2026,next budget period,78,direct equipment language; procurement language; funding window within 6 months; future budget period; active implementation; named implementing buyer,75.1,Strategic Priority,0.0,89271.4,"Map buyer, lot structure, and national/UN procurement channels before the funding window."
NO-BRC-971277882-QZA-24/0180-49,Collective Action for Disability Rights (CADiR),ET,Ethiopia,Norwegian Government,Atlas-alliansen; Norges Blindeforbund,Facility Infrastructure,direct_keyword,74.8,Likely procurement,0-6 months,Q4 2026,next budget period,78,direct equipment language; procurement language; funding window within 6 months; future budget period; active implementation; named implementing buyer,75.0,Strategic Priority,0.0,61699.46,"Map buyer, lot structure, and national/UN procurement channels before the funding window."
DE-1-202306009-7335,"Reduce Burden of TB and WASH Related Diseases among Refugees and Host Communities in Benishangul Gumuz (BG) Regional State, Ethiopia",ET,Ethiopia,Federal Ministry for Economic Cooperation and Development (BMZ),DAHW Deutsche Lepra- und Tuberkulosehilfe e.V.,Power & Utilities,direct_keyword,74.8,Likely procurement,0-6 months,Q4 2026,next budget period,78,direct equipment language; procurement language; funding window within 6 months; future budget period; active implementation; named implementing buyer,67.3,Qualified Lead,0.0,58070.84,"Map buyer, lot structure, and national/UN procurement channels before the funding window."
NL-KVK-41160054-201510,Integrated people-centered eye care services at Nimule Hospital,SS,South Sudan,Cordaid Global Office; CBM eV,Cordaid South Sudan,Facility Infrastructure,direct_keyword,74.6,Funding window,12-24 months,Q4 2027,next planned disbursement,86,direct equipment language; procurement language; funding window within 24 months; future planned disbursement; future budget period; active implementation; named implementing buyer,87.9,Strategic Priority,0.0,210000.0,"Map buyer, lot structure, and national/UN procurement channels before the funding window."
NO-BRC-971277882-QZA-24/0180-80,Collective Action for Disability Rights (CADiR),ET,Ethiopia,Norwegian Government,Atlas-alliansen; Mental Helse Ungdom,Facility Infrastructure,direct_keyword,74.5,Likely procurement,0-6 months,Q4 2026,next budget period,78,direct equipment language; procurement language; funding window within 6 months; future budget period; active implementation; named implementing buyer,74.1,Qualified Lead,0.0,29947.23,"Map buyer, lot structure, and national/UN procurement channels before the funding window."
DE-1-202306009-7713,Improvement of eye care and reduction of avoidable blindness in Kenya,KE,Kenya,Federal Ministry for Economic Cooperation and Development (BMZ),Deutsches Blindenhilfswerk,Diagnostic Equipment; Facility Infrastructure,direct_keyword,74.4,Likely procurement,0-6 months,Q4 2026,next budget period,78,direct equipment language; procurement language; funding window within 6 months; future budget period; active implementation; named implementing buyer,74.8,Qualified Lead,0.0,26389.06,"Map buyer, lot structure, and national/UN procurement channels before the funding window."
NO-BRC-971277882-QZA-24/0180-19,Collective Action for Disability Rights (CADiR),ET,Ethiopia,Norwegian Government,Atlas-alliansen; NFU - Norsk Forbund for Utviklingshemmede,Facility Infrastructure,direct_keyword,74.2,Likely procurement,0-6 months,Q4 2026,next budget period,78,direct equipment language; procurement language; funding window within 6 months; future budget period; active implementation; named implementing buyer,73.4,Qualified Lead,0.0,15539.25,"Map buyer, lot structure, and national/UN procurement channels before the funding window."
44000-P181385,South Sudan Health Sector Transformation Project (HSTP),SS,South Sudan,International Development Association,Ministry of Health,Laboratory Systems; Facility Infrastructure,direct_keyword,74.0,Likely procurement,0-6 months,Q4 2026,next budget period,70,direct equipment language; procurement language; funding window within 90 days; active implementation; named implementing buyer,70.0,Qualified Lead,0.0,-378354656.62,"Map buyer, lot structure, and national/UN procurement channels before the funding window."
DAC-1601-INV-088365,2025 Laboratory Infrastructure and Procurement Strengthening,ZA; ET; GH; NG; TZ; ZM,ZA; Ethiopia; GH; NG; Tanzania; ZM,Gates Foundation,eHealth Africa,Facility Infrastructure,direct_keyword,74.0,Likely procurement,0-6 months,Q4 2026,next planned disbursement,70,direct equipment language; procurement language; funding window within 90 days; active implementation; named implementing buyer,67.6,Qualified Lead,0.0,0.0,"Map buyer, lot structure, and national/UN procurement channels before the funding window."
DAC-1601-INV-079355,Inspire network - phase 2,KE,Kenya,Gates Foundation,African Population & Health Research Center,IT / Health Information Systems,direct_keyword,74.0,Likely procurement,0-6 months,Q4 2026,next planned disbursement,70,direct equipment language; procurement language; funding window within 90 days; active implementation; named implementing buyer,67.5,Qualified Lead,0.0,0.0,"Map buyer, lot structure, and national/UN procurement channels before the funding window."
DAC-1601-INV-016248,Evaluate the Process and Outcomes of the AHDP,ET; GH; KE; RW,Ethiopia; GH; Kenya; Rwanda,Gates Foundation,Johns Hopkins University Bloomberg School of Public Health,Diagnostic Equipment,direct_keyword,74.0,Likely procurement,0-6 months,Q4 2026,next planned disbursement,70,direct equipment language; procurement language; funding window within 90 days; active implementation; named implementing buyer,67.5,Qualified Lead,0.0,0.0,"Map buyer, lot structure, and national/UN procurement channels before the funding window."
DAC-1601-INV-031353,HAT diagnostics to support EoT?,CD,Democratic Republic of the Congo,Gates Foundation,Institute of Tropical Medicine,Diagnostic Equipment,direct_keyword,74.0,Likely procurement,0-6 months,Q4 2026,next planned disbursement,70,direct equipment language; procurement language; funding window within 90 days; active implementation; named implementing buyer,67.3,Qualified Lead,0.0,0.0,"Map buyer, lot structure, and national/UN procurement channels before the funding window."
DAC-1601-INV-061669,Kenya Health Facility Assessment/Quality of Care Assessment,KE,Kenya,Gates Foundation,Clinton Health Access Initiative Inc,Facility Infrastructure,direct_keyword,74.0,Likely procurement,0-6 months,Q4 2026,next planned disbursement,70,direct equipment language; procurement language; funding window within 90 days; active implementation; named implementing buyer,67.3,Qualified Lead,0.0,0.0,"Map buyer, lot structure, and national/UN procurement channels before the funding window."
DAC-1601-INV-058707,Integrating Micronutrient testing Public Health Laboratory,UG,Uganda,Gates Foundation,Central Public Health Laboratories (CPHL),Facility Infrastructure,direct_keyword,74.0,Likely procurement,0-6 months,Q4 2026,next planned disbursement,70,direct equipment language; procurement language; funding window within 90 days; active implementation; named implementing buyer,67.3,Qualified Lead,0.0,0.0,"Map buyer, lot structure, and national/UN procurement channels before the funding window."
DAC-1601-INV-079602,Febrile surveillance using Audere AI RDT Reader,KE; UG,Kenya; Uganda,Gates Foundation,Medic Mobile Inc.,Diagnostic Equipment,direct_keyword,74.0,Likely procurement,0-6 months,Q4 2026,next planned disbursement,70,direct equipment language; procurement language; funding window within 90 days; active implementation; named implementing buyer,67.1,Qualified Lead,0.0,0.0,"Map buyer, lot structure, and national/UN procurement channels before the funding window."
DAC-1601-INV-070201,Somalia & Ethiopia coverage assessment pilot and data support,ET; SO,Ethiopia; Somalia,Gates Foundation,University of Geneva,IT / Health Information Systems,direct_keyword,74.0,Likely procurement,0-6 months,Q4 2026,next planned disbursement,70,direct equipment language; procurement language; funding window within 90 days; active implementation; named implementing buyer,66.8,Qualified Lead,0.0,0.0,"Map buyer, lot structure, and national/UN procurement channels before the funding window."
DAC-1601-INV-098781,TB and HIV Diagnostic Market Assessments,ZA; KE; MW; MZ; NG; ZW; CN; ID; PH; VN,ZA; Kenya; MW; MZ; NG; ZW; CN; ID; PH; VN,Gates Foundation,Clinton Health Access Initiative Inc,Diagnostic Equipment,direct_keyword,74.0,Likely procurement,0-6 months,Q4 2026,next planned disbursement,70,direct equipment language; procurement language; funding window within 90 days; active implementation; named implementing buyer,66.5,Qualified Lead,0.0,0.0,"Map buyer, lot structure, and national/UN procurement channels before the funding window."
DAC-1601-INV-093173,Enhancing Digital Regulatory Infrastructure for Public Health in Ethiopia,ET,Ethiopia,Gates Foundation,Awura Computing PLC,Facility Infrastructure; IT / Health Information Systems,direct_keyword,74.0,Likely procurement,0-6 months,Q4 2026,next planned disbursement,70,direct equipment language; procurement language; funding window within 90 days; active implementation; named implementing buyer,66.3,Qualified Lead,0.0,0.0,"Map buyer, lot structure, and national/UN procurement channels before the funding window."
DAC-1601-INV-075466,Zinc Rapid Testing Solutions in Fortified Wheat Flour ETH,ET,Ethiopia,Gates Foundation,Addis Ababa University,Diagnostic Equipment,direct_keyword,74.0,Likely procurement,0-6 months,Q4 2026,next planned disbursement,70,direct equipment language; procurement language; funding window within 90 days; active implementation; named implementing buyer,66.1,Qualified Lead,0.0,0.0,"Map buyer, lot structure, and national/UN procurement channels before the funding window."
DAC-1601-INV-077549,Enhancing Data Systems of African National Regulatory Agencies -Tanzania,ET; RW; TZ; UG,Ethiopia; Rwanda; Tanzania; Uganda,Gates Foundation,Tanzania Medicines and Medical Devices Authority (TMDA),IT / Health Information Systems,direct_keyword,74.0,Likely procurement,0-6 months,Q4 2026,next planned disbursement,70,direct equipment language; procurement language; funding window within 90 days; active implementation; named implementing buyer,66.1,Qualified Lead,0.0,0.0,"Map buyer, lot structure, and national/UN procurement channels before the funding window."
DAC-1601-INV-077542,Enhancing Data Systems of African National Regulatory Agencies-Uganda,UG,Uganda,Gates Foundation,National Drug Authority,IT / Health Information Systems,direct_keyword,74.0,Likely procurement,0-6 months,Q4 2026,next planned disbursement,70,direct equipment language; procurement language; funding window within 90 days; active implementation; named implementing buyer,66.0,Qualified Lead,0.0,0.0,"Map buyer, lot structure, and national/UN procurement channels before the funding window."
DAC-1601-INV-077546,Enhancing Data Systems of African National Regulatory Agencies - Ethiopia,ET,Ethiopia,Gates Foundation,Ethiopian Food and Drug Authority,IT / Health Information Systems,direct_keyword,74.0,Likely procurement,0-6 months,Q4 2026,next planned disbursement,70,direct equipment language; procurement language; funding window within 90 days; active implementation; named implementing buyer,65.8,Qualified Lead,0.0,0.0,"Map buyer, lot structure, and national/UN procurement channels before the funding window."
DAC-1601-INV-080243,GCWHI-Machine learning ultrasound tools to monitor women’s nutrition,ET,Ethiopia,Gates Foundation,Boston College,Medical Devices & Equipment; Imaging,direct_keyword,74.0,Likely procurement,0-6 months,Q4 2026,next planned disbursement,70,direct equipment language; procurement language; funding window within 90 days; active implementation; named implementing buyer,65.8,Qualified Lead,0.0,0.0,"Map buyer, lot structure, and national/UN procurement channels before the funding window."
DAC-1601-INV-043011,(GPP) Medical Oxygen Systems Initiative (MOXI),ET; KE; LR; NG; RW; UG; IN; KH,Ethiopia; Kenya; LR; NG; Rwanda; Uganda; IN; KH,Gates Foundation,Clinton Health Access Initiative Inc,Oxygen & Respiratory,direct_keyword,74.0,Likely procurement,0-6 months,Q4 2026,next planned disbursement,70,direct equipment language; procurement language; funding window within 90 days; active implementation; named implementing buyer,60.2,Qualified Lead,0.0,0.0,"Map buyer, lot structure, and national/UN procurement channels before the funding window."
XI-IATI-EC_INTPA-2025-PC-54719,"Surveillance et contr¿le des infrastructures et ¿quipements de sant¿ dans les provinces du Kasa¿ central, Kasa¿ oriental et Lomami en RDC",CD,Democratic Republic of the Congo,European Commission,ATELIER D ARCHITECTURE DDV KIN,Facility Infrastructure,direct_keyword,74.0,Likely procurement,0-6 months,Q4 2026,next budget period,70,direct equipment language; procurement language; funding window within 90 days; active implementation; named implementing buyer,58.0,Watchlist,0.0,0.0,"Map buyer, lot structure, and national/UN procurement channels before the funding window."
XI-IATI-EC_INTPA-2022-PC-20119,Building Capacities and Restoring Essential Health Services (CARE4Health) in conflict affected areas,ET,Ethiopia,European Commission,UNITED NATIONS CHILDREN'S FUND FONDS DES NATIONS UNIES POUR L'ENFA,Facility Infrastructure,direct_keyword,74.0,Likely procurement,0-6 months,Q4 2026,next budget period,70,direct equipment language; procurement language; funding window within 90 days; active implementation; named implementing buyer,58.0,Watchlist,0.0,0.0,"Map buyer, lot structure, and national/UN procurement channels before the funding window."
XI-IATI-EC_INTPA-2022-PC-20034,Strengthening conflict-affected communities¿ access to health care through the rehabilitation and re-equipment of Dessie Hospital,ET,Ethiopia,European Commission,EXPERTISE FRANCE,Facility Infrastructure,direct_keyword,74.0,Likely procurement,0-6 months,Q4 2026,next budget period,70,direct equipment language; procurement language; funding window within 90 days; active implementation; named implementing buyer,58.0,Watchlist,0.0,0.0,"Map buyer, lot structure, and national/UN procurement channels before the funding window."
XI-IATI-EC_INTPA-2023-PC-22174,Joint European Initiative to Strengthen the Medical Specialization in Ethiopia,ET,Ethiopia,European Commission,AGENCIA ESPANOLA DE COOPERACION INTERNACIONAL PARA EL DESARROLLO,Facility Infrastructure,direct_keyword,74.0,Likely procurement,0-6 months,Q4 2026,next budget period,70,direct equipment language; procurement language; funding window within 90 days; active implementation; named implementing buyer,58.0,Watchlist,0.0,0.0,"Map buyer, lot structure, and national/UN procurement channels before the funding window."
XI-IATI-EC_INTPA-2025-PC-61350,Post-conflict Medical and Mental Health and Psycho-Social Support (MHPSS) services to Gender Based Violence (GBV) survivors in Afar Regional State,ET,Ethiopia,European Commission,SAVE THE CHILDREN ITALIA ETS,Facility Infrastructure,direct_keyword,74.0,Likely procurement,0-6 months,Q4 2026,next budget period,70,direct equipment language; procurement language; funding window within 90 days; active implementation; named implementing buyer,58.0,Watchlist,0.0,0.0,"Map buyer, lot structure, and national/UN procurement channels before the funding window."
XI-IATI-EC_INTPA-2024-PC-28014,Sustainable support to people displaced by conflict and natural disasters and their host communities/ Social Cohesion,ET,Ethiopia,European Commission,DANSK RODE KORS C,Facility Infrastructure; Power & Utilities,direct_keyword,74.0,Likely procurement,0-6 months,Q4 2026,next budget period,70,direct equipment language; procurement language; funding window within 90 days; active implementation; named implementing buyer,58.0,Watchlist,0.0,0.0,"Map buyer, lot structure, and national/UN procurement channels before the funding window."
XI-IATI-EC_INTPA-2025-PC-54163,Digital Transformation of Ethiopia&#8217;s health insurance system,ET,Ethiopia,European Commission,UNITED NATIONS CHILDREN'S FUND FONDS DES NATIONS UNIES POUR L'ENFA,IT / Health Information Systems,direct_keyword,74.0,Likely procurement,0-6 months,Q4 2026,next budget period,70,direct equipment language; procurement language; funding window within 90 days; active implementation; named implementing buyer,58.0,Watchlist,0.0,0.0,"Map buyer, lot structure, and national/UN procurement channels before the funding window."
DAC-1601-INV-069975,IMMRSE-U2 project (IDRC),UG,Uganda,Gates Foundation,Infectious Diseases Research Collaboration,Diagnostic Equipment,sector_inferred,73.9,Likely procurement,0-6 months,Q4 2026,next planned disbursement,86,sector-implied demand; procurement language; funding window within 90 days; future planned disbursement; future budget period; active implementation; named implementing buyer,97.9,Strategic Priority,844852.0,1944852.0,Keep on watch until a dated funding or procurement signal appears.
DAC-1601-INV-059953,Malaria private market data management,KE; NG; TZ; UG,Kenya; NG; Tanzania; Uganda,Gates Foundation,Maisha Meds,Diagnostic Equipment,sector_inferred,73.5,Likely procurement,0-6 months,Q4 2026,next planned disbursement,86,sector-implied demand; procurement language; funding window within 90 days; future planned disbursement; future budget period; active implementation; named implementing buyer,96.4,Strategic Priority,375068.0,874401.0,Keep on watch until a dated funding or procurement signal appears.
DAC-1601-INV-081860,IMMRSE-U2 project (UCSF),UG,Uganda,Gates Foundation,University of California San Francisco,Diagnostic Equipment,sector_inferred,73.5,Likely procurement,0-6 months,Q4 2026,next planned disbursement,86,sector-implied demand; procurement language; funding window within 90 days; future planned disbursement; future budget period; active implementation; named implementing buyer,96.3,Strategic Priority,409754.0,829754.0,Keep on watch until a dated funding or procurement signal appears.
XM-DAC-301-2-110954-001,The Alliance for Evidence and Equity in Policymaking in Africa Regional Hub,NG; KE,NG; Kenya,Canada. Parliament; William and Flora Hewlett Foundation,African Institute for Development Policy,Facility Infrastructure,direct_keyword,73.0,Likely procurement,6-12 months,Q2 2027,next planned disbursement,78,direct equipment language; procurement language; funding window within 12 months; future planned disbursement; active implementation; named implementing buyer,83.9,Strategic Priority,0.0,0.0,"Map buyer, lot structure, and national/UN procurement channels before the funding window."
XM-DAC-301-2-110733-001,Getting to scale: Responsible AI systems to improve maternal and newborn health in Africa,TZ; GH; KE,Tanzania; GH; Kenya,"Canada. Parliament; Great Britain. Foreign, Commonwealth & Development Office",Jacaranda Health Solutions Limited,Facility Infrastructure,direct_keyword,73.0,Likely procurement,6-12 months,Q2 2027,next planned disbursement,78,direct equipment language; procurement language; funding window within 12 months; future planned disbursement; active implementation; named implementing buyer,83.9,Strategic Priority,0.0,0.0,"Map buyer, lot structure, and national/UN procurement channels before the funding window."
XM-DAC-301-2-110755-001,"Scaling up fish processing technologies, marketing and women’s empowerment for improved incomes and livelihoods of fishing communities in Uganda",UG,Uganda,Australian Centre for International Agricultural Research; Canada. Parliament,Makerere University,Power & Utilities,direct_keyword,72.8,Likely procurement,6-12 months,Q2 2027,next planned disbursement,78,direct equipment language; procurement language; funding window within 12 months; future planned disbursement; active implementation; named implementing buyer,83.2,Strategic Priority,0.0,0.0,"Map buyer, lot structure, and national/UN procurement channels before the funding window."
XM-DAC-301-2-110590-001,Blended finance for health-care facility electrification in Kenya,KE,Kenya,Canada. Parliament,KOIS Advisory,Diagnostic Equipment; Power & Utilities,direct_keyword,72.0,Likely procurement,6-12 months,Q2 2027,next planned disbursement,78,direct equipment language; procurement language; funding window within 12 months; future planned disbursement; active implementation; named implementing buyer,80.9,Strategic Priority,0.0,0.0,"Map buyer, lot structure, and national/UN procurement channels before the funding window."
XM-DAC-301-2-110693-001,Leveraging artificial intelligence and mathematical modelling for evidence-based prevention and response to mpox,ET; GH; SN; BI; CD; NG; CM,Ethiopia; GH; SN; BI; Democratic Republic of the Congo; NG; CM,"Canada. Parliament; Great Britain. Foreign, Commonwealth & Development Office",The Governing Council of the University of Toronto,IT / Health Information Systems,direct_keyword,71.2,Likely procurement,6-12 months,Q2 2027,next planned disbursement,78,direct equipment language; procurement language; funding window within 12 months; future planned disbursement; active implementation; named implementing buyer,79.4,Strategic Priority,0.0,0.0,"Map buyer, lot structure, and national/UN procurement channels before the funding window."
XI-IATI-WBTF-TF072706,Tanzania Transport Corridors for Growth MultiDonor Trust Fund,TZ,Tanzania,UK - Department for International Development (DFID),World Bank Trust Funds,Facility Infrastructure,direct_keyword,71.0,Likely procurement,6-12 months,Q1 2027,next budget period,78,direct equipment language; procurement language; funding window within 12 months; future budget period; active implementation; named implementing buyer,77.6,Strategic Priority,0.0,26877924.0,"Map buyer, lot structure, and national/UN procurement channels before the funding window."
CA-3-P008434001,Power to Choose,BO; CD; GH; HN; JO; LB; PS,BO; Democratic Republic of the Congo; GH; HN; JO; LB; PS,Canada,Oxfam Quebec,Facility Infrastructure,direct_keyword,71.0,Likely procurement,6-12 months,Q2 2027,next budget period,78,direct equipment language; procurement language; funding window within 12 months; future budget period; active implementation; named implementing buyer,77.0,Strategic Priority,0.0,6220376.72,"Map buyer, lot structure, and national/UN procurement channels before the funding window."
CA-3-P013214001,National demobilization and reintegration program in Ethiopia - program 2024 to 2027,ET,Ethiopia,Canada,UNDP - United Nations Development Programme,Facility Infrastructure,direct_keyword,71.0,Likely procurement,6-12 months,Q1 2027,next budget period,78,direct equipment language; procurement language; funding window within 12 months; future budget period; active implementation; named implementing buyer,75.7,Strategic Priority,0.0,1460000.0,"Map buyer, lot structure, and national/UN procurement channels before the funding window."
GB-GOV-10-RIGHT_5_204850,NIHR RIGHT 5: A Novel Extreme Weather Risk Insurance System for Kenya (NEWRISK),KE,Kenya,UK - Department of Health and Social Care (DHSC),University of Oxford,Facility Infrastructure,direct_keyword,71.0,Likely procurement,6-12 months,Q2 2027,next budget period,78,direct equipment language; procurement language; funding window within 12 months; future budget period; active implementation; named implementing buyer,75.4,Strategic Priority,0.0,2749481.55,"Map buyer, lot structure, and national/UN procurement channels before the funding window."
GB-GOV-10-RIGHT_4_203062,NIHR RIGHT 4: A Communications platform to improve pre-hospital transport of injured people in Rwanda,RW,Rwanda,UK - Department of Health and Social Care (DHSC),University of Birmingham,Vehicles & Transport,direct_keyword,71.0,Likely procurement,6-12 months,Q2 2027,next budget period,78,direct equipment language; procurement language; funding window within 12 months; future budget period; active implementation; named implementing buyer,75.2,Strategic Priority,0.0,1481589.9,"Map buyer, lot structure, and national/UN procurement channels before the funding window."
GB-UKPRN-10007794-NIHR304295,Enhanced Virus Surveillance and Intervention Strategies for Health Preparedness in Uganda-,GB; UG,GB; Uganda,UK - Department of Health and Social Care,Uganda Virus Research Institute; MRC/UVRI & LSHTM Uganda Research Unit,Diagnostic Equipment,direct_keyword,71.0,Likely procurement,6-12 months,Q2 2027,next budget period,78,direct equipment language; procurement language; funding window within 12 months; future budget period; active implementation; named implementing buyer,74.9,Qualified Lead,0.0,1985497.65,"Map buyer, lot structure, and national/UN procurement channels before the funding window."
GB-GOV-10-HPSR_Project_2_168786,NIHR-HSPR-PA-Developing a National Integrated Digital platform for AMR Data Surveillance and Management in Uganda,UG,Uganda,UK - Department of Health and Social Care (DHSC),Makerere University School of Public Health,Facility Infrastructure; IT / Health Information Systems,direct_keyword,71.0,Likely procurement,6-12 months,Q2 2027,next budget period,78,direct equipment language; procurement language; funding window within 12 months; future budget period; active implementation; named implementing buyer,74.1,Qualified Lead,0.0,1039507.65,"Map buyer, lot structure, and national/UN procurement channels before the funding window."
US-EIN-13-5660870-DF257,"Improving the protective environment and access to shelter, WASH, education, and livelihoods for refugees and asylum seekers",TZ,Tanzania,International Rescue Committee UK,The International Rescue Committee,Power & Utilities,direct_keyword,71.0,Likely procurement,6-12 months,Q2 2027,next budget period,78,direct equipment language; procurement language; funding window within 12 months; future budget period; active implementation; named implementing buyer,66.8,Qualified Lead,0.0,1350000.0,"Map buyer, lot structure, and national/UN procurement channels before the funding window."
GB-CHC-1065972-DF257,"Improving the protective environment and access to shelter, WASH, education, and livelihoods for refugees and asylum seekers",TZ,Tanzania,Danish Refugee Council / Danish Demining Group (DRC/DDG),International Rescue Committee Inc.,Power & Utilities,direct_keyword,71.0,Likely procurement,6-12 months,Q2 2027,next budget period,78,direct equipment language; procurement language; funding window within 12 months; future budget period; active implementation; named implementing buyer,66.8,Qualified Lead,0.0,1350000.0,"Map buyer, lot structure, and national/UN procurement channels before the funding window."
FR-RCS-53119997400027-SIDA2026ETH,SIDA funding 2026 - Ethiopia,ET,Ethiopia,,Première Urgence Internationale; Nexus Ethiopia,Power & Utilities,direct_keyword,71.0,Likely procurement,6-12 months,Q1 2027,next budget period,78,direct equipment language; procurement language; funding window within 12 months; future budget period; active implementation; named implementing buyer,66.1,Qualified Lead,0.0,1080000.0,"Map buyer, lot structure, and national/UN procurement channels before the funding window."
DE-CR-RA000220-VR3810-SSD1158-24,Fostering resilience food security and social cohesion for communities affected by the Conflict in Sudan.,SS,South Sudan,Germany - Ministry for Economic Cooperation and Development,,Facility Infrastructure; Power & Utilities,direct_keyword,71.0,Likely procurement,0-6 months,Q1 2027,next budget period,70,direct equipment language; procurement language; funding window within 6 months; future budget period; active implementation,78.9,Strategic Priority,0.0,5850001.17,"Map buyer, lot structure, and national/UN procurement channels before the funding window."
FI-3-2024-2024240462,PIF Kenia: Upgrading Maternal and Newborn Care Units at 20 sites in Kenya,KE,Kenya,Ministry for Foreign Affairs of Finland,,Medical Devices & Equipment; Facility Infrastructure,direct_keyword,71.0,Likely procurement,0-6 months,Q4 2026,next budget period,70,direct equipment language; procurement language; funding window within 6 months; future budget period; active implementation,78.4,Strategic Priority,0.0,1366795.17,"Map buyer, lot structure, and national/UN procurement channels before the funding window."
FI-3-2025-2025250310,PIF Kenia: Upgrading Maternal and Newborn Care Units at 20 sites in Kenya,KE,Kenya,Ministry for Foreign Affairs of Finland,,Medical Devices & Equipment; Facility Infrastructure,direct_keyword,71.0,Likely procurement,0-6 months,Q1 2027,next budget period,70,direct equipment language; procurement language; funding window within 6 months; future budget period; active implementation,78.3,Strategic Priority,0.0,2577348.54,"Map buyer, lot structure, and national/UN procurement channels before the funding window."
DE-CR-RA000220-VR3810-COD1202-24,Empowering Host Communities and Conflict-Affected Households for Sustainable Livelihoods in North Kivu and Ituri,CD,Democratic Republic of the Congo,Germany - Ministry for Economic Cooperation and Development,,Power & Utilities,direct_keyword,71.0,Likely procurement,0-6 months,Q1 2027,next budget period,70,direct equipment language; procurement language; funding window within 6 months; future budget period; active implementation,71.4,Qualified Lead,0.0,9360000.0,"Map buyer, lot structure, and national/UN procurement channels before the funding window."
DE-CR-RA000220-VR3810-SOM1065-22,Climate-resilient WASH and Livelihoods Package for Resilient Somali Landscapes,SO,Somalia,Germany - Ministry for Economic Cooperation and Development,,Power & Utilities,direct_keyword,71.0,Likely procurement,0-6 months,Q1 2027,next budget period,70,direct equipment language; procurement language; funding window within 6 months; future budget period; active implementation,71.0,Qualified Lead,0.0,3276000.0,"Map buyer, lot structure, and national/UN procurement channels before the funding window."
GB-GOV-10-HPSR_RL_150178,C-it DU-it: Community Data Use for Integrated ANC,KE,Kenya,UK - Department of Health and Social Care (DHSC),LVCT Health,IT / Health Information Systems,direct_keyword,70.9,Likely procurement,6-12 months,Q2 2027,next budget period,78,direct equipment language; procurement language; funding window within 12 months; future budget period; active implementation; named implementing buyer,75.0,Strategic Priority,0.0,743445.0,"Map buyer, lot structure, and national/UN procurement channels before the funding window."
GB-COH-RC000655-AUTOMATE-502851,HPSR3-AUTOMATE - Harnessing routinely collected data for timely healthcare decisions in LMICs amidst pandemics,KE,Kenya,Department of Health and Social Care,Tropical Institute of Community Health and Development; University of Sunderland,IT / Health Information Systems,direct_keyword,70.9,Likely procurement,6-12 months,Q2 2027,next budget period,78,direct equipment language; procurement language; funding window within 12 months; future budget period; active implementation; named implementing buyer,74.1,Qualified Lead,0.0,850661.73,"Map buyer, lot structure, and national/UN procurement channels before the funding window."
GB-GOV-10-HPSR_Project_1_157653,NIHR HPSR-PA - Harnessing routinely collected data for timely healthcare decisions in lower- and middle-income countries amidst pandemics.,KE,Kenya,UK - Department of Health and Social Care (DHSC),Keele University,IT / Health Information Systems,direct_keyword,70.9,Likely procurement,6-12 months,Q2 2027,next budget period,78,direct equipment language; procurement language; funding window within 12 months; future budget period; active implementation; named implementing buyer,74.1,Qualified Lead,0.0,850661.66,"Map buyer, lot structure, and national/UN procurement channels before the funding window."
NL-KVK-27378529-CIC24KES10,Impact Cluster: Improving Distribution of Health Supplies in Kenya,KE,Kenya,Netherlands Enterprise Agency,Ags Worldwide Movers Ltd; Techforce Projects B.V.; Astral Aerial Solutions; Stichting Wings for Aid Foundation; Stichting Iplussolutions; Selfly Aviation Technologies B.V.; Techforce Projects B.V.,Facility Infrastructure,direct_keyword,70.9,Likely procurement,6-12 months,Q1 2027,next budget period,78,direct equipment language; procurement language; funding window within 12 months; future budget period; active implementation; named implementing buyer,73.7,Qualified Lead,0.0,724757.67,"Map buyer, lot structure, and national/UN procurement channels before the funding window."
GB-GOV-10-RP_04_301621,NIHR GRP: Using participatory approaches to improve access to healthcare for disabled people in Uganda,UG,Uganda,UK - Department of Health and Social Care (DHSC),London School of Hygiene and Tropical Medicine,Facility Infrastructure,direct_keyword,70.8,Likely procurement,6-12 months,Q2 2027,next budget period,78,direct equipment language; procurement language; funding window within 12 months; future budget period; active implementation; named implementing buyer,74.4,Qualified Lead,0.0,562422.15,"Map buyer, lot structure, and national/UN procurement channels before the funding window."
FI-3-2025-2025250573,Third phase of biosafety and biosecurity project; prevention of spread of infectious diseases,TZ,Tanzania,Ministry for Foreign Affairs of Finland,,Diagnostic Equipment,direct_keyword,70.7,Likely procurement,0-6 months,Q1 2027,next budget period,70,direct equipment language; procurement language; funding window within 6 months; future budget period; active implementation,76.5,Strategic Priority,0.0,526500.0,"Map buyer, lot structure, and national/UN procurement channels before the funding window."
FI-3-2024-2024240727,Third phase of biosafety and biosecurity project; prevention of spread of infectious diseases,TZ,Tanzania,Ministry for Foreign Affairs of Finland,,Diagnostic Equipment,direct_keyword,70.5,Likely procurement,0-6 months,Q4 2026,next budget period,70,direct equipment language; procurement language; funding window within 6 months; future budget period; active implementation,76.1,Strategic Priority,0.0,351000.0,"Map buyer, lot structure, and national/UN procurement channels before the funding window."
FI-3-2024-2024240182,"Human rights-based approach to strengthen community mental health services in Somaliland, 2023-2026",SO,Somalia,Ministry for Foreign Affairs of Finland,,Facility Infrastructure,direct_keyword,70.1,Likely procurement,0-6 months,Q4 2026,next budget period,70,direct equipment language; procurement language; funding window within 6 months; future budget period; active implementation,75.6,Strategic Priority,0.0,136861.92,"Map buyer, lot structure, and national/UN procurement channels before the funding window."
FI-3-2025-2025250332,"Human rights-based approach to strengthen community mental health services in Somaliland, 2023-2026",SO,Somalia,Ministry for Foreign Affairs of Finland,,Facility Infrastructure,direct_keyword,70.1,Likely procurement,0-6 months,Q4 2026,next budget period,70,direct equipment language; procurement language; funding window within 6 months; future budget period; active implementation,75.3,Strategic Priority,0.0,136861.92,"Map buyer, lot structure, and national/UN procurement channels before the funding window."
FI-3-2024-2024240173,Wash and Grow! II - Green Growth in Kenya,KE,Kenya,Ministry for Foreign Affairs of Finland,,Facility Infrastructure; Power & Utilities,direct_keyword,69.9,Funding window,0-6 months,Q4 2026,next budget period,70,direct equipment language; procurement language; funding window within 6 months; future budget period; active implementation,75.0,Strategic Priority,0.0,78551.46,"Map buyer, lot structure, and national/UN procurement channels before the funding window."
FI-3-2025-2025250311,Wash and Grow! II - Green Growth in Kenya,KE,Kenya,Ministry for Foreign Affairs of Finland,,Facility Infrastructure; Power & Utilities,direct_keyword,69.9,Funding window,0-6 months,Q4 2026,next budget period,70,direct equipment language; procurement language; funding window within 6 months; future budget period; active implementation,74.8,Qualified Lead,0.0,78551.46,"Map buyer, lot structure, and national/UN procurement channels before the funding window."
DAC-1601-INV-057145,Strengthening Service Delivery in Ethiopia,ET,Ethiopia,Gates Foundation,"JSI Research & Training Institute, Inc.",,none,66.4,Funding window,0-6 months,Q4 2026,next planned disbursement,78,procurement language; funding window within 90 days; future planned disbursement; future budget period; active implementation; named implementing buyer,71.6,Qualified Lead,2500000.0,6150000.0,Track disbursement timing and confirm whether a supply contract is expected.
DAC-1601-INV-091791,Strengthening Country Use of UNICEF Supply Finance Instruments,CD; ET; KE; NG; SN; TZ; ZM,Democratic Republic of the Congo; Ethiopia; Kenya; NG; SN; Tanzania; ZM,Gates Foundation,United States Fund for UNICEF,,none,66.2,Funding window,0-6 months,Q4 2026,next planned disbursement,78,procurement language; funding window within 90 days; future planned disbursement; future budget period; active implementation; named implementing buyer,70.1,Qualified Lead,1718745.0,1718745.0,Track disbursement timing and confirm whether a supply contract is expected.
XI-IATI-WBTF-TF073249,Somalia MultiPartner Fund 2,SO,Somalia,Swiss Agency for Development and Cooperation (SDC); Finland - Ministry of Foreign Affairs; UK - Department for International Development (DFID); Swedish International Development Cooperation Agency (SIDA); Canada - Department of Foreign Affairscomma Trade and Development; Norway - Ministry of Foreign Affairs; EU-Commission of the European Communities; United States Agency for International Development (USAID); MINISTRY OF FOREIGN AFFAIRS,World Bank Trust Funds,Facility Infrastructure,direct_keyword,66.0,Funding window,12-24 months,Q2 2028,next budget period,78,direct equipment language; procurement language; funding window within 24 months; future budget period; active implementation; named implementing buyer,76.0,Strategic Priority,0.0,230304093.1,"Map buyer, lot structure, and national/UN procurement channels before the funding window."
41AAA-24112-001,Expansion and Strengthening of the Kidane Mihret Catholic General Hospital in Ethiopia,ET,Ethiopia,,United Nations Office for Project Services,Medical Devices & Equipment; Facility Infrastructure,direct_keyword,66.0,Funding window,12-24 months,Q4 2027,next budget period,78,direct equipment language; procurement language; funding window within 24 months; future budget period; active implementation; named implementing buyer,73.0,Qualified Lead,0.0,6586025.0,"Map buyer, lot structure, and national/UN procurement channels before the funding window."
XM-DAC-41301-744867,"Strengthening Collaborative and Integrated Disease Surveillance and Response for Enhanced Epidemic and Pandemic Prevention, Detection and Response in Tanzania",TZ,Tanzania,The Pandemic Fund,Food and Agriculture Organization (FAO),Diagnostic Equipment,direct_keyword,66.0,Funding window,12-24 months,Q1 2028,next budget period,78,direct equipment language; procurement language; funding window within 24 months; future budget period; active implementation; named implementing buyer,72.4,Qualified Lead,0.0,3574114.0,"Map buyer, lot structure, and national/UN procurement channels before the funding window."
41AAA-24458-001,Construction of Health Infrastructure under the PROMIS Phase 2 Project (FONAREDD) - Health System Strenghtening in DRC,CD,Democratic Republic of the Congo,,United Nations Office for Project Services,Facility Infrastructure,direct_keyword,66.0,Funding window,12-24 months,Q1 2028,next budget period,78,direct equipment language; procurement language; funding window within 24 months; future budget period; active implementation; named implementing buyer,72.4,Qualified Lead,0.0,3500000.0,"Map buyer, lot structure, and national/UN procurement channels before the funding window."
GB-COH-RC000660-NIHR156365,ZAFI: NIHR Global Health Research Group on Zoonotic Causes of Acute Febrile Illness,UG; KE; ET; GB,Uganda; Kenya; Ethiopia; GB,NIHR,,Diagnostic Equipment,direct_keyword,66.0,Funding window,6-12 months,Q3 2027,next budget period,70,direct equipment language; procurement language; funding window within 12 months; future budget period; active implementation,75.1,Strategic Priority,0.0,1665922.06,"Map buyer, lot structure, and national/UN procurement channels before the funding window."
KR-GOV-021-23ED00031,"Renovation and Expansion of Muhororo
District Hospital Project",RW,Rwanda,Ministry of Economy and Finance,,Facility Infrastructure,direct_keyword,66.0,Demand signal,0-6 months,Q4 2026,next planned disbursement,62,direct equipment language; procurement language; funding window within 6 months; pipeline activity,64.0,Qualified Lead,0.0,0.0,"Map buyer, lot structure, and national/UN procurement channels before the funding window."
KR-GOV-021-10ED00014,Medical Equipment Supply and Installation for MUHAS Medical Center Project,TZ,Tanzania,Ministry of Economy and Finance,,Medical Devices & Equipment; Facility Infrastructure,direct_keyword,66.0,Demand signal,0-6 months,Q4 2026,next planned disbursement,62,direct equipment language; procurement language; funding window within 6 months; pipeline activity,64.0,Qualified Lead,0.0,0.0,"Map buyer, lot structure, and national/UN procurement channels before the funding window."
KR-GOV-021-22ED00010,Redevelopment of Muhimbili National Hospital in Tanzania Project,TZ,Tanzania,Ministry of Economy and Finance,,Medical Devices & Equipment; Facility Infrastructure,direct_keyword,66.0,Demand signal,0-6 months,Q4 2026,next planned disbursement,62,direct equipment language; procurement language; funding window within 6 months; pipeline activity,64.0,Qualified Lead,0.0,0.0,"Map buyer, lot structure, and national/UN procurement channels before the funding window."
KR-GOV-021-09ED00009,Medical Equipment Supply and Installation for MUHAS Medical Center Project,TZ,Tanzania,Ministry of Economy and Finance,,Medical Devices & Equipment; Facility Infrastructure,direct_keyword,66.0,Demand signal,0-6 months,Q4 2026,next planned disbursement,62,direct equipment language; procurement language; funding window within 6 months; pipeline activity,64.0,Qualified Lead,0.0,0.0,"Map buyer, lot structure, and national/UN procurement channels before the funding window."
KR-GOV-021-21ED00024,"Renovation and Expansion of Kabgayi
District Hospital Project",RW,Rwanda,Ministry of Economy and Finance,,Facility Infrastructure,direct_keyword,66.0,Demand signal,0-6 months,Q4 2026,next planned disbursement,62,direct equipment language; procurement language; funding window within 6 months; pipeline activity,64.0,Qualified Lead,0.0,0.0,"Map buyer, lot structure, and national/UN procurement channels before the funding window."
KR-GOV-021-20ED00022,Medical Equipment Provision Project in response to COVID19,ET,Ethiopia,Ministry of Economy and Finance,,Medical Devices & Equipment,direct_keyword,66.0,Demand signal,0-6 months,Q4 2026,next planned disbursement,62,direct equipment language; procurement language; funding window within 6 months; pipeline activity,64.0,Qualified Lead,0.0,0.0,"Map buyer, lot structure, and national/UN procurement channels before the funding window."
KR-GOV-021-23ED00041,Medical Equipment Provision Project Phase 2,ET,Ethiopia,Ministry of Economy and Finance,,Medical Devices & Equipment,direct_keyword,66.0,Demand signal,0-6 months,Q4 2026,next planned disbursement,62,direct equipment language; procurement language; funding window within 6 months; pipeline activity,64.0,Qualified Lead,0.0,0.0,"Map buyer, lot structure, and national/UN procurement channels before the funding window."
DAC-1601-INV-042016,"Strengthening National, Sub-National Public Procurement in Africa",ET; KE; NG,Ethiopia; Kenya; NG,Gates Foundation,The Chartered Institute of Procurement and Supply,,none,65.8,Funding window,0-6 months,Q4 2026,next planned disbursement,78,procurement language; funding window within 90 days; future planned disbursement; future budget period; active implementation; named implementing buyer,70.5,Qualified Lead,614254.0,2092391.0,Track disbursement timing and confirm whether a supply contract is expected.
DAC-1601-INV-087002,Knowledge Exchange Platform GF and WB Kenya,KE,Kenya,Gates Foundation,Savannah Informatics Ltd,,none,65.7,Funding window,0-6 months,Q4 2026,next planned disbursement,78,procurement language; funding window within 90 days; future planned disbursement; future budget period; active implementation; named implementing buyer,68.6,Qualified Lead,755000.0,625000.0,Track disbursement timing and confirm whether a supply contract is expected.
DAC-1601-INV-070591,Supply Chain Innovations for Product Introduction in Nigeria & Kenya,KE; NG,Kenya; NG,Gates Foundation,Field Intelligence Inc,,none,65.4,Funding window,0-6 months,Q4 2026,next planned disbursement,78,procurement language; funding window within 90 days; future planned disbursement; future budget period; active implementation; named implementing buyer,69.4,Qualified Lead,250000.0,1000000.0,Track disbursement timing and confirm whether a supply contract is expected.
DAC-1601-INV-028246,Workforce Development in Public Health Supply Chains,ET; KE; TZ; UG,Ethiopia; Kenya; Tanzania; Uganda,Gates Foundation,InSupply Health Limited,,none,65.3,Funding window,0-6 months,Q4 2026,next planned disbursement,78,procurement language; funding window within 90 days; future planned disbursement; future budget period; active implementation; named implementing buyer,69.3,Qualified Lead,206640.0,1545474.0,Track disbursement timing and confirm whether a supply contract is expected.
DAC-1601-INV-072401,GC RFP Strengthening Modeling | WISE-Ethiopia,ET,Ethiopia,Gates Foundation,Addis Ababa University,,none,65.3,Funding window,0-6 months,Q4 2026,next planned disbursement,78,procurement language; funding window within 90 days; future planned disbursement; future budget period; active implementation; named implementing buyer,67.9,Qualified Lead,453090.0,453090.0,Track disbursement timing and confirm whether a supply contract is expected.
DAC-1601-INV-094800,Assessing the Feasibility of an African Essential Medicines Facility,ET; NG; RW; SN; TZ,Ethiopia; NG; Rwanda; SN; Tanzania,Gates Foundation,SouthBridge Investments,,none,65.0,Funding window,0-6 months,Q4 2026,next planned disbursement,78,procurement language; funding window within 90 days; future planned disbursement; future budget period; active implementation; named implementing buyer,67.3,Qualified Lead,159169.0,651101.0,Track disbursement timing and confirm whether a supply contract is expected.
CA-3-P012539001,Health sector support in South Sudan,SS,South Sudan,Canada,World Bank,Diagnostic Equipment,sector_inferred,64.2,Funding window,6-12 months,Q1 2027,next planned disbursement,86,sector-implied demand; procurement language; funding window within 12 months; future planned disbursement; future budget period; active implementation; named implementing buyer,98.1,Strategic Priority,17252090.0,29930000.0,Track disbursement timing and confirm whether a supply contract is expected.
DAC-1601-INV-058071,Transmission Zero next phase: achieving field readiness,TZ,Tanzania,Gates Foundation,Imperial College London,Diagnostic Equipment,sector_inferred,64.0,Funding window,0-6 months,Q4 2026,next planned disbursement,78,sector-implied demand; procurement language; funding window within 90 days; future budget period; active implementation; named implementing buyer,79.5,Strategic Priority,0.0,4987967.0,Track disbursement timing and confirm whether a supply contract is expected.
DAC-1601-INV-070333,Support for poliovirus laboratory analysis in DRC,CD,Democratic Republic of the Congo,Gates Foundation,Institut National de Recherche Biomédicale (INRB),Diagnostic Equipment,sector_inferred,63.8,Funding window,0-6 months,Q4 2026,next planned disbursement,78,sector-implied demand; procurement language; funding window within 90 days; future budget period; active implementation; named implementing buyer,77.5,Strategic Priority,0.0,599855.0,Track disbursement timing and confirm whether a supply contract is expected.
XM-DAC-301-2-109075-002,Reducing vulnerabilities of West and Central African communities to pandemic threats through a research and capacity strengthening initiative,GW; CI; CF; LR; GA; MR; CM; SN; CD,GW; CI; CF; LR; GA; MR; CM; SN; Democratic Republic of the Congo,Canada. Parliament,Fondation Institut Pasteur de Dakar,Diagnostic Equipment; Facility Infrastructure,direct_keyword,63.0,Demand signal,6-12 months,Q1 2027,next budget period,70,direct equipment language; procurement language; funding window within 12 months; active implementation; named implementing buyer,63.1,Qualified Lead,0.0,0.0,"Map buyer, lot structure, and national/UN procurement channels before the funding window."
XM-DAC-41122-Somalia-3920/A0/09/001/001,This activity will contribute to achieving results for the ACCESS TO QUALITY PRIMARY HEALTH CARE output,SO,Somalia,United States Fund for UNICEF; Global - Health; The Global Fund to Fight AIDS; UNICEF Regular Resources; USA (State) GHSD; World Bank - Washington D.C.; The United Kingdom; GAVI The Vaccine Alliance; Country - Thematic Humanitarian Res; Global - Thematic Humanitarian Resp; KfW - Germany; German Federal Foreign Office; SAFE AND HEALTHY ENVIRONMENT; Bureau for Humanitarian Assistance; WHO - World Health Organization; Somalia,PUNTLAND AIDS COMMISSION; SOUTH CENTRAL SOMALIA AIDS COMMISION; MINISTRY OF HEALTH SOUTH WEST STATE SOMALIA; MINISTRY OF HEALTH DEVELOPMENT SOMALILAND; DEEG ROOR MEDICAL ORGANIZATION; MINISTRY OF HEALTH PUNTLAND; MINISTRY OF HEALTH AND HUMAN SERVICES FEDERAL GOVERNMENT OF; HIMILO RELIEF AND DEVELOPMENT ASSOCIATION; MUNICIPALITY OF MOGADISHU MOM BENAADIR REGIONAL ADMINISTRATION; IP not published; MERCY USA FOR AID AND DEVELOPMENT INC; PHYSICIANS ACROSS CONTINENT; MINISTRY OF HEALTH GALMUDUG STATE; NEW WAYS ORGANIZATION; UNICEF; MINISTRY OF HEALTH JUBALAND STATE OF SOMALIA; CARE INTERNATIONAL SOMALIA; ACTION AGAINST HUNGER USA; SOMALILAND NATIONAL AIDS COMMISSION; MINISTRY OF HEALTH AND SOCIAL CARE HIRSHABELLE STATE OF SOMALIA,Diagnostic Equipment,sector_inferred,62.0,Funding window,0-6 months,Q1 2027,next planned disbursement,78,sector-implied demand; funding window within 90 days; future planned disbursement; future budget period; active implementation; named implementing buyer,94.0,Strategic Priority,100791355.0,191494283.5,Track disbursement timing and confirm whether a supply contract is expected.
XM-DAC-41122-Ethiopia-1410/A0/08/001/003,This activity will contribute to achieving results for the RESILIENT PHC FOR EQUITABLE IMMUNIZATION AND HEALTH EMERGENCY SERVICES output,ET,Ethiopia,The United Kingdom; KfW - Germany; SIDA - Sweden; The Global Fund to Fight AIDS; USA (State) GHSD; UNOCHA; Ethiopia; German Federal Foreign Office; GAVI The Vaccine Alliance; Saudi Arabia; Bureau for Humanitarian Assistance; UNAIDS - Joint UN Programme; Norway; European Commission/EC; European Commission / ECHO; Malta; German Committee for UNICEF; Consolidated Funds from NatComs; UNICEF Regular Resources; Republic of Korea; USA (State) BPRM; USA CDC; United Kingdom Committee for UNICEF; Global - Thematic Humanitarian Resp; European Investment Bank; United States Fund for UNICEF,AMHARA DEVELOPMENT ASSOCIATION; TIGRAY BUREAU OF HEALTH; UNICEF; SERS BUREAU OF HEALTH; B GUMUZ REGIONAL HEALTH BUREAU RHB; SOUTH WEST ETHIOPIAN REGION HEALTH BUREAU; SOMALI REGIONAL STATE HEALTH BUREAU; OROMIA REGION BUREAU OF HEALTH; GPNRS HEALTH BUREAU; RELIEF SOCIETY OF TIGRAY; ETHIOPIAN PHARMACEUTICALS SUPPLY SERVICE; MOH UN AGENCIES GRANT; CENTRAL ETHIOPIA REGIONAL STATE BUREAU OF HEALTH; HARAR HEALTH BUREAU; AFAR REGIONAL HEALTH BUREAU; MOTHERS AND CHILDREN MULTISECTORAL DEVELOPMENT ORGANIZATION; DIRE DAWA ADMINISTRATION BUREAU OF HEALTH; SNRS HEALTH BUREAU; AAC ADM FIN AND ECO UN HEALTH AND NUT; AMHARA BUREAU OF HEALTH,Diagnostic Equipment,sector_inferred,61.7,Funding window,0-6 months,Q1 2027,next planned disbursement,78,sector-implied demand; funding window within 90 days; future planned disbursement; future budget period; active implementation; named implementing buyer,93.9,Strategic Priority,45809471.0,86398565.5,Track disbursement timing and confirm whether a supply contract is expected.
XM-DAC-41122-Somalia-3920/A0/09/001/002,This activity will contribute to achieving results for the IMMUNIZATION output,SO,Somalia,The United Kingdom; USA CDC; USA (State) GHSD; UNICEF Regular Resources; GAVI The Vaccine Alliance; Canada; Republic of Korea; United States Fund for UNICEF; UNICEF-United Arab Emirates; Consolidated Funds from NatComs; Somalia; Country - Thematic Humanitarian Res; Saudi Arabia,MINISTRY OF HEALTH GALMUDUG STATE; MINISTRY OF HEALTH AND SOCIAL CARE HIRSHABELLE STATE OF SOMALIA; MUNICIPALITY OF MOGADISHU MOM BENAADIR REGIONAL ADMINISTRATION; MINISTRY OF HEALTH PUNTLAND; MINISTRY OF HEALTH DEVELOPMENT SOMALILAND; MINISTRY OF HEALTH SOUTH WEST STATE SOMALIA; MINISTRY OF HEALTH JUBALAND STATE OF SOMALIA; MINISTRY OF HEALTH AND HUMAN SERVICES FEDERAL GOVERNMENT OF; UNICEF,Diagnostic Equipment,sector_inferred,61.6,Funding window,0-6 months,Q1 2027,next planned disbursement,78,sector-implied demand; funding window within 90 days; future planned disbursement; future budget period; active implementation; named implementing buyer,93.8,Strategic Priority,44135610.0,83853677.0,Track disbursement timing and confirm whether a supply contract is expected.
DAC-1601-INV-072375,Catalyzing uptake of maximally impactful strategies for malaria,AO; CM; BJ; MZ; ZW; SL; UG; BF; DO; GT; HT; HN; NI; PA; MM; KH; LA; VN; PG,AO; CM; BJ; MZ; ZW; SL; Uganda; BF; DO; GT; HT; HN; NI; PA; MM; KH; LA; VN; PG,Gates Foundation,Clinton Health Access Initiative Inc,Diagnostic Equipment,sector_inferred,61.5,Funding window,0-6 months,Q4 2026,next planned disbursement,78,sector-implied demand; funding window within 90 days; future planned disbursement; future budget period; active implementation; named implementing buyer,93.0,Strategic Priority,32000000.0,25130000.0,Track disbursement timing and confirm whether a supply contract is expected.
XM-DAC-41122-Democratic Republic of Congo-0990/A0/08/881/003,This activity will contribute to achieving results for the HEALTH SERVICES DEMAND output,CD,Democratic Republic of the Congo,United States Fund for UNICEF; Japan; European Commission/EC; UNICEF Regular Resources; Democratic Republic of the Congo; European Commission / ECHO; European Investment Bank; USA USAID; Canadian UNICEF Committee; UN Joint Programme; The United Kingdom,DIVISION PROVINCIALE DE LA SANTE DU KASAI; DIVISION PROVINCIALE SANTE TSHUAPA; DPS DU HAUT KATANGA INSPECTION MEDICALE PROV KATANGA; DEP SANTE DIRECTION D ETUDES AND PLANNIFICATION; DIVISION PROVINCIAL SANTE TSHOPO; DIVISION PROVINCIALE DE LA SANTE DU NORD KIVU; AIDES ACTIONS ET INTERVENTIONS POUR LE DEVELOPPEMENT ET ENCADREMENT SOCIAL; DPS MANIEMA DIVISION PROVINCIALE DE LA SANTE; INSTITUT NATIONAL DE SANTE PUBLIQUE; ACTIONS POUR LA PROTECTION ET L ENCADREMENT DE L ENFANT; DIVISION PROVINCIALE DE LA SANTE KASAI ORIENTAL; DIVISION PROVINCIALE SANTE BAS UELE; DIVISION PROVINCIALE DE LA SANTE DU SUD UBANGI; MEDECINS D AFRIQUE RD CONGO; SAVE COMMUNITIES IN CONFLICTS; HOPITAL PEDIATRIQUE DE KALEMBE LEMBE; MINISTERE DE LA SANTE PROGRAMME ELARGIE DE VACCINATION; DPS LOMAMI DIVISION PROVINCIALE DE SANTE LOMAMI; HOPE IN ACTION; WESTERN UNION US; DIVISION PROVINCIALE SANTE DE LA MONGALA; DIVISION PROVINCIALE SANTE TANGANYIKA; PROGRAMME DE PROMOTION DES SOINS DE SANTE PRIMAIRES; DIVISION PROVINCIALE DE LA SANTE DU KONGO CENTRAL; PROGRAMME NATIONAL DE READAPTATION A BASE COMMUNAUTAIRE PNRBC; DPS MAI NDOMBE DIVISION PROVINCIALE DE LA SANTE; OBSERVATOIRE DES DROITS HUMAINS GOMA; DPS KWILU DIVISION PROVINCIALE DE LA SANTE; DPS SANKURU DIVISION PROVINCIALE DE LA SANTE SANKURU; DIVISION PROVINCIALE DE LA SANTE DPS KINSHASA; DIVISION PROV DE LA SANTE KWANGO; HOPITAL GENERAL DE REFERENCE DE PANZI; DPS ITURI DIVISION PROVINCIALE DE SANTE ITURI; UNICEF; DIVISION PROVINCIALE DE LA SANTE DE HAUT UELE; DIVISION PROVINCIALE DE LA SANTE DU NORD UBANGI; DIRECTION INTERVENTIONS SOCIALES POUR LA PROTECTION DE L ENFANT; CROIX ROUGE RDC SUD KIVU; ASSOCIATION POUR LE DEVELOPPEMENT SOCIAL ET LA SAUVEGARDE DE L ENVIRONNEMENT; DPS HAUT LOMAMI DIVISION PROVINCIALE DE LA SANTE; DIVISION PROVINCIALE SANTE KASAI CENTRAL; RESEAU DES MEDIAS POUR LE DEVELOPPEMENT REMED; VODACASH SA,Diagnostic Equipment,sector_inferred,61.4,Funding window,0-6 months,Q1 2027,next planned disbursement,78,sector-implied demand; funding window within 90 days; future planned disbursement; future budget period; active implementation; named implementing buyer,93.3,Strategic Priority,24430372.0,45806947.5,Track disbursement timing and confirm whether a supply contract is expected.
XM-DAC-41122-South Sudan-4040/A0/04/001/003,This activity will contribute to achieving results for the 1.3 IMMUNIZATION: output,SS,South Sudan,World Bank - Washington D.C.; Saudi Arabia; United States Fund for UNICEF; Consolidated Funds from NatComs; WHO - World Health Organization; European Investment Bank; Germany; Canadian UNICEF Committee; USA (State) GHSD; German Federal Foreign Office; Canada; Japan; USA CDC; Republic of South Sudan; UNICEF-United Arab Emirates; KfW - Germany; UNOCHA; Global - Thematic Humanitarian Resp; UNICEF Regular Resources; German Committee for UNICEF; European Commission / ECHO; Committee for UNICEF Switzerland; Global - Health; The United Kingdom; Bureau for Humanitarian Assistance; United States of America; Central Emergency Response Fund; USA USAID; GAVI The Vaccine Alliance,STATE MINISTRY OF HEALTH UPPER NILE; WORLD RELIEF CORPORATION OF NATIONAL ASSOCIATION OF EVANGELICALS; STICHTING HEALTHNET TRANSCULTURAL PSYCHOSOCIAL ORGANIZATION; UNICEF; HEALTH LINK SOUTH SUDAN; MALARIA CONSORTIUM; CHRISTIAN MISSION AID; RELIEF INTERNATIONAL; STATE MINISTRY OF HEALTH AND ENVIRONMENT JONGLEI STATE BOR; ADVENTIST DEVELOPMENT AND RELIEF AGENCY; STATE MINISTRY OF HEALTH CES; INTERNATIONAL RESCUE COMMITTEE; AFRICAN FIELD EPIDEMIOLOGY NETWORK; FOR AFRIKA TO THRIVE; WORLD VISION INTERNATIONAL; IMPACT HEALTH ORGANIZATION IHO; INTERNATIONAL MEDICAL CORPS UK; AMREF HEALTH AFRICA; STATE MINISTRY OF HEALTH AWEIL; COALITION FOR HUMANITY CH; COMMUNITY SOCIAL AND ECONOMIC DEVELOPMENT AGENCY COSEDA; HEALTHCARE FOUNDATION ORGANIZATION; TEARFUND; ACCESS FOR HUMANITY; CHRISTIAN MISSION FOR DEVELOPMENT; SAVE THE CHILDREN FUND; STATE MINISTRY OF HEALTH UNITY; IP not published; CARE INTERNATIONAL IN SS; AGENCY FOR CHILD RELIEF AID; CO-OPERATIVE BANK OF SOUTH SUDAN LTD; WOMEN AGENCY FOR RESILIENCE AND TRANSFORMATION; STATE MINISTRY OF HEALTH WESTERN EQUATORIA; SOUTH SUDAN HEALTH ASSOCIATION; UNIVERSAL NETWORK FOR KNOWLEDGE AND EMPOWERMENT AGENCY; STATE MINISTRY OF HEALTH EES; YAMBIO COUNTY HEALTH DEPARTMENT; CATHOLIC ORGANIZATION FOR RELIEF AND DEVELOPMENT; DOCTORS WITH AFRICA CUAMM; STATE MINISTRY OF HEALTH LAKES; SUPPORT FOR PEACE AND EDUCATION DEVELOPMENT PROGRAM SPEDP; UNITED NETWORKS FOR HEALTH; IP not published; GOAL SOUTH SUDAN; MINISTRY OF HEALTH REPUBLIC OF SOUTH SUDAN; KCB BANK SOUTH SUDAN LTD; ACTION AFRICA HELP INTERNATIONAL; AFRICAN RELIEF AND DEVELOPMENT FOUNDATION; STATE MINISTRY OF HEALTH,Diagnostic Equipment,sector_inferred,61.2,Funding window,0-6 months,Q4 2026,next planned disbursement,78,sector-implied demand; funding window within 90 days; future planned disbursement; future budget period; active implementation; named implementing buyer,93.4,Strategic Priority,16021711.0,24032566.5,Track disbursement timing and confirm whether a supply contract is expected.
XM-DAC-41122-Uganda-4380/A0/07/001/003,This activity will contribute to achieving results for the OUTPUT 1.3 IMMUNIZATION CHILD HEALTH & PHE output,UG,Uganda,USA USAID; GAVI The Vaccine Alliance; Republic of Korea; Consolidated Funds from NatComs; Cyprus; European Investment Bank; Global - Thematic Humanitarian Resp; Italian Committee for UNICEF; Iceland; USA (State) GHSD; Canadian UNICEF Committee; United States Fund for UNICEF; Uganda; UNICEF Regular Resources,MINISTRY OF HEALTH; GULU CITY COUNCIL; BUVUMA DISTRICT LOCAL GOVERNMENT; MALARIA CONSORTIUM; IP not published; MUKONO DISTRICT LOCAL GOVERNMENT; BUIKWE DISTRICT LOCAL GOVERNMENT; KASESE DISTRICT UNICEF A C; KAMULI DISTRICT UNICEF; NAKASONGOLA DISTRICT LOCAL GOVERNMENT; FINN CHURCH AID; KYEGEGWA DISTRICT UNICEF; WAKISO DISTRICT LOCAL GOVERNMENT; JINJA DISTRICT LOCAL GOVERNMENT; UNICEF; BUDAKA DISTRICT L G,Diagnostic Equipment,sector_inferred,61.0,Funding window,0-6 months,Q1 2027,next planned disbursement,78,sector-implied demand; funding window within 90 days; future planned disbursement; future budget period; active implementation; named implementing buyer,92.1,Strategic Priority,9340407.0,14010624.5,Track disbursement timing and confirm whether a supply contract is expected.
DAC-1601-INV-078633,GAMBIT-DRC: Gambiense HAT interruption in Democratic Republic of Congo,CD,Democratic Republic of the Congo,Gates Foundation,Institute of Tropical Medicine,Diagnostic Equipment,sector_inferred,61.0,Funding window,0-6 months,Q4 2026,next planned disbursement,78,sector-implied demand; funding window within 90 days; future planned disbursement; future budget period; active implementation; named implementing buyer,91.5,Strategic Priority,9014968.0,7514968.0,Track disbursement timing and confirm whether a supply contract is expected.
DAC-1601-INV-056441,PATH_MACEPA V,CF; CD; ET; GM; NG; SN; ZM,CF; Democratic Republic of the Congo; Ethiopia; GM; NG; SN; ZM,Gates Foundation,PATH,Diagnostic Equipment,sector_inferred,60.9,Funding window,0-6 months,Q4 2026,next planned disbursement,78,sector-implied demand; funding window within 90 days; future planned disbursement; future budget period; active implementation; named implementing buyer,92.8,Strategic Priority,7755053.0,20023259.0,Track disbursement timing and confirm whether a supply contract is expected.
DAC-1601-INV-071385,"RSV Vaccine Impact Trial, Stage 1",GM; GH; KE,GM; GH; Kenya,Gates Foundation,Wits Health Consortium (Pty) Ltd,Diagnostic Equipment,sector_inferred,60.8,Funding window,0-6 months,Q4 2026,next planned disbursement,78,sector-implied demand; funding window within 90 days; future planned disbursement; future budget period; active implementation; named implementing buyer,92.0,Strategic Priority,6000763.0,7299137.0,Track disbursement timing and confirm whether a supply contract is expected.
XM-DAC-41122-Kenya-2400/A0/07/001/002,This activity will contribute to achieving results for the HEALTH: QUALITY IMMUNIZATION SERVICES AND PRACTICES output,KE,Kenya,Global - Thematic Humanitarian Resp; WHO - World Health Organization; UNICEF Regular Resources; GAVI The Vaccine Alliance; Kenya; Japan; USA CDC; USA USAID; German Federal Foreign Office; The United Kingdom; USA (State) GHSD; United States of America; Consolidated Funds from NatComs; UNICEF-United Arab Emirates; European Investment Bank; United States Fund for UNICEF,MINISTRY OF HEALTH UNICEF; IP not published; KITUI COUNTY HEALTH MANAGEMENT TEAM; KILIFI COUNTY DEPARTMENT OF HEALTH; MOH GARISSA COUNTY; UNICEF; LAMU COUNTY GOVERNMENT; DEPT OF HEALTH AND SANITATION; IP not published; COUNTY DEPARTMENT OF HEALTH ISIOLO; COUNTY GOVERNMENT OF MERU DEPT OF HEALTH; IP not published; DEPARTMENT OF HEALTH KISUMU COUNTY; COUNTY GOVERNMENT OF KWALE; IP not published; ACTION AGAINST HUNGER; NAROK COUNTY DEPARTMENT OF HEALTH; DEPT OF HEALTH NAKURU COUNTY; IP not published; KENYA RED CROSS SOCIETY; VIHIGA COUNTY HEALTH DEPARTMENT; COUNTY GOVERNMENT OF BUSIA DEPARTMENT OF HEALTH AND SANITATION; COUNTY GOVERNMENT OF MARSABIT DEPARTMENT OF HEALTH SERVICES; MINISTRY OF HEALTH AND SANITATION WEST POKOT KAPENGURIA; KEPI KAKAMEGA CENTRAL; IP not published; IP not published; HSSF COUNTY HEALTH OFF NAIROBI; MIGORI COUNTY GOVERNMENT PUBLIC HEALTH OFFICE; COUNTY DIRECTOR OF HEALTH SIAYA; DEPT OF HEALTH SERVICES BARINGO,Diagnostic Equipment,sector_inferred,60.6,Funding window,0-6 months,Q1 2027,next planned disbursement,78,sector-implied demand; funding window within 90 days; future planned disbursement; future budget period; active implementation; named implementing buyer,92.7,Strategic Priority,4073155.0,6489732.5,Track disbursement timing and confirm whether a supply contract is expected.
DAC-1601-INV-069333,Mind the Gap: Strengthening Vector Control and Surveillance Systems,CD; GH; MZ; NG; UG,Democratic Republic of the Congo; GH; MZ; NG; Uganda,Gates Foundation,University of California San Francisco,Diagnostic Equipment,sector_inferred,60.6,Funding window,0-6 months,Q4 2026,next planned disbursement,78,sector-implied demand; funding window within 90 days; future planned disbursement; future budget period; active implementation; named implementing buyer,90.6,Strategic Priority,4139305.0,2639305.0,Track disbursement timing and confirm whether a supply contract is expected.
DAC-1601-INV-068491,Rotary Healthy Community Challenges: Grant,CD; MZ; NG; ZM,Democratic Republic of the Congo; MZ; NG; ZM,Gates Foundation,The Rotary Foundation of Rotary International,Diagnostic Equipment,sector_inferred,60.5,Funding window,0-6 months,Q4 2026,next planned disbursement,78,sector-implied demand; funding window within 90 days; future planned disbursement; future budget period; active implementation; named implementing buyer,91.1,Strategic Priority,3000000.0,3000000.0,Track disbursement timing and confirm whether a supply contract is expected.
DAC-1601-INV-094269,Global Task Force for Cholera Control- Country Support Platform 2025–2028,BI; CM; CD; MW; MZ; NG; ZW; ZM; NP; BD,BI; CM; Democratic Republic of the Congo; MW; MZ; NG; ZW; ZM; NP; BD,Gates Foundation,International Federation of Red Cross and Red Crescent Societies,Diagnostic Equipment,sector_inferred,60.5,Funding window,0-6 months,Q4 2026,next planned disbursement,78,sector-implied demand; funding window within 90 days; future planned disbursement; future budget period; active implementation; named implementing buyer,90.6,Strategic Priority,3414798.0,3414798.0,Track disbursement timing and confirm whether a supply contract is expected.
XM-DAC-41122-South Sudan-4040/A0/04/001/004,This activity will contribute to achieving results for the TECHNICAL SUPPORT output,SS,South Sudan,UNICEF Regular Resources; Japan; World Bank - Washington D.C.; Germany; German Committee for UNICEF; Consolidated Funds from NatComs; Global - Water Sanitation & Hygiene; United States of America; UNOCHA; Global - Health; Global - Thematic Humanitarian Resp; The United Kingdom; USA (State) GHSD; KfW - Germany; Republic of Korea; German Federal Foreign Office; United States Fund for UNICEF; GAVI The Vaccine Alliance; Central Emergency Response Fund; Republic of South Sudan; The Global Fund to Fight AIDS,AMREF HEALTH AFRICA; UNICEF; IP not published; IP not published; WORLD VISION INTERNATIONAL,Diagnostic Equipment,sector_inferred,60.4,Funding window,0-6 months,Q4 2026,next planned disbursement,78,sector-implied demand; funding window within 90 days; future planned disbursement; future budget period; active implementation; named implementing buyer,91.9,Strategic Priority,2795758.0,4193637.0,Track disbursement timing and confirm whether a supply contract is expected.
DAC-1601-OPP1193778,Reaching the Last Mile Fund,TD; ET; ML; NE; SN; SS; YE,TD; Ethiopia; ML; NE; SN; South Sudan; YE,Gates Foundation,The END Fund,Diagnostic Equipment,sector_inferred,60.4,Funding window,0-6 months,Q4 2026,next planned disbursement,78,sector-implied demand; funding window within 90 days; future planned disbursement; future budget period; active implementation; named implementing buyer,91.5,Strategic Priority,2592750.0,5185500.0,Track disbursement timing and confirm whether a supply contract is expected.
DAC-1601-INV-080620,Tech enabled larviciding in Rwanda,RW,Rwanda,Gates Foundation,Tech for Health Equity (TFHE) Foundation,Diagnostic Equipment,sector_inferred,60.4,Funding window,0-6 months,Q4 2026,next planned disbursement,78,sector-implied demand; funding window within 90 days; future planned disbursement; future budget period; active implementation; named implementing buyer,90.1,Strategic Priority,2282720.0,2082720.0,Track disbursement timing and confirm whether a supply contract is expected.
DAC-1601-INV-080248,GeoLSM: geospatial technologies for operational LSM in Zanzibar,TZ,Tanzania,Gates Foundation,Aberystwyth University,Diagnostic Equipment,sector_inferred,60.3,Funding window,0-6 months,Q4 2026,next planned disbursement,78,sector-implied demand; funding window within 90 days; future planned disbursement; future budget period; active implementation; named implementing buyer,89.8,Strategic Priority,1874714.0,1711206.0,Track disbursement timing and confirm whether a supply contract is expected.
DAC-1601-INV-055656,HAT Oral Drug Development - Support for Acoziborole Phase II,CD,Democratic Republic of the Congo,Gates Foundation,Drugs for Neglected Diseases Initiative,Diagnostic Equipment,sector_inferred,60.2,Funding window,0-6 months,Q4 2026,next planned disbursement,78,sector-implied demand; funding window within 90 days; future planned disbursement; future budget period; active implementation; named implementing buyer,91.2,Strategic Priority,1531712.0,4031712.0,Track disbursement timing and confirm whether a supply contract is expected.
DAC-1601-INV-074669,Leveraging HDSS to support a National SRS in Ethiopia,ET,Ethiopia,Gates Foundation,"Vital Strategies, Inc.",Diagnostic Equipment,sector_inferred,60.2,Funding window,0-6 months,Q4 2026,next planned disbursement,78,sector-implied demand; funding window within 90 days; future planned disbursement; future budget period; active implementation; named implementing buyer,90.5,Strategic Priority,1503091.0,3037038.0,Track disbursement timing and confirm whether a supply contract is expected.
DAC-1601-INV-095819,Sustainable data solutions for malaria in West Africa and DRC,CD; GN; CI; NE; BF,Democratic Republic of the Congo; GN; CI; NE; BF,Gates Foundation,BlueSquare,Diagnostic Equipment,sector_inferred,60.2,Funding window,0-6 months,Q4 2026,next planned disbursement,78,sector-implied demand; funding window within 90 days; future planned disbursement; future budget period; active implementation; named implementing buyer,90.3,Strategic Priority,1500883.0,3250883.0,Track disbursement timing and confirm whether a supply contract is expected.
DAC-1601-INV-061233,HAT MEPP 3: Widening access to modelling to support gHAT elimination,TD; CD; GN; CI; UG,TD; Democratic Republic of the Congo; GN; CI; Uganda,Gates Foundation,University of Warwick,Diagnostic Equipment,sector_inferred,60.2,Funding window,0-6 months,Q4 2026,next planned disbursement,78,sector-implied demand; funding window within 90 days; future planned disbursement; future budget period; active implementation; named implementing buyer,90.0,Strategic Priority,1634873.0,1634873.0,Track disbursement timing and confirm whether a supply contract is expected.
DAC-1601-INV-074258,Accelerating malaria elimination in Zanzibar,TZ,Tanzania,Gates Foundation,Population Services International,Diagnostic Equipment,sector_inferred,60.1,Funding window,0-6 months,Q4 2026,next planned disbursement,78,sector-implied demand; funding window within 90 days; future planned disbursement; future budget period; active implementation; named implementing buyer,90.4,Strategic Priority,1300000.0,2900000.0,Track disbursement timing and confirm whether a supply contract is expected.
DAC-1601-INV-067322,MSMT2 project: Malaria molecular surveillance in Tanzania (phase 2),TZ,Tanzania,Gates Foundation,Ifakara Health Institute,Diagnostic Equipment,sector_inferred,60.1,Funding window,0-6 months,Q4 2026,next planned disbursement,78,sector-implied demand; funding window within 90 days; future planned disbursement; future budget period; active implementation; named implementing buyer,89.7,Strategic Priority,1500000.0,750000.0,Track disbursement timing and confirm whether a supply contract is expected.
DAC-1601-INV-048214,HAMMS project: Malaria molecular surveillance in the Horn of Africa,ET; DJ; SD,Ethiopia; DJ; SD,Gates Foundation,Armauer Hansen Research Institute,Diagnostic Equipment,sector_inferred,60.0,Funding window,0-6 months,Q4 2026,next planned disbursement,78,sector-implied demand; funding window within 90 days; future planned disbursement; future budget period; active implementation; named implementing buyer,90.2,Strategic Priority,1000000.0,2200000.0,Track disbursement timing and confirm whether a supply contract is expected.
DAC-1601-INV-068844,Generate evidence to address last mile challenges in oncho elimination,ET; NG,Ethiopia; NG,Gates Foundation,The Carter Center,Diagnostic Equipment,sector_inferred,60.0,Funding window,0-6 months,Q4 2026,next planned disbursement,78,sector-implied demand; funding window within 90 days; future planned disbursement; future budget period; active implementation; named implementing buyer,89.8,Strategic Priority,963972.0,963972.0,Track disbursement timing and confirm whether a supply contract is expected.
DAC-1601-INV-068865,Annual coverage surveys support in DRC,CD,Democratic Republic of the Congo,Gates Foundation,Ecole de Santé Publique,Diagnostic Equipment,sector_inferred,60.0,Funding window,0-6 months,Q4 2026,next planned disbursement,78,sector-implied demand; funding window within 90 days; future planned disbursement; future budget period; active implementation; named implementing buyer,89.7,Strategic Priority,1000000.0,1500000.0,Track disbursement timing and confirm whether a supply contract is expected.
41AAA-11295-054,Support for the Stop Tuberculosis Partnership Secretariat (STBP),TZ,Tanzania,,United Nations Office for Project Services,Diagnostic Equipment,direct_keyword,60.0,Funding window,12-24 months,Q1 2029,next budget period,70,direct equipment language; procurement language; future budget period; active implementation; named implementing buyer,70.4,Qualified Lead,0.0,50559820.0,"Map buyer, lot structure, and national/UN procurement channels before the funding window."
41AAA-11295-014,Diagnostics Procurement Support to Stop Tuberculosis Partnership and the Global Drug Facility,RW,Rwanda,,United Nations Office for Project Services,Diagnostic Equipment,direct_keyword,60.0,Funding window,12-24 months,Q4 2028,next budget period,70,direct equipment language; procurement language; future budget period; active implementation; named implementing buyer,69.1,Qualified Lead,0.0,20695662.0,"Map buyer, lot structure, and national/UN procurement channels before the funding window."
XM-DAC-41301-763768,"A Multisectoral Approach to Pandemic Prevention, Preparedness and  Response in South Sudan (SHSRP)",SS,South Sudan,The Pandemic Fund,Food and Agriculture Organization (FAO),Diagnostic Equipment; Laboratory Systems,direct_keyword,60.0,Funding window,12-24 months,Q2 2029,next budget period,70,direct equipment language; procurement language; future budget period; active implementation; named implementing buyer,68.3,Qualified Lead,0.0,3173792.01,"Map buyer, lot structure, and national/UN procurement channels before the funding window."
41AAA-11295-032,Support for the Stop Tuberculosis Partnership Secretariat (STBP),TZ,Tanzania,,United Nations Office for Project Services,Diagnostic Equipment,direct_keyword,60.0,Funding window,12-24 months,Q4 2028,next budget period,70,direct equipment language; procurement language; future budget period; active implementation; named implementing buyer,66.9,Qualified Lead,0.0,1807602.0,"Map buyer, lot structure, and national/UN procurement channels before the funding window."
DAC-1601-INV-064440,Establishing a GIS Center in Somalia,SO,Somalia,Gates Foundation,World Health Organization Somalia Country Office,Diagnostic Equipment,sector_inferred,59.9,Funding window,0-6 months,Q4 2026,next planned disbursement,78,sector-implied demand; funding window within 90 days; future planned disbursement; future budget period; active implementation; named implementing buyer,89.6,Strategic Priority,857067.5,857067.5,Track disbursement timing and confirm whether a supply contract is expected.
DAC-1601-INV-094623,Respiratory Syncytial Virus (RSV) Correlate of Protection,ZA; GM; GH; KE,ZA; GM; GH; Kenya,Gates Foundation,Wits Health Consortium (Pty) Ltd,Diagnostic Equipment,sector_inferred,59.9,Funding window,0-6 months,Q4 2026,next planned disbursement,78,sector-implied demand; funding window within 90 days; future planned disbursement; future budget period; active implementation; named implementing buyer,89.4,Strategic Priority,843600.0,843600.0,Track disbursement timing and confirm whether a supply contract is expected.
DAC-1601-INV-077731,Action Against Malaria in DRC & Cameroon,CM; CD,CM; Democratic Republic of the Congo,Gates Foundation,Impact Santé Afrique,Diagnostic Equipment,sector_inferred,59.8,Funding window,0-6 months,Q4 2026,next planned disbursement,78,sector-implied demand; funding window within 90 days; future planned disbursement; future budget period; active implementation; named implementing buyer,89.5,Strategic Priority,699457.0,1499457.0,Track disbursement timing and confirm whether a supply contract is expected.
DAC-1601-INV-083460,Rwanda malaria molecular surveillance platform,RW,Rwanda,Gates Foundation,Rwanda Biomedical Centre,Diagnostic Equipment,sector_inferred,59.8,Funding window,0-6 months,Q4 2026,next planned disbursement,78,sector-implied demand; funding window within 90 days; future planned disbursement; future budget period; active implementation; named implementing buyer,89.1,Strategic Priority,728578.0,942156.0,Track disbursement timing and confirm whether a supply contract is expected.
DAC-1601-INV-084303,Leveraging antenatal-based surveillance for malaria,CD; MZ; TZ,Democratic Republic of the Congo; MZ; Tanzania,Gates Foundation,Imperial College London,Diagnostic Equipment,sector_inferred,59.8,Funding window,0-6 months,Q4 2026,next planned disbursement,78,sector-implied demand; funding window within 90 days; future planned disbursement; future budget period; active implementation; named implementing buyer,88.8,Strategic Priority,849875.0,749875.0,Track disbursement timing and confirm whether a supply contract is expected.
DAC-1601-INV-074255,Strengthening strategic data use for impact in GF's HBHI Response,CM; TD; ML; MR; MZ; NE; TZ; UG; BF,CM; TD; ML; MR; MZ; NE; Tanzania; Uganda; BF,Gates Foundation,"The Global Fund to Fight AIDS, Tuberculosis and Malaria",Diagnostic Equipment,sector_inferred,59.7,Funding window,0-6 months,Q4 2026,next planned disbursement,78,sector-implied demand; funding window within 90 days; future planned disbursement; future budget period; active implementation; named implementing buyer,89.1,Strategic Priority,701795.0,701795.0,Track disbursement timing and confirm whether a supply contract is expected.
DAC-1601-INV-095210,Accelerating Maternal RSV Introduction and Enabling MI Readiness,KE,Kenya,Gates Foundation,"Liverpool School of Tropical Medicine, Kenya",Diagnostic Equipment,sector_inferred,59.7,Funding window,0-6 months,Q4 2026,next planned disbursement,78,sector-implied demand; funding window within 90 days; future planned disbursement; future budget period; active implementation; named implementing buyer,88.7,Strategic Priority,716606.0,716606.0,Track disbursement timing and confirm whether a supply contract is expected.
DAC-1601-INV-090873,"AFRO AI, Modeling, and Surveillance",ET; MZ; NG; SN; ZM,Ethiopia; MZ; NG; SN; ZM,Gates Foundation,World Health Organization Regional Office for Africa,Diagnostic Equipment,sector_inferred,59.5,Funding window,0-6 months,Q4 2026,next planned disbursement,78,sector-implied demand; funding window within 90 days; future planned disbursement; future budget period; active implementation; named implementing buyer,88.6,Strategic Priority,545951.0,545951.0,Track disbursement timing and confirm whether a supply contract is expected.
DAC-1601-INV-091533,Cholera persistence in Africa,CD,Democratic Republic of the Congo,Gates Foundation,University of Birmingham,Diagnostic Equipment,sector_inferred,59.4,Funding window,0-6 months,Q4 2026,next planned disbursement,78,sector-implied demand; funding window within 90 days; future planned disbursement; future budget period; active implementation; named implementing buyer,88.4,Strategic Priority,518405.0,518405.0,Track disbursement timing and confirm whether a supply contract is expected.
DAC-1601-INV-073592,Modeling climate impacts on malaria in Tanzania and Mozambique,ZA; MZ; TZ,ZA; MZ; Tanzania,Gates Foundation,Ifakara Health Institute,Diagnostic Equipment,sector_inferred,59.4,Funding window,0-6 months,Q4 2026,next planned disbursement,78,sector-implied demand; funding window within 90 days; future planned disbursement; future budget period; active implementation; named implementing buyer,88.2,Strategic Priority,335000.0,780000.0,Track disbursement timing and confirm whether a supply contract is expected.
DAC-1601-INV-075932,"""The Last Days of Polio"" Documentary Project",CD; NG,Democratic Republic of the Congo; NG,Gates Foundation,Polio 25 Limited,Diagnostic Equipment,sector_inferred,59.2,Funding window,0-6 months,Q4 2026,next planned disbursement,78,sector-implied demand; funding window within 90 days; future planned disbursement; future budget period; active implementation; named implementing buyer,88.5,Strategic Priority,745226.8,200000.0,Track disbursement timing and confirm whether a supply contract is expected.
DAC-1601-INV-086291,Assessing potency of measles vaccine at point of delivery,ET,Ethiopia,Gates Foundation,University of Gondar,Diagnostic Equipment,sector_inferred,59.2,Funding window,0-6 months,Q4 2026,next planned disbursement,78,sector-implied demand; funding window within 90 days; future planned disbursement; future budget period; active implementation; named implementing buyer,88.1,Strategic Priority,399886.0,399886.0,Track disbursement timing and confirm whether a supply contract is expected.
DAC-1601-INV-049906,Field Evaluation of P. vivax Serological Test and Treat,ET; MG,Ethiopia; MG,Gates Foundation,London School of Hygiene and Tropical Medicine,Diagnostic Equipment,sector_inferred,59.2,Funding window,0-6 months,Q4 2026,next planned disbursement,78,sector-implied demand; funding window within 90 days; future planned disbursement; future budget period; active implementation; named implementing buyer,87.5,Strategic Priority,301439.0,501439.0,Track disbursement timing and confirm whether a supply contract is expected.
DAC-1601-INV-073284,Riverine strategy Coverage Surveys - 3 provinces,CD,Democratic Republic of the Congo,Gates Foundation,"University of California, Los Angeles",Diagnostic Equipment,sector_inferred,59.1,Funding window,0-6 months,Q4 2026,next planned disbursement,78,sector-implied demand; funding window within 90 days; future planned disbursement; future budget period; active implementation; named implementing buyer,88.2,Strategic Priority,400000.0,300000.0,Track disbursement timing and confirm whether a supply contract is expected.
DAC-1601-INV-087236,Assays and Reagents for Group B Strep Studies,UG,Uganda,Gates Foundation,"City St. George’s, University of London",Diagnostic Equipment,sector_inferred,59.1,Funding window,0-6 months,Q4 2026,next planned disbursement,78,sector-implied demand; funding window within 90 days; future planned disbursement; future budget period; active implementation; named implementing buyer,87.7,Strategic Priority,369461.0,369461.0,Track disbursement timing and confirm whether a supply contract is expected.
DAC-1601-INV-081500,Antimicrobial Resistance and Neonatal Sepsis in Kenya (NeoBAC-2),KE,Kenya,Gates Foundation,Health Research Operations Kenya Limited,Diagnostic Equipment,sector_inferred,59.1,Funding window,0-6 months,Q4 2026,next planned disbursement,78,sector-implied demand; funding window within 90 days; future planned disbursement; future budget period; active implementation; named implementing buyer,87.4,Strategic Priority,197041.0,584888.0,Track disbursement timing and confirm whether a supply contract is expected.
DAC-1601-INV-094164,Communication campaign support for Immunization in Lualaba province (DRC),CD,Democratic Republic of the Congo,Gates Foundation,Africa Communications Media Group,Diagnostic Equipment,sector_inferred,59.1,Funding window,0-6 months,Q4 2026,next planned disbursement,78,sector-implied demand; funding window within 90 days; future planned disbursement; future budget period; active implementation; named implementing buyer,87.4,Strategic Priority,219656.5,519656.5,Track disbursement timing and confirm whether a supply contract is expected.
DAC-1601-INV-076274,Wastewater surveillance for pathogens with pandemic potential: DRC,CD,Democratic Republic of the Congo,Gates Foundation,Institut National de Recherche Biomédicale (INRB),Diagnostic Equipment,sector_inferred,59.0,Funding window,0-6 months,Q4 2026,next planned disbursement,78,sector-implied demand; funding window within 90 days; future planned disbursement; future budget period; active implementation; named implementing buyer,87.6,Strategic Priority,316453.0,316453.0,Track disbursement timing and confirm whether a supply contract is expected.
DAC-1601-INV-091047,Vaccine misinformation- Kenya,KE,Kenya,Gates Foundation,African Health and Economic Transformation Institute (AHETI),Diagnostic Equipment,sector_inferred,59.0,Funding window,0-6 months,Q4 2026,next planned disbursement,78,sector-implied demand; funding window within 90 days; future planned disbursement; future budget period; active implementation; named implementing buyer,86.8,Strategic Priority,300000.0,300000.0,Track disbursement timing and confirm whether a supply contract is expected.
DAC-1601-INV-070227,Building Sustainable Modelling Capacity in Tanzania,TZ,Tanzania,Gates Foundation,Ifakara Health Institute,Diagnostic Equipment,sector_inferred,58.8,Funding window,0-6 months,Q4 2026,next planned disbursement,78,sector-implied demand; funding window within 90 days; future planned disbursement; future budget period; active implementation; named implementing buyer,87.3,Strategic Priority,199994.0,300000.0,Track disbursement timing and confirm whether a supply contract is expected.
DAC-1601-INV-095767,Support for DRC Multipathogen Wastewater and Environmental Surveillance,CD,Democratic Republic of the Congo,Gates Foundation,Biosurv International Ltd,Diagnostic Equipment,sector_inferred,58.8,Funding window,0-6 months,Q4 2026,next planned disbursement,78,sector-implied demand; funding window within 90 days; future planned disbursement; future budget period; active implementation; named implementing buyer,86.9,Strategic Priority,238424.0,238424.0,Track disbursement timing and confirm whether a supply contract is expected.
DAC-1601-INV-095626,Accelerating maternal RSV vaccine introduction (RSV-MIRNA) - Ethiopia,ET,Ethiopia,Gates Foundation,London School of Hygiene and Tropical Medicine,Diagnostic Equipment,sector_inferred,58.7,Funding window,0-6 months,Q4 2026,next planned disbursement,78,sector-implied demand; funding window within 90 days; future planned disbursement; future budget period; active implementation; named implementing buyer,86.7,Strategic Priority,220811.0,220811.0,Track disbursement timing and confirm whether a supply contract is expected.
DAC-1601-INV-095630,Accelerating maternal RSV vaccine introduction - Uganda,UG,Uganda,Gates Foundation,Makerere University College of Health Sciences,Diagnostic Equipment,sector_inferred,58.6,Funding window,0-6 months,Q4 2026,next planned disbursement,78,sector-implied demand; funding window within 90 days; future planned disbursement; future budget period; active implementation; named implementing buyer,86.7,Strategic Priority,206214.0,206214.0,Track disbursement timing and confirm whether a supply contract is expected.
DAC-1601-INV-070288,Enhancing blood culture surveillance in WHO probiotic trial,ET; KE; NG; PK; BD,Ethiopia; Kenya; NG; PK; BD,Gates Foundation,World Health Organization,Diagnostic Equipment,sector_inferred,58.5,Funding window,0-6 months,Q4 2026,next planned disbursement,78,sector-implied demand; funding window within 90 days; future planned disbursement; future budget period; active implementation; named implementing buyer,87.0,Strategic Priority,113783.0,252544.0,Track disbursement timing and confirm whether a supply contract is expected.
DAC-1601-INV-091014,Immunological analyses for Shigella infection and Shigella Vaccines,KE; ZM,Kenya; ZM,Gates Foundation,Tel Aviv University,Diagnostic Equipment,sector_inferred,58.5,Funding window,0-6 months,Q4 2026,next planned disbursement,78,sector-implied demand; funding window within 90 days; future planned disbursement; future budget period; active implementation; named implementing buyer,86.2,Strategic Priority,187674.0,187674.0,Track disbursement timing and confirm whether a supply contract is expected.
DAC-1601-INV-093979,Role of E. coli and Klebsiella in Stillbirths in Africa,GM; KE; MZ,GM; Kenya; MZ,Gates Foundation,Instituto de Salud Global Barcelona,Diagnostic Equipment,sector_inferred,58.4,Funding window,0-6 months,Q4 2026,next planned disbursement,78,sector-implied demand; funding window within 90 days; future planned disbursement; future budget period; active implementation; named implementing buyer,86.3,Strategic Priority,162875.0,162875.0,Track disbursement timing and confirm whether a supply contract is expected.
DAC-1601-INV-073033,Modeling multi-pathogen serosurveillance data for public health impact,ZA; KE; MW,ZA; Kenya; MW,Gates Foundation,Wits Health Consortium (Pty) Ltd,Diagnostic Equipment,sector_inferred,58.3,Funding window,0-6 months,Q4 2026,next planned disbursement,78,sector-implied demand; funding window within 90 days; future planned disbursement; future budget period; active implementation; named implementing buyer,86.3,Strategic Priority,140703.0,140703.0,Track disbursement timing and confirm whether a supply contract is expected.
DAC-1601-INV-094041,Accelerating maternal RSV vaccine introduction (RSV-MIRNA) - Kenya,KE,Kenya,Gates Foundation,Health Research Operations Kenya Limited,Diagnostic Equipment,sector_inferred,58.3,Funding window,0-6 months,Q4 2026,next planned disbursement,78,sector-implied demand; funding window within 90 days; future planned disbursement; future budget period; active implementation; named implementing buyer,86.0,Strategic Priority,143006.0,143006.0,Track disbursement timing and confirm whether a supply contract is expected.
GB-GOV-26-ISPF-MRC-8BZDF48-7Z3R57R-SSDNZHQ,Scaling up One health Systems (SOS-rabies): Implementation research for rabies elimination in East Africa,TZ,Tanzania,"DEPARTMENT FOR SCIENCE, INNOVATION AND TECHNOLOGY",UNIVERSITY OF GLASGOW,,none,58.1,Funding window,0-6 months,Q4 2026,next planned disbursement,70,procurement language; funding window within 90 days; future planned disbursement; active implementation; named implementing buyer,58.8,Watchlist,1175984.16,0.0,Track disbursement timing and confirm whether a supply contract is expected.
DAC-1601-INV-096292,Deployment of Global Health Emergency Corps in Uganda,UG,Uganda,Gates Foundation,Uganda National Institute of Public Health,Diagnostic Equipment,sector_inferred,58.0,Funding window,0-6 months,Q4 2026,next planned disbursement,78,sector-implied demand; funding window within 90 days; future planned disbursement; future budget period; active implementation; named implementing buyer,85.2,Strategic Priority,99120.0,99120.0,Track disbursement timing and confirm whether a supply contract is expected.
DAC-1601-INV-093220,Self-Administered Intermittent Preventive Treatment in pregnancy,KE,Kenya,Gates Foundation,Jhpiego Corporation,Diagnostic Equipment,sector_inferred,57.9,Funding window,0-6 months,Q4 2026,next planned disbursement,78,sector-implied demand; funding window within 90 days; future planned disbursement; future budget period; active implementation; named implementing buyer,85.2,Strategic Priority,91500.0,91500.0,Track disbursement timing and confirm whether a supply contract is expected.
KR-GOV-110-1352000_2023_010,Strengthening the National Public Health Laboratory through Capacity Building of Infectious Disease Control and Management in Tanzania,TZ,Tanzania,Ministry of Health and Welfare,,,none,57.0,Funding window,0-6 months,Q4 2026,next planned disbursement,70,procurement language; funding window within 6 months; future planned disbursement; future budget period; active implementation,74.0,Qualified Lead,0.0,0.0,Track disbursement timing and confirm whether a supply contract is expected.
XM-DAC-41122-Democratic Republic of Congo-0990/A0/08/880/005,This activity will contribute to achieving results for the SOCIAL BEHAVIOR CHANGE (SBC) output,CD,Democratic Republic of the Congo,Consolidated Funds from NatComs; Global - Gender Equality; USA USAID; United States Fund for UNICEF; Bureau for Humanitarian Assistance; German Federal Foreign Office; Central Emergency Response Fund; Global - Thematic Humanitarian Resp; GAVI The Vaccine Alliance; Canada; Global - Social Policy & Social; European Commission / ECHO; Norway; Ireland; UNICEF Regular Resources; KfW - Germany; MPTFO - UN Multi Partner; SIDA - Sweden; European Investment Bank; USA (State) GHSD; Japan; UNOCHA; World Bank - Washington D.C.; The United Kingdom; Switzerland; Global - Programmes; Canadian UNICEF Committee; USA CDC; European Commission/EC; Democratic Republic of the Congo; Korea International Cooperation Age,DIRECTION GENERALE DE LUTTE CONTRE LA MALADIE; DIVISION PROVINCIALE DU GENRE ET DE LA FAMILLE EQUATEUR; DPS SANKURU DIVISION PROVINCIALE DE LA SANTE SANKURU; DIVISION PROVINCIALE DE LA JEUNESSE DU TANGANYIKA; DPS DU HAUT KATANGA INSPECTION MEDICALE PROV KATANGA; COOPERATIONE INTERNATIONALE; DIVISION PROVINCIALE DE LA JEUNESSE HAUT KATANGA; AGIS ASSISTANCE GLOBALE POUR L IDEALE SANTE; DIVINTER DIVISION PROVINCIALE DE L INTERIEURE KALEMIE; RESEAU DES MEDIAS POUR LE DEVELOPPEMENT REMED; DIVISION PROV COMMUNICATION ET MEDIAS MANIEMA; INSTITUT NATIONAL DE SANTE PUBLIQUE; DIVISION PROV DES PRESSES ET MEDIA TSHIKAPA; DIVISION PROV DE LA JUSTICE KANANGA; DIVISION PROVINCIALE DE LA SANTE DU NORD KIVU; DIVISION PROVINCILAE EPSP KASAI CENTRAL EX DIVISION PROV EPSP KASAI OCC; DIVISION PROV DE LA JEUNESSE ET DE SPORT MBANDAKA; DIVISION PROV DE LA JEUNESSE TSHOPO; BUREAU DIOCESAIN DE DEVELOPPEMENT LUEBO; AGENCE D ACHAT DES PERFORMANCES; PROGRAMME D ASSISSTANCE AUX POPULATIONS VULNERABLES EN AFRIQUE; ASSOCIATION DES FEMMES POUR LE DEVELOPPEMENT COMMUNAUTAIRE; COLLECTIF DES ASSOCIATIONS FEMININES; ACTIONS POUR LA REHABILITATION ET LA PROMOTION SOCIALE; EPSP NORD KIVU II DIVISION PROVINCIALE DE LEPSP NKII; DIV PROV EPS INC BAS UELE; CARITAS DEVELOPPEMENT MAHAGI NIOKA; DIVISION PROV JEUNESSE ITURI; ASSOCIATION POUR LE DEVELOPPEMENT SOCIAL ET LA SAUVEGARDE DE L ENVIRONNEMENT; SOCIAL DEVELOPMENT CENTER; APPUI MEDICAL INTEGRE AUX ACTIVITES DE LABORATOIRE; COMMISSION DIOCESAIN CARITAS KALEMIE KIRUNGU; ACTIONS POUR LA PROTECTION ET L ENCADREMENT DE L ENFANT; DIVISION PROVINCIALE DE GENRE ENFANT ET FAMILLE NORD UBANGI; PRONANUT PROG NAT NUTRITION KINSHASA; DIVISION PROVINCIALE DE LA COMMUNICATION ET DES MEDIAS DU KONGO CENTRAL; INSTITUT NATIONAL DE LA STATISTIQUE KANANGA; DYNAMIC FOR EMERGENCY AND DEVELOPMENT INTERVENTIONS; PROVINCE EDUCATIONNELLE DE L EPSP KINSHASA MONT AMBA; PROGRAMME NATIONAL D'ELIMINATION DU CHOLERA ET DE LUTTE CONTRE LES AUTRES; OBSERVATOIRE DES DROITS HUMAINS GOMA; MEDECINS D AFRIQUE RD CONGO; ACTION DES VOLONTAIRES UNIS POUR LE DEVELOPPEMENT ET LA SANTE; DIVISION PROVINCIALE SANTE BAS UELE; DPS ITURI DIVISION PROVINCIALE DE SANTE ITURI; CARITAS KANANGA; DIVISION URBAINE PROVINCIALE DU PLAN KINSHASA; SECRETARIAT GENERAL A LA COMMUNICATION ET MEDIAS; DIVISION PROVINCIALE DE LA SANTE SUD KIVU; VIJANA YA PANDA TUJENGENI ONGD VIPATU; CARITAS DEVELOPPEMENT DU DIOCESE DE BUNIA; DIVISION PROV AFFAIRES SOCIALES KATANGA; DIVISION PROVINCIALE DE LA COMMUNICATION ET MEDIAS HAUT KATANGA; SERVICE DE COMMUNICATION ET MEDIAS DU TANGANYIKA; DIV PROV A LA CONDIFFA KATANGA; UNICEF; PROGRAMME D APPROVISIONNEMENT EN EAU POUR LES VILLAGES; DIVISION PROVINCIALE SANTE TSHUAPA; MINISTERE DE LA SANTE PROGRAMME ELARGIE DE VACCINATION; SAVE COMMUNITIES IN CONFLICTS,,none,56.2,Funding window,0-6 months,Q1 2027,next planned disbursement,70,funding window within 90 days; future planned disbursement; future budget period; pipeline activity; named implementing buyer,70.8,Qualified Lead,15320000.0,28725000.0,Track disbursement timing and confirm whether a supply contract is expected.
KR-GOV-010-KR-GOV-051-2025010100015,"Project for Strengthening the Blood System of Busoga Region, Uganda",UG,Uganda,Ministry of Foreign Affairs,KOICA,Medical Devices & Equipment,sector_inferred,56.0,Funding window,0-6 months,Q4 2026,next planned disbursement,78,sector-implied demand; funding window within 6 months; future planned disbursement; future budget period; active implementation; named implementing buyer,94.0,Strategic Priority,877245232.0,0.0,Track disbursement timing and confirm whether a supply contract is expected.
DAC-1601-INV-060797,PRISMA 2.0 centralized lab procurement & coordination,GH; KE; ZM; IN; PK,GH; Kenya; ZM; IN; PK,Gates Foundation,The George Washington University,,none,56.0,Funding window,0-6 months,Q4 2026,next planned disbursement,70,procurement language; funding window within 90 days; future budget period; active implementation; named implementing buyer,50.3,Watchlist,0.0,2433417.0,Track disbursement timing and confirm whether a supply contract is expected.
GB-COH-RC000660-MILK-CENTRE,MILK-CENTRE: Maternal and Infant Lactation pharmacoKinetics: Centre ofExcellence for lactatioN Therapeutics Research and Engagement,UG; GB,Uganda; GB,NIHR,Makerere University,,none,56.0,Funding window,0-6 months,Q4 2026,next budget period,70,procurement language; funding window within 90 days; future budget period; active implementation; named implementing buyer,50.0,Watchlist,0.0,2141129.7,Track disbursement timing and confirm whether a supply contract is expected.
KR-GOV-010-KR-GOV-051-2024040103055,Master's Degree Program in Control of Infectious Disease(2024),TZ,Tanzania,Ministry of Foreign Affairs,KOICA,Diagnostic Equipment,sector_inferred,55.9,Funding window,0-6 months,Q4 2026,next planned disbursement,78,sector-implied demand; funding window within 6 months; future planned disbursement; future budget period; active implementation; named implementing buyer,93.6,Strategic Priority,71169681.0,0.0,Track disbursement timing and confirm whether a supply contract is expected.
KR-GOV-010-KR-GOV-051-2024040103063,Master's Degree Program in Control of Infectious Disease(2024),CD,Democratic Republic of the Congo,Ministry of Foreign Affairs,KOICA,Diagnostic Equipment,sector_inferred,55.9,Funding window,0-6 months,Q4 2026,next planned disbursement,78,sector-implied demand; funding window within 6 months; future planned disbursement; future budget period; active implementation; named implementing buyer,93.6,Strategic Priority,71169681.0,0.0,Track disbursement timing and confirm whether a supply contract is expected.
XM-DAC-41122-Rwanda-3750/A0/07/880/015,This activity will contribute to achieving results for the SOCIAL & BEHAVIOUR CHANGE output,RW,Rwanda,Global - Programmes; Republic of Korea; GAVI The Vaccine Alliance; Canadian UNICEF Committee; Consolidated Funds from NatComs; Global - Nutrition; Global Partnership for Education; Global - Thematic Humanitarian Resp; Global - Water Sanitation & Hygiene; UNICEF Regular Resources; China; The United Kingdom; Canada; USA USAID; Danish Committee for UNICEF; Japan; Global - Education; World Bank - Washington D.C.; Committee for UNICEF Switzerland,RWANDA NGOS FORUM ON HIV AIDS AND HEALTH PROMOTION; NATIONAL PARALYMPIC COMMITTEE OF RWANDA; UNICEF; RWANDA MENS RESOURCE CENTRE; RWANDA BROADCASTING AGENCY; WE GOT YOUR BACK; ASPIRE DEBATE RWANDA; UMURI FOUNDATION; HEZA INITIATIVE; UNIVERISTY OF RWANDA HOLDINGS GROUP LTD; CHANCE FOR CHILDHOOD CFC,,none,55.6,Funding window,0-6 months,Q1 2027,next planned disbursement,70,funding window within 90 days; future planned disbursement; future budget period; pipeline activity; named implementing buyer,69.2,Qualified Lead,3687465.0,6787197.5,Track disbursement timing and confirm whether a supply contract is expected.
XM-DAC-41122-Uganda-4380/A0/07/880/006,This activity will contribute to achieving results for the OUTPUT 6.6 SOCIAL & BEHAVIOUR CHANGE output,UG,Uganda,European Commission/EC; United States Fund for UNICEF; GAVI The Vaccine Alliance; USA CDC; Japan Committee for UNICEF; Global - HIV and AIDS; USA (State) GHSD; Canadian UNICEF Committee; Consolidated Funds from NatComs; Canada; UNFPA - UN Population Fund; Global - Thematic Humanitarian Resp; Ireland; UNICEF Regular Resources; UN Joint Programme; Uganda; Republic of Korea,IP not published; UGANDA RED CROSS SOCIETY; IP not published; IP not published; MINISTRY OF HEALTH; UNICEF,,none,55.6,Funding window,0-6 months,Q1 2027,next planned disbursement,70,funding window within 90 days; future planned disbursement; future budget period; pipeline activity; named implementing buyer,69.0,Qualified Lead,3699682.0,5549537.0,Track disbursement timing and confirm whether a supply contract is expected.
DAC-1601-INV-044194,Supporting the national supply chain ecosystem,ET,Ethiopia,Gates Foundation,Clinton Health Access Initiative Inc,,none,55.5,Funding window,0-6 months,Q4 2026,next planned disbursement,70,procurement language; funding window within 90 days; future budget period; active implementation; named implementing buyer,49.4,Watchlist,0.0,350000.0,Track disbursement timing and confirm whether a supply contract is expected.
XM-DAC-41122-South Sudan-4040/A0/04/880/005,This activity will contribute to achieving results for the FIELD COORDINATION AND EMERGENCY RESPONSE output,SS,South Sudan,Japan; Republic of Korea; UNOCHA; MPTFO - UN Multi Partner; Canada; Global - Child Protection; German Committee for UNICEF; UNICEF Regular Resources; Central Emergency Response Fund; Norway; World Bank - Washington D.C.; Global - Water Sanitation & Hygiene; KfW - Germany; Global - Thematic Humanitarian Resp; Committee for UNICEF Switzerland; Netherlands; Cyprus; Bureau for Humanitarian Assistance; Global - Education; Germany; European Commission / ECHO; USA (State) BPRM; Republic of South Sudan; The Global Fund to Fight AIDS; United Arab Emirates; The United Kingdom; German Federal Foreign Office; Global - Nutrition; UNICEF-Saudi Arabia,IP not published; WORLD VISION INTERNATIONAL; IP not published; UNICEF; AMREF HEALTH AFRICA,,none,55.4,Funding window,0-6 months,Q4 2026,next planned disbursement,70,funding window within 90 days; future planned disbursement; future budget period; pipeline activity; named implementing buyer,69.3,Qualified Lead,2811866.0,4217799.0,Track disbursement timing and confirm whether a supply contract is expected.
DAC-1601-INV-044191,Supply Chain - Strengthen HR Management and Practice,ET,Ethiopia,Gates Foundation,American International Health Alliance,,none,55.4,Funding window,0-6 months,Q4 2026,next planned disbursement,70,procurement language; funding window within 90 days; future budget period; active implementation; named implementing buyer,48.8,Watchlist,0.0,250000.0,Track disbursement timing and confirm whether a supply contract is expected.
NL-KVK-27378529-PKB25ET01,Sexual and reproductive health and rights solutions via Healthy Entrepreneurs in Ethiopia,ET,Ethiopia,Netherlands Enterprise Agency,Stichting Healthy Entrepreneurs Foundation,,none,55.1,Funding window,0-6 months,Q4 2026,next budget period,70,procurement language; funding window within 90 days; future budget period; active implementation; named implementing buyer,46.7,Watchlist,0.0,117000.0,Track disbursement timing and confirm whether a supply contract is expected.
NL-KVK-41160054-201302,Breaking the vicious cycle of conflict/disaster-displacement-aid dependency in South Sudan,SS,South Sudan,Cordaid Global Office,Cordaid South Sudan,,none,55.0,Funding window,0-6 months,Q3 2026,next budget period,70,procurement language; funding window within 90 days; future budget period; active implementation; named implementing buyer,46.6,Watchlist,0.0,105300.0,Track disbursement timing and confirm whether a supply contract is expected.
XM-DAC-41122-South Sudan-4040/A0/01/008/001,This activity will contribute to achieving results for the INTEGRATED MANAGEMENT OF SEVERE ACUTE MA output,SS,South Sudan,Global - Thematic Humanitarian Resp; UNICEF Regular Resources; German Committee for UNICEF; UNOCHA; MPTFO - UN Multi Partner; European Commission / ECHO; The United Kingdom; Nutrition International; Committee for UNICEF Switzerland; Denmark; Consolidated Funds from NatComs; Italy; Canada; Bureau for Humanitarian Assistance; USAID/Food for Peace; Spain; Estonia; Japan; United Kingdom Committee for UNICEF,AMREF HEALTH AFRICA; UNICEF; IP not published; WORLD VISION INTERNATIONAL; IP not published,Facility Infrastructure,direct_keyword,55.0,Demand signal,Unspecified,,no future dated funding signal,62,direct equipment language; procurement language; pipeline activity; named implementing buyer,65.8,Qualified Lead,0.0,0.0,"Map buyer, lot structure, and national/UN procurement channels before the funding window."
XM-DAC-41122-South Sudan-4040/A0/02/002/001,This activity will contribute to achieving results for the PROVISION OF QUALITY IMSAM output,SS,South Sudan,Republic of South Sudan; United States Fund for UNICEF; MPTFO - UN Multi Partner; European Commission / ECHO; Bureau for Humanitarian Assistance; UNOCHA; Canada; UNICEF Regular Resources; France; Germany; German Committee for UNICEF; Committee for UNICEF Switzerland; New Zealand Committee for UNICEF; Global - Thematic Humanitarian Resp; Italy; USAID/Food for Peace; The United Kingdom; Nutrition International,UNICEF; IP not published; IP not published,Facility Infrastructure,direct_keyword,55.0,Demand signal,Unspecified,,no future dated funding signal,62,direct equipment language; procurement language; pipeline activity; named implementing buyer,65.7,Qualified Lead,0.0,0.0,"Map buyer, lot structure, and national/UN procurement channels before the funding window."
XM-DAC-41122-South Sudan-4040/A0/01/002/004,This activity will contribute to achieving results for the WATER SUPPLY (ALL+GUINEA WORM) output,SS,South Sudan,Denmark; UNOCHA; Japan; Bureau for Humanitarian Assistance; UNICEF Regular Resources; German Committee for UNICEF; MPTFO - UN Multi Partner; European Commission / ECHO; The United Kingdom; Belgium; Norway; Australia; Netherlands,IP not published; AMREF HEALTH AFRICA; UNICEF; IP not published; WORLD VISION INTERNATIONAL,Facility Infrastructure,direct_keyword,55.0,Demand signal,Unspecified,,no future dated funding signal,62,direct equipment language; procurement language; pipeline activity; named implementing buyer,65.6,Qualified Lead,0.0,0.0,"Map buyer, lot structure, and national/UN procurement channels before the funding window."
XM-DAC-41122-Uganda-4380/A0/04/105/007,"This activity will contribute to achieving results for the Intermediate Results (IR) 1.7 Water, Sanitation, and Hygiene (WASH) IN COMMUNITY & HEALTH CENTER output",UG,Uganda,Slovak Committee for UNICEF; European Commission/EC; Japan; USA (State) BPRM; Canadian UNICEF Committee; Global - Thematic Humanitarian Resp; UNICEF Regular Resources; Germany; Global - Water Sanitation & Hygiene; Norway; Iceland; Japan Committee for UNICEF; WHO - World Health Organization; UNOCHA; Netherlands; Swedish Committee for UNICEF; Finland; The United Kingdom; European Commission / ECHO,MASAKA CITY; UNICEF; BUGIRI DISTRICT LOCAL GOVERNMENT; PALLISA DISTRICT LOCAL GOVERNMENT; NAMAYINGO DISTRICT LOCAL GOVERNMENT,Facility Infrastructure; Power & Utilities,direct_keyword,55.0,Demand signal,Unspecified,,no future dated funding signal,62,direct equipment language; procurement language; pipeline activity; named implementing buyer,65.5,Qualified Lead,0.0,0.0,"Map buyer, lot structure, and national/UN procurement channels before the funding window."
XM-DAC-41122-South Sudan-4040/A0/03/001/008,"This activity will contribute to achieving results for the COMP 1: VACCINE DEPLOYMENT, COLD CHAIN EQUIPMENT AND COMMUNITY ENGAGEMENT output",SS,South Sudan,World Bank - Washington D.C.,IP not published; CHRISTIAN MISSION FOR DEVELOPMENT; CATHOLIC ORGANIZATION FOR RELIEF AND DEVELOPMENT; WORLD VISION INTERNATIONAL; DOCTORS WITH AFRICA CUAMM; STATE MINISTRY OF HEALTH AND ENVIRONMENT JONGLEI STATE BOR; STATE MINISTRY OF HEALTH LAKES; INTERNATIONAL MEDICAL CORPS UK; CARE INTERNATIONAL IN SS; AFRICAN FIELD EPIDEMIOLOGY NETWORK; LIVEWELL SOUTH SUDAN ORGANIZATION; CATHOLIC MEDICAL MISSION BOARD INC; ACCESS FOR HUMANITY; STATE MINISTRY OF HEALTH; STATE MINISTRY OF HEALTH EES; STATE MINISTRY OF HEALTH UNITY; RELIEF INTERNATIONAL; CHRISTIAN MISSION AID; UNICEF; IP not published; UNIVERSAL NETWORK FOR KNOWLEDGE AND EMPOWERMENT AGENCY; UNITED NETWORKS FOR HEALTH; SAVE THE CHILDREN FUND; STATE MINISTRY OF HEALTH AWEIL; STATE MINISTRY OF HEALTH WARRAP; HEALTHCARE FOUNDATION ORGANIZATION; HEALTH LINK SOUTH SUDAN; STATE MINISTRY OF HEALTH WESTERN EQUATORIA,Cold Chain / Storage,direct_keyword,55.0,Demand signal,Unspecified,,no future dated funding signal,62,direct equipment language; procurement language; pipeline activity; named implementing buyer,65.4,Qualified Lead,0.0,0.0,"Map buyer, lot structure, and national/UN procurement channels before the funding window."
XM-DAC-41122-South Sudan-4040/A0/01/002/100,"This activity will contribute to achieving results for the Water, Sanitation, and Hygiene (WASH) SERVICES output",SS,South Sudan,Global - Water Sanitation & Hygiene; Netherlands; Republic of Korea; UNOCHA; European Commission / ECHO; The United Kingdom; German Committee for UNICEF; Canada; Donor Pooled Fund (mixed donors); MPTFO - UN Multi Partner; United States Fund for UNICEF; USA USAID; Japan; UNICEF Regular Resources; Norway,IP not published; AMREF HEALTH AFRICA; UNICEF; WORLD VISION INTERNATIONAL; IP not published,Facility Infrastructure; Power & Utilities,direct_keyword,55.0,Demand signal,Unspecified,,no future dated funding signal,62,direct equipment language; procurement language; pipeline activity; named implementing buyer,65.1,Qualified Lead,0.0,0.0,"Map buyer, lot structure, and national/UN procurement channels before the funding window."
XM-DAC-41122-Ethiopia-1410/A0/05/102/006,"This activity will contribute to achieving results for the 006 CHD FOR VAS, DW & NUT. SCREENING output",ET,Ethiopia,UNDP - UN Development Programme; Bureau for Humanitarian Assistance; Japan; Canada; Canada/IHA; Canada/GID; The United Kingdom; Netherlands; Global - Thematic Humanitarian Resp; Global - Nutrition; Australia; Nutrition International; UNOCHA; UNICEF Regular Resources,UNICEF; GPNRS LIVESTOCK AND FISHE RES DEV BUREAU; AMHARA BUREAU OF WATER IRRIGATION AND ENERGY DEVELOPMENT; REACH THE NEEDY ETHIOPIA RTN ETHIOPIA; SWER BUEARU OF AGRICULTURE,Diagnostic Equipment,direct_keyword,55.0,Demand signal,Unspecified,,no future dated funding signal,62,direct equipment language; procurement language; pipeline activity; named implementing buyer,65.1,Qualified Lead,0.0,0.0,"Map buyer, lot structure, and national/UN procurement channels before the funding window."
XM-DAC-41122-Somalia-3920/A0/06/004/001,This activity will contribute to achieving results for the 4.1.H  MATERNAL AND NEWBORN CARE output,SO,Somalia,France; Japan; UNOCHA; Spain; UN Joint Programme; MPTFO - UN Multi Partner; Japan Committee for UNICEF; GAVI The Vaccine Alliance; USA USAID; United States Fund for UNICEF; UNICEF-Saudi Arabia; Bureau for Humanitarian Assistance; YOUNG CHILD SURVIVAL & DEVELOPMENT; Global - Thematic Humanitarian Resp; UNICEF Regular Resources; The United Kingdom; European Commission/EC; SIDA - Sweden; Canada/IHA,UNICEF; SOMALIA DISASTER MANAGEMENT AGENCY FDS; SOMALI FEDERAL PARLIAMENT HOUSE OF THE PEOPLE; STEADFAST VOLUNTARY ORGANIZATION; IP not published,Facility Infrastructure,direct_keyword,55.0,Demand signal,Unspecified,,no future dated funding signal,62,direct equipment language; procurement language; pipeline activity; named implementing buyer,64.6,Qualified Lead,0.0,0.0,"Map buyer, lot structure, and national/UN procurement channels before the funding window."
XM-DAC-41122-Kenya-2400/A0/04/007/001,"This activity will contribute to achieving results for the Water, Sanitation, and Hygiene (WASH) Intermediate Results (IR) 1: IMPROVED WATER QUALITY output",KE,Kenya,Global - Water Sanitation & Hygiene; Netherlands; YOUNG CHILD SURVIVAL & DEVELOPMENT; European Commission / ECHO; UNICEF Regular Resources,UNICEF; MINISTRY OF WATER AND ENVIRONMENT HOMA BAY; COUNTY GOVERNMENT OF MARSABIT DEPARTMENT OF HEALTH SERVICES; WASH ALLIANCE SOCIETY OF KENYA; KENYA PRIVATE SECTOR ALLIANCE FOUNDATION,Facility Infrastructure; Power & Utilities,direct_keyword,55.0,Demand signal,Unspecified,,no future dated funding signal,62,direct equipment language; procurement language; pipeline activity; named implementing buyer,64.6,Qualified Lead,0.0,0.0,"Map buyer, lot structure, and national/UN procurement channels before the funding window."
XM-DAC-41122-Rwanda-3750/A0/05/100/004,"This activity will contribute to achieving results for the 1.3 Water, Sanitation, and Hygiene (WASH) output",RW,Rwanda,UNTFHS - UN Trust Fund for; Swedish Committee for UNICEF; Global - Thematic Humanitarian Resp; Global - Water Sanitation & Hygiene; UNICEF Regular Resources; Netherlands; The United Kingdom; UNOCHA; Consolidated Funds from NatComs,IP not published; UNICEF; IP not published; IP not published; IP not published,Facility Infrastructure; Power & Utilities,direct_keyword,55.0,Demand signal,Unspecified,,no future dated funding signal,62,direct equipment language; procurement language; pipeline activity; named implementing buyer,64.4,Qualified Lead,0.0,0.0,"Map buyer, lot structure, and national/UN procurement channels before the funding window."
XM-DAC-41122-Ethiopia-1410/A0/05/103/002,This activity will contribute to achieving results for the 002 EXPAND IMNCI output,ET,Ethiopia,Global - Thematic Humanitarian Resp; The United Kingdom; French Committee for UNICEF; Canada; Japan; Canada/IHA; Australia; UNICEF Regular Resources; Japan Committee for UNICEF,UNICEF; GPNRS LIVESTOCK AND FISHE RES DEV BUREAU; REACH THE NEEDY ETHIOPIA RTN ETHIOPIA; SWER BUEARU OF AGRICULTURE; AMHARA BUREAU OF WATER IRRIGATION AND ENERGY DEVELOPMENT,Facility Infrastructure,direct_keyword,55.0,Demand signal,Unspecified,,no future dated funding signal,62,direct equipment language; procurement language; pipeline activity; named implementing buyer,64.3,Qualified Lead,0.0,0.0,"Map buyer, lot structure, and national/UN procurement channels before the funding window."
XM-DAC-41122-Kenya-2400/A0/05/007/002,This activity will contribute to achieving results for the OUTPUT 2 : SOCIAL DETERMINANTS OF HEALTH output,KE,Kenya,Global - Health; The United Kingdom; UNFPA - UN Population Fund; United States Fund for UNICEF; Canada; UNICEF Regular Resources,MINISTRY OF WATER AND ENVIRONMENT HOMA BAY; UNICEF; WASH ALLIANCE SOCIETY OF KENYA; KENYA PRIVATE SECTOR ALLIANCE FOUNDATION; COUNTY GOVERNMENT OF MARSABIT DEPARTMENT OF HEALTH SERVICES,Facility Infrastructure,direct_keyword,55.0,Demand signal,Unspecified,,no future dated funding signal,62,direct equipment language; procurement language; pipeline activity; named implementing buyer,64.3,Qualified Lead,0.0,0.0,"Map buyer, lot structure, and national/UN procurement channels before the funding window."
XM-DAC-41122-Kenya-2400/A0/04/007/002,"This activity will contribute to achieving results for the Water, Sanitation, and Hygiene (WASH) Intermediate Results (IR) 2: IMPROVED SANITATION output",KE,Kenya,Netherlands; UNICEF Regular Resources; Global - Water Sanitation & Hygiene,MINISTRY OF WATER AND ENVIRONMENT HOMA BAY; COUNTY GOVERNMENT OF MARSABIT DEPARTMENT OF HEALTH SERVICES; UNICEF; WASH ALLIANCE SOCIETY OF KENYA; KENYA PRIVATE SECTOR ALLIANCE FOUNDATION,Facility Infrastructure; Power & Utilities,direct_keyword,55.0,Demand signal,Unspecified,,no future dated funding signal,62,direct equipment language; procurement language; pipeline activity; named implementing buyer,64.3,Qualified Lead,0.0,0.0,"Map buyer, lot structure, and national/UN procurement channels before the funding window."
XM-DAC-41122-Ethiopia-1410/A0/05/102/011,This activity will contribute to achieving results for the 011 EXPAND CBNC CO-FUNDED BY ELMA output,ET,Ethiopia,YOUNG CHILD SURVIVAL & DEVELOPMENT; Canada; Norway; UNICEF Regular Resources; UNFPA - UN Population Fund; United Kingdom Committee for UNICEF,UNICEF; SWER BUEARU OF AGRICULTURE; GPNRS LIVESTOCK AND FISHE RES DEV BUREAU; REACH THE NEEDY ETHIOPIA RTN ETHIOPIA; AMHARA BUREAU OF WATER IRRIGATION AND ENERGY DEVELOPMENT,Facility Infrastructure,direct_keyword,55.0,Demand signal,Unspecified,,no future dated funding signal,62,direct equipment language; procurement language; pipeline activity; named implementing buyer,64.0,Qualified Lead,0.0,0.0,"Map buyer, lot structure, and national/UN procurement channels before the funding window."
XM-DAC-41122-Ethiopia-1410/A0/05/101/001,This activity will contribute to achieving results for the 001 COLD CHAIN LOGISTICS output,ET,Ethiopia,GAVI The Vaccine Alliance; Japan; Rotary International; UNICEF Regular Resources; UNOCHA,UNICEF; REACH THE NEEDY ETHIOPIA RTN ETHIOPIA; SWER BUEARU OF AGRICULTURE; GPNRS LIVESTOCK AND FISHE RES DEV BUREAU; AMHARA BUREAU OF WATER IRRIGATION AND ENERGY DEVELOPMENT,Cold Chain / Storage,direct_keyword,55.0,Demand signal,Unspecified,,no future dated funding signal,62,direct equipment language; procurement language; pipeline activity; named implementing buyer,63.8,Qualified Lead,0.0,0.0,"Map buyer, lot structure, and national/UN procurement channels before the funding window."
XM-OCHAS-HPC6770-4315,Nutrition integration,SO,Somalia,King Salman Humanitarian Aid and Relief Centre,International Organisation for Migration (IOM),Diagnostic Equipment; Facility Infrastructure,direct_keyword,55.0,Demand signal,Unspecified,,no future dated funding signal,62,direct equipment language; procurement language; pipeline activity; named implementing buyer,63.3,Qualified Lead,0.0,0.0,"Map buyer, lot structure, and national/UN procurement channels before the funding window."
GB-CHC-261488-UGA52AD,Saving Mothers With or At-Risk of Developing Obstetric Fistula in Northern Uganda,UG,Uganda,Anonymous,Amref Health Africa in Uganda,Diagnostic Equipment; Facility Infrastructure,direct_keyword,55.0,Demand signal,Unspecified,,no future dated funding signal,62,direct equipment language; procurement language; pipeline activity; named implementing buyer,62.9,Qualified Lead,0.0,0.0,"Map buyer, lot structure, and national/UN procurement channels before the funding window."
46002-P-CD-IB0-004,DEMOCRATIC REPUBLIC OF CONGO - Emergency assistance project to combat Simian smallpox (MPOX),CD,Democratic Republic of the Congo,Special Relief Funds,Organisation mondiale de la santé,Facility Infrastructure,direct_keyword,55.0,Demand signal,Unspecified,,no future dated funding signal,62,direct equipment language; procurement language; pipeline activity; named implementing buyer,62.8,Qualified Lead,0.0,0.0,"Map buyer, lot structure, and national/UN procurement channels before the funding window."
XM-DAC-41122-Rwanda-3750/A0/04/230/004,"This activity will contribute to achieving results for the 4.1.1 ENVIRONMENTAL POLICIES, STRATEGIES output",RW,Rwanda,UNICEF Regular Resources; Netherlands,IP not published; IP not published; UNICEF; IP not published; IP not published,Facility Infrastructure,direct_keyword,55.0,Demand signal,Unspecified,,no future dated funding signal,62,direct equipment language; procurement language; pipeline activity; named implementing buyer,62.4,Qualified Lead,0.0,0.0,"Map buyer, lot structure, and national/UN procurement channels before the funding window."
XM-DAC-41122-Rwanda-3750/A0/04/230/006,This activity will contribute to achieving results for the 4.2.1 CAPACITY OF COMM. AND LOC. GVT FOR output,RW,Rwanda,,IP not published; IP not published; IP not published; IP not published; UNICEF,Facility Infrastructure,direct_keyword,55.0,Demand signal,Unspecified,,no future dated funding signal,62,direct equipment language; procurement language; pipeline activity; named implementing buyer,61.9,Qualified Lead,0.0,0.0,"Map buyer, lot structure, and national/UN procurement channels before the funding window."
XM-DAC-5-7-6619014,Rammed earth construction of a model house in Vanga/DRC,CD,Democratic Republic of the Congo,Germany,15ème Communauté Baptiste du Congo ECC ASBL,Facility Infrastructure,direct_keyword,55.0,Demand signal,Unspecified,,no future dated funding signal,62,direct equipment language; procurement language; pipeline activity; named implementing buyer,60.3,Qualified Lead,0.0,0.0,"Map buyer, lot structure, and national/UN procurement channels before the funding window."
XM-DAC-41122-Ethiopia-1410/A0/05/003/002,"This activity will contribute to achieving results for the 002 RURAL Water, Sanitation, and Hygiene (WASH) output",ET,Ethiopia,Japan; United States Fund for UNICEF; Canada; The United Kingdom; SIDA - Sweden; Consolidated Funds from NatComs; Bureau for Humanitarian Assistance; UNICEF Regular Resources; German Committee for UNICEF; YOUNG CHILD SURVIVAL & DEVELOPMENT; Netherlands; MPTFO - UN Multi Partner; Global - Water Sanitation & Hygiene; United Kingdom Committee for UNICEF; BASIC EDUCATION AND GENDER EQUALITY,REACH THE NEEDY ETHIOPIA RTN ETHIOPIA; SWER BUEARU OF AGRICULTURE; GPNRS LIVESTOCK AND FISHE RES DEV BUREAU; UNICEF; AMHARA BUREAU OF WATER IRRIGATION AND ENERGY DEVELOPMENT,Power & Utilities,direct_keyword,55.0,Demand signal,Unspecified,,no future dated funding signal,62,direct equipment language; procurement language; pipeline activity; named implementing buyer,57.4,Watchlist,0.0,0.0,"Map buyer, lot structure, and national/UN procurement channels before the funding window."
XM-DAC-41122-Rwanda-3750/A0/05/003/001,This activity will contribute to achieving results for the 3.1 CHILDREN WELL-BEING AND DEVELOPMENT output,RW,Rwanda,GAVI The Vaccine Alliance; UNDP - UN Development Programme; UNICEF Regular Resources; USA USAID; Republic of Korea; Norway; Global - Water Sanitation & Hygiene; Netherlands,IP not published; IP not published; UNICEF; IP not published; IP not published,Power & Utilities,direct_keyword,55.0,Demand signal,Unspecified,,no future dated funding signal,62,direct equipment language; procurement language; pipeline activity; named implementing buyer,57.4,Watchlist,0.0,0.0,"Map buyer, lot structure, and national/UN procurement channels before the funding window."
XM-DAC-41122-Ethiopia-1410/A0/05/003/003,"This activity will contribute to achieving results for the 003 URBAN Water, Sanitation, and Hygiene (WASH) output",ET,Ethiopia,The United Kingdom; UNICEF Regular Resources,UNICEF; GPNRS LIVESTOCK AND FISHE RES DEV BUREAU; REACH THE NEEDY ETHIOPIA RTN ETHIOPIA; SWER BUEARU OF AGRICULTURE; AMHARA BUREAU OF WATER IRRIGATION AND ENERGY DEVELOPMENT,Power & Utilities,direct_keyword,55.0,Demand signal,Unspecified,,no future dated funding signal,62,direct equipment language; procurement language; pipeline activity; named implementing buyer,57.3,Watchlist,0.0,0.0,"Map buyer, lot structure, and national/UN procurement channels before the funding window."
XM-DAC-41122-Somalia-3920/A0/06/001/001,This activity will contribute to achieving results for the 1.1 H. EPHS output,SO,Somalia,Hungarian National Comm for UNICEF; Japan; GAVI The Vaccine Alliance; SIDA - Sweden; Global - Thematic Humanitarian Resp; USA USAID; Japan Committee for UNICEF; UNOCHA; France; UN Joint Programme; Bureau for Humanitarian Assistance,UNICEF; IP not published; STEADFAST VOLUNTARY ORGANIZATION; SOMALI FEDERAL PARLIAMENT HOUSE OF THE PEOPLE; SOMALIA DISASTER MANAGEMENT AGENCY FDS,Power & Utilities,direct_keyword,55.0,Demand signal,Unspecified,,no future dated funding signal,62,direct equipment language; procurement language; pipeline activity; named implementing buyer,56.8,Watchlist,0.0,0.0,"Map buyer, lot structure, and national/UN procurement channels before the funding window."
XM-DAC-41122-Kenya-2400/A0/05/009/002,"This activity will contribute to achieving results for the OUTPUT 2: FACILITIES Water, Sanitation, and Hygiene (WASH) output",KE,Kenya,WFP - World Food Programme; Netherlands Committee for UNICEF; UNICEF Regular Resources; Global - Water Sanitation & Hygiene; The United Kingdom; French Committee for UNICEF; Netherlands,UNICEF; KENYA PRIVATE SECTOR ALLIANCE FOUNDATION; MINISTRY OF WATER AND ENVIRONMENT HOMA BAY; WASH ALLIANCE SOCIETY OF KENYA; COUNTY GOVERNMENT OF MARSABIT DEPARTMENT OF HEALTH SERVICES,Power & Utilities,direct_keyword,55.0,Demand signal,Unspecified,,no future dated funding signal,62,direct equipment language; procurement language; pipeline activity; named implementing buyer,56.8,Watchlist,0.0,0.0,"Map buyer, lot structure, and national/UN procurement channels before the funding window."
XM-DAC-41122-Uganda-4380/A0/04/106/004,"This activity will contribute to achieving results for the Intermediate Results (IR) 2.4 Water, Sanitation, and Hygiene (WASH) IN SCHOOLS output",UG,Uganda,The United Kingdom; Global - Education; UNICEF Regular Resources; Japan; BASIC EDUCATION AND GENDER EQUALITY; Netherlands; UNDP - UN Development Programme,BUGIRI DISTRICT LOCAL GOVERNMENT; MASAKA CITY; NAMAYINGO DISTRICT LOCAL GOVERNMENT; UNICEF; PALLISA DISTRICT LOCAL GOVERNMENT,Power & Utilities,direct_keyword,55.0,Demand signal,Unspecified,,no future dated funding signal,62,direct equipment language; procurement language; pipeline activity; named implementing buyer,56.8,Watchlist,0.0,0.0,"Map buyer, lot structure, and national/UN procurement channels before the funding window."
XM-DAC-41122-Kenya-2400/A0/04/007/004,"This activity will contribute to achieving results for the Water, Sanitation, and Hygiene (WASH) Intermediate Results (IR) 4: Water, Sanitation, and Hygiene (WASH) IN EMERGENCIES output",KE,Kenya,Japan; Global - Water Sanitation & Hygiene; Russian Federation; Global - Thematic Humanitarian Resp; UNICEF Regular Resources; Swedish Committee for UNICEF; SIDA - Sweden; UNOCHA,WASH ALLIANCE SOCIETY OF KENYA; KENYA PRIVATE SECTOR ALLIANCE FOUNDATION; COUNTY GOVERNMENT OF MARSABIT DEPARTMENT OF HEALTH SERVICES; UNICEF; MINISTRY OF WATER AND ENVIRONMENT HOMA BAY,Power & Utilities,direct_keyword,55.0,Demand signal,Unspecified,,no future dated funding signal,62,direct equipment language; procurement language; pipeline activity; named implementing buyer,56.6,Watchlist,0.0,0.0,"Map buyer, lot structure, and national/UN procurement channels before the funding window."
XM-DAC-41122-United Rep. of Tanzania-4550/A0/04/102/003,"This activity will contribute to achieving results for the SCHOOL Water, Sanitation, and Hygiene (WASH) output",TZ,Tanzania,UNICEF-United Republic of Tanzania; Global - Water Sanitation & Hygiene; MPTFO - UN Multi Partner; Swedish Committee for UNICEF; Australia; United Kingdom Committee for UNICEF; Norway; UNICEF Regular Resources; UNOPS - UN Office for Project; Italian Committee for UNICEF; OPEC Fund; United States Fund for UNICEF,NATIONAL COUNCIL FOR PERSONS WITH DISABILITIES; UNICEF; IP not published; KALIUA DISTRICT COUNCIL; WIZARA YA MAENDELEO YA JAMII WAZEE JINSIA NA WATOTO PEMBA,Power & Utilities,direct_keyword,55.0,Demand signal,Unspecified,,no future dated funding signal,62,direct equipment language; procurement language; pipeline activity; named implementing buyer,56.6,Watchlist,0.0,0.0,"Map buyer, lot structure, and national/UN procurement channels before the funding window."
XM-DAC-41122-Kenya-2400/A0/04/007/003,"This activity will contribute to achieving results for the Water, Sanitation, and Hygiene (WASH) Intermediate Results (IR) 3: IMPROVED Water, Sanitation, and Hygiene (WASH) FACILITIES output",KE,Kenya,Netherlands Committee for UNICEF; Japan; WFP - World Food Programme; UNICEF Regular Resources; Netherlands; The United Kingdom,COUNTY GOVERNMENT OF MARSABIT DEPARTMENT OF HEALTH SERVICES; UNICEF; KENYA PRIVATE SECTOR ALLIANCE FOUNDATION; WASH ALLIANCE SOCIETY OF KENYA; MINISTRY OF WATER AND ENVIRONMENT HOMA BAY,Power & Utilities,direct_keyword,55.0,Demand signal,Unspecified,,no future dated funding signal,62,direct equipment language; procurement language; pipeline activity; named implementing buyer,56.6,Watchlist,0.0,0.0,"Map buyer, lot structure, and national/UN procurement channels before the funding window."
XM-DAC-41122-Somalia-3920/A0/06/101/004,This activity will contribute to achieving results for the 1.4.IMPROVED HEALTH KNOWLEDGE/BEHAVIOUR output,SO,Somalia,Global - Thematic Humanitarian Resp; SIDA - Sweden; GAVI The Vaccine Alliance; UNOCHA; United States Fund for UNICEF; UNFPA - UN Population Fund; UNDP - UN Development Programme; UNICEF Regular Resources; Canada/IHA; Canada; Bureau for Humanitarian Assistance; The United Kingdom; UN Joint Programme; MPTFO - UN Multi Partner; Japan,STEADFAST VOLUNTARY ORGANIZATION; IP not published; UNICEF; SOMALIA DISASTER MANAGEMENT AGENCY FDS; SOMALI FEDERAL PARLIAMENT HOUSE OF THE PEOPLE,Power & Utilities,direct_keyword,55.0,Demand signal,Unspecified,,no future dated funding signal,62,direct equipment language; procurement language; pipeline activity; named implementing buyer,56.5,Watchlist,0.0,0.0,"Map buyer, lot structure, and national/UN procurement channels before the funding window."
XM-DAC-41122-Ethiopia-1410/A0/05/203/004,"This activity will contribute to achieving results for the 004  Water, Sanitation, and Hygiene (WASH) IN 376  SCHOOLS -NON DRS output",ET,Ethiopia,United States Fund for UNICEF; Netherlands; Finnish Committee for UNICEF; UNOCHA; UNDP - UN Development Programme; BASIC EDUCATION AND GENDER EQUALITY; UNICEF Regular Resources,GPNRS LIVESTOCK AND FISHE RES DEV BUREAU; SWER BUEARU OF AGRICULTURE; UNICEF; AMHARA BUREAU OF WATER IRRIGATION AND ENERGY DEVELOPMENT; REACH THE NEEDY ETHIOPIA RTN ETHIOPIA,Power & Utilities,direct_keyword,55.0,Demand signal,Unspecified,,no future dated funding signal,62,direct equipment language; procurement language; pipeline activity; named implementing buyer,56.5,Watchlist,0.0,0.0,"Map buyer, lot structure, and national/UN procurement channels before the funding window."
XM-DAC-41122-Rwanda-3750/A0/05/002/002,This activity will contribute to achieving results for the 2.2 Child Survival and Development (CSD) SERVICES OF HIGH QUALITY output,RW,Rwanda,United States Fund for UNICEF; Republic of Korea; UNICEF Regular Resources,IP not published; IP not published; IP not published; IP not published; UNICEF,Power & Utilities,direct_keyword,55.0,Demand signal,Unspecified,,no future dated funding signal,62,direct equipment language; procurement language; pipeline activity; named implementing buyer,56.4,Watchlist,0.0,0.0,"Map buyer, lot structure, and national/UN procurement channels before the funding window."
XM-DAC-41122-Rwanda-3750/A0/05/002/001,This activity will contribute to achieving results for the 2.1 EVIDENCE-BASED Child Survival and Development (CSD) POLICIES output,RW,Rwanda,UNICEF Regular Resources; USA USAID; Netherlands; GAVI The Vaccine Alliance; Republic of Korea,UNICEF; IP not published; IP not published; IP not published; IP not published,Power & Utilities,direct_keyword,55.0,Demand signal,Unspecified,,no future dated funding signal,62,direct equipment language; procurement language; pipeline activity; named implementing buyer,55.6,Watchlist,0.0,0.0,"Map buyer, lot structure, and national/UN procurement channels before the funding window."
XM-DAC-41122-Ethiopia-1410/A0/05/203/005,"This activity will contribute to achieving results for the 005 Water, Sanitation, and Hygiene (WASH)  IN 74 SCHOOLS - DRS output",ET,Ethiopia,UNICEF Regular Resources; Consolidated Funds from NatComs; UNOCHA; UNDP - UN Development Programme; German Committee for UNICEF; BASIC EDUCATION AND GENDER EQUALITY,REACH THE NEEDY ETHIOPIA RTN ETHIOPIA; UNICEF; SWER BUEARU OF AGRICULTURE; GPNRS LIVESTOCK AND FISHE RES DEV BUREAU; AMHARA BUREAU OF WATER IRRIGATION AND ENERGY DEVELOPMENT,Power & Utilities,direct_keyword,55.0,Demand signal,Unspecified,,no future dated funding signal,62,direct equipment language; procurement language; pipeline activity; named implementing buyer,55.5,Watchlist,0.0,0.0,"Map buyer, lot structure, and national/UN procurement channels before the funding window."
XM-DAC-41122-South Sudan-4040/A0/01/002/001,"This activity will contribute to achieving results for the Water, Sanitation, and Hygiene (WASH) INVESTMENT PLAN output",SS,South Sudan,UNICEF Regular Resources; Bureau for Humanitarian Assistance; Australia; Netherlands; Japan; German Committee for UNICEF,AMREF HEALTH AFRICA; IP not published; IP not published; UNICEF; WORLD VISION INTERNATIONAL,Power & Utilities,direct_keyword,55.0,Demand signal,Unspecified,,no future dated funding signal,62,direct equipment language; procurement language; pipeline activity; named implementing buyer,55.5,Watchlist,0.0,0.0,"Map buyer, lot structure, and national/UN procurement channels before the funding window."
XM-DAC-41122-Somalia-3920/A0/06/003/004,This activity will contribute to achieving results for the 3.2 W. AWARENESS & BEHAVIOUR CHANGE output,SO,Somalia,Swedish Committee for UNICEF; European Commission / ECHO; The United Kingdom; Japan; Global - Thematic Humanitarian Resp; Bureau for Humanitarian Assistance; GAVI The Vaccine Alliance; UNOCHA; UNICEF Regular Resources; MPTFO - UN Multi Partner; USA USAID; Australia,UNICEF; SOMALI FEDERAL PARLIAMENT HOUSE OF THE PEOPLE; STEADFAST VOLUNTARY ORGANIZATION; IP not published; SOMALIA DISASTER MANAGEMENT AGENCY FDS,Power & Utilities,direct_keyword,55.0,Demand signal,Unspecified,,no future dated funding signal,62,direct equipment language; procurement language; pipeline activity; named implementing buyer,55.3,Watchlist,0.0,0.0,"Map buyer, lot structure, and national/UN procurement channels before the funding window."
XM-DAC-41122-Somalia-3920/A0/06/001/007,This activity will contribute to achieving results for the 1.1 N EPHS output,SO,Somalia,Japan Committee for UNICEF; Global - Thematic Humanitarian Resp,UNICEF; SOMALI FEDERAL PARLIAMENT HOUSE OF THE PEOPLE; IP not published; SOMALIA DISASTER MANAGEMENT AGENCY FDS; STEADFAST VOLUNTARY ORGANIZATION,Power & Utilities,direct_keyword,55.0,Demand signal,Unspecified,,no future dated funding signal,62,direct equipment language; procurement language; pipeline activity; named implementing buyer,55.3,Watchlist,0.0,0.0,"Map buyer, lot structure, and national/UN procurement channels before the funding window."
XM-DAC-41122-United Rep. of Tanzania-4550/A0/04/701/007,"This activity will contribute to achieving results for the IMPROVE WATER, SANITATION AND HYGIENE (W output",TZ,Tanzania,,KALIUA DISTRICT COUNCIL; NATIONAL COUNCIL FOR PERSONS WITH DISABILITIES; WIZARA YA MAENDELEO YA JAMII WAZEE JINSIA NA WATOTO PEMBA; UNICEF; IP not published,Power & Utilities,direct_keyword,55.0,Demand signal,Unspecified,,no future dated funding signal,62,direct equipment language; procurement language; pipeline activity; named implementing buyer,54.9,Watchlist,0.0,0.0,"Map buyer, lot structure, and national/UN procurement channels before the funding window."
XM-DAC-41122-Somalia-3920/A0/06/017/003,This activity will contribute to achieving results for the 2011 - CLOSED output,SO,Somalia,Japan Committee for UNICEF,STEADFAST VOLUNTARY ORGANIZATION; SOMALIA DISASTER MANAGEMENT AGENCY FDS; SOMALI FEDERAL PARLIAMENT HOUSE OF THE PEOPLE; UNICEF; IP not published,Power & Utilities,direct_keyword,55.0,Demand signal,Unspecified,,no future dated funding signal,62,direct equipment language; procurement language; pipeline activity; named implementing buyer,54.7,Watchlist,0.0,0.0,"Map buyer, lot structure, and national/UN procurement channels before the funding window."
XM-DAC-41122-Somalia-3920/A0/06/017/012,This activity will contribute to achieving results for the 2011  - CLOSED output,SO,Somalia,,SOMALIA DISASTER MANAGEMENT AGENCY FDS; IP not published; UNICEF; STEADFAST VOLUNTARY ORGANIZATION; SOMALI FEDERAL PARLIAMENT HOUSE OF THE PEOPLE,Power & Utilities,direct_keyword,55.0,Demand signal,Unspecified,,no future dated funding signal,62,direct equipment language; procurement language; pipeline activity; named implementing buyer,54.3,Watchlist,0.0,0.0,"Map buyer, lot structure, and national/UN procurement channels before the funding window."
XM-DAC-41122-Somalia-3920/A0/06/005/008,"This activity will contribute to achieving results for the 5.1 Water, Sanitation, and Hygiene (WASH) POLICIES, SECTOR PLANS/STRATEGI output",SO,Somalia,UNICEF Regular Resources; European Commission/EC; UNDP - UN Development Programme,SOMALIA DISASTER MANAGEMENT AGENCY FDS; STEADFAST VOLUNTARY ORGANIZATION; UNICEF; IP not published; SOMALI FEDERAL PARLIAMENT HOUSE OF THE PEOPLE,Power & Utilities,direct_keyword,55.0,Demand signal,Unspecified,,no future dated funding signal,62,direct equipment language; procurement language; pipeline activity; named implementing buyer,54.2,Watchlist,0.0,0.0,"Map buyer, lot structure, and national/UN procurement channels before the funding window."
GB-CHC-802353-Hamlin Fistula,Hamlin Fistula Ethiopia - Women's health,ET,Ethiopia,,Hamlin Fistula,Facility Infrastructure,direct_keyword,55.0,Demand signal,Unspecified,,no future dated funding signal,62,direct equipment language; procurement language; pipeline activity; named implementing buyer,54.0,Watchlist,0.0,0.0,"Map buyer, lot structure, and national/UN procurement channels before the funding window."
XI-IATI-EC_INTPA-2026-PC-88251,Activity under preparation Construction de l'HGR MAKOTA,CD,Democratic Republic of the Congo,European Commission,XM-DAC-12001,Facility Infrastructure,direct_keyword,55.0,Demand signal,Unspecified,,active implementation period,62,direct equipment language; procurement language; pipeline activity; named implementing buyer,54.0,Watchlist,0.0,0.0,"Map buyer, lot structure, and national/UN procurement channels before the funding window."
XI-IATI-EC_INTPA-2021-ACT-61825,Activity under preparation Strengthening health system and service delivery in South Sudan particularly for women and children.,SS,South Sudan,European Commission,XM-DAC-44002,IT / Health Information Systems,direct_keyword,55.0,Demand signal,Unspecified,,no future dated funding signal,62,direct equipment language; procurement language; pipeline activity; named implementing buyer,54.0,Watchlist,0.0,0.0,"Map buyer, lot structure, and national/UN procurement channels before the funding window."
XM-DAC-41122-Democratic Republic of Congo-0990/A0/06/001/009,This activity will contribute to achieving results for the SURVIE MISE EN OEUVRE DU PLAN Harmonized Approach to Cash Transfers (HACT) output,CD,Democratic Republic of the Congo,UNICEF Regular Resources,ADVENTIST DEVELOPEMENT AND RELIEF AGENCY DRC CONGO; IP not published; UNICEF; DIVISION PROVINCIALE DU PLAN ITURI; PROGRAMME D ASSISSTANCE AUX POPULATIONS VULNERABLES EN AFRIQUE,Power & Utilities,direct_keyword,55.0,Demand signal,Unspecified,,no future dated funding signal,62,direct equipment language; procurement language; pipeline activity; named implementing buyer,52.6,Watchlist,0.0,0.0,"Map buyer, lot structure, and national/UN procurement channels before the funding window."
XM-DAC-41122-United Rep. of Tanzania-4550/A0/06/880/005,This activity will contribute to achieving results for the SOCIAL AND BEHAVIOUR CHANGE AND GENDER output,TZ,Tanzania,Korea International Cooperation Age; Global - Nutrition; European Commission/EC; Ireland; USA CDC; UNICEF Regular Resources; MPTFO - UN Multi Partner; World Bank - Washington D.C.; Saudi Arabia; European Investment Bank; GAVI The Vaccine Alliance; WHO - World Health Organization; One-off donations PSFR; UN Joint Programme; United States Fund for UNICEF; Canada; Finland; Japan; Netherlands; Global - Thematic Humanitarian Resp; United States of America; Consolidated Funds from NatComs; Republic of Korea; UNICEF-United Arab Emirates; Cyprus; USA USAID; UNICEF-QATAR,REGIONAL ADMINISTRATIVE SECRETARY NJOMBE; CATHOLIC RELIEF SERVICES; BUHIGWE DISTRICT COUNCIL; MINISTRY OF COMMUNITY DEV GENDER ELDERS AND CHILDREN; YOUNG AFRICANS SPORTS CLUB; TANZANIA DEVELOPMENT INFORMATION ORGANIZATION TADIO COMMUNITY MEDIA; TANZANIA FOOD AND NUTRITION CENTRE; KIGOMA UJIJI MUNICIPAL COUNCIL; RAS KIGOMA; PS MINISTRY OF HEALTH ZNZ; BBC MEDIA ACTION; UNICEF; DANISH REFUGEE COUNCIL DANSK FLYGTNINGEHJAELP; HELPAGE INTERNATIONAL TANZANIA; MINISTRY OF YOUTH CULTURE ARTS AND SPORT; TANZANIA RED CROSS SOCIETIES; TANZANIA ASSOCIATION OF THE DEAF; OFISI YA MUFTI MKUU ZANZIBAR; JESUIT REFUGEE SERVICE; TAI TANZANIA; KASULU DISTRICT COUNCIL; PS MINISTRY OF HEALTH AND SOCIAL WELFARE HEALTH PROMOTION; PS MINISTRY OF EDUCATION AND VOCATIONAL TRAINING ZNZ; ONA FOUNDATION; KIBONDO DISTRICT COUNCIL; DED KAKONKO DISTRICT COUNCIL; PS SECOND VICE PRESIDENT S OFFICE ZANZIBAR DISASTER MANAGEMENT OFFICE; PS MINISTRY OF HEALTH COMMUNITY DEVELOPMENT GENDER ELDERLY AND; UVINZA DISTRICT COUNCIL; THE STATE UNIVERSITY OF ZANZIBAR; PS PRIME MINISTERS OFFICE REGIONAL ADMINISTRATION AND LOCAL; MUHIMBILI UNIVERSITY OF HEALTH AND ALLIED SCIENCES; KIGOMA DISTRICT COUNCIL; IP not published; TANZANIA INTERFAITH PARTNERSHIP TIP; KASULU TOWN COUNCIL DEVELOPMENT; T MARC TANZANIA; REGIONAL ADMINISTRATIVE SECRETARY SONGWE,,none,54.9,Funding window,0-6 months,Q1 2027,next planned disbursement,70,funding window within 90 days; future planned disbursement; future budget period; pipeline activity; named implementing buyer,68.3,Qualified Lead,720000.0,1180000.0,Track disbursement timing and confirm whether a supply contract is expected.
XM-DAC-41122-South Sudan-4040/A0/04/001/002,This activity will contribute to achieving results for the 1.2  MNH-EMTCT output,SS,South Sudan,German Committee for UNICEF; The United Kingdom; Consolidated Funds from NatComs; German Federal Foreign Office; UNAIDS - Joint UN Programme; Republic of South Sudan; French Committee for UNICEF; World Bank - Washington D.C.; Global - Health; UNICEF Regular Resources; Republic of Korea; Global - Thematic Humanitarian Resp,NATIONAL BUREAU OF STATISTICS; CATHOLIC ORGANIZATION FOR RELIEF AND DEVELOPMENT; RELIEF INTERNATIONAL; STATE MINISTRY OF HEALTH CES; IMPACT HEALTH ORGANIZATION IHO; FOR AFRIKA TO THRIVE; CARE INTERNATIONAL IN SS; INTERNATIONAL RESCUE COMMITTEE; AMREF HEALTH AFRICA; CHRISTIAN MISSION FOR DEVELOPMENT; COMMUNITY SOCIAL AND ECONOMIC DEVELOPMENT AGENCY COSEDA; AFRICAN RELIEF AND DEVELOPMENT FOUNDATION; STATE MINISTRY OF HEALTH WARRAP; WOMEN AGENCY FOR RESILIENCE AND TRANSFORMATION; IP not published; CO-OPERATIVE BANK OF SOUTH SUDAN LTD; Liverpool School of Tropical Medicine; AGENCY FOR CHILD RELIEF AID; UNICEF; IP not published; WORLD RELIEF CORPORATION OF NATIONAL ASSOCIATION OF EVANGELICALS; KCB BANK SOUTH SUDAN LTD; SAVE THE CHILDREN FUND; TEARFUND; STATE MINISTRY OF HEALTH; HEALTH LINK SOUTH SUDAN; DOCTORS WITH AFRICA CUAMM; STICHTING HEALTHNET TRANSCULTURAL PSYCHOSOCIAL ORGANIZATION; MINISTRY OF HEALTH REPUBLIC OF SOUTH SUDAN; SUPPORT FOR PEACE AND EDUCATION DEVELOPMENT PROGRAM SPEDP; WORLD VISION INTERNATIONAL; STATE MINISTRY OF HEALTH LAKES; MINISTRY OF FINANCE AND PLANNING; ADVENTIST DEVELOPMENT AND RELIEF AGENCY; INTERNATIONAL MEDICAL CORPS UK; UNITED NETWORKS FOR HEALTH; MALARIA CONSORTIUM; COALITION FOR HUMANITY CH; UNIVERSAL NETWORK FOR KNOWLEDGE AND EMPOWERMENT AGENCY; SOUTH SUDAN HEALTH ASSOCIATION; ACTION AFRICA HELP INTERNATIONAL; STATE MINISTRY OF HEALTH AWEIL; GOAL SOUTH SUDAN; STATE MINISTRY OF HEALTH UNITY; STATE MINISTRY OF HEALTH EES; ACCESS FOR HUMANITY; CHRISTIAN MISSION AID,,none,54.0,Funding window,0-6 months,Q4 2026,next planned disbursement,70,funding window within 90 days; future planned disbursement; future budget period; active implementation; named implementing buyer,66.0,Qualified Lead,120621569.0,180932353.5,Track disbursement timing and confirm whether a supply contract is expected.
XM-DAC-41122-South Sudan-4040/A0/04/001/001,This activity will contribute to achieving results for the 1.1: CHILD HEALTH output,SS,South Sudan,Bureau for Humanitarian Assistance; World Bank - Washington D.C.; The United Kingdom; UNOPS - UN Office for Project; Republic of South Sudan; United Kingdom Committee for UNICEF; Japan; German Committee for UNICEF; The Global Fund to Fight AIDS; Global - Health; Committee for UNICEF Switzerland; UNICEF Regular Resources,WOMEN AGENCY FOR RESILIENCE AND TRANSFORMATION; CO-OPERATIVE BANK OF SOUTH SUDAN LTD; IMPACT HEALTH ORGANIZATION IHO; CARE INTERNATIONAL IN SS; UNICEF; STICHTING HEALTHNET TRANSCULTURAL PSYCHOSOCIAL ORGANIZATION; IP not published; DOCTORS WITH AFRICA CUAMM; HEALTH LINK SOUTH SUDAN; INTERNATIONAL MEDICAL CORPS UK; ACTION AFRICA HELP INTERNATIONAL; NATIONAL BUREAU OF STATISTICS; GOAL SOUTH SUDAN; WORLD VISION INTERNATIONAL; FOR AFRIKA TO THRIVE; ADVENTIST DEVELOPMENT AND RELIEF AGENCY; CHRISTIAN MISSION AID; TEARFUND; MALARIA CONSORTIUM; STATE MINISTRY OF HEALTH WARRAP; UNIVERSAL NETWORK FOR KNOWLEDGE AND EMPOWERMENT AGENCY; AFRICAN RELIEF AND DEVELOPMENT FOUNDATION; WORLD RELIEF CORPORATION OF NATIONAL ASSOCIATION OF EVANGELICALS; AMREF HEALTH AFRICA; CHRISTIAN MISSION FOR DEVELOPMENT; MINISTRY OF HEALTH REPUBLIC OF SOUTH SUDAN; IP not published; SOUTH SUDAN HEALTH ASSOCIATION; SUPPORT FOR PEACE AND EDUCATION DEVELOPMENT PROGRAM SPEDP; RELIEF INTERNATIONAL; INTERNATIONAL RESCUE COMMITTEE; SAVE THE CHILDREN FUND; COALITION FOR HUMANITY CH; STATE MINISTRY OF HEALTH CES; CATHOLIC ORGANIZATION FOR RELIEF AND DEVELOPMENT; KCB BANK SOUTH SUDAN LTD; UNITED NETWORKS FOR HEALTH; COMMUNITY SOCIAL AND ECONOMIC DEVELOPMENT AGENCY COSEDA; AGENCY FOR CHILD RELIEF AID,,none,54.0,Funding window,0-6 months,Q4 2026,next planned disbursement,70,funding window within 90 days; future planned disbursement; future budget period; active implementation; named implementing buyer,66.0,Qualified Lead,103575678.0,155363517.0,Track disbursement timing and confirm whether a supply contract is expected.
XM-DAC-41122-Democratic Republic of Congo-0990/A0/08/881/002,This activity will contribute to achieving results for the QUALITY HEALTH SERVICES output,CD,Democratic Republic of the Congo,European Commission / ECHO; USA USAID; Canadian UNICEF Committee; Democratic Republic of the Congo; European Commission/EC; Norway; Global - Thematic Humanitarian Resp; Global - Programmes; UNICEF-United Arab Emirates; The United Kingdom; GAVI The Vaccine Alliance; Republic of Korea; Consolidated Funds from NatComs; Japan; KfW - Germany; UN Joint Programme; USA (State) GHSD; UNICEF Regular Resources; World Bank - Washington D.C.; Saudi Arabia; European Investment Bank; Global - Health; Global - Social Policy & Social; SIDA - Sweden; USA CDC; Canada; Korea International Cooperation Age; United States Fund for UNICEF; German Federal Foreign Office; German Committee for UNICEF,DPS LOMAMI DIVISION PROVINCIALE DE SANTE LOMAMI; ACTION OF THE FUTURE; AIDES ACTIONS ET INTERVENTIONS POUR LE DEVELOPPEMENT ET ENCADREMENT SOCIAL; DPS DU HAUT KATANGA INSPECTION MEDICALE PROV KATANGA; VODACASH SA; DIVISION PROVINCIAL SANTE TSHOPO; CARITAS KANANGA; HOPITAL GENERAL DE REFERENCE DE PANZI; DIVISION PROV DE LA SANTE KWANGO; DPS LUALABA DIVISION PROVINCIALE DE LA SANTE; DIVISION PROVINCIALE SANTE TSHUAPA; DIVISION PROVINCIALE DE LA SANTE DU NORD UBANGI; CROIX ROUGE RDC SUD KIVU; DPS SANKURU DIVISION PROVINCIALE DE LA SANTE SANKURU; OBSERVATOIRE DES DROITS HUMAINS GOMA; MINISTERE DE LA SANTE PUBLIQUE; INSTITUT NATIONAL DE SANTE PUBLIQUE; SAVE COMMUNITIES IN CONFLICTS; DIVISION PROVINCIALE SANTE TANGANYIKA; DIVISION PROVINCIALE SANTE KASAI CENTRAL; IP not published; RESEAU DES MEDIAS POUR LE DEVELOPPEMENT REMED; DPS MAI NDOMBE DIVISION PROVINCIALE DE LA SANTE; DIVISION PROVINCIALE DE LA SANTE DU KASAI; INSPECTION PROVINCIALE DE SANTE DU TANGANYIKA; DIRECTION SURVEILLANCE EPIDEMIOLOGIQUE; DIVISION PROVINCIALE SANTE EQUATEUR; MINISTERE DE LA SANTE PROGRAMME ELARGIE DE VACCINATION; DIVISION PROVINCIALE DE LA SANTE DU KONGO CENTRAL; DIRECTION INTERVENTIONS SOCIALES POUR LA PROTECTION DE L ENFANT; DIVISION PROVINCIALE DE LA SANTE DPS KINSHASA; DIVISION PROVINCIALE DE LA SANTE DU SUD UBANGI; DIVISION PROVINCIALE DE LA SANTE DU NORD KIVU; MEDECINS D AFRIQUE RD CONGO; PROGRAMME NATIONAL D'ELIMINATION DU CHOLERA ET DE LUTTE CONTRE LES AUTRES; HOPITAL PEDIATRIQUE DE KALEMBE LEMBE; WESTERN UNION US; MINISTERE DE LA SANTE PNLS; HOPE IN ACTION; SECRETARIAT GENERAL A LA SANTE KINSHASA; AGENCE D ACHAT DES PERFORMANCES; DIVISION PROVINCIALE DE LA SANTE KASAI ORIENTAL; ACTION DES VOLONTAIRES UNIS POUR LE DEVELOPPEMENT ET LA SANTE; DPS KWILU DIVISION PROVINCIALE DE LA SANTE; DPS HAUT LOMAMI DIVISION PROVINCIALE DE LA SANTE; DIVISION PROVINCIALE DE LA SANTE DE HAUT UELE; ALIMA ALLIANCE POUR ACTION MEDICALE INTERNATIONALE; DIVISION PROVINCIALE DE LA SANTE SUD KIVU; DPS ITURI DIVISION PROVINCIALE DE SANTE ITURI; UNICEF; DIVISION PROVINCIALE SANTE BAS UELE; DPS MANIEMA DIVISION PROVINCIALE DE LA SANTE; DIVISION PROVINCIALE SANTE DE LA MONGALA; PROGRAMME NATIONAL DE SANTE DES ADOLESCENTS PNSA KINSHASA; ACTIONS POUR LA REHABILITATION ET LA PROMOTION SOCIALE; PROGRAMME DE PROMOTION DES SOINS DE SANTE PRIMAIRES,,none,54.0,Funding window,0-6 months,Q1 2027,next planned disbursement,70,funding window within 90 days; future planned disbursement; future budget period; active implementation; named implementing buyer,66.0,Qualified Lead,95863316.0,179743717.5,Track disbursement timing and confirm whether a supply contract is expected.
XM-DAC-41122-Democratic Republic of Congo-0990/A0/08/882/002,This activity will contribute to achieving results for the QUALITY NUTRITION SERVICES output,CD,Democratic Republic of the Congo,European Commission/EC; USA USAID; Nutrition International; UNOCHA; Canada; Canadian UNICEF Committee; UNICEF Regular Resources; UN Joint Programme; German Committee for UNICEF; Switzerland; Global - Nutrition; Japan; SIDA - Sweden; USA (State) GHSD; Korea International Cooperation Age; The United Kingdom; WFP - World Food Programme; United States Fund for UNICEF; Global - Thematic Humanitarian Resp; Ireland; Bureau for Humanitarian Assistance; France; Central Emergency Response Fund; German Federal Foreign Office; Norway; Germany; Consolidated Funds from NatComs; KfW - Germany; Global - Programmes; European Commission / ECHO; Democratic Republic of the Congo,EGLISE DU CHRIST AU CONGO MINISTERE POUR LES REFUGIES ET LES; BUREAU DIOCESAIN DE DEVELOPPEMENT LUEBO; DIVISION PROV PLAN KATANGA; DPS SANKURU DIVISION PROVINCIALE DE LA SANTE SANKURU; ENTREAIDE MULTISECTORIELLE POUR LA SURVIE ET LE DEVELOPPEMENT EN RDC; SECRETARIAT GENERAL A LA SANTE KINSHASA; DIVISION PROVINCIALE SANTE EQUATEUR; DIVISION PROVINCIALE SANTE BAS UELE; DPS DU HAUT KATANGA INSPECTION MEDICALE PROV KATANGA; DIVISION PROVINCIALE DE LA SANTE DU NORD KIVU; INSPECTION PROVINCIALE DE SANTE DU TANGANYIKA; GROUPE DE RECHERCHE D APPUI AUX INTERVENTION INTEGREES DE LA NUTRITION; AGENCE D ACHAT DES PERFORMANCES; DIVISION PROVINCIALE DE LA SANTE DPS KINSHASA; PROSANA MINAGRI; COOPERATIONE INTERNATIONALE; SOCIAL DEVELOPMENT CENTER; DIVISION PROVINCIALE SANTE TANGANYIKA; DIVISION PROVINCIALE DE LA SANTE DU SUD UBANGI; DIVISION PROVINCIALE DE LA SANTE KASAI ORIENTAL; PROGRAMME NATIONAL DE NUTRITION DU KASAI CENTRAL; UNICEF; INTERSOS; DPS ITURI DIVISION PROVINCIALE DE SANTE ITURI; WORLD VISION; APPUI AUX FEMMES DEMUNIES ET ENFANTS MARGINALISES; DPS KWILU DIVISION PROVINCIALE DE LA SANTE; AIDES ACTIONS ET INTERVENTIONS POUR LE DEVELOPPEMENT ET ENCADREMENT SOCIAL; ASSISTANCE AUX ENFANTS ABANDONNES ET ORPHELINS  CENTRES NUTRITIONNELS; ECOLE DE SANTE PUBLIQUE DE KINSHASA; CONGO NOUVEAU ET PROSPERE CONOPRO; PRONANUT PROG NAT NUTRITION KINSHASA; INTERNATIONAL EMERGENCY AND DEVELOPMENT AID RELIEF; MAGNA ENFANTS EN PERIL; SANTE PLUS ASBL; DPS LUALABA DIVISION PROVINCIALE DE LA SANTE; CENTRE D APPUI A LA PROMOTION NUTRITIONNELLE; DIVISION PROVINCIALE DE LA SANTE DU KASAI; DIVISION PROVINCIAL SANTE TSHOPO; DPS MANIEMA DIVISION PROVINCIALE DE LA SANTE; CARITAS KANANGA; DIVISION PROVINCIALE SANTE TSHUAPA; DIV PLAN KASAI OCC; SERVICE DE COMMUNICATION ET MEDIAS DU TANGANYIKA; DIVISION PROVINCIALE DE LA SANTE SUD KIVU; CROIX ROUGE RDC SUD KIVU; PNAM PROGRAMME NATIONAL D APPROV MEDICAMENTS ESSENTIELS; DIVISION PROVINCIALE DU DEVELOPPEMENT RURAL TANGANYIKA; APPUI MEDICAL INTEGRE AUX ACTIVITES DE LABORATOIRE; DIVISION PROVINCIALE DE LA COMMUNICATION ET MEDIAS HAUT KATANGA; DIVISION PROVINCIALE DE LA SANTE DE HAUT UELE; INTERNATIONAL RESCUE COMMITTEE; ASSOCIATION POUR LE DEVELOPPEMENT SOCIAL ET LA SAUVEGARDE DE L ENVIRONNEMENT; DIVISION PROVINCIALE SANTE KASAI CENTRAL; MEDECINS D AFRIQUE RD CONGO; FOOD AND NUTRITION FOR LIFE OF VULNERABLES; OBSERVATOIRE DES DROITS HUMAINS GOMA; HOPITAL GENERAL DE REFERENCE DE PANZI; DPS HAUT LOMAMI DIVISION PROVINCIALE DE LA SANTE; DPS LOMAMI DIVISION PROVINCIALE DE SANTE LOMAMI,,none,54.0,Funding window,0-6 months,Q1 2027,next planned disbursement,70,funding window within 90 days; future planned disbursement; future budget period; active implementation; named implementing buyer,66.0,Qualified Lead,93944000.0,176145000.0,Track disbursement timing and confirm whether a supply contract is expected.
XM-DAC-41122-Democratic Republic of Congo-0990/A0/08/881/001,This activity will contribute to achieving results for the HEALTH SYSTEMS STRENGTHENING output,CD,Democratic Republic of the Congo,Saudi Arabia; Switzerland; USA USAID; KfW - Germany; Japan; WHO - World Health Organization; Global - Health; Global - Programmes; Korea International Cooperation Age; UNAIDS - Joint UN Programme; UNICEF-United Arab Emirates; European Commission / ECHO; SIDA - Sweden; Canadian UNICEF Committee; Republic of Korea; German Federal Foreign Office; Central Emergency Response Fund; World Bank - Washington D.C.; Danish Committee for UNICEF; UNICEF Regular Resources; German Committee for UNICEF; USA CDC; Canada; European Investment Bank; USA (State) GHSD; European Commission/EC; GAVI The Vaccine Alliance; The United Kingdom; Global - Thematic Humanitarian Resp; United States Fund for UNICEF; Democratic Republic of the Congo; UNFPA - UN Population Fund,PROGRAMME NATIONAL DE SANTE DES ADOLESCENTS PNSA KINSHASA; PROGRAMME NATIONAL D'ELIMINATION DU CHOLERA ET DE LUTTE CONTRE LES AUTRES; AIDES ACTIONS ET INTERVENTIONS POUR LE DEVELOPPEMENT ET ENCADREMENT SOCIAL; SAVE COMMUNITIES IN CONFLICTS; CROIX ROUGE RDC SUD KIVU; MINISTERE DE LA SANTE PROGRAMME ELARGIE DE VACCINATION; DIVISION URBAINE PROVINCIALE DU PLAN KINSHASA; CARITAS DEVELOPPEMENT MAHAGI NIOKA; MINISTERE DE LA SANTE PUBLIQUE; PROG NATIONAL MULTI SECTORIEL DE LUTTE CONTRE LE SIDA; DIRECTION INTERVENTIONS SOCIALES POUR LA PROTECTION DE L ENFANT; DPS SANKURU DIVISION PROVINCIALE DE LA SANTE SANKURU; DIVISION PROVINCIALE SANTE TANGANYIKA; SECRETARIAT GENERAL A LA SANTE KINSHASA; IP not published; DIVISION PROVINCIALE SANTE EQUATEUR; ACTION OF THE FUTURE; CLINIQUES UNIVERSITAIRES DE KINSHASA; DIVISION PROVINCIALE DE LA SANTE SUD KIVU; DIVISION PROVINCIALE SANTE TSHUAPA; DIVISION PROVINCIAL SANTE TSHOPO; AGENCE D ACHAT DES PERFORMANCES; ASSOCIATION POUR LE DEVELOPPEMENT SOCIAL ET LA SAUVEGARDE DE L ENVIRONNEMENT; DIVISION PROVINCIALE SANTE BAS UELE; DPS ITURI DIVISION PROVINCIALE DE SANTE ITURI; DIVISION PROV DE LA SANTE KWANGO; INSTITUT NATIONAL DE SANTE PUBLIQUE; MEDECINS D AFRIQUE RD CONGO; DIVISION PROVINCIALE DE LA SANTE DU NORD UBANGI; DIVISION PROVINCIALE SANTE KASAI CENTRAL; DPS MANIEMA DIVISION PROVINCIALE DE LA SANTE; DEP SANTE DIRECTION D ETUDES AND PLANNIFICATION; COOPERATIONE INTERNATIONALE; DIVISION PROVINCIALE DE LA SANTE DPS KINSHASA; RESEAU DES MEDIAS POUR LE DEVELOPPEMENT REMED; HOPITAL PEDIATRIQUE DE KALEMBE LEMBE; INSPECTION PROVINCIALE DE SANTE DU TANGANYIKA; DPS DU HAUT KATANGA INSPECTION MEDICALE PROV KATANGA; OBSERVATOIRE DES DROITS HUMAINS GOMA; MINISTERE DE LA SANTE PNLS; HOPE IN ACTION; UNICEF; CARITAS DEVELOPPEMENT DU DIOCESE DE BUNIA,,none,53.7,Funding window,0-6 months,Q1 2027,next planned disbursement,70,funding window within 90 days; future planned disbursement; future budget period; active implementation; named implementing buyer,65.9,Qualified Lead,46884224.0,87907920.0,Track disbursement timing and confirm whether a supply contract is expected.
XM-DAC-41122-Democratic Republic of Congo-0990/A0/08/884/002,This activity will contribute to achieving results for the EDUCATION AND ADOLESCENTS DEMAND output,CD,Democratic Republic of the Congo,Global - Education; Global - Social Policy & Social; Central Emergency Response Fund; European Commission / ECHO; Republic of Korea; Norway; UNICEF-United Arab Emirates; Agence Francaise de Developpement A; UNICEF Regular Resources; Education Cannot Wait Fund; Korea International Cooperation Age,DIVISION PROVINCIALE SANTE TANGANYIKA; DIRECTION PROVINCIALE EPST KASAI 1; EPSP KAT 1 L SHI DIVISION PROVINCIALE EPSP LUSHI; PROVINCE EDUC EPST KINSHASA PLATEAU; UNICEF; PROVINCE EDUCATIONNELLE ITURI3; STREET CHILD; IP not published; GROUPE D APPUI CONSEILS AUX REALISATIONS POUR LE DEVELOPPEMENT ENDOGENE; DIVISION PROVINCIALE DE L EPSP TANGANYIKA; JESUIT REFUGEE SERVICE; HELP A CHILD; DIVISION DES AFFAIRES SOCIALES DE LITURI; SAVE THE CHILDREN UK DRC; DIVISION PROVINCILAE EPSP KASAI CENTRAL EX DIVISION PROV EPSP KASAI OCC; INSPECTION PRINCIPALE PROVINCIALE TANGANYIKA; SERVICE GENRE FAMILLE ET ENFANT KALEMIE,,none,53.6,Funding window,0-6 months,Q1 2027,next planned disbursement,70,funding window within 90 days; future planned disbursement; future budget period; active implementation; named implementing buyer,65.8,Qualified Lead,37620320.0,70538100.0,Track disbursement timing and confirm whether a supply contract is expected.
XM-DAC-41122-Ethiopia-1410/A0/08/001/005,This activity will contribute to achieving results for the TECHNICAL ASSISTANCE output,ET,Ethiopia,Ireland; Global - HIV and AIDS; UN Joint Programme; UNICEF Regular Resources; GAVI The Vaccine Alliance; The United Kingdom; Ethiopia; SIDA - Sweden; European Commission/EC; Canadian UNICEF Committee; Republic of Korea; Global - Nutrition; UNOCHA; USA CDC; UNFPA - UN Population Fund; Consolidated Funds from NatComs; USA (State) GHSD; KfW - Germany; USA (State) BPRM; World Bank - Washington D.C.; Global - Thematic Humanitarian Resp; United Kingdom Committee for UNICEF,SWER BUEARU OF AGRICULTURE; REACH THE NEEDY ETHIOPIA RTN ETHIOPIA; GPNRS LIVESTOCK AND FISHE RES DEV BUREAU; UNICEF; AMHARA BUREAU OF WATER IRRIGATION AND ENERGY DEVELOPMENT,,none,53.5,Funding window,0-6 months,Q1 2027,next planned disbursement,70,funding window within 90 days; future planned disbursement; future budget period; active implementation; named implementing buyer,65.6,Qualified Lead,34182632.0,64855763.5,Track disbursement timing and confirm whether a supply contract is expected.
XM-DAC-41122-Democratic Republic of Congo-0990/A0/08/882/003,This activity will contribute to achieving results for the OPTIMAL NUTRITION PRACTICES output,CD,Democratic Republic of the Congo,German Federal Foreign Office; Germany; German Committee for UNICEF; Consolidated Funds from NatComs; Korea International Cooperation Age; Bureau for Humanitarian Assistance; Ireland; USA USAID; UNOCHA; UN Joint Programme; Canada; Central Emergency Response Fund; UNICEF Regular Resources; Global - Thematic Humanitarian Resp,AGENCE D ACHAT DES PERFORMANCES; VILLAGE D ESPOIR; GROUPE DE RECHERCHE D APPUI AUX INTERVENTION INTEGREES DE LA NUTRITION; PROGRAMME NATIONAL DE NUTRITION DU KASAI CENTRAL; DIVISION PROVINCIALE SANTE KASAI CENTRAL; UNICEF; MEDECINS D AFRIQUE RD CONGO; PRONANUT PROG NAT NUTRITION KINSHASA; DPS KWILU DIVISION PROVINCIALE DE LA SANTE,,none,53.5,Funding window,0-6 months,Q1 2027,next planned disbursement,70,funding window within 90 days; future planned disbursement; future budget period; active implementation; named implementing buyer,65.5,Qualified Lead,29641600.0,55578000.0,Track disbursement timing and confirm whether a supply contract is expected.
XM-DAC-41122-Democratic Republic of Congo-0990/A0/08/882/001,This activity will contribute to achieving results for the NUTRITION INSTITUTIONAL CAPACITY output,CD,Democratic Republic of the Congo,Democratic Republic of the Congo; UNICEF Regular Resources; UNOCHA; Canada; Bureau for Humanitarian Assistance; UN Joint Programme; KfW - Germany; European Commission / ECHO; USA (State) GHSD; Ireland; Canadian UNICEF Committee; United States Fund for UNICEF; Global - Nutrition; Norway; France; Consolidated Funds from NatComs,INSPECTION PROVINCIALE DE SANTE DU TANGANYIKA; DPS MANIEMA DIVISION PROVINCIALE DE LA SANTE; MEDECINS D AFRIQUE RD CONGO; DPS LOMAMI DIVISION PROVINCIALE DE SANTE LOMAMI; DPS LUALABA DIVISION PROVINCIALE DE LA SANTE; DPS DU HAUT KATANGA INSPECTION MEDICALE PROV KATANGA; DPS HAUT LOMAMI DIVISION PROVINCIALE DE LA SANTE; PRONANUT PROG NAT NUTRITION KINSHASA; PROGRAMME NATIONAL DE NUTRITION DU KASAI CENTRAL; DIVISION PROVINCIALE DE LA SANTE DU SUD UBANGI; DIVISION PROV PLAN KATANGA; DIVISION PROVINCIALE DE LA SANTE DE HAUT UELE; AGENCE D ACHAT DES PERFORMANCES; DIVISION PROVINCIALE DE LA SANTE DU KASAI; DIVISION PROVINCIALE DU GENRE ET DE LA FAMILLE EQUATEUR; INTERNATIONAL EMERGENCY AND DEVELOPMENT AID RELIEF; COOPERATIONE INTERNATIONALE; INS KATANGA STATISTIQUE LUBUMBASHI; ASSOCIATION POUR LE DEVELOPPEMENT SOCIAL ET LA SAUVEGARDE DE L ENVIRONNEMENT; DIVISION PROVINCIALE DE LA SANTE KASAI ORIENTAL; DIV PLAN KASAI OCC; GROUPE DE RECHERCHE D APPUI AUX INTERVENTION INTEGREES DE LA NUTRITION; DIVISION PROVINCIALE SANTE DE LA MONGALA; DIVISION PROVINCIAL SANTE TSHOPO; ECOLE DE SANTE PUBLIQUE DE KINSHASA; DIVISION PROVINCIALE DE LA SANTE DPS KINSHASA; WORLD VISION; DPS SANKURU DIVISION PROVINCIALE DE LA SANTE SANKURU; DIVISION PROVINCIALE SANTE TANGANYIKA; DIVISION PROVINCIALE DE LA SANTE DU NORD UBANGI; DIVISION PROVINCIALE SANTE TSHUAPA; DPS KWILU DIVISION PROVINCIALE DE LA SANTE; UNICEF,,none,53.5,Funding window,0-6 months,Q1 2027,next planned disbursement,70,funding window within 90 days; future planned disbursement; future budget period; active implementation; named implementing buyer,65.5,Qualified Lead,28302400.0,53067000.0,Track disbursement timing and confirm whether a supply contract is expected.
XM-DAC-41122-Ethiopia-1410/A0/08/004/003,This activity will contribute to achieving results for the CHILD PROTECTION SERVICES output,ET,Ethiopia,USA (State) GHSD; Denmark; UNICEF Regular Resources; Netherlands; UNOCHA; GAVI The Vaccine Alliance; Deutsche Gesellschaft für; The United Kingdom; Belgium; Danish Committee for UNICEF; Education Cannot Wait Fund; SIDA - Sweden; KfW - Germany; UNFPA - UN Population Fund; Canadian UNICEF Committee; Consolidated Funds from NatComs; European Commission / ECHO; European Commission/EC; Finland; Global - Thematic Humanitarian Resp; Ethiopia; German Federal Foreign Office; UN Joint Programme; United Kingdom Committee for UNICEF; Norway,IP not published; ADDIS ABABA CIVIL REGISTRATION AND RESIDENCY SERVICE AGENCY; IP not published; AFAR REGIONAL VITAL EVENTS REGISTRATION SERVICE; OROMIA REGION BUREAU OF WOMEN AND CHILDREN AFFAIRS; IP not published; OROMIA REGION VITAL EVENTS REGISTRATION; IRC INTERNATIONAL RESCUE COMMITTEE ETHIOPIA; INNOVATIVE HUMANITARIAN SOLUTIONS ETHIOPIA; ACTION FOR INTEGRATED SUSTAINABLE DEVELOPMENT ASSOCIATION; SNRS AGENCY OF VITAL EVENTS REGISTRATION; HOPE FOR JUSTICE; IMAGINE 1 DAY INTERNATIONAL ORGANIZATION; AMHARA GENERAL ATTORNEY; SIIQQEE WOMENS DEVELOPMENT ASSOCIATION; GPNRS BUREAU OF WOMEN CHILDREN AND YOUTH AFFAIRS; SERS BUREAU OF JUSTICE; MINISTRY OF LABOUR SOCIAL AFFAIRS; ADDIS ABABA CITY ADMINISTRATION FINANCE ECONOMIC DEVELOPMENT BUREAU; MSD; MINISTRY OF JUSTICE; B GUMUZ BOWCYA; TIGRAY BUREAU OF JUSTICE; AMHARA DEVELOPMENT ASSOCIATION; GPNRS ATTORNEY GENERAL; B GUMUZ REGIONAL ATTORNEY GENERAL RAG; WOMEN S ASSOCIATION OF TIGRAY; B GUMUZ VITAL EVENT REGISTRATION AGENCY VERA; UNICEF; CENTRAL ETHIOPIA REGIONAL STATE VERA; OROMIA REGION SUPREME COURT; SOUTH WEST ETHIOPIAN REGION BUREAU OF WOMEN CHILDREN AND YOUTH AFFAIR; SERS VERA; NATIONAL REHABILITATION COMMISSION; AFAR COMMUNITY INITIATIVE SUSTAINABLE DEVELOPMENT; MINISTRY OF WOMEN CHILDREN AND YOUTH AFFAIRS; ETHIOPIAN CATHOLIC CHURCH SOCIAL AND DEVELOPMENT COMMISSION; IP not published; AMHARA WOMENS ASSOCIATION; ASDEPO ACTION FOR SOCIAL DEVELOPMENT AND; AFAR REGIONAL BUREAU OF JUSTICE; SOMALI REGIONAL STATE BUREAU OF WOMEN AND CHILD AFFAIRS; AMHARA VITAL EVENTS REGISTRATION AGENCY; SERS SUPREME COURT; MUMS FOR MUMS; WOMEN EMPOWERMENT ACTION; AMHARA BOWCYA; SOMALI REGIONAL STATE ATTORNEY GENERAL; FEDERAL SUPREME COURT; TIGRAY BUREAU OF SOCIAL AND REHABILITATION AFFAIRS; SOUTH WEST ETHIOPIAN REGION AGENCY VITAL EVENTS REGISTRATION; SOUTH WEST ETHIOPIAN REGION BUREAU OF JUSTICE; SNRS BUREAU OF WOMEN CHILDREN AND YOUTH AFFAIR; PLAN INTERNATIONAL ETHIOPIA PIE; OROMIA REGION BUREAU OF LABOR AND SOCIAL AFFAIRS; OROMIA ATTORNEY GENERAL BUREAU; AFAR REGIONAL BUREAU OF WOMEN AND CHILD AFFAIRS; SERS BOWCA; SOMALI REGIONAL STATE BUREAU OF LABOUR AND SOCIAL AFFAIRS; GURMUU DEVELOPMENT ASSOC; REFUGEES AND RETURNEES SERVICE; CENTRAL ETHIOPIA REGIONAL STATE BUREAU OF JUSTICE; TIGRAY AGENCY STATISTICS AND VITAL EVENTS REGISTRATION; CENTRAL ETHIOPIA REGIONAL STATE BOWCA; GPNRS VITAL EVENT REGISTRATION AGENCY; LIGHT FOR THE WORLD INTERNATIONAL; SNRS ATTORNEY GENERAL,,none,53.4,Funding window,0-6 months,Q1 2027,next planned disbursement,70,funding window within 90 days; future planned disbursement; future budget period; active implementation; named implementing buyer,65.3,Qualified Lead,25137604.0,47391883.5,Track disbursement timing and confirm whether a supply contract is expected.
XM-DAC-41122-Somalia-3920/A0/09/001/004,This activity will contribute to achieving results for the HEALTH TECHNICAL ASSISTANCE output,SO,Somalia,USA (State) GHSD; Republic of Korea; Saudi Arabia; GAVI The Vaccine Alliance; United States Fund for UNICEF; USA CDC; The Global Fund to Fight AIDS; KfW - Germany; Somalia; Global - Thematic Humanitarian Resp; Canada; UNICEF Regular Resources; The United Kingdom,SOMALI FEDERAL PARLIAMENT HOUSE OF THE PEOPLE; UNICEF; STEADFAST VOLUNTARY ORGANIZATION; IP not published; MINISTRY OF HEALTH AND HUMAN SERVICES FEDERAL GOVERNMENT OF; SOMALIA DISASTER MANAGEMENT AGENCY FDS,,none,53.4,Funding window,0-6 months,Q1 2027,next planned disbursement,70,funding window within 90 days; future planned disbursement; future budget period; active implementation; named implementing buyer,65.3,Qualified Lead,25749118.0,48938072.0,Track disbursement timing and confirm whether a supply contract is expected.
XM-DAC-41122-Ethiopia-1410/A0/08/001/002,This activity will contribute to achieving results for the ENHANCING PHC CAPABILITIES TO DELIVER HIGH-QUALITY AND EQUITABLE MNCAH SERVICES output,ET,Ethiopia,The United Kingdom; UNICEF Regular Resources; UNFPA - UN Population Fund; United States Fund for UNICEF; UN Joint Programme; Consolidated Funds from NatComs; GAVI The Vaccine Alliance; UNAIDS - Joint UN Programme; Global - HIV and AIDS; Global - Thematic Humanitarian Resp; Republic of Korea; Ethiopia; UNOCHA; The Global Fund to Fight AIDS; European Commission/EC; Ireland; SIDA - Sweden; KfW - Germany; European Investment Bank; Norway; USA (State) BPRM,RELIEF SOCIETY OF TIGRAY; DIRE DAWA ADMINISTRATION BUREAU OF HEALTH; UNICEF; CENTRAL ETHIOPIA REGIONAL STATE BUREAU OF HEALTH; SERS BUREAU OF HEALTH; SOUTH WEST ETHIOPIAN REGION HEALTH BUREAU; B GUMUZ REGIONAL HEALTH BUREAU RHB; SNRS HEALTH BUREAU; OROMIA REGION BUREAU OF HEALTH; MOTHERS AND CHILDREN MULTISECTORAL DEVELOPMENT ORGANIZATION; SOMALI REGIONAL STATE HEALTH BUREAU; AFAR REGIONAL HEALTH BUREAU; GPNRS HEALTH BUREAU; AAC ADM FIN AND ECO UN HEALTH AND NUT; TIGRAY BUREAU OF HEALTH; AMHARA BUREAU OF HEALTH,,none,53.4,Funding window,0-6 months,Q1 2027,next planned disbursement,70,funding window within 90 days; future planned disbursement; future budget period; active implementation; named implementing buyer,65.2,Qualified Lead,23904023.0,45072627.5,Track disbursement timing and confirm whether a supply contract is expected.
XM-DAC-41122-Ethiopia-1410/A0/08/002/005,This activity will contribute to achieving results for the TECHNICAL ASSISTANCE TO NUTRITION output,ET,Ethiopia,The United Kingdom; KfW - Germany; German Committee for UNICEF; USA USAID; SIDA - Sweden; Global - Thematic Humanitarian Resp; Global - Nutrition; Canadian UNICEF Committee; USA (State) BPRM; UNICEF Regular Resources; Nutrition International; Committee for UNICEF Switzerland; Canada; United Kingdom Committee for UNICEF; Bureau for Humanitarian Assistance; UNOCHA; GAVI The Vaccine Alliance; United States Fund for UNICEF; Danish Committee for UNICEF; British Government (DFID); European Commission / ECHO; Central Emergency Response Fund,UNICEF; AMHARA BUREAU OF WATER IRRIGATION AND ENERGY DEVELOPMENT; GPNRS LIVESTOCK AND FISHE RES DEV BUREAU; SWER BUEARU OF AGRICULTURE; REACH THE NEEDY ETHIOPIA RTN ETHIOPIA,,none,53.4,Funding window,0-6 months,Q1 2027,next planned disbursement,70,funding window within 90 days; future planned disbursement; future budget period; active implementation; named implementing buyer,65.2,Qualified Lead,23888336.0,45423065.5,Track disbursement timing and confirm whether a supply contract is expected.
XM-DAC-41122-South Sudan-4040/A0/04/004/002,This activity will contribute to achieving results for the 4.2 IMPROVE ACCESS TO BASIC QUALITY FORMAL AND NON-FORMAL EDUCATION output,SS,South Sudan,Global - Child Protection; German Federal Foreign Office; UNOCHA; Global - Thematic Humanitarian Resp; KfW - Germany; Republic of South Sudan; Canada; European Commission / ECHO; Japan; UNICEF-Saudi Arabia; United Kingdom Committee for UNICEF; USA (State) BPRM; UNICEF Regular Resources; Global - Education; Republic of Korea; Germany; European Commission/EC; German Committee for UNICEF; French Committee for UNICEF; IOM - International Organization; Norway; Canadian UNICEF Committee; Global Partnership for Education; Committee for UNICEF Switzerland,COMMUNITY AID FOR RELIEF AND DEVELOPMENT; PEACE CORPS ORGANIZATION PCO; CHRISTIAN AGENDA FOR DEVELOPMENT; COMMUNITY EMPOWERMENT NETWORK ORG; STOP POVERTY COMMUNAL INITIATIVE; CHARITY AND EMPOWERMENT FOUNDATION; IP not published; CHRISTIAN ACTION FOR RELIEF AND DEVELOPMENT; COMMUNITY NEEDS INITIATIVES; STATE MINISTRY OF GENERAL EDUCATION AND INSTRUCTION; NILE HOPE DEVELOPMENT FORUM; FOR AFRIKA TO THRIVE; SAFER COMMUNITY ORGANIZATION SOUTH SUDAN; UNIVERSAL NETWORK FOR KNOWLEDGE AND EMPOWERMENT AGENCY; CHRISTIAN MISSIONARIES INITIATIVE; STATE MINISTRY OF GENERAL EDUCATION NBEG; EDUCATION FOUNDATION ORGANIZATION; RURAL DEVELOPMENT ACTION AID; THE ORGANIZATION FOR CHILDREN HARMONY; CONFIDENT WOMEN NETWORK; ADMINISTRATION OF EDUCATION ABYEI; ADVENTIST DEVELOPMENT AND RELIEF AGENCY; NORWEGIAN REFUGEE COUNCIL; SCIENCE TEACHERS INITIATIVE; IP not published; COMMUNITY HEALTH AND DEVELOPMENT ORGANIZATION; BRAC; LIFE SKILLS DEVELOPMENT AGENCY; CENTRE FOR EMERGENCY AND DEVELOPMENT SUPPORT; WINDLE TRUST INTERNATIONAL; HUMANITY WORLDWIDE SOUTH SUDAN; JUSTICE FOUNDATION ORGANISATION; ACTION FOR CONFLICT RESOLUTION; INTERSOS; ROYAL AID FOR DEVELOPMENT; HELP A CHILD SOUTH SUDAN; MOBILE HUMANITARIAN AGENCY; COMMUNITY IN NEED AID CINA; STATE MINISTRY OF EDUCATION JONGLEI; MINISTRY OF HEALTH REPUBLIC OF SOUTH SUDAN; OXFAM INTERNATIONAL SOUTH SUDAN; ABYEI COMMUNITY ACTION FOR DEVELOPMENT; UNICEF; ACROSS AFRICA DEVELOPMENT ORGANIZATION; NURTURE SOUTH SUDAN; FOOD AGRICULTURE AND DISASTER MANAGEMENT; CHRISTIAN RECOVERY AND DEVELOPMENT AGENCY; WOMEN INITIATIVE FOR DEVELOPMENT ORGANIZATION; ALLIANCE FOR COMMUNITY DEVELOPMENT; WATER AND ENVIRONMENTAL SANITATION ABYEI OFFICE; COMMUNITY DEVELOPMENT AID CODAID; MINISTRY OF FINANCE AND PLANNING; HELPEDUCATION SOUTH SUDAN; NATIONAL EDUCATION COALITION; CHRISTIAN MISSION FOR DEVELOPMENT; CARE PLUS FOUNDATION; COMMUNITY SKILLS DEVELOPMENT; INTEGRATED HUMANITARIAN AID; RESCUE LIFE OF CHILDREN; AMREF HEALTH AFRICA; AFRICAN HUMANITARIAN CORPS; UNIVERSAL INTERVENTION AND DEVELOPMENT ORGANIZATION; SAVE A LIFE INTERNATIONAL; AFRICA DEVELOPMENT AID; SERVANTS HEART SOUTH SUDAN; IMPACT RELIEF AND DEVELOPMENT; MISSION TRUST AID; HUMANITARIAN AID FOR CHANGE AND TRANSFORMATION; GRASSROOTS EMPOWERMENT AND DEVELOPMENT ORGANIZATION; HOLD THE CHILD ORGANIZATION; TOUCH AFRICA DEVELOPMENT ORGANIZATION; WAR CHILD HOLLAND; AVSI SOUTH SUDAN; MINISTRY OF GENERAL EDUCATION AND INSTRUCTIONS; SUSTAINABLE HEALTH AND EDUCATION RELIEF ORGANIZATION; CARITAS SOUTH SUDAN; GREAT COMMISSION OPERATION MERCY,,none,53.3,Funding window,0-6 months,Q4 2026,next planned disbursement,70,funding window within 90 days; future planned disbursement; future budget period; active implementation; named implementing buyer,65.5,Qualified Lead,19997069.0,29995603.5,Track disbursement timing and confirm whether a supply contract is expected.
XM-DAC-41122-Somalia-3920/A0/09/002/001,"This activity will contribute to achieving results for the 2.1: IMPROVED NUTRITION OF CHILDREN, ADOLESCENTS, AND WOMEN output",SO,Somalia,Nutrition International; United States Fund for UNICEF; Global - Thematic Humanitarian Resp; European Commission / ECHO; Global - Gender Equality; German Committee for UNICEF; Consolidated Funds from NatComs; UNICEF Regular Resources; KfW - Germany,MINISTRY OF HEALTH AND HUMAN SERVICES FEDERAL GOVERNMENT OF; MINISTRY OF HEALTH PUNTLAND; ALIGHT; CARE INTERNATIONAL SOMALIA; MINISTRY OF HEALTH DEVELOPMENT SOMALILAND; MINISTRY OF HEALTH JUBALAND STATE OF SOMALIA; WARDI RELIEF AND DEVELOPMENT INITIATIVES WARDI; HIMILO RELIEF AND DEVELOPMENT ASSOCIATION; UNICEF; ACTION AGAINST HUNGER USA; GALMUDUG SUN SECRETARIAT; DEEG ROOR MEDICAL ORGANIZATION; MINISTRY OF HEALTH GALMUDUG STATE; BANADIR PRIMARY HEALTH CARE CONSORTIUM,,none,53.3,Funding window,0-6 months,Q1 2027,next planned disbursement,70,funding window within 90 days; future planned disbursement; future budget period; active implementation; named implementing buyer,65.0,Qualified Lead,21180705.0,39755089.5,Track disbursement timing and confirm whether a supply contract is expected.
XM-DAC-41122-Ethiopia-1410/A0/08/002/001,This activity will contribute to achieving results for the EARLY CHILDHOOD NUTRITION output,ET,Ethiopia,Global - Thematic Humanitarian Resp; Global - Nutrition; United Kingdom Committee for UNICEF; SIDA - Sweden; United States Fund for UNICEF; German Committee for UNICEF; The United Kingdom; European Commission / ECHO; Norwegian Committee for UNICEF; European Commission/EC; KfW - Germany; UNICEF Regular Resources; Danish Committee for UNICEF; British Government (DFID); Nutrition International; GAVI The Vaccine Alliance,CENTRAL ETHIOPIA REGIONAL STATE BUREAU OF HEALTH; TIGRAY YOUTH EMPOWERMENT SOLUTIONS; TIGRAY BUREAU OF HEALTH; RELIEF AND DEVELOPMENT FOR VULNERABLE; SOUTH ETHIOPIA REGION BUREAU OF AGRICULTURE; AFAR REGIONAL HEALTH BUREAU; SOUTH WEST ETHIOPIAN REGION HEALTH BUREAU; AFAR REGIONAL AGRICULTURE BUREAU; OROMIA REGION BUREAU OF HEALTH; OROMIA BUREAU OF AGRICULTURE; SERS BUREAU OF HEALTH; TIGRAY DEVELOPMENT ASSOCIATION TDA; BENISHANGUL GUMUZ REGIONAL STATE AGRICULTURE BUREAU; SIDAMA REGIONAL STATE BUREAU OF AGRICULTURE; SOMALI REGIONAL STATE HEALTH BUREAU; TIGRAY BOFRC AGRI NUTRITION; SNRS HEALTH BUREAU; GLOBAL ALLIANCE FOR IMPROVED NUTRITION; RESEARCH CENTER FOR INCLUSIVE DEVELOPMENT IN AFRICA; GPNRS HEALTH BUREAU; AMHARA BOFED AGRICULTURE; B GUMUZ REGIONAL HEALTH BUREAU RHB; BAHIR DAR UNIVERSITY; CENTRAL ETHIOPIA REGION BUREAU OF AGRICULTURE; AMHARA BUREAU OF HEALTH; SWER BUEARU OF AGRICULTURE; MOH UN AGENCIES GRANT; SOMALI BUREAU OF AGRICULTURE; UNICEF; IP not published,,none,53.3,Funding window,0-6 months,Q1 2027,next planned disbursement,70,funding window within 90 days; future planned disbursement; future budget period; active implementation; named implementing buyer,65.0,Qualified Lead,18539378.0,34919127.5,Track disbursement timing and confirm whether a supply contract is expected.
XM-DAC-41122-Ethiopia-1410/A0/08/002/002,This activity will contribute to achieving results for the NUTRITION IN SCHOOL-AGE CHILDREN AND ADOLESCENTS output,ET,Ethiopia,United States Fund for UNICEF; Danish Committee for UNICEF; United Kingdom Committee for UNICEF; Global Partnership for Education; Committee for UNICEF Switzerland; UNICEF Regular Resources; Canadian UNICEF Committee; The United Kingdom; KfW - Germany; German Committee for UNICEF; Global - Nutrition; GAVI The Vaccine Alliance; British Government (DFID),AAC ADM FIN AND ECO UN HEALTH AND NUT; IP not published; GPNRS HEALTH BUREAU; SOUTH WEST ETHIOPIAN REGION HEALTH BUREAU; RESEARCH CENTER FOR INCLUSIVE DEVELOPMENT IN AFRICA; GPNRS AGRICULTURE AND NATURAL RESOURCES DEVELOPMENT BUREAU; UNICEF; BENISHANGUL GUMUZ REGIONAL STATE AGRICULTURE BUREAU; OROMIA REGION BUREAU OF EDUCATION; AMHARA BOFED AGRICULTURE; AFAR REGIONAL HEALTH BUREAU; AFAR REGIONAL AGRICULTURE BUREAU; OROMIA REGION BUREAU OF HEALTH; ORDA ETHIOPIA; SIDAMA REGIONAL STATE BUREAU OF AGRICULTURE; GPNRS LIVESTOCK AND FISHE RES DEV BUREAU; ACTION FOR INTEGRATED SUSTAINABLE DEVELOPMENT ASSOCIATION; OROMIA BUREAU OF AGRICULTURE; SOMALI REGIONAL STATE HEALTH BUREAU; TIGRAY DEVELOPMENT ASSOCIATION TDA; AMHARA BUREAU OF HEALTH; MOH UN AGENCIES GRANT; SOUTH ETHIOPIA REGION BUREAU OF AGRICULTURE; B GUMUZ REGIONAL HEALTH BUREAU RHB; TIGRAY BOFRC AGRI NUTRITION; SWER BUEARU OF AGRICULTURE; SOMALI BUREAU OF AGRICULTURE; MINISTRY OF CULTURE AND SPORT; DIRE DAWA ADMINISTRATION AGRICULTURE WATER MINE AND ENERGY; CENTRAL ETHIOPIA REGIONAL STATE BUREAU OF HEALTH; SERS BUREAU OF HEALTH; AMHARA DEVELOPMENT ASSOCIATION; MINISTRY OF AGRICULTURE; DIRE DAWA ADMINISTRATION BUREAU OF HEALTH; HARARI BOFED FOOD SECURITY; TIGRAY BUREAU OF HEALTH; ETHIOPIA SCHOOL MEAL INITIATIVE; IP not published; ETHIOPIAN PUBLIC HEALTH INSTITUTE; SNRS HEALTH BUREAU; ADDIS ABABA CITY ADMINISTRATION FINANCE ECONOMIC DEVELOPMENT BUREAU,,none,53.2,Funding window,0-6 months,Q1 2027,next planned disbursement,70,funding window within 90 days; future planned disbursement; future budget period; active implementation; named implementing buyer,64.9,Qualified Lead,17079469.0,32167765.0,Track disbursement timing and confirm whether a supply contract is expected.
XM-DAC-41122-Ethiopia-1410/A0/08/001/001,This activity will contribute to achieving results for the STRENGTHENED NATIONAL HEALTH-CARE SYSTEM FOR PHC output,ET,Ethiopia,KfW - Germany; USA (State) GHSD; SIDA - Sweden; UNICEF Regular Resources; The United Kingdom; Republic of Korea; European Commission/EC; Ethiopia; GAVI The Vaccine Alliance; Country - Survive & Thrive; Germany,TIGRAY BUREAU OF HEALTH; DIRE DAWA ADMINISTRATION BUREAU OF HEALTH; HARAR HEALTH BUREAU; MOH UN AGENCIES GRANT; SOUTH WEST ETHIOPIAN REGION HEALTH BUREAU; UNICEF; MOTHERS AND CHILDREN MULTISECTORAL DEVELOPMENT ORGANIZATION; RELIEF SOCIETY OF TIGRAY; SNRS HEALTH BUREAU; AAC ADM FIN AND ECO UN HEALTH AND NUT; GPNRS HEALTH BUREAU; CENTRAL ETHIOPIA REGIONAL STATE BUREAU OF HEALTH; OROMIA REGION BUREAU OF HEALTH; ETHIOPIAN HEALTH INSURANCE AGENCY; AMHARA BUREAU OF HEALTH; AFAR REGIONAL HEALTH BUREAU; SERS BUREAU OF HEALTH; B GUMUZ REGIONAL HEALTH BUREAU RHB; SOMALI REGIONAL STATE HEALTH BUREAU; OROMIA REGION WATER RESOURCE BUREAU,,none,53.2,Funding window,0-6 months,Q1 2027,next planned disbursement,70,funding window within 90 days; future planned disbursement; future budget period; active implementation; named implementing buyer,64.8,Qualified Lead,15941316.0,30057377.0,Track disbursement timing and confirm whether a supply contract is expected.
DAC-1601-INV-033509,Improving alignment and leverage through the SDG-PF Ethiopia,ET,Ethiopia,Gates Foundation,Ethiopia Federal Ministry of Health,,none,53.1,Funding window,0-6 months,Q4 2026,next planned disbursement,70,funding window within 90 days; future planned disbursement; future budget period; active implementation; named implementing buyer,64.5,Qualified Lead,13900000.0,13900000.0,Track disbursement timing and confirm whether a supply contract is expected.
XM-DAC-41122-Ethiopia-1410/A0/08/002/004,This activity will contribute to achieving results for the PREVENTION AND TREATMENT OF WASTING ANDHUMANITARIAN ACTION output,ET,Ethiopia,UNOCHA; Central Emergency Response Fund; USA (State) GHSD; KfW - Germany; UNICEF Regular Resources; Global - Nutrition; United States Fund for UNICEF; United Kingdom Committee for UNICEF; Bureau for Humanitarian Assistance; European Commission / ECHO; British Government (DFID); Republic of Korea; Canadian UNICEF Committee; USA (State) BPRM; SIDA - Sweden; Danish Committee for UNICEF; Canada; The United Kingdom; Global - Thematic Humanitarian Resp; German Committee for UNICEF; Committee for UNICEF Switzerland,AAC ADM FIN AND ECO UN HEALTH AND NUT; GPNRS DISASTER PREVENTION AND FOOD SECURITY AGENCY; SOUTH ETHIOPIA REGION BUREAU OF AGRICULTURE; SOMALI REGIONAL STATE DISASTER RISK RISK MANAGEMENT BUREAU; DIRE DAWA ADMINISTRATION BUREAU OF HEALTH; RELIEF AND DEVELOPMENT FOR VULNERABLE; SOUTH WEST ETHIOPIAN REGION DISASTER RISK MANAGEMENT COMMISSION; B GUMUZ DISASTER RISK AND MANAGEMENT OFFICE; TIGRAY BUREAU OF HEALTH; REACH THE NEEDY ETHIOPIA RTN ETHIOPIA; MOH UN AGENCIES GRANT; SWER BUEARU OF AGRICULTURE; AMHARA BUREAU OF HEALTH; CENTRAL ETHIOPIA REGIONAL STATE BUREAU OF HEALTH; OROMIA REGION DISASTER RISK MANAGEMENT COMMISSION; UNICEF; TIGRAY COMMISSION OF DISASTER AND RISK MANAGEMENT; GPNRS HEALTH BUREAU; B GUMUZ REGIONAL HEALTH BUREAU RHB; AFAR REGIONAL HEALTH BUREAU; SOUTH WEST ETHIOPIAN REGION HEALTH BUREAU; CENTRAL ETHIOPIA REGIONAL STATE DRMC; OROMIA REGION BUREAU OF HEALTH; AMHARA DISASTER PREVENTION FOOD SECURITY COMMISSION OFFICE; SERS BUREAU OF HEALTH; UNIVERSITA DELLA SVIZZERA ITALIANA; ACTION AGAINST HUNGER ETHIOPIA; SNRS DISASTER RISK MANAGEMENT COMMISSION; TIGRAY DEVELOPMENT ASSOCIATION TDA; HARAR HEALTH BUREAU; ETHIOPIAN PUBLIC HEALTH INSTITUTE; SOMALI REGIONAL STATE HEALTH BUREAU; SERS DRMC; AFAR REGIONAL DISASTER PREVENTION FOOD SECURITY AND PROGRAMME COORDINATION; TIGRAY YOUTH EMPOWERMENT SOLUTIONS; ETHIOPIAN PUBLIC HEALTH ASSOCIATION; ORDA ETHIOPIA; GPNRS LIVESTOCK AND FISHE RES DEV BUREAU; SNRS HEALTH BUREAU,,none,53.1,Funding window,0-6 months,Q1 2027,next planned disbursement,70,funding window within 90 days; future planned disbursement; future budget period; active implementation; named implementing buyer,64.4,Qualified Lead,11425814.0,21518902.5,Track disbursement timing and confirm whether a supply contract is expected.
XM-DAC-41122-South Sudan-4040/A0/04/002/003,This activity will contribute to achieving results for the 2.3  CARE FOR SAM output,SS,South Sudan,German Federal Foreign Office; The United Kingdom; Bureau for Humanitarian Assistance; UNOCHA; Global - Nutrition; France; Canadian UNICEF Committee; UNICEF Regular Resources; Canada; Central Emergency Response Fund; New Zealand Committee for UNICEF; KfW - Germany; German Committee for UNICEF; Germany; Global - Thematic Humanitarian Resp; French Committee for UNICEF; Hong Kong Committee for UNICEF; Republic of Korea; Republic of South Sudan; United States Fund for UNICEF; Nutrition International; European Commission / ECHO; Committee for UNICEF Switzerland; MPTFO - UN Multi Partner; World Bank - Washington D.C.; United Arab Emirates; Norwegian Committee for UNICEF,JOHN DAU FOUNDATION; INTERNATIONAL RESCUE COMMITTEE; UNICEF; AVSI SOUTH SUDAN; ACROSS; GRASSROOTS EMPOWERMENT AND DEVELOPMENT ORGANIZATION; ADVENTIST DEVELOPMENT AND RELIEF AGENCY; ACTION AGAINST HUNGER USA; CHRISTIAN MISSION AID; HEALTH LINK SOUTH SUDAN; ANDRE FOODS SOUTH SUDAN; ACTION FOR RECOVERY AND TRANSFORMATION ART; SAVE THE CHILDREN FUND; NILE HOPE DEVELOPMENT FORUM; MINISTRY OF HEALTH REPUBLIC OF SOUTH SUDAN; TEARFUND; MEDAIR; AMREF HEALTH AFRICA; ALIGHT SOUTH SUDAN PROGRAM; ACTION FOR DEVELOPMENT; STATE MINISTRY OF HEALTH AWEIL; GOAL SOUTH SUDAN; AFRO CANADIAN EVANGELICAL MISSION; UNIVERSAL INTERVENTION AND DEVELOPMENT ORGANIZATION; AGENCY FOR CHILD RELIEF AID; WORLD VISION INTERNATIONAL; CHRISTIAN MISSION FOR DEVELOPMENT; STATE MINISTRY OF HEALTH LAKES; CARE INTERNATIONAL IN SS; STATE MINISTRY OF HEALTH EES; WORLD RELIEF CORPORATION OF NATIONAL ASSOCIATION OF EVANGELICALS; UNIVERSAL NETWORK FOR KNOWLEDGE AND EMPOWERMENT AGENCY; HOLD THE CHILD ORGANIZATION; CATHOLIC MEDICAL MISSION BOARD INC; PLAN INTERNATIONAL INC SOUTH SUDAN; FOR AFRIKA TO THRIVE; HELP HILFE ZUR SELBSTHIFE HELP E V; INTERNATIONAL MEDICAL CORPS UK; IP not published; CONCERN WORLDWIDE SOUTH SUDAN; RELIEF INTERNATIONAL; MOTHER AND CHILDREN DEVELOPMENT AID; IMPACT HEALTH ORGANIZATION IHO; JOHANNITER UNFALL HILFE E V; DORCAS AID INTERNATIONAL,,none,52.9,Funding window,0-6 months,Q4 2026,next planned disbursement,70,funding window within 90 days; future planned disbursement; future budget period; active implementation; named implementing buyer,64.7,Qualified Lead,7558711.0,11338066.5,Track disbursement timing and confirm whether a supply contract is expected.
XM-DAC-41122-Ethiopia-1410/A0/08/001/004,This activity will contribute to achieving results for the COMMUNITY HEALTH AND SOCIAL & BEHAVIOR CHANGE FOR HEALTH output,ET,Ethiopia,GAVI The Vaccine Alliance; USA CDC; World Bank - Washington D.C.; Saudi Arabia; UNICEF-United Arab Emirates; Germany; UNICEF Regular Resources; The United Kingdom; European Commission/EC; USA (State) GHSD; United Kingdom Committee for UNICEF; KfW - Germany; United States Fund for UNICEF; European Investment Bank; Consolidated Funds from NatComs,GPNRS HEALTH BUREAU; AMHARA DEVELOPMENT ASSOCIATION; GIRL EFFECT; AMHARA BUREAU OF HEALTH; CENTRAL ETHIOPIA REGIONAL STATE BUREAU OF HEALTH; AFAR REGIONAL HEALTH BUREAU; UNICEF; HARAR HEALTH BUREAU; MOTHERS AND CHILDREN MULTISECTORAL DEVELOPMENT ORGANIZATION; SERS BUREAU OF HEALTH; B GUMUZ REGIONAL HEALTH BUREAU RHB; RELIEF SOCIETY OF TIGRAY; SOMALI REGIONAL STATE HEALTH BUREAU; SNRS HEALTH BUREAU; AAC ADM FIN AND ECO UN HEALTH AND NUT; TIGRAY BUREAU OF HEALTH; OROMIA REGION BUREAU OF HEALTH; SOUTH WEST ETHIOPIAN REGION HEALTH BUREAU; DIRE DAWA ADMINISTRATION BUREAU OF HEALTH,,none,52.9,Funding window,0-6 months,Q1 2027,next planned disbursement,70,funding window within 90 days; future planned disbursement; future budget period; active implementation; named implementing buyer,64.1,Qualified Lead,8124560.0,15321670.0,Track disbursement timing and confirm whether a supply contract is expected.
XM-DAC-41122-Somalia-3920/A0/09/002/002,This activity will contribute to achieving results for the 2.2: EARLY DETECTION AND TREATMENT OF WASTING AMONG YOUNG CHILDREN output,SO,Somalia,Bureau for Humanitarian Assistance; KfW - Germany; Global - Thematic Humanitarian Resp; United States Fund for UNICEF; Central Emergency Response Fund; European Commission / ECHO; Canada; Somalia; UNICEF Regular Resources; The United Kingdom; German Committee for UNICEF,HIMILO RELIEF AND DEVELOPMENT ASSOCIATION; ACTION AGAINST HUNGER USA; MINISTRY OF HEALTH DEVELOPMENT SOMALILAND; MINISTRY OF HEALTH PUNTLAND; INTERNATIONAL MEDICAL CORPS UK; AYUUB NGO; NEW WAYS ORGANIZATION; SUN SECRETARIAT SOMALILAND; AFRICAN CHILDREN S RIGHTS FOUNDATION ACRIF; CESVI FOUNDATION ETS CESVI; MINISTRY OF HEALTH SOUTH WEST STATE SOMALIA; HIRSHABELLE SUN SECRETARIAT; ACTIVE IN DEVELOPMENT AID; MERCY USA FOR AID AND DEVELOPMENT INC; MINISTRY OF HEALTH JUBALAND STATE OF SOMALIA; BRA SUN FOCAL POINT; MINISTRY OF HEALTH GALMUDUG STATE; DEEG ROOR MEDICAL ORGANIZATION; WOMEN ACTION FOR ADVOCACY AND PROGRESS ORGANIZATION; MINISTRY OF HEALTH AND SOCIAL CARE HIRSHABELLE STATE OF SOMALIA; MINISTRY OF HEALTH AND HUMAN SERVICES FEDERAL GOVERNMENT OF; COMITATO INTERNAZIONALE PER LO SVILUPPO DEI POPOLI SOMALIA; UNICEF; MUNICIPALITY OF MOGADISHU MOM BENAADIR REGIONAL ADMINISTRATION; HEALTH EDUCATION AGROPASTORALIST LIAISON HEAL; SWS SUN SECRETARIAT; WARDI RELIEF AND DEVELOPMENT INITIATIVES WARDI; BANADIR PRIMARY HEALTH CARE CONSORTIUM; CARE INTERNATIONAL SOMALIA; CONCERN WORLDWIDE; SOMALI RELIEF CENTER,,none,52.9,Funding window,0-6 months,Q1 2027,next planned disbursement,70,funding window within 90 days; future planned disbursement; future budget period; active implementation; named implementing buyer,64.1,Qualified Lead,8720000.0,16437800.0,Track disbursement timing and confirm whether a supply contract is expected.
XM-DAC-41122-Rwanda-3750/A0/07/881/001,This activity will contribute to achieving results for the HEALTH IN THE FIRST DECADE output,RW,Rwanda,UNAIDS - Joint UN Programme; Global - Nutrition; The United Kingdom; UNICEF Regular Resources; Global - Health; USA USAID; World Bank - Washington D.C.; Global - HIV and AIDS; GAVI The Vaccine Alliance; United States Fund for UNICEF; Japan; Country - Survive & Thrive; Consolidated Funds from NatComs; Republic of Korea; Canadian UNICEF Committee; UNOPS - UN Office for Project; Committee for UNICEF Switzerland,RINDA UBUZIMA; UNIVERSITY OF RWANDA UR SINGLE PROJECT IMPLEMENTATION UNIT; UPHLS UMBRELLA OF ORGANIZATIONS OF PERSONS; YOUNG WOMEN S CHRISTIAN ASSOCIATION OF RWANDA YWCA RWANDA; MINISTRY OF HEALTH MOH; UNICEF; RBC RWANDA BIOMEDICAL CENTER; RWANDA INTERFAITH COUNCIL ON HEALTH RICH; IP not published; ROYAL COLLEGE OF PAEDIATRICS AND CHILD HEALTH,,none,52.9,Funding window,0-6 months,Q1 2027,next planned disbursement,70,funding window within 90 days; future planned disbursement; future budget period; active implementation; named implementing buyer,64.0,Qualified Lead,7138903.0,12988354.5,Track disbursement timing and confirm whether a supply contract is expected.
XM-DAC-41122-Rwanda-3750/A0/07/881/002,This activity will contribute to achieving results for the  INTEGRATED HIGH-QUALITY NUTRITION SERVICES output,RW,Rwanda,Donor Pooled Fund (mixed donors); Japan; MPTFO - UN Multi Partner; United States Fund for UNICEF; Nutrition International; Global - Nutrition; UNICEF Regular Resources,HOPITAL DISTRICT MIBILIZI; UNIVERISTY OF RWANDA HOLDINGS GROUP LTD; UNICEF; RWANDA INTERFAITH COUNCIL ON HEALTH RICH; RUTSIRO DISTRICT; NATIONAL CHILD DEVELOPMENT AGENCY TUBARERE MUMURYANGO PROGRAMME; RBC RWANDA BIOMEDICAL CENTER; WORLD VISION INTERNATIONAL RWANDA RWANDA,,none,52.9,Funding window,0-6 months,Q1 2027,next planned disbursement,70,funding window within 90 days; future planned disbursement; future budget period; active implementation; named implementing buyer,64.0,Qualified Lead,7216702.0,13180053.0,Track disbursement timing and confirm whether a supply contract is expected.
XM-DAC-41122-Ethiopia-1410/A0/08/002/003,This activity will contribute to achieving results for the MATERNAL NUTRITION output,ET,Ethiopia,The United Kingdom; Global - Nutrition; United States Fund for UNICEF; UNICEF Regular Resources; Canadian UNICEF Committee; European Commission / ECHO; Nutrition International; USA USAID; KfW - Germany; United Kingdom Committee for UNICEF,SWER BUEARU OF AGRICULTURE; CENTRAL ETHIOPIA REGIONAL STATE BUREAU OF HEALTH; DIRE DAWA ADMINISTRATION BUREAU OF HEALTH; OROMIA BUREAU OF AGRICULTURE; GPNRS HEALTH BUREAU; MINISTRY OF INDUSTRY; AMHARA BUREAU OF HEALTH; OROMIA REGION BUREAU OF HEALTH; ETHIOPIAN CATHOLIC CHURCH SOCIAL AND DEVELOPMENT COMMISSION; TIGRAY BOFRC AGRI NUTRITION; IP not published; AMHARA BOFED AGRICULTURE; TIGRAY DEVELOPMENT ASSOCIATION TDA; RELIEF AND DEVELOPMENT FOR VULNERABLE; AFAR REGIONAL HEALTH BUREAU; HARAR HEALTH BUREAU; AAC ADM FIN AND ECO UN HEALTH AND NUT; SNRS HEALTH BUREAU; UNICEF; ETHIOPIAN FOOD AND DRUG AUTHORITY; B GUMUZ REGIONAL HEALTH BUREAU RHB; SOMALI REGIONAL STATE HEALTH BUREAU; BENISHANGUL GUMUZ REGIONAL STATE AGRICULTURE BUREAU; GPNRS LIVESTOCK AND FISHE RES DEV BUREAU; MOTHER AND CHILD DEVELOPMENT ORG; SOUTH WEST ETHIOPIAN REGION HEALTH BUREAU; FEDERAL MINISTRY OF HEALTH MDG POOL FUND; FOOD AND BEVERAGE INDUSTRY RESEARCH AND DEVELOPMENT CENTER; MOH UN AGENCIES GRANT; SERS BUREAU OF HEALTH; TIGRAY BUREAU OF HEALTH,,none,52.8,Funding window,0-6 months,Q1 2027,next planned disbursement,70,funding window within 90 days; future planned disbursement; future budget period; active implementation; named implementing buyer,63.9,Qualified Lead,7016003.0,13208139.0,Track disbursement timing and confirm whether a supply contract is expected.
XM-DAC-41122-Rwanda-3750/A0/07/881/004,This activity will contribute to achieving results for the HEALTH IN THE SECOND DECADE output,RW,Rwanda,United States Fund for UNICEF; Global - Health; UNOPS - UN Office for Project; Global - Nutrition; Japan; World Bank - Washington D.C.; UNFPA - UN Population Fund; The United Kingdom; Canadian UNICEF Committee; Republic of Korea; MPTFO - UN Multi Partner; Global - HIV and AIDS; Consolidated Funds from NatComs; GAVI The Vaccine Alliance; UNICEF Regular Resources,UYISENGA NI IMANZI; YOUNG WOMEN S CHRISTIAN ASSOCIATION OF RWANDA YWCA RWANDA; UNICEF; RBC RWANDA BIOMEDICAL CENTER; RINDA UBUZIMA,,none,52.8,Funding window,0-6 months,Q1 2027,next planned disbursement,70,funding window within 90 days; future planned disbursement; future budget period; active implementation; named implementing buyer,63.8,Qualified Lead,6785986.0,12552563.0,Track disbursement timing and confirm whether a supply contract is expected.
XM-DAC-41122-Rwanda-3750/A0/07/881/003,This activity will contribute to achieving results for the INCLUSIVE AND EQUITABLE Early Child Development (ECD) SERVICES output,RW,Rwanda,UNICEF Regular Resources; China; United States Fund for UNICEF; Global - Nutrition; Japan,NATIONAL CHILD DEVELOPMENT AGENCY TUBARERE MUMURYANGO PROGRAMME; UNICEF; UNIVERISTY OF RWANDA HOLDINGS GROUP LTD; ACTION POUR LE DEVELOPPEMENT DU PEUPLE ADEPE,,none,52.8,Funding window,0-6 months,Q1 2027,next planned disbursement,70,funding window within 90 days; future planned disbursement; future budget period; active implementation; named implementing buyer,63.8,Qualified Lead,6870881.0,12703353.5,Track disbursement timing and confirm whether a supply contract is expected.
XM-DAC-41122-Uganda-4380/A0/07/001/005,This activity will contribute to achieving results for the OUTPUT 1.5 PREVENTION & TREATMENT OF CHILD WASTING output,UG,Uganda,France; Canadian UNICEF Committee; The United Kingdom; Canada; UNICEF Regular Resources; UNOCHA; Central Emergency Response Fund,MINISTRY OF HEALTH; KOTIDO DISTRICT LOCAL GOVERNMENT; UNICEF; MOROTO DISTRICT LOCAL GOVERNMENT; KAABONG DISTRICT UNICEF ACCOUNT,,none,52.8,Funding window,0-6 months,Q1 2027,next planned disbursement,70,funding window within 90 days; future planned disbursement; future budget period; active implementation; named implementing buyer,63.7,Qualified Lead,7039824.0,10559750.0,Track disbursement timing and confirm whether a supply contract is expected.
DAC-1601-INV-091224,WHO-PROPS trial implementation,ET; KE; NG; PK; BD,Ethiopia; Kenya; NG; PK; BD,Gates Foundation,Johns Hopkins University Bloomberg School of Public Health,,none,52.8,Funding window,0-6 months,Q4 2026,next planned disbursement,70,funding window within 90 days; future planned disbursement; future budget period; active implementation; named implementing buyer,63.6,Qualified Lead,6000000.0,9310000.0,Track disbursement timing and confirm whether a supply contract is expected.
XM-DAC-41122-United Rep. of Tanzania-4550/A0/06/001/001,This activity will contribute to achieving results for the COMMUNITY PRACTICES output,TZ,Tanzania,Ireland; French Committee for UNICEF; Republic of Korea; GAVI The Vaccine Alliance; USA USAID; United States Fund for UNICEF; MPTFO - UN Multi Partner; Finland; British Government (DFID); United Kingdom Committee for UNICEF; United Republic of Tanzania; UN Joint Programme; Consolidated Funds from NatComs; United States of America; Switzerland; Canada; UNICEF Regular Resources,PS MINISTRY OF HEALTH ZNZ; UNICEF; CATHOLIC RELIEF SERVICES; BENJAMIN WILLIAM MKAPA FOUNDATION; REGISTERED TRUSTEES OF JAKAYA MRISHO KIKWETE FOUNDATION; PS MINISTRY OF HEALTH AND SOCIAL WELFARE MATERNAL AND CHILD; REGIONAL ADMINISTRATIVE SECRETARY TABORA; MUHIMBILI UNIVERSITY OF HEALTH AND ALLIED SCIENCES; REGIONAL ADMINISTRATIVE SECRETARY DAR ES SALAAM; RAS KATAVI; AFYA PAMOJA; RAS KIGOMA; IP not published; PS PRIME MINISTERS OFFICE REGIONAL ADMINISTRATION AND LOCAL; PS MINISTRY OF HEALTH AND SOCIAL WELFARE ENVIRONMENTAL HEALTH; NATIONAL BUREAU OF STATISTICS; PS MINISTRY OF HEALTH AND SOCIAL WELFARE HEALTH PROMOTION; REGIONAL ADMINISTRATIVE SECRETARY SONGWE,,none,52.7,Funding window,0-6 months,Q1 2027,next planned disbursement,70,funding window within 90 days; future planned disbursement; future budget period; active implementation; named implementing buyer,64.1,Qualified Lead,4770624.0,8041248.0,Track disbursement timing and confirm whether a supply contract is expected.
XM-DAC-41122-South Sudan-4040/A0/04/002/002,"This activity will contribute to achieving results for the 2.2 EARLY CHILDHOOD, ADOLESCENTS AND WOMEN NUTRITION: output",SS,South Sudan,World Bank - Washington D.C.; Canada; Nutrition International; Canadian UNICEF Committee; Norwegian Committee for UNICEF; Danish Committee for UNICEF; Germany; New Zealand Committee for UNICEF; German Committee for UNICEF; MPTFO - UN Multi Partner; German Federal Foreign Office; Global - Nutrition; UNICEF Regular Resources; United Arab Emirates; Bureau for Humanitarian Assistance; The United Kingdom; UNOCHA; France; Global - Thematic Humanitarian Resp; Committee for UNICEF Switzerland; Central Emergency Response Fund; European Commission / ECHO; Republic of Korea; Hong Kong Committee for UNICEF; KfW - Germany,STATE MINISTRY OF HEALTH CES; NILE HOPE DEVELOPMENT FORUM; STATE MINISTRY OF HEALTH; CHRISTIAN MISSION AID; STATE MINISTRY OF HEALTH EES; RELIEF INTERNATIONAL; CATHOLIC MEDICAL MISSION BOARD INC; STATE MINISTRY OF HEALTH WARRAP; STATE MINISTRY OF HEALTH AND ENVIRONMENT JONGLEI STATE BOR; CONCERN WORLDWIDE SOUTH SUDAN; UNIVERSAL INTERVENTION AND DEVELOPMENT ORGANIZATION; PLAN INTERNATIONAL INC SOUTH SUDAN; INTERNATIONAL MEDICAL CORPS UK; IP not published; MINISTRY OF HEALTH REPUBLIC OF SOUTH SUDAN; MINISTRY OF SOCIAL DEVELOPMENT NBEG; IP not published; STATE MINISTRY OF HEALTH UPPER NILE; UNIVERSAL NETWORK FOR KNOWLEDGE AND EMPOWERMENT AGENCY; GRASSROOTS EMPOWERMENT AND DEVELOPMENT ORGANIZATION; ACTION AGAINST HUNGER USA; CARE INTERNATIONAL IN SS; HOLD THE CHILD ORGANIZATION; STATE MINISTRY OF HEALTH AWEIL; CHRISTIAN MISSION FOR DEVELOPMENT; JOHANNITER UNFALL HILFE E V; INTERNATIONAL RESCUE COMMITTEE; ACROSS; ALIGHT SOUTH SUDAN PROGRAM; AVSI SOUTH SUDAN; TEARFUND; FOR AFRIKA TO THRIVE; STATE MINISTRY OF HEALTH LAKES; UNICEF; HEALTH LINK SOUTH SUDAN; WORLD CONCERN DEVELOPMENT ORGANIZATION; AFRO CANADIAN EVANGELICAL MISSION; STATE MINISTRY OF HEALTH WESTERN EQUATORIA; GOAL SOUTH SUDAN; AMREF HEALTH AFRICA; MEDAIR; ANDRE FOODS SOUTH SUDAN; SAVE THE CHILDREN FUND; WORLD RELIEF CORPORATION OF NATIONAL ASSOCIATION OF EVANGELICALS; JOHN DAU FOUNDATION; HELP HILFE ZUR SELBSTHIFE HELP E V; STATE MINISTRY OF HEALTH UNITY; WORLD VISION INTERNATIONAL; MOTHER AND CHILDREN DEVELOPMENT AID; IMPACT HEALTH ORGANIZATION IHO; ACTION FOR RECOVERY AND TRANSFORMATION ART; ACTION FOR DEVELOPMENT; KONETA,,none,52.7,Funding window,0-6 months,Q4 2026,next planned disbursement,70,funding window within 90 days; future planned disbursement; future budget period; active implementation; named implementing buyer,64.0,Qualified Lead,5474814.0,8212221.0,Track disbursement timing and confirm whether a supply contract is expected.
XM-DAC-41122-Uganda-4380/A0/07/001/002,This activity will contribute to achieving results for the OUTPUT 1.2 PRIMARY HEALTH CARE & CH output,UG,Uganda,UNICEF Regular Resources; GAVI The Vaccine Alliance; Uganda; United States Fund for UNICEF; Canadian UNICEF Committee; MPTFO - UN Multi Partner; Republic of Korea,MINISTRY OF HEALTH; UNICEF; MUKONO DISTRICT LOCAL GOVERNMENT,,none,52.7,Funding window,0-6 months,Q1 2027,next planned disbursement,70,funding window within 90 days; future planned disbursement; future budget period; active implementation; named implementing buyer,63.5,Qualified Lead,5418006.0,8732104.0,Track disbursement timing and confirm whether a supply contract is expected.
XM-DAC-41122-Rwanda-3750/A0/07/883/001,"This activity will contribute to achieving results for the MHPSS, GBV/VAC PREVENTION AND RESPONSE output",RW,Rwanda,USA USAID; UNICEF Regular Resources; The United Kingdom; Committee for UNICEF Switzerland; China; Canadian UNICEF Committee; UNICEF-Rwanda; Cyprus; Global - Child Protection; United States Fund for UNICEF,CHANCE FOR CHILDHOOD CFC; NATIONAL COUNCIL OF PERSONS WITH DISABILITIES; NATIONAL CHILD DEVELOPMENT AGENCY TUBARERE MUMURYANGO PROGRAMME; UYISENGA NI IMANZI; UNICEF; KIGALI COLLABORATIVE RESEARCH CENTRE; SAVE THE CHILDREN SWEDEN RWANDA; PLAN INTERNATIONAL RWANDA,,none,52.7,Funding window,0-6 months,Q1 2027,next planned disbursement,70,funding window within 90 days; future planned disbursement; future budget period; active implementation; named implementing buyer,63.5,Qualified Lead,4657450.0,8580075.0,Track disbursement timing and confirm whether a supply contract is expected.
XM-DAC-41122-Somalia-3920/A0/09/002/003,This activity will contribute to achieving results for the NUTRITION TECHNICAL ASSISTANCE output,SO,Somalia,The United Kingdom; The Global Fund to Fight AIDS; United States Fund for UNICEF; European Commission / ECHO; KfW - Germany; Central Emergency Response Fund; UNICEF Regular Resources,UNICEF; SOMALIA DISASTER MANAGEMENT AGENCY FDS; IP not published; SOMALI FEDERAL PARLIAMENT HOUSE OF THE PEOPLE; STEADFAST VOLUNTARY ORGANIZATION,,none,52.7,Funding window,0-6 months,Q1 2027,next planned disbursement,70,funding window within 90 days; future planned disbursement; future budget period; active implementation; named implementing buyer,63.4,Qualified Lead,4759295.0,8945010.5,Track disbursement timing and confirm whether a supply contract is expected.
DAC-1601-INV-075264,Accelerating multi-product introduction through advocacy and learning,ZA; KE; SN,ZA; Kenya; SN,Gates Foundation,Duke University,,none,52.7,Funding window,0-6 months,Q4 2026,next planned disbursement,70,funding window within 90 days; future planned disbursement; future budget period; active implementation; named implementing buyer,63.4,Qualified Lead,5000000.0,5000000.0,Track disbursement timing and confirm whether a supply contract is expected.
DAC-1601-INV-090390,Emergency Support to Stabilize the DHS Program (GPP),AO; CD; ET; KE; MW; ML; NE; NG; ZW; RW; SN; TZ; UG; BF; ZM; PK; ID,AO; Democratic Republic of the Congo; Ethiopia; Kenya; MW; ML; NE; NG; ZW; Rwanda; SN; Tanzania; Uganda; BF; ZM; PK; ID,Gates Foundation,"ICF Incorporated, L.L.C.",,none,52.6,Funding window,0-6 months,Q4 2026,next planned disbursement,70,funding window within 90 days; future planned disbursement; future budget period; active implementation; named implementing buyer,64.6,Qualified Lead,3902365.0,15294500.0,Track disbursement timing and confirm whether a supply contract is expected.
XM-DAC-41122-United Rep. of Tanzania-4550/A0/06/003/004,"This activity will contribute to achieving results for the NUTRITION FINANCING, LEADERSHIP, GOVERNANCE AND MONITORING output",TZ,Tanzania,Consolidated Funds from NatComs; Global - Nutrition; UNICEF Regular Resources; United States Fund for UNICEF; USA CDC; German Committee for UNICEF; Norway; UNICEF-United Arab Emirates; MPTFO - UN Multi Partner; Ireland,REGIONAL ADMINISTRATIVE SECRETARY MBEYA; REGIONAL ADMINISTRATIVE SECRETARY NJOMBE; KASULU TOWN COUNCIL DEVELOPMENT; KASULU DISTRICT COUNCIL; PS MINISTRY OF HEALTH AND SOCIAL WELFARE HEALTH PROMOTION; UNICEF; UVINZA DISTRICT COUNCIL; TANZANIA FOOD AND NUTRITION CENTRE; PS MINISTRY OF HEALTH AND SOCIAL WELFARE MATERNAL AND CHILD; TANZANIA COMMISSION FOR AIDS; PS MINISTRY OF HEALTH ZNZ; PS MINISTRY OF HEALTH COMMUNITY DEVELOPMENT GENDER ELDERLY AND; DED KAKONKO DISTRICT COUNCIL; BUHIGWE DISTRICT COUNCIL; RAS KIGOMA; PS MINISTRY OF HEALTH AND SOCIAL WELFARE ENVIRONMENTAL HEALTH; MINISTRY OF COMMUNITY DEV GENDER ELDERS AND CHILDREN; KIGOMA DISTRICT COUNCIL; KIGOMA UJIJI MUNICIPAL COUNCIL; CATHOLIC RELIEF SERVICES; OFFICE OF CHIEF GOVERNMENT STATISTICIAN; KIBONDO DISTRICT COUNCIL; PS PRIME MINISTERS OFFICE REGIONAL ADMINISTRATION AND LOCAL; NATIONAL BUREAU OF STATISTICS; PS MINISTRY OF EDUCATION AND VOCATIONAL TRAINING ZNZ,,none,52.6,Funding window,0-6 months,Q1 2027,next planned disbursement,70,funding window within 90 days; future planned disbursement; future budget period; active implementation; named implementing buyer,63.9,Qualified Lead,4184849.0,7119698.0,Track disbursement timing and confirm whether a supply contract is expected.
DAC-1601-INV-042796,Rice University_NEST 2.0,ET; KE; MW; NG; TZ,Ethiopia; Kenya; MW; NG; Tanzania,Gates Foundation,Rice University,,none,52.6,Funding window,0-6 months,Q4 2026,next planned disbursement,70,funding window within 90 days; future planned disbursement; future budget period; active implementation; named implementing buyer,63.9,Qualified Lead,4000000.0,9000000.0,Track disbursement timing and confirm whether a supply contract is expected.
DAC-1601-INV-075893,Integrated RMNCH + PPFP scale up in high caseload facilities,ET,Ethiopia,Gates Foundation,"EngenderHealth, Inc.",,none,52.6,Funding window,0-6 months,Q4 2026,next planned disbursement,70,funding window within 90 days; future planned disbursement; future budget period; active implementation; named implementing buyer,63.6,Qualified Lead,4000000.0,8000000.0,Track disbursement timing and confirm whether a supply contract is expected.
DAC-1601-INV-068395,Child Health Advocacy and Communications Phase III,KE; SO; BD; ID,Kenya; Somalia; BD; ID,Gates Foundation,United States Fund for UNICEF,,none,52.6,Funding window,0-6 months,Q4 2026,next planned disbursement,70,funding window within 90 days; future planned disbursement; future budget period; active implementation; named implementing buyer,63.4,Qualified Lead,4276835.54,4276835.54,Track disbursement timing and confirm whether a supply contract is expected.
DAC-1601-INV-088484,Advancing food fortification through localization and global coordination,ET; KE; NG; TZ; IN; BD,Ethiopia; Kenya; NG; Tanzania; IN; BD,Gates Foundation,Global Alliance for Improved Nutrition,,none,52.6,Funding window,0-6 months,Q4 2026,next planned disbursement,70,funding window within 90 days; future planned disbursement; future budget period; active implementation; named implementing buyer,63.2,Qualified Lead,4110340.0,7596917.0,Track disbursement timing and confirm whether a supply contract is expected.
DAC-1601-INV-087117,PRISMA 3.0 - Kenya,KE,Kenya,Gates Foundation,"Liverpool School of Tropical Medicine, Kenya",,none,52.6,Funding window,0-6 months,Q4 2026,next planned disbursement,70,funding window within 90 days; future planned disbursement; future budget period; active implementation; named implementing buyer,63.1,Qualified Lead,4154106.0,4154106.0,Track disbursement timing and confirm whether a supply contract is expected.
XM-DAC-41122-Kenya-2400/A0/07/001/006,This activity will contribute to achieving results for the NUT: STRENGTHENED CAPACITIES TO DELIVERNUTRITION SPECIFIC AND SENSITIVE SERVICES output,KE,Kenya,German Committee for UNICEF; USAID/Food for Peace; European Commission / ECHO; Canada; France; UNOCHA; Bureau for Humanitarian Assistance; Kenya; Global - Thematic Humanitarian Resp; United States Fund for UNICEF; Japan; UNICEF Regular Resources; Ireland; German Federal Foreign Office; The United Kingdom; United Kingdom Committee for UNICEF,MINISTRY OF HEALTH UNICEF; TERRE DES HOMMES FOUNDATION; HELEN KELLER INTERNATIONAL; TURKANA DEPARTMENT OF EDUCATION SPORTS AND SOCIAL PROTECTION; CONCERN WORLDWIDE; KILIFI COUNTY DEPARTMENT OF HEALTH; KENYA RED CROSS SOCIETY; COUNTY GOVERNMENT OF MARSABIT DEPARTMENT OF HEALTH SERVICES; SAVE THE CHILDREN UK KENYA; MINISTRY OF HEALTH SERVICE AND SANITATION TURKANA COUNTY; MIGORI COUNTY GOVERNMENT PUBLIC HEALTH OFFICE; INTERNATIONAL RESCUE COMMITTEE; UNICEF; RURAL AGENCY FOR COMMUNITY DEVELOPMENT AND ASSISTANCE; WORLD VISION KENYA; ACTION AGAINST HUNGER; DEPARTMENT OF HEALTH KISUMU COUNTY,,none,52.5,Funding window,0-6 months,Q1 2027,next planned disbursement,70,funding window within 90 days; future planned disbursement; future budget period; active implementation; named implementing buyer,64.7,Qualified Lead,3318000.0,5486000.0,Track disbursement timing and confirm whether a supply contract is expected.
XM-DAC-41122-Kenya-2400/A0/07/001/001,"This activity will contribute to achieving results for the HEALTH: QUALITY PHC, COMMUNITY HEALTH, CHILD HEALTH, Early Child Development (ECD) AND PRACTICES. output",KE,Kenya,German Federal Foreign Office; UNICEF Regular Resources; The United Kingdom; Canadian UNICEF Committee; USA (State) GHSD; UNOCHA; German Committee for UNICEF; Catalan Agency for Development; Japan; United States Fund for UNICEF; USA USAID; Global - Health; Danish Committee for UNICEF; Norway; Global - Thematic Humanitarian Resp; Bureau for Humanitarian Assistance; United Kingdom Committee for UNICEF; Consolidated Funds from NatComs; Netherlands Committee for UNICEF,"MINISTRY OF LABOUR SOCIAL SECURITY AND SERVICES; COUNTY GOVERNMENT OF GARISSA; MOH GARISSA COUNTY; DEPT OF HEALTH SERVICES BARINGO; TURKANA COUNTY ASSEMBLY; KENYA RED CROSS SOCIETY; KILIFI COUNTY DEPARTMENT OF HEALTH; DEPARTMENT OF CHILDREN SERVICES, WEST POKOT; DEPT OF ENVIRONMENTAL HEALTH; COUNTY GOVERNMENT OF MARSABIT DEPARTMENT OF HEALTH SERVICES; DEPARTMENT OF HEALTH KISUMU COUNTY; MIGORI COUNTY GOVERNMENT PUBLIC HEALTH OFFICE; UNICEF; KENYA NATIONAL BUREAU OF STATISTICS; COUNTY DEPARTMENT OF HEALTH ISIOLO; COUNTY GOVERNMENT OF BUSIA DEPARTMENT OF HEALTH AND SANITATION; NAROK COUNTY DEPARTMENT OF HEALTH; MINISTRY OF HEALTH UNICEF; MINISTRY OF HEALTH MANDERA COUNTY GOVERNMENT; MINISTRY OF HEALTH SAMBURU COUNTY; COUNTY GOVERNMENT OF MOMBASA DEPARTMENT OF HEALTH; COUNTY GOVERNMENT OF WAJIR; COUNTY DEPARTMENT OF HEALTH SERVICES TAITA TAVETA; DEPARTMENT OF HEALTH TANA RIVER COUNTY; RURAL AGENCY FOR COMMUNITY DEVELOPMENT AND ASSISTANCE; MINISTRY OF HEALTH AND SANITATION WEST POKOT KAPENGURIA; MINISTRY OF HEALTH SERVICE AND SANITATION TURKANA COUNTY; WORLD VISION KENYA; HSSF COUNTY HEALTH OFF NAIROBI; COUNTY DIRECTOR OF HEALTH SIAYA; DEPT OF HEALTH NAKURU COUNTY; ACTION AGAINST HUNGER; MINISTRY OF LABOR SOCIAL SECURITY AND SERVICES DEPT OF CHILDREN SERVICES; COUNCIL OF GOVERNORS",,none,52.5,Funding window,0-6 months,Q1 2027,next planned disbursement,70,funding window within 90 days; future planned disbursement; future budget period; active implementation; named implementing buyer,64.3,Qualified Lead,3070000.0,5110000.0,Track disbursement timing and confirm whether a supply contract is expected.
DAC-1601-INV-045980,Design and Implementation of an Integrated Platform for HSS in Ethiopia,ET,Ethiopia,Gates Foundation,AMREF Health Africa,,none,52.5,Funding window,0-6 months,Q4 2026,next planned disbursement,70,funding window within 90 days; future planned disbursement; future budget period; active implementation; named implementing buyer,64.1,Qualified Lead,3000000.0,9500000.0,Track disbursement timing and confirm whether a supply contract is expected.
XM-DAC-41122-Kenya-2400/A0/07/005/004,This activity will contribute to achieving results for the SOCIAL AND BEHAVIOUR CHANGE output,KE,Kenya,UNOPS - UN Office for Project; Cyprus; United Kingdom Committee for UNICEF; USA (State) GHSD; European Investment Bank; Canadian UNICEF Committee; France; UNOCHA; Innovation Norway; Iceland; UNICEF Regular Resources; United States of America; UNICEF-United Arab Emirates; German Federal Foreign Office; Netherlands Committee for UNICEF; USAID; German Committee for UNICEF; Kenya; UNFPA - UN Population Fund; GAVI The Vaccine Alliance; Consolidated Funds from NatComs; Korea International Cooperation Age; USA USAID; Ireland; Bureau for Humanitarian Assistance; Global - Thematic Humanitarian Resp; UNDP - UN Development Programme; USA CDC; Norway; United States Fund for UNICEF; UNICEF-QATAR; Global - Nutrition; The United Kingdom; WHO - World Health Organization,KENYA GIRL GUIDES ASSOCIATION; MINISTRY OF HEALTH MANDERA COUNTY GOVERNMENT; DEPT OF HEALTH SERVICES BARINGO; COUNTY GOVERNMENT OF BUSIA DEPARTMENT OF EDUCATION; NETWORK FOR ADOLESCENT AND YOUTH OF AFRICA; DEPT OF CHILDREN SERVICES TURKANA COUNTY; COUNTY DIRECTOR OF EDUCATION TURKANA; UNICEF; INTERNATIONAL RESCUE COMMITTEE; HURU INTERNATIONAL KENYA; HSSF COUNTY HEALTH OFF NAIROBI; DEPT OF HEALTH NAKURU COUNTY; DEPARTMENT OF HEALTH KISUMU COUNTY; MOH GARISSA COUNTY; COUNTY DIRECTOR OF EDUCATION TANA RIVER COUNTY; DEPARTMENT OF CHILDREN SERVICES SAMBURU COUNTY; IP not published; MINISTRY OF EDUCATION STATE DEPARTMENT OF EARLY LEARNING AND; DEPARTMENT OF HEALTH TANA RIVER COUNTY; COUNTY DEPARTMENT OF HEALTH KAJIADO; COUNTY DIRECTOR OF EDUCATION KWALE; NAROK COUNTY DEPARTMENT OF HEALTH; SAVE THE CHILDREN UK KENYA; CBCC AFRICA; INTER RELIGIOUS COUNCIL OF KENYA; COUNTY GOVERNMENT OF MARSABIT DEPARTMENT OF HEALTH SERVICES; WORLD VISION KENYA; MINISTRY OF HEALTH SAMBURU COUNTY; IP not published; KILIFI COUNTY DEPARTMENT OF HEALTH; COUNTY GOVERNMENT OF BUSIA DEPARTMENT OF HEALTH AND SANITATION; LAMU COUNTY GOVERNMENT; IP not published; KENYA RED CROSS SOCIETY; MIGORI COUNTY GOVERNMENT PUBLIC HEALTH OFFICE; MINISTRY OF HEALTH SERVICE AND SANITATION TURKANA COUNTY; COUNTY COORDINATOR CHILDREN SERVICES KAJIADO COUNTY; MINISTRY OF EDUCATION; COUNTY DIRECTOR OF EDUCATION SAMBURU; COUNTY GOVERNMENT OF MOMBASA DEPARTMENT OF HEALTH; NATIONAL PARENTS ASSOCIATION; GOVERNMENT OF MAKUENI COUNTY; MINISTRY OF HEALTH HOMA BAY COUNTY; COUNTY GOVERNMENT OF WAJIR; FILM AID KENYA; RURAL AGENCY FOR COMMUNITY DEVELOPMENT AND ASSISTANCE; MINISTRY OF EDUCATION SCIENCE AND TECHNOLOGY STATE DEPT OF; WOMEN EDUCATION AND HEALTH FOR DEVELOPMENT; DEPT OF HEALTH AND SANITATION; MINISTRY OF HEALTH AND SANITATION WEST POKOT KAPENGURIA; FINN CHURCH AID KIRKON ULKOMAANAPU SR; COUNTY DEPARTMENT OF HEALTH ISIOLO; COUNTY DIRECTOR OF EDUCATION WEST POKOT; MINISTRY OF HEALTH UNICEF,,none,52.5,Funding window,0-6 months,Q1 2027,next planned disbursement,70,funding window within 90 days; future planned disbursement; future budget period; active implementation; named implementing buyer,64.0,Qualified Lead,2926157.0,4623735.5,Track disbursement timing and confirm whether a supply contract is expected.
XM-DAC-41122-Kenya-2400/A0/07/001/010,This activity will contribute to achieving results for the HEALTH: TECHNICAL ASSISTANCE output,KE,Kenya,United States of America; Netherlands Committee for UNICEF; UNICEF-United Arab Emirates; United States Fund for UNICEF; USA (State) GHSD; Global - Thematic Humanitarian Resp; Kenya; Canadian UNICEF Committee; UNOCHA; Bureau for Humanitarian Assistance; Consolidated Funds from NatComs; Japan; United Kingdom Committee for UNICEF; Catalan Agency for Development; USA USAID; GAVI The Vaccine Alliance; UNICEF Regular Resources; China; Global - HIV and AIDS; SAFE AND HEALTHY ENVIRONMENT,COUNTY GOVERNMENT OF MARSABIT DEPARTMENT OF HEALTH SERVICES; WASH ALLIANCE SOCIETY OF KENYA; MINISTRY OF WATER AND ENVIRONMENT HOMA BAY; UNICEF; KENYA PRIVATE SECTOR ALLIANCE FOUNDATION,,none,52.5,Funding window,0-6 months,Q1 2027,next planned disbursement,70,funding window within 90 days; future planned disbursement; future budget period; active implementation; named implementing buyer,63.8,Qualified Lead,3211357.0,5201035.5,Track disbursement timing and confirm whether a supply contract is expected.
DAC-1601-INV-075894,Supporting MHNTs in IDPs and other hard-to-reach areas of Ethiopia,ET,Ethiopia,Gates Foundation,MSI Reproductive Choices,,none,52.5,Funding window,0-6 months,Q4 2026,next planned disbursement,70,funding window within 90 days; future planned disbursement; future budget period; active implementation; named implementing buyer,63.5,Qualified Lead,2970000.0,7070000.0,Track disbursement timing and confirm whether a supply contract is expected.
DAC-1601-INV-025784,DUP 2.0 Workstream 1: National and regional HIS capacity enhanced,ET,Ethiopia,Gates Foundation,"JSI Research & Training Institute, Inc.",,none,52.5,Funding window,0-6 months,Q4 2026,next planned disbursement,70,funding window within 90 days; future planned disbursement; future budget period; active implementation; named implementing buyer,63.3,Qualified Lead,3198901.0,3198901.0,Track disbursement timing and confirm whether a supply contract is expected.
DAC-1601-INV-071227,Tobacco Control Advocacy in Africa 2024-29,ZA; ET; KE; NG; SN; TG; ZM,ZA; Ethiopia; Kenya; NG; SN; TG; ZM,Gates Foundation,Campaign for Tobacco-Free Kids,,none,52.5,Funding window,0-6 months,Q4 2026,next planned disbursement,70,funding window within 90 days; future planned disbursement; future budget period; active implementation; named implementing buyer,63.1,Qualified Lead,3350000.0,5950000.0,Track disbursement timing and confirm whether a supply contract is expected.
DAC-1601-INV-044079,Centre for Epidemiological Modelling and Analysis Phase 2 Incubation,KE,Kenya,Gates Foundation,University of Nairobi,,none,52.5,Funding window,0-6 months,Q4 2026,next planned disbursement,70,funding window within 90 days; future planned disbursement; future budget period; active implementation; named implementing buyer,62.9,Qualified Lead,3043044.0,3043044.0,Track disbursement timing and confirm whether a supply contract is expected.
DAC-1601-INV-087044,Supporting RMNCH-N services through critical community stakeholders,ET,Ethiopia,Gates Foundation,Population Services International,,none,52.5,Funding window,0-6 months,Q4 2026,next planned disbursement,70,funding window within 90 days; future planned disbursement; future budget period; active implementation; named implementing buyer,62.7,Qualified Lead,3150000.0,3150000.0,Track disbursement timing and confirm whether a supply contract is expected.
DAC-1601-INV-087123,PRISMA 3.0 Data & Protocol Coordination,KE; NG; IN; PK,Kenya; NG; IN; PK,Gates Foundation,The George Washington University,,none,52.5,Funding window,0-6 months,Q4 2026,next planned disbursement,70,funding window within 90 days; future planned disbursement; future budget period; active implementation; named implementing buyer,62.7,Qualified Lead,2998150.0,2998150.0,Track disbursement timing and confirm whether a supply contract is expected.
XM-DAC-41122-Kenya-2400/A0/07/001/004,This activity will contribute to achieving results for the NUT: ENHANCED SKILLS & SUPPORT FOR ADOPTION OF POSITIVE DIETARY PRACTICES AND Early Child Development (ECD) output,KE,Kenya,United States Fund for UNICEF; Nutrition International; UNICEF Regular Resources; Global - Nutrition; USA USAID; Kenya; The United Kingdom; USA (State) GHSD; Bureau for Humanitarian Assistance,HELEN KELLER INTERNATIONAL; COUNTY GOVERNMENT OF BUSIA DEPARTMENT OF EDUCATION; MINISTRY OF HEALTH UNICEF; KENYA PRIVATE SECTOR ALLIANCE FOUNDATION; GOVERNMENT OF MAKUENI COUNTY; ACTION AGAINST HUNGER; MINISTRY OF HEALTH SAMBURU COUNTY; DEPARTMENT OF CHILDRENS SERVICES KISUMU; COUNTY GOVERNMENT OF WAJIR; KENYA RED CROSS SOCIETY; MIGORI COUNTY GOVERNMENT PUBLIC HEALTH OFFICE; COUNTY GOVERNMENT OF BUSIA DEPARTMENT OF HEALTH AND SANITATION; COUNTY GOVT KISUMU DEPT OF SPECIAL PROGRAMMES AND DISASTER MGT; DEPARTMENT OF HEALTH KISUMU COUNTY; INTER RELIGIOUS COUNCIL OF KENYA; CONCERN WORLDWIDE; CBCC AFRICA; IP not published; KILIFI COUNTY DEPARTMENT OF HEALTH; NATIONAL COUNCIL FOR NOMADIC EDUCATION IN KENYA; KENYA SCOUTS ASSOCIATION; UNICEF; MOH GARISSA COUNTY; RURAL AGENCY FOR COMMUNITY DEVELOPMENT AND ASSISTANCE; MINISTRY OF HEALTH AND SANITATION WEST POKOT KAPENGURIA; COUNTY GOVERNMENT OF GARISSA; WORLD VISION KENYA,,none,52.4,Funding window,0-6 months,Q1 2027,next planned disbursement,70,funding window within 90 days; future planned disbursement; future budget period; active implementation; named implementing buyer,63.4,Qualified Lead,2618000.0,4436000.0,Track disbursement timing and confirm whether a supply contract is expected.
XM-DAC-41122-South Sudan-4040/A0/04/002/004,This activity will contribute to achieving results for the TECHNICAL SUPPORT output,SS,South Sudan,Global - Nutrition; MPTFO - UN Multi Partner; European Commission / ECHO; Canadian UNICEF Committee; German Federal Foreign Office; Central Emergency Response Fund; Republic of South Sudan; Committee for UNICEF Switzerland; German Committee for UNICEF; France; The United Kingdom; Global - Water Sanitation & Hygiene; World Bank - Washington D.C.; Republic of Korea; Norwegian Committee for UNICEF; Germany; United Arab Emirates; UNOCHA; Canada; Bureau for Humanitarian Assistance; KfW - Germany; UNICEF Regular Resources,UNICEF; AMREF HEALTH AFRICA; WORLD VISION INTERNATIONAL; IP not published; IP not published,,none,52.4,Funding window,0-6 months,Q4 2026,next planned disbursement,70,funding window within 90 days; future planned disbursement; future budget period; active implementation; named implementing buyer,63.3,Qualified Lead,2478959.0,3718438.5,Track disbursement timing and confirm whether a supply contract is expected.
DAC-1601-INV-064565,Co-financing of WB INSPIRE Project To Scale Innovations for Women & Girls,ET,Ethiopia,Gates Foundation,International Bank for Reconstruction and Development,,none,52.4,Funding window,0-6 months,Q4 2026,next planned disbursement,70,funding window within 90 days; future planned disbursement; future budget period; active implementation; named implementing buyer,63.1,Qualified Lead,2500000.0,5000000.0,Track disbursement timing and confirm whether a supply contract is expected.
DAC-1601-INV-047794,Strengthening Capacity for Sustainable TC in Africa (2023-2027),ZA; CD; BJ; ET; GH; CI; KE; MR; NG; SN; UG; ZM,ZA; Democratic Republic of the Congo; BJ; Ethiopia; GH; CI; Kenya; MR; NG; SN; Uganda; ZM,Gates Foundation,African Capacity Building Foundation,,none,52.4,Funding window,0-6 months,Q4 2026,next planned disbursement,70,funding window within 90 days; future planned disbursement; future budget period; active implementation; named implementing buyer,63.0,Qualified Lead,2249981.0,2249981.0,Track disbursement timing and confirm whether a supply contract is expected.
DAC-1601-INV-089434,PATH Policy & Advocacy Grant (Phase 5),KE,Kenya,Gates Foundation,PATH,,none,52.4,Funding window,0-6 months,Q4 2026,next planned disbursement,70,funding window within 90 days; future planned disbursement; future budget period; active implementation; named implementing buyer,62.8,Qualified Lead,2514866.0,5030193.0,Track disbursement timing and confirm whether a supply contract is expected.
DAC-1601-INV-086146,Expanding access to iodine and folic acid fortified salt in Ethiopia,ET,Ethiopia,Gates Foundation,Nutrition International,,none,52.4,Funding window,0-6 months,Q4 2026,next planned disbursement,70,funding window within 90 days; future planned disbursement; future budget period; active implementation; named implementing buyer,62.4,Qualified Lead,2430989.0,2430989.0,Track disbursement timing and confirm whether a supply contract is expected.
DAC-1601-INV-095833,Advancing resilient and self-reliant health systems in sub-Saharan Africa,KE; MW; SN; TZ; ZM,Kenya; MW; SN; Tanzania; ZM,Gates Foundation,African Institute for Development Policy,,none,52.4,Funding window,0-6 months,Q4 2026,next planned disbursement,70,funding window within 90 days; future planned disbursement; future budget period; active implementation; named implementing buyer,62.3,Qualified Lead,2500000.0,2500000.0,Track disbursement timing and confirm whether a supply contract is expected.
XM-DAC-41122-United Rep. of Tanzania-4550/A0/06/001/002,This activity will contribute to achieving results for the PRIMARY HEALTH CARE SYSTEMS READINESS output,TZ,Tanzania,Canada; Consolidated Funds from NatComs; UN Joint Programme; United Republic of Tanzania; European Investment Bank; UNFPA - UN Population Fund; GAVI The Vaccine Alliance; Japan; United States of America; UNICEF Regular Resources; United Kingdom Committee for UNICEF; MPTFO - UN Multi Partner; USA USAID; Finland; Ireland; German Federal Foreign Office; Switzerland; UNICEF-United Arab Emirates; Global - Thematic Humanitarian Resp; Republic of Korea; Norway; USA CDC; United States Fund for UNICEF,CHUNYA DISTRICT COUNCIL; REGIONAL ADMINISTRATIVE SECRETARY MBEYA; PS MINISTRY OF HEALTH ZNZ; PS MINISTRY OF HEALTH AND SOCIAL WELFARE HEALTH PROMOTION; PATHFINDER INTERNATIONAL TANZANIA OFFICE; REGIONAL ADMINISTRATIVE SECRETARY SONGWE; MUHIMBILI UNIVERSITY OF HEALTH AND ALLIED SCIENCES; PS MINISTRY OF HEALTH AND SOCIAL WELFARE ENVIRONMENTAL HEALTH; PS MINISTRY OF HEALTH AND SOCIAL WELFARE MATERNAL AND CHILD; MINISTRY OF HEALTH AND SOCIAL WELFARE HBF; MINISTRY OF FINANCE AND PLANNING; MINISTRY OF YOUTH CULTURE ARTS AND SPORT; REGIONAL ADMINISTRATIVE SECRETARY TABORA; REGIONAL ADMINISTRATIVE SECRETARY; RAS KIGOMA; REGIONAL ADMINISTRATIVE SECRETARY KAGERA; REGIONAL ADMINISTRATIVE SECRETARY NJOMBE; MTWARA REGIONAL SECRETARIAT; PS PRIME MINISTERS OFFICE REGIONAL ADMINISTRATION AND LOCAL; TANZANIA RED CROSS SOCIETIES; IP not published; CLINTON HEALTH ACCESS INITIATIVE; TANZANIA INTERFAITH PARTNERSHIP TIP; REGIONAL ADMINISTRATIVE SECRETARY DAR ES SALAAM; BENJAMIN WILLIAM MKAPA FOUNDATION; UNICEF; RAS KATAVI; REGIONAL ADMINISTRATIVE SECRETARY DODOMA; NATIONAL BUREAU OF STATISTICS,,none,52.3,Funding window,0-6 months,Q1 2027,next planned disbursement,70,funding window within 90 days; future planned disbursement; future budget period; active implementation; named implementing buyer,63.6,Qualified Lead,1851647.0,2978294.0,Track disbursement timing and confirm whether a supply contract is expected.
XM-DAC-41122-Kenya-2400/A0/07/001/011,This activity will contribute to achieving results for the NUTRITION: TECHNICAL ASSISTANCE output,KE,Kenya,United States Fund for UNICEF; UNOCHA; Kenya; USA USAID; European Commission / ECHO; German Committee for UNICEF; The United Kingdom; USA (State) GHSD; European Commission/EC; UNICEF Regular Resources; United Kingdom Committee for UNICEF; France; Global - Nutrition; Japan; Canada; Bureau for Humanitarian Assistance; Ireland,COUNTY GOVERNMENT OF MARSABIT DEPARTMENT OF HEALTH SERVICES; KENYA PRIVATE SECTOR ALLIANCE FOUNDATION; WASH ALLIANCE SOCIETY OF KENYA; MINISTRY OF WATER AND ENVIRONMENT HOMA BAY; UNICEF,,none,52.3,Funding window,0-6 months,Q1 2027,next planned disbursement,70,funding window within 90 days; future planned disbursement; future budget period; active implementation; named implementing buyer,63.2,Qualified Lead,1868000.0,3186000.0,Track disbursement timing and confirm whether a supply contract is expected.
XM-DAC-41122-Kenya-2400/A0/07/001/003,"This activity will contribute to achieving results for the HEALTH: QUALITY MNAH, Prevention of Mother to Child Transmission of HIV (PMTCT) AND PEDIATRIC HIV SERVICES AND PRACTICES. output",KE,Kenya,UNICEF Regular Resources; Global - Water Sanitation & Hygiene; USA USAID; The Global Fund to Fight AIDS; Global - HIV and AIDS; Netherlands Committee for UNICEF; United Kingdom Committee for UNICEF; United States Fund for UNICEF; UNAIDS - Joint UN Programme; USA (State) GHSD; Norwegian Committee for UNICEF; UNFPA - UN Population Fund; China; Global - Thematic Humanitarian Resp; Canada; Consolidated Funds from NatComs,COUNTY GOVERNMENT OF BUSIA DEPARTMENT OF HEALTH AND SANITATION; DEPARTMENT OF HEALTH KISUMU COUNTY; MINISTRY OF HEALTH AND SANITATION WEST POKOT KAPENGURIA; KENYA GIRL GUIDES ASSOCIATION; MINISTRY OF LABOUR SOCIAL SECURITY AND SERVICES; MIGORI COUNTY GOVERNMENT PUBLIC HEALTH OFFICE; COUNTY GOVERNMENT OF WAJIR; NATIONAL AIDS CONTROL COUNCIL; MINISTRY OF HEALTH UNICEF; RURAL AGENCY FOR COMMUNITY DEVELOPMENT AND ASSISTANCE; VIHIGA COUNTY HEALTH DEPARTMENT; MINISTRY OF HEALTH SAMBURU COUNTY; MINISTRY OF HEALTH HOMA BAY COUNTY; KENYA RED CROSS SOCIETY; MINISTRY OF HEALTH MANDERA COUNTY GOVERNMENT; KENYA NATIONAL BUREAU OF STATISTICS; KILIFI COUNTY DEPARTMENT OF HEALTH; ACTION AGAINST HUNGER; DEPT OF HEALTH SERVICES BARINGO; COUNCIL OF GOVERNORS; MINISTRY OF HEALTH SERVICE AND SANITATION TURKANA COUNTY; MOH GARISSA COUNTY; UNICEF; DEPARTMENT OF CHILDRENS SERVICES KISUMU; DEPT OF HEALTH AND SANITATION; HSSF COUNTY HEALTH OFF NAIROBI; COUNTY DEPARTMENT OF HEALTH ISIOLO; PUMWANI MATERNITY HOSPITAL; KAKAMEGA COUNTY HEALTH SERVICES,,none,52.3,Funding window,0-6 months,Q1 2027,next planned disbursement,70,funding window within 90 days; future planned disbursement; future budget period; active implementation; named implementing buyer,63.2,Qualified Lead,1788000.0,3066000.0,Track disbursement timing and confirm whether a supply contract is expected.
DAC-1601-INV-071981,Tobacco Tax Advocacy in Africa 2024-28,ZA; CD; GH; KE; NG; SN; NA; ZM,ZA; Democratic Republic of the Congo; GH; Kenya; NG; SN; NA; ZM,Gates Foundation,Tax Justice Network Africa,,none,52.3,Funding window,0-6 months,Q4 2026,next planned disbursement,70,funding window within 90 days; future planned disbursement; future budget period; active implementation; named implementing buyer,62.7,Qualified Lead,1900000.0,3535840.0,Track disbursement timing and confirm whether a supply contract is expected.
DAC-1601-INV-070433,Ethiopian Data Analytics and Modeling (EDAM) Consortium,ET,Ethiopia,Gates Foundation,Imperial College London,,none,52.3,Funding window,0-6 months,Q4 2026,next planned disbursement,70,funding window within 90 days; future planned disbursement; future budget period; active implementation; named implementing buyer,62.2,Qualified Lead,2205448.0,2205448.0,Track disbursement timing and confirm whether a supply contract is expected.
DAC-1601-INV-095684,Regional technical support to scale digitization of NTD programs,CD; ET; NG,Democratic Republic of the Congo; Ethiopia; NG,Gates Foundation,Clinton Health Access Initiative Inc,,none,52.3,Funding window,0-6 months,Q4 2026,next planned disbursement,70,funding window within 90 days; future planned disbursement; future budget period; active implementation; named implementing buyer,62.2,Qualified Lead,1800000.0,2500000.0,Track disbursement timing and confirm whether a supply contract is expected.
DAC-1601-INV-044204,Strengthening HCF and HSS Research Capacity,ET,Ethiopia,Gates Foundation,Harvard T.H. Chan School of Public Health,,none,52.2,Funding window,0-6 months,Q4 2026,next planned disbursement,70,funding window within 90 days; future planned disbursement; future budget period; active implementation; named implementing buyer,62.7,Qualified Lead,1650306.0,1650306.0,Track disbursement timing and confirm whether a supply contract is expected.
DAC-1601-INV-076674,Scaling Up MOOVE: AI trial in 5 countries,ZA; KE; NG; RW; TZ,ZA; Kenya; NG; Rwanda; Tanzania,Gates Foundation,Ecole Polytechnique Fédérale de Lausanne,,none,52.2,Funding window,0-6 months,Q4 2026,next planned disbursement,70,funding window within 90 days; future planned disbursement; future budget period; active implementation; named implementing buyer,62.7,Qualified Lead,1471824.0,3033228.0,Track disbursement timing and confirm whether a supply contract is expected.
XM-DAC-41122-Kenya-2400/A0/07/001/005,This activity will contribute to achieving results for the NUT:GOVERNANCE FRAMEWORKS FOR QUALITY &SUSTAINABLE MULTI-SECTORAL NUTRITION PROG output,KE,Kenya,UNICEF Regular Resources; Bureau for Humanitarian Assistance; Global - Nutrition; European Commission/EC; United States Fund for UNICEF; USA USAID,DEPARTMENT OF HEALTH KISUMU COUNTY; MINISTRY OF HEALTH AND SANITATION WEST POKOT KAPENGURIA; WORLD VISION KENYA; HELEN KELLER INTERNATIONAL; COUNCIL OF GOVERNORS; MINISTRY OF HEALTH SAMBURU COUNTY; COUNTY GOVERNMENT OF BUSIA DEPARTMENT OF HEALTH AND SANITATION; KENYA PRIVATE SECTOR ALLIANCE FOUNDATION; KAKAMEGA COUNTY HEALTH SERVICES; KENYA NATIONAL BUREAU OF STATISTICS; COUNTY GOVERNMENT OF MERU DEPT OF HEALTH; MINISTRY OF HEALTH UNICEF; DEPT OF HEALTH SERVICES BARINGO; KILIFI COUNTY DEPARTMENT OF HEALTH; MINISTRY OF LABOR SOCIAL SECURITY AND SERVICES DEPT OF CHILDREN SERVICES; DEPARTMENT OF HEALTH TANA RIVER COUNTY; MINISTRY OF HEALTH MANDERA COUNTY GOVERNMENT; TURKANA COUNTY ASSEMBLY; UNICEF; MINISTRY OF HEALTH SERVICE AND SANITATION TURKANA COUNTY; COUNTY GOVERNMENT OF KWALE,,none,52.2,Funding window,0-6 months,Q1 2027,next planned disbursement,70,funding window within 90 days; future planned disbursement; future budget period; active implementation; named implementing buyer,62.6,Qualified Lead,1418000.0,2386000.0,Track disbursement timing and confirm whether a supply contract is expected.
DAC-1601-INV-074646,CHAIN Family Support Proof-of-Principle Trial (CHAIN-PoP),KE; BD,Kenya; BD,Gates Foundation,Health Research Operations Kenya Limited,,none,52.2,Funding window,0-6 months,Q4 2026,next planned disbursement,70,funding window within 90 days; future planned disbursement; future budget period; active implementation; named implementing buyer,62.5,Qualified Lead,1639690.0,2889690.0,Track disbursement timing and confirm whether a supply contract is expected.
DAC-1601-INV-078901,Accelerating Attainment of Maternal & Newborn SDGs in Kenya,KE,Kenya,Gates Foundation,International Centre for Reproductive Health Kenya,,none,52.2,Funding window,0-6 months,Q4 2026,next planned disbursement,70,funding window within 90 days; future planned disbursement; future budget period; active implementation; named implementing buyer,62.5,Qualified Lead,1500000.0,3500000.0,Track disbursement timing and confirm whether a supply contract is expected.
DAC-1601-INV-088892,Advancing Realistic Health System Design and Planning for PHC,GH; TZ; ID,GH; Tanzania; ID,Gates Foundation,"Results for Development Institute, Inc.",,none,52.2,Funding window,0-6 months,Q4 2026,next planned disbursement,70,funding window within 90 days; future planned disbursement; future budget period; active implementation; named implementing buyer,62.1,Qualified Lead,1550394.0,1550394.0,Track disbursement timing and confirm whether a supply contract is expected.
XM-DAC-41122-South Sudan-4040/A0/04/002/001,This activity will contribute to achieving results for the 2.1 NUTRITION GOVERNANCE output,SS,South Sudan,The United Kingdom; USA (State) BPRM; Canada; World Bank - Washington D.C.; KfW - Germany; Germany; Republic of Korea; Norwegian Committee for UNICEF; European Commission / ECHO; Global - Nutrition; German Committee for UNICEF; Bureau for Humanitarian Assistance; Committee for UNICEF Switzerland; UNICEF Regular Resources,MINISTRY OF HEALTH REPUBLIC OF SOUTH SUDAN; UNICEF; MINISTRY OF SOCIAL DEVELOPMENT NBEG; IP not published; INTERNATIONAL RESCUE COMMITTEE; ACTION AGAINST HUNGER USA; JOHANNITER UNFALL HILFE E V,,none,52.2,Funding window,0-6 months,Q4 2026,next planned disbursement,70,funding window within 90 days; future planned disbursement; future budget period; active implementation; named implementing buyer,62.1,Qualified Lead,1434664.0,2151996.0,Track disbursement timing and confirm whether a supply contract is expected.
DAC-1601-INV-091669,Advancing Health Intelligence with AI for Rwanda and the Region,RW,Rwanda,Gates Foundation,Clinton Health Access Initiative Inc,,none,52.2,Funding window,0-6 months,Q4 2026,next planned disbursement,70,funding window within 90 days; future planned disbursement; future budget period; active implementation; named implementing buyer,62.0,Qualified Lead,1759120.0,1759120.0,Track disbursement timing and confirm whether a supply contract is expected.
DAC-1601-INV-084632,Clinical Information Network: Routine Quality Measures,KE,Kenya,Gates Foundation,Health Research Operations Kenya Limited,,none,52.2,Funding window,0-6 months,Q4 2026,next planned disbursement,70,funding window within 90 days; future planned disbursement; future budget period; active implementation; named implementing buyer,61.8,Qualified Lead,1600000.0,1600000.0,Track disbursement timing and confirm whether a supply contract is expected.
XM-DAC-41122-United Rep. of Tanzania-4550/A0/06/003/001,This activity will contribute to achieving results for the ACCESS TO AFFORDABLE AND QUALITY NUTRITIOUS DIETS output,TZ,Tanzania,USA USAID; United States Fund for UNICEF; UNICEF Regular Resources; German Committee for UNICEF; UNICEF-United Arab Emirates; MPTFO - UN Multi Partner; UN Joint Programme; Global - Nutrition,ZANZIBAR ASSOCIATION OF PEOPLE LIVING WITH HIV AND AIDS ZAPHA; INTERCHURCH MEDICAL ASSISTANCE INC; MINISTRY OF LIVESTOCK AND FISHERIES LIVESTOCK; CATHOLIC RELIEF SERVICES; PS MINISTRY OF EDUCATION AND VOCATIONAL TRAINING ZNZ; PS MINISTRY OF HEALTH AND SOCIAL WELFARE ENVIRONMENTAL HEALTH; PS MINISTRY OF HEALTH AND SOCIAL WELFARE HEALTH PROMOTION; UNICEF; PS PRIME MINISTERS OFFICE REGIONAL ADMINISTRATION AND LOCAL; TANZANIA SOCIAL ACTION FUND; TANZANIA FOOD AND NUTRITION CENTRE; PS MINISTRY OF HEALTH ZNZ; PS MINISTRY OF HEALTH AND SOCIAL WELFARE MATERNAL AND CHILD,,none,52.1,Funding window,0-6 months,Q1 2027,next planned disbursement,70,funding window within 90 days; future planned disbursement; future budget period; active implementation; named implementing buyer,62.7,Qualified Lead,1410136.0,2385272.0,Track disbursement timing and confirm whether a supply contract is expected.
DAC-1601-INV-088346,Events advancing health and development,ZA; ET; NG,ZA; Ethiopia; NG,Gates Foundation,Semafor,,none,52.1,Funding window,0-6 months,Q4 2026,next planned disbursement,70,funding window within 90 days; future planned disbursement; future budget period; active implementation; named implementing buyer,62.4,Qualified Lead,1200000.0,2400000.0,Track disbursement timing and confirm whether a supply contract is expected.
DAC-1601-INV-091240,Strengthening Health Systems for Maternal and Child Health in Tanzania,TZ,Tanzania,Gates Foundation,Delivery Associates Limited,,none,52.1,Funding window,0-6 months,Q4 2026,next planned disbursement,70,funding window within 90 days; future planned disbursement; future budget period; active implementation; named implementing buyer,62.3,Qualified Lead,1197146.0,3007421.0,Track disbursement timing and confirm whether a supply contract is expected.
DAC-1601-INV-072647,Support to CS-SUNN,ET; KE; NG; TZ,Ethiopia; Kenya; NG; Tanzania,Gates Foundation,Civil Society Scaling-Up Nutrition in Nigeria,,none,52.1,Funding window,0-6 months,Q4 2026,next planned disbursement,70,funding window within 90 days; future planned disbursement; future budget period; active implementation; named implementing buyer,62.2,Qualified Lead,1348175.0,2198175.0,Track disbursement timing and confirm whether a supply contract is expected.
DAC-1601-INV-061461,Support Capacity Building and Mentorship Program,ET,Ethiopia,Gates Foundation,University of Gondar,,none,52.1,Funding window,0-6 months,Q4 2026,next planned disbursement,70,funding window within 90 days; future planned disbursement; future budget period; active implementation; named implementing buyer,62.1,Qualified Lead,1199869.0,1199869.0,Track disbursement timing and confirm whether a supply contract is expected.
DAC-1601-INV-090034,HRH Optimization and Management,ET,Ethiopia,Gates Foundation,"MERQ Consultancy, PLC",,none,52.1,Funding window,0-6 months,Q4 2026,next planned disbursement,70,funding window within 90 days; future planned disbursement; future budget period; active implementation; named implementing buyer,62.0,Qualified Lead,1249516.0,1249516.0,Track disbursement timing and confirm whether a supply contract is expected.
DAC-1601-INV-062657,"Kenya National Survey on Gender Norms, Attitudes, Health and Wellbeing",KE,Kenya,Gates Foundation,African Population & Health Research Center,,none,52.1,Funding window,0-6 months,Q4 2026,next planned disbursement,70,funding window within 90 days; future planned disbursement; future budget period; active implementation; named implementing buyer,61.9,Qualified Lead,1367301.0,1367301.0,Track disbursement timing and confirm whether a supply contract is expected.
XM-DAC-41122-Uganda-4380/A0/07/001/004,This activity will contribute to achieving results for the OUTPUT 1.4 NUTRITION SYSTEMS & POLICY output,UG,Uganda,Nutrition International; Italian Committee for UNICEF; The United Kingdom; Global - Nutrition; Japan; British Government (DFID); UNICEF Regular Resources; European Commission / ECHO; USA CDC; United States Fund for UNICEF; Consolidated Funds from NatComs,MINISTRY OF HEALTH; MASAKA REGIONAL REFERRAL HOSPITAL; UNICEF; HOIMA REGIONAL REFERRAL HOSPITAL; MINISTRY OF GENDER LABOUR AND SOCIAL DEVELOPMENT; KYAMBOGO UNIVERSITY UNICEF ACCOUNT; OFFICE OF PRIME MINISTER,,none,52.1,Funding window,0-6 months,Q1 2027,next planned disbursement,70,funding window within 90 days; future planned disbursement; future budget period; active implementation; named implementing buyer,61.9,Qualified Lead,1305451.0,1958190.5,Track disbursement timing and confirm whether a supply contract is expected.
DAC-1601-INV-070819,Mother’s Micronutrient Supplement for Pregnancy and Lactation (MoMs),KE,Kenya,Gates Foundation,Kenya Medical Research Institute,,none,52.1,Funding window,0-6 months,Q4 2026,next planned disbursement,70,funding window within 90 days; future planned disbursement; future budget period; active implementation; named implementing buyer,61.8,Qualified Lead,1250000.0,1700000.0,Track disbursement timing and confirm whether a supply contract is expected.
DAC-1601-INV-060621,Tobacco Control Data Initiative - phase 2,ZA; CD; ET; KE; NG; ZM,ZA; Democratic Republic of the Congo; Ethiopia; Kenya; NG; ZM,Gates Foundation,"Development Gateway, Inc.",,none,52.0,Funding window,0-6 months,Q4 2026,next planned disbursement,70,funding window within 90 days; future planned disbursement; future budget period; active implementation; named implementing buyer,62.4,Qualified Lead,965625.0,2253125.0,Track disbursement timing and confirm whether a supply contract is expected.
DAC-1601-INV-075235,Testing Mobile Health and Nutrition Clinics in Ethiopia,ET,Ethiopia,Gates Foundation,United Nations Population Fund,,none,52.0,Funding window,0-6 months,Q4 2026,next planned disbursement,70,funding window within 90 days; future planned disbursement; future budget period; active implementation; named implementing buyer,62.2,Qualified Lead,1000000.0,1300000.0,Track disbursement timing and confirm whether a supply contract is expected.
DAC-1601-INV-073040,Support to PFM and Payment digitization in health,ET; GH; LS; MW; MZ; UG,Ethiopia; GH; LS; MW; MZ; Uganda,Gates Foundation,"The Global Fund to Fight AIDS, Tuberculosis and Malaria",,none,52.0,Funding window,0-6 months,Q4 2026,next planned disbursement,70,funding window within 90 days; future planned disbursement; future budget period; active implementation; named implementing buyer,62.0,Qualified Lead,1000000.0,1000000.0,Track disbursement timing and confirm whether a supply contract is expected.
DAC-1601-INV-072659,Human Resources for Health (HRH) Compact / Matching Fund,ET,Ethiopia,Gates Foundation,Ethiopia Federal Ministry of Health,,none,52.0,Funding window,0-6 months,Q4 2026,next planned disbursement,70,funding window within 90 days; future planned disbursement; future budget period; active implementation; named implementing buyer,62.0,Qualified Lead,1000000.0,2000000.0,Track disbursement timing and confirm whether a supply contract is expected.
DAC-1601-INV-095503,Delivering Improved Nutrition Through Accountability and Action,KE; TZ; BD; ID,Kenya; Tanzania; BD; ID,Gates Foundation,Access to Nutrition Initiative,,none,52.0,Funding window,0-6 months,Q4 2026,next planned disbursement,70,funding window within 90 days; future planned disbursement; future budget period; active implementation; named implementing buyer,61.8,Qualified Lead,1069236.0,1900000.0,Track disbursement timing and confirm whether a supply contract is expected.
DAC-1601-INV-096952,Rwanda Horizon1000 Facility use case,RW,Rwanda,Gates Foundation,eFiche Limited,,none,52.0,Funding window,0-6 months,Q4 2026,next planned disbursement,70,funding window within 90 days; future planned disbursement; future budget period; active implementation; named implementing buyer,61.5,Qualified Lead,963251.0,963251.0,Track disbursement timing and confirm whether a supply contract is expected.
CA-3-P011782001,COVID-19 Vaccination Delivery and Health System Strengthening,BD; CD; CI; CO; GH; HT; JM; JO; MZ; NG; SN; TZ,BD; Democratic Republic of the Congo; CI; CO; GH; HT; JM; JO; MZ; NG; SN; Tanzania,Canada,UNICEF - United Nations Children's Fund,Cold Chain / Storage; IT / Health Information Systems,direct_keyword,52.0,Demand signal,Unspecified,,no future dated funding signal,62,direct equipment language; procurement language; active implementation; named implementing buyer,59.9,Watchlist,0.0,0.0,"Map buyer, lot structure, and national/UN procurement channels before the funding window."
CA-3-P009439001,Strengthening Tanzania’s Primary Healthcare System for Women and Girls,TZ,Tanzania,Canada,Government of Tanzania - Ministry of Finance,Facility Infrastructure,direct_keyword,52.0,Demand signal,Unspecified,,no future dated funding signal,62,direct equipment language; procurement language; active implementation; named implementing buyer,59.6,Watchlist,0.0,0.0,"Map buyer, lot structure, and national/UN procurement channels before the funding window."
CA-3-P011782002,COVID-19 Vaccination Delivery and Health System Strengthening,BD; CD; CI; CO; GH; HT; JM; MZ; NG; SN; TZ,BD; Democratic Republic of the Congo; CI; CO; GH; HT; JM; MZ; NG; SN; Tanzania,Canada,UNICEF - United Nations Children's Fund,Cold Chain / Storage; IT / Health Information Systems,direct_keyword,52.0,Demand signal,Unspecified,,no future dated funding signal,62,direct equipment language; procurement language; active implementation; named implementing buyer,59.5,Watchlist,0.0,0.0,"Map buyer, lot structure, and national/UN procurement channels before the funding window."
GB-COH-09288843-Tanzania 2015-2020,Strengthening Primary Health Care for Results in Tanzania,TZ,Tanzania,UK - Department for International Development (DFID); The Power of Nutrition,World Bank Group,Facility Infrastructure,direct_keyword,52.0,Demand signal,Unspecified,,no future dated funding signal,62,direct equipment language; procurement language; active implementation; named implementing buyer,59.5,Watchlist,0.0,0.0,"Map buyer, lot structure, and national/UN procurement channels before the funding window."
GB-COH-1858644-GB-1-205242,Tackling Deadly Diseases in Africa Programme (TDDA),CM; TD; CI; ML; NE; UG,CM; TD; CI; ML; NE; Uganda,UK - Department for International Development (DFID),DAI Europe,Facility Infrastructure,direct_keyword,52.0,Demand signal,Unspecified,,no future dated funding signal,62,direct equipment language; procurement language; active implementation; named implementing buyer,59.5,Watchlist,0.0,0.0,"Map buyer, lot structure, and national/UN procurement channels before the funding window."
GB-COH-09288843-Ethiopia 2017-2021,Achieving Maternal and Child Nutrition Results in Ethiopia,ET,Ethiopia,The Power of Nutrition; UK - Department for International Development (DFID),World Bank Group,IT / Health Information Systems,direct_keyword,52.0,Demand signal,Unspecified,,no future dated funding signal,62,direct equipment language; procurement language; active implementation; named implementing buyer,59.4,Watchlist,0.0,0.0,"Map buyer, lot structure, and national/UN procurement channels before the funding window."
XI-IATI-21032-4289CHANGE,"Community Health and Nutrition through Local Governance and Empowerment (CHANGE), Somalia",SO,Somalia,UK - Department for Work and Pensions,Population Service International,Medical Devices & Equipment; IT / Health Information Systems,direct_keyword,52.0,Demand signal,Unspecified,,no future dated funding signal,62,direct equipment language; procurement language; active implementation; named implementing buyer,59.3,Watchlist,0.0,0.0,"Map buyer, lot structure, and national/UN procurement channels before the funding window."
CA-3-P007519001,Human Resources for SRHR and Gender-Based Violence in South Sudan,SS,South Sudan,Canada,UNFPA - United Nations Population Fund,Facility Infrastructure,direct_keyword,52.0,Demand signal,Unspecified,,no future dated funding signal,62,direct equipment language; procurement language; active implementation; named implementing buyer,59.1,Watchlist,0.0,0.0,"Map buyer, lot structure, and national/UN procurement channels before the funding window."
US-EIN-27-1414646-DFIDGFA1,Global Fund Accelerator component: Strengthening Health through Affordable Prices and Efficiency for the Three Diseases “3DSHAPE”,IN; NG; ZA; UG; VN; CD; ET; ID; KE; LA; MM; RW; TZ; ZM; ZW,IN; NG; ZA; Uganda; VN; Democratic Republic of the Congo; Ethiopia; ID; Kenya; LA; MM; Rwanda; Tanzania; ZM; ZW,"UK Foreign, Commonwealth & Development Office (FCDO)",Clinton Health Access Initiative,Diagnostic Equipment,direct_keyword,52.0,Demand signal,Unspecified,,no future dated funding signal,62,direct equipment language; procurement language; active implementation; named implementing buyer,59.1,Watchlist,0.0,0.0,"Map buyer, lot structure, and national/UN procurement channels before the funding window."
47045-SSD-M-IBRD-1,The Health Sector Transformation Project - South Sudan (01-Jul-2024-31-Dec-2026),SS,South Sudan,"The Global Fund to Fight AIDS, Tuberculosis and Malaria; The Global Fund to Fight AIDS, Tuberculosis and Malaria",International Bank for Reconstruction and Development,Facility Infrastructure,direct_keyword,52.0,Demand signal,Unspecified,,active implementation period,62,direct equipment language; procurement language; active implementation; named implementing buyer,59.0,Watchlist,0.0,0.0,"Map buyer, lot structure, and national/UN procurement channels before the funding window."
GB-GOV-1-300237-102,"Consolidated Water, Sanitation and Hygiene Account for the construction of Water Supply and Sanitation facilities",ET,Ethiopia,"Foreign, Commonwealth and Development Office (FCDO)",Ministry of Finance,Facility Infrastructure; Power & Utilities,direct_keyword,52.0,Demand signal,Unspecified,,no future dated funding signal,62,direct equipment language; procurement language; active implementation; named implementing buyer,59.0,Watchlist,0.0,0.0,"Map buyer, lot structure, and national/UN procurement channels before the funding window."
CA-3-D004593001,"Girls Reproductive Health, Rights and Empowerment Accelerated in Tanzania",TZ,Tanzania,Canada,UNICEF - United Nations Children's Fund,Facility Infrastructure,direct_keyword,52.0,Demand signal,Unspecified,,no future dated funding signal,62,direct equipment language; procurement language; active implementation; named implementing buyer,58.7,Watchlist,0.0,0.0,"Map buyer, lot structure, and national/UN procurement channels before the funding window."
ET-CSA-1233-4000005844,REACH Project_SRHR,ET,Ethiopia,Netherlands - Ministry of Foreign Affairs,Amref Health Africa in Ethiopia; DKT Ethiopia,Facility Infrastructure; Power & Utilities,direct_keyword,52.0,Demand signal,Unspecified,,no future dated funding signal,62,direct equipment language; procurement language; active implementation; named implementing buyer,58.5,Watchlist,0.0,0.0,"Map buyer, lot structure, and national/UN procurement channels before the funding window."
FR-3-CCD111901,Programme de Renforcement du Système de Santé sur deux zones de santé de la province du Nord Kivu,CD,Democratic Republic of the Congo,France,REPUBLIQUE DEMOCRATIQUE DU CONGO,Facility Infrastructure,direct_keyword,52.0,Demand signal,Unspecified,,no future dated funding signal,62,direct equipment language; procurement language; active implementation; named implementing buyer,58.5,Watchlist,0.0,0.0,"Map buyer, lot structure, and national/UN procurement channels before the funding window."
GB-CHC-222655-LIGHT,FCDO - Leaving no-one behind: transforming Gendered pathways to Health for TB,GB; KE; NG; MW; UG,GB; Kenya; NG; MW; Uganda,"UK - Foreign, Commonwealth and Development Office","Malawi Liverpool Wellcome Trust Programme, Malawi; Makerere University School of Public Health; Liverpool School of Tropical Medicine; African Institute for Development Policy (AFIDEP), Kenya; Zankli Research Centre; London School of Hygiene & Tropical Medicine; Respiratory Society of Kenya",Diagnostic Equipment,direct_keyword,52.0,Demand signal,Unspecified,,no future dated funding signal,62,direct equipment language; procurement language; active implementation; named implementing buyer,58.5,Watchlist,0.0,0.0,"Map buyer, lot structure, and national/UN procurement channels before the funding window."
GB-COH-10633588-Ascend,Accelerating the Sustainable Control and Elimination of Neglected Tropical Diseases (ASCEND),BD; NP; KE; UG; MW; MZ; TZ; ZM; ET; SS,BD; NP; Kenya; Uganda; MW; MZ; Tanzania; ZM; Ethiopia; South Sudan,UK - Department for International Development (DFID),Abt Britain Ltd,Power & Utilities,direct_keyword,52.0,Demand signal,Unspecified,,no future dated funding signal,62,direct equipment language; procurement language; active implementation; named implementing buyer,58.3,Watchlist,0.0,0.0,"Map buyer, lot structure, and national/UN procurement channels before the funding window."
41AAA-23475-001,Procurement support for the Ethiopian Pharmaceutical Supply Agency,ET,Ethiopia,,United Nations Office for Project Services,Cold Chain / Storage; Vehicles & Transport; Power & Utilities,direct_keyword,52.0,Demand signal,Unspecified,,no future dated funding signal,62,direct equipment language; procurement language; active implementation; named implementing buyer,58.2,Watchlist,0.0,0.0,"Map buyer, lot structure, and national/UN procurement channels before the funding window."
NL-KVK-27378529-4000002159,Dutch Surge Support (DSS Water) – Phase 2,AF; AO; BD; BF; BR; BS; BZ; CD; CL; CM; CO; CU; DO; DZ; EC; ET; GQ; GT; GY; HN; HT; IN; JM; KE; KG; KM; KP; LB; LY; MG; MK; ML; MR; MW; MZ; NA; NE; NG; NI; PE; PK; PS; PY; SD; SO; SR; SS; SV; SY; SZ; TO; TR; TZ; UA; UG; VE; YE; ZA; ZW,AF; AO; BD; BF; BR; BS; BZ; Democratic Republic of the Congo; CL; CM; CO; CU; DO; DZ; EC; Ethiopia; GQ; GT; GY; HN; HT; IN; JM; Kenya; KG; KM; KP; LB; LY; MG; MK; ML; MR; MW; MZ; NA; NE; NG; NI; PE; PK; PS; PY; SD; Somalia; SR; South Sudan; SV; SY; SZ; TO; TR; Tanzania; UA; Uganda; VE; YE; ZA; ZW,Netherlands Ministry of Foreign Affairs,Netherlands Enterprise Agency,Facility Infrastructure,direct_keyword,52.0,Demand signal,Unspecified,,no future dated funding signal,62,direct equipment language; procurement language; active implementation; named implementing buyer,58.1,Watchlist,0.0,0.0,"Map buyer, lot structure, and national/UN procurement channels before the funding window."
GB-CHC-1076822-82605186,SWAN: Humanitarian Supplies for Health WASH and Non-food items,ET,Ethiopia,Save The Children UK,Save The Children International,Power & Utilities,direct_keyword,52.0,Demand signal,Unspecified,,no future dated funding signal,62,direct equipment language; procurement language; active implementation; named implementing buyer,58.1,Watchlist,0.0,0.0,"Map buyer, lot structure, and national/UN procurement channels before the funding window."
GB-COH-2695347-10922,Maternal and Newborn Improvement Quality of Care Project,KE,Kenya,"Marie Stopes International; Foreign, Commonwealth & Development Office",Options Consultancy Services,IT / Health Information Systems,direct_keyword,52.0,Demand signal,Unspecified,,no future dated funding signal,62,direct equipment language; procurement language; active implementation; named implementing buyer,58.1,Watchlist,0.0,0.0,"Map buyer, lot structure, and national/UN procurement channels before the funding window."
GB-GOV-1-301474-417,British Red Cross-CDEL,ET,Ethiopia,"Foreign, Commonwealth and Development Office (FCDO)",BRITISH RED CROSS,Facility Infrastructure,direct_keyword,52.0,Demand signal,Unspecified,,active implementation period,62,direct equipment language; procurement language; active implementation; named implementing buyer,58.0,Watchlist,0.0,0.0,"Map buyer, lot structure, and national/UN procurement channels before the funding window."
GB-COH-11126312-AT2030-Cluster-1-22-23,AT2030 - Cluster 1: Data and Evidence,KE; BD; JO; UG; GB; AF; BE; FJ; ID; LK; IN; ZA; CH,Kenya; BD; JO; Uganda; GB; AF; BE; FJ; ID; LK; IN; ZA; CH,UK - Foreign & Commonwealth Office,University College London; Maynooth University; Global Disability Innovation Hub; London School of Hygiene and Tropical Medicine; The Hong Kong Polytechnic University; Global Alliance of Assistive Technology Organizations; HelpAge International; Humanity & Inclusion; CBM Christian Blind Mission; International Society for Prosthetics and Orthotics; Mobility India; University of Nairobi; Sheikh Zayed Eye Hospital; IIT Delhi; IIT Madras; Universidade de Sao Paulo; Centre for Disability in Development; United Nations Population Fund; Uganda Medical Research Council,Diagnostic Equipment,direct_keyword,52.0,Demand signal,Unspecified,,no future dated funding signal,62,direct equipment language; procurement language; active implementation; named implementing buyer,58.0,Watchlist,0.0,0.0,"Map buyer, lot structure, and national/UN procurement channels before the funding window."
GB-COH-RC000631-VacAMR-NIHR156011,NIHR Global Health Research Group on Vaccines to Control RespiratoryPathogens and AMR across Africa (VacAMR),GB; MW; KE; GH; CI; NG,GB; MW; Kenya; GH; CI; NG,,London School of Hygiene and Tropical Medicine; Liverpool School of Tropical Medicine; Malawi-Liverpool-Wellcome Trust Clinical Research Programme; Navrongo Health Research Centre; Nigeria Centre for Disease Control; Centre Suisse de Recherches Scientifiques en Côte d'Ivoire; Nigeria Institute of Medical Research; Wellcome Connecting Science; Kamuzu College of Health Sciences; Health Research Operations Kenya Limited,Diagnostic Equipment,direct_keyword,52.0,Demand signal,Unspecified,,active implementation period,62,direct equipment language; procurement language; active implementation; named implementing buyer,57.9,Watchlist,0.0,0.0,"Map buyer, lot structure, and national/UN procurement channels before the funding window."
KE-KRA-P051637065Q-VacAMR-NIHR156011,NIHR Global Health Research Group on Vaccines to Control Respiratory Pathogens and AMR across Africa (VacAMR),KE,Kenya,,London School of Hygiene and Tropical Medicine; Liverpool School of Tropical Medicine; Malawi-Liverpool Wellcome Programme; Navrongo Health Research Centre; Nigeria Centre for Disease Control; Centre Suisse de Recherches Scientifiques en Côte d'Ivoire; Nigeria Institute of Medical Research; Wellcome Connecting Science; Kamuzu College of Health Sciences,Diagnostic Equipment,direct_keyword,52.0,Demand signal,Unspecified,,no future dated funding signal,62,direct equipment language; procurement language; active implementation; named implementing buyer,57.9,Watchlist,0.0,0.0,"Map buyer, lot structure, and national/UN procurement channels before the funding window."
GB-GOV-1-300237-101,"Consolidated Water, Sanitation and Hygiene Account  for building capacity of government institutions for effective delivery of Water, Sanitation and Hygiene services",ET,Ethiopia,"Foreign, Commonwealth and Development Office (FCDO)",Ministry of Finance,Power & Utilities,direct_keyword,52.0,Demand signal,Unspecified,,no future dated funding signal,62,direct equipment language; procurement language; active implementation; named implementing buyer,57.9,Watchlist,0.0,0.0,"Map buyer, lot structure, and national/UN procurement channels before the funding window."
GB-EDU-133903-ITD101170IR,NIHR Global Health Research Group on HIV-associated Fungal Infections,BW; CD; GN; MW; MZ; ZA; VN,BW; Democratic Republic of the Congo; GN; MW; MZ; ZA; VN,NIHR,"University of Cape Town; Wits Health Consortium; Botswana Harvard AIDS Institute Partnership; Malawi Liverpool Wellcome Trust clinical Research Unit; Hanoi Medical University; Imperial College of Science, Technology and Medicine; St. George's University of London (SGUL); Drugs for Neglected Diseases initiative",Diagnostic Equipment,direct_keyword,52.0,Demand signal,Unspecified,,no future dated funding signal,62,direct equipment language; procurement language; active implementation; named implementing buyer,57.9,Watchlist,0.0,0.0,"Map buyer, lot structure, and national/UN procurement channels before the funding window."
GB-COH-RC000797-GHRKENYA,NIHR Global Health Research Group for Improving Oesophageal Cancer Survival in Kenya: The Hub and Spoke Model,KE; GB,Kenya; GB,,"Kenyatta University Teaching, Referral and Research Hospital; Manchester University NHS Foundation Trust; Salford Royal NHS Foundation Trust; The Christie NHS Foundation Trust; Mount Kenya University; Jomo Kenyatta University of Science and Technology; Kenyatta University; National Cancer Institute of Kenya; Kenya Medical Research Institute (KEMRI); Tenwek Hospital",Diagnostic Equipment; Laboratory Systems; Facility Infrastructure; IT / Health Information Systems,direct_keyword,52.0,Demand signal,Unspecified,,no future dated funding signal,62,direct equipment language; procurement language; active implementation; named implementing buyer,57.9,Watchlist,0.0,0.0,"Map buyer, lot structure, and national/UN procurement channels before the funding window."
41AAA-24554-001,Procurement Support for Oromia Health Bureau in Ethiopia,ET,Ethiopia,,United Nations Office for Project Services,Vehicles & Transport,direct_keyword,52.0,Demand signal,Unspecified,,no future dated funding signal,62,direct equipment language; procurement language; active implementation; named implementing buyer,57.8,Watchlist,0.0,0.0,"Map buyer, lot structure, and national/UN procurement channels before the funding window."
KE-RCO-CPR-2009-5689-3803-LKHF,Lake Kivu Harbour Facilities & PPP on Ferry Transport Services,RW,Rwanda,"Belgian Development Agency (Enabel); UK - Foreign, Commonwealth and Development Office (FCDO)",TradeMark Africa,Facility Infrastructure,direct_keyword,52.0,Demand signal,Unspecified,,no future dated funding signal,62,direct equipment language; procurement language; active implementation; named implementing buyer,57.8,Watchlist,0.0,0.0,"Map buyer, lot structure, and national/UN procurement channels before the funding window."
XM-OCHA-HPC6770-9592,Joint Executive Program of the Project for Prevention and Response to Outbreaks of Measles and Polio in High-Risk Countries in the Eastern Mediterranean Region - Republic of Somalia,SO,Somalia,King Salman Humanitarian Aid and Relief Centre,World Health Organization (WHO),Laboratory Systems; Medical Devices & Equipment; Cold Chain / Storage; Power & Utilities,direct_keyword,52.0,Demand signal,Unspecified,,no future dated funding signal,62,direct equipment language; procurement language; active implementation; named implementing buyer,57.7,Watchlist,0.0,0.0,"Map buyer, lot structure, and national/UN procurement channels before the funding window."
US-EIN-13-5660870-DF220,Implementing Partners to Provide Essential Healthcare Services in South Sudan (HPF Phase 3) (Year 2),SS,South Sudan,Crown Agents,International Rescue Committee Inc.,Facility Infrastructure,direct_keyword,52.0,Demand signal,Unspecified,,no future dated funding signal,62,direct equipment language; procurement language; active implementation; named implementing buyer,57.7,Watchlist,0.0,0.0,"Map buyer, lot structure, and national/UN procurement channels before the funding window."
NL-KVK-27378529-27115,Dutch Surge Support (DSS Water) – Phase 1,AL; AO; BD; BF; BO; BW; CF; CM; DM; ET; GR; KE; LB; LK; LR; MK; MW; NG; PE; PG; PS; RW; SL; SZ; TD; TR; TZ; UG; YE; ZM,AL; AO; BD; BF; BO; BW; CF; CM; DM; Ethiopia; GR; Kenya; LB; LK; LR; MK; MW; NG; PE; PG; PS; Rwanda; SL; SZ; TD; TR; Tanzania; Uganda; YE; ZM,Netherlands Ministry of Foreign Affairs,Netherlands Enterprise Agency,Facility Infrastructure,direct_keyword,52.0,Demand signal,Unspecified,,no future dated funding signal,62,direct equipment language; procurement language; active implementation; named implementing buyer,57.7,Watchlist,0.0,0.0,"Map buyer, lot structure, and national/UN procurement channels before the funding window."
GB-GOV-10-GHRG_3_133208,NIHR Global Health Research Group on developing strategies for hepatitis C in Ethiopia (DESTINE),ET,Ethiopia,UK - Department of Health and Social Care (DHSC),University of Dundee,Facility Infrastructure,direct_keyword,52.0,Demand signal,Unspecified,,active implementation period,62,direct equipment language; procurement language; active implementation; named implementing buyer,57.7,Watchlist,0.0,0.0,"Map buyer, lot structure, and national/UN procurement channels before the funding window."
US-EIN-13-5660870-DF215,Health Pooled Fund (HPF3)- Lot 21,SS,South Sudan,Crown Agents Limited,"International Rescue Committee, The",Facility Infrastructure,direct_keyword,52.0,Demand signal,Unspecified,,no future dated funding signal,62,direct equipment language; procurement language; active implementation; named implementing buyer,57.7,Watchlist,0.0,0.0,"Map buyer, lot structure, and national/UN procurement channels before the funding window."
GB-COH-04465125-NIHR-P93366,NIHR Global Health Research Group on Digital Diagnostics for African  Health Systems,GM; GH; BF; KE; SD; ZM,GM; GH; BF; Kenya; SD; ZM,National Institute of Health Research (NIHR),"Imperial College of Science, Technology and Medicine; Malaria Consortium; MRC Unit The Gambia; Masinde Muliro University of Technology and Sciences; Mino Health AI; University of Nairobi; Institut de la Recherche en la Santé, Clinical Unit of Nanoro (IRSS-CRUN); Tropical Diseases Research Centre; The Hague University of Applied Sciences; Institute of Cancer Research; University of Khartoum; Patient Helping Fund Organization; Canterbury Christ Church University; University of Ghana",Diagnostic Equipment,direct_keyword,52.0,Demand signal,Unspecified,,no future dated funding signal,62,direct equipment language; procurement language; active implementation; named implementing buyer,57.7,Watchlist,0.0,0.0,"Map buyer, lot structure, and national/UN procurement channels before the funding window."
GB-CHC-1099776-I1,Supporting Uganda’s Malaria Reduction and Elimination Strategy (SUMRES),UG,Uganda,The Aids Support Organisation (TASO) Uganda Limited,Malaria Consortium,Facility Infrastructure,direct_keyword,52.0,Demand signal,Unspecified,,no future dated funding signal,62,direct equipment language; procurement language; active implementation; named implementing buyer,57.7,Watchlist,0.0,0.0,"Map buyer, lot structure, and national/UN procurement channels before the funding window."
XM-OCHA-HPC6770-11280,Joint Executive Program Reducing child mortality due to pneumonia by increasing access to medical oxygen in a humanitarian setting in Somalia,SO,Somalia,King Salman Humanitarian Aid and Relief Centre,World Health Organization,Medical Devices & Equipment; Oxygen & Respiratory; Power & Utilities,direct_keyword,52.0,Demand signal,Unspecified,,no future dated funding signal,62,direct equipment language; procurement language; active implementation; named implementing buyer,57.5,Watchlist,0.0,0.0,"Map buyer, lot structure, and national/UN procurement channels before the funding window."
XM-OCHA-HPC6770-16399,Operation of the kidney dialysis center at Banadir Hospital in Mogadishu (phase three),SO,Somalia,King Salman Humanitarian Aid and Relief Centre,Al-Ameen for Humanitarian Support,Medical Devices & Equipment; Facility Infrastructure; Power & Utilities,direct_keyword,52.0,Demand signal,Unspecified,,no future dated funding signal,62,direct equipment language; procurement language; active implementation; named implementing buyer,57.4,Watchlist,0.0,0.0,"Map buyer, lot structure, and national/UN procurement channels before the funding window."
US-EIN-13-5660870-DF246,Health Pooled Fund 3 Lot 17 (Aweil East) Year 5,SS,South Sudan,International Rescue Committee UK,The International Rescue Committee; Centre for Emergency and Development Support (CEDS),Facility Infrastructure,direct_keyword,52.0,Demand signal,Unspecified,,no future dated funding signal,62,direct equipment language; procurement language; active implementation; named implementing buyer,57.4,Watchlist,0.0,0.0,"Map buyer, lot structure, and national/UN procurement channels before the funding window."
US-EIN-13-5660870-DF206,Implementing Partners to Provide Essential Health Care Services in South Sudan (HPF Phase 3),SS,South Sudan,Crown Agents,International Rescue Committee Inc.,Facility Infrastructure,direct_keyword,52.0,Demand signal,Unspecified,,no future dated funding signal,62,direct equipment language; procurement language; active implementation; named implementing buyer,57.4,Watchlist,0.0,0.0,"Map buyer, lot structure, and national/UN procurement channels before the funding window."
41AAA-24600-001,"Procurement of Medical Equipment for Suhul Hospital in Shire, Tigray, Ethiopia",ET,Ethiopia,,United Nations Office for Project Services,Medical Devices & Equipment,direct_keyword,52.0,Demand signal,Unspecified,,no future dated funding signal,62,direct equipment language; procurement language; active implementation; named implementing buyer,57.3,Watchlist,0.0,0.0,"Map buyer, lot structure, and national/UN procurement channels before the funding window."
US-EIN-13-5660870-DF219,Implementing Partners to Provide Essential Health Care Services in South Sudan (HPF Phase 3) (Year 2),SS,South Sudan,Crown Agents,International Rescue Committee Inc.,Facility Infrastructure,direct_keyword,52.0,Demand signal,Unspecified,,no future dated funding signal,62,direct equipment language; procurement language; active implementation; named implementing buyer,57.3,Watchlist,0.0,0.0,"Map buyer, lot structure, and national/UN procurement channels before the funding window."
XM-OCHA-HPC6770-11279,Joint Executive Program of a project to improve access to reproductive health services for displaced and vulnerable women and girls in Somalia,SO,Somalia,King Salman Humanitarian Aid and Relief Centre,United Nations Population Fund,Medical Devices & Equipment; Facility Infrastructure,direct_keyword,52.0,Demand signal,Unspecified,,no future dated funding signal,62,direct equipment language; procurement language; active implementation; named implementing buyer,57.3,Watchlist,0.0,0.0,"Map buyer, lot structure, and national/UN procurement channels before the funding window."
XM-OCHA-HPC6770-12390,Operating the dialysis center at Banadir Hospital in Mogadishu,SO,Somalia,King Salman Humanitarian Aid and Relief Centre,Al-Ameen for Humanitarian Support,Medical Devices & Equipment; Facility Infrastructure; Power & Utilities,direct_keyword,52.0,Demand signal,Unspecified,,no future dated funding signal,62,direct equipment language; procurement language; active implementation; named implementing buyer,57.3,Watchlist,0.0,0.0,"Map buyer, lot structure, and national/UN procurement channels before the funding window."
XM-OCHA-HPC6770-10992,Operating the dialysis center at Banadir Hospital Mogadishu,SO,Somalia,King Salman Humanitarian Aid and Relief Centre,Al-Ameen for Humanitarian Support,Medical Devices & Equipment; Facility Infrastructure,direct_keyword,52.0,Demand signal,Unspecified,,no future dated funding signal,62,direct equipment language; procurement language; active implementation; named implementing buyer,57.2,Watchlist,0.0,0.0,"Map buyer, lot structure, and national/UN procurement channels before the funding window."
GB-GOV-1-301474-414,Ethiopian Red Cross Society (ERCS)-CDEL,ET,Ethiopia,"Foreign, Commonwealth and Development Office (FCDO)",ETHIOPIAN RED CROSS SOCIETY,Facility Infrastructure,direct_keyword,52.0,Demand signal,Unspecified,,no future dated funding signal,62,direct equipment language; procurement language; active implementation; named implementing buyer,57.1,Watchlist,0.0,0.0,"Map buyer, lot structure, and national/UN procurement channels before the funding window."
41AAA-24612-001,"Support for Improving Maternal and Newborn Health through Health System Strengthening project in Kajiado County, Kenya",KE,Kenya,,United Nations Office for Project Services,Medical Devices & Equipment; Vehicles & Transport,direct_keyword,52.0,Demand signal,Unspecified,,no future dated funding signal,62,direct equipment language; procurement language; active implementation; named implementing buyer,57.1,Watchlist,0.0,0.0,"Map buyer, lot structure, and national/UN procurement channels before the funding window."
US-EIN-27-1414646-MAMNCH1,MedAccess - SD Biosensor Volume Guarantee Monitoring and Advisory Support,CD; KE; NG; TZ; ZM; ZW,Democratic Republic of the Congo; Kenya; NG; Tanzania; ZM; ZW,"UK - Foreign, Commonwealth and Development Office",Clinton Health Access Initiative,Diagnostic Equipment,direct_keyword,52.0,Demand signal,Unspecified,,no future dated funding signal,62,direct equipment language; procurement language; active implementation; named implementing buyer,57.1,Watchlist,0.0,0.0,"Map buyer, lot structure, and national/UN procurement channels before the funding window."
XM-OCHA-HPC6770-12519,Operation of the National Blood Bank in Mogadishu,SO,Somalia,King Salman Humanitarian Aid and Relief Centre,Al-Ameen for Humanitarian Support,Laboratory Systems; Facility Infrastructure,direct_keyword,52.0,Demand signal,Unspecified,,no future dated funding signal,62,direct equipment language; procurement language; active implementation; named implementing buyer,57.1,Watchlist,0.0,0.0,"Map buyer, lot structure, and national/UN procurement channels before the funding window."
NL-KVK-41160054-201220,Healthy and Empowered Youths Accessing better Resilient Livelihoods in Terego District (HEAL),UG,Uganda,Gesundes Afrika e.V.,Cordaid Uganda,Facility Infrastructure,direct_keyword,52.0,Demand signal,Unspecified,,no future dated funding signal,62,direct equipment language; procurement language; active implementation; named implementing buyer,57.0,Watchlist,0.0,0.0,"Map buyer, lot structure, and national/UN procurement channels before the funding window."
NL-KVK-41160054-201432,Caritas Torit health centre support,SS,South Sudan,Cordaid Global Office,Cordaid South Sudan,Facility Infrastructure,direct_keyword,52.0,Demand signal,Unspecified,,no future dated funding signal,62,direct equipment language; procurement language; active implementation; named implementing buyer,57.0,Watchlist,0.0,0.0,"Map buyer, lot structure, and national/UN procurement channels before the funding window."
US-EIN-13-5660870-DF229,Implementing Partners to Provide Essential Health Care Services in South Sudan (HPF),SS,South Sudan,Crown Agents,International Rescue Committee Inc.; Centre for Emergency and Development Support (CEDS),Facility Infrastructure,direct_keyword,52.0,Demand signal,Unspecified,,no future dated funding signal,62,direct equipment language; procurement language; active implementation; named implementing buyer,57.0,Watchlist,0.0,0.0,"Map buyer, lot structure, and national/UN procurement channels before the funding window."
XM-OCHA-HPC6770-14816,"Making dialysis treatment accessible to vulnerable groups at Garowe General Hospital, Somalia",SO,Somalia,King Salman Humanitarian Aid and Relief Centre,International Medical Corps UK,Medical Devices & Equipment; Facility Infrastructure,direct_keyword,52.0,Demand signal,Unspecified,,no future dated funding signal,62,direct equipment language; procurement language; active implementation; named implementing buyer,57.0,Watchlist,0.0,0.0,"Map buyer, lot structure, and national/UN procurement channels before the funding window."
KE-KRA-P051097200R-997,Evaluating the feasibility and impact on malaria transmission of community-based winter larviciding or house screening as additional vector control interventions in southern African countries committed to malaria elimination,KE,Kenya,World Health Orgaisation,International Centre of Insect Physiology and Ecology (icipe),Diagnostic Equipment,direct_keyword,52.0,Demand signal,Unspecified,,no future dated funding signal,62,direct equipment language; procurement language; active implementation; named implementing buyer,56.9,Watchlist,0.0,0.0,"Map buyer, lot structure, and national/UN procurement channels before the funding window."
NL-KVK-41209946-Kenya,Bridging the Gaps 2 - PWUD project Kenya,KE,Kenya,Mainline,MEWA,Diagnostic Equipment,direct_keyword,52.0,Demand signal,Unspecified,,no future dated funding signal,62,direct equipment language; procurement language; active implementation; named implementing buyer,56.9,Watchlist,0.0,0.0,"Map buyer, lot structure, and national/UN procurement channels before the funding window."
NL-KVK-41150298-2154,WaterStarters,KE,Kenya,-,Amref Health Africa in Kenya,Power & Utilities,direct_keyword,52.0,Demand signal,Unspecified,,active implementation period,62,direct equipment language; procurement language; active implementation; named implementing buyer,56.9,Watchlist,0.0,0.0,"Map buyer, lot structure, and national/UN procurement channels before the funding window."
GH-TIN-V0004162595-SHARP,Improving experiences of severe stigmatising skin diseases in Ghana and Ethiopia,GB; ET,GB; Ethiopia,NIHR,"Armauer Hansen Research Institute; Kumasi Centre for Collaboration and Research in Tropical Medicine, Kwame Nkrumah University of Science and Technology",Diagnostic Equipment; Facility Infrastructure,direct_keyword,52.0,Demand signal,Unspecified,,no future dated funding signal,62,direct equipment language; procurement language; active implementation; named implementing buyer,56.9,Watchlist,0.0,0.0,"Map buyer, lot structure, and national/UN procurement channels before the funding window."
XM-OCHA-HPC6770-10960,Ambulance and Rescue Unit Support Project of the Federal Ministry of Health of Somalia,SO,Somalia,King Salman Humanitarian Aid and Relief Centre,The Organisation of Islamic Cooperation (OIC),Vehicles & Transport,direct_keyword,52.0,Demand signal,Unspecified,,no future dated funding signal,62,direct equipment language; procurement language; active implementation; named implementing buyer,56.8,Watchlist,0.0,0.0,"Map buyer, lot structure, and national/UN procurement channels before the funding window."
XM-OCHAS-HPC6770-7677,"Establishment and operation of Afgoye General Hospital in Afgoye City, Lower Shabelle Governorate, Federal Republic of Somalia",SO,Somalia,King Salman Humanitarian Aid and Relief Centre,The Organisation of Islamic Cooperation (OIC),Diagnostic Equipment,direct_keyword,52.0,Demand signal,Unspecified,,no future dated funding signal,62,direct equipment language; procurement language; active implementation; named implementing buyer,56.8,Watchlist,0.0,0.0,"Map buyer, lot structure, and national/UN procurement channels before the funding window."
XM-OCHA-HPC6770-16400,Operation of the National Blood Bank in Mogadishu (Phase Two),SO,Somalia,King Salman Humanitarian Aid and Relief Centre,Al-Ameen for Humanitarian Support,Laboratory Systems; Facility Infrastructure,direct_keyword,52.0,Demand signal,Unspecified,,no future dated funding signal,62,direct equipment language; procurement language; active implementation; named implementing buyer,56.7,Watchlist,0.0,0.0,"Map buyer, lot structure, and national/UN procurement channels before the funding window."
NO-BRC-971277882-QZA-18/0159-356,NPM Improvement of Health and Education Services,CD,Democratic Republic of the Congo,Norwegian Government,Digni; ACAD - Christian Action for Aid and Development,Facility Infrastructure,direct_keyword,52.0,Demand signal,Unspecified,,no future dated funding signal,62,direct equipment language; procurement language; active implementation; named implementing buyer,56.6,Watchlist,0.0,0.0,"Map buyer, lot structure, and national/UN procurement channels before the funding window."
US-EIN-13-5660870-SV608,Crossborder emergency response in WASH and Protection to the crisis in Uvira,BI; CD,BI; Democratic Republic of the Congo,Stichting Vluchteling,The International Rescue Committee,Facility Infrastructure; Power & Utilities,direct_keyword,52.0,Demand signal,Unspecified,,no future dated funding signal,62,direct equipment language; procurement language; active implementation; named implementing buyer,56.6,Watchlist,0.0,0.0,"Map buyer, lot structure, and national/UN procurement channels before the funding window."
NL-KVK-41150298-2157,WaterStarters II,KE,Kenya,,Amref Health Africa in Kenya,Power & Utilities,direct_keyword,52.0,Demand signal,Unspecified,,active implementation period,62,direct equipment language; procurement language; active implementation; named implementing buyer,56.6,Watchlist,0.0,0.0,"Map buyer, lot structure, and national/UN procurement channels before the funding window."
NL-KVK-41207580-4000,1% - Snakebite: A Voice for the Voiceless,KE; UG; ZM,Kenya; Uganda; ZM,Amref Flying Doctors,Health Action International,Facility Infrastructure,direct_keyword,52.0,Demand signal,Unspecified,,no future dated funding signal,62,direct equipment language; procurement language; active implementation; named implementing buyer,56.6,Watchlist,0.0,0.0,"Map buyer, lot structure, and national/UN procurement channels before the funding window."
GB-CHC-261488-ETA61GK,Integrating TB and malaria services into Maternal and Neonatal Child Health,ET,Ethiopia,GlaxoSmithKline (GSK),Amref Health Africa in Ethiopia,Diagnostic Equipment; PPE; Facility Infrastructure,direct_keyword,52.0,Demand signal,Unspecified,,no future dated funding signal,62,direct equipment language; procurement language; active implementation; named implementing buyer,56.6,Watchlist,0.0,0.0,"Map buyer, lot structure, and national/UN procurement channels before the funding window."
GB-1-205206-406,Mpox Outbreak Readiness and Response Support towards Priority Populations in Uganda by IDI,UG,Uganda,"Foreign, Commonwealth and Development Office (FCDO)",INFECTIOUS DISEASES INSTITUTE LTD,Diagnostic Equipment,direct_keyword,52.0,Demand signal,Unspecified,,no future dated funding signal,62,direct equipment language; procurement language; active implementation; named implementing buyer,56.5,Watchlist,0.0,0.0,"Map buyer, lot structure, and national/UN procurement channels before the funding window."
GB-CHC-1140123-GPAF,"Nationwide primary eye care training of Health Centre nurses in Rwanda to provide free vision assessments to an estimated 425,000 people and 30,000 eyeglasses to those in need.",RW,Rwanda,Department for International Development,Vision for a Nation Foundation,Facility Infrastructure,direct_keyword,52.0,Demand signal,Unspecified,,no future dated funding signal,62,direct equipment language; procurement language; active implementation; named implementing buyer,56.3,Watchlist,0.0,0.0,"Map buyer, lot structure, and national/UN procurement channels before the funding window."
GB-GOV-1-300237-105,Technical Service Provider through NIRAS LTS International,ET,Ethiopia,"Foreign, Commonwealth and Development Office (FCDO)",MSE Auditors Partnership; NIRAS GROUP UK LTD; LTS International Ltd,Power & Utilities,direct_keyword,52.0,Demand signal,Unspecified,,no future dated funding signal,62,direct equipment language; procurement language; active implementation; named implementing buyer,56.3,Watchlist,0.0,0.0,"Map buyer, lot structure, and national/UN procurement channels before the funding window."
NO-BRC-971277882-UGA-19/0003,Lira Rehabilitation Centre 2020 - 2024,UG,Uganda,Norwegian Government,Adina Stiftelsen; Adina Stiftelsen - Local Office,Facility Infrastructure,direct_keyword,52.0,Demand signal,Unspecified,,no future dated funding signal,62,direct equipment language; procurement language; active implementation; named implementing buyer,56.2,Watchlist,0.0,0.0,"Map buyer, lot structure, and national/UN procurement channels before the funding window."
GB-CHC-1076497-UKAMEastAfricaEarlyIntervention,Establishing early intervention services for infants with sensory impairments in Kenya and Uganda (UKAM),KE; UG,Kenya; Uganda,DFID,SI East Africa (Kenya); SI East Africa (Uganda),Diagnostic Equipment; Facility Infrastructure,direct_keyword,52.0,Demand signal,Unspecified,,no future dated funding signal,62,direct equipment language; procurement language; active implementation; named implementing buyer,56.2,Watchlist,0.0,0.0,"Map buyer, lot structure, and national/UN procurement channels before the funding window."
41AAA-24687-001,EPHI Procurement of Forklift and Cold Chain Truck,ET,Ethiopia,,United Nations Office for Project Services,Cold Chain / Storage,direct_keyword,52.0,Demand signal,Unspecified,,no future dated funding signal,62,direct equipment language; procurement language; active implementation; named implementing buyer,56.1,Watchlist,0.0,0.0,"Map buyer, lot structure, and national/UN procurement channels before the funding window."
GB-CHC-1076822-82604465,Emergency WASH and financial support response for conflict affected IDPs,ET,Ethiopia,Save The Children UK,Save The Children International,Power & Utilities,direct_keyword,52.0,Demand signal,Unspecified,,no future dated funding signal,62,direct equipment language; procurement language; active implementation; named implementing buyer,56.1,Watchlist,0.0,0.0,"Map buyer, lot structure, and national/UN procurement channels before the funding window."
NL-KVK-41160054-201529,"Emergency Flood Response Support in Mayendit County, South Sudan",SS,South Sudan,Cordaid Global Office,Cordaid South Sudan; Children Aid South Sudan,Facility Infrastructure; Power & Utilities,direct_keyword,52.0,Demand signal,Unspecified,,no future dated funding signal,62,direct equipment language; procurement language; active implementation; named implementing buyer,56.1,Watchlist,0.0,0.0,"Map buyer, lot structure, and national/UN procurement channels before the funding window."
UG-NGB-5914-252-N141,COVID19 RESPONSE FOR THE UGANDAN NORTHERN TRANSPORT CORRIDOR,UG,Uganda,,Amref Health Africa Uganda,Facility Infrastructure,direct_keyword,52.0,Demand signal,Unspecified,,no future dated funding signal,62,direct equipment language; procurement language; active implementation; named implementing buyer,56.1,Watchlist,0.0,0.0,"Map buyer, lot structure, and national/UN procurement channels before the funding window."
XM-OCHAS-HPC6770-7679,"Establishment and operation of Bir Jadid Health Center in Bir Jadid City, Hiran Governorate, Federal Republic of Somalia",SO,Somalia,King Salman Humanitarian Aid and Relief Centre,The Organisation of Islamic Cooperation (OIC),Diagnostic Equipment; Facility Infrastructure,direct_keyword,52.0,Demand signal,Unspecified,,no future dated funding signal,62,direct equipment language; procurement language; active implementation; named implementing buyer,55.9,Watchlist,0.0,0.0,"Map buyer, lot structure, and national/UN procurement channels before the funding window."
XM-OCHAS-HPC6770-7678,"Establishment and operation of Abed Waq Health Center, Abduwaq City, Galguduud Governorate, Federal Republic of Somalia",SO,Somalia,King Salman Humanitarian Aid and Relief Centre,The Organisation of Islamic Cooperation (OIC),Facility Infrastructure,direct_keyword,52.0,Demand signal,Unspecified,,no future dated funding signal,62,direct equipment language; procurement language; active implementation; named implementing buyer,55.8,Watchlist,0.0,0.0,"Map buyer, lot structure, and national/UN procurement channels before the funding window."
NL-KVK-27108436-A-07645-02:UG,CO-Oxfam in Uganda,UG,Uganda,OXFAM HONGKONG,Oxfam Novib,Facility Infrastructure; Power & Utilities,direct_keyword,52.0,Demand signal,Unspecified,,no future dated funding signal,62,direct equipment language; procurement language; active implementation; named implementing buyer,55.4,Watchlist,0.0,0.0,"Map buyer, lot structure, and national/UN procurement channels before the funding window."
DK-CVR-20074035-Y1015-recycling_for_development_drcongo,"Recycling for Development to four health facilities for vulnerable communities in Kinshasa, DR Congo",CD,Democratic Republic of the Congo,,ADRA DR Congo,Facility Infrastructure,direct_keyword,52.0,Demand signal,Unspecified,,no future dated funding signal,62,direct equipment language; procurement language; active implementation; named implementing buyer,54.6,Watchlist,0.0,0.0,"Map buyer, lot structure, and national/UN procurement channels before the funding window."
XM-DAC-5-7-6619178,Permaculture and economic strengthening for HDVC communities,RW,Rwanda,Germany,Help for self-help to Disabled and Vulnerable Children (HDVC),Facility Infrastructure,direct_keyword,52.0,Demand signal,Unspecified,,no future dated funding signal,62,direct equipment language; procurement language; active implementation; named implementing buyer,54.3,Watchlist,0.0,0.0,"Map buyer, lot structure, and national/UN procurement channels before the funding window."
XM-DAC-5-7-6618828,Equipping a health center and training community members in primary health care.This will be done through procuring assorted medical equipments.,UG,Uganda,Germany,Kiyita Family Alliance for Development (KIFAD),Medical Devices & Equipment; Facility Infrastructure,direct_keyword,52.0,Demand signal,Unspecified,,no future dated funding signal,62,direct equipment language; procurement language; active implementation; named implementing buyer,54.1,Watchlist,0.0,0.0,"Map buyer, lot structure, and national/UN procurement channels before the funding window."
NO-BRC-971277882-QZA-24/0180-11,Collective Action for Disability Rights (CADiR),ET,Ethiopia,Norwegian Government,Atlas-alliansen; SOS Children's Villages of Ethiopia,Facility Infrastructure,direct_keyword,52.0,Demand signal,Unspecified,,no future dated funding signal,62,direct equipment language; procurement language; active implementation; named implementing buyer,52.9,Watchlist,0.0,0.0,"Map buyer, lot structure, and national/UN procurement channels before the funding window."
GB-COH-02651349-21886-001,Hygiene and Behaviour Change Coalition (HBCC) – Oxygen CoLab Phase 2,IN; KE; UG; NG; TZ,IN; Kenya; Uganda; NG; Tanzania,"UK - Foreign, Commonwealth and Development Office",DT Global International Development UK Ltd,Oxygen & Respiratory,direct_keyword,52.0,Demand signal,Unspecified,,no future dated funding signal,62,direct equipment language; procurement language; active implementation; named implementing buyer,50.3,Watchlist,0.0,0.0,"Map buyer, lot structure, and national/UN procurement channels before the funding window."
NL-KVK-41201463-PSDSO003,Right to Grow - South Sudan,SS,South Sudan,Save the Children Netherlands,Save the Children International,Power & Utilities,direct_keyword,52.0,Demand signal,Unspecified,,no future dated funding signal,62,direct equipment language; procurement language; active implementation; named implementing buyer,50.0,Watchlist,0.0,0.0,"Map buyer, lot structure, and national/UN procurement channels before the funding window."
NL-KVK-41022454-CSOM002.1.22,Somalia Joint Response 2022,SO,Somalia,Dutch Relief Alliance,Help a Child; Medair,Power & Utilities,direct_keyword,52.0,Demand signal,Unspecified,,no future dated funding signal,62,direct equipment language; procurement language; active implementation; named implementing buyer,49.4,Watchlist,0.0,0.0,"Map buyer, lot structure, and national/UN procurement channels before the funding window."
NL-KVK-41179943-R2G216647,Right2Grow Uganda,UG,Uganda,World Vision Netherlands,World Vision International,Power & Utilities,direct_keyword,52.0,Demand signal,Unspecified,,no future dated funding signal,62,direct equipment language; procurement language; active implementation; named implementing buyer,49.3,Watchlist,0.0,0.0,"Map buyer, lot structure, and national/UN procurement channels before the funding window."
GB-COH-04465125-NIHR-P89503,NIHR Global Health Research Group on Physical Trauma from Injury & POsT ConflicT; iPrOTeCT,GB; LK; LB; RW,GB; LK; LB; Rwanda,National Institute of Health Research (NIHR),"Imperial College of Science, Technology and Medicine; University of Global Health Equity; University of Rwanda; American University of Beirut; University of Moratuwa; Legacy of War Foundation",Vehicles & Transport,direct_keyword,52.0,Demand signal,Unspecified,,no future dated funding signal,62,direct equipment language; procurement language; active implementation; named implementing buyer,49.3,Watchlist,0.0,0.0,"Map buyer, lot structure, and national/UN procurement channels before the funding window."
GB-CHC-1076822-82603479,Regional Drought Response,ET,Ethiopia,Save The Children UK,Save The Children International,Power & Utilities,direct_keyword,52.0,Demand signal,Unspecified,,no future dated funding signal,62,direct equipment language; procurement language; active implementation; named implementing buyer,49.2,Watchlist,0.0,0.0,"Map buyer, lot structure, and national/UN procurement channels before the funding window."
ES-CIF-G81164105-ACF-US-HQ,R2G ACF US HQ,KE,Kenya,ACTION AGAINST HUNGER SPAIN,Action Against Hunger USA,Power & Utilities,direct_keyword,52.0,Demand signal,Unspecified,,no future dated funding signal,62,direct equipment language; procurement language; active implementation; named implementing buyer,49.1,Watchlist,0.0,0.0,"Map buyer, lot structure, and national/UN procurement channels before the funding window."
ES-CIF-G81164105-R2G-ACF-Uganda,R2G ACF Uganda,UG,Uganda,,Action Against Hunger USA,Power & Utilities,direct_keyword,52.0,Demand signal,Unspecified,,no future dated funding signal,62,direct equipment language; procurement language; active implementation; named implementing buyer,48.9,Watchlist,0.0,0.0,"Map buyer, lot structure, and national/UN procurement channels before the funding window."
GB-CHC-1065972-DF184,Multi-sectorial Emergency assistance to South Sudanese refugees in West Nile - Uganda,UG,Uganda,UK - Department for International Development (DFID); Danish Refugee Council / Danish Demining Group (DRC/DDG),"International Rescue Committee, The",Power & Utilities,direct_keyword,52.0,Demand signal,Unspecified,,no future dated funding signal,62,direct equipment language; procurement language; active implementation; named implementing buyer,48.9,Watchlist,0.0,0.0,"Map buyer, lot structure, and national/UN procurement channels before the funding window."
ES-CIF-G81164105-R2G-ACF-Ethiopia,R2G ACF Ethiopia,ET,Ethiopia,ACTION AGAINST HUNGER SPAIN,Action Against Hunger USA,Power & Utilities,direct_keyword,52.0,Demand signal,Unspecified,,no future dated funding signal,62,direct equipment language; procurement language; active implementation; named implementing buyer,48.8,Watchlist,0.0,0.0,"Map buyer, lot structure, and national/UN procurement channels before the funding window."
GB-CHC-1065972-DF213,Building Resilient Communities in Somalia (BRCiS) IRF 2019,SO,Somalia,Norwegian Refugee Council,International Rescue Committee UK,Power & Utilities,direct_keyword,52.0,Demand signal,Unspecified,,no future dated funding signal,62,direct equipment language; procurement language; active implementation; named implementing buyer,48.8,Watchlist,0.0,0.0,"Map buyer, lot structure, and national/UN procurement channels before the funding window."
US-EIN-13-5660870-DF213,Building Resilient Communities in Somalia (BRCiS) IRF 2019,SO,Somalia,International Rescue Committee UK,"International Rescue Committee, The",Power & Utilities,direct_keyword,52.0,Demand signal,Unspecified,,no future dated funding signal,62,direct equipment language; procurement language; active implementation; named implementing buyer,48.8,Watchlist,0.0,0.0,"Map buyer, lot structure, and national/UN procurement channels before the funding window."
ES-CIF-G81164105-R2G-ACF-SouthSudan,R2G ACF South Sudan,SS,South Sudan,ACTION AGAINST HUNGER SPAIN,Action Against Hunger USA,Power & Utilities,direct_keyword,52.0,Demand signal,Unspecified,,no future dated funding signal,62,direct equipment language; procurement language; active implementation; named implementing buyer,48.2,Watchlist,0.0,0.0,"Map buyer, lot structure, and national/UN procurement channels before the funding window."
DE-1-202506004-8326,Strengthening inclusive eye health services in primary and secondary health facilities in the Northern Zone of Tanzania.,TZ,Tanzania,Federal Ministry for Economic Cooperation and Development (BMZ),CBM Christoffel-Blindenmission Christian Blind Mission e.V.,Facility Infrastructure,direct_keyword,52.0,Demand signal,Unspecified,,active implementation period,62,direct equipment language; procurement language; active implementation; named implementing buyer,48.0,Watchlist,0.0,0.0,"Map buyer, lot structure, and national/UN procurement channels before the funding window."
DE-1-202506004-8270,"Strengthening the health system for improved basic medical services for the population with a focus on women, girls and children",ET,Ethiopia,Federal Ministry for Economic Cooperation and Development (BMZ),humedica e.V.,Facility Infrastructure,direct_keyword,52.0,Demand signal,Unspecified,,active implementation period,62,direct equipment language; procurement language; active implementation; named implementing buyer,48.0,Watchlist,0.0,0.0,"Map buyer, lot structure, and national/UN procurement channels before the funding window."
DE-1-202506004-8357,"Strengthening post conflict society through support for GBV survivors and vulnerable communities in Tigray, Ethiopia",ET,Ethiopia,Federal Ministry for Economic Cooperation and Development (BMZ),Stiftung Menschen für Menschen - Karlheinz Böhms Äthiopienhilfe -,Facility Infrastructure,direct_keyword,52.0,Demand signal,Unspecified,,active implementation period,62,direct equipment language; procurement language; active implementation; named implementing buyer,48.0,Watchlist,0.0,0.0,"Map buyer, lot structure, and national/UN procurement channels before the funding window."
CH-4-2012006701,MKAJI – Maji kwa Afya ya Jamii: Upgrading Water Supply in Health Facilities of Dodoma Region,TZ,Tanzania,Swiss Agency for Development and Cooperation (SDC),ONG basée dans un pays donneur,Facility Infrastructure; Power & Utilities,direct_keyword,52.0,Demand signal,Unspecified,,no future dated funding signal,62,direct equipment language; procurement language; active implementation; named implementing buyer,48.0,Watchlist,0.0,0.0,"Map buyer, lot structure, and national/UN procurement channels before the funding window."
XI-IATI-EC_INTPA-2022-ACT-60684,Ethiopia : Individual measure for provision of health services in conflict affected areas,ET,Ethiopia,European Commission,XM-DAC-41305,Facility Infrastructure,direct_keyword,52.0,Demand signal,Unspecified,,active implementation period,62,direct equipment language; procurement language; active implementation; named implementing buyer,48.0,Watchlist,0.0,0.0,"Map buyer, lot structure, and national/UN procurement channels before the funding window."
DE-1-202506004-8230,Restructuring and extension of Out Patient Department (OPD) and Medical Ward at St. Josephs hospital Kitovu,UG,Uganda,Federal Ministry for Economic Cooperation and Development (BMZ),Konvoi der Hoffnung Oberhausen-Rheinhausen e. V.,Facility Infrastructure,direct_keyword,52.0,Demand signal,Unspecified,,active implementation period,62,direct equipment language; procurement language; active implementation; named implementing buyer,48.0,Watchlist,0.0,0.0,"Map buyer, lot structure, and national/UN procurement channels before the funding window."
CH-4-2023-2010006181,Health Promotion and System Strengthening,TZ,Tanzania,Swiss Agency for Development and Cooperation (SDC),"Université, institut d'education et autre institution d'enseignement, institut de recherche ou groupe de réflexion",Medical Devices & Equipment,direct_keyword,52.0,Demand signal,Unspecified,,no future dated funding signal,62,direct equipment language; procurement language; active implementation; named implementing buyer,48.0,Watchlist,0.0,0.0,"Map buyer, lot structure, and national/UN procurement channels before the funding window."
CH-4-2023-2019008682,Dynamic electronic decision trees for managing childhood illness (DYNAMIC),TZ,Tanzania,Swiss Agency for Development and Cooperation (SDC),"Université, institut d'education et autre institution d'enseignement, institut de recherche ou groupe de réflexion",Diagnostic Equipment,direct_keyword,52.0,Demand signal,Unspecified,,no future dated funding signal,62,direct equipment language; procurement language; active implementation; named implementing buyer,48.0,Watchlist,0.0,0.0,"Map buyer, lot structure, and national/UN procurement channels before the funding window."
CH-4-2023-2019008683,Dynamic electronic decision trees for managing childhood illness (DYNAMIC),TZ,Tanzania,Swiss Agency for Development and Cooperation (SDC),"Université, institut d'education et autre institution d'enseignement, institut de recherche ou groupe de réflexion",Diagnostic Equipment,direct_keyword,52.0,Demand signal,Unspecified,,no future dated funding signal,62,direct equipment language; procurement language; active implementation; named implementing buyer,48.0,Watchlist,0.0,0.0,"Map buyer, lot structure, and national/UN procurement channels before the funding window."
CH-4-2021-2019000662,Dynamic electronic decision trees for managing childhood illness (DYNAMIC),TZ,Tanzania,Swiss Agency for Development and Cooperation (SDC),"Université, institut d'education et autre institution d'enseignement, institut de recherche ou groupe de réflexion",Diagnostic Equipment,direct_keyword,52.0,Demand signal,Unspecified,,no future dated funding signal,62,direct equipment language; procurement language; active implementation; named implementing buyer,48.0,Watchlist,0.0,0.0,"Map buyer, lot structure, and national/UN procurement channels before the funding window."
CH-4-2024-2010006180,Health Promotion and System Strengthening,TZ,Tanzania,Swiss Agency for Development and Cooperation (SDC),"University, college or other teaching institution, research institute or think?tank",Medical Devices & Equipment,direct_keyword,52.0,Demand signal,Unspecified,,no future dated funding signal,62,direct equipment language; procurement language; active implementation; named implementing buyer,48.0,Watchlist,0.0,0.0,"Map buyer, lot structure, and national/UN procurement channels before the funding window."
CH-4-2022-2019008682,Dynamic electronic decision trees for managing childhood illness (DYNAMIC),TZ,Tanzania,Swiss Agency for Development and Cooperation (SDC),"Université, institut d'education et autre institution d'enseignement, institut de recherche ou groupe de réflexion",Diagnostic Equipment,direct_keyword,52.0,Demand signal,Unspecified,,no future dated funding signal,62,direct equipment language; procurement language; active implementation; named implementing buyer,48.0,Watchlist,0.0,0.0,"Map buyer, lot structure, and national/UN procurement channels before the funding window."
CH-4-2022-2019008683,Dynamic electronic decision trees for managing childhood illness (DYNAMIC),TZ,Tanzania,Swiss Agency for Development and Cooperation (SDC),"Université, institut d'education et autre institution d'enseignement, institut de recherche ou groupe de réflexion",Diagnostic Equipment,direct_keyword,52.0,Demand signal,Unspecified,,no future dated funding signal,62,direct equipment language; procurement language; active implementation; named implementing buyer,48.0,Watchlist,0.0,0.0,"Map buyer, lot structure, and national/UN procurement channels before the funding window."
CH-4-2024-2019008683,Dynamic electronic decision trees for managing childhood illness (DYNAMIC),TZ,Tanzania,Swiss Agency for Development and Cooperation (SDC),"University, college or other teaching institution, research institute or think?tank",Diagnostic Equipment,direct_keyword,52.0,Demand signal,Unspecified,,no future dated funding signal,62,direct equipment language; procurement language; active implementation; named implementing buyer,48.0,Watchlist,0.0,0.0,"Map buyer, lot structure, and national/UN procurement channels before the funding window."
CH-4-2024-2010006181,Health Promotion and System Strengthening,TZ,Tanzania,Swiss Agency for Development and Cooperation (SDC),"University, college or other teaching institution, research institute or think?tank",Medical Devices & Equipment,direct_keyword,52.0,Demand signal,Unspecified,,no future dated funding signal,62,direct equipment language; procurement language; active implementation; named implementing buyer,48.0,Watchlist,0.0,0.0,"Map buyer, lot structure, and national/UN procurement channels before the funding window."
CH-4-2023-2010006182,Health Promotion and System Strengthening,TZ,Tanzania,Swiss Agency for Development and Cooperation (SDC),"Université, institut d'education et autre institution d'enseignement, institut de recherche ou groupe de réflexion",Medical Devices & Equipment,direct_keyword,52.0,Demand signal,Unspecified,,no future dated funding signal,62,direct equipment language; procurement language; active implementation; named implementing buyer,48.0,Watchlist,0.0,0.0,"Map buyer, lot structure, and national/UN procurement channels before the funding window."
XM-DAC-6-4-012932-01-0,Strengthening of the SGBV and MHPSS services in Ethiopia,ET,Ethiopia,AICS - Italian Agency for Cooperation and Development,MINISTERO DELLA SALUTE ETIOPICO ALT,Facility Infrastructure,direct_keyword,52.0,Demand signal,Unspecified,,no future dated funding signal,62,direct equipment language; procurement language; active implementation; named implementing buyer,48.0,Watchlist,0.0,0.0,"Map buyer, lot structure, and national/UN procurement channels before the funding window."
DE-1-202506004-8284,Enhancing Health Services in the Amhara Region through Electronic Medical Records (EMR) Implementation,ET,Ethiopia,Federal Ministry for Economic Cooperation and Development (BMZ),Terra Tech Förderprojekte,Medical Devices & Equipment; IT / Health Information Systems,direct_keyword,52.0,Demand signal,Unspecified,,active implementation period,62,direct equipment language; procurement language; active implementation; named implementing buyer,48.0,Watchlist,0.0,0.0,"Map buyer, lot structure, and national/UN procurement channels before the funding window."
NL-KVK-41207580-NL-KVK-41207580-4001,Project: Snakebite,KE; NL,Kenya; NL,Lillian Lincoln foundation; Hennecke Family Foundation,Stichting Health Action International,Facility Infrastructure,direct_keyword,52.0,Demand signal,Unspecified,,no future dated funding signal,62,direct equipment language; procurement language; active implementation; named implementing buyer,48.0,Watchlist,0.0,0.0,"Map buyer, lot structure, and national/UN procurement channels before the funding window."
GB-CHC-1099776-1A-SS,Boma Health Initiative (BHI) optimal digital health [South Sudan],SS,South Sudan,,Malaria Consortium,IT / Health Information Systems,direct_keyword,52.0,Demand signal,Unspecified,,no future dated funding signal,62,direct equipment language; procurement language; active implementation; named implementing buyer,48.0,Watchlist,0.0,0.0,"Map buyer, lot structure, and national/UN procurement channels before the funding window."
XM-OCHA-HPC6770-16477,"Construction of 200 Housing Units with Health, Educational and Basic Infrastructure Facilities for Flood Victims in Kismayo, Federal Republic of Somalia - Health Unit Construction",SO,Somalia,,Tadamun Social Society,Facility Infrastructure; Power & Utilities,direct_keyword,52.0,Demand signal,Unspecified,,active implementation period,62,direct equipment language; procurement language; active implementation; named implementing buyer,48.0,Watchlist,0.0,0.0,"Map buyer, lot structure, and national/UN procurement channels before the funding window."
CH-4-2025-2021009939,MTR Health Sector Strategic Plan V -TZ,TZ,Tanzania,Swiss Agency for Development and Cooperation (SDC),World Health Organisation - core voluntary contributions account,Facility Infrastructure,direct_keyword,52.0,Demand signal,Unspecified,,no future dated funding signal,62,direct equipment language; procurement language; active implementation; named implementing buyer,48.0,Watchlist,0.0,0.0,"Map buyer, lot structure, and national/UN procurement channels before the funding window."
CH-4-2025-2021010021,Backstopping Services for HBF AFSC,TZ,Tanzania,Swiss Agency for Development and Cooperation (SDC),Private sector in recipient country,Facility Infrastructure,direct_keyword,52.0,Demand signal,Unspecified,,no future dated funding signal,62,direct equipment language; procurement language; active implementation; named implementing buyer,48.0,Watchlist,0.0,0.0,"Map buyer, lot structure, and national/UN procurement channels before the funding window."
CH-4-2025-2021010022,Direct Health Facility Financing,TZ,Tanzania,Swiss Agency for Development and Cooperation (SDC),World Health Organisation - core voluntary contributions account,Facility Infrastructure,direct_keyword,52.0,Demand signal,Unspecified,,no future dated funding signal,62,direct equipment language; procurement language; active implementation; named implementing buyer,48.0,Watchlist,0.0,0.0,"Map buyer, lot structure, and national/UN procurement channels before the funding window."
CH-4-2025-2021010023,Direct Health Facility Financing,TZ,Tanzania,Swiss Agency for Development and Cooperation (SDC),Third Country Government (Delegated co-operation),Facility Infrastructure,direct_keyword,52.0,Demand signal,Unspecified,,no future dated funding signal,62,direct equipment language; procurement language; active implementation; named implementing buyer,48.0,Watchlist,0.0,0.0,"Map buyer, lot structure, and national/UN procurement channels before the funding window."
CH-4-2025-2021010024,Direct Health Facility Financing,TZ,Tanzania,Swiss Agency for Development and Cooperation (SDC),Developing country-based NGO,Facility Infrastructure,direct_keyword,52.0,Demand signal,Unspecified,,no future dated funding signal,62,direct equipment language; procurement language; active implementation; named implementing buyer,48.0,Watchlist,0.0,0.0,"Map buyer, lot structure, and national/UN procurement channels before the funding window."
CH-4-2025-2021010025,Direct Health Facility Financing,TZ,Tanzania,Swiss Agency for Development and Cooperation (SDC),Developing country-based NGO,Facility Infrastructure,direct_keyword,52.0,Demand signal,Unspecified,,no future dated funding signal,62,direct equipment language; procurement language; active implementation; named implementing buyer,48.0,Watchlist,0.0,0.0,"Map buyer, lot structure, and national/UN procurement channels before the funding window."
CH-4-2024-2021009939,Direct Health Facility Financing,TZ,Tanzania,Swiss Agency for Development and Cooperation (SDC),World Health Organisation - core voluntary contributions account,Facility Infrastructure,direct_keyword,52.0,Demand signal,Unspecified,,no future dated funding signal,62,direct equipment language; procurement language; active implementation; named implementing buyer,48.0,Watchlist,0.0,0.0,"Map buyer, lot structure, and national/UN procurement channels before the funding window."
CH-4-2024-2021009941,Direct Health Facility Financing,TZ,Tanzania,Swiss Agency for Development and Cooperation (SDC),Private sector in recipient country,Facility Infrastructure,direct_keyword,52.0,Demand signal,Unspecified,,no future dated funding signal,62,direct equipment language; procurement language; active implementation; named implementing buyer,48.0,Watchlist,0.0,0.0,"Map buyer, lot structure, and national/UN procurement channels before the funding window."
CH-4-2023-2021009725,Direct Health Facility Financing,TZ,Tanzania,Swiss Agency for Development and Cooperation (SDC),Fonds des Nations Unies pour l'enfance,Facility Infrastructure,direct_keyword,52.0,Demand signal,Unspecified,,no future dated funding signal,62,direct equipment language; procurement language; active implementation; named implementing buyer,48.0,Watchlist,0.0,0.0,"Map buyer, lot structure, and national/UN procurement channels before the funding window."
CH-4-2024-2021009725,Direct Health Facility Financing,TZ,Tanzania,Swiss Agency for Development and Cooperation (SDC),United Nations Children’s Fund,Facility Infrastructure,direct_keyword,52.0,Demand signal,Unspecified,,no future dated funding signal,62,direct equipment language; procurement language; active implementation; named implementing buyer,48.0,Watchlist,0.0,0.0,"Map buyer, lot structure, and national/UN procurement channels before the funding window."
CH-4-2023-2023001667,KEN:Malaica-Digital Health for Safe Preg - small action credit,KE,Kenya,Swiss Agency for Development and Cooperation (SDC),Secteur privé du pays bénéficiaire,IT / Health Information Systems,direct_keyword,52.0,Demand signal,Unspecified,,no future dated funding signal,62,direct equipment language; procurement language; active implementation; named implementing buyer,48.0,Watchlist,0.0,0.0,"Map buyer, lot structure, and national/UN procurement channels before the funding window."
CH-4-2022-2022002259,'OLD' KEN:Malaica-Digital Health for Saf - small action credit,KE,Kenya,Swiss Agency for Development and Cooperation (SDC),Secteur privé du pays bénéficiaire,IT / Health Information Systems,direct_keyword,52.0,Demand signal,Unspecified,,no future dated funding signal,62,direct equipment language; procurement language; active implementation; named implementing buyer,48.0,Watchlist,0.0,0.0,"Map buyer, lot structure, and national/UN procurement channels before the funding window."
CH-4-2022-2022002269,KEN:Malaica-Digital Health for Safe Preg - small action credit,KE,Kenya,Swiss Agency for Development and Cooperation (SDC),Secteur privé du pays bénéficiaire,IT / Health Information Systems,direct_keyword,52.0,Demand signal,Unspecified,,no future dated funding signal,62,direct equipment language; procurement language; active implementation; named implementing buyer,48.0,Watchlist,0.0,0.0,"Map buyer, lot structure, and national/UN procurement channels before the funding window."
CH-4-2024-2024001287,KEN:Malaica-Digital Health for Safe Preg - small action credit,KE,Kenya,Swiss Agency for Development and Cooperation (SDC),Private sector in recipient country,IT / Health Information Systems,direct_keyword,52.0,Demand signal,Unspecified,,no future dated funding signal,62,direct equipment language; procurement language; active implementation; named implementing buyer,48.0,Watchlist,0.0,0.0,"Map buyer, lot structure, and national/UN procurement channels before the funding window."
XI-IATI-EC_INTPA-2023-PC-23045,"Eau -Hygi¿ne -Assainissement (EHA) et Am¿lioration d'infrastructures de sant¿ dans les provinces du Kasa¿ central, du Kasa¿ oriental et de la Lomami.",CD,Democratic Republic of the Congo,European Commission,XM-DAC-12001,Facility Infrastructure,direct_keyword,52.0,Demand signal,Unspecified,,no future dated funding signal,62,direct equipment language; procurement language; active implementation; named implementing buyer,48.0,Watchlist,0.0,0.0,"Map buyer, lot structure, and national/UN procurement channels before the funding window."
XI-IATI-EC_INTPA-2019-PCC-408407,Travaux de construction et d'aménagement de l'HGR de Makota dans la province de la Lomami en RDC,CD,Democratic Republic of the Congo,European Commission,XM-DAC-12001,Facility Infrastructure,direct_keyword,52.0,Demand signal,Unspecified,,no future dated funding signal,62,direct equipment language; procurement language; active implementation; named implementing buyer,48.0,Watchlist,0.0,0.0,"Map buyer, lot structure, and national/UN procurement channels before the funding window."
XI-IATI-EC_INTPA-2013-PCC-327248,construction du batiment annexe de l'hopital general de référence de Masereka (lot 2),CD,Democratic Republic of the Congo,European Commission,XM-DAC-12000,Facility Infrastructure,direct_keyword,52.0,Demand signal,Unspecified,,no future dated funding signal,62,direct equipment language; procurement language; active implementation; named implementing buyer,48.0,Watchlist,0.0,0.0,"Map buyer, lot structure, and national/UN procurement channels before the funding window."
XI-IATI-EC_INTPA-2023-PC-27108,"KNT- Construction, réhabilitation et Equipement des HGR de Kasansa, Ngandajika et Tshilenge dans les provinces du Kasaï oriental et de la Lomami en RDC",CD,Democratic Republic of the Congo,European Commission,XM-DAC-12001,Facility Infrastructure,direct_keyword,52.0,Demand signal,Unspecified,,no future dated funding signal,62,direct equipment language; procurement language; active implementation; named implementing buyer,48.0,Watchlist,0.0,0.0,"Map buyer, lot structure, and national/UN procurement channels before the funding window."
DE-1-202506004-8399,Improving health and living conditions and rehabilitation in five Ethiopian prisons,ET,Ethiopia,Federal Ministry for Economic Cooperation and Development (BMZ),DAHW Deutsche Lepra- und Tuberkulosehilfe e.V.,Facility Infrastructure; Power & Utilities,direct_keyword,52.0,Demand signal,Unspecified,,active implementation period,62,direct equipment language; procurement language; active implementation; named implementing buyer,48.0,Watchlist,0.0,0.0,"Map buyer, lot structure, and national/UN procurement channels before the funding window."
DE-1-202506004-8289,"Enhancing the resilience of 22,500 vulnerable people in Pibor County, South Sudan",SS,South Sudan,Federal Ministry for Economic Cooperation and Development (BMZ),humedica e.V.,Facility Infrastructure; Power & Utilities,direct_keyword,52.0,Demand signal,Unspecified,,active implementation period,62,direct equipment language; procurement language; active implementation; named implementing buyer,48.0,Watchlist,0.0,0.0,"Map buyer, lot structure, and national/UN procurement channels before the funding window."
XM-DAC-6-4-013038-01-0,Strenghtening of Shire and Gondar hospitals,ET,Ethiopia,AICS - Italian Agency for Cooperation and Development,MINISTERO DELLA SALUTE ETIOPICO ALT,Medical Devices & Equipment; Facility Infrastructure,direct_keyword,52.0,Demand signal,Unspecified,,no future dated funding signal,62,direct equipment language; procurement language; active implementation; named implementing buyer,48.0,Watchlist,0.0,0.0,"Map buyer, lot structure, and national/UN procurement channels before the funding window."
BE-BCE_KBO-0264814354-RWA23003,Transforming Rwanda’s Biomedical Centre into an Excellence Hub for National and Regional Public Health,RW,Rwanda,Commission of the European Communities,Belgian agency for international cooperation (Enabel),IT / Health Information Systems,direct_keyword,52.0,Demand signal,Unspecified,,active implementation period,62,direct equipment language; procurement language; active implementation; named implementing buyer,48.0,Watchlist,0.0,0.0,"Map buyer, lot structure, and national/UN procurement channels before the funding window."
CH-4-2012006463,MKAJI – Maji kwa Afya ya Jamii: Upgrading Water Supply in Health Facilities of Dodoma Region,TZ,Tanzania,Swiss Agency for Development and Cooperation (SDC),ONG basée dans un pays donneur,Facility Infrastructure; Power & Utilities,direct_keyword,52.0,Demand signal,Unspecified,,no future dated funding signal,62,direct equipment language; procurement language; active implementation; named implementing buyer,48.0,Watchlist,0.0,0.0,"Map buyer, lot structure, and national/UN procurement channels before the funding window."
XM-DAC-6-4-012596-03-2,Strengthening malaria response in South Sudan through evidence-based interventions improving health services quality and effectiveness,SS,South Sudan,AICS - Italian Agency for Cooperation and Development,UNIVERSITÀ DEGLI STUDI DI PISA,Diagnostic Equipment; Facility Infrastructure; IT / Health Information Systems,direct_keyword,52.0,Demand signal,Unspecified,,active implementation period,62,direct equipment language; procurement language; active implementation; named implementing buyer,48.0,Watchlist,0.0,0.0,"Map buyer, lot structure, and national/UN procurement channels before the funding window."
XM-DAC-6-4-012596-02-4,"TB SCOUT & TREAT - TB Screening through Community OUTreaches, TRacing and Enhanced Access to Treatment",SS,South Sudan,AICS - Italian Agency for Cooperation and Development,AMREF HEALTH AFRICA ONG/ON,Diagnostic Equipment; Facility Infrastructure,direct_keyword,52.0,Demand signal,Unspecified,,no future dated funding signal,62,direct equipment language; procurement language; active implementation; named implementing buyer,48.0,Watchlist,0.0,0.0,"Map buyer, lot structure, and national/UN procurement channels before the funding window."
CH-4-2016003215,Integrating Sexual and Reproductive Health Services in Bosaso,SO,Somalia,Swiss Agency for Development and Cooperation (SDC),ONG basée dans un pays donneur,Facility Infrastructure,direct_keyword,52.0,Demand signal,Unspecified,,no future dated funding signal,62,direct equipment language; procurement language; active implementation; named implementing buyer,48.0,Watchlist,0.0,0.0,"Map buyer, lot structure, and national/UN procurement channels before the funding window."
CH-4-2016003216,Integrating Sexual and Reproductive Health Services in Bosaso,SO,Somalia,Swiss Agency for Development and Cooperation (SDC),ONG basée dans un pays donneur,Facility Infrastructure,direct_keyword,52.0,Demand signal,Unspecified,,no future dated funding signal,62,direct equipment language; procurement language; active implementation; named implementing buyer,48.0,Watchlist,0.0,0.0,"Map buyer, lot structure, and national/UN procurement channels before the funding window."
CH-4-2016003217,Integrating Sexual and Reproductive Health Services in Bosaso,SO,Somalia,Swiss Agency for Development and Cooperation (SDC),Secteur privé d'un pays tiers,Facility Infrastructure,direct_keyword,52.0,Demand signal,Unspecified,,no future dated funding signal,62,direct equipment language; procurement language; active implementation; named implementing buyer,48.0,Watchlist,0.0,0.0,"Map buyer, lot structure, and national/UN procurement channels before the funding window."
CH-4-2011004987,Eau et Assainissement domaine Santé,CD,Democratic Republic of the Congo,Swiss Agency for Development and Cooperation (SDC),ONG basée dans un pays en développement,Facility Infrastructure,direct_keyword,52.0,Demand signal,Unspecified,,no future dated funding signal,62,direct equipment language; procurement language; active implementation; named implementing buyer,48.0,Watchlist,0.0,0.0,"Map buyer, lot structure, and national/UN procurement channels before the funding window."
CH-4-2024-2023002037,Universal Health Coverage (UHC) Tanzania,TZ,Tanzania,Swiss Agency for Development and Cooperation (SDC),Private sector in recipient country,IT / Health Information Systems,direct_keyword,52.0,Demand signal,Unspecified,,no future dated funding signal,62,direct equipment language; procurement language; active implementation; named implementing buyer,48.0,Watchlist,0.0,0.0,"Map buyer, lot structure, and national/UN procurement channels before the funding window."
CH-4-2024-2023002038,Universal Health Coverage (UHC) Tanzania,TZ,Tanzania,Swiss Agency for Development and Cooperation (SDC),Private sector in recipient country,IT / Health Information Systems,direct_keyword,52.0,Demand signal,Unspecified,,no future dated funding signal,62,direct equipment language; procurement language; active implementation; named implementing buyer,48.0,Watchlist,0.0,0.0,"Map buyer, lot structure, and national/UN procurement channels before the funding window."
CH-4-2024-2023002039,Universal Health Coverage (UHC) Tanzania,TZ,Tanzania,Swiss Agency for Development and Cooperation (SDC),Third Country Government (Delegated co-operation),IT / Health Information Systems,direct_keyword,52.0,Demand signal,Unspecified,,no future dated funding signal,62,direct equipment language; procurement language; active implementation; named implementing buyer,48.0,Watchlist,0.0,0.0,"Map buyer, lot structure, and national/UN procurement channels before the funding window."
CH-4-2024-2023002040,Universal Health Coverage (UHC) Tanzania,TZ,Tanzania,Swiss Agency for Development and Cooperation (SDC),Developing country-based NGO,IT / Health Information Systems,direct_keyword,52.0,Demand signal,Unspecified,,no future dated funding signal,62,direct equipment language; procurement language; active implementation; named implementing buyer,48.0,Watchlist,0.0,0.0,"Map buyer, lot structure, and national/UN procurement channels before the funding window."
CH-4-2024-2023002041,Universal Health Coverage (UHC) Tanzania,TZ,Tanzania,Swiss Agency for Development and Cooperation (SDC),Private sector in recipient country,IT / Health Information Systems,direct_keyword,52.0,Demand signal,Unspecified,,no future dated funding signal,62,direct equipment language; procurement language; active implementation; named implementing buyer,48.0,Watchlist,0.0,0.0,"Map buyer, lot structure, and national/UN procurement channels before the funding window."
CH-4-2012006462,MKAJI – Maji kwa Afya ya Jamii: Upgrading Water Supply in Health Facilities of Dodoma Region,TZ,Tanzania,Swiss Agency for Development and Cooperation (SDC),ONG basée dans un pays donneur,Facility Infrastructure; Power & Utilities,direct_keyword,52.0,Demand signal,Unspecified,,no future dated funding signal,62,direct equipment language; procurement language; active implementation; named implementing buyer,48.0,Watchlist,0.0,0.0,"Map buyer, lot structure, and national/UN procurement channels before the funding window."
CH-4-2025-2023007668,Digital Health Initiatives- CDH,TZ,Tanzania,Swiss Agency for Development and Cooperation (SDC),Private sector in recipient country,IT / Health Information Systems,direct_keyword,52.0,Demand signal,Unspecified,,active implementation period,62,direct equipment language; procurement language; active implementation; named implementing buyer,48.0,Watchlist,0.0,0.0,"Map buyer, lot structure, and national/UN procurement channels before the funding window."
CH-4-2025-2023007525,Universal Health Coverage (UHC) Tanzania,TZ,Tanzania,Swiss Agency for Development and Cooperation (SDC),Third Country Government (Delegated co-operation),IT / Health Information Systems,direct_keyword,52.0,Demand signal,Unspecified,,active implementation period,62,direct equipment language; procurement language; active implementation; named implementing buyer,48.0,Watchlist,0.0,0.0,"Map buyer, lot structure, and national/UN procurement channels before the funding window."
CH-4-2025-2021009940,Direct Health Facility Financing,TZ,Tanzania,Swiss Agency for Development and Cooperation (SDC),Central Government,Facility Infrastructure,direct_keyword,52.0,Demand signal,Unspecified,,no future dated funding signal,62,direct equipment language; procurement language; active implementation; named implementing buyer,48.0,Watchlist,0.0,0.0,"Map buyer, lot structure, and national/UN procurement channels before the funding window."
CH-4-2025-2023007675,Universal Health Coverage (UHC) Tanzania,TZ,Tanzania,Swiss Agency for Development and Cooperation (SDC),Private sector in recipient country,IT / Health Information Systems,direct_keyword,52.0,Demand signal,Unspecified,,active implementation period,62,direct equipment language; procurement language; active implementation; named implementing buyer,48.0,Watchlist,0.0,0.0,"Map buyer, lot structure, and national/UN procurement channels before the funding window."
CH-4-2024-2021009940,Direct Health Facility Financing,TZ,Tanzania,Swiss Agency for Development and Cooperation (SDC),Central Government,Facility Infrastructure,direct_keyword,52.0,Demand signal,Unspecified,,no future dated funding signal,62,direct equipment language; procurement language; active implementation; named implementing buyer,48.0,Watchlist,0.0,0.0,"Map buyer, lot structure, and national/UN procurement channels before the funding window."
CH-4-2024-2021009727,Direct Health Facility Financing,TZ,Tanzania,Swiss Agency for Development and Cooperation (SDC),Private sector in recipient country,Facility Infrastructure,direct_keyword,52.0,Demand signal,Unspecified,,no future dated funding signal,62,direct equipment language; procurement language; active implementation; named implementing buyer,48.0,Watchlist,0.0,0.0,"Map buyer, lot structure, and national/UN procurement channels before the funding window."
CH-4-2024-2023000556,Universal Health Coverage (UHC) Tanzania,TZ,Tanzania,Swiss Agency for Development and Cooperation (SDC),Local Government,IT / Health Information Systems,direct_keyword,52.0,Demand signal,Unspecified,,no future dated funding signal,62,direct equipment language; procurement language; active implementation; named implementing buyer,48.0,Watchlist,0.0,0.0,"Map buyer, lot structure, and national/UN procurement channels before the funding window."
CH-4-2024-2023000559,Universal Health Coverage (UHC) Tanzania,TZ,Tanzania,Swiss Agency for Development and Cooperation (SDC),Private sector in recipient country,IT / Health Information Systems,direct_keyword,52.0,Demand signal,Unspecified,,no future dated funding signal,62,direct equipment language; procurement language; active implementation; named implementing buyer,48.0,Watchlist,0.0,0.0,"Map buyer, lot structure, and national/UN procurement channels before the funding window."
CH-4-2023-2021009726,Direct Health Facility Financing,TZ,Tanzania,Swiss Agency for Development and Cooperation (SDC),Gouvernement central (SUD/EST),Facility Infrastructure,direct_keyword,52.0,Demand signal,Unspecified,,no future dated funding signal,62,direct equipment language; procurement language; active implementation; named implementing buyer,48.0,Watchlist,0.0,0.0,"Map buyer, lot structure, and national/UN procurement channels before the funding window."
CH-4-2023-2021009727,Direct Health Facility Financing,TZ,Tanzania,Swiss Agency for Development and Cooperation (SDC),Secteur privé du pays bénéficiaire,Facility Infrastructure,direct_keyword,52.0,Demand signal,Unspecified,,no future dated funding signal,62,direct equipment language; procurement language; active implementation; named implementing buyer,48.0,Watchlist,0.0,0.0,"Map buyer, lot structure, and national/UN procurement channels before the funding window."
CH-4-2024-2021009726,Direct Health Facility Financing,TZ,Tanzania,Swiss Agency for Development and Cooperation (SDC),Central Government,Facility Infrastructure,direct_keyword,52.0,Demand signal,Unspecified,,no future dated funding signal,62,direct equipment language; procurement language; active implementation; named implementing buyer,48.0,Watchlist,0.0,0.0,"Map buyer, lot structure, and national/UN procurement channels before the funding window."
CH-4-2024-2023000558,Universal Health Coverage (UHC) Tanzania,TZ,Tanzania,Swiss Agency for Development and Cooperation (SDC),Private sector in recipient country,IT / Health Information Systems,direct_keyword,52.0,Demand signal,Unspecified,,no future dated funding signal,62,direct equipment language; procurement language; active implementation; named implementing buyer,48.0,Watchlist,0.0,0.0,"Map buyer, lot structure, and national/UN procurement channels before the funding window."
CH-4-2024-2023007523,Universal Health Coverage (UHC) Tanzania,TZ,Tanzania,Swiss Agency for Development and Cooperation (SDC),Private sector in recipient country,IT / Health Information Systems,direct_keyword,52.0,Demand signal,Unspecified,,no future dated funding signal,62,direct equipment language; procurement language; active implementation; named implementing buyer,48.0,Watchlist,0.0,0.0,"Map buyer, lot structure, and national/UN procurement channels before the funding window."
CH-4-2024-2023007524,Universal Health Coverage (UHC) Tanzania,TZ,Tanzania,Swiss Agency for Development and Cooperation (SDC),Private sector in recipient country,IT / Health Information Systems,direct_keyword,52.0,Demand signal,Unspecified,,no future dated funding signal,62,direct equipment language; procurement language; active implementation; named implementing buyer,48.0,Watchlist,0.0,0.0,"Map buyer, lot structure, and national/UN procurement channels before the funding window."
CH-4-2024-2023007525,Universal Health Coverage (UHC) Tanzania,TZ,Tanzania,Swiss Agency for Development and Cooperation (SDC),Third Country Government (Delegated co-operation),IT / Health Information Systems,direct_keyword,52.0,Demand signal,Unspecified,,no future dated funding signal,62,direct equipment language; procurement language; active implementation; named implementing buyer,48.0,Watchlist,0.0,0.0,"Map buyer, lot structure, and national/UN procurement channels before the funding window."
CH-4-2024-2023007526,Universal Health Coverage (UHC) Tanzania,TZ,Tanzania,Swiss Agency for Development and Cooperation (SDC),Developing country-based NGO,IT / Health Information Systems,direct_keyword,52.0,Demand signal,Unspecified,,no future dated funding signal,62,direct equipment language; procurement language; active implementation; named implementing buyer,48.0,Watchlist,0.0,0.0,"Map buyer, lot structure, and national/UN procurement channels before the funding window."
CH-4-2024-2023007527,Universal Health Coverage (UHC) Tanzania,TZ,Tanzania,Swiss Agency for Development and Cooperation (SDC),Private sector in recipient country,IT / Health Information Systems,direct_keyword,52.0,Demand signal,Unspecified,,no future dated funding signal,62,direct equipment language; procurement language; active implementation; named implementing buyer,48.0,Watchlist,0.0,0.0,"Map buyer, lot structure, and national/UN procurement channels before the funding window."
GB-CHC-1099776-I1-UG,Supporting Uganda’s Malaria Reduction and Elimination Strategy (SUMRES) [Uganda],UG,Uganda,,Aero Medical Services; Bright Life Foundation Uganda; Children of the World Foundation; Gud Kwo Foundation; Northern Uganda Hiphop Culture; Northern Uganda Youth Empowerement Network (NUYEN); Oyam Woman and Girls  Champions of Change (OYWG); Palabek Development Forum; Peace and Shammah Foundation (PSF); Peace Together Uganda; Step By Step Womens Mental Health; Watye Ki Gen; Wholistic Development Initiative For All (WODIFA),Facility Infrastructure,direct_keyword,52.0,Demand signal,Unspecified,,no future dated funding signal,62,direct equipment language; procurement language; active implementation; named implementing buyer,48.0,Watchlist,0.0,0.0,"Map buyer, lot structure, and national/UN procurement channels before the funding window."
XM-DAC-6-4-012596-03-5,"Beyond Siloed Care: strengthening the integration of HIV,  TB and NCD services for people living with HIV in the  community and local health system",KE,Kenya,AICS - Italian Agency for Cooperation and Development,ACAP - COMUNITÀ DI S. EGIDIO ONLUS,Diagnostic Equipment; Facility Infrastructure,direct_keyword,52.0,Demand signal,Unspecified,,active implementation period,62,direct equipment language; procurement language; active implementation; named implementing buyer,48.0,Watchlist,0.0,0.0,"Map buyer, lot structure, and national/UN procurement channels before the funding window."
GB-CHC-1065972-DF246,Health Pooled Fund 3 Lot 17 (Aweil East) Year 5,SS,South Sudan,Crown Agents Limited,The International Rescue Committee; Centre for Emergency and Development Support (CEDS),Facility Infrastructure,direct_keyword,52.0,Demand signal,Unspecified,,no future dated funding signal,62,direct equipment language; procurement language; active implementation; named implementing buyer,48.0,Watchlist,0.0,0.0,"Map buyer, lot structure, and national/UN procurement channels before the funding window."
XI-IATI-EC_INTPA-2022-PCC-436103,Projet d'amélioration des infrastructures et des conditions de travail et de dispensation des soins dans les provinces du Nord-Kivu et de lIturi (Infra +) - MASEREKA,CD,Democratic Republic of the Congo,European Commission,XM-DAC-12001,Facility Infrastructure,direct_keyword,52.0,Demand signal,Unspecified,,active implementation period,62,direct equipment language; procurement language; active implementation; named implementing buyer,48.0,Watchlist,0.0,0.0,"Map buyer, lot structure, and national/UN procurement channels before the funding window."
XI-IATI-EC_INTPA-2021-PCC-423150,Projet de r¿habilitation de l'h¿pital provincial du Nord-Kivu (HPNK-Plus),CD,Democratic Republic of the Congo,European Commission,XM-DAC-12001,Facility Infrastructure,direct_keyword,52.0,Demand signal,Unspecified,,active implementation period,62,direct equipment language; procurement language; active implementation; named implementing buyer,48.0,Watchlist,0.0,0.0,"Map buyer, lot structure, and national/UN procurement channels before the funding window."
XI-IATI-EC_INTPA-2022-PCC-435886,Projet d'amélioration des infrastructures et des conditions de travail et de dispensation des soins dans les provinces du Nord-Kivu et de lIturi (Infra +),CD,Democratic Republic of the Congo,European Commission,XM-DAC-12001,Facility Infrastructure,direct_keyword,52.0,Demand signal,Unspecified,,active implementation period,62,direct equipment language; procurement language; active implementation; named implementing buyer,48.0,Watchlist,0.0,0.0,"Map buyer, lot structure, and national/UN procurement channels before the funding window."
XI-IATI-EC_INTPA-2024-ACT-62591,"Post-conflict restoration of basic health services, medical and psycho-social support to gender-based violence survivors and conflict affected communities in Ethiopia",ET,Ethiopia,European Commission,XM-DAC-21000,Facility Infrastructure,direct_keyword,52.0,Demand signal,Unspecified,,active implementation period,62,direct equipment language; procurement language; active implementation; named implementing buyer,48.0,Watchlist,0.0,0.0,"Map buyer, lot structure, and national/UN procurement channels before the funding window."
GB-CHC-802353-AishaCharityAssociation,Aisha Charity Association,ET,Ethiopia,,Aisha Charity Association,Facility Infrastructure,direct_keyword,52.0,Demand signal,Unspecified,,no future dated funding signal,62,direct equipment language; procurement language; active implementation; named implementing buyer,48.0,Watchlist,0.0,0.0,"Map buyer, lot structure, and national/UN procurement channels before the funding window."
GB-CHC-802353-AtsedeandIndie,Atsede & Indie's Maternity Clinic,ET,Ethiopia,,Atsede & Indie's Women's Clinic,Facility Infrastructure,direct_keyword,52.0,Demand signal,Unspecified,,no future dated funding signal,62,direct equipment language; procurement language; active implementation; named implementing buyer,48.0,Watchlist,0.0,0.0,"Map buyer, lot structure, and national/UN procurement channels before the funding window."
GB-CHC-285908-222226,222226_Global Fund Somalia TB - GC7,SO,Somalia,"Global Fund to Fight AIDS, Tuberculosis and Malaria",World Vision Somalia,Diagnostic Equipment,direct_keyword,52.0,Demand signal,Unspecified,,active implementation period,62,direct equipment language; procurement language; active implementation; named implementing buyer,48.0,Watchlist,0.0,0.0,"Map buyer, lot structure, and national/UN procurement channels before the funding window."
CH-4-2012006699,MKAJI – Maji kwa Afya ya Jamii: Upgrading Water Supply in Health Facilities of Dodoma Region,TZ,Tanzania,Swiss Agency for Development and Cooperation (SDC),ONG basée dans un pays donneur,Facility Infrastructure; Power & Utilities,direct_keyword,52.0,Demand signal,Unspecified,,no future dated funding signal,62,direct equipment language; procurement language; active implementation; named implementing buyer,48.0,Watchlist,0.0,0.0,"Map buyer, lot structure, and national/UN procurement channels before the funding window."
CH-4-2012006700,MKAJI – Maji kwa Afya ya Jamii: Upgrading Water Supply in Health Facilities of Dodoma Region,TZ,Tanzania,Swiss Agency for Development and Cooperation (SDC),ONG basée dans un pays donneur,Facility Infrastructure; Power & Utilities,direct_keyword,52.0,Demand signal,Unspecified,,no future dated funding signal,62,direct equipment language; procurement language; active implementation; named implementing buyer,48.0,Watchlist,0.0,0.0,"Map buyer, lot structure, and national/UN procurement channels before the funding window."
CH-4-2010005748,Baobab Maternity Hospital,TZ,Tanzania,Swiss Agency for Development and Cooperation (SDC),ONG basée dans un pays en développement,Facility Infrastructure,direct_keyword,52.0,Demand signal,Unspecified,,no future dated funding signal,62,direct equipment language; procurement language; active implementation; named implementing buyer,48.0,Watchlist,0.0,0.0,"Map buyer, lot structure, and national/UN procurement channels before the funding window."
XM-DAC-6-4-012596-03-7,To Be Free - Health Inside the Walls (TB Free - HIW),KE,Kenya,AICS - Italian Agency for Cooperation and Development,WORLD FRIENDS ONLUS AMICI DEL MONDO ONLUS,Diagnostic Equipment; Facility Infrastructure,direct_keyword,52.0,Demand signal,Unspecified,,active implementation period,62,direct equipment language; procurement language; active implementation; named implementing buyer,48.0,Watchlist,0.0,0.0,"Map buyer, lot structure, and national/UN procurement channels before the funding window."
XM-DAC-6-4-010605-02-2,"Strengthening health infrastructure at local level - Support to Safe Water, Drug Warehouses and Electronic Medical Records for health sector",ET,Ethiopia,AICS - Italian Agency for Cooperation and Development,AICS - Italian Agency for Cooperation and Development,Facility Infrastructure; IT / Health Information Systems,direct_keyword,52.0,Demand signal,Unspecified,,no future dated funding signal,62,direct equipment language; procurement language; active implementation; named implementing buyer,48.0,Watchlist,0.0,0.0,"Map buyer, lot structure, and national/UN procurement channels before the funding window."
DE-1-202506004-8317,Extension Youth Empowerment Centre,TZ,Tanzania,Federal Ministry for Economic Cooperation and Development (BMZ),time2help e.V.,Facility Infrastructure,direct_keyword,52.0,Demand signal,Unspecified,,active implementation period,62,direct equipment language; procurement language; active implementation; named implementing buyer,48.0,Watchlist,0.0,0.0,"Map buyer, lot structure, and national/UN procurement channels before the funding window."
XM-DAC-6-4-012596-03-1,“C.O.AC.H – Community Oriented Actions against Hiv: community prevention and treatment and TB/HIV coinfection”,KE,Kenya,AICS - Italian Agency for Cooperation and Development,MEDICUS MUNDI ITALIA ONG/ON,Diagnostic Equipment,direct_keyword,52.0,Demand signal,Unspecified,,active implementation period,62,direct equipment language; procurement language; active implementation; named implementing buyer,48.0,Watchlist,0.0,0.0,"Map buyer, lot structure, and national/UN procurement channels before the funding window."
DE-1-202506004-8342,Resilient Livelihoods for Economic Integration of Refugees and Host Communities in Northern Uganda,UG,Uganda,Federal Ministry for Economic Cooperation and Development (BMZ),CBM Christoffel-Blindenmission Christian Blind Mission e.V.,Facility Infrastructure,direct_keyword,52.0,Demand signal,Unspecified,,active implementation period,62,direct equipment language; procurement language; active implementation; named implementing buyer,48.0,Watchlist,0.0,0.0,"Map buyer, lot structure, and national/UN procurement channels before the funding window."
DE-1-202406007-8090,"Improvement of educational conditions, the learning environment and the hygiene situation for 4,493 pupils at 4 schools in Otuke, Northern Uganda.",UG,Uganda,Federal Ministry for Economic Cooperation and Development (BMZ),Visions for Children e.V.,Facility Infrastructure,direct_keyword,52.0,Demand signal,Unspecified,,active implementation period,62,direct equipment language; procurement language; active implementation; named implementing buyer,48.0,Watchlist,0.0,0.0,"Map buyer, lot structure, and national/UN procurement channels before the funding window."
DE-1-202506004-8277,"Improving sexual and reproductive health among adolescents in two districts of the Sidama region, Ethiopia",ET,Ethiopia,Federal Ministry for Economic Cooperation and Development (BMZ),Kindernothilfe e.V.,Facility Infrastructure,direct_keyword,52.0,Demand signal,Unspecified,,active implementation period,62,direct equipment language; procurement language; active implementation; named implementing buyer,48.0,Watchlist,0.0,0.0,"Map buyer, lot structure, and national/UN procurement channels before the funding window."
XM-DAC-6-4-011400-01-2,Inclusive and sustainable agricultural value chain development in Oromia and SNNPR,ET,Ethiopia,AICS - Italian Agency for Cooperation and Development,AICS - Italian Agency for Cooperation and Development,Cold Chain / Storage; Vehicles & Transport; Facility Infrastructure,direct_keyword,52.0,Demand signal,Unspecified,,no future dated funding signal,62,direct equipment language; procurement language; active implementation; named implementing buyer,48.0,Watchlist,0.0,0.0,"Map buyer, lot structure, and national/UN procurement channels before the funding window."
XI-IATI-EC_INTPA-2023-ACT-61864,Ethiopia - IM III - Sustainable support to people displaced by conflict and natural disasters and their host communities.,ET,Ethiopia,European Commission,XM-DAC-41000,Facility Infrastructure; Power & Utilities,direct_keyword,52.0,Demand signal,Unspecified,,active implementation period,62,direct equipment language; procurement language; active implementation; named implementing buyer,48.0,Watchlist,0.0,0.0,"Map buyer, lot structure, and national/UN procurement channels before the funding window."
DE-1-202448702-8159,"Strengthening of Self-reliance, Integration, and Social Cohesion among Refugees, Returnees and Host Communities in Ethiopia",ET,Ethiopia,Federal Ministry for Economic Cooperation and Development (BMZ),CBM Christoffel-Blindenmission Christian Blind Mission e.V.,Facility Infrastructure; Power & Utilities,direct_keyword,52.0,Demand signal,Unspecified,,active implementation period,62,direct equipment language; procurement language; active implementation; named implementing buyer,48.0,Watchlist,0.0,0.0,"Map buyer, lot structure, and national/UN procurement channels before the funding window."
DE-1-202406007-8015,"The Access Project - Improving access to rehabilitation, inclusive education and income-generating activities in Embu County, Kenya",KE,Kenya,Federal Ministry for Economic Cooperation and Development (BMZ),CBM Christoffel-Blindenmission Christian Blind Mission e.V.,Facility Infrastructure,direct_keyword,52.0,Demand signal,Unspecified,,active implementation period,62,direct equipment language; procurement language; active implementation; named implementing buyer,48.0,Watchlist,0.0,0.0,"Map buyer, lot structure, and national/UN procurement channels before the funding window."
XI-IATI-EC_INTPA-2020-ACT-D-42774-00,"Support COVID-19 Response Plan - Delivery of Health, Water & Sanitation Services for IDPs and vulnerable groups in Mogadishu",SO,Somalia,European Commission,XM-DAC-41120,Power & Utilities,direct_keyword,52.0,Demand signal,Unspecified,,no future dated funding signal,62,direct equipment language; procurement language; active implementation; named implementing buyer,40.0,Watchlist,0.0,0.0,"Map buyer, lot structure, and national/UN procurement channels before the funding window."
CH-4-2024-2017008634,Priority Theme Wash 2018-2024,SS,South Sudan,Swiss Agency for Development and Cooperation (SDC),International Organisation for Migration,Power & Utilities,direct_keyword,52.0,Demand signal,Unspecified,,no future dated funding signal,62,direct equipment language; procurement language; active implementation; named implementing buyer,40.0,Watchlist,0.0,0.0,"Map buyer, lot structure, and national/UN procurement channels before the funding window."
CH-4-2024-2017008684,Implementation of the operational concept of the priority theme WASH 2021 - 2024,SS,South Sudan,Swiss Agency for Development and Cooperation (SDC),International Organisation for Migration,Power & Utilities,direct_keyword,52.0,Demand signal,Unspecified,,no future dated funding signal,62,direct equipment language; procurement language; active implementation; named implementing buyer,40.0,Watchlist,0.0,0.0,"Map buyer, lot structure, and national/UN procurement channels before the funding window."
US-EIN-13-5660870-EI120,Emergency Response Mechanism (ERM) – Irish Aid,ET,Ethiopia,International Rescue Committee UK,The International Rescue Committee; Concern Worldwide UK; Partnership for Pastoralists Development Association,Power & Utilities,direct_keyword,52.0,Demand signal,Unspecified,,no future dated funding signal,62,direct equipment language; procurement language; active implementation; named implementing buyer,40.0,Watchlist,0.0,0.0,"Map buyer, lot structure, and national/UN procurement channels before the funding window."
US-EIN-13-5660870-EI117,Irish Aid ERM #2,ET,Ethiopia,International Rescue Committee UK,The International Rescue Committee; Comitato Internazionale per Lo Sviluppo dei Popoli (CISP); Lutheran World Federation; World Vision Ethiopia; Stichting ZOA,Power & Utilities,direct_keyword,52.0,Demand signal,Unspecified,,no future dated funding signal,62,direct equipment language; procurement language; active implementation; named implementing buyer,40.0,Watchlist,0.0,0.0,"Map buyer, lot structure, and national/UN procurement channels before the funding window."
DE-1-202406007-8054,"Contributing to improved access to sustainable, safe water, sanitation and hygiene practices for households in Bukabooli sub-county.",UG,Uganda,Federal Ministry for Economic Cooperation and Development (BMZ),Habitat for Humanity Deutschland e.V.,Power & Utilities,direct_keyword,52.0,Demand signal,Unspecified,,active implementation period,62,direct equipment language; procurement language; active implementation; named implementing buyer,40.0,Watchlist,0.0,0.0,"Map buyer, lot structure, and national/UN procurement channels before the funding window."
DE-1-202406007-8120,"Multisectoral approach to enhance resilient livelihoods of fishing communities in Mukono and Buvuma districts of Lake Victoria, Uganda",UG,Uganda,Federal Ministry for Economic Cooperation and Development (BMZ),arche noVa - Initiative für Menschen in Not e.V.,Power & Utilities,direct_keyword,52.0,Demand signal,Unspecified,,active implementation period,62,direct equipment language; procurement language; active implementation; named implementing buyer,40.0,Watchlist,0.0,0.0,"Map buyer, lot structure, and national/UN procurement channels before the funding window."
GB-GOV-1-300237,"Strengthening Climate Resilient Systems for Water, Sanitation and Hygiene Services in Ethiopia (SCRS - WASH)",ET,Ethiopia,"Foreign, Commonwealth and Development Office (FCDO)",IBRD - INTERNATIONAL BANK FOR RECONSTRUCTION AND DEVELOPMENT; MSE Auditors Partnership; Ministry of Finance (Account 2); NIRAS GROUP UK LTD; United Nations Children's Fund (UNICEF); International Bank for Reconstruction and Development; Ministry of Finance; LTS International Ltd,Power & Utilities,direct_keyword,52.0,Demand signal,Unspecified,,active implementation period,62,direct equipment language; procurement language; active implementation; named implementing buyer,40.0,Watchlist,0.0,0.0,"Map buyer, lot structure, and national/UN procurement channels before the funding window."
XI-IATI-EC_INTPA-2018-ACT-D-40410-00,Addressing Social Determinants of Health for Gender equality,ET,Ethiopia,European Commission,XM-DAC-12001,Power & Utilities,direct_keyword,52.0,Demand signal,Unspecified,,active implementation period,62,direct equipment language; procurement language; active implementation; named implementing buyer,40.0,Watchlist,0.0,0.0,"Map buyer, lot structure, and national/UN procurement channels before the funding window."
DAC-1601-INV-005390,Implementation Research on Administration of ACS during Intrapartum Care,ET; NG; IN; PK,Ethiopia; NG; IN; PK,Gates Foundation,World Health Organization,,none,51.9,Funding window,0-6 months,Q4 2026,next planned disbursement,70,funding window within 90 days; future planned disbursement; future budget period; active implementation; named implementing buyer,63.2,Qualified Lead,871894.0,4871894.0,Track disbursement timing and confirm whether a supply contract is expected.
DAC-1601-INV-083106,B. infantis containing probiotic trial for underweight infants,KE; ZW,Kenya; ZW,Gates Foundation,Africa Clinical Research Network Foundation,,none,51.9,Funding window,0-6 months,Q4 2026,next planned disbursement,70,funding window within 90 days; future planned disbursement; future budget period; active implementation; named implementing buyer,62.7,Qualified Lead,850382.0,3012859.0,Track disbursement timing and confirm whether a supply contract is expected.
DAC-1601-INV-056895,Institutionalizing RMNCH survey research in Ethiopia: E-PMA,ET,Ethiopia,Gates Foundation,Addis Ababa University,,none,51.9,Funding window,0-6 months,Q4 2026,next planned disbursement,70,funding window within 90 days; future planned disbursement; future budget period; active implementation; named implementing buyer,62.4,Qualified Lead,807330.0,2471287.0,Track disbursement timing and confirm whether a supply contract is expected.
DAC-1601-INV-002643,Improve PHC Service Delivery (Part 1 of 2),ET,Ethiopia,Gates Foundation,AMREF Health Africa,,none,51.9,Funding window,0-6 months,Q4 2026,next planned disbursement,70,funding window within 90 days; future planned disbursement; future budget period; active implementation; named implementing buyer,62.3,Qualified Lead,1756510.0,500000.0,Track disbursement timing and confirm whether a supply contract is expected.
DAC-1601-INV-059777,Improve GOE Capacity - National Market Shaping for Essential Commodities,ET,Ethiopia,Gates Foundation,"Results for Development Institute, Inc.",,none,51.9,Funding window,0-6 months,Q4 2026,next planned disbursement,70,funding window within 90 days; future planned disbursement; future budget period; active implementation; named implementing buyer,62.1,Qualified Lead,848433.0,1666433.0,Track disbursement timing and confirm whether a supply contract is expected.
DAC-1601-INV-055899,WB TF for Kenya UHC Project,KE,Kenya,Gates Foundation,International Bank for Reconstruction and Development,,none,51.8,Funding window,0-6 months,Q4 2026,next planned disbursement,70,funding window within 90 days; future planned disbursement; future budget period; active implementation; named implementing buyer,62.0,Qualified Lead,750000.0,750000.0,Track disbursement timing and confirm whether a supply contract is expected.
DAC-1601-INV-053453,"Gender, Climate Change, and Nutrition Integration Initiative (GCAN)",ET; KE; NG; SN; IN,Ethiopia; Kenya; NG; SN; IN,Gates Foundation,International Food Policy Research Institute,,none,51.8,Funding window,0-6 months,Q4 2026,next planned disbursement,70,funding window within 90 days; future planned disbursement; future budget period; active implementation; named implementing buyer,61.7,Qualified Lead,750000.0,750000.0,Track disbursement timing and confirm whether a supply contract is expected.
DAC-1601-INV-094484,H1000 - MLE and Project Design,ZA; KE; RW,ZA; Kenya; Rwanda,Gates Foundation,"Brigham and Women's Hospital, Inc.",,none,51.8,Funding window,0-6 months,Q4 2026,next planned disbursement,70,funding window within 90 days; future planned disbursement; future budget period; active implementation; named implementing buyer,61.4,Qualified Lead,761762.0,761762.0,Track disbursement timing and confirm whether a supply contract is expected.
DAC-1601-INV-070321,Evolving CCE Monitoring and Maintenance programs,SN; UG,SN; Uganda,Gates Foundation,PATH,,none,51.8,Funding window,0-6 months,Q4 2026,next planned disbursement,70,funding window within 90 days; future planned disbursement; future budget period; active implementation; named implementing buyer,61.3,Qualified Lead,750579.0,850579.0,Track disbursement timing and confirm whether a supply contract is expected.
DAC-1601-INV-080183,Ethiopia Health Extension Worker Blended Learning,ET,Ethiopia,Gates Foundation,Last Mile Health,,none,51.8,Funding window,0-6 months,Q4 2026,next planned disbursement,70,funding window within 90 days; future planned disbursement; future budget period; active implementation; named implementing buyer,61.3,Qualified Lead,630000.0,1260000.0,Track disbursement timing and confirm whether a supply contract is expected.
DAC-1601-INV-091012,Scaling Tobacco-Free Farms in Africa,KE; UG; ZM,Kenya; Uganda; ZM,Gates Foundation,World Health Organization,,none,51.8,Funding window,0-6 months,Q4 2026,next planned disbursement,70,funding window within 90 days; future planned disbursement; future budget period; active implementation; named implementing buyer,61.1,Qualified Lead,800000.0,800000.0,Track disbursement timing and confirm whether a supply contract is expected.
DAC-1601-INV-036570,Strategic Purchasing for PHC Phase II,KE; UG; BF; PK; ID; PH,Kenya; Uganda; BF; PK; ID; PH,Gates Foundation,Health Systems Insight,,none,51.7,Funding window,0-6 months,Q4 2026,next planned disbursement,70,funding window within 90 days; future planned disbursement; future budget period; active implementation; named implementing buyer,62.9,Qualified Lead,557988.0,2000000.0,Track disbursement timing and confirm whether a supply contract is expected.
DAC-1601-INV-071112,Product Introduction MNCNH via the FBO sector,KE; NG,Kenya; NG,Gates Foundation,Ecumenical Pharmaceutical Network,,none,51.7,Funding window,0-6 months,Q4 2026,next planned disbursement,70,funding window within 90 days; future planned disbursement; future budget period; active implementation; named implementing buyer,61.4,Qualified Lead,500000.0,1000000.0,Track disbursement timing and confirm whether a supply contract is expected.
DAC-1601-INV-042779,"Lactation management for low birth weight infants, Ethiopia",ET,Ethiopia,Gates Foundation,Addis Ababa University,,none,51.7,Funding window,0-6 months,Q4 2026,next planned disbursement,70,funding window within 90 days; future planned disbursement; future budget period; active implementation; named implementing buyer,61.4,Qualified Lead,500000.0,1350000.0,Track disbursement timing and confirm whether a supply contract is expected.
DAC-1601-INV-044135,Strengthening modeling capacity to inform Ethiopian health policies,ET,Ethiopia,Gates Foundation,Ethiopian Public Health Institute,,none,51.7,Funding window,0-6 months,Q4 2026,next planned disbursement,70,funding window within 90 days; future planned disbursement; future budget period; active implementation; named implementing buyer,61.4,Qualified Lead,492564.0,1992564.0,Track disbursement timing and confirm whether a supply contract is expected.
DAC-1601-INV-060615,AI-augmented fetal monitoring in Kenya,KE,Kenya,Gates Foundation,"PeriGen, Inc",,none,51.7,Funding window,0-6 months,Q4 2026,next planned disbursement,70,funding window within 90 days; future planned disbursement; future budget period; active implementation; named implementing buyer,61.2,Qualified Lead,485539.0,985539.0,Track disbursement timing and confirm whether a supply contract is expected.
DAC-1601-INV-088488,Improving Primary Health Care through Evidence-Based Planning,KE; SN; TZ,Kenya; SN; Tanzania,Gates Foundation,AMREF Health Africa,,none,51.7,Funding window,0-6 months,Q4 2026,next planned disbursement,70,funding window within 90 days; future planned disbursement; future budget period; active implementation; named implementing buyer,60.9,Qualified Lead,500000.0,1250000.0,Track disbursement timing and confirm whether a supply contract is expected.
DAC-1601-INV-081681,Health reporting & advocacy 2026-2027,KE,Kenya,Gates Foundation,DeFrontera Media Organization,,none,51.7,Funding window,0-6 months,Q4 2026,next planned disbursement,70,funding window within 90 days; future planned disbursement; future budget period; active implementation; named implementing buyer,60.8,Qualified Lead,700000.0,700000.0,Track disbursement timing and confirm whether a supply contract is expected.
DAC-1601-INV-085627,Micronutrient Assessment – Strengthen local and regional lab capacity,TZ,Tanzania,Gates Foundation,Tanzania Food and Nutrition Centre,,none,51.7,Funding window,0-6 months,Q4 2026,next planned disbursement,70,funding window within 90 days; future planned disbursement; future budget period; active implementation; named implementing buyer,60.5,Qualified Lead,517902.0,1050000.0,Track disbursement timing and confirm whether a supply contract is expected.
DAC-1601-INV-074660,Strengthening Level II Neonatal care Units in Ethiopia,ET,Ethiopia,Gates Foundation,Addis Ababa University,,none,51.6,Funding window,0-6 months,Q4 2026,next planned disbursement,70,funding window within 90 days; future planned disbursement; future budget period; active implementation; named implementing buyer,61.3,Qualified Lead,404682.0,1904682.0,Track disbursement timing and confirm whether a supply contract is expected.
DAC-1601-INV-066653,TA support for strengthening survey & data analytical support,ET,Ethiopia,Gates Foundation,London School of Hygiene and Tropical Medicine,,none,51.6,Funding window,0-6 months,Q4 2026,next planned disbursement,70,funding window within 90 days; future planned disbursement; future budget period; active implementation; named implementing buyer,60.8,Qualified Lead,399841.0,899841.0,Track disbursement timing and confirm whether a supply contract is expected.
DAC-1601-INV-089216,Advancing Subnational Evidence Use and Efficient Spending,KE,Kenya,Gates Foundation,Council of Governors,,none,51.6,Funding window,0-6 months,Q4 2026,next planned disbursement,70,funding window within 90 days; future planned disbursement; future budget period; active implementation; named implementing buyer,60.2,Qualified Lead,621231.0,621231.0,Track disbursement timing and confirm whether a supply contract is expected.
DAC-1601-INV-071750,Monitoring & Action for Gender & Equity (MAGEplus) Project,CM; CF; TD; CD; ET; GH; GN; CI; KE; LR; MG; MW; ML; MR; MZ; NE; NG; ZW; RW; SN; SL; SO; TZ; UG; BF; ZM; GT; HT; TJ; AF; MM; PK; BD; KH; ID; VN,CM; CF; TD; Democratic Republic of the Congo; Ethiopia; GH; GN; CI; Kenya; LR; MG; MW; ML; MR; MZ; NE; NG; ZW; Rwanda; SN; SL; Somalia; Tanzania; Uganda; BF; ZM; GT; HT; TJ; AF; MM; PK; BD; KH; ID; VN,Gates Foundation,Johns Hopkins University Bloomberg School of Public Health,,none,51.5,Funding window,0-6 months,Q4 2026,next planned disbursement,70,funding window within 90 days; future planned disbursement; future budget period; active implementation; named implementing buyer,61.0,Qualified Lead,400000.0,850000.0,Track disbursement timing and confirm whether a supply contract is expected.
DAC-1601-INV-034117,Understanding Outcomes of PHC Service Delivery Investment,ET,Ethiopia,Gates Foundation,"MERQ Consultancy, PLC",,none,51.5,Funding window,0-6 months,Q4 2026,next planned disbursement,70,funding window within 90 days; future planned disbursement; future budget period; active implementation; named implementing buyer,60.9,Qualified Lead,579499.0,579499.0,Track disbursement timing and confirm whether a supply contract is expected.
DAC-1601-INV-087607,Improving PHC through Data Intelligence,RW,Rwanda,Gates Foundation,Zenysis Technologies Inc.,,none,51.5,Funding window,0-6 months,Q4 2026,next planned disbursement,70,funding window within 90 days; future planned disbursement; future budget period; active implementation; named implementing buyer,60.4,Qualified Lead,500000.0,700000.0,Track disbursement timing and confirm whether a supply contract is expected.
XM-DAC-41122-United Rep. of Tanzania-4550/A0/06/002/004,"This activity will contribute to achieving results for the POLICIES, PLANS, DATA, FINANCING FOR HIV AND AIDS output",TZ,Tanzania,Saudi Arabia; UNICEF Regular Resources; UN Joint Programme; Norway; United States Fund for UNICEF; UNAIDS - Joint UN Programme; Global - HIV and AIDS,UNICEF; PS MINISTRY OF HEALTH AND SOCIAL WELFARE MATERNAL AND CHILD; PS MINISTRY OF HEALTH AND SOCIAL WELFARE ENVIRONMENTAL HEALTH; REGIONAL ADMINISTRATIVE SECRETARY NJOMBE; ZANZIBAR AIDS COMMISSION; REGIONAL ADMINISTRATIVE SECRETARY MBEYA; PS SECOND VICE PRESIDENT S OFFICE ZANZIBAR DISASTER MANAGEMENT OFFICE; IP not published; MINISTRY OF YOUTH CULTURE ARTS AND SPORT; BAYLOR COLLEGE OF MEDICINE CHILDREN S FOUNDATION TANZANIA; REGIONAL ADMINISTRATIVE SECRETARY IRINGA; TANZANIA COMMISSION FOR AIDS,,none,51.4,Funding window,0-6 months,Q1 2027,next planned disbursement,70,funding window within 90 days; future planned disbursement; future budget period; active implementation; named implementing buyer,60.9,Qualified Lead,413090.0,671180.0,Track disbursement timing and confirm whether a supply contract is expected.
DAC-1601-INV-096543,Intake 3:  Center for Dietary Assessment,ET; KE; NG; SN; SL; TZ; ZM; VN,Ethiopia; Kenya; NG; SN; SL; Tanzania; ZM; VN,Gates Foundation,Family Health International,,none,51.4,Funding window,0-6 months,Q4 2026,next planned disbursement,70,funding window within 90 days; future planned disbursement; future budget period; active implementation; named implementing buyer,60.7,Qualified Lead,499602.0,499602.0,Track disbursement timing and confirm whether a supply contract is expected.
DAC-1601-INV-091122,Effects of funding disruptions and resource prioritization,CM; TD; ET; CI; KE; LR; MW; MR; MZ; NG; SN; SL; SO; TZ; UG; BF; ZM; HT; AF,CM; TD; Ethiopia; CI; Kenya; LR; MW; MR; MZ; NG; SN; SL; Somalia; Tanzania; Uganda; BF; ZM; HT; AF,Gates Foundation,Devpart Consult,,none,51.4,Funding window,0-6 months,Q4 2026,next planned disbursement,70,funding window within 90 days; future planned disbursement; future budget period; active implementation; named implementing buyer,60.6,Qualified Lead,250000.0,1300000.0,Track disbursement timing and confirm whether a supply contract is expected.
DAC-1601-INV-096148,Promoting intergovernmental engagement to strengthen health financing,KE; LS; MW; MU; ZW; SZ; TZ; UG; ZM,Kenya; LS; MW; MU; ZW; SZ; Tanzania; Uganda; ZM,Gates Foundation,"East, Central and Southern Africa Health Community",,none,51.4,Funding window,0-6 months,Q4 2026,next planned disbursement,70,funding window within 90 days; future planned disbursement; future budget period; active implementation; named implementing buyer,60.0,Qualified Lead,500000.0,500000.0,Track disbursement timing and confirm whether a supply contract is expected.
DAC-1601-INV-060917,Health Financial Diaries,KE,Kenya,Gates Foundation,"Financial Sector Deepening, Kenya",,none,51.3,Funding window,0-6 months,Q4 2026,next planned disbursement,70,funding window within 90 days; future planned disbursement; future budget period; active implementation; named implementing buyer,60.4,Qualified Lead,440000.0,440000.0,Track disbursement timing and confirm whether a supply contract is expected.
DAC-1601-INV-070593,Health System Strengthening – Evidence to Action,UA; CM; CF; TD; CD; ET; GH; GN; CI; KE; LR; MG; MW; ML; MR; MZ; NE; NG; ZW; RW; SN; SL; SO; TZ; UG; BF; ZM; GT; HT; TJ; AF; PK; BD; KH; ID; VN,UA; CM; CF; TD; Democratic Republic of the Congo; Ethiopia; GH; GN; CI; Kenya; LR; MG; MW; ML; MR; MZ; NE; NG; ZW; Rwanda; SN; SL; Somalia; Tanzania; Uganda; BF; ZM; GT; HT; TJ; AF; PK; BD; KH; ID; VN,Gates Foundation,Cognition Studio Inc,,none,51.3,Funding window,0-6 months,Q4 2026,next planned disbursement,70,funding window within 90 days; future planned disbursement; future budget period; active implementation; named implementing buyer,60.3,Qualified Lead,200000.0,1301803.0,Track disbursement timing and confirm whether a supply contract is expected.
DAC-1601-INV-059494,HCF - Improving fiscal resilience for health and SDG PF IMPACT STUDY,ET,Ethiopia,Gates Foundation,Breakthrough International Consultancy PLC,,none,51.3,Funding window,0-6 months,Q4 2026,next planned disbursement,70,funding window within 90 days; future planned disbursement; future budget period; active implementation; named implementing buyer,59.9,Watchlist,428280.0,428280.0,Track disbursement timing and confirm whether a supply contract is expected.
XM-DAC-41122-Uganda-4380/A0/07/001/001,This activity will contribute to achieving results for the OUTPUT 1.1 REPRODUCTIVE NEWBORN MATERNAL output,UG,Uganda,UNICEF Regular Resources; SIDA - Sweden; Country Learn & Skilled for Work &; UNAIDS - Joint UN Programme; UNFPA - UN Population Fund; Global - HIV and AIDS; United Kingdom Committee for UNICEF; MPTFO - UN Multi Partner,KAMULI DISTRICT UNICEF; BUGIRI DISTRICT LOCAL GOVERNMENT; NAMAYINGO DISTRICT LOCAL GOVERNMENT; MASAKA CITY; PALLISA DISTRICT LOCAL GOVERNMENT; UNICEF,,none,51.3,Funding window,0-6 months,Q1 2027,next planned disbursement,70,funding window within 90 days; future planned disbursement; future budget period; active implementation; named implementing buyer,59.7,Watchlist,374495.0,561756.5,Track disbursement timing and confirm whether a supply contract is expected.
DAC-1601-INV-039535,Technical Assistance on Sustainable Scale Up,CD; KE; NG; SN; BF; PK,Democratic Republic of the Congo; Kenya; NG; SN; BF; PK,Gates Foundation,Partners in Expanding Health Quality and Access,,none,51.2,Funding window,0-6 months,Q4 2026,next planned disbursement,70,funding window within 90 days; future planned disbursement; future budget period; active implementation; named implementing buyer,61.0,Qualified Lead,1024974.0,150000.0,Track disbursement timing and confirm whether a supply contract is expected.
DAC-1601-INV-075833,Better integrating neglected tropical diseases in UNICEF programming,CI; KE; SL,CI; Kenya; SL,Gates Foundation,United States Fund for UNICEF,,none,51.2,Funding window,0-6 months,Q4 2026,next planned disbursement,70,funding window within 90 days; future planned disbursement; future budget period; active implementation; named implementing buyer,60.0,Qualified Lead,400000.0,400000.0,Track disbursement timing and confirm whether a supply contract is expected.
DAC-1601-INV-088525,Provision of Technical Assistance in Health Economics for PHC,GH; NG; SN; TZ,GH; NG; SN; Tanzania,Gates Foundation,African Health Economics and Policy Association,,none,51.1,Funding window,0-6 months,Q4 2026,next planned disbursement,70,funding window within 90 days; future planned disbursement; future budget period; active implementation; named implementing buyer,59.6,Watchlist,280000.0,500000.0,Track disbursement timing and confirm whether a supply contract is expected.
DAC-1601-INV-077662,Power Up Health and Immunization II 2025-2027,CD; NG,Democratic Republic of the Congo; NG,Gates Foundation,Niyel Suarl,,none,51.1,Funding window,0-6 months,Q4 2026,next planned disbursement,70,funding window within 90 days; future planned disbursement; future budget period; active implementation; named implementing buyer,59.5,Watchlist,234878.0,522378.0,Track disbursement timing and confirm whether a supply contract is expected.
KR-GOV-110-1352000_2025_002,Rwanda District Health System Strengthening focusing on Kabgayi and Muhororo District Hospitals,RW,Rwanda,Ministry of Health and Welfare,,Medical Devices & Equipment,sector_inferred,51.0,Funding window,0-6 months,Q4 2026,next planned disbursement,70,sector-implied demand; funding window within 6 months; future planned disbursement; future budget period; active implementation,94.0,Strategic Priority,0.0,0.0,Track disbursement timing and confirm whether a supply contract is expected.
KR-GOV-110-GRP_0000194261,"Strengthening Health System to Prevent, Detect, and Response to Infectious Disease in Uganda",UG,Uganda,Ministry of Health and Welfare,,Diagnostic Equipment,sector_inferred,51.0,Funding window,0-6 months,Q4 2026,next planned disbursement,70,sector-implied demand; funding window within 6 months; future planned disbursement; future budget period; active implementation,94.0,Strategic Priority,0.0,0.0,Track disbursement timing and confirm whether a supply contract is expected.
KR-GOV-110-1352000_2023_011,"Health System Strengthening Project focused on Reproductive, Maternal, Newborn and Child Health (RMNCH) in Pwani Province, Tanzania 2nd Phase",TZ,Tanzania,Ministry of Health and Welfare,,Medical Devices & Equipment,sector_inferred,51.0,Funding window,0-6 months,Q4 2026,next planned disbursement,70,sector-implied demand; funding window within 6 months; future planned disbursement; future budget period; active implementation,94.0,Strategic Priority,0.0,0.0,Track disbursement timing and confirm whether a supply contract is expected.
DAC-1601-INV-073802,"The Trifecta Effect of HEW, Women Empowerment & Data",ET,Ethiopia,Gates Foundation,WEEMA International Inc,,none,51.0,Funding window,0-6 months,Q4 2026,next planned disbursement,70,funding window within 90 days; future planned disbursement; future budget period; active implementation; named implementing buyer,59.3,Watchlist,300000.0,300000.0,Track disbursement timing and confirm whether a supply contract is expected.
KR-GOV-110-1352000_2026_008,Health System Strengthening Project Focused on Emergency Medical Service in Uganda Phase II,UG,Uganda,Ministry of Health and Welfare,,Medical Devices & Equipment,sector_inferred,50.9,Funding window,0-6 months,Q4 2026,next planned disbursement,70,sector-implied demand; funding window within 6 months; future planned disbursement; future budget period; active implementation,94.0,Strategic Priority,0.0,0.0,Track disbursement timing and confirm whether a supply contract is expected.
DAC-1601-INV-087144,Strengthen national health guidelines systems to improve care in Ethiopia,ET,Ethiopia,Gates Foundation,Ethiopian Society of Emergency and Critical Care Professionals,,none,50.9,Funding window,0-6 months,Q4 2026,next planned disbursement,70,funding window within 90 days; future planned disbursement; future budget period; active implementation; named implementing buyer,59.0,Watchlist,279743.0,279743.0,Track disbursement timing and confirm whether a supply contract is expected.
DAC-1601-INV-093517,Scientific Advisory Panel for Micronutrient Biomarker Assessment,UG,Uganda,Gates Foundation,Makerere University,,none,50.8,Funding window,0-6 months,Q4 2026,next planned disbursement,70,funding window within 90 days; future planned disbursement; future budget period; active implementation; named implementing buyer,59.3,Watchlist,260168.0,260168.0,Track disbursement timing and confirm whether a supply contract is expected.
XM-DAC-41122-Kenya-2400/A0/07/005/003,This activity will contribute to achieving results for the EVALUATIONS output,KE,Kenya,GAVI The Vaccine Alliance; Kenya; MPTFO - UN Multi Partner; UNICEF Regular Resources; United States Fund for UNICEF; The United Kingdom; German Committee for UNICEF; Korea International Cooperation Age; Global - Thematic Humanitarian Resp; Global - Education; Global - HIV and AIDS; Consolidated Funds from NatComs,MINISTRY OF DEVOLUTION AND PLANNING; UNICEF; MINISTRY OF HEALTH AND SANITATION WEST POKOT KAPENGURIA,,none,50.7,Funding window,0-6 months,Q1 2027,next planned disbursement,70,funding window within 90 days; future planned disbursement; future budget period; active implementation; named implementing buyer,59.1,Watchlist,179000.0,298000.0,Track disbursement timing and confirm whether a supply contract is expected.
DAC-1601-INV-062382,LMA Surfactant - Ethiopia,ET; KE; NG,Ethiopia; Kenya; NG,Gates Foundation,St. Paul’s Hospital Millennium Medical College,,none,50.6,Funding window,0-6 months,Q4 2026,next planned disbursement,70,funding window within 90 days; future planned disbursement; future budget period; active implementation; named implementing buyer,59.4,Watchlist,189020.0,189020.0,Track disbursement timing and confirm whether a supply contract is expected.
DAC-1601-INV-096865,Support to health sector response in Kenya,KE,Kenya,Gates Foundation,Center for Public Health and Development,,none,50.6,Funding window,0-6 months,Q4 2026,next planned disbursement,70,funding window within 90 days; future planned disbursement; future budget period; active implementation; named implementing buyer,58.3,Watchlist,169999.0,230000.0,Track disbursement timing and confirm whether a supply contract is expected.
DAC-1601-INV-073272,Syndemic modeling to optimize health service integration in Africa,ZA; TZ,ZA; Tanzania,Gates Foundation,Africa Academy for Public Health,,none,50.4,Funding window,0-6 months,Q4 2026,next planned disbursement,70,funding window within 90 days; future planned disbursement; future budget period; active implementation; named implementing buyer,58.2,Watchlist,61102.0,415283.0,Track disbursement timing and confirm whether a supply contract is expected.
DAC-1601-INV-078838,AI Proof of Concept to enhance regulatory processes in Kenya,KE,Kenya,Gates Foundation,Kenya Pharmacy and Poisons Board,,none,50.4,Funding window,0-6 months,Q4 2026,next planned disbursement,70,funding window within 90 days; future planned disbursement; future budget period; active implementation; named implementing buyer,58.0,Watchlist,150000.0,150000.0,Track disbursement timing and confirm whether a supply contract is expected.
DAC-1601-INV-055639,PHC Advocacy Sector Support,KE,Kenya,Gates Foundation,Health NGOs' Network (HENNET),,none,50.3,Funding window,0-6 months,Q4 2026,next planned disbursement,70,funding window within 90 days; future planned disbursement; future budget period; active implementation; named implementing buyer,57.9,Watchlist,60956.0,300000.0,Track disbursement timing and confirm whether a supply contract is expected.
44000-P179698,Building Resilient and Responsive Health Systems,KE,Kenya,International Development Association,Ministry of Health; Ministry of Health,Medical Devices & Equipment,sector_inferred,50.0,Funding window,0-6 months,Q4 2026,next budget period,70,sector-implied demand; funding window within 90 days; future budget period; active implementation; named implementing buyer,74.0,Qualified Lead,0.0,104622879.08,Track disbursement timing and confirm whether a supply contract is expected.
44000-P504764,"Rwanda Health Emergency Preparedness, Response and Resilience Project Using the Multiphase Programmatic Approach",RW,Rwanda,International Development Association,Rwanda Biomedical Centre,Medical Devices & Equipment,sector_inferred,50.0,Funding window,0-6 months,Q4 2026,next budget period,70,sector-implied demand; funding window within 90 days; future budget period; active implementation; named implementing buyer,73.4,Qualified Lead,0.0,26050444.66,Track disbursement timing and confirm whether a supply contract is expected.
44000-P504532,"Democratic Republic of Congo Health Emergency Preparedness, Response, and Resilience Project",CD,Democratic Republic of the Congo,International Development Association,"Ministry of Public Health, Hygiene and Prevention",Medical Devices & Equipment,sector_inferred,50.0,Funding window,0-6 months,Q4 2026,next budget period,70,sector-implied demand; funding window within 90 days; future budget period; active implementation; named implementing buyer,73.2,Qualified Lead,0.0,17041938.12,Track disbursement timing and confirm whether a supply contract is expected.
DAC-1601-INV-044979,GRID3 - Phase 2 Scaling,CD; NG,Democratic Republic of the Congo; NG,Gates Foundation,GRID3 Inc,Diagnostic Equipment,sector_inferred,50.0,Funding window,0-6 months,Q4 2026,next planned disbursement,70,sector-implied demand; funding window within 90 days; future budget period; active implementation; named implementing buyer,71.6,Qualified Lead,0.0,4107315.0,Track disbursement timing and confirm whether a supply contract is expected.
XM-DAC-928-CD-2026-27-04.002.AF01.COD02,"WHO provides guidance and technical assistance to strengthen and sustain quality immunization services, including for poliomyelitis, especially for unvaccinated and undervaccinated persons",CD,Democratic Republic of the Congo,"Democratic Republic of the Congo; Gavi, the Vaccine Alliance; World Health Organization",World Health Organization,Diagnostic Equipment,sector_inferred,50.0,Funding window,0-6 months,Q4 2026,next budget period,70,sector-implied demand; funding window within 90 days; future budget period; active implementation; named implementing buyer,71.1,Qualified Lead,0.0,5875553.98,Track disbursement timing and confirm whether a supply contract is expected.
DAC-1601-INV-030857,Accelerating Access to Typhoid Conjugate Vaccines (TyVAC 2.0),CD; GH; KE; MG; MW; NE; BF; ZM; NP; PK; BD,Democratic Republic of the Congo; GH; Kenya; MG; MW; NE; BF; ZM; NP; PK; BD,Gates Foundation,"University of Maryland, Baltimore",Diagnostic Equipment,sector_inferred,50.0,Funding window,0-6 months,Q4 2026,next planned disbursement,70,sector-implied demand; funding window within 90 days; future budget period; active implementation; named implementing buyer,71.0,Qualified Lead,0.0,1510970.0,Track disbursement timing and confirm whether a supply contract is expected.
XM-DAC-928-SO-2026-27-04.002.EM01.SOM02,"WHO provides guidance and technical assistance to strengthen and sustain quality immunization services, including for poliomyelitis, especially for unvaccinated and undervaccinated persons",SO,Somalia,"Gavi, the Vaccine Alliance; World Health Organization",World Health Organization,Diagnostic Equipment,sector_inferred,50.0,Funding window,0-6 months,Q4 2026,next budget period,70,sector-implied demand; funding window within 90 days; future budget period; active implementation; named implementing buyer,70.7,Qualified Lead,0.0,4125561.66,Track disbursement timing and confirm whether a supply contract is expected.
DAC-1601-INV-082574,Support to Polio Outbreak Control Rooms in Africa 2025,CM; TD; CG; NE; SO,CM; TD; CG; NE; Somalia,Gates Foundation,eHealth Africa,Diagnostic Equipment,sector_inferred,50.0,Funding window,0-6 months,Q4 2026,next planned disbursement,70,sector-implied demand; funding window within 90 days; future budget period; active implementation; named implementing buyer,70.2,Qualified Lead,0.0,1799362.0,Track disbursement timing and confirm whether a supply contract is expected.
DAC-1601-INV-101607,Rapid Response in DRC,CD,Democratic Republic of the Congo,Gates Foundation,VillageReach,Diagnostic Equipment,sector_inferred,50.0,Funding window,0-6 months,Q4 2026,next planned disbursement,70,sector-implied demand; funding window within 90 days; future budget period; active implementation; named implementing buyer,70.2,Qualified Lead,0.0,3000000.0,Track disbursement timing and confirm whether a supply contract is expected.
DAC-1601-INV-052526,Dynamics of natural immunity to malaria in adults (DYNAMIA),TZ,Tanzania,Gates Foundation,Ifakara Health Institute,Diagnostic Equipment,sector_inferred,50.0,Funding window,0-6 months,Q4 2026,next planned disbursement,70,sector-implied demand; funding window within 90 days; future budget period; active implementation; named implementing buyer,70.1,Qualified Lead,0.0,1542799.0,Track disbursement timing and confirm whether a supply contract is expected.
XM-DAC-928-ET-2026-27-04.002.AF01.ETH02,"WHO provides guidance and technical assistance to strengthen and sustain quality immunization services, including for poliomyelitis, especially for unvaccinated and undervaccinated persons",ET,Ethiopia,"Bill &amp; Melinda Gates Foundation; Gavi, the Vaccine Alliance; WHO Foundation; World Health Organization",World Health Organization,Diagnostic Equipment,sector_inferred,50.0,Funding window,0-6 months,Q4 2026,next budget period,70,sector-implied demand; funding window within 90 days; future budget period; active implementation; named implementing buyer,70.1,Qualified Lead,0.0,2228104.17,Track disbursement timing and confirm whether a supply contract is expected.
DAC-1601-INV-069960,Boost Polio coverage for at-risk populations in border areas of DRC,CD,Democratic Republic of the Congo,Gates Foundation,International Organization for Migration,Diagnostic Equipment,sector_inferred,50.0,Funding window,0-6 months,Q4 2026,next planned disbursement,70,sector-implied demand; funding window within 90 days; future budget period; active implementation; named implementing buyer,69.8,Qualified Lead,0.0,1000000.0,Track disbursement timing and confirm whether a supply contract is expected.
XM-DAC-928-TZ-2026-27-04.001.AF01.TZA03,"WHO provides leadership, develops evidence-based guidance and standards, and supports Member States to build capacity to deliver targeted, innovative and integrated people-centred services for communicable diseases",TZ,Tanzania,"Ministry of Foreign Affairs, Japan; UNITAID; United Nations Multi-Partner Trust Fund Office (MPTFO); Sasakawa Health Foundation; United Republic of Tanzania; World Health Organization",World Health Organization,Diagnostic Equipment,sector_inferred,50.0,Funding window,0-6 months,Q4 2026,next budget period,70,sector-implied demand; funding window within 90 days; future budget period; active implementation; named implementing buyer,69.7,Qualified Lead,0.0,1608328.04,Track disbursement timing and confirm whether a supply contract is expected.
XM-DAC-928-SS-2026-27-04.002.AF01.SSD02,"WHO provides guidance and technical assistance to strengthen and sustain quality immunization services, including for poliomyelitis, especially for unvaccinated and undervaccinated persons",SS,South Sudan,"United Nations Children&apos;s Fund (UNICEF); Bill &amp; Melinda Gates Foundation; Gavi, the Vaccine Alliance; WHO Foundation",World Health Organization,Diagnostic Equipment,sector_inferred,50.0,Funding window,0-6 months,Q4 2026,next budget period,70,sector-implied demand; funding window within 90 days; future budget period; active implementation; named implementing buyer,69.6,Qualified Lead,0.0,1505742.75,Track disbursement timing and confirm whether a supply contract is expected.
XM-DAC-928-KE-2026-27-04.002.AF01.KEN02,"WHO provides guidance and technical assistance to strengthen and sustain quality immunization services, including for poliomyelitis, especially for unvaccinated and undervaccinated persons",KE,Kenya,"Gavi, the Vaccine Alliance",World Health Organization,Diagnostic Equipment,sector_inferred,50.0,Funding window,0-6 months,Q4 2026,next budget period,70,sector-implied demand; funding window within 90 days; future budget period; active implementation; named implementing buyer,69.6,Qualified Lead,0.0,1491723.99,Track disbursement timing and confirm whether a supply contract is expected.
XM-DAC-928-RW-2026-27-04.001.AF01.RWA03,"WHO provides leadership, develops evidence-based guidance and standards, and supports Member States to build capacity to deliver targeted, innovative and integrated people-centred services for communicable diseases",RW,Rwanda,Spanish Agency for International Cooperation (AECID); Helmsley Charitable Trust; WHO Foundation; Sanofi-Aventis; World Health Organization,World Health Organization,Diagnostic Equipment,sector_inferred,50.0,Funding window,0-6 months,Q4 2026,next budget period,70,sector-implied demand; funding window within 90 days; future budget period; active implementation; named implementing buyer,69.6,Qualified Lead,0.0,1415956.88,Track disbursement timing and confirm whether a supply contract is expected.
XM-DAC-928-CD-2026-27-04.001.AF01.COD03,"WHO provides leadership, develops evidence-based guidance and standards, and supports Member States to build capacity to deliver targeted, innovative and integrated people-centred services for communicable diseases",CD,Democratic Republic of the Congo,UNITAID; Bayer AG; Democratic Republic of the Congo; Sasakawa Health Foundation; World Health Organization,World Health Organization,Diagnostic Equipment,sector_inferred,50.0,Funding window,0-6 months,Q4 2026,next budget period,70,sector-implied demand; funding window within 90 days; future budget period; active implementation; named implementing buyer,69.5,Qualified Lead,0.0,1292167.83,Track disbursement timing and confirm whether a supply contract is expected.
XM-DAC-928-UG-2026-27-04.002.AF01.UGA02,"WHO provides guidance and technical assistance to strengthen and sustain quality immunization services, including for poliomyelitis, especially for unvaccinated and undervaccinated persons",UG,Uganda,"Gavi, the Vaccine Alliance; WHO Foundation",World Health Organization,Diagnostic Equipment,sector_inferred,50.0,Funding window,0-6 months,Q4 2026,next budget period,70,sector-implied demand; funding window within 90 days; future budget period; active implementation; named implementing buyer,69.3,Qualified Lead,0.0,1115089.13,Track disbursement timing and confirm whether a supply contract is expected.
XM-DAC-928-SO-2026-27-04.001.EM01.SOM03,"WHO provides leadership, develops evidence-based guidance and standards, and supports Member States to build capacity to deliver targeted, innovative and integrated people-centred services for communicable diseases",SO,Somalia,"World Vision International; United Nations Children&apos;s Fund (UNICEF); Sasakawa Health Foundation; Gilead Sciences, Inc.; World Health Organization",World Health Organization,Diagnostic Equipment,sector_inferred,50.0,Funding window,0-6 months,Q4 2026,next budget period,70,sector-implied demand; funding window within 90 days; future budget period; active implementation; named implementing buyer,69.3,Qualified Lead,0.0,1101849.02,Track disbursement timing and confirm whether a supply contract is expected.
XM-DAC-928-UG-2026-27-04.001.AF01.UGA03,"WHO provides leadership, develops evidence-based guidance and standards, and supports Member States to build capacity to deliver targeted, innovative and integrated people-centred services for communicable diseases",UG,Uganda,"Ministry of Foreign Affairs, Ireland; Joint United Nations Programme on HIV/AIDS (UNAIDS); GSK plc; Uganda; World Diabetes Foundation; Children&apos;s Investment Fund Foundation (UK)",World Health Organization,Diagnostic Equipment,sector_inferred,50.0,Funding window,0-6 months,Q4 2026,next budget period,70,sector-implied demand; funding window within 90 days; future budget period; active implementation; named implementing buyer,69.3,Qualified Lead,0.0,1071589.52,Track disbursement timing and confirm whether a supply contract is expected.
DAC-1601-INV-089124,"TB Long Acting Injectables Survey Indonesia, South Africa, Tanzania",ZA; TZ; ID,ZA; Tanzania; ID,Gates Foundation,Family Health International,,none,50.0,Funding window,0-6 months,Q4 2026,next planned disbursement,70,funding window within 90 days; future planned disbursement; future budget period; active implementation; named implementing buyer,57.7,Watchlist,100000.0,100000.0,Track disbursement timing and confirm whether a supply contract is expected.
NL-KVK-34234456-XM-DAC-7-PPR-4000005681-2026,Making Inclusive HealthMarkets work 2023-2029,GH; KE; TZ; NG; NL,GH; Kenya; Tanzania; NG; NL,Netherlands - Ministry of Foreign Affairs,Stichting PharmAccess International,,none,50.0,Funding window,0-6 months,Q1 2027,next budget period,70,procurement language; funding window within 6 months; future budget period; active implementation; named implementing buyer,53.7,Watchlist,0.0,52533000.0,Track disbursement timing and confirm whether a supply contract is expected.
47045-RWA-M-MOH-4,Supporting Rwanda Towards Controlling Malaria - Rwanda (01-Jul-2024-30-Jun-2027),RW,Rwanda,"The Global Fund to Fight AIDS, Tuberculosis and Malaria; The Global Fund to Fight AIDS, Tuberculosis and Malaria",Ministry of Health of the Republic of Rwanda,,none,50.0,Funding window,0-6 months,Q4 2026,next budget period,70,procurement language; funding window within 6 months; future budget period; active implementation; named implementing buyer,52.5,Watchlist,0.0,11139603.0,Track disbursement timing and confirm whether a supply contract is expected.
41AAA-12122-003,UN WebBuy Plus and Procurement Services for the Global Fund,TZ,Tanzania,,United Nations Office for Project Services,,none,50.0,Funding window,0-6 months,Q4 2026,next budget period,70,procurement language; funding window within 6 months; future budget period; active implementation; named implementing buyer,51.3,Watchlist,0.0,18495200.0,Track disbursement timing and confirm whether a supply contract is expected.
NL-KVK-83517626-DGGF119UG2,Uganda - Rollout of a‘last mile health network’,UG,Uganda,Invest International B.V.,Healthy Entrepreneurs B.V.,,none,50.0,Funding window,0-6 months,Q1 2027,next budget period,70,procurement language; funding window within 6 months; future budget period; active implementation; named implementing buyer,50.9,Watchlist,0.0,5003468.61,Track disbursement timing and confirm whether a supply contract is expected.
XM-DAC-41114-OUTPUT-01004489,South Sudan-GAVI Supply Chain Strengthening in South Sudan,SS,South Sudan,"The Global Fund to Fight AIDS, Tuberculosis and Malaria; UNITED NATIONS DEVELOPMENT PROGRAMME; GAVI",UNDP,,none,50.0,Funding window,0-6 months,Q4 2026,next budget period,70,procurement language; funding window within 6 months; future budget period; active implementation; named implementing buyer,50.2,Watchlist,0.0,2878425.0,Track disbursement timing and confirm whether a supply contract is expected.
GB-CHC-802353-Cheshire,Cheshire Services - Disability welfare,ET,Ethiopia,Individual donors to Ethiopiaid,,Facility Infrastructure,direct_keyword,50.0,Demand signal,Unspecified,,no future dated funding signal,54,direct equipment language; procurement language; pipeline activity,54.0,Watchlist,0.0,0.0,"Map buyer, lot structure, and national/UN procurement channels before the funding window."
DAC-1601-INV-080142,Enabling systems for Integrated Disease Surveillance,ET; NG; ZM,Ethiopia; NG; ZM,Gates Foundation,Resolve to Save Lives,Diagnostic Equipment,sector_inferred,49.9,Funding window,0-6 months,Q4 2026,next planned disbursement,70,sector-implied demand; funding window within 90 days; future budget period; active implementation; named implementing buyer,69.9,Qualified Lead,0.0,834104.0,Track disbursement timing and confirm whether a supply contract is expected.
DAC-1601-INV-098285,Support for human African trypanosomiasis elimination (Trypa-NO! 3.5),AO; TD; GN; CI; SL; SS; UG,AO; TD; GN; CI; SL; South Sudan; Uganda,Gates Foundation,Liverpool School of Tropical Medicine,Diagnostic Equipment,sector_inferred,49.9,Funding window,0-6 months,Q4 2026,next planned disbursement,70,sector-implied demand; funding window within 90 days; future budget period; active implementation; named implementing buyer,68.9,Qualified Lead,0.0,840535.0,Track disbursement timing and confirm whether a supply contract is expected.
FR-3-CCD121601,"Renforcement des capacités de la société civile et des acteurs locaux du Nord-Kivu pour prévenir et répondre aux risques épidémiques, Phase II",CD,Democratic Republic of the Congo,France,SOLIDARITES INTERNATIONAL,Diagnostic Equipment,sector_inferred,49.9,Funding window,0-6 months,Q4 2026,next budget period,70,sector-implied demand; funding window within 90 days; future budget period; active implementation; named implementing buyer,68.8,Qualified Lead,0.0,779150.09,Track disbursement timing and confirm whether a supply contract is expected.
DAC-1601-INV-084488,Supporting intensified round zero polio eradication activities in DRC,CD,Democratic Republic of the Congo,Gates Foundation,VillageReach,Diagnostic Equipment,sector_inferred,49.8,Funding window,0-6 months,Q4 2026,next planned disbursement,70,sector-implied demand; funding window within 90 days; future budget period; active implementation; named implementing buyer,69.7,Qualified Lead,0.0,650000.0,Track disbursement timing and confirm whether a supply contract is expected.
DAC-1601-INV-064995,J.C. Flowers Foundation_FLAME,AO; CD; MW; MZ; ZW; NA; ZM,AO; Democratic Republic of the Congo; MW; MZ; ZW; NA; ZM,Gates Foundation,J.C. Flowers Foundation,Diagnostic Equipment,sector_inferred,49.8,Funding window,0-6 months,Q4 2026,next planned disbursement,70,sector-implied demand; funding window within 90 days; future budget period; active implementation; named implementing buyer,69.4,Qualified Lead,0.0,607500.0,Track disbursement timing and confirm whether a supply contract is expected.
DAC-1601-INV-056612,Modeling Population-Level Strategies to Respond to Artemisinin Resistance,KE; RW; UG; BF,Kenya; Rwanda; Uganda; BF,Gates Foundation,Temple University - Of The Commonwealth System of Higher Education,Diagnostic Equipment,sector_inferred,49.8,Funding window,0-6 months,Q4 2026,next planned disbursement,70,sector-implied demand; funding window within 90 days; future budget period; active implementation; named implementing buyer,69.3,Qualified Lead,0.0,575279.0,Track disbursement timing and confirm whether a supply contract is expected.
DAC-1601-INV-077454,Malaria vaccine impact on iNTS,CD,Democratic Republic of the Congo,Gates Foundation,International Vaccine Institute,Diagnostic Equipment,sector_inferred,49.8,Funding window,0-6 months,Q4 2026,next planned disbursement,70,sector-implied demand; funding window within 90 days; future budget period; active implementation; named implementing buyer,69.3,Qualified Lead,0.0,689181.0,Track disbursement timing and confirm whether a supply contract is expected.
DAC-1601-INV-056437,Malaria Partners International: Core Funding,ZW; UG; ZM,ZW; Uganda; ZM,Gates Foundation,Malaria Partners International,Diagnostic Equipment,sector_inferred,49.8,Funding window,0-6 months,Q4 2026,next planned disbursement,70,sector-implied demand; funding window within 90 days; future budget period; active implementation; named implementing buyer,69.0,Qualified Lead,0.0,600000.0,Track disbursement timing and confirm whether a supply contract is expected.
XM-DAC-928-SS-2026-27-04.001.AF01.SSD04,"WHO develops and disseminates guidance and tools to mitigate antimicrobial resistance, collects and reports data for action, raises awareness, guides research and innovation, builds country and regional capacity to implement a core package of interventions, and coordinates global multisectoral action",SS,South Sudan,South Sudan; World Health Organization,World Health Organization,Diagnostic Equipment,sector_inferred,49.8,Funding window,0-6 months,Q4 2026,next budget period,70,sector-implied demand; funding window within 90 days; future budget period; active implementation; named implementing buyer,68.8,Qualified Lead,0.0,693498.44,Track disbursement timing and confirm whether a supply contract is expected.
XM-DAC-928-ET-2026-27-04.001.AF01.ETH03,"WHO provides leadership, develops evidence-based guidance and standards, and supports Member States to build capacity to deliver targeted, innovative and integrated people-centred services for communicable diseases",ET,Ethiopia,"Carter Center; UNITAID; Bill &amp; Melinda Gates Foundation; Gilead Sciences, Inc.; Fundaci?n Anesvad; Hilfsaktion Noma e.V.; Sanofi-Aventis; Sasakawa Health Foundation; World Health Organization",World Health Organization,Diagnostic Equipment,sector_inferred,49.8,Funding window,0-6 months,Q4 2026,next budget period,70,sector-implied demand; funding window within 90 days; future budget period; active implementation; named implementing buyer,68.8,Qualified Lead,0.0,679677.24,Track disbursement timing and confirm whether a supply contract is expected.
XM-DAC-928-SS-2026-27-07.002.AF01.SSD03,"WHO supports Member States in strengthening health information collection, aggregation, analysis and interpretation to monitor trends and progress towards Sustainable Development Goals indicators and targets, including inequality monitoring",SS,South Sudan,World Health Organization,World Health Organization,Diagnostic Equipment,sector_inferred,49.8,Funding window,0-6 months,Q4 2026,next budget period,70,sector-implied demand; funding window within 90 days; future budget period; active implementation; named implementing buyer,68.7,Qualified Lead,0.0,665820.54,Track disbursement timing and confirm whether a supply contract is expected.
DAC-1601-INV-068864,Applied country level modelling in Africa,BJ; GH; KE; MZ; RW; TZ,BJ; GH; Kenya; MZ; Rwanda; Tanzania,Gates Foundation,Swiss Tropical & Public Health Institute,Diagnostic Equipment,sector_inferred,49.7,Funding window,0-6 months,Q4 2026,next planned disbursement,70,sector-implied demand; funding window within 90 days; future budget period; active implementation; named implementing buyer,69.5,Qualified Lead,0.0,499461.0,Track disbursement timing and confirm whether a supply contract is expected.
DAC-1601-INV-059081,Enhancing Leadership and Management for Malaria Elimination Phase 2,BI; CM; ET; GH; CI; KE; ML; RW; SN; SS,BI; CM; Ethiopia; GH; CI; Kenya; ML; Rwanda; SN; South Sudan,Gates Foundation,Strathmore University,Diagnostic Equipment,sector_inferred,49.7,Funding window,0-6 months,Q4 2026,next planned disbursement,70,sector-implied demand; funding window within 90 days; future budget period; active implementation; named implementing buyer,69.4,Qualified Lead,0.0,474714.0,Track disbursement timing and confirm whether a supply contract is expected.
DAC-1601-INV-052649,Dynamics of host immunity in the setting of malaria control (DYNAMIC),UG,Uganda,Gates Foundation,Infectious Diseases Research Collaboration,Diagnostic Equipment,sector_inferred,49.7,Funding window,0-6 months,Q4 2026,next planned disbursement,70,sector-implied demand; funding window within 90 days; future budget period; active implementation; named implementing buyer,69.4,Qualified Lead,0.0,509015.0,Track disbursement timing and confirm whether a supply contract is expected.
DAC-1601-INV-060372,Africa Infodemic Response Alliance,CD; KE; NG,Democratic Republic of the Congo; Kenya; NG,Gates Foundation,World Health Organization Regional Office for Africa,Diagnostic Equipment,sector_inferred,49.7,Funding window,0-6 months,Q4 2026,next planned disbursement,70,sector-implied demand; funding window within 90 days; future budget period; active implementation; named implementing buyer,69.1,Qualified Lead,0.0,500000.0,Track disbursement timing and confirm whether a supply contract is expected.
DAC-1601-INV-071126,Strengthening 9-month platform and 5-dose vial introduction support,ET,Ethiopia,Gates Foundation,PATH,Diagnostic Equipment,sector_inferred,49.7,Funding window,0-6 months,Q4 2026,next planned disbursement,70,sector-implied demand; funding window within 90 days; future budget period; active implementation; named implementing buyer,68.9,Qualified Lead,0.0,453793.0,Track disbursement timing and confirm whether a supply contract is expected.
DAC-1601-INV-091756,AI Survey platform proof of concept: Humantruths,KE,Kenya,Gates Foundation,"HumanTruths, Inc.",Diagnostic Equipment,sector_inferred,49.7,Funding window,0-6 months,Q4 2026,next planned disbursement,70,sector-implied demand; funding window within 90 days; future budget period; active implementation; named implementing buyer,68.5,Qualified Lead,0.0,464139.0,Track disbursement timing and confirm whether a supply contract is expected.
XM-DAC-928-RW-2026-27-04.002.AF01.RWA02,"WHO provides guidance and technical assistance to strengthen and sustain quality immunization services, including for poliomyelitis, especially for unvaccinated and undervaccinated persons",RW,Rwanda,"Susan Thompson Buffett Foundation; Gavi, the Vaccine Alliance; WHO Foundation",World Health Organization,Diagnostic Equipment,sector_inferred,49.7,Funding window,0-6 months,Q4 2026,next budget period,70,sector-implied demand; funding window within 90 days; future budget period; active implementation; named implementing buyer,68.5,Qualified Lead,0.0,552565.14,Track disbursement timing and confirm whether a supply contract is expected.
XM-DAC-928-RW-2026-27-04.001.AF01.RWA04,"WHO develops and disseminates guidance and tools to mitigate antimicrobial resistance, collects and reports data for action, raises awareness, guides research and innovation, builds country and regional capacity to implement a core package of interventions, and coordinates global multisectoral action",RW,Rwanda,Bill &amp; Melinda Gates Foundation; Wellcome Trust,World Health Organization,Diagnostic Equipment,sector_inferred,49.7,Funding window,0-6 months,Q4 2026,next budget period,70,sector-implied demand; funding window within 90 days; future budget period; active implementation; named implementing buyer,68.4,Qualified Lead,0.0,478543.12,Track disbursement timing and confirm whether a supply contract is expected.
XM-DAC-928-TZ-2026-27-04.002.AF01.TZA02,"WHO provides guidance and technical assistance to strengthen and sustain quality immunization services, including for poliomyelitis, especially for unvaccinated and undervaccinated persons",TZ,Tanzania,"Gavi, the Vaccine Alliance",World Health Organization,Diagnostic Equipment,sector_inferred,49.7,Funding window,0-6 months,Q4 2026,next budget period,70,sector-implied demand; funding window within 90 days; future budget period; active implementation; named implementing buyer,68.3,Qualified Lead,0.0,450120.62,Track disbursement timing and confirm whether a supply contract is expected.
DAC-1601-INV-079622,"Connected Leadership: GHEC, 717 & Monitoring of Outbreaks",ET; KE; NG; UG; ZM,Ethiopia; Kenya; NG; Uganda; ZM,Gates Foundation,Resolve to Save Lives,Diagnostic Equipment,sector_inferred,49.6,Funding window,0-6 months,Q4 2026,next planned disbursement,70,sector-implied demand; funding window within 90 days; future budget period; active implementation; named implementing buyer,69.3,Qualified Lead,0.0,400000.0,Track disbursement timing and confirm whether a supply contract is expected.
DAC-1601-INV-050353,PaluSeq: Establishing malaria molecular surveillance capacity in DRC,CD,Democratic Republic of the Congo,Gates Foundation,University of North Carolina at Chapel Hill,Diagnostic Equipment,sector_inferred,49.6,Funding window,0-6 months,Q4 2026,next planned disbursement,70,sector-implied demand; funding window within 90 days; future budget period; active implementation; named implementing buyer,69.3,Qualified Lead,0.0,382500.0,Track disbursement timing and confirm whether a supply contract is expected.
XM-DAC-928-KE-2026-27-04.001.AF01.KEN03,"WHO provides leadership, develops evidence-based guidance and standards, and supports Member States to build capacity to deliver targeted, innovative and integrated people-centred services for communicable diseases",KE,Kenya,"UNITAID; Bill &amp; Melinda Gates Foundation; Sanofi-Aventis; Children&apos;s Investment Fund Foundation (UK); Gilead Sciences, Inc.; GiveWell; WHO Foundation",World Health Organization,Diagnostic Equipment,sector_inferred,49.6,Funding window,0-6 months,Q4 2026,next budget period,70,sector-implied demand; funding window within 90 days; future budget period; active implementation; named implementing buyer,68.2,Qualified Lead,0.0,414197.42,Track disbursement timing and confirm whether a supply contract is expected.
CA-3-P011365001,Gender-Responsive One Health (GROH) Project in Ethiopia and Kenya,ET; KE,Ethiopia; Kenya,Canada,Alinea International Ltd,Diagnostic Equipment,sector_inferred,49.5,Funding window,6-12 months,Q2 2027,next planned disbursement,78,sector-implied demand; funding window within 12 months; future planned disbursement; future budget period; active implementation; named implementing buyer,87.4,Strategic Priority,3008393.51,2089260.0,Track disbursement timing and confirm whether a supply contract is expected.
DAC-1601-INV-067853,Uganda refugee MMS project,BI; SS; UG,BI; South Sudan; Uganda,Gates Foundation,Infectious Diseases Research Collaboration,Diagnostic Equipment,sector_inferred,49.5,Funding window,0-6 months,Q4 2026,next planned disbursement,70,sector-implied demand; funding window within 90 days; future budget period; active implementation; named implementing buyer,68.9,Qualified Lead,0.0,325000.0,Track disbursement timing and confirm whether a supply contract is expected.
DAC-1601-INV-089921,National Polio Operations Centre,CD,Democratic Republic of the Congo,Gates Foundation,PATH,Diagnostic Equipment,sector_inferred,49.5,Funding window,0-6 months,Q4 2026,next planned disbursement,70,sector-implied demand; funding window within 90 days; future budget period; active implementation; named implementing buyer,68.5,Qualified Lead,0.0,300000.0,Track disbursement timing and confirm whether a supply contract is expected.
DAC-1601-INV-077742,Implementation research to reduce immunization drop-out in Ethiopia,ET,Ethiopia,Gates Foundation,"JSI Research & Training Institute, Inc.",Diagnostic Equipment,sector_inferred,49.5,Funding window,0-6 months,Q4 2026,next planned disbursement,70,sector-implied demand; funding window within 90 days; future budget period; active implementation; named implementing buyer,68.5,Qualified Lead,0.0,350000.0,Track disbursement timing and confirm whether a supply contract is expected.
DAC-1601-INV-086280,Building evidence for cholera control in Kenya,KE,Kenya,Gates Foundation,Kenya Medical Research Institute,Diagnostic Equipment,sector_inferred,49.5,Funding window,0-6 months,Q4 2026,next planned disbursement,70,sector-implied demand; funding window within 90 days; future budget period; active implementation; named implementing buyer,68.4,Qualified Lead,0.0,300000.0,Track disbursement timing and confirm whether a supply contract is expected.
DAC-1601-INV-087904,Cord blood for neonatal immunity against K. pneumoniae,KE,Kenya,Gates Foundation,Health Research Operations Kenya Limited,Diagnostic Equipment,sector_inferred,49.4,Funding window,0-6 months,Q4 2026,next planned disbursement,70,sector-implied demand; funding window within 90 days; future budget period; active implementation; named implementing buyer,68.5,Qualified Lead,0.0,228616.0,Track disbursement timing and confirm whether a supply contract is expected.
DAC-1601-INV-052016,HAT Advocacy in the DRC,CD,Democratic Republic of the Congo,Gates Foundation,Coordination Nationale de Renforcement du Système Communautaire,Diagnostic Equipment,sector_inferred,49.4,Funding window,0-6 months,Q4 2026,next planned disbursement,70,sector-implied demand; funding window within 90 days; future budget period; active implementation; named implementing buyer,68.4,Qualified Lead,0.0,240000.0,Track disbursement timing and confirm whether a supply contract is expected.
XM-DAC-928-SS-2026-27-04.001.AF01.SSD03,"WHO provides leadership, develops evidence-based guidance and standards, and supports Member States to build capacity to deliver targeted, innovative and integrated people-centred services for communicable diseases",SS,South Sudan,"Carter Center; Bill &amp; Melinda Gates Foundation; Gavi, the Vaccine Alliance; Novo Nordisk Foundation; Sanofi-Aventis; Sasakawa Health Foundation; World Health Organization",World Health Organization,Diagnostic Equipment,sector_inferred,49.4,Funding window,0-6 months,Q4 2026,next budget period,70,sector-implied demand; funding window within 90 days; future budget period; active implementation; named implementing buyer,67.7,Qualified Lead,0.0,255848.95,Track disbursement timing and confirm whether a supply contract is expected.
DAC-1601-INV-095066,Framework for Women's Health Measurement,KE; NG,Kenya; NG,Gates Foundation,African Population & Health Research Center,,none,49.4,Funding window,0-6 months,Q4 2026,next planned disbursement,70,funding window within 90 days; future planned disbursement; future budget period; active implementation; named implementing buyer,55.9,Watchlist,50000.0,50000.0,Track disbursement timing and confirm whether a supply contract is expected.
CA-3-P011371001,Feminist Focused One Health Community Partnerships,ET; GH; UG,Ethiopia; GH; Uganda,Canada,University of SaskatchewanTreasury Department,Diagnostic Equipment,sector_inferred,49.3,Funding window,6-12 months,Q2 2027,next planned disbursement,78,sector-implied demand; funding window within 12 months; future planned disbursement; future budget period; active implementation; named implementing buyer,86.8,Strategic Priority,2180958.22,1167913.13,Track disbursement timing and confirm whether a supply contract is expected.
DAC-1601-INV-050252,Cross-Cutting MLE: RISP Learning Partner,CD; NE; SO; PK,Democratic Republic of the Congo; NE; Somalia; PK,Gates Foundation,PATH,Diagnostic Equipment,sector_inferred,49.3,Funding window,0-6 months,Q4 2026,next planned disbursement,70,sector-implied demand; funding window within 90 days; future budget period; active implementation; named implementing buyer,69.2,Qualified Lead,0.0,223033.0,Track disbursement timing and confirm whether a supply contract is expected.
DAC-1601-INV-062472,Prospective cohort study to determine NDI attributable to neonatal sepsis,ZA; GH; TZ; UG,ZA; GH; Tanzania; Uganda,Gates Foundation,"City St. George’s, University of London",Diagnostic Equipment,sector_inferred,49.3,Funding window,0-6 months,Q4 2026,next planned disbursement,70,sector-implied demand; funding window within 90 days; future budget period; active implementation; named implementing buyer,68.3,Qualified Lead,0.0,199883.0,Track disbursement timing and confirm whether a supply contract is expected.
DAC-1601-INV-090281,DRC Mpox modeling support,CD,Democratic Republic of the Congo,Gates Foundation,Institut National de Recherche Biomédicale (INRB),Diagnostic Equipment,sector_inferred,49.3,Funding window,0-6 months,Q4 2026,next planned disbursement,70,sector-implied demand; funding window within 90 days; future budget period; active implementation; named implementing buyer,68.0,Qualified Lead,0.0,195117.0,Track disbursement timing and confirm whether a supply contract is expected.
XM-DAC-928-TZ-2026-27-07.002.AF01.TZA03,"WHO supports Member States in strengthening health information collection, aggregation, analysis and interpretation to monitor trends and progress towards Sustainable Development Goals indicators and targets, including inequality monitoring",TZ,Tanzania,Susan Thompson Buffett Foundation; World Health Organization,World Health Organization,Diagnostic Equipment,sector_inferred,49.3,Funding window,0-6 months,Q4 2026,next budget period,70,sector-implied demand; funding window within 90 days; future budget period; active implementation; named implementing buyer,67.4,Qualified Lead,0.0,189178.8,Track disbursement timing and confirm whether a supply contract is expected.
XM-DAC-928-KE-2026-27-07.002.AF01.KEN03,"WHO supports Member States in strengthening health information collection, aggregation, analysis and interpretation to monitor trends and progress towards Sustainable Development Goals indicators and targets, including inequality monitoring",KE,Kenya,"Ministry of Foreign Affairs, Denmark",World Health Organization,Diagnostic Equipment,sector_inferred,49.3,Funding window,0-6 months,Q4 2026,next budget period,70,sector-implied demand; funding window within 90 days; future budget period; active implementation; named implementing buyer,67.3,Qualified Lead,0.0,181985.25,Track disbursement timing and confirm whether a supply contract is expected.
DAC-1601-INV-071189,Evaluation/Pilot Study in Kenya for MCV and YF 5-dose Implementation,KE,Kenya,Gates Foundation,Clinton Health Access Initiative (Kenya),Diagnostic Equipment,sector_inferred,49.2,Funding window,0-6 months,Q4 2026,next planned disbursement,70,sector-implied demand; funding window within 90 days; future budget period; active implementation; named implementing buyer,68.0,Qualified Lead,0.0,159750.0,Track disbursement timing and confirm whether a supply contract is expected.
DAC-1601-INV-079020,Genomic epidemiology of invasive infections in young infants,ET,Ethiopia,Gates Foundation,London School of Hygiene and Tropical Medicine,Diagnostic Equipment,sector_inferred,49.2,Funding window,0-6 months,Q4 2026,next planned disbursement,70,sector-implied demand; funding window within 90 days; future budget period; active implementation; named implementing buyer,67.6,Qualified Lead,0.0,164659.29,Track disbursement timing and confirm whether a supply contract is expected.
XM-DAC-928-ET-2026-27-04.001.AF01.ETH04,"WHO develops and disseminates guidance and tools to mitigate antimicrobial resistance, collects and reports data for action, raises awareness, guides research and innovation, builds country and regional capacity to implement a core package of interventions, and coordinates global multisectoral action",ET,Ethiopia,World Health Organization,World Health Organization,Diagnostic Equipment,sector_inferred,49.2,Funding window,0-6 months,Q4 2026,next budget period,70,sector-implied demand; funding window within 90 days; future budget period; active implementation; named implementing buyer,67.2,Qualified Lead,0.0,167815.72,Track disbursement timing and confirm whether a supply contract is expected.
XM-DAC-928-KE-2026-27-04.001.AF01.KEN04,"WHO develops and disseminates guidance and tools to mitigate antimicrobial resistance, collects and reports data for action, raises awareness, guides research and innovation, builds country and regional capacity to implement a core package of interventions, and coordinates global multisectoral action",KE,Kenya,United Nations Multi-Partner Trust Fund Office (MPTFO),World Health Organization,Diagnostic Equipment,sector_inferred,49.2,Funding window,0-6 months,Q4 2026,next budget period,70,sector-implied demand; funding window within 90 days; future budget period; active implementation; named implementing buyer,67.1,Qualified Lead,0.0,149817.42,Track disbursement timing and confirm whether a supply contract is expected.
DAC-1601-INV-004550,Evaluating the Scale-Up of Tuberculosis Preventive Treatment,UA; KE; NG; ZW; UG; HT,UA; Kenya; NG; ZW; Uganda; HT,Gates Foundation,CDC Foundation,,none,49.2,Funding window,0-6 months,Q4 2026,next planned disbursement,70,funding window within 90 days; future planned disbursement; future budget period; active implementation; named implementing buyer,57.8,Watchlist,40000.0,40000.0,Track disbursement timing and confirm whether a supply contract is expected.
NL-KVK-83517626-D2B19UG02,Strengthening of Regional Referral Hospitals,UG,Uganda,Invest International B.V.,Ministry of Finance Planning and Economic Development of Uganda,Medical Devices & Equipment,sector_inferred,49.1,Funding window,0-6 months,Q4 2026,next budget period,70,sector-implied demand; funding window within 90 days; future budget period; active implementation; named implementing buyer,68.0,Qualified Lead,0.0,135221.93,Track disbursement timing and confirm whether a supply contract is expected.
XM-DAC-928-CD-2026-27-04.001.AF01.COD04,"WHO develops and disseminates guidance and tools to mitigate antimicrobial resistance, collects and reports data for action, raises awareness, guides research and innovation, builds country and regional capacity to implement a core package of interventions, and coordinates global multisectoral action",CD,Democratic Republic of the Congo,,World Health Organization,Diagnostic Equipment,sector_inferred,49.1,Funding window,0-6 months,Q4 2026,next budget period,70,sector-implied demand; funding window within 90 days; future budget period; active implementation; named implementing buyer,66.8,Qualified Lead,0.0,112663.89,Track disbursement timing and confirm whether a supply contract is expected.
DAC-1601-OPP1205132,Strengthening the routine immunization at provincial levels in DRC,CD,Democratic Republic of the Congo,Gates Foundation,"Provincial Health Division, Haut Lomami Province",Diagnostic Equipment,sector_inferred,49.0,Funding window,0-6 months,Q4 2026,next planned disbursement,70,sector-implied demand; funding window within 90 days; future budget period; active implementation; named implementing buyer,68.6,Qualified Lead,0.0,100000.0,Track disbursement timing and confirm whether a supply contract is expected.
DAC-1601-INV-016251,Strengthening routine immunization program in Lualaba Province,CD,Democratic Republic of the Congo,Gates Foundation,Lualaba Provincial Health Division,Diagnostic Equipment,sector_inferred,49.0,Funding window,0-6 months,Q4 2026,next planned disbursement,70,sector-implied demand; funding window within 90 days; future budget period; active implementation; named implementing buyer,68.4,Qualified Lead,0.0,100000.0,Track disbursement timing and confirm whether a supply contract is expected.
DAC-1601-INV-087143,Generate evidence for neglected tropical disease integration in Ethiopia,ET,Ethiopia,Gates Foundation,AMREF Health Africa,Diagnostic Equipment,sector_inferred,49.0,Funding window,0-6 months,Q4 2026,next planned disbursement,70,sector-implied demand; funding window within 90 days; future budget period; active implementation; named implementing buyer,67.9,Qualified Lead,0.0,99996.0,Track disbursement timing and confirm whether a supply contract is expected.
XM-DAC-928-TZ-2026-27-04.001.AF01.TZA04,"WHO develops and disseminates guidance and tools to mitigate antimicrobial resistance, collects and reports data for action, raises awareness, guides research and innovation, builds country and regional capacity to implement a core package of interventions, and coordinates global multisectoral action",TZ,Tanzania,World Health Organization,World Health Organization,Diagnostic Equipment,sector_inferred,49.0,Funding window,0-6 months,Q4 2026,next budget period,70,sector-implied demand; funding window within 90 days; future budget period; active implementation; named implementing buyer,66.6,Qualified Lead,0.0,90733.07,Track disbursement timing and confirm whether a supply contract is expected.
DAC-1601-INV-095061,GC Data: Index for Women’s Health: Rwanda,RW,Rwanda,Gates Foundation,"Ministry of Health, Rwanda",,none,49.0,Funding window,0-6 months,Q4 2026,next planned disbursement,70,funding window within 90 days; future planned disbursement; future budget period; active implementation; named implementing buyer,55.2,Watchlist,30000.0,30000.0,Track disbursement timing and confirm whether a supply contract is expected.
DAC-1601-INV-095062,Data: Women's Health Index: Data-driven approach in Ethiopia,ET,Ethiopia,Gates Foundation,Haramaya University,,none,49.0,Funding window,0-6 months,Q4 2026,next planned disbursement,70,funding window within 90 days; future planned disbursement; future budget period; active implementation; named implementing buyer,55.2,Watchlist,30000.0,30000.0,Track disbursement timing and confirm whether a supply contract is expected.
DAC-1601-OPP1211787,PCV Immunization in humanitarian crisis settings,SO,Somalia,Gates Foundation,London School of Hygiene and Tropical Medicine,Diagnostic Equipment,sector_inferred,48.8,Funding window,0-6 months,Q4 2026,next planned disbursement,70,sector-implied demand; funding window within 90 days; future budget period; active implementation; named implementing buyer,67.8,Qualified Lead,0.0,66924.25,Track disbursement timing and confirm whether a supply contract is expected.
NL-KVK-27378529-DHIF25D122,Demonstration of Incision Academy & Assist for Surgical Workflow and Training Improvement in Kenya,KE,Kenya,Netherlands Enterprise Agency,Incision Group B.V.,Medical Devices & Equipment,sector_inferred,48.7,Funding window,0-6 months,Q3 2027,next budget period,70,sector-implied demand; funding window within 90 days; future budget period; active implementation; named implementing buyer,65.9,Qualified Lead,0.0,55282.5,Track disbursement timing and confirm whether a supply contract is expected.
DAC-1601-INV-050277,Dynamics of genes associated with IR and 2La inversion,ET,Ethiopia,Gates Foundation,Addis Ababa University,Diagnostic Equipment,sector_inferred,48.2,Funding window,0-6 months,Q4 2026,next planned disbursement,70,sector-implied demand; funding window within 90 days; future budget period; active implementation; named implementing buyer,66.2,Qualified Lead,0.0,16018.0,Track disbursement timing and confirm whether a supply contract is expected.
XM-DAC-928-CD-2026-27-07.002.AF01.COD03,"WHO supports Member States in strengthening health information collection, aggregation, analysis and interpretation to monitor trends and progress towards Sustainable Development Goals indicators and targets, including inequality monitoring",CD,Democratic Republic of the Congo,,World Health Organization,Diagnostic Equipment,sector_inferred,48.1,Funding window,0-6 months,Q4 2026,next budget period,70,sector-implied demand; funding window within 90 days; future budget period; active implementation; named implementing buyer,64.4,Qualified Lead,0.0,11961.92,Track disbursement timing and confirm whether a supply contract is expected.
XM-DAC-41301-744824,Strengthening One health Preparedness and Response capabilities Against Pandemics in five provinces of the Democratic Republic of Congo (SOPRAP),CD,Democratic Republic of the Congo,The Pandemic Fund,Food and Agriculture Organization (FAO),Diagnostic Equipment,sector_inferred,48.0,Funding window,12-24 months,Q1 2028,next budget period,78,sector-implied demand; procurement language; funding window within 24 months; future budget period; active implementation; named implementing buyer,73.1,Qualified Lead,0.0,6819409.0,Track disbursement timing and confirm whether a supply contract is expected.
KR-GOV-010-KR-GOV-051-2024010101178,Sustainable Diversified Diets for Improved Nutrition in Sequota Declaration Woredas of Ethiopia,ET,Ethiopia,Ministry of Foreign Affairs,World Food Programme,,none,48.0,Funding window,0-6 months,Q4 2026,next planned disbursement,70,funding window within 6 months; future planned disbursement; future budget period; active implementation; named implementing buyer,66.0,Qualified Lead,433171533.0,0.0,Track disbursement timing and confirm whether a supply contract is expected.
KR-GOV-010-KR-GOV-051-2025010100101,Health Programme for Result for Strengthening Primary Health Care System in Ethiopia,ET,Ethiopia,Ministry of Foreign Affairs,KOICA,,none,48.0,Funding window,0-6 months,Q4 2026,next planned disbursement,70,funding window within 6 months; future planned disbursement; future budget period; active implementation; named implementing buyer,66.0,Qualified Lead,2693261310.0,0.0,Track disbursement timing and confirm whether a supply contract is expected.
KR-GOV-010-KR-GOV-051-2026010100018,Tanzania Health Basket Fund Program (Phase 4),TZ,Tanzania,Ministry of Foreign Affairs,KOICA,,none,48.0,Funding window,0-6 months,Q4 2026,next planned disbursement,70,funding window within 6 months; future planned disbursement; future budget period; active implementation; named implementing buyer,66.0,Qualified Lead,6860838131.0,0.0,Track disbursement timing and confirm whether a supply contract is expected.
GB-COH-RC000653-GHRT2D,Improving outcomes for people with type 2 diabetes in Sub-Saharan Africa,GB; UG; CM; ZA; MW,GB; Uganda; CM; ZA; MW,National Institute for Health and Care Research,MRC/UVRI & LSHTM Uganda Research Unit; University of Yaoundé I; Malawi Epidemiology & Intervention Research Unit; University of Cape Town; University of Glasgow; Royal Devon University Healthcare NHS Foundation Trust; RSD Institute,,none,48.0,Funding window,6-12 months,Q3 2027,next budget period,70,procurement language; funding window within 12 months; future budget period; pipeline activity; named implementing buyer,53.2,Watchlist,0.0,1857529.91,Track disbursement timing and confirm whether a supply contract is expected.
XM-DAC-928-UG-2026-27-04.001.AF01.UGA04,"WHO develops and disseminates guidance and tools to mitigate antimicrobial resistance, collects and reports data for action, raises awareness, guides research and innovation, builds country and regional capacity to implement a core package of interventions, and coordinates global multisectoral action",UG,Uganda,World Health Organization,World Health Organization,Diagnostic Equipment,sector_inferred,47.9,Funding window,0-6 months,Q4 2026,next budget period,70,sector-implied demand; funding window within 90 days; future budget period; active implementation; named implementing buyer,64.0,Qualified Lead,0.0,8218.32,Track disbursement timing and confirm whether a supply contract is expected.
KR-GOV-010-KR-GOV-051-2022010100143,Prevention of Stunting in Kasai Central Province of Democratic Republic of the Congo,CD,Democratic Republic of the Congo,Ministry of Foreign Affairs,World Food Programme,,none,47.7,Funding window,0-6 months,Q4 2026,next planned disbursement,70,funding window within 6 months; future planned disbursement; future budget period; active implementation; named implementing buyer,66.0,Qualified Lead,50042826.0,0.0,Track disbursement timing and confirm whether a supply contract is expected.
XM-DAC-928-SO-2026-27-04.001.EM01.SOM04,"WHO develops and disseminates guidance and tools to mitigate antimicrobial resistance, collects and reports data for action, raises awareness, guides research and innovation, builds country and regional capacity to implement a core package of interventions, and coordinates global multisectoral action",SO,Somalia,,World Health Organization,Diagnostic Equipment,sector_inferred,47.6,Funding window,0-6 months,Q4 2026,next budget period,70,sector-implied demand; funding window within 90 days; future budget period; active implementation; named implementing buyer,63.1,Qualified Lead,0.0,3722.33,Track disbursement timing and confirm whether a supply contract is expected.
XM-DAC-301-2-110838-001,Collaborative network for vaccine research in West and East Africa,KE; UG; TZ; SL,Kenya; Uganda; Tanzania; SL,Canada. Parliament,Uganda National Council for Science and Technology,,none,47.3,Funding window,6-12 months,Q2 2027,next planned disbursement,70,procurement language; funding window within 12 months; future planned disbursement; active implementation; named implementing buyer,56.2,Watchlist,0.0,0.0,Track disbursement timing and confirm whether a supply contract is expected.
XM-DAC-301-2-110810-001,"School food catalyzing climate-resilient, inclusive and sustainable procurement in Tanzania",TZ,Tanzania,Canada. Parliament,SWISS FOUNDATION FOR DEVELOPMENT COOPERATION (SWISS AID TANZANIA),,none,47.0,Funding window,6-12 months,Q2 2027,next planned disbursement,70,procurement language; funding window within 12 months; future planned disbursement; active implementation; named implementing buyer,55.7,Watchlist,0.0,0.0,Track disbursement timing and confirm whether a supply contract is expected.
FI-3-2014-2014140718,Somali Joint Health and Nutrition Programme (JHNP),SO,Somalia,Ministry for Foreign Affairs of Finland,,Facility Infrastructure,direct_keyword,47.0,Demand signal,Unspecified,,no future dated funding signal,54,direct equipment language; procurement language; active implementation,58.7,Watchlist,0.0,0.0,"Map buyer, lot structure, and national/UN procurement channels before the funding window."
FI-3-2023-2023230094,PIF Kenia: Upgrading Maternal and Newborn Care Units at 20 sites in Kenya,KE,Kenya,Ministry for Foreign Affairs of Finland,,Medical Devices & Equipment; Facility Infrastructure,direct_keyword,47.0,Demand signal,Unspecified,,no future dated funding signal,54,direct equipment language; procurement language; active implementation,58.6,Watchlist,0.0,0.0,"Map buyer, lot structure, and national/UN procurement channels before the funding window."
FR-3-CCD1119,Programme de Renforcement du Système de Santé sur deux zones de santé de la province du Nord Kivu,CD,Democratic Republic of the Congo,France,,Facility Infrastructure,direct_keyword,47.0,Demand signal,Unspecified,,no future dated funding signal,54,direct equipment language; procurement language; active implementation,58.5,Watchlist,0.0,0.0,"Map buyer, lot structure, and national/UN procurement channels before the funding window."
FI-3-2021-2019000219,Promotion of COVID-19 vaccine uptake in Tanzania,TZ,Tanzania,Ministry for Foreign Affairs of Finland,,Oxygen & Respiratory,direct_keyword,47.0,Demand signal,Unspecified,,no future dated funding signal,54,direct equipment language; procurement language; active implementation,57.9,Watchlist,0.0,0.0,"Map buyer, lot structure, and national/UN procurement channels before the funding window."
GB-CHC-261488-AOA24GK,GSK 20% Reinvestment Initiative (Phase II),AO; BI; ET; LS; MG; MW; MZ; RW; SS; TZ; UG; ZM,AO; BI; Ethiopia; LS; MG; MW; MZ; Rwanda; South Sudan; Tanzania; Uganda; ZM,GlaxoSmithKline (GSK),,Facility Infrastructure,direct_keyword,47.0,Demand signal,Unspecified,,no future dated funding signal,54,direct equipment language; procurement language; active implementation,57.9,Watchlist,0.0,0.0,"Map buyer, lot structure, and national/UN procurement channels before the funding window."
FI-3-2014-2013130088,MIDA Health Northern Somalia (phase 3),SO,Somalia,Ministry for Foreign Affairs of Finland,,Medical Devices & Equipment; Facility Infrastructure,direct_keyword,47.0,Demand signal,Unspecified,,no future dated funding signal,54,direct equipment language; procurement language; active implementation,57.8,Watchlist,0.0,0.0,"Map buyer, lot structure, and national/UN procurement channels before the funding window."
FI-3-2015-2014140718,Somali Joint Health and Nutrition Programme (JHNP),SO,Somalia,Ministry for Foreign Affairs of Finland,,Facility Infrastructure,direct_keyword,47.0,Demand signal,Unspecified,,no future dated funding signal,54,direct equipment language; procurement language; active implementation,57.7,Watchlist,0.0,0.0,"Map buyer, lot structure, and national/UN procurement channels before the funding window."
FI-3-2013-2013130088,MIDA Health Northern Somalia (phase 3),SO,Somalia,Ministry for Foreign Affairs of Finland,,Facility Infrastructure,direct_keyword,47.0,Demand signal,Unspecified,,no future dated funding signal,54,direct equipment language; procurement language; active implementation,57.7,Watchlist,0.0,0.0,"Map buyer, lot structure, and national/UN procurement channels before the funding window."
FI-3-2017-2014140717,Health and Education Sector Development through Skills and Knowledge Transfer in South Central Somalia,SO,Somalia,Ministry for Foreign Affairs of Finland,,Medical Devices & Equipment; Facility Infrastructure,direct_keyword,47.0,Demand signal,Unspecified,,no future dated funding signal,54,direct equipment language; procurement language; active implementation,57.6,Watchlist,0.0,0.0,"Map buyer, lot structure, and national/UN procurement channels before the funding window."
DE-1-202227015,Primary Health Care Services in the Diocese of Kisantu,CD,Democratic Republic of the Congo,Federal Ministry for Economic Cooperation and Development (BMZ),,Facility Infrastructure,direct_keyword,47.0,Demand signal,Unspecified,,active implementation period,54,direct equipment language; procurement language; active implementation,57.6,Watchlist,0.0,0.0,"Map buyer, lot structure, and national/UN procurement channels before the funding window."
FI-3-2015-2013130088,MIDA Health Northern Somalia Phase 3 (additional funding),SO,Somalia,Ministry for Foreign Affairs of Finland,,Medical Devices & Equipment; Facility Infrastructure,direct_keyword,47.0,Demand signal,Unspecified,,no future dated funding signal,54,direct equipment language; procurement language; active implementation,57.2,Watchlist,0.0,0.0,"Map buyer, lot structure, and national/UN procurement channels before the funding window."
FI-3-2018-2018180163,Fighting TB in Somalia: public-private partnerships and inclusive communities,SO,Somalia,Ministry for Foreign Affairs of Finland,,Diagnostic Equipment; Facility Infrastructure,direct_keyword,47.0,Demand signal,Unspecified,,no future dated funding signal,54,direct equipment language; procurement language; active implementation,57.1,Watchlist,0.0,0.0,"Map buyer, lot structure, and national/UN procurement channels before the funding window."
FI-3-2019-2018180163,Fighting TB in Somalia: public-private partnerships and inclusive communities,SO,Somalia,Ministry for Foreign Affairs of Finland,,Diagnostic Equipment; Facility Infrastructure,direct_keyword,47.0,Demand signal,Unspecified,,no future dated funding signal,54,direct equipment language; procurement language; active implementation,56.9,Watchlist,0.0,0.0,"Map buyer, lot structure, and national/UN procurement channels before the funding window."
FI-3-2020-2018180163,Fighting TB in Somalia: public-private partnerships and inclusive communities,SO,Somalia,Ministry for Foreign Affairs of Finland,,Diagnostic Equipment; Facility Infrastructure,direct_keyword,47.0,Demand signal,Unspecified,,no future dated funding signal,54,direct equipment language; procurement language; active implementation,56.9,Watchlist,0.0,0.0,"Map buyer, lot structure, and national/UN procurement channels before the funding window."
GB-GOV-1-301474-419,World Food Programme (WFP)-CDEL-ICF-419,ET,Ethiopia,"Foreign, Commonwealth and Development Office (FCDO)",,Facility Infrastructure,direct_keyword,47.0,Demand signal,Unspecified,,no future dated funding signal,54,direct equipment language; procurement language; active implementation,56.9,Watchlist,0.0,0.0,"Map buyer, lot structure, and national/UN procurement channels before the funding window."
GB-CHC-1099776-1A,Boma Health Initiative (BHI) optimal digital health,SS,South Sudan,Malaria Consortium US Inc,,IT / Health Information Systems,direct_keyword,47.0,Demand signal,Unspecified,,no future dated funding signal,54,direct equipment language; procurement language; active implementation,56.8,Watchlist,0.0,0.0,"Map buyer, lot structure, and national/UN procurement channels before the funding window."
DE-1-202430510,Rehabilitation and solar installations for primary health care services in the Democratic Republic of Congo,CD,Democratic Republic of the Congo,Federal Ministry for Economic Cooperation and Development (BMZ),,Facility Infrastructure; Power & Utilities,direct_keyword,47.0,Demand signal,Unspecified,,active implementation period,54,direct equipment language; procurement language; active implementation,56.8,Watchlist,0.0,0.0,"Map buyer, lot structure, and national/UN procurement channels before the funding window."
FI-3-2016-2016160064,Public-Private-People: Joint and Inclusive Effort Against Tuberculosis in Somalia,SO,Somalia,Ministry for Foreign Affairs of Finland,,Facility Infrastructure,direct_keyword,47.0,Demand signal,Unspecified,,no future dated funding signal,54,direct equipment language; procurement language; active implementation,56.7,Watchlist,0.0,0.0,"Map buyer, lot structure, and national/UN procurement channels before the funding window."
FI-3-2017-2016160064,Public-Private-People: Joint and Inclusive Effort Against Tuberculosis in Somalia,SO,Somalia,Ministry for Foreign Affairs of Finland,,Facility Infrastructure,direct_keyword,47.0,Demand signal,Unspecified,,no future dated funding signal,54,direct equipment language; procurement language; active implementation,56.7,Watchlist,0.0,0.0,"Map buyer, lot structure, and national/UN procurement channels before the funding window."
FI-3-2021-2018180163,Fighting TB in Somalia: public-private partnerships and inclusive communities,SO,Somalia,Ministry for Foreign Affairs of Finland,,Diagnostic Equipment; Facility Infrastructure,direct_keyword,47.0,Demand signal,Unspecified,,no future dated funding signal,54,direct equipment language; procurement language; active implementation,56.6,Watchlist,0.0,0.0,"Map buyer, lot structure, and national/UN procurement channels before the funding window."
FI-3-2018-2018180162,Human rights based approach to strengthening community mental health services in Somaliland,SO,Somalia,Ministry for Foreign Affairs of Finland,,Facility Infrastructure,direct_keyword,47.0,Demand signal,Unspecified,,no future dated funding signal,54,direct equipment language; procurement language; active implementation,56.6,Watchlist,0.0,0.0,"Map buyer, lot structure, and national/UN procurement channels before the funding window."
FI-3-2019-2018180162,Human rights based approach to strengthening community mental health services in Somaliland,SO,Somalia,Ministry for Foreign Affairs of Finland,,Facility Infrastructure,direct_keyword,47.0,Demand signal,Unspecified,,no future dated funding signal,54,direct equipment language; procurement language; active implementation,56.6,Watchlist,0.0,0.0,"Map buyer, lot structure, and national/UN procurement channels before the funding window."
FI-3-2012-2011110017,Capacity building for physically disabled children,KE,Kenya,Ministry for Foreign Affairs of Finland,,Facility Infrastructure,direct_keyword,47.0,Demand signal,Unspecified,,no future dated funding signal,54,direct equipment language; procurement language; active implementation,56.5,Watchlist,0.0,0.0,"Map buyer, lot structure, and national/UN procurement channels before the funding window."
FI-3-2020-2018180162,Human rights based approach to strengthening community mental health services in Somaliland,SO,Somalia,Ministry for Foreign Affairs of Finland,,Facility Infrastructure,direct_keyword,47.0,Demand signal,Unspecified,,no future dated funding signal,54,direct equipment language; procurement language; active implementation,56.5,Watchlist,0.0,0.0,"Map buyer, lot structure, and national/UN procurement channels before the funding window."
FI-3-2016-2016160084,Health Tanzania. Capacity building for health care sector in Tanzania,TZ,Tanzania,Ministry for Foreign Affairs of Finland,,Facility Infrastructure,direct_keyword,47.0,Demand signal,Unspecified,,no future dated funding signal,54,direct equipment language; procurement language; active implementation,56.3,Watchlist,0.0,0.0,"Map buyer, lot structure, and national/UN procurement channels before the funding window."
FI-3-2017-2016160084,Health Tanzania. Capacity building for health care sector in Tanzania,TZ,Tanzania,Ministry for Foreign Affairs of Finland,,Facility Infrastructure,direct_keyword,47.0,Demand signal,Unspecified,,no future dated funding signal,54,direct equipment language; procurement language; active implementation,56.3,Watchlist,0.0,0.0,"Map buyer, lot structure, and national/UN procurement channels before the funding window."
FI-3-2016-2013130088,MIDA Health Northern Somalia Phase 3 (second additional funding),SO,Somalia,Ministry for Foreign Affairs of Finland,,Medical Devices & Equipment,direct_keyword,47.0,Demand signal,Unspecified,,no future dated funding signal,54,direct equipment language; procurement language; active implementation,56.3,Watchlist,0.0,0.0,"Map buyer, lot structure, and national/UN procurement channels before the funding window."
FI-3-2018-2016160064,Public-Private-People: Joint and Inclusive Effort Against Tuberculosis in Somalia,SO,Somalia,Ministry for Foreign Affairs of Finland,,Facility Infrastructure,direct_keyword,47.0,Demand signal,Unspecified,,no future dated funding signal,54,direct equipment language; procurement language; active implementation,56.3,Watchlist,0.0,0.0,"Map buyer, lot structure, and national/UN procurement channels before the funding window."
FI-3-2021-2018180162,Human rights based approach to strengthening community mental health services in Somaliland,SO,Somalia,Ministry for Foreign Affairs of Finland,,Facility Infrastructure,direct_keyword,47.0,Demand signal,Unspecified,,no future dated funding signal,54,direct equipment language; procurement language; active implementation,56.2,Watchlist,0.0,0.0,"Map buyer, lot structure, and national/UN procurement channels before the funding window."
FI-3-2023-2023230096,Wash and Grow! II - Green Growth in Kenya,KE,Kenya,Ministry for Foreign Affairs of Finland,,Facility Infrastructure; Power & Utilities,direct_keyword,47.0,Demand signal,Unspecified,,no future dated funding signal,54,direct equipment language; procurement language; active implementation,56.2,Watchlist,0.0,0.0,"Map buyer, lot structure, and national/UN procurement channels before the funding window."
FI-3-2013-2007070349,Frame agreement with NGO (Suomen Lahetysseura ry),TZ,Tanzania,Ministry for Foreign Affairs of Finland,,Facility Infrastructure,direct_keyword,47.0,Demand signal,Unspecified,,no future dated funding signal,54,direct equipment language; procurement language; active implementation,56.2,Watchlist,0.0,0.0,"Map buyer, lot structure, and national/UN procurement channels before the funding window."
FI-3-2023-2023230140,"Human rights-based approach to strengthen community mental health services in Somaliland, 2023-2026",SO,Somalia,Ministry for Foreign Affairs of Finland,,Facility Infrastructure,direct_keyword,47.0,Demand signal,Unspecified,,no future dated funding signal,54,direct equipment language; procurement language; active implementation,56.2,Watchlist,0.0,0.0,"Map buyer, lot structure, and national/UN procurement channels before the funding window."
FI-3-2013-2010100023,Supporting a health care unit,SO,Somalia,Ministry for Foreign Affairs of Finland,,Facility Infrastructure,direct_keyword,47.0,Demand signal,Unspecified,,no future dated funding signal,54,direct equipment language; procurement language; active implementation,56.2,Watchlist,0.0,0.0,"Map buyer, lot structure, and national/UN procurement channels before the funding window."
FI-3-2013-2010100022,Supporting health center activities in Somalia,SO,Somalia,Ministry for Foreign Affairs of Finland,,Laboratory Systems; Medical Devices & Equipment; Vehicles & Transport; Facility Infrastructure,direct_keyword,47.0,Demand signal,Unspecified,,no future dated funding signal,54,direct equipment language; procurement language; active implementation,56.0,Watchlist,0.0,0.0,"Map buyer, lot structure, and national/UN procurement channels before the funding window."
FI-3-2014-2010100022,Afmadow - MCH,SO,Somalia,Ministry for Foreign Affairs of Finland,,Laboratory Systems; Medical Devices & Equipment; Vehicles & Transport; Facility Infrastructure,direct_keyword,47.0,Demand signal,Unspecified,,no future dated funding signal,54,direct equipment language; procurement language; active implementation,55.9,Watchlist,0.0,0.0,"Map buyer, lot structure, and national/UN procurement channels before the funding window."
FI-3-2020-2019000167,Maternity Clinic and Training Project,SO,Somalia,Ministry for Foreign Affairs of Finland,,Facility Infrastructure,direct_keyword,47.0,Demand signal,Unspecified,,no future dated funding signal,54,direct equipment language; procurement language; active implementation,55.9,Watchlist,0.0,0.0,"Map buyer, lot structure, and national/UN procurement channels before the funding window."
FI-3-2021-2019000167,Maternity Clinic and Training Project,SO,Somalia,Ministry for Foreign Affairs of Finland,,Facility Infrastructure,direct_keyword,47.0,Demand signal,Unspecified,,no future dated funding signal,54,direct equipment language; procurement language; active implementation,55.9,Watchlist,0.0,0.0,"Map buyer, lot structure, and national/UN procurement channels before the funding window."
FI-3-2016-2010100022,Afmadow health center support operations in Somalia Afmadow town,SO,Somalia,Ministry for Foreign Affairs of Finland,,Vehicles & Transport; Facility Infrastructure,direct_keyword,47.0,Demand signal,Unspecified,,no future dated funding signal,54,direct equipment language; procurement language; active implementation,55.9,Watchlist,0.0,0.0,"Map buyer, lot structure, and national/UN procurement channels before the funding window."
GB-COH-RC000797-R121836-LAMRNaudit,Sustaining and Scaling up Clinical Audit in Uganda and Tanzania,GB; UG; TZ,GB; Uganda; Tanzania,UK - Department for International Development (DFID),,Facility Infrastructure,direct_keyword,47.0,Demand signal,Unspecified,,no future dated funding signal,54,direct equipment language; procurement language; active implementation,55.8,Watchlist,0.0,0.0,"Map buyer, lot structure, and national/UN procurement channels before the funding window."
FI-3-2014-2010100023,Galgaduud Health Care Project,SO,Somalia,Ministry for Foreign Affairs of Finland,,Facility Infrastructure,direct_keyword,47.0,Demand signal,Unspecified,,no future dated funding signal,54,direct equipment language; procurement language; active implementation,55.7,Watchlist,0.0,0.0,"Map buyer, lot structure, and national/UN procurement channels before the funding window."
FI-3-2019-2019190139,Mobile Health Clinic - Daryeel Project in Somalia Afmadow,SO,Somalia,Ministry for Foreign Affairs of Finland,,Vehicles & Transport; Facility Infrastructure,direct_keyword,47.0,Demand signal,Unspecified,,no future dated funding signal,54,direct equipment language; procurement language; active implementation,55.7,Watchlist,0.0,0.0,"Map buyer, lot structure, and national/UN procurement channels before the funding window."
FI-3-2020-2019000169,Mobile Health Clinic - Daryeel Project II in Somalia Afmadow,SO,Somalia,Ministry for Foreign Affairs of Finland,,Vehicles & Transport; Facility Infrastructure,direct_keyword,47.0,Demand signal,Unspecified,,no future dated funding signal,54,direct equipment language; procurement language; active implementation,55.7,Watchlist,0.0,0.0,"Map buyer, lot structure, and national/UN procurement channels before the funding window."
FI-3-2023-2023230139,Mobile Health Clinic - Daryeel Project III on Somalia Afmadow,SO,Somalia,Ministry for Foreign Affairs of Finland,,Vehicles & Transport; Facility Infrastructure,direct_keyword,47.0,Demand signal,Unspecified,,no future dated funding signal,54,direct equipment language; procurement language; active implementation,55.7,Watchlist,0.0,0.0,"Map buyer, lot structure, and national/UN procurement channels before the funding window."
FI-3-2021-2019000169,Mobile Health Clinic - Daryeel Project II in Somalia Afmadow,SO,Somalia,Ministry for Foreign Affairs of Finland,,Vehicles & Transport; Facility Infrastructure,direct_keyword,47.0,Demand signal,Unspecified,,no future dated funding signal,54,direct equipment language; procurement language; active implementation,55.7,Watchlist,0.0,0.0,"Map buyer, lot structure, and national/UN procurement channels before the funding window."
FI-3-2015-2010100022,Afmadow - MCH,SO,Somalia,Ministry for Foreign Affairs of Finland,,Laboratory Systems; Medical Devices & Equipment; Vehicles & Transport; Facility Infrastructure,direct_keyword,47.0,Demand signal,Unspecified,,no future dated funding signal,54,direct equipment language; procurement language; active implementation,55.6,Watchlist,0.0,0.0,"Map buyer, lot structure, and national/UN procurement channels before the funding window."
GB-CHC-1113101-AGL15,Sustainable Professional Training and Mentorship for Improved Management of Medical Equipment in the Ugandan Blood Transfusion Service,UG,Uganda,UK - Department for International Development (DFID),,Medical Devices & Equipment,direct_keyword,47.0,Demand signal,Unspecified,,no future dated funding signal,54,direct equipment language; procurement language; active implementation,55.6,Watchlist,0.0,0.0,"Map buyer, lot structure, and national/UN procurement channels before the funding window."
FI-3-2017-2010100022,Afmadow health center support operations in Somalia Afmadow town,SO,Somalia,Ministry for Foreign Affairs of Finland,,Vehicles & Transport; Facility Infrastructure,direct_keyword,47.0,Demand signal,Unspecified,,no future dated funding signal,54,direct equipment language; procurement language; active implementation,55.6,Watchlist,0.0,0.0,"Map buyer, lot structure, and national/UN procurement channels before the funding window."
FI-3-2013-2013130111,Local Cooperation Fund (LCF) in Tanzania,TZ,Tanzania,Ministry for Foreign Affairs of Finland,,Facility Infrastructure,direct_keyword,47.0,Demand signal,Unspecified,,no future dated funding signal,54,direct equipment language; procurement language; active implementation,55.5,Watchlist,0.0,0.0,"Map buyer, lot structure, and national/UN procurement channels before the funding window."
FI-3-2012-2012000139,School Feeding as a practical model of Good Governance and Children rights,TZ,Tanzania,Ministry for Foreign Affairs of Finland,,Facility Infrastructure,direct_keyword,47.0,Demand signal,Unspecified,,no future dated funding signal,54,direct equipment language; procurement language; active implementation,55.5,Watchlist,0.0,0.0,"Map buyer, lot structure, and national/UN procurement channels before the funding window."
FI-3-2012-2010100022,Supporting health center activities in Somalia,SO,Somalia,Ministry for Foreign Affairs of Finland,,Facility Infrastructure,direct_keyword,47.0,Demand signal,Unspecified,,no future dated funding signal,54,direct equipment language; procurement language; active implementation,55.4,Watchlist,0.0,0.0,"Map buyer, lot structure, and national/UN procurement channels before the funding window."
FI-3-2024-2024240181,Mobile Health Clinic - Daryeel Project III on Somalia Afmadow,SO,Somalia,Ministry for Foreign Affairs of Finland,,Vehicles & Transport; Facility Infrastructure,direct_keyword,47.0,Demand signal,Unspecified,,no future dated funding signal,54,direct equipment language; procurement language; active implementation,55.2,Watchlist,0.0,0.0,"Map buyer, lot structure, and national/UN procurement channels before the funding window."
FI-3-2020-2019190139,Mobile Health Clinic - Daryeel Project in Somalia Afmadow,SO,Somalia,Ministry for Foreign Affairs of Finland,,Vehicles & Transport; Facility Infrastructure,direct_keyword,47.0,Demand signal,Unspecified,,no future dated funding signal,54,direct equipment language; procurement language; active implementation,55.2,Watchlist,0.0,0.0,"Map buyer, lot structure, and national/UN procurement channels before the funding window."
FI-3-2018-2010100022,Afmadow health center support operations in Somalia Afmadow town,SO,Somalia,Ministry for Foreign Affairs of Finland,,Vehicles & Transport; Facility Infrastructure,direct_keyword,47.0,Demand signal,Unspecified,,no future dated funding signal,54,direct equipment language; procurement language; active implementation,55.2,Watchlist,0.0,0.0,"Map buyer, lot structure, and national/UN procurement channels before the funding window."
GB-CHC-1113101-AGS30,Increasing access to eye healthcare in two Ugandan health regions through an innovative outreach clinic training programme,UG,Uganda,UK - Department for International Development (DFID),,Facility Infrastructure,direct_keyword,47.0,Demand signal,Unspecified,,no future dated funding signal,54,direct equipment language; procurement language; active implementation,55.2,Watchlist,0.0,0.0,"Map buyer, lot structure, and national/UN procurement channels before the funding window."
GB-CHC-1113101-AGS08,Knowledge for sustainable change to develop capacity and capability in biomedical engineering in greater north and eastern Uganda,UG,Uganda,UK - Department for International Development (DFID),,Medical Devices & Equipment,direct_keyword,47.0,Demand signal,Unspecified,,no future dated funding signal,54,direct equipment language; procurement language; active implementation,55.1,Watchlist,0.0,0.0,"Map buyer, lot structure, and national/UN procurement channels before the funding window."
FI-3-2014-2011110058,Mental Health Programme in Tanzanian Prisons,TZ,Tanzania,Ministry for Foreign Affairs of Finland,,Facility Infrastructure,direct_keyword,47.0,Demand signal,Unspecified,,no future dated funding signal,54,direct equipment language; procurement language; active implementation,54.9,Watchlist,0.0,0.0,"Map buyer, lot structure, and national/UN procurement channels before the funding window."
FI-3-2015-2011110058,Mental Health Programme in Tanzanian Prisons,TZ,Tanzania,Ministry for Foreign Affairs of Finland,,Facility Infrastructure,direct_keyword,47.0,Demand signal,Unspecified,,no future dated funding signal,54,direct equipment language; procurement language; active implementation,54.9,Watchlist,0.0,0.0,"Map buyer, lot structure, and national/UN procurement channels before the funding window."
FI-3-2014-2014140738,Qualitative improvement of health services in Tanzania,TZ,Tanzania,Ministry for Foreign Affairs of Finland,,Facility Infrastructure,direct_keyword,47.0,Demand signal,Unspecified,,no future dated funding signal,54,direct equipment language; procurement language; active implementation,54.8,Watchlist,0.0,0.0,"Map buyer, lot structure, and national/UN procurement channels before the funding window."
FI-3-2015-2014140738,Qualitative improvement of health services in Tanzania,TZ,Tanzania,Ministry for Foreign Affairs of Finland,,Facility Infrastructure,direct_keyword,47.0,Demand signal,Unspecified,,no future dated funding signal,54,direct equipment language; procurement language; active implementation,54.8,Watchlist,0.0,0.0,"Map buyer, lot structure, and national/UN procurement channels before the funding window."
FI-3-2015-2014140742,Healthy and well-nourished children studying,TZ,Tanzania,Ministry for Foreign Affairs of Finland,,Facility Infrastructure,direct_keyword,47.0,Demand signal,Unspecified,,no future dated funding signal,54,direct equipment language; procurement language; active implementation,54.8,Watchlist,0.0,0.0,"Map buyer, lot structure, and national/UN procurement channels before the funding window."
FI-3-2014-2014140742,Healthy and well-nourished children studying,TZ,Tanzania,Ministry for Foreign Affairs of Finland,,Facility Infrastructure,direct_keyword,47.0,Demand signal,Unspecified,,no future dated funding signal,54,direct equipment language; procurement language; active implementation,54.8,Watchlist,0.0,0.0,"Map buyer, lot structure, and national/UN procurement channels before the funding window."
FI-3-2013-2012000132,Continued Education of the Personnel in the Saba Saba Health Care Centre,TZ,Tanzania,Ministry for Foreign Affairs of Finland,,Facility Infrastructure,direct_keyword,47.0,Demand signal,Unspecified,,no future dated funding signal,54,direct equipment language; procurement language; active implementation,54.7,Watchlist,0.0,0.0,"Map buyer, lot structure, and national/UN procurement channels before the funding window."
FI-3-2012-2012000132,Continued Education of the Personnel in the Saba Saba Health Care Centre,TZ,Tanzania,Ministry for Foreign Affairs of Finland,,Facility Infrastructure,direct_keyword,47.0,Demand signal,Unspecified,,no future dated funding signal,54,direct equipment language; procurement language; active implementation,54.7,Watchlist,0.0,0.0,"Map buyer, lot structure, and national/UN procurement channels before the funding window."
GB-CHC-261488-KEA49VB,The Medical Laboratory Practices and Management Scholarship Course,KE,Kenya,Veta Bailey Charitable Trust; Kilpatrick Fraser Charitable Trust,,Diagnostic Equipment,direct_keyword,47.0,Demand signal,Unspecified,,no future dated funding signal,54,direct equipment language; procurement language; active implementation,54.1,Watchlist,0.0,0.0,"Map buyer, lot structure, and national/UN procurement channels before the funding window."
FI-3-2014-2012000132,Continued Education of the Personnel in the Saba Saba Health Care Centre,TZ,Tanzania,Ministry for Foreign Affairs of Finland,,Facility Infrastructure,direct_keyword,47.0,Demand signal,Unspecified,,no future dated funding signal,54,direct equipment language; procurement language; active implementation,54.1,Watchlist,0.0,0.0,"Map buyer, lot structure, and national/UN procurement channels before the funding window."
FI-3-2016-2014140742,Healthy and well-nourished children studying,TZ,Tanzania,Ministry for Foreign Affairs of Finland,,Facility Infrastructure,direct_keyword,47.0,Demand signal,Unspecified,,no future dated funding signal,54,direct equipment language; procurement language; active implementation,53.4,Watchlist,0.0,0.0,"Map buyer, lot structure, and national/UN procurement channels before the funding window."
DE-CR-RA000220-VR3810-COD1178-22,Emergency aid to support the conflict affected population in Ituri province (NEXUS project),CD,Democratic Republic of the Congo,AA,,Power & Utilities,direct_keyword,47.0,Demand signal,Unspecified,,no future dated funding signal,54,direct equipment language; procurement language; active implementation,50.5,Watchlist,0.0,0.0,"Map buyer, lot structure, and national/UN procurement channels before the funding window."
DE-1-202377018,Community Socioeconomic Empowerment Program,ET,Ethiopia,Federal Ministry for Economic Cooperation and Development (BMZ),,Power & Utilities,direct_keyword,47.0,Demand signal,Unspecified,,active implementation period,54,direct equipment language; procurement language; active implementation,48.6,Watchlist,0.0,0.0,"Map buyer, lot structure, and national/UN procurement channels before the funding window."
XM-DAC-69-2-2023000047,Heart for Kenya 2023,KE,Kenya,,,Diagnostic Equipment,direct_keyword,47.0,Demand signal,Unspecified,,no future dated funding signal,54,direct equipment language; procurement language; active implementation,48.0,Watchlist,0.0,0.0,"Map buyer, lot structure, and national/UN procurement channels before the funding window."
XM-DAC-69-2-2019000031,Slovak-Czech Mission of Cardiologists and Nurses in Mater Hospital in Nairobi,KE,Kenya,,,Diagnostic Equipment,direct_keyword,47.0,Demand signal,Unspecified,,no future dated funding signal,54,direct equipment language; procurement language; active implementation,48.0,Watchlist,0.0,0.0,"Map buyer, lot structure, and national/UN procurement channels before the funding window."
BE-BCE_KBO-0418766123-prg2022-212-RW2022TEA522A103,"SI-Tackling the high prevalence of epilepsy in Rwanda: identification of risk factors, improvement of diagnostics and reduction of the epilepsy treatment gap",RW,Rwanda,VLIR-UOS; Direction-Générale Coopération au Développement et Aide humanitaire,,Diagnostic Equipment,direct_keyword,47.0,Demand signal,Unspecified,,active implementation period,54,direct equipment language; procurement language; active implementation,48.0,Watchlist,0.0,0.0,"Map buyer, lot structure, and national/UN procurement channels before the funding window."
BE-BCE_KBO-0418766123-prg2022-113-RW2022SIN352A103,"SI-Piloting a novel, scalable, eHealth technology for the control and management of elevated Blood Pressure in Rwanda (HeartCare@Home Project)",RW,Rwanda,VLIR-UOS; Direction-Générale Coopération au Développement et Aide humanitaire,,Medical Devices & Equipment,direct_keyword,47.0,Demand signal,Unspecified,,active implementation period,54,direct equipment language; procurement language; active implementation,48.0,Watchlist,0.0,0.0,"Map buyer, lot structure, and national/UN procurement channels before the funding window."
BE-BCE_KBO-0418766123-prg2022-114-RW2022SIN353A103,"SI-Improving diagnostics, treatment and comprehensive care in people living with early-onset epilepsy in Rwanda",RW,Rwanda,VLIR-UOS; Direction-Générale Coopération au Développement et Aide humanitaire,,Diagnostic Equipment; Facility Infrastructure,direct_keyword,47.0,Demand signal,Unspecified,,active implementation period,54,direct equipment language; procurement language; active implementation,48.0,Watchlist,0.0,0.0,"Map buyer, lot structure, and national/UN procurement channels before the funding window."
XM-DAC-69-2-2017000309,Addressing the famine in Duk County: prevention and treatment of children under 5 SAM in Duk County of Jonglei State,SS,South Sudan,,,Diagnostic Equipment,direct_keyword,47.0,Demand signal,Unspecified,,no future dated funding signal,54,direct equipment language; procurement language; active implementation,48.0,Watchlist,0.0,0.0,"Map buyer, lot structure, and national/UN procurement channels before the funding window."
XM-DAC-69-2-2016000007,Short-term internship of nurses ARA in a Child Cardiocentre Bratislava,KE,Kenya,,,Medical Devices & Equipment,direct_keyword,47.0,Demand signal,Unspecified,,no future dated funding signal,54,direct equipment language; procurement language; active implementation,48.0,Watchlist,0.0,0.0,"Map buyer, lot structure, and national/UN procurement channels before the funding window."
XM-DAC-69-2-2020000183,Support and development of pediatric cardiocenter in Nairobi,KE,Kenya,,,Diagnostic Equipment,direct_keyword,47.0,Demand signal,Unspecified,,no future dated funding signal,54,direct equipment language; procurement language; active implementation,48.0,Watchlist,0.0,0.0,"Map buyer, lot structure, and national/UN procurement channels before the funding window."
FI-3-2014-2014140061,Frame agreement with NGO (Suomen Lahetysseura ry),TZ,Tanzania,Ministry for Foreign Affairs of Finland,,Medical Devices & Equipment; Facility Infrastructure,direct_keyword,47.0,Demand signal,Unspecified,,no future dated funding signal,54,direct equipment language; procurement language; active implementation,48.0,Watchlist,0.0,0.0,"Map buyer, lot structure, and national/UN procurement channels before the funding window."
FI-3-2015-2014140061,F.a: Development Programme for ELCT Hospitals,TZ,Tanzania,Ministry for Foreign Affairs of Finland,,Medical Devices & Equipment; Facility Infrastructure,direct_keyword,47.0,Demand signal,Unspecified,,no future dated funding signal,54,direct equipment language; procurement language; active implementation,48.0,Watchlist,0.0,0.0,"Map buyer, lot structure, and national/UN procurement channels before the funding window."
FI-3-2012-2007070349,Frame agreement with NGO (Suomen Lahetysseura ry),TZ,Tanzania,Ministry for Foreign Affairs of Finland,,Facility Infrastructure,direct_keyword,47.0,Demand signal,Unspecified,,no future dated funding signal,54,direct equipment language; procurement language; active implementation,48.0,Watchlist,0.0,0.0,"Map buyer, lot structure, and national/UN procurement channels before the funding window."
XM-DAC-69-2-2020000259,COVID-19 Effects Mitigation Government Initiative,KE,Kenya,,,PPE,direct_keyword,47.0,Demand signal,Unspecified,,no future dated funding signal,54,direct equipment language; procurement language; active implementation,48.0,Watchlist,0.0,0.0,"Map buyer, lot structure, and national/UN procurement channels before the funding window."
XM-DAC-69-2-2020000152,Strengthening COVID-19 Interventions: Kwale County,KE,Kenya,,,PPE,direct_keyword,47.0,Demand signal,Unspecified,,no future dated funding signal,54,direct equipment language; procurement language; active implementation,48.0,Watchlist,0.0,0.0,"Map buyer, lot structure, and national/UN procurement channels before the funding window."
XM-DAC-701-2-2020010659,The Economic and Social Development Programme,KE,Kenya,JP-2,,Medical Devices & Equipment,direct_keyword,47.0,Demand signal,Unspecified,,no future dated funding signal,54,direct equipment language; procurement language; active implementation,48.0,Watchlist,0.0,0.0,"Map buyer, lot structure, and national/UN procurement channels before the funding window."
XM-DAC-69-2-2022000060,Eco Friendly Houses for Tikit Health Centre Medical Staff,KE,Kenya,,,Facility Infrastructure,direct_keyword,47.0,Demand signal,Unspecified,,no future dated funding signal,54,direct equipment language; procurement language; active implementation,48.0,Watchlist,0.0,0.0,"Map buyer, lot structure, and national/UN procurement channels before the funding window."
XM-DAC-69-2-2017000330,Improved access to health care for population in Joska rural area,KE,Kenya,,,Facility Infrastructure,direct_keyword,47.0,Demand signal,Unspecified,,no future dated funding signal,54,direct equipment language; procurement language; active implementation,48.0,Watchlist,0.0,0.0,"Map buyer, lot structure, and national/UN procurement channels before the funding window."
XM-DAC-69-2-2017000331,Financial contribution to the running of the clinic that provides outpatient treatment to children and adults in the slums of Mukuru,KE,Kenya,,,Facility Infrastructure,direct_keyword,47.0,Demand signal,Unspecified,,no future dated funding signal,54,direct equipment language; procurement language; active implementation,48.0,Watchlist,0.0,0.0,"Map buyer, lot structure, and national/UN procurement channels before the funding window."
XM-DAC-69-2-2020000287,"Volunteer for the project: Hospital in Tikit, Kenya",KE,Kenya,,,Facility Infrastructure,direct_keyword,47.0,Demand signal,Unspecified,,no future dated funding signal,54,direct equipment language; procurement language; active implementation,48.0,Watchlist,0.0,0.0,"Map buyer, lot structure, and national/UN procurement channels before the funding window."
XM-DAC-69-2-2014000304,The building of a male ward at Okiki Amayo Memorial Health Centre,KE,Kenya,,,Facility Infrastructure,direct_keyword,47.0,Demand signal,Unspecified,,no future dated funding signal,54,direct equipment language; procurement language; active implementation,48.0,Watchlist,0.0,0.0,"Map buyer, lot structure, and national/UN procurement channels before the funding window."
FI-3-2022-2019000167,Maternity Clinic and Training Project,SO,Somalia,Ministry for Foreign Affairs of Finland,,Facility Infrastructure,direct_keyword,47.0,Demand signal,Unspecified,,no future dated funding signal,54,direct equipment language; procurement language; active implementation,48.0,Watchlist,0.0,0.0,"Map buyer, lot structure, and national/UN procurement channels before the funding window."
FI-3-2023-2023230142,Maternity Clinic and Training Project,SO,Somalia,Ministry for Foreign Affairs of Finland,,Facility Infrastructure,direct_keyword,47.0,Demand signal,Unspecified,,no future dated funding signal,54,direct equipment language; procurement language; active implementation,48.0,Watchlist,0.0,0.0,"Map buyer, lot structure, and national/UN procurement channels before the funding window."
BE-BCE_KBO-0418766123-prg2022-120-CD2022SIN335A104,"SI-The use of virtual reality in the management of children and teenagers with sickle cell disease after stroke in Democratic Republic of Congo: clinical implementation, users’ acceptance and validation study.",CD,Democratic Republic of the Congo,VLIR-UOS; Direction-Générale Coopération au Développement et Aide humanitaire,,Facility Infrastructure,direct_keyword,47.0,Demand signal,Unspecified,,active implementation period,54,direct equipment language; procurement language; active implementation,48.0,Watchlist,0.0,0.0,"Map buyer, lot structure, and national/UN procurement channels before the funding window."
BE-BCE_KBO-0418766123-prg2022-100-UG2022SIN360A101,SI-KamuKamu (“One by one makes a bundle.”): Empowering schools and students to reduce the mental health burden in Uganda,UG,Uganda,VLIR-UOS; Direction-Générale Coopération au Développement et Aide humanitaire,,IT / Health Information Systems,direct_keyword,47.0,Demand signal,Unspecified,,active implementation period,54,direct equipment language; procurement language; active implementation,48.0,Watchlist,0.0,0.0,"Map buyer, lot structure, and national/UN procurement channels before the funding window."
FI-3-2019-2016160064,Public-Private-People: Joint and Inclusive Effort Against Tuberculosis in Somalia,SO,Somalia,Ministry for Foreign Affairs of Finland,,Facility Infrastructure,direct_keyword,47.0,Demand signal,Unspecified,,no future dated funding signal,54,direct equipment language; procurement language; active implementation,48.0,Watchlist,0.0,0.0,"Map buyer, lot structure, and national/UN procurement channels before the funding window."
BE-BCE_KBO-0418766123-prg2022-109-ET2022SIN344A103,SI-Improving maternal health outcomes in Ethiopia by integrating of point-of-care testing for sexually transmitted infections in antenatal care,ET,Ethiopia,VLIR-UOS; Direction-Générale Coopération au Développement et Aide humanitaire,,Diagnostic Equipment,direct_keyword,47.0,Demand signal,Unspecified,,active implementation period,54,direct equipment language; procurement language; active implementation,48.0,Watchlist,0.0,0.0,"Map buyer, lot structure, and national/UN procurement channels before the funding window."
BE-BCE_KBO-0418766123-prg2022-144-ET2023SIN382A102,SI-Improved diagnostics for visceral leishmaniasis: a prerequisite for elimination,ET,Ethiopia,VLIR-UOS; Direction-Générale Coopération au Développement et Aide humanitaire,,Diagnostic Equipment; Facility Infrastructure,direct_keyword,47.0,Demand signal,Unspecified,,active implementation period,54,direct equipment language; procurement language; active implementation,48.0,Watchlist,0.0,0.0,"Map buyer, lot structure, and national/UN procurement channels before the funding window."
XM-DAC-69-2-2016000056,"Bridging the gap: Capacity strengthening  for Maternal, Newborn and Child Health Management in Duk County, Jonglei, South Sudan",SS,South Sudan,,,Facility Infrastructure,direct_keyword,47.0,Demand signal,Unspecified,,no future dated funding signal,54,direct equipment language; procurement language; active implementation,48.0,Watchlist,0.0,0.0,"Map buyer, lot structure, and national/UN procurement channels before the funding window."
XM-DAC-69-2-2018000108,Support for the Providence Home center for disabled children,UG,Uganda,,,Facility Infrastructure,direct_keyword,47.0,Demand signal,Unspecified,,no future dated funding signal,54,direct equipment language; procurement language; active implementation,48.0,Watchlist,0.0,0.0,"Map buyer, lot structure, and national/UN procurement channels before the funding window."
XM-DAC-69-2-2023000054,Expansion into the Kenyan market and increasing diagnostic capacities for cardiovascular diseases in the Kenyan healthcare system.,KE,Kenya,,,Diagnostic Equipment,direct_keyword,47.0,Demand signal,Unspecified,,no future dated funding signal,54,direct equipment language; procurement language; active implementation,48.0,Watchlist,0.0,0.0,"Map buyer, lot structure, and national/UN procurement channels before the funding window."
XM-DAC-69-2-2021000064,Volunteer for the Antimalnutrition Center in Kibeho,RW,Rwanda,,,Facility Infrastructure,direct_keyword,47.0,Demand signal,Unspecified,,no future dated funding signal,54,direct equipment language; procurement language; active implementation,48.0,Watchlist,0.0,0.0,"Map buyer, lot structure, and national/UN procurement channels before the funding window."
XM-DAC-69-2-2022000072,Volunteer 1 for the Anti-Nutrition Center in Kibeho,RW,Rwanda,,,Facility Infrastructure,direct_keyword,47.0,Demand signal,Unspecified,,no future dated funding signal,54,direct equipment language; procurement language; active implementation,48.0,Watchlist,0.0,0.0,"Map buyer, lot structure, and national/UN procurement channels before the funding window."
XM-DAC-69-2-2018000115,Volunteer 1 for Antimalnutrition centre in Kibeho,RW,Rwanda,,,Facility Infrastructure,direct_keyword,47.0,Demand signal,Unspecified,,no future dated funding signal,54,direct equipment language; procurement language; active implementation,48.0,Watchlist,0.0,0.0,"Map buyer, lot structure, and national/UN procurement channels before the funding window."
XM-DAC-69-2-2015000175,Volunteer for Antimalnutrition Center in Kibeho,RW,Rwanda,,,Facility Infrastructure,direct_keyword,47.0,Demand signal,Unspecified,,no future dated funding signal,54,direct equipment language; procurement language; active implementation,48.0,Watchlist,0.0,0.0,"Map buyer, lot structure, and national/UN procurement channels before the funding window."
IE-CHY-20041069-FacingAfrica,Facing Africa,ET,Ethiopia,Ethiopiaid Ireland,,Facility Infrastructure,direct_keyword,47.0,Demand signal,Unspecified,,no future dated funding signal,54,direct equipment language; procurement language; active implementation,48.0,Watchlist,0.0,0.0,"Map buyer, lot structure, and national/UN procurement channels before the funding window."
IE-CHY-20041069-CheshireServicesEthiopia,Cheshire Services Ethiopia,ET,Ethiopia,Ethiopiaid Ireland,,Facility Infrastructure,direct_keyword,47.0,Demand signal,Unspecified,,no future dated funding signal,54,direct equipment language; procurement language; active implementation,48.0,Watchlist,0.0,0.0,"Map buyer, lot structure, and national/UN procurement channels before the funding window."
FI-3-2019-2016160084,Health Tanzania. Capacity building for health care sector in Tanzania,TZ,Tanzania,Ministry for Foreign Affairs of Finland,,Facility Infrastructure,direct_keyword,47.0,Demand signal,Unspecified,,no future dated funding signal,54,direct equipment language; procurement language; active implementation,48.0,Watchlist,0.0,0.0,"Map buyer, lot structure, and national/UN procurement channels before the funding window."
DE-1-202274140,Capacity building in surgery,TZ,Tanzania,Federal Ministry for Economic Cooperation and Development (BMZ),,Medical Devices & Equipment,direct_keyword,47.0,Demand signal,Unspecified,,active implementation period,54,direct equipment language; procurement language; active implementation,48.0,Watchlist,0.0,0.0,"Map buyer, lot structure, and national/UN procurement channels before the funding window."
XM-DAC-69-2-2021000062,Volunteer for Uganda - Buikwe,UG,Uganda,,,Facility Infrastructure,direct_keyword,47.0,Demand signal,Unspecified,,no future dated funding signal,54,direct equipment language; procurement language; active implementation,48.0,Watchlist,0.0,0.0,"Map buyer, lot structure, and national/UN procurement channels before the funding window."
XM-DAC-69-2-2022000078,Volunteer 1 for Uganda - Buikwe,UG,Uganda,,,Facility Infrastructure,direct_keyword,47.0,Demand signal,Unspecified,,no future dated funding signal,54,direct equipment language; procurement language; active implementation,48.0,Watchlist,0.0,0.0,"Map buyer, lot structure, and national/UN procurement channels before the funding window."
XM-DAC-69-1-2017000173,MPC Kenya 2017/2,KE,Kenya,,,Facility Infrastructure,direct_keyword,47.0,Demand signal,Unspecified,,no future dated funding signal,54,direct equipment language; procurement language; active implementation,48.0,Watchlist,0.0,0.0,"Map buyer, lot structure, and national/UN procurement channels before the funding window."
XM-DAC-69-2-2011000051,"The community center ""Island of Hope - Rusinga Island ' in Lake Victoria, Kenya",KE,Kenya,,,Medical Devices & Equipment; Imaging; Facility Infrastructure,direct_keyword,47.0,Demand signal,Unspecified,,no future dated funding signal,54,direct equipment language; procurement language; active implementation,48.0,Watchlist,0.0,0.0,"Map buyer, lot structure, and national/UN procurement channels before the funding window."
XM-DAC-69-2-2021000051,"Introduction of the production and use of the Slovak lung ventilator Q-vent for ""bridging"" therapy of patients with COVID-19",KE,Kenya,,,Medical Devices & Equipment; Oxygen & Respiratory; Power & Utilities,direct_keyword,47.0,Demand signal,Unspecified,,no future dated funding signal,54,direct equipment language; procurement language; active implementation,48.0,Watchlist,0.0,0.0,"Map buyer, lot structure, and national/UN procurement channels before the funding window."
XM-DAC-69-2-2019000167,Portable Diagnostics Accessible to Everybody – Feasibility study,KE,Kenya,,,Diagnostic Equipment; Medical Devices & Equipment,direct_keyword,47.0,Demand signal,Unspecified,,no future dated funding signal,54,direct equipment language; procurement language; active implementation,48.0,Watchlist,0.0,0.0,"Map buyer, lot structure, and national/UN procurement channels before the funding window."
XM-DAC-69-2-2013000090,Health Center and agriculture and farming for the Community Center on the Rusinga Island,KE,Kenya,,,Facility Infrastructure,direct_keyword,47.0,Demand signal,Unspecified,,no future dated funding signal,54,direct equipment language; procurement language; active implementation,48.0,Watchlist,0.0,0.0,"Map buyer, lot structure, and national/UN procurement channels before the funding window."
FI-3-2023-2023230851,ODA equity through Finnfund,KE,Kenya,Ministry for Foreign Affairs of Finland,,Oxygen & Respiratory,direct_keyword,47.0,Demand signal,Unspecified,,no future dated funding signal,54,direct equipment language; procurement language; active implementation,48.0,Watchlist,0.0,0.0,"Map buyer, lot structure, and national/UN procurement channels before the funding window."
DE-1-202530848,Improving basic health services in northern Kenya,KE,Kenya,Federal Ministry for Economic Cooperation and Development (BMZ),,Vehicles & Transport; Facility Infrastructure,direct_keyword,47.0,Demand signal,Unspecified,,active implementation period,54,direct equipment language; procurement language; active implementation,48.0,Watchlist,0.0,0.0,"Map buyer, lot structure, and national/UN procurement channels before the funding window."
SE-0-SE-6-16785,"Vaccines University of Rwanda, EU-Delegation MAV+, and vaccine uptake",RW,Rwanda,Sweden,,Facility Infrastructure,direct_keyword,47.0,Demand signal,Unspecified,,active implementation period,54,direct equipment language; procurement language; active implementation,48.0,Watchlist,0.0,0.0,"Map buyer, lot structure, and national/UN procurement channels before the funding window."
XM-DAC-69-2-2021000061,Volunteer 1 for Malindi,KE,Kenya,,,Facility Infrastructure,direct_keyword,47.0,Demand signal,Unspecified,,no future dated funding signal,54,direct equipment language; procurement language; active implementation,48.0,Watchlist,0.0,0.0,"Map buyer, lot structure, and national/UN procurement channels before the funding window."
XM-DAC-69-2-2021000063,Volunteer for Nairobi,KE,Kenya,,,Facility Infrastructure,direct_keyword,47.0,Demand signal,Unspecified,,no future dated funding signal,54,direct equipment language; procurement language; active implementation,48.0,Watchlist,0.0,0.0,"Map buyer, lot structure, and national/UN procurement channels before the funding window."
XM-DAC-69-2-2022000057,Health assistance for local community in Tikit I.,KE,Kenya,,,Vehicles & Transport; Facility Infrastructure,direct_keyword,47.0,Demand signal,Unspecified,,no future dated funding signal,54,direct equipment language; procurement language; active implementation,48.0,Watchlist,0.0,0.0,"Map buyer, lot structure, and national/UN procurement channels before the funding window."
XM-DAC-69-2-2022000066,Volunteer 1 for Malindi,KE,Kenya,,,Facility Infrastructure,direct_keyword,47.0,Demand signal,Unspecified,,no future dated funding signal,54,direct equipment language; procurement language; active implementation,48.0,Watchlist,0.0,0.0,"Map buyer, lot structure, and national/UN procurement channels before the funding window."
FI-3-2022-2019000095,Wash and Grow! II - Green Growth in Kenya,KE,Kenya,Ministry for Foreign Affairs of Finland,,Facility Infrastructure; Power & Utilities,direct_keyword,47.0,Demand signal,Unspecified,,no future dated funding signal,54,direct equipment language; procurement language; active implementation,48.0,Watchlist,0.0,0.0,"Map buyer, lot structure, and national/UN procurement channels before the funding window."
GB-CHC-802353-APIDO,APIDO,ET,Ethiopia,Ethiopiaid UK,,Facility Infrastructure,direct_keyword,47.0,Demand signal,Unspecified,,no future dated funding signal,54,direct equipment language; procurement language; active implementation,48.0,Watchlist,0.0,0.0,"Map buyer, lot structure, and national/UN procurement channels before the funding window."
XM-DAC-3-1-288721-36596,The World Bank: Socio-economic Inclusion of Refugees and Host Communities Project in Rwanda,RW,Rwanda,"Ministry of Foreign Affairs, Denmark",,Facility Infrastructure,direct_keyword,47.0,Demand signal,Unspecified,,active implementation period,54,direct equipment language; procurement language; active implementation,48.0,Watchlist,0.0,0.0,"Map buyer, lot structure, and national/UN procurement channels before the funding window."
XM-DAC-69-2-2020000295,Volunteer 1 for the Kibeho Anti-Nutrition Center,RW,Rwanda,,,Facility Infrastructure,direct_keyword,47.0,Demand signal,Unspecified,,no future dated funding signal,54,direct equipment language; procurement language; active implementation,48.0,Watchlist,0.0,0.0,"Map buyer, lot structure, and national/UN procurement channels before the funding window."
FI-3-2014-2013130111,School Feeding as a practical model of Good Governance and Children rights in Primary Schools of Kisarawe and Kibaha Districts,TZ,Tanzania,Ministry for Foreign Affairs of Finland,,Facility Infrastructure,direct_keyword,47.0,Demand signal,Unspecified,,no future dated funding signal,54,direct equipment language; procurement language; active implementation,48.0,Watchlist,0.0,0.0,"Map buyer, lot structure, and national/UN procurement channels before the funding window."
FI-3-2013-2012000139,Local Cooperation Fund (LCF) in Tanzania,TZ,Tanzania,Ministry for Foreign Affairs of Finland,,Facility Infrastructure,direct_keyword,47.0,Demand signal,Unspecified,,no future dated funding signal,54,direct equipment language; procurement language; active implementation,48.0,Watchlist,0.0,0.0,"Map buyer, lot structure, and national/UN procurement channels before the funding window."
XM-DAC-69-2-2015000178,Volunteer 2 for Uganda - Buikwe,UG,Uganda,,,Vehicles & Transport,direct_keyword,47.0,Demand signal,Unspecified,,no future dated funding signal,54,direct equipment language; procurement language; active implementation,48.0,Watchlist,0.0,0.0,"Map buyer, lot structure, and national/UN procurement channels before the funding window."
SE-0-SE-29-2021-05727,Tackling the imminent risk of P. falciparum resistance to ACT in East-Africa: are two sequential ACTs better than triple ACT?,TZ,Tanzania,Sweden,,Diagnostic Equipment,direct_keyword,47.0,Demand signal,Unspecified,,no future dated funding signal,54,direct equipment language; procurement language; active implementation,48.0,Watchlist,0.0,0.0,"Map buyer, lot structure, and national/UN procurement channels before the funding window."
XM-DAC-69-2-2020000255,Mitigating impact of COVID-19 on the most vulnerable in Ethiopia,ET,Ethiopia,,,PPE,direct_keyword,47.0,Demand signal,Unspecified,,no future dated funding signal,54,direct equipment language; procurement language; active implementation,48.0,Watchlist,0.0,0.0,"Map buyer, lot structure, and national/UN procurement channels before the funding window."
XM-DAC-69-2-2017000298,"Volunteer 1 for Anti-malnutrition center in Kibeho, Sisters Pallotines",RW,Rwanda,,,Facility Infrastructure,direct_keyword,47.0,Demand signal,Unspecified,,no future dated funding signal,54,direct equipment language; procurement language; active implementation,48.0,Watchlist,0.0,0.0,"Map buyer, lot structure, and national/UN procurement channels before the funding window."
XM-DAC-69-2-2017000297,Culture centre of St. Vincent Palotti,RW,Rwanda,,,Facility Infrastructure,direct_keyword,47.0,Demand signal,Unspecified,,no future dated funding signal,54,direct equipment language; procurement language; active implementation,48.0,Watchlist,0.0,0.0,"Map buyer, lot structure, and national/UN procurement channels before the funding window."
SE-0-SE-29-2022-02835,Probiotic treatment versus placebo to risk newborns for prevention of infant mortality or undernutrition - a two-arm multi-center superiority,RW,Rwanda,Sweden,,Facility Infrastructure,direct_keyword,47.0,Demand signal,Unspecified,,no future dated funding signal,54,direct equipment language; procurement language; active implementation,48.0,Watchlist,0.0,0.0,"Map buyer, lot structure, and national/UN procurement channels before the funding window."
XM-DAC-69-2-2011000042,"Mobile Health Care for the region of Terekeka, Central Equatoria, Southern Sudan",SS,South Sudan,,,Vehicles & Transport; Facility Infrastructure,direct_keyword,47.0,Demand signal,Unspecified,,no future dated funding signal,54,direct equipment language; procurement language; active implementation,48.0,Watchlist,0.0,0.0,"Map buyer, lot structure, and national/UN procurement channels before the funding window."
XM-DAC-69-2-2011000033,Improving access to basic health services in Maridi,SS,South Sudan,,,Vehicles & Transport; Facility Infrastructure,direct_keyword,47.0,Demand signal,Unspecified,,no future dated funding signal,54,direct equipment language; procurement language; active implementation,48.0,Watchlist,0.0,0.0,"Map buyer, lot structure, and national/UN procurement channels before the funding window."
XM-DAC-69-2-2015000111,Provision of pediatric health care services in Ghordim region of the South Sudan Republic.,SS,South Sudan,,,Facility Infrastructure,direct_keyword,47.0,Demand signal,Unspecified,,no future dated funding signal,54,direct equipment language; procurement language; active implementation,48.0,Watchlist,0.0,0.0,"Map buyer, lot structure, and national/UN procurement channels before the funding window."
XM-DAC-69-2-2018000156,Provision of pediatric health care and nutritional support in Agangrial area,SS,South Sudan,,,Diagnostic Equipment; Facility Infrastructure,direct_keyword,47.0,Demand signal,Unspecified,,no future dated funding signal,54,direct equipment language; procurement language; active implementation,48.0,Watchlist,0.0,0.0,"Map buyer, lot structure, and national/UN procurement channels before the funding window."
XM-DAC-69-2-2018000155,Emergency  integrated facility and community based health care,SS,South Sudan,,,Facility Infrastructure,direct_keyword,47.0,Demand signal,Unspecified,,no future dated funding signal,54,direct equipment language; procurement language; active implementation,48.0,Watchlist,0.0,0.0,"Map buyer, lot structure, and national/UN procurement channels before the funding window."
DE-1-202429413,Improving healthcare for the population in South Sudan,SS,South Sudan,Federal Ministry for Economic Cooperation and Development (BMZ),,Facility Infrastructure,direct_keyword,47.0,Demand signal,Unspecified,,active implementation period,54,direct equipment language; procurement language; active implementation,48.0,Watchlist,0.0,0.0,"Map buyer, lot structure, and national/UN procurement channels before the funding window."
BE-BCE_KBO-0418766123-prg2022-192-TZ2022TEA530A101,"SI-HIVDR-Prevent: Design and evaluation of interventions for preventing HIV drug resistance in Dar es salaam urban cohort study (DUCS) area in Tanzania, using a transdisciplinary human centered approach.",TZ,Tanzania,VLIR-UOS; Direction-Générale Coopération au Développement et Aide humanitaire,,Diagnostic Equipment,direct_keyword,47.0,Demand signal,Unspecified,,active implementation period,54,direct equipment language; procurement language; active implementation,48.0,Watchlist,0.0,0.0,"Map buyer, lot structure, and national/UN procurement channels before the funding window."
BE-BCE_KBO-0418766123-prg2022-263-TZ2024TEA571A105,SI-Single Image Parasite Quantification (SIMPAQ): a New Diagnostic Technique using Microflui-dics  to Manage Soil-Transmitted Helminthiases and Schistosomiasis towards Elimination,TZ,Tanzania,VLIR-UOS; Direction-Générale Coopération au Développement et Aide humanitaire,,Diagnostic Equipment,direct_keyword,47.0,Demand signal,Unspecified,,active implementation period,54,direct equipment language; procurement language; active implementation,48.0,Watchlist,0.0,0.0,"Map buyer, lot structure, and national/UN procurement channels before the funding window."
FI-3-2022-2019000169,Mobile Health Clinic - Daryeel Project II in Somalia Afmadow,SO,Somalia,Ministry for Foreign Affairs of Finland,,Vehicles & Transport; Facility Infrastructure,direct_keyword,47.0,Demand signal,Unspecified,,no future dated funding signal,54,direct equipment language; procurement language; active implementation,48.0,Watchlist,0.0,0.0,"Map buyer, lot structure, and national/UN procurement channels before the funding window."
FI-3-2022-2019190139,Mobile Health Clinic - Daryeel Project III on Somalia Afmadow,SO,Somalia,Ministry for Foreign Affairs of Finland,,Vehicles & Transport; Facility Infrastructure,direct_keyword,47.0,Demand signal,Unspecified,,no future dated funding signal,54,direct equipment language; procurement language; active implementation,48.0,Watchlist,0.0,0.0,"Map buyer, lot structure, and national/UN procurement channels before the funding window."
FI-3-2022-2018180162,"Human rights-based approach to strengthen community mental health services in Somaliland, 2023-2026",SO,Somalia,Ministry for Foreign Affairs of Finland,,Facility Infrastructure,direct_keyword,47.0,Demand signal,Unspecified,,no future dated funding signal,54,direct equipment language; procurement language; active implementation,48.0,Watchlist,0.0,0.0,"Map buyer, lot structure, and national/UN procurement channels before the funding window."
FI-3-2019-2010100022,Afmadow health center support operations in Somalia Afmadow town,SO,Somalia,Ministry for Foreign Affairs of Finland,,Vehicles & Transport; Facility Infrastructure,direct_keyword,47.0,Demand signal,Unspecified,,no future dated funding signal,54,direct equipment language; procurement language; active implementation,48.0,Watchlist,0.0,0.0,"Map buyer, lot structure, and national/UN procurement channels before the funding window."
BE-BCE_KBO-0418766123-prg2022-216-CD2022TEA502A104,"SI-Rethink and reform education of medical doctors to enhance patient care in KINDU, through the renewal of the medical curriculum at the Faculty of Medicine at UNIKI (University of KINDU, DR Congo)",CD,Democratic Republic of the Congo,VLIR-UOS; Direction-Générale Coopération au Développement et Aide humanitaire,,Facility Infrastructure,direct_keyword,47.0,Demand signal,Unspecified,,active implementation period,54,direct equipment language; procurement language; active implementation,48.0,Watchlist,0.0,0.0,"Map buyer, lot structure, and national/UN procurement channels before the funding window."
DE-1-202432979,Strengthening basic health services in the Democratic Republic of the Congo,CD,Democratic Republic of the Congo,Federal Ministry for Economic Cooperation and Development (BMZ),,Facility Infrastructure,direct_keyword,47.0,Demand signal,Unspecified,,active implementation period,54,direct equipment language; procurement language; active implementation,48.0,Watchlist,0.0,0.0,"Map buyer, lot structure, and national/UN procurement channels before the funding window."
DE-1-202474112,"Improving the quality of maternal and child health services in Protestant health facilities, Continuation",CD,Democratic Republic of the Congo,Federal Ministry for Economic Cooperation and Development (BMZ),,Medical Devices & Equipment; Facility Infrastructure,direct_keyword,47.0,Demand signal,Unspecified,,active implementation period,54,direct equipment language; procurement language; active implementation,48.0,Watchlist,0.0,0.0,"Map buyer, lot structure, and national/UN procurement channels before the funding window."
DE-1-202474740,"Psycho-social counselling for women with experience of Gender based violence, continuation.",CD,Democratic Republic of the Congo,Federal Ministry for Economic Cooperation and Development (BMZ),,Facility Infrastructure,direct_keyword,47.0,Demand signal,Unspecified,,active implementation period,54,direct equipment language; procurement language; active implementation,48.0,Watchlist,0.0,0.0,"Map buyer, lot structure, and national/UN procurement channels before the funding window."
DE-1-202530020,Basic health services in the Democratic Republic of the Congo,CD,Democratic Republic of the Congo,Federal Ministry for Economic Cooperation and Development (BMZ),,Facility Infrastructure,direct_keyword,47.0,Demand signal,Unspecified,,active implementation period,54,direct equipment language; procurement language; active implementation,48.0,Watchlist,0.0,0.0,"Map buyer, lot structure, and national/UN procurement channels before the funding window."
DE-1-202531135,Improving access to healthcare and combating HIV/AIDS in East Congo,CD,Democratic Republic of the Congo,Federal Ministry for Economic Cooperation and Development (BMZ),,Facility Infrastructure,direct_keyword,47.0,Demand signal,Unspecified,,active implementation period,54,direct equipment language; procurement language; active implementation,48.0,Watchlist,0.0,0.0,"Map buyer, lot structure, and national/UN procurement channels before the funding window."
DE-1-202575405,"Grassroots health work, continuation",CD,Democratic Republic of the Congo,Federal Ministry for Economic Cooperation and Development (BMZ),,Facility Infrastructure,direct_keyword,47.0,Demand signal,Unspecified,,active implementation period,54,direct equipment language; procurement language; active implementation,48.0,Watchlist,0.0,0.0,"Map buyer, lot structure, and national/UN procurement channels before the funding window."
DE-1-202630267,Strengthening basic health services in the Democratic Republic of Congo,CD,Democratic Republic of the Congo,Federal Ministry for Economic Cooperation and Development (BMZ),,Medical Devices & Equipment; Facility Infrastructure,direct_keyword,47.0,Demand signal,Unspecified,,active implementation period,54,direct equipment language; procurement language; active implementation,48.0,Watchlist,0.0,0.0,"Map buyer, lot structure, and national/UN procurement channels before the funding window."
DE-1-202631505,Improving primary healthcare in the Democratic Republic of the Congo,CD,Democratic Republic of the Congo,Federal Ministry for Economic Cooperation and Development (BMZ),,Facility Infrastructure,direct_keyword,47.0,Demand signal,Unspecified,,active implementation period,54,direct equipment language; procurement language; active implementation,48.0,Watchlist,0.0,0.0,"Map buyer, lot structure, and national/UN procurement channels before the funding window."
DE-1-202673846,"Inclusive education and community-based rehabilitation for children with visual, hearing or physical disabilities in a vulnerable region, Continuation",CD,Democratic Republic of the Congo,Federal Ministry for Economic Cooperation and Development (BMZ),,Facility Infrastructure,direct_keyword,47.0,Demand signal,Unspecified,,active implementation period,54,direct equipment language; procurement language; active implementation,48.0,Watchlist,0.0,0.0,"Map buyer, lot structure, and national/UN procurement channels before the funding window."
SE-0-SE-29-2022-03031_1,"Optimizing tuberculosis case finding by a step wise approach using host transcriptomics, bacterial metagenomics and sputum free sampling adopted",ET,Ethiopia,Sweden,,Diagnostic Equipment; Medical Devices & Equipment; Imaging; PPE,direct_keyword,47.0,Demand signal,Unspecified,,no future dated funding signal,54,direct equipment language; procurement language; active implementation,48.0,Watchlist,0.0,0.0,"Map buyer, lot structure, and national/UN procurement channels before the funding window."
BE-BCE_KBO-0418766123-prg2022-125-ET2022SIN345A105,SI-Single Image Parasite Quantification (SIMPAQ): a New Diagnostic Technique using Microfluid-ics  to Manage Soil-Transmitted Helminthiases towards Elimination,ET,Ethiopia,VLIR-UOS; Direction-Générale Coopération au Développement et Aide humanitaire,,Diagnostic Equipment,direct_keyword,47.0,Demand signal,Unspecified,,active implementation period,54,direct equipment language; procurement language; active implementation,48.0,Watchlist,0.0,0.0,"Map buyer, lot structure, and national/UN procurement channels before the funding window."
XM-DAC-69-2-2020000292,Volunteer 1 for Uganda - Buikwe,UG,Uganda,,,Facility Infrastructure,direct_keyword,47.0,Demand signal,Unspecified,,no future dated funding signal,54,direct equipment language; procurement language; active implementation,48.0,Watchlist,0.0,0.0,"Map buyer, lot structure, and national/UN procurement channels before the funding window."
XM-DAC-69-2-2023000061,"Volunteer for strengthening public health activities in Mukono District, Uganda.",UG,Uganda,,,Facility Infrastructure,direct_keyword,47.0,Demand signal,Unspecified,,no future dated funding signal,54,direct equipment language; procurement language; active implementation,48.0,Watchlist,0.0,0.0,"Map buyer, lot structure, and national/UN procurement channels before the funding window."
BE-BCE_KBO-0418766123-prg2022-104-UG2022SIN361A102,SI-Prevention of mother-to-child transmission of hepatitis B virus by launching an antenatal screening facility and viral load testing in North-Eastern Uganda,UG,Uganda,VLIR-UOS; Direction-Générale Coopération au Développement et Aide humanitaire,,Diagnostic Equipment,direct_keyword,47.0,Demand signal,Unspecified,,active implementation period,54,direct equipment language; procurement language; active implementation,48.0,Watchlist,0.0,0.0,"Map buyer, lot structure, and national/UN procurement channels before the funding window."
DE-1-202530830,Empowering marginalized youth,UG,Uganda,Federal Ministry for Economic Cooperation and Development (BMZ),,Facility Infrastructure,direct_keyword,47.0,Demand signal,Unspecified,,active implementation period,54,direct equipment language; procurement language; active implementation,48.0,Watchlist,0.0,0.0,"Map buyer, lot structure, and national/UN procurement channels before the funding window."
XM-DAC-69-2-2017000327,Capacity building of health care workers in Kwale county for kenyan public health by infection diseases surveillance,KE,Kenya,,,Facility Infrastructure,direct_keyword,47.0,Demand signal,Unspecified,,no future dated funding signal,54,direct equipment language; procurement language; active implementation,48.0,Watchlist,0.0,0.0,"Map buyer, lot structure, and national/UN procurement channels before the funding window."
FI-3-2022-2019191451,F.a: Kenya COVID-19 2020,KE,Kenya,Ministry for Foreign Affairs of Finland,,Diagnostic Equipment,direct_keyword,47.0,Demand signal,Unspecified,,no future dated funding signal,54,direct equipment language; procurement language; active implementation,48.0,Watchlist,0.0,0.0,"Map buyer, lot structure, and national/UN procurement channels before the funding window."
FI-3-2020-2019191451,F.a: Kenya COVID-19 2020,KE,Kenya,Ministry for Foreign Affairs of Finland,,Diagnostic Equipment,direct_keyword,47.0,Demand signal,Unspecified,,no future dated funding signal,54,direct equipment language; procurement language; active implementation,48.0,Watchlist,0.0,0.0,"Map buyer, lot structure, and national/UN procurement channels before the funding window."
XM-DAC-69-2-2020000137,Improving preparedness and mitigation capabilities of COVID-19 around the Alitene Medical Center in Irob County,ET,Ethiopia,,,Vehicles & Transport; Facility Infrastructure,direct_keyword,47.0,Demand signal,Unspecified,,no future dated funding signal,54,direct equipment language; procurement language; active implementation,48.0,Watchlist,0.0,0.0,"Map buyer, lot structure, and national/UN procurement channels before the funding window."
DE-1-202431807,Community-based rehabilitation of children and young people with disabilities in Ethiopia,ET,Ethiopia,Federal Ministry for Economic Cooperation and Development (BMZ),,Facility Infrastructure,direct_keyword,47.0,Demand signal,Unspecified,,active implementation period,54,direct equipment language; procurement language; active implementation,48.0,Watchlist,0.0,0.0,"Map buyer, lot structure, and national/UN procurement channels before the funding window."
DE-1-202432904,Support for a health centre in Ethiopia,ET,Ethiopia,Federal Ministry for Economic Cooperation and Development (BMZ),,Facility Infrastructure,direct_keyword,47.0,Demand signal,Unspecified,,active implementation period,54,direct equipment language; procurement language; active implementation,48.0,Watchlist,0.0,0.0,"Map buyer, lot structure, and national/UN procurement channels before the funding window."
XM-DAC-69-2-2020000269,COVID-19 Isolation Equipping,KE,Kenya,,,Medical Devices & Equipment,direct_keyword,47.0,Demand signal,Unspecified,,no future dated funding signal,54,direct equipment language; procurement language; active implementation,48.0,Watchlist,0.0,0.0,"Map buyer, lot structure, and national/UN procurement channels before the funding window."
XM-DAC-69-2-2020000203,Local Manufacturing of Pharmaceutical Products,KE,Kenya,,,Facility Infrastructure,direct_keyword,47.0,Demand signal,Unspecified,,no future dated funding signal,54,direct equipment language; procurement language; active implementation,48.0,Watchlist,0.0,0.0,"Map buyer, lot structure, and national/UN procurement channels before the funding window."
XM-DAC-69-2-2022000018,An emergency health care with emphasis on mothers and children in West Pokot.,KE,Kenya,,,Vehicles & Transport; Facility Infrastructure,direct_keyword,47.0,Demand signal,Unspecified,,no future dated funding signal,54,direct equipment language; procurement language; active implementation,48.0,Watchlist,0.0,0.0,"Map buyer, lot structure, and national/UN procurement channels before the funding window."
XM-DAC-69-2-2015000160,Tents for cancer screening stations,KE,Kenya,,,Diagnostic Equipment,direct_keyword,47.0,Demand signal,Unspecified,,no future dated funding signal,54,direct equipment language; procurement language; active implementation,48.0,Watchlist,0.0,0.0,"Map buyer, lot structure, and national/UN procurement channels before the funding window."
XM-DAC-69-2-2015000146,Medical Equipment for St. Raphael Clinic,KE,Kenya,,,Medical Devices & Equipment; Facility Infrastructure,direct_keyword,47.0,Demand signal,Unspecified,,no future dated funding signal,54,direct equipment language; procurement language; active implementation,48.0,Watchlist,0.0,0.0,"Map buyer, lot structure, and national/UN procurement channels before the funding window."
XM-DAC-69-2-2017000288,Improving health care of the people of Korr,KE,Kenya,,,Diagnostic Equipment; Facility Infrastructure,direct_keyword,47.0,Demand signal,Unspecified,,no future dated funding signal,54,direct equipment language; procurement language; active implementation,48.0,Watchlist,0.0,0.0,"Map buyer, lot structure, and national/UN procurement channels before the funding window."
XM-DAC-69-2-2017000274,"Volunteer 2 for Malindi, Kenya",KE,Kenya,,,Facility Infrastructure,direct_keyword,47.0,Demand signal,Unspecified,,no future dated funding signal,54,direct equipment language; procurement language; active implementation,48.0,Watchlist,0.0,0.0,"Map buyer, lot structure, and national/UN procurement channels before the funding window."
XM-DAC-69-2-2017000334,Financial contribution to the activities of the educational and rehabilitation center,KE,Kenya,,,Facility Infrastructure,direct_keyword,47.0,Demand signal,Unspecified,,no future dated funding signal,54,direct equipment language; procurement language; active implementation,48.0,Watchlist,0.0,0.0,"Map buyer, lot structure, and national/UN procurement channels before the funding window."
XM-DAC-69-2-2019000184,Dobrovoľník 1 pre Nairobi,KE,Kenya,,,Facility Infrastructure,direct_keyword,47.0,Demand signal,Unspecified,,no future dated funding signal,54,direct equipment language; procurement language; active implementation,48.0,Watchlist,0.0,0.0,"Map buyer, lot structure, and national/UN procurement channels before the funding window."
SE-0-SE-29-2022-03490,IDAR-Neo - Identification and characterization of fecal carriage of antimicrobial resistant bacteria in neonates in low-resource settings,TZ,Tanzania,Sweden,,Laboratory Systems; Facility Infrastructure,direct_keyword,47.0,Demand signal,Unspecified,,no future dated funding signal,54,direct equipment language; procurement language; active implementation,48.0,Watchlist,0.0,0.0,"Map buyer, lot structure, and national/UN procurement channels before the funding window."
SE-0-SE-29-2022-03705,Förbättrad förståelse av odiagnosticerade infektionssjukdomar hos barn i Uganda,UG,Uganda,Sweden,,Diagnostic Equipment; Facility Infrastructure,direct_keyword,47.0,Demand signal,Unspecified,,no future dated funding signal,54,direct equipment language; procurement language; active implementation,48.0,Watchlist,0.0,0.0,"Map buyer, lot structure, and national/UN procurement channels before the funding window."
DE-1-202576148,"Strengthening health systems and scale up access to family planning and Reproductive, Maternal, Newborn, and Child Health services.",KE,Kenya,Federal Ministry for Economic Cooperation and Development (BMZ),,Facility Infrastructure,direct_keyword,47.0,Demand signal,Unspecified,,active implementation period,54,direct equipment language; procurement language; active implementation,48.0,Watchlist,0.0,0.0,"Map buyer, lot structure, and national/UN procurement channels before the funding window."
XM-DAC-69-2-2020000290,Volunteer 1 for Nairobi,KE,Kenya,,,Facility Infrastructure,direct_keyword,47.0,Demand signal,Unspecified,,no future dated funding signal,54,direct equipment language; procurement language; active implementation,48.0,Watchlist,0.0,0.0,"Map buyer, lot structure, and national/UN procurement channels before the funding window."
SE-0-SE-6-16046,UNICEF Country Program Support DRC 2022-2025,CD,Democratic Republic of the Congo,Sweden,,Facility Infrastructure; Power & Utilities,direct_keyword,47.0,Demand signal,Unspecified,,active implementation period,54,direct equipment language; procurement language; active implementation,48.0,Watchlist,0.0,0.0,"Map buyer, lot structure, and national/UN procurement channels before the funding window."
XM-DAC-3-1-238837-29298,Core support to Community Rehabilitation,TZ,Tanzania,"Ministry of Foreign Affairs, Denmark",,Facility Infrastructure,direct_keyword,47.0,Demand signal,Unspecified,,no future dated funding signal,54,direct equipment language; procurement language; active implementation,48.0,Watchlist,0.0,0.0,"Map buyer, lot structure, and national/UN procurement channels before the funding window."
XM-DAC-3-1-251700-30351,Technical Assistance for Health Programme in Kenya,KE,Kenya,"Ministry of Foreign Affairs, Denmark",,Facility Infrastructure,direct_keyword,47.0,Demand signal,Unspecified,,no future dated funding signal,54,direct equipment language; procurement language; active implementation,48.0,Watchlist,0.0,0.0,"Map buyer, lot structure, and national/UN procurement channels before the funding window."
XM-DAC-3-1-195123-25182,Health Sector Support Programme III component 1: support to Health sector services fund,KE,Kenya,"Ministry of Foreign Affairs, Denmark",,Facility Infrastructure,direct_keyword,47.0,Demand signal,Unspecified,,no future dated funding signal,54,direct equipment language; procurement language; active implementation,48.0,Watchlist,0.0,0.0,"Map buyer, lot structure, and national/UN procurement channels before the funding window."
XM-DAC-3-1-195123-25183,HSPS III Component 2: support to EMMS,KE,Kenya,"Ministry of Foreign Affairs, Denmark",,Facility Infrastructure,direct_keyword,47.0,Demand signal,Unspecified,,no future dated funding signal,54,direct equipment language; procurement language; active implementation,48.0,Watchlist,0.0,0.0,"Map buyer, lot structure, and national/UN procurement channels before the funding window."
XM-DAC-3-1-286907-35426,Support to Comprehensive Community Based Rehabilitation in Tanzania,TZ,Tanzania,"Ministry of Foreign Affairs, Denmark",,Facility Infrastructure,direct_keyword,47.0,Demand signal,Unspecified,,no future dated funding signal,54,direct equipment language; procurement language; active implementation,48.0,Watchlist,0.0,0.0,"Map buyer, lot structure, and national/UN procurement channels before the funding window."
SE-0-SE-6-16290,REPSSI - Achieving better SRHR outcomes (2024-2026),BW; KE; LS; MW; TZ; UG; ZA; ZM; ZW,BW; Kenya; LS; MW; Tanzania; Uganda; ZA; ZM; ZW,Sweden,,Facility Infrastructure,direct_keyword,47.0,Demand signal,Unspecified,,active implementation period,54,direct equipment language; procurement language; active implementation,48.0,Watchlist,0.0,0.0,"Map buyer, lot structure, and national/UN procurement channels before the funding window."
SE-0-SE-6-11620,Connect Rural Uganda - leaving noone behind in the Digital era - UNCDF,UG,Uganda,Sweden,,Facility Infrastructure,direct_keyword,47.0,Demand signal,Unspecified,,active implementation period,54,direct equipment language; procurement language; active implementation,48.0,Watchlist,0.0,0.0,"Map buyer, lot structure, and national/UN procurement channels before the funding window."
SE-0-SE-6-14780,Somalia Multi-Partner Fund 2021-2022,SO,Somalia,Sweden,,Vehicles & Transport; Facility Infrastructure,direct_keyword,47.0,Demand signal,Unspecified,,active implementation period,54,direct equipment language; procurement language; active implementation,48.0,Watchlist,0.0,0.0,"Map buyer, lot structure, and national/UN procurement channels before the funding window."
FI-3-2020-2019000060,Integrating the prevention and treatment of NTDs in the Amhara Region of Ethiopia,ET,Ethiopia,Ministry for Foreign Affairs of Finland,,Power & Utilities,direct_keyword,47.0,Demand signal,Unspecified,,no future dated funding signal,54,direct equipment language; procurement language; active implementation,47.5,Watchlist,0.0,0.0,"Map buyer, lot structure, and national/UN procurement channels before the funding window."
FI-3-2021-2019000060,Integrating the prevention and treatment of NTDs in the Amhara Region of Ethiopia,ET,Ethiopia,Ministry for Foreign Affairs of Finland,,Power & Utilities,direct_keyword,47.0,Demand signal,Unspecified,,no future dated funding signal,54,direct equipment language; procurement language; active implementation,47.5,Watchlist,0.0,0.0,"Map buyer, lot structure, and national/UN procurement channels before the funding window."
GB-CHC-1076235-ET-1347,Baby WaSH- SNNPR Region,ET,Ethiopia,UNICEF,,Power & Utilities,direct_keyword,47.0,Demand signal,Unspecified,,no future dated funding signal,54,direct equipment language; procurement language; active implementation,47.5,Watchlist,0.0,0.0,"Map buyer, lot structure, and national/UN procurement channels before the funding window."
FI-3-2012-2011115148,Local Cooperation Fund (LCF) in Tanzania,TZ,Tanzania,Ministry for Foreign Affairs of Finland,,Vehicles & Transport,direct_keyword,47.0,Demand signal,Unspecified,,no future dated funding signal,54,direct equipment language; procurement language; active implementation,45.8,Watchlist,0.0,0.0,"Map buyer, lot structure, and national/UN procurement channels before the funding window."
XM-DAC-69-2-2017000233,Cardiac Programme Support For Children,KE,Kenya,,,Oxygen & Respiratory,direct_keyword,47.0,Demand signal,Unspecified,,no future dated funding signal,54,direct equipment language; procurement language; active implementation,40.0,Watchlist,0.0,0.0,"Map buyer, lot structure, and national/UN procurement channels before the funding window."
BE-BCE_KBO-0418766123-prg2022-182-CD2022TEA505A101,SI-Improving treatment  and outcome of newborns with asphyxia in the Global South,CD,Democratic Republic of the Congo,VLIR-UOS; Direction-Générale Coopération au Développement et Aide humanitaire,,Oxygen & Respiratory,direct_keyword,47.0,Demand signal,Unspecified,,active implementation period,54,direct equipment language; procurement language; active implementation,40.0,Watchlist,0.0,0.0,"Map buyer, lot structure, and national/UN procurement channels before the funding window."
FI-3-2022-2015150859,F.a: Integrated Health Programme,SO,Somalia,Ministry for Foreign Affairs of Finland,,Vehicles & Transport,direct_keyword,47.0,Demand signal,Unspecified,,no future dated funding signal,54,direct equipment language; procurement language; active implementation,40.0,Watchlist,0.0,0.0,"Map buyer, lot structure, and national/UN procurement channels before the funding window."
FI-3-2018-2015150859,F.a: Integrated Health,SO,Somalia,Ministry for Foreign Affairs of Finland,,Vehicles & Transport,direct_keyword,47.0,Demand signal,Unspecified,,no future dated funding signal,54,direct equipment language; procurement language; active implementation,40.0,Watchlist,0.0,0.0,"Map buyer, lot structure, and national/UN procurement channels before the funding window."
FI-3-2019-2015150859,F.a: Integrated Health,SO,Somalia,Ministry for Foreign Affairs of Finland,,Vehicles & Transport,direct_keyword,47.0,Demand signal,Unspecified,,no future dated funding signal,54,direct equipment language; procurement language; active implementation,40.0,Watchlist,0.0,0.0,"Map buyer, lot structure, and national/UN procurement channels before the funding window."
FI-3-2020-2015150859,F.a: Integrated Health,SO,Somalia,Ministry for Foreign Affairs of Finland,,Vehicles & Transport,direct_keyword,47.0,Demand signal,Unspecified,,no future dated funding signal,54,direct equipment language; procurement language; active implementation,40.0,Watchlist,0.0,0.0,"Map buyer, lot structure, and national/UN procurement channels before the funding window."
FI-3-2020-2020201168,F.a: SUSTAINABLE WASH + INTEGRATED GBV COVID-19 RESILIENCE PROGRAM,TZ,Tanzania,Ministry for Foreign Affairs of Finland,,Power & Utilities,direct_keyword,47.0,Demand signal,Unspecified,,no future dated funding signal,54,direct equipment language; procurement language; active implementation,40.0,Watchlist,0.0,0.0,"Map buyer, lot structure, and national/UN procurement channels before the funding window."
XM-DAC-69-2-2020000275,Cotton face mask production,KE,Kenya,,,PPE,direct_keyword,47.0,Demand signal,Unspecified,,no future dated funding signal,54,direct equipment language; procurement language; active implementation,40.0,Watchlist,0.0,0.0,"Map buyer, lot structure, and national/UN procurement channels before the funding window."
SE-0-SE-6-17724,Unite 2 Learn CSO Strategy 2025-2029,TZ,Tanzania,Sweden,,Power & Utilities,direct_keyword,47.0,Demand signal,Unspecified,,active implementation period,54,direct equipment language; procurement language; active implementation,40.0,Watchlist,0.0,0.0,"Map buyer, lot structure, and national/UN procurement channels before the funding window."
NL-KVK-27108436-A-07834-06:ET,Plan International - Ethiopia and Mali,ET,Ethiopia,Ministry of Foreign Affairs NL,Stichting Plan Nederland,,none,46.9,Funding window,0-6 months,Q1 2027,next planned disbursement,70,funding window within 6 months; future planned disbursement; future budget period; active implementation; named implementing buyer,63.4,Qualified Lead,7489919.97,8969712.57,Track disbursement timing and confirm whether a supply contract is expected.
XM-DAC-928-SO-2026-27-07.002.EM01.SOM03,"WHO supports Member States in strengthening health information collection, aggregation, analysis and interpretation to monitor trends and progress towards Sustainable Development Goals indicators and targets, including inequality monitoring",SO,Somalia,,World Health Organization,Diagnostic Equipment,sector_inferred,46.7,Funding window,0-6 months,Q4 2026,next budget period,70,sector-implied demand; funding window within 90 days; future budget period; active implementation; named implementing buyer,61.0,Qualified Lead,0.0,525.44,Track disbursement timing and confirm whether a supply contract is expected.
XM-DAC-301-2-110856-001,Healthy and cost-effective school meals in Addis Ababa: Research for policy impact,ET,Ethiopia,Canada. Parliament; Rockefeller Foundation,Policy Studies Institute,,none,46.2,Funding window,6-12 months,Q1 2027,next planned disbursement,70,procurement language; funding window within 12 months; future planned disbursement; active implementation; named implementing buyer,53.6,Watchlist,0.0,0.0,Track disbursement timing and confirm whether a supply contract is expected.
GB-COH-RC000660-NIHR134530,"NIHR CLEAN-Air(Africa) Unit “Clean modern energy for all”. Benefitting health, society, environment and climate in sub-Saharan Africa to achieve the 2030 Sustainable Development Goals.",KE; RW; UG; TZ; CM; GB,Kenya; Rwanda; Uganda; Tanzania; CM; GB,NIHR,Makerere Lung Institute; Kenya Medical Research Institute (KEMRI); Douala General Hospital; Moi University; Rwanda Biomedical Research Centre; University of Dar es Salaam,,none,45.0,Funding window,6-12 months,Q2 2027,next budget period,70,procurement language; funding window within 12 months; future budget period; active implementation; named implementing buyer,47.7,Watchlist,0.0,1745946.9,Track disbursement timing and confirm whether a supply contract is expected.
GB-GOV-10-RP_07_304266,NIHR GHRP: MILK-Centre: Maternal and Infant Lactation Pharmacokinetics: Centre of Excellence for Lactation Therapeutics Research and Engagement,UG,Uganda,UK - Department of Health and Social Care (DHSC),University of Liverpool,,none,45.0,Funding window,6-12 months,Q2 2027,next budget period,70,procurement language; funding window within 12 months; future budget period; active implementation; named implementing buyer,46.9,Watchlist,0.0,1973313.9,Track disbursement timing and confirm whether a supply contract is expected.
GB-GOV-1-300585-414,ARRO – Disease Outbreak (TDDAP2 Post),RW,Rwanda,"Foreign, Commonwealth and Development Office (FCDO)",,Diagnostic Equipment,sector_inferred,45.0,Funding window,0-6 months,Q4 2026,next budget period,62,sector-implied demand; funding window within 90 days; future budget period; active implementation,70.1,Qualified Lead,0.0,2700000.0,Track disbursement timing and confirm whether a supply contract is expected.
